player_id,player,team,season,position,age,minutes,goals,assists,feature_cutoff,valuation_date,market_value_eur_m
7161,Jonas Hofmann,Borussia Mönchengladbach,2021-22,MF,29.0,2081,12,5,2022-05-14,2022-06-09,13.0
8246,Philipp Pentke,TSG 1899 Hoffenheim,2021-22,GK,37.0,90,0,0,2022-05-14,2022-06-09,0.3
16922,Kevin-Prince Boateng,Hertha BSC,2021-22,MF,35.0,694,0,0,2022-05-14,2022-06-09,0.9
17259,Manuel Neuer,Bayern Munich,2021-22,GK,36.0,2511,0,0,2022-05-14,2022-06-09,15.0
21726,Philipp Tschauner,RB Leipzig,2021-22,GK,36.0,3,0,0,2022-05-14,2022-06-09,0.3
28947,Gonzalo Castro,Arminia Bielefeld,2021-22,MF,34.0,432,1,1,2022-05-14,2022-06-09,0.5
31653,Tobias Sippel,Borussia Mönchengladbach,2021-22,GK,34.0,90,0,0,2022-05-14,2022-06-09,0.4
32711,Patrick Herrmann,Borussia Mönchengladbach,2021-22,FW,31.0,741,0,5,2022-05-14,2022-06-09,2.3
34787,Julian Baumgartlinger,Bayer 04 Leverkusen,2021-22,MF,34.0,85,0,0,2022-05-14,2022-06-09,0.8
35047,Axel Witsel,Borussia Dortmund,2021-22,MF,33.0,1947,2,0,2022-05-14,2022-06-09,4.0
35207,Marco Reus,Borussia Dortmund,2021-22,MF,32.0,2514,9,17,2022-05-14,2022-06-09,11.0
36182,Max Kruse,1.FC Union Berlin,2021-22,FW,34.0,2420,12,6,2022-05-14,2022-06-09,3.5
36898,Sascha Burchert,SpVgg Greuther Fürth,2021-22,GK,32.0,1260,0,0,2022-05-14,2022-06-09,0.4
38253,Robert Lewandowski,Bayern Munich,2021-22,FW,33.0,2952,35,4,2022-05-14,2022-06-09,45.0
38410,Daniel Caligiuri,FC Augsburg,2021-22,FW,34.0,2016,4,3,2022-05-14,2022-06-09,0.8
39259,Makoto Hasebe,Eintracht Frankfurt,2021-22,DF,38.0,1184,0,0,2022-05-14,2022-06-09,0.8
39728,Mats Hummels,Borussia Dortmund,2021-22,DF,33.0,1767,1,2,2022-05-14,2022-06-09,6.5
40034,Jens Grahl,Eintracht Frankfurt,2021-22,GK,33.0,90,0,0,2022-05-14,2022-06-09,0.2
40074,Stefan Ilsanker,Eintracht Frankfurt,2021-22,MF,32.0,260,0,0,2022-05-14,2022-06-09,1.0
40680,Sven Ulreich,Bayern Munich,2021-22,GK,33.0,540,0,0,2022-05-14,2022-06-09,0.9
40792,Manuel Riemann,VfL Bochum,2021-22,GK,33.0,2769,0,1,2022-05-14,2022-06-09,1.2
41323,Andreas Luthe,1.FC Union Berlin,2021-22,GK,35.0,2430,0,0,2022-05-14,2022-06-09,0.8
41458,Robert Tesche,VfL Bochum,2021-22,MF,34.0,347,0,0,2022-05-14,2022-06-09,0.35
41541,Danny Blum,VfL Bochum,2021-22,FW,31.0,339,2,0,2022-05-14,2022-06-09,0.6
42205,Yann Sommer,Borussia Mönchengladbach,2021-22,GK,33.0,2949,0,1,2022-05-14,2022-06-09,5.0
42234,Havard Nordtveit,TSG 1899 Hoffenheim,2021-22,DF,31.0,294,0,0,2022-05-14,2022-06-09,1.0
42783,André Hahn,FC Augsburg,2021-22,FW,31.0,2112,5,3,2022-05-14,2022-06-09,2.0
42936,Nils Petersen,SC Freiburg,2021-22,FW,33.0,566,5,1,2022-05-14,2022-06-09,1.5
43984,Daniel Brosinski,1.FSV Mainz 05,2021-22,DF,33.0,385,0,0,2022-05-14,2022-06-09,0.5
44466,Sebastian Rode,Eintracht Frankfurt,2021-22,MF,31.0,758,1,0,2022-05-14,2022-06-09,2.5
45660,Eric-Maxim Choupo-Moting,Bayern Munich,2021-22,FW,33.0,361,4,2,2022-05-14,2022-06-09,3.0
45672,Kevin Trapp,Eintracht Frankfurt,2021-22,GK,31.0,2880,0,0,2022-05-14,2022-06-09,7.0
45683,Manuel Gulde,SC Freiburg,2021-22,DF,31.0,1228,0,0,2022-05-14,2022-06-09,1.7
46104,Stevan Jovetić,Hertha BSC,2021-22,FW,32.0,1021,6,1,2022-05-14,2022-06-09,2.5
46580,Andrej Kramaric,TSG 1899 Hoffenheim,2021-22,FW,30.0,2710,6,10,2022-05-14,2022-06-09,12.0
47587,Tony Jantschke,Borussia Mönchengladbach,2021-22,DF,32.0,227,0,0,2022-05-14,2022-06-09,0.8
48015,Lukas Hradecky,Bayer 04 Leverkusen,2021-22,GK,32.0,2880,0,0,2022-05-14,2022-06-09,5.0
48298,Lars Stindl,Borussia Mönchengladbach,2021-22,MF,33.0,1635,4,5,2022-05-14,2022-06-09,2.5
49723,Timothy Chandler,Eintracht Frankfurt,2021-22,DF,32.0,1217,0,0,2022-05-14,2022-06-09,1.2
50512,Anthony Modeste,1.FC Köln,2021-22,FW,34.0,2618,20,4,2022-05-14,2022-06-09,3.0
51100,Peter Pekarík,Hertha BSC,2021-22,DF,35.0,2239,0,0,2022-05-14,2022-06-09,0.7
51676,Ermin Bicakcic,TSG 1899 Hoffenheim,2021-22,DF,32.0,4,0,0,2022-05-14,2022-06-09,1.0
51977,Pavao Pervan,VfL Wolfsburg,2021-22,GK,34.0,540,0,0,2022-05-14,2022-06-09,0.6
52348,Benjamin Hübner,TSG 1899 Hoffenheim,2021-22,DF,32.0,378,1,0,2022-05-14,2022-06-09,1.0
53418,Kevin Kampl,RB Leipzig,2021-22,MF,31.0,1909,0,1,2022-05-14,2022-06-09,6.0
53437,Bastian Oczipka,1.FC Union Berlin,2021-22,DF,33.0,928,0,1,2022-05-14,2022-06-09,0.6
55089,Oliver Baumann,TSG 1899 Hoffenheim,2021-22,GK,31.0,2970,0,0,2022-05-14,2022-06-09,4.5
55099,Nicolas Höfler,SC Freiburg,2021-22,MF,32.0,2602,2,6,2022-05-14,2022-06-09,2.5
57051,Sebastian Rudy,TSG 1899 Hoffenheim,2021-22,MF,32.0,764,3,1,2022-05-14,2022-06-09,1.5
57071,Péter Gulácsi,RB Leipzig,2021-22,GK,32.0,2967,0,0,2022-05-14,2022-06-09,8.0
57845,Tobias Strobl,FC Augsburg,2021-22,MF,32.0,325,0,0,2022-05-14,2022-06-09,0.9
57995,Daniel Didavi,VfB Stuttgart,2021-22,MF,32.0,270,0,1,2022-05-14,2022-06-09,0.5
58358,Thomas Müller,Bayern Munich,2021-22,FW,32.0,2578,8,21,2022-05-14,2022-06-09,22.0
59027,Roman Bürki,Borussia Dortmund,2021-22,GK,31.0,90,0,0,2022-05-14,2022-06-09,1.5
59238,Marwin Hitz,Borussia Dortmund,2021-22,GK,34.0,405,0,0,2022-05-14,2022-06-09,1.0
60957,Sebastian Polter,VfL Bochum,2021-22,FW,31.0,2330,10,2,2022-05-14,2022-06-09,2.2
61087,Karim Bellarabi,Bayer 04 Leverkusen,2021-22,FW,32.0,684,3,4,2022-05-14,2022-06-09,3.0
61989,Michael Esser,VfL Bochum,2021-22,GK,34.0,270,0,0,2022-05-14,2022-06-09,0.4
63022,Jan Moravek,FC Augsburg,2021-22,MF,32.0,464,0,0,2022-05-14,2022-06-09,0.5
63489,Vasilios Lampropoulos,VfL Bochum,2021-22,DF,32.0,1169,0,0,2022-05-14,2022-06-09,0.5
66058,Admir Mehmedi,VfL Wolfsburg,2021-22,FW,31.0,3,0,0,2022-05-14,2022-06-01,1.0
68410,Stefanos Kapino,Arminia Bielefeld,2021-22,GK,28.0,90,0,0,2022-05-14,2022-06-09,0.7
70243,Marcel Halstenberg,RB Leipzig,2021-22,DF,30.0,506,1,0,2022-05-14,2022-06-09,5.0
70285,Jonathan Schmid,SC Freiburg,2021-22,DF,31.0,583,0,1,2022-05-14,2022-06-09,1.2
72792,Niko Gießelmann,1.FC Union Berlin,2021-22,DF,30.0,2093,3,7,2022-05-14,2022-06-09,2.3
75921,Christopher Trimmel,1.FC Union Berlin,2021-22,DF,35.0,1995,2,0,2022-05-14,2022-06-09,0.9
78147,Fabian Klos,Arminia Bielefeld,2021-22,FW,34.0,1423,3,2,2022-05-14,2022-06-09,0.4
78339,Rafał Gikiewicz,FC Augsburg,2021-22,GK,34.0,3060,0,0,2022-05-14,2022-06-09,1.2
79377,Genki Haraguchi,1.FC Union Berlin,2021-22,MF,31.0,1768,2,6,2022-05-14,2022-06-09,2.5
79967,Simon Zoller,VfL Bochum,2021-22,FW,30.0,595,3,2,2022-05-14,2022-06-09,1.1
82097,Christoph Kramer,Borussia Mönchengladbach,2021-22,MF,31.0,739,0,0,2022-05-14,2022-06-09,2.5
82350,Stefan Bell,1.FSV Mainz 05,2021-22,DF,30.0,2869,2,0,2022-05-14,2022-06-09,2.5
84435,Kevin Vogt,TSG 1899 Hoffenheim,2021-22,DF,30.0,2570,0,2,2022-05-14,2022-06-09,3.5
84938,Timo Horn,1.FC Köln,2021-22,GK,29.0,1170,0,0,2022-05-14,2022-06-09,2.0
85789,Martin Hinteregger,Eintracht Frankfurt,2021-22,DF,29.0,2220,1,0,2022-05-14,2022-06-09,9.0
85791,Stefan Lainer,Borussia Mönchengladbach,2021-22,DF,29.0,1459,1,3,2022-05-14,2022-06-09,4.5
85867,Nico Schulz,Borussia Dortmund,2021-22,DF,29.0,833,0,2,2022-05-14,2022-06-09,4.0
85906,Danny da Costa,Eintracht Frankfurt,2021-22,DF,28.0,724,0,0,2022-05-14,2022-06-09,2.3
85941,Stefan Ortega,Arminia Bielefeld,2021-22,GK,29.0,2970,0,0,2022-05-14,2022-06-09,6.0
88262,Dedryck Boyata,Hertha BSC,2021-22,DF,31.0,1900,0,2,2022-05-14,2022-06-09,3.5
89592,Marvin Plattenhardt,Hertha BSC,2021-22,DF,30.0,1636,0,3,2022-05-14,2022-06-09,2.0
89701,Charles Aránguiz,Bayer 04 Leverkusen,2021-22,MF,33.0,1575,1,4,2022-05-14,2022-06-09,3.5
90024,Alfred Finnbogason,FC Augsburg,2021-22,FW,33.0,286,2,1,2022-05-14,2022-06-09,0.7
91849,Thomas Delaney,Borussia Dortmund,2021-22,MF,30.0,17,0,0,2022-05-14,2022-06-03,7.0
93081,Nick Viergever,SpVgg Greuther Fürth,2021-22,DF,32.0,2134,0,0,2022-05-14,2022-06-09,0.8
93604,Lukas Kübler,SC Freiburg,2021-22,DF,29.0,2338,2,0,2022-05-14,2022-06-09,2.3
93704,Josuha Guilavogui,VfL Wolfsburg,2021-22,MF,31.0,942,0,0,2022-05-14,2022-05-30,3.5
93707,Christian Günter,SC Freiburg,2021-22,DF,29.0,3060,2,10,2022-05-14,2022-06-09,12.0
93740,Willi Orbán,RB Leipzig,2021-22,DF,29.0,2646,2,1,2022-05-14,2022-06-09,10.0
93763,Alexander Schwolow,Hertha BSC,2021-22,GK,29.0,2176,0,0,2022-05-14,2022-06-09,3.0
93922,Erik Durm,Eintracht Frankfurt,2021-22,DF,30.0,477,0,1,2022-05-14,2022-06-09,1.2
94137,Kevin Möhwald,1.FC Union Berlin,2021-22,MF,28.0,346,0,0,2022-05-14,2022-06-09,1.5
94201,Robin Knoche,1.FC Union Berlin,2021-22,DF,29.0,2970,0,0,2022-05-14,2022-06-09,5.0
94771,Andreas Voglsammer,1.FC Union Berlin,2021-22,FW,30.0,865,2,1,2022-05-14,2022-06-09,1.2
100986,Thomas Meunier,Borussia Dortmund,2021-22,DF,30.0,1406,2,4,2022-05-14,2022-06-09,6.5
102226,Thorgan Hazard,Borussia Dortmund,2021-22,MF,29.0,1337,4,1,2022-05-14,2022-06-09,15.0
106270,Florian Kainz,1.FC Köln,2021-22,MF,29.0,2348,4,7,2022-05-14,2022-06-09,3.5
106405,Jeffrey Gouweleeuw,FC Augsburg,2021-22,DF,30.0,2578,2,0,2022-05-14,2022-06-09,3.5
106872,Kevin Stöger,1.FSV Mainz 05,2021-22,MF,28.0,400,1,1,2022-05-14,2022-06-09,1.6
106987,Marcel Sabitzer,Bayern Munich,2021-22,MF,28.0,945,1,1,2022-05-14,2022-06-09,15.0
107775,Frederik Rönnow,1.FC Union Berlin,2021-22,GK,29.0,630,0,0,2022-05-14,2022-06-09,2.0
108537,Jonas Hector,1.FC Köln,2021-22,DF,31.0,2555,0,6,2022-05-14,2022-06-09,3.5
108880,Koen Casteels,VfL Wolfsburg,2021-22,GK,29.0,2520,0,0,2022-05-14,2022-06-09,11.0
110036,Dominique Heintz,1.FC Union Berlin,2021-22,DF,28.0,502,0,0,2022-05-14,2022-06-09,2.5
111039,Ishak Belfodil,Hertha BSC,2021-22,FW,30.0,1644,5,3,2022-05-14,2022-06-09,2.2
111078,Emil Forsberg,RB Leipzig,2021-22,FW,30.0,1710,6,2,2022-05-14,2022-06-09,11.0
111266,Anthony Losilla,VfL Bochum,2021-22,MF,36.0,2916,2,0,2022-05-14,2022-06-09,0.5
112541,Andrey Lunev,Bayer 04 Leverkusen,2021-22,GK,30.0,90,0,0,2022-05-14,2022-06-09,2.5
112935,Mark Uth,1.FC Köln,2021-22,FW,30.0,2042,5,8,2022-05-14,2022-06-09,3.0
117432,Kevin Behrens,1.FC Union Berlin,2021-22,FW,31.0,476,2,3,2022-05-14,2022-06-09,0.9
117674,Maximilian Arnold,VfL Wolfsburg,2021-22,MF,27.0,2996,4,3,2022-05-14,2022-06-09,17.0
118397,Alessandro Schöpf,Arminia Bielefeld,2021-22,MF,28.0,2405,1,1,2022-05-14,2022-06-09,2.5
118847,Dominik Kohr,1.FSV Mainz 05,2021-22,DF,28.0,1624,0,3,2022-05-14,2022-06-09,5.0
119234,Karim Onisiwo,1.FSV Mainz 05,2021-22,FW,30.0,2378,5,9,2022-05-14,2022-06-09,3.5
119277,Yannick Gerhardt,VfL Wolfsburg,2021-22,MF,28.0,1576,1,4,2022-05-14,2022-06-09,6.0
119296,Emre Can,Borussia Dortmund,2021-22,DF,28.0,1689,5,1,2022-05-14,2022-06-09,16.0
120205,Michael Gregoritsch,FC Augsburg,2021-22,FW,28.0,1390,9,0,2022-05-14,2022-06-09,4.5
120296,Benjamin Uphoff,SC Freiburg,2021-22,GK,28.0,180,0,0,2022-05-14,2022-06-09,0.5
121686,Cristian Gamboa,VfL Bochum,2021-22,DF,32.0,1724,1,0,2022-05-14,2022-06-09,0.7
124410,Rani Khedira,1.FC Union Berlin,2021-22,MF,28.0,2765,0,1,2022-05-14,2022-06-09,6.0
124502,Matthias Ginter,Borussia Mönchengladbach,2021-22,DF,28.0,2337,1,0,2022-05-14,2022-06-09,18.0
124732,John Brooks,VfL Wolfsburg,2021-22,DF,29.0,2617,1,1,2022-05-14,2022-06-09,7.0
125714,Mark Flekken,SC Freiburg,2021-22,GK,28.0,2880,0,0,2022-05-14,2022-06-09,7.0
125858,Kerem Demirbay,Bayer 04 Leverkusen,2021-22,MF,28.0,2053,1,7,2022-05-14,2022-06-09,15.0
126281,Alexander Hack,1.FSV Mainz 05,2021-22,DF,28.0,2076,3,1,2022-05-14,2022-06-09,2.5
127076,Jérôme Roussillon,VfL Wolfsburg,2021-22,DF,29.0,1778,1,0,2022-05-14,2022-06-09,4.5
136181,Havard Nielsen,SpVgg Greuther Fürth,2021-22,FW,28.0,1368,2,0,2022-05-14,2022-06-09,1.0
142281,Anthony Ujah,1.FC Union Berlin,2021-22,FW,31.0,32,0,0,2022-05-14,2022-06-09,0.5
143798,Pavel Kaderabek,TSG 1899 Hoffenheim,2021-22,MF,30.0,1200,1,3,2022-05-14,2022-06-09,5.0
143891,Maximilian Philipp,VfL Wolfsburg,2021-22,FW,28.0,968,1,4,2022-05-14,2022-06-09,4.5
145866,Munas Dabbur,TSG 1899 Hoffenheim,2021-22,FW,30.0,1315,3,5,2022-05-14,2022-06-09,4.0
146163,Raphael Framberger,FC Augsburg,2021-22,DF,26.0,839,0,0,2022-05-14,2022-06-09,1.5
146258,Jetro Willems,SpVgg Greuther Fürth,2021-22,DF,28.0,1608,1,0,2022-05-14,2022-06-09,1.0
146310,Wataru Endo,VfB Stuttgart,2021-22,MF,29.0,2902,4,2,2022-05-14,2022-06-09,8.0
147038,Cédric Brunner,Arminia Bielefeld,2021-22,DF,28.0,2187,0,1,2022-05-14,2022-06-09,3.2
147359,Jeremy Dudziak,SpVgg Greuther Fürth,2021-22,DF,26.0,1139,2,3,2022-05-14,2022-06-09,1.6
147485,Louis Schaub,1.FC Köln,2021-22,MF,27.0,638,1,2,2022-05-14,2022-06-09,1.8
147573,Sebastian Andersson,1.FC Köln,2021-22,FW,30.0,1256,3,1,2022-05-14,2022-06-09,2.0
148967,Konstantinos Stafylidis,VfL Bochum,2021-22,DF,28.0,1371,0,2,2022-05-14,2022-06-09,1.8
152317,Manuel Prietl,Arminia Bielefeld,2021-22,MF,30.0,2122,0,1,2022-05-14,2022-06-09,1.8
152963,Florian Niederlechner,FC Augsburg,2021-22,FW,31.0,1151,5,5,2022-05-14,2022-06-09,2.2
153084,Leon Goretzka,Bayern Munich,2021-22,MF,27.0,1405,3,3,2022-05-14,2022-06-09,65.0
153555,Sebastian Griesbeck,SpVgg Greuther Fürth,2021-22,DF,31.0,2449,1,0,2022-05-14,2022-06-09,0.7
153678,Kingsley Schindler,1.FC Köln,2021-22,FW,28.0,334,1,3,2022-05-14,2022-06-09,0.8
154396,Danilo Soares,VfL Bochum,2021-22,DF,30.0,2566,0,1,2022-05-14,2022-06-09,2.2
154578,Saulo Decarli,VfL Bochum,2021-22,DF,30.0,8,0,0,2022-05-14,2022-06-09,0.3
156779,Erik Thommy,VfB Stuttgart,2021-22,MF,27.0,266,0,0,2022-05-14,2022-06-09,1.8
157635,Yussuf Poulsen,RB Leipzig,2021-22,FW,27.0,1079,6,1,2022-05-14,2022-06-09,14.0
159088,Robert Andrich,Bayer 04 Leverkusen,2021-22,MF,27.0,1820,4,3,2022-05-14,2022-06-09,13.0
159471,Serge Gnabry,Bayern Munich,2021-22,FW,26.0,2189,14,6,2022-05-14,2022-06-09,65.0
159844,Christopher Lenz,Eintracht Frankfurt,2021-22,DF,27.0,659,0,1,2022-05-14,2022-06-09,4.0
160241,Kevin Akpoguma,TSG 1899 Hoffenheim,2021-22,DF,27.0,1531,2,3,2022-05-14,2022-06-09,6.0
160929,Marvin Schwäbe,1.FC Köln,2021-22,GK,27.0,1890,0,0,2022-05-14,2022-06-09,4.0
160938,Marc Oliver Kempf,Hertha BSC,2021-22,DF,27.0,1893,3,1,2022-05-14,2022-06-09,4.5
160963,Robin Zentner,1.FSV Mainz 05,2021-22,GK,27.0,2880,0,0,2022-05-14,2022-06-09,5.0
160968,Benno Schmitz,1.FC Köln,2021-22,DF,27.0,2432,0,5,2022-05-14,2022-06-09,3.0
161011,Filip Kostić,Eintracht Frankfurt,2021-22,MF,29.0,2524,4,9,2022-05-14,2022-06-09,24.0
161056,Joshua Kimmich,Bayern Munich,2021-22,MF,27.0,2478,3,12,2022-05-14,2022-06-09,80.0
161204,Julian Green,SpVgg Greuther Fürth,2021-22,MF,26.0,1050,0,0,2022-05-14,2022-06-09,1.0
162434,Niklas Stark,Hertha BSC,2021-22,DF,27.0,2028,1,0,2022-05-14,2022-06-09,6.5
166240,Jürgen Locadia,VfL Bochum,2021-22,FW,28.0,442,2,1,2022-05-14,2022-06-09,2.0
166601,Niklas Süle,Bayern Munich,2021-22,DF,26.0,1834,1,2,2022-05-14,2022-06-09,35.0
167329,Alassane Pléa,Borussia Mönchengladbach,2021-22,FW,29.0,2053,10,8,2022-05-14,2022-06-09,15.0
168543,Levin Öztunali,1.FC Union Berlin,2021-22,MF,26.0,564,0,0,2022-05-14,2022-06-09,1.5
168989,Silvan Widmer,1.FSV Mainz 05,2021-22,DF,29.0,2925,4,5,2022-05-14,2022-06-09,5.0
170517,Marius Funk,SpVgg Greuther Fürth,2021-22,GK,26.0,720,0,0,2022-05-14,2022-06-09,0.3
170986,Raphaël Guerreiro,Borussia Dortmund,2021-22,DF,28.0,1804,4,3,2022-05-14,2022-06-09,25.0
171209,Branimir Hrgota,SpVgg Greuther Fürth,2021-22,FW,29.0,2790,9,6,2022-05-14,2022-06-09,2.0
173491,Joel Pohjanpalo,Bayer 04 Leverkusen,2021-22,FW,27.0,10,0,0,2022-05-14,2022-06-01,2.5
177779,Janik Haberer,SC Freiburg,2021-22,MF,28.0,807,3,0,2022-05-14,2022-06-09,3.5
178459,Davie Selke,Hertha BSC,2021-22,FW,27.0,996,4,0,2022-05-14,2022-06-09,1.8
179635,Philipp Förster,VfB Stuttgart,2021-22,MF,27.0,971,2,1,2022-05-14,2022-06-09,2.5
179643,Vladimír Darida,Hertha BSC,2021-22,MF,31.0,1797,2,5,2022-05-14,2022-06-09,2.2
180337,Sardar Azmoun,Bayer 04 Leverkusen,2021-22,FW,27.0,357,1,1,2022-05-14,2022-06-09,22.0
181547,Gonçalo Paciência,Eintracht Frankfurt,2021-22,FW,27.0,504,3,0,2022-05-14,2022-06-09,3.0
182574,Jean-Paul Boëtius,1.FSV Mainz 05,2021-22,MF,28.0,1799,2,4,2022-05-14,2022-06-09,4.0
183321,Kevin Mbabu,VfL Wolfsburg,2021-22,DF,27.0,1387,0,0,2022-05-14,2022-06-09,9.0
183780,Paul Seguin,SpVgg Greuther Fürth,2021-22,MF,27.0,2108,0,3,2022-05-14,2022-06-09,2.2
185077,Vincenzo Grifo,SC Freiburg,2021-22,FW,29.0,2790,9,8,2022-05-14,2022-06-09,12.0
185164,Jacob Barrett Laursen,Arminia Bielefeld,2021-22,DF,27.0,1640,2,0,2022-05-14,2022-06-09,1.7
186477,Herbert Bockhorn,VfL Bochum,2021-22,DF,27.0,818,0,0,2022-05-14,2022-06-09,0.8
186988,Sven Michel,1.FC Union Berlin,2021-22,FW,31.0,330,3,2,2022-05-14,2022-06-09,1.2
187105,Mike van der Hoorn,Arminia Bielefeld,2021-22,DF,29.0,13,0,0,2022-05-14,2022-06-08,1.6
187491,Timo Baumgartl,1.FC Union Berlin,2021-22,DF,26.0,2169,1,2,2022-05-14,2022-06-09,5.0
187492,Julian Brandt,Borussia Dortmund,2021-22,MF,26.0,2082,9,8,2022-05-14,2022-06-09,25.0
187624,Fabian Bredlow,VfB Stuttgart,2021-22,GK,27.0,360,0,0,2022-05-14,2022-06-09,0.5
188888,Sheraldo Becker,1.FC Union Berlin,2021-22,FW,27.0,1770,4,6,2022-05-14,2022-06-09,7.0
189475,Carlos Gruezo,FC Augsburg,2021-22,MF,27.0,969,0,0,2022-05-14,2022-06-09,3.2
190284,Maximilian Eggestein,SC Freiburg,2021-22,MF,25.0,2205,1,2,2022-05-14,2022-06-09,8.0
190289,Gerrit Holtmann,VfL Bochum,2021-22,FW,27.0,1830,5,6,2022-05-14,2022-06-09,4.5
190393,Corentin Tolisso,Bayern Munich,2021-22,MF,27.0,703,2,1,2022-05-14,2022-06-09,15.0
190685,Bouna Sarr,Bayern Munich,2021-22,DF,30.0,59,0,0,2022-05-14,2022-06-09,2.5
191422,Mahmoud Dahoud,Borussia Dortmund,2021-22,MF,26.0,1665,2,4,2022-05-14,2022-06-09,18.0
192300,Max Christiansen,SpVgg Greuther Fürth,2021-22,MF,25.0,2054,0,0,2022-05-14,2022-06-09,1.5
192565,Leroy Sané,Bayern Munich,2021-22,FW,26.0,1980,7,7,2022-05-14,2022-06-09,60.0
192635,Nico Elvedi,Borussia Mönchengladbach,2021-22,DF,25.0,2432,1,0,2022-05-14,2022-06-09,18.0
193004,Waldemar Anton,VfB Stuttgart,2021-22,DF,25.0,2597,2,1,2022-05-14,2022-06-09,6.0
193782,Lucas Alario,Bayer 04 Leverkusen,2021-22,FW,29.0,638,6,0,2022-05-14,2022-06-09,8.0
193900,Marius Wolf,Borussia Dortmund,2021-22,DF,26.0,1322,3,2,2022-05-14,2022-06-09,6.5
194638,Renato Steffen,VfL Wolfsburg,2021-22,FW,30.0,968,0,2,2022-05-14,2022-06-09,2.0
195246,Pascal Stenzel,VfB Stuttgart,2021-22,DF,26.0,894,0,0,2022-05-14,2022-06-09,1.5
195736,Florian Grillitsch,TSG 1899 Hoffenheim,2021-22,MF,26.0,1495,0,0,2022-05-14,2022-06-09,16.0
196084,Marco Meyerhöfer,SpVgg Greuther Fürth,2021-22,DF,26.0,2280,1,1,2022-05-14,2022-06-09,2.0
196095,Luca Waldschmidt,VfL Wolfsburg,2021-22,FW,25.0,718,1,2,2022-05-14,2022-06-09,7.0
196231,Marvin Friedrich,1.FC Union Berlin,2021-22,DF,26.0,1769,0,0,2022-05-14,2022-06-09,8.0
196357,Jonathan Tah,Bayer 04 Leverkusen,2021-22,DF,26.0,2882,2,3,2022-05-14,2022-06-09,25.0
198008,André Silva,RB Leipzig,2021-22,FW,26.0,2080,11,5,2022-05-14,2022-06-09,32.0
199221,Andreas Linde,SpVgg Greuther Fürth,2021-22,GK,28.0,1080,0,0,2022-05-14,2022-06-09,0.9
202591,Benjamin Henrichs,RB Leipzig,2021-22,DF,25.0,1138,3,3,2022-05-14,2022-06-09,14.0
212723,Djibril Sow,Eintracht Frankfurt,2021-22,MF,25.0,2422,2,3,2022-05-14,2022-06-09,22.0
215099,Daley Sinkgraven,Bayer 04 Leverkusen,2021-22,DF,26.0,345,0,0,2022-05-14,2022-06-09,4.0
215599,Lukas Klostermann,RB Leipzig,2021-22,DF,25.0,1650,0,1,2022-05-14,2022-06-09,18.0
215864,Mijat Gacinovic,TSG 1899 Hoffenheim,2021-22,MF,27.0,107,0,0,2022-05-14,2022-06-09,2.5
216181,Almamy Touré,Eintracht Frankfurt,2021-22,DF,26.0,509,0,0,2022-05-14,2022-06-09,3.5
216804,Joakim Nilsson,Arminia Bielefeld,2021-22,DF,28.0,2739,2,0,2022-05-14,2022-06-09,3.5
221611,Paulo Otávio,VfL Wolfsburg,2021-22,DF,27.0,366,0,1,2022-05-14,2022-06-09,6.0
223967,Konrad Laimer,RB Leipzig,2021-22,DF,24.0,1242,4,4,2022-05-14,2022-06-09,28.0
223974,Stefan Posch,TSG 1899 Hoffenheim,2021-22,DF,25.0,2202,2,0,2022-05-14,2022-06-09,10.0
223979,Xaver Schlager,VfL Wolfsburg,2021-22,MF,24.0,1048,0,1,2022-05-14,2022-06-09,27.0
225657,Philipp Lienhart,SC Freiburg,2021-22,DF,25.0,2871,5,0,2022-05-14,2022-06-09,18.0
228645,Wout Weghorst,VfL Wolfsburg,2021-22,FW,29.0,1552,6,1,2022-05-14,2022-06-15,14.0
231586,Jannes Horn,1.FC Köln,2021-22,DF,25.0,474,0,0,2022-05-14,2022-06-09,1.8
232144,Milos Pantovic,VfL Bochum,2021-22,MF,25.0,1535,4,3,2022-05-14,2022-06-09,2.2
232320,Atakan Karazor,VfB Stuttgart,2021-22,MF,25.0,1905,0,1,2022-05-14,2022-06-09,4.5
232418,Ondrej Duda,1.FC Köln,2021-22,MF,27.0,1625,2,0,2022-05-14,2022-06-09,4.0
232454,Nadiem Amiri,Bayer 04 Leverkusen,2021-22,MF,25.0,362,1,0,2022-05-14,2022-06-07,8.0
234029,Grischa Prömel,1.FC Union Berlin,2021-22,MF,27.0,2428,8,1,2022-05-14,2022-06-09,7.5
236981,Timo Hübers,1.FC Köln,2021-22,DF,25.0,1742,1,0,2022-05-14,2022-06-09,7.5
237164,Ihlas Bebou,TSG 1899 Hoffenheim,2021-22,FW,28.0,2108,7,3,2022-05-14,2022-06-09,16.0
237662,Breel Embolo,Borussia Mönchengladbach,2021-22,FW,25.0,2145,9,4,2022-05-14,2022-06-09,15.0
240274,Anderson Lucoqui,1.FSV Mainz 05,2021-22,DF,24.0,741,1,0,2022-05-14,2022-06-09,1.8
242086,Patrik Schick,Bayer 04 Leverkusen,2021-22,FW,26.0,2096,24,5,2022-05-14,2022-06-09,50.0
243188,László Bénes,Borussia Mönchengladbach,2021-22,MF,24.0,239,0,1,2022-05-14,2022-06-09,3.0
243714,Kingsley Coman,Bayern Munich,2021-22,FW,25.0,1369,6,3,2022-05-14,2022-06-09,60.0
243856,Cedric Itten,SpVgg Greuther Fürth,2021-22,FW,25.0,633,2,0,2022-05-14,2022-06-27,2.0
244940,Salih Özcan,1.FC Köln,2021-22,MF,24.0,2309,2,1,2022-05-14,2022-06-09,13.0
245744,Takuma Asano,VfL Bochum,2021-22,FW,27.0,1617,3,4,2022-05-14,2022-06-09,3.0
247661,Gideon Jung,SpVgg Greuther Fürth,2021-22,DF,27.0,140,0,0,2022-05-14,2022-06-09,0.7
248999,Lucas Höler,SC Freiburg,2021-22,FW,27.0,2598,7,4,2022-05-14,2022-06-09,6.5
249157,Fredrik Jensen,FC Augsburg,2021-22,MF,24.0,410,0,1,2022-05-14,2022-06-09,1.5
251299,Finn Dahmen,1.FSV Mainz 05,2021-22,GK,24.0,180,0,0,2022-05-14,2022-06-09,1.5
251302,Niklas Dorsch,FC Augsburg,2021-22,MF,24.0,2327,1,0,2022-05-14,2022-06-09,10.0
251309,Dennis Geiger,TSG 1899 Hoffenheim,2021-22,MF,23.0,1385,2,2,2022-05-14,2022-06-09,9.0
251878,Aarón Martín,1.FSV Mainz 05,2021-22,DF,25.0,2296,1,1,2022-05-14,2022-06-09,5.0
257814,Gregor Kobel,Borussia Dortmund,2021-22,GK,24.0,2565,0,0,2022-05-14,2022-06-09,22.0
260655,Eduard Löwen,VfL Bochum,2021-22,MF,25.0,1417,2,4,2022-05-14,2022-06-09,2.0
261905,Suat Serdar,Hertha BSC,2021-22,MF,25.0,2226,3,0,2022-05-14,2022-06-09,8.0
263801,Kasim Adams,TSG 1899 Hoffenheim,2021-22,DF,26.0,3,0,0,2022-05-14,2022-06-09,1.0
265625,Ajdin Hrustic,Eintracht Frankfurt,2021-22,MF,25.0,958,2,0,2022-05-14,2022-06-09,3.0
269601,Dong-jun Lee,Hertha BSC,2021-22,FW,25.0,116,0,0,2022-05-14,2022-06-09,1.2
269878,Marcus Ingvartsen,1.FSV Mainz 05,2021-22,FW,26.0,788,6,0,2022-05-14,2022-06-09,2.5
270393,Robert Skov,TSG 1899 Hoffenheim,2021-22,MF,25.0,361,0,3,2022-05-14,2022-06-09,7.0
272278,Chris Führich,VfB Stuttgart,2021-22,FW,24.0,1727,3,2,2022-05-14,2022-06-09,4.0
272812,Kingsley Ehizibue,1.FC Köln,2021-22,DF,26.0,674,0,1,2022-05-14,2022-06-09,1.3
273054,Vincent Vermeij,SC Freiburg,2021-22,FW,27.0,2,0,0,2022-05-14,2022-06-01,0.4
274461,Felix Passlack,Borussia Dortmund,2021-22,DF,23.0,467,1,1,2022-05-14,2022-06-09,1.5
277179,Angeliño,RB Leipzig,2021-22,DF,25.0,2299,2,5,2022-05-14,2022-06-09,30.0
278332,Florian Neuhaus,Borussia Mönchengladbach,2021-22,MF,25.0,2106,4,4,2022-05-14,2022-06-09,20.0
278343,Felix Uduokhai,FC Augsburg,2021-22,DF,24.0,784,0,0,2022-05-14,2022-06-09,10.0
279009,Marco Richter,Hertha BSC,2021-22,MF,24.0,1711,5,2,2022-05-14,2022-06-09,6.0
280575,Elvis Rexhbecaj,VfL Bochum,2021-22,MF,24.0,2536,0,0,2022-05-14,2022-06-09,4.0
281963,Lucas Hernández,Bayern Munich,2021-22,DF,26.0,2039,0,2,2022-05-14,2022-06-09,50.0
282144,Marin Pongracic,Borussia Dortmund,2021-22,DF,24.0,821,0,0,2022-05-14,2022-06-09,6.0
282577,Lukas Klünter,Hertha BSC,2021-22,DF,25.0,191,0,0,2022-05-14,2022-06-09,1.2
282660,Maximilian Mittelstädt,Hertha BSC,2021-22,DF,25.0,1496,0,5,2022-05-14,2022-06-09,4.5
283001,Noah Joel Sarenren Bazee,FC Augsburg,2021-22,FW,25.0,230,1,0,2022-05-14,2022-06-09,1.0
283140,Tarsis Bonga,VfL Bochum,2021-22,FW,25.0,14,0,0,2022-05-14,2022-06-09,0.3
284010,Robin Hack,Arminia Bielefeld,2021-22,FW,23.0,1356,0,3,2022-05-14,2022-06-09,2.0
284248,Paul Jaeckel,1.FC Union Berlin,2021-22,DF,23.0,2045,0,0,2022-05-14,2022-06-09,5.0
284730,Manuel Akanji,Borussia Dortmund,2021-22,DF,26.0,2263,1,0,2022-05-14,2022-06-09,30.0
284732,Ramy Bensebaini,Borussia Mönchengladbach,2021-22,DF,27.0,1999,4,2,2022-05-14,2022-06-09,17.0
284769,Florian Müller,VfB Stuttgart,2021-22,GK,24.0,2700,0,0,2022-05-14,2022-06-09,5.5
285323,Baptiste Santamaria,SC Freiburg,2021-22,MF,27.0,20,0,0,2022-05-14,2022-05-30,14.0
285951,Nathan de Medina,Arminia Bielefeld,2021-22,DF,24.0,767,0,0,2022-05-14,2022-06-09,0.75
287188,Dejan Ljubicic,1.FC Köln,2021-22,MF,24.0,1975,3,1,2022-05-14,2022-06-09,7.5
288253,Jeremiah St. Juste,1.FSV Mainz 05,2021-22,DF,25.0,605,1,0,2022-05-14,2022-06-09,16.0
288429,Mads Pedersen,FC Augsburg,2021-22,DF,25.0,1392,2,1,2022-05-14,2022-06-09,2.0
289182,Christopher Antwi-Adjei,VfL Bochum,2021-22,FW,28.0,1106,1,2,2022-05-14,2022-06-09,1.0
289592,Orel Mangala,VfB Stuttgart,2021-22,MF,24.0,1863,1,4,2022-05-14,2022-06-09,15.0
290587,Ellyes Skhiri,1.FC Köln,2021-22,MF,27.0,1812,4,1,2022-05-14,2022-06-09,13.0
291200,Moussa Niakhaté,1.FSV Mainz 05,2021-22,DF,26.0,2567,4,0,2022-05-14,2022-06-09,18.0
292246,Hee-chan Hwang,RB Leipzig,2021-22,FW,26.0,47,0,0,2022-05-14,2022-06-15,16.0
293169,Josip Brekalo,VfL Wolfsburg,2021-22,FW,23.0,20,0,1,2022-05-14,2022-06-07,15.0
293194,Borna Sosa,VfB Stuttgart,2021-22,DF,24.0,2500,1,8,2022-05-14,2022-06-09,23.0
293281,Jacob Bruun Larsen,TSG 1899 Hoffenheim,2021-22,FW,23.0,804,4,1,2022-05-14,2022-06-09,6.0
293385,Dani Olmo,RB Leipzig,2021-22,MF,24.0,740,3,3,2022-05-14,2022-06-09,40.0
294534,Janni Serra,Arminia Bielefeld,2021-22,FW,24.0,1122,3,2,2022-05-14,2022-06-09,1.8
295313,Taiwo Awoniyi,1.FC Union Berlin,2021-22,FW,24.0,2202,15,2,2022-05-14,2022-06-09,20.0
296378,Luca Itter,SpVgg Greuther Fürth,2021-22,DF,23.0,1453,0,1,2022-05-14,2022-06-09,1.5
296397,Arne Maier,FC Augsburg,2021-22,MF,23.0,1872,1,7,2022-05-14,2022-06-09,5.5
296879,Steffen Tigges,Borussia Dortmund,2021-22,FW,23.0,104,3,0,2022-05-14,2022-06-09,1.5
297583,Woo-yeong Jeong,SC Freiburg,2021-22,MF,22.0,1791,5,2,2022-05-14,2022-06-09,5.5
303219,Jeff Chabot,1.FC Köln,2021-22,DF,24.0,208,0,0,2022-05-14,2022-06-09,2.0
303259,Dodi Lukébakio,VfL Wolfsburg,2021-22,FW,24.0,1049,2,3,2022-05-14,2022-06-09,7.5
307052,Masaya Okugawa,Arminia Bielefeld,2021-22,FW,26.0,2544,8,1,2022-05-14,2022-06-09,5.0
309393,Lennart Czyborra,Arminia Bielefeld,2021-22,MF,23.0,130,0,0,2022-05-14,2022-06-07,2.3
309397,Lennart Grill,Bayer 04 Leverkusen,2021-22,GK,23.0,90,0,0,2022-05-14,2022-06-09,1.0
310662,Timothy Tillman,SpVgg Greuther Fürth,2021-22,MF,23.0,2019,1,3,2022-05-14,2022-06-09,1.8
314288,Lukas Nmecha,VfL Wolfsburg,2021-22,FW,23.0,1632,8,1,2022-05-14,2022-06-09,18.0
314295,Reece Oxford,FC Augsburg,2021-22,DF,23.0,2694,2,1,2022-05-14,2022-06-09,12.0
314398,Jae-sung Lee,1.FSV Mainz 05,2021-22,MF,29.0,1449,4,3,2022-05-14,2022-06-09,3.0
315125,Javairô Dilrosun,Hertha BSC,2021-22,FW,23.0,137,0,0,2022-05-14,2022-05-30,6.0
315131,Timothy Fosu-Mensah,Bayer 04 Leverkusen,2021-22,DF,24.0,140,0,0,2022-05-14,2022-06-09,4.0
315332,Aymen Barkok,Eintracht Frankfurt,2021-22,MF,23.0,158,0,0,2022-05-14,2022-06-09,1.8
315604,Diadié Samassékou,TSG 1899 Hoffenheim,2021-22,MF,26.0,1667,2,1,2022-05-14,2022-06-09,16.0
317740,Florian Krüger,Arminia Bielefeld,2021-22,FW,23.0,1121,1,2,2022-05-14,2022-06-09,1.8
318204,David Raum,TSG 1899 Hoffenheim,2021-22,DF,24.0,2761,3,13,2022-05-14,2022-06-09,20.0
318528,Marcus Thuram,Borussia Mönchengladbach,2021-22,FW,24.0,953,3,1,2022-05-14,2022-06-09,20.0
321096,Keanan Bennetts,Borussia Mönchengladbach,2021-22,MF,23.0,46,0,0,2022-05-14,2022-06-09,1.0
323831,Rafael Borré,Eintracht Frankfurt,2021-22,FW,26.0,2391,8,6,2022-05-14,2022-06-09,20.0
324278,Christoph Baumgartner,TSG 1899 Hoffenheim,2021-22,MF,22.0,1896,7,1,2022-05-14,2022-06-09,22.0
324351,Panagiotis Retsos,Bayer 04 Leverkusen,2021-22,DF,23.0,28,0,0,2022-05-14,2022-06-07,2.8
326029,Donyell Malen,Borussia Dortmund,2021-22,FW,23.0,1693,5,6,2022-05-14,2022-06-09,27.0
327251,Ridle Baku,VfL Wolfsburg,2021-22,DF,24.0,2449,3,5,2022-05-14,2022-06-09,20.0
327757,Krzysztof Piatek,Hertha BSC,2021-22,FW,26.0,346,1,1,2022-05-14,2022-06-07,12.0
332705,Tyler Adams,RB Leipzig,2021-22,MF,23.0,1345,0,1,2022-05-14,2022-06-09,17.0
332798,Roland Sallai,SC Freiburg,2021-22,DF,24.0,1560,4,5,2022-05-14,2022-06-09,12.0
333516,Sebastian Vasiliadis,Arminia Bielefeld,2021-22,MF,24.0,1200,0,0,2022-05-14,2022-06-09,1.8
333647,Jonathan Burkardt,1.FSV Mainz 05,2021-22,FW,21.0,2632,11,3,2022-05-14,2022-06-09,17.0
334186,Fabian Kunze,Arminia Bielefeld,2021-22,MF,23.0,1256,0,0,2022-05-14,2022-06-09,1.0
334207,Maxim Leitsch,VfL Bochum,2021-22,DF,23.0,1536,1,0,2022-05-14,2022-06-09,5.0
334221,Amos Pieper,Arminia Bielefeld,2021-22,DF,24.0,2382,0,0,2022-05-14,2022-06-09,5.0
334526,Denis Zakaria,Borussia Mönchengladbach,2021-22,MF,25.0,1395,2,1,2022-05-14,2022-06-07,27.0
335457,Ermedin Demirovic,SC Freiburg,2021-22,FW,24.0,858,2,3,2022-05-14,2022-06-09,6.0
336307,Christian Früchtl,Bayern Munich,2021-22,GK,22.0,9,0,0,2022-05-14,2022-06-09,0.6
336869,Marc Roca,Bayern Munich,2021-22,MF,25.0,378,0,0,2022-05-14,2022-06-09,7.0
338629,Sebastiaan Bornauw,VfL Wolfsburg,2021-22,DF,23.0,2007,1,0,2022-05-14,2022-06-09,10.0
340521,Gui Ramos,Arminia Bielefeld,2021-22,DF,24.0,903,0,0,2022-05-14,2022-06-09,2.0
342039,Yannik Keitel,SC Freiburg,2021-22,MF,22.0,500,0,0,2022-05-14,2022-06-09,4.0
343959,Erhan Masovic,VfL Bochum,2021-22,DF,23.0,1530,0,0,2022-05-14,2022-06-09,2.5
344069,Anton Stach,1.FSV Mainz 05,2021-22,MF,23.0,1863,1,6,2022-05-14,2022-06-09,13.0
344381,Christopher Nkunku,RB Leipzig,2021-22,FW,24.0,2733,20,15,2022-05-14,2022-06-09,80.0
344598,Dan-Axel Zagadou,Borussia Dortmund,2021-22,DF,22.0,950,0,0,2022-05-14,2022-06-09,9.0
344600,Michaël Cuisance,Bayern Munich,2021-22,MF,22.0,12,0,0,2022-05-14,2022-06-07,4.0
344695,Dayot Upamecano,Bayern Munich,2021-22,DF,23.0,2209,1,6,2022-05-14,2022-06-09,40.0
345468,Andi Zeqiri,FC Augsburg,2021-22,FW,22.0,1031,2,2,2022-05-14,2022-06-09,2.3
345886,Rubén Vargas,FC Augsburg,2021-22,FW,23.0,2001,1,3,2022-05-14,2022-06-09,8.0
348026,Nordi Mukiele,RB Leipzig,2021-22,DF,24.0,1845,1,4,2022-05-14,2022-06-09,20.0
353366,Benjamin Pavard,Bayern Munich,2021-22,DF,26.0,2081,0,1,2022-05-14,2022-06-09,30.0
353826,Robert Gumny,FC Augsburg,2021-22,DF,23.0,2275,0,0,2022-05-14,2022-06-09,2.5
353892,Hiroki Ito,VfB Stuttgart,2021-22,DF,23.0,2348,1,1,2022-05-14,2022-06-09,4.5
353948,Lucas Tousart,Hertha BSC,2021-22,MF,25.0,1958,2,0,2022-05-14,2022-06-09,9.0
356141,Daichi Kamada,Eintracht Frankfurt,2021-22,MF,25.0,2145,4,3,2022-05-14,2022-06-09,22.0
357233,Leandro Barreiro,1.FSV Mainz 05,2021-22,MF,22.0,1790,1,3,2022-05-14,2022-06-09,8.0
361065,Mitchel Bakker,Bayer 04 Leverkusen,2021-22,MF,21.0,1823,1,4,2022-05-14,2022-06-09,14.0
361068,Jurgen Ekkelenkamp,Hertha BSC,2021-22,MF,22.0,710,3,0,2022-05-14,2022-06-09,3.5
364938,Fredrik Bjørkan,Hertha BSC,2021-22,DF,23.0,348,0,0,2022-05-14,2022-06-09,2.5
369567,Sasa Kalajdzic,VfB Stuttgart,2021-22,FW,24.0,1221,6,2,2022-05-14,2022-06-09,25.0
370789,Julian Ryerson,1.FC Union Berlin,2021-22,DF,24.0,1420,2,0,2022-05-14,2022-06-09,4.0
371142,Myziane Maolida,Hertha BSC,2021-22,FW,23.0,779,1,1,2022-05-14,2022-06-09,3.0
371149,Evan Ndicka,Eintracht Frankfurt,2021-22,DF,22.0,2858,4,4,2022-05-14,2022-06-09,32.0
374954,Kristijan Jakic,Eintracht Frankfurt,2021-22,MF,25.0,1883,1,0,2022-05-14,2022-06-09,9.0
384553,Luca Kilian,1.FC Köln,2021-22,DF,22.0,2284,1,0,2022-05-14,2022-06-09,4.5
384745,Tobias Raschl,SpVgg Greuther Fürth,2021-22,MF,22.0,599,0,1,2022-05-14,2022-06-09,1.0
386914,Sam Lammers,Eintracht Frankfurt,2021-22,FW,25.0,514,1,0,2022-05-14,2022-06-09,3.0
388198,Nico Schlotterbeck,SC Freiburg,2021-22,DF,22.0,2788,4,1,2022-05-14,2022-06-09,33.0
388363,Maximilian Bauer,SpVgg Greuther Fürth,2021-22,DF,22.0,1686,0,0,2022-05-14,2022-06-09,1.6
388516,Josep Martínez,RB Leipzig,2021-22,GK,23.0,90,0,0,2022-05-14,2022-06-09,2.2
391004,Jonas Wind,VfL Wolfsburg,2021-22,FW,23.0,1187,5,1,2022-05-14,2022-06-09,14.0
392131,Simon Asta,SpVgg Greuther Fürth,2021-22,DF,21.0,783,0,0,2022-05-14,2022-06-09,0.9
392163,Noah Weißhaupt,SC Freiburg,2021-22,FW,20.0,90,0,2,2022-05-14,2022-06-09,1.7
395516,Moussa Diaby,Bayer 04 Leverkusen,2021-22,FW,22.0,2775,13,12,2022-05-14,2022-06-09,60.0
400546,Nikolas Nartey,VfB Stuttgart,2021-22,MF,22.0,401,0,0,2022-05-14,2022-06-09,1.8
401578,Exequiel Palacios,Bayer 04 Leverkusen,2021-22,MF,23.0,1094,2,2,2022-05-14,2022-06-09,15.0
402008,Amadou Haidara,RB Leipzig,2021-22,MF,24.0,1325,3,1,2022-05-14,2022-06-09,24.0
403808,Andrés Andrade,Arminia Bielefeld,2021-22,DF,23.0,1045,0,0,2022-05-14,2022-06-09,2.0
403898,Jordan Beyer,Borussia Mönchengladbach,2021-22,DF,21.0,1363,0,1,2022-05-14,2022-06-09,4.5
405689,Merveille Papela,1.FSV Mainz 05,2021-22,MF,21.0,80,0,0,2022-05-14,2022-06-09,0.4
406640,Felix Nmecha,VfL Wolfsburg,2021-22,MF,21.0,310,0,1,2022-05-14,2022-06-09,2.0
410649,Afimico Pululu,SpVgg Greuther Fürth,2021-22,FW,23.0,62,0,0,2022-05-14,2022-06-09,1.0
411287,Justin Hoogma,SpVgg Greuther Fürth,2021-22,DF,23.0,270,0,0,2022-05-14,2022-06-08,1.0
413843,Keven Schlotterbeck,SC Freiburg,2021-22,DF,25.0,311,0,0,2022-05-14,2022-06-09,3.0
415912,Konstantinos Mavropanos,VfB Stuttgart,2021-22,DF,24.0,2710,4,1,2022-05-14,2022-06-09,15.0
416380,Ragnar Ache,Eintracht Frankfurt,2021-22,FW,23.0,249,0,1,2022-05-14,2022-06-09,1.5
418560,Erling Haaland,Borussia Dortmund,2021-22,FW,21.0,1915,22,8,2022-05-14,2022-06-09,150.0
421726,Keita Endo,1.FC Union Berlin,2021-22,FW,24.0,51,0,0,2022-05-14,2022-06-09,0.9
422355,Jens Petter Hauge,Eintracht Frankfurt,2021-22,FW,22.0,1031,2,2,2022-05-14,2022-06-09,8.0
423436,Santiago Ascacíbar,Hertha BSC,2021-22,MF,25.0,2381,0,1,2022-05-14,2022-06-09,6.5
424204,Alphonso Davies,Bayern Munich,2021-22,DF,21.0,1743,0,4,2022-05-14,2022-06-09,70.0
424881,Omar Richards,Bayern Munich,2021-22,DF,24.0,435,0,0,2022-05-14,2022-06-09,7.0
428189,Tomas Ostrák,1.FC Köln,2021-22,MF,22.0,26,0,1,2022-05-14,2022-06-09,0.75
428791,Paulinho,Bayer 04 Leverkusen,2021-22,FW,21.0,1219,4,2,2022-05-14,2022-06-09,11.0
429874,Ansgar Knauff,Eintracht Frankfurt,2021-22,FW,20.0,871,1,1,2022-05-14,2022-06-09,10.0
431561,Roberto Massimo,VfB Stuttgart,2021-22,FW,21.0,875,2,0,2022-05-14,2022-06-09,2.0
432281,Márton Dárdai,Hertha BSC,2021-22,DF,20.0,758,0,1,2022-05-14,2022-06-09,5.0
434224,Maxence Lacroix,VfL Wolfsburg,2021-22,DF,22.0,2498,0,0,2022-05-14,2022-06-09,20.0
436585,Delano Burgzorg,1.FSV Mainz 05,2021-22,FW,23.0,24,1,0,2022-05-14,2022-06-09,2.0
443331,Patrick Osterhage,VfL Bochum,2021-22,MF,22.0,573,0,2,2022-05-14,2022-06-09,0.9
443710,Angelo Stiller,TSG 1899 Hoffenheim,2021-22,MF,21.0,1691,2,2,2022-05-14,2022-06-09,7.0
445939,Omar Marmoush,VfB Stuttgart,2021-22,FW,23.0,1604,3,5,2022-05-14,2022-06-09,6.0
448177,Jessic Ngankam,SpVgg Greuther Fürth,2021-22,FW,21.0,342,2,1,2022-05-14,2022-06-09,2.0
448705,Diant Ramaj,Eintracht Frankfurt,2021-22,GK,20.0,90,0,0,2022-05-14,2022-06-09,0.75
450234,Marco John,TSG 1899 Hoffenheim,2021-22,DF,20.0,40,0,0,2022-05-14,2022-06-09,2.5
451276,Dominik Szoboszlai,RB Leipzig,2021-22,MF,21.0,1537,6,8,2022-05-14,2022-06-09,28.0
451906,David Nemeth,1.FSV Mainz 05,2021-22,DF,21.0,309,0,0,2022-05-14,2022-06-09,2.3
453737,Marcel Lotka,Hertha BSC,2021-22,GK,20.0,884,0,0,2022-05-14,2022-06-09,1.3
454863,András Schäfer,1.FC Union Berlin,2021-22,MF,23.0,232,1,1,2022-05-14,2022-06-09,2.0
467437,Malik Tillman,Bayern Munich,2021-22,MF,19.0,102,0,0,2022-05-14,2022-06-09,1.5
467563,Armel Bella-Kotchap,VfL Bochum,2021-22,DF,20.0,1748,0,0,2022-05-14,2022-06-09,10.0
467720,Youssoufa Moukoko,Borussia Dortmund,2021-22,FW,17.0,210,2,2,2022-05-14,2022-06-09,15.0
470594,Clinton Mola,VfB Stuttgart,2021-22,DF,21.0,113,0,0,2022-05-14,2022-06-09,1.0
470815,Niklas Tauer,1.FSV Mainz 05,2021-22,MF,21.0,486,0,0,2022-05-14,2022-06-09,1.5
472243,Lilian Egloff,VfB Stuttgart,2021-22,MF,19.0,28,0,0,2022-05-14,2022-06-09,0.8
472249,Jan Thielmann,1.FC Köln,2021-22,FW,19.0,1181,3,3,2022-05-14,2022-06-09,7.5
473050,Kevin Schade,SC Freiburg,2021-22,FW,20.0,825,4,1,2022-05-14,2022-06-09,7.0
473169,Brian Brobbey,RB Leipzig,2021-22,FW,20.0,124,0,2,2022-05-14,2022-06-08,9.0
475959,Josko Gvardiol,RB Leipzig,2021-22,DF,20.0,2413,2,2,2022-05-14,2022-06-09,35.0
477109,Bryan Lasme,Arminia Bielefeld,2021-22,FW,23.0,867,2,0,2022-05-14,2022-06-09,1.0
483046,Josip Stanisic,Bayern Munich,2021-22,DF,22.0,644,1,0,2022-05-14,2022-06-09,4.0
484547,Jeremie Frimpong,Bayer 04 Leverkusen,2021-22,DF,21.0,2062,1,6,2022-05-14,2022-06-09,20.0
490581,Mathias Olesen,1.FC Köln,2021-22,MF,21.0,14,0,0,2022-05-14,2022-06-09,0.35
503160,Paul Nebel,1.FSV Mainz 05,2021-22,MF,19.0,222,0,1,2022-05-14,2022-06-09,1.3
503881,Aster Vranckx,VfL Wolfsburg,2021-22,MF,19.0,1135,2,0,2022-05-14,2022-06-09,10.0
504147,George Bello,Arminia Bielefeld,2021-22,DF,20.0,427,0,0,2022-05-14,2022-06-09,3.0
504153,Joe Scally,Borussia Mönchengladbach,2021-22,DF,19.0,1905,1,2,2022-05-14,2022-06-09,8.0
504215,Giovanni Reyna,Borussia Dortmund,2021-22,MF,19.0,440,2,1,2022-05-14,2022-06-09,35.0
508637,Solomon Bonnah,RB Leipzig,2021-22,DF,18.0,5,0,0,2022-05-14,2022-06-09,0.75
513245,Jesper Lindstrøm,Eintracht Frankfurt,2021-22,FW,22.0,1992,5,5,2022-05-14,2022-06-09,17.0
517894,Matheus Cunha,Hertha BSC,2021-22,FW,22.0,65,0,1,2022-05-14,2022-06-03,30.0
518505,Jamie Leweling,SpVgg Greuther Fürth,2021-22,FW,21.0,1958,5,2,2022-05-14,2022-06-09,4.5
520468,Iago,FC Augsburg,2021-22,DF,25.0,2177,2,5,2022-05-14,2022-06-09,5.5
520857,Conor Noß,Borussia Mönchengladbach,2021-22,FW,21.0,50,0,0,2022-05-14,2022-06-09,0.7
521919,Lion Semic,Borussia Dortmund,2021-22,DF,18.0,2,0,0,2022-05-14,2022-06-09,0.5
522245,Lasse Günther,FC Augsburg,2021-22,DF,19.0,158,0,0,2022-05-14,2022-06-09,1.0
524285,Luca Netz,Borussia Mönchengladbach,2021-22,DF,18.0,1380,0,4,2022-05-14,2022-06-09,6.5
524290,Fisnik Asllani,TSG 1899 Hoffenheim,2021-22,FW,19.0,7,0,0,2022-05-14,2022-06-09,0.4
532776,Amine Adli,Bayer 04 Leverkusen,2021-22,FW,22.0,1255,3,2,2022-05-14,2022-06-09,12.0
533295,Patrick Wimmer,Arminia Bielefeld,2021-22,FW,20.0,2066,3,8,2022-05-14,2022-06-09,8.0
535551,Bartosz Bialek,VfL Wolfsburg,2021-22,FW,20.0,171,0,0,2022-05-14,2022-06-09,4.0
536472,Abdourahmane Barry,SpVgg Greuther Fürth,2021-22,DF,22.0,205,0,0,2022-05-14,2022-06-09,0.3
538971,Naouirou Ahamada,VfB Stuttgart,2021-22,MF,20.0,58,0,0,2022-05-14,2022-06-09,1.5
538977,Georginio Rutter,TSG 1899 Hoffenheim,2021-22,FW,20.0,1605,8,4,2022-05-14,2022-06-09,16.0
538996,Tanguy Nianzou,Bayern Munich,2021-22,DF,19.0,573,1,1,2022-05-14,2022-06-09,9.0
540302,Mateo Klimowicz,VfB Stuttgart,2021-22,MF,21.0,600,0,1,2022-05-14,2022-06-09,2.0
546213,Tuta,Eintracht Frankfurt,2021-22,DF,22.0,2187,4,0,2022-05-14,2022-06-09,13.0
548348,Kiliann Sildillia,SC Freiburg,2021-22,DF,19.0,166,0,0,2022-05-14,2022-06-09,1.5
553285,Tim Lemperle,1.FC Köln,2021-22,FW,20.0,135,2,0,2022-05-14,2022-06-09,2.0
557459,Micky van de Ven,VfL Wolfsburg,2021-22,DF,21.0,189,0,1,2022-05-14,2022-06-09,4.0
564545,Edmond Tapsoba,Bayer 04 Leverkusen,2021-22,DF,23.0,1813,1,0,2022-05-14,2022-06-09,35.0
569349,Frederik Winther,FC Augsburg,2021-22,DF,21.0,327,0,0,2022-05-14,2022-06-09,1.0
569366,Enzo Millot,VfB Stuttgart,2021-22,MF,19.0,48,0,1,2022-05-14,2022-06-09,2.0
571140,Luis Hartwig,VfL Bochum,2021-22,FW,19.0,1,0,0,2022-05-14,2022-06-09,0.2
572919,Mohamed Sankoh,VfB Stuttgart,2021-22,FW,18.0,4,0,0,2022-05-14,2022-06-09,1.0
578539,Chris Richards,TSG 1899 Hoffenheim,2021-22,DF,22.0,1302,1,1,2022-05-14,2022-06-09,7.5
578680,Hugo Siquet,SC Freiburg,2021-22,DF,19.0,21,0,0,2022-05-14,2022-06-09,5.5
580195,Jamal Musiala,Bayern Munich,2021-22,MF,19.0,1456,5,5,2022-05-14,2022-06-09,65.0
581678,Jude Bellingham,Borussia Dortmund,2021-22,MF,18.0,2795,3,8,2022-05-14,2022-06-09,80.0
588020,Ömer Beyaz,VfB Stuttgart,2021-22,MF,18.0,68,0,0,2022-05-14,2022-06-09,1.0
596813,Dickson Abiama,SpVgg Greuther Fürth,2021-22,FW,23.0,711,0,1,2022-05-14,2022-06-09,0.8
598577,Florian Wirtz,Bayer 04 Leverkusen,2021-22,MF,19.0,1863,7,10,2022-05-14,2022-06-09,70.0
610431,Wahid Faghir,VfB Stuttgart,2021-22,FW,18.0,118,1,0,2022-05-14,2022-06-09,3.0
612826,Silas,VfB Stuttgart,2021-22,FW,23.0,272,0,0,2022-05-14,2022-06-09,15.0
616344,Tiago Tomás,VfB Stuttgart,2021-22,FW,19.0,1080,4,0,2022-05-14,2022-06-09,7.0
617074,Ilaix Moriba,RB Leipzig,2021-22,MF,19.0,30,0,0,2022-05-14,2022-06-03,9.0
618425,Tanguy Coulibaly,VfB Stuttgart,2021-22,FW,21.0,1082,0,2,2022-05-14,2022-06-09,2.5
624690,Manu Koné,Borussia Mönchengladbach,2021-22,MF,20.0,2175,2,1,2022-05-14,2022-06-09,18.0
627207,Ricardo Pepi,FC Augsburg,2021-22,FW,19.0,475,0,0,2022-05-14,2022-06-09,9.0
627226,Reinier,Borussia Dortmund,2021-22,MF,20.0,153,0,0,2022-05-14,2022-06-09,8.0
644771,Odilon Kossounou,Bayer 04 Leverkusen,2021-22,DF,21.0,1790,0,1,2022-05-14,2022-06-09,20.0
654234,Anton Kade,Hertha BSC,2021-22,MF,18.0,73,0,0,2022-05-14,2022-06-09,0.75
659813,Piero Hincapié,Bayer 04 Leverkusen,2021-22,DF,20.0,1751,1,1,2022-05-14,2022-06-09,17.0
666234,Mohamed Simakan,RB Leipzig,2021-22,DF,22.0,2009,1,0,2022-05-14,2022-06-09,22.0
668276,Hugo Novoa,RB Leipzig,2021-22,DF,19.0,130,1,0,2022-05-14,2022-06-09,3.0
670882,Jamie Gittens,Borussia Dortmund,2021-22,FW,17.0,133,0,0,2022-05-14,2022-06-09,4.0
678088,Luca Wollschläger,Hertha BSC,2021-22,FW,19.0,14,0,0,2022-05-14,2022-07-01,0.3
692734,Linus Gechter,Hertha BSC,2021-22,DF,18.0,714,1,0,2022-05-14,2022-06-09,4.5
697144,Burak İnce,Arminia Bielefeld,2021-22,FW,18.0,138,0,0,2022-05-14,2022-06-09,1.5
711517,Kevin Paredes,VfL Wolfsburg,2021-22,MF,19.0,13,0,0,2022-05-14,2022-06-09,5.0
717345,Sidney Raebiger,RB Leipzig,2021-22,MF,17.0,3,0,0,2022-05-14,2022-06-09,0.75
741292,Iker Bravo,Bayer 04 Leverkusen,2021-22,FW,17.0,11,0,0,2022-05-14,2022-06-09,1.0
750886,Alexis Tibidi,VfB Stuttgart,2021-22,FW,18.0,379,0,0,2022-05-14,2022-06-09,1.2
788445,Zidan Sertdemir,Bayer 04 Leverkusen,2021-22,MF,17.0,15,0,0,2022-05-14,2022-06-09,2.0
796429,Justin Che,TSG 1899 Hoffenheim,2021-22,DF,18.0,39,0,0,2022-05-14,2022-06-09,3.0
798043,Tom Rothe,Borussia Dortmund,2021-22,DF,17.0,94,1,0,2022-05-14,2022-06-09,1.2
822959,Tom Bischof,TSG 1899 Hoffenheim,2021-22,MF,16.0,13,0,0,2022-05-14,2022-06-09,1.0
900909,Paul Wanner,Bayern Munich,2021-22,MF,16.0,35,0,0,2022-05-14,2022-06-09,2.0
7161,Jonas Hofmann,Borussia Mönchengladbach,2022-23,MF,30.0,2693,12,10,2023-05-27,2023-06-22,13.0
12282,Daley Blind,Bayern Munich,2022-23,DF,33.0,131,0,0,2023-05-27,2023-06-22,3.0
16922,Kevin-Prince Boateng,Hertha BSC,2022-23,MF,36.0,461,0,0,2023-05-27,2023-06-22,0.7
17259,Manuel Neuer,Bayern Munich,2022-23,GK,37.0,1080,0,0,2023-05-27,2023-06-22,7.0
31653,Tobias Sippel,Borussia Mönchengladbach,2022-23,GK,35.0,509,0,0,2023-05-27,2023-06-22,0.4
32711,Patrick Herrmann,Borussia Mönchengladbach,2022-23,FW,32.0,150,1,0,2023-05-27,2023-06-22,1.5
34787,Julian Baumgartlinger,FC Augsburg,2022-23,MF,35.0,546,0,0,2023-05-27,2023-06-22,0.4
35207,Marco Reus,Borussia Dortmund,2022-23,MF,33.0,1352,6,6,2023-05-27,2023-06-22,7.0
36284,Simon Terodde,FC Schalke 04,2022-23,FW,35.0,1825,5,1,2023-05-27,2023-06-22,0.9
38410,Daniel Caligiuri,FC Augsburg,2022-23,FW,35.0,285,1,0,2023-05-27,2023-06-22,0.6
39015,Ralf Fährmann,FC Schalke 04,2022-23,GK,34.0,1026,0,0,2023-05-27,2023-06-22,0.4
39025,Danny Latza,FC Schalke 04,2022-23,MF,33.0,843,0,1,2023-05-27,2023-06-22,0.5
39259,Makoto Hasebe,Eintracht Frankfurt,2022-23,DF,39.0,1309,0,0,2023-05-27,2023-06-22,0.8
39728,Mats Hummels,Borussia Dortmund,2022-23,DF,34.0,2019,1,0,2023-05-27,2023-06-22,6.0
40680,Sven Ulreich,Bayern Munich,2022-23,GK,34.0,270,0,0,2023-05-27,2023-06-22,0.7
40792,Manuel Riemann,VfL Bochum,2022-23,GK,34.0,3060,0,0,2023-05-27,2023-06-22,1.0
42205,Yann Sommer,Bayern Munich,2022-23,GK,34.0,2610,0,0,2023-05-27,2023-06-22,5.0
42783,André Hahn,FC Augsburg,2022-23,FW,32.0,388,2,1,2023-05-27,2023-06-22,1.2
42936,Nils Petersen,SC Freiburg,2022-23,FW,34.0,255,1,0,2023-05-27,2023-06-22,1.5
44466,Sebastian Rode,Eintracht Frankfurt,2022-23,MF,32.0,1423,4,1,2023-05-27,2023-06-22,2.0
45660,Eric-Maxim Choupo-Moting,Bayern Munich,2022-23,FW,34.0,1116,10,2,2023-05-27,2023-06-22,5.0
45672,Kevin Trapp,Eintracht Frankfurt,2022-23,GK,32.0,2970,0,0,2023-05-27,2023-06-22,8.5
45683,Manuel Gulde,SC Freiburg,2022-23,DF,32.0,640,1,0,2023-05-27,2023-06-22,1.5
46104,Stevan Jovetić,Hertha BSC,2022-23,FW,33.0,887,4,2,2023-05-27,2023-06-22,1.5
46580,Andrej Kramaric,TSG 1899 Hoffenheim,2022-23,FW,31.0,2393,12,3,2023-05-27,2023-06-22,8.0
47587,Tony Jantschke,Borussia Mönchengladbach,2022-23,DF,33.0,99,0,0,2023-05-27,2023-06-22,0.6
48015,Lukas Hradecky,Bayer 04 Leverkusen,2022-23,GK,33.0,2970,0,0,2023-05-27,2023-06-22,2.5
48298,Lars Stindl,Borussia Mönchengladbach,2022-23,MF,34.0,1742,8,7,2023-05-27,2023-06-22,1.0
49723,Timothy Chandler,Eintracht Frankfurt,2022-23,DF,33.0,82,0,0,2023-05-27,2023-06-22,0.7
50512,Anthony Modeste,Borussia Dortmund,2022-23,FW,35.0,807,2,1,2023-05-27,2023-06-22,0.7
51100,Peter Pekarík,Hertha BSC,2022-23,DF,36.0,204,0,0,2023-05-27,2023-06-22,0.5
51676,Ermin Bicakcic,TSG 1899 Hoffenheim,2022-23,DF,33.0,256,0,0,2023-05-27,2023-06-22,0.7
53400,Dominick Drexler,FC Schalke 04,2022-23,MF,33.0,1369,4,3,2023-05-27,2023-06-22,0.75
53418,Kevin Kampl,RB Leipzig,2022-23,MF,32.0,1368,2,2,2023-05-27,2023-06-22,3.5
55089,Oliver Baumann,TSG 1899 Hoffenheim,2022-23,GK,32.0,3060,0,1,2023-05-27,2023-06-22,4.0
55099,Nicolas Höfler,SC Freiburg,2022-23,MF,33.0,2822,0,1,2023-05-27,2023-06-22,2.5
57051,Sebastian Rudy,TSG 1899 Hoffenheim,2022-23,MF,33.0,786,0,1,2023-05-27,2023-06-22,1.0
57071,Péter Gulácsi,RB Leipzig,2022-23,GK,33.0,540,0,0,2023-05-27,2023-06-22,5.0
58358,Thomas Müller,Bayern Munich,2022-23,FW,33.0,1668,7,8,2023-05-27,2023-06-22,12.0
58396,Christian Groß,SV Werder Bremen,2022-23,MF,34.0,1903,1,1,2023-05-27,2023-06-22,0.5
58995,Anthony Jung,SV Werder Bremen,2022-23,DF,31.0,2635,2,5,2023-05-27,2023-06-22,1.5
60957,Sebastian Polter,FC Schalke 04,2022-23,FW,32.0,618,2,2,2023-05-27,2023-06-22,0.8
61087,Karim Bellarabi,Bayer 04 Leverkusen,2022-23,FW,33.0,79,0,0,2023-05-27,2023-06-22,1.5
63489,Vasilios Lampropoulos,VfL Bochum,2022-23,DF,33.0,621,0,0,2023-05-27,2023-06-22,0.5
70243,Marcel Halstenberg,RB Leipzig,2022-23,DF,31.0,1554,1,2,2023-05-27,2023-06-22,3.5
70285,Jonathan Schmid,SC Freiburg,2022-23,DF,32.0,39,0,0,2023-05-27,2023-06-22,0.9
72792,Niko Gießelmann,1.FC Union Berlin,2022-23,DF,31.0,1297,0,2,2023-05-27,2023-06-22,1.0
73517,Ørjan Nyland,RB Leipzig,2022-23,GK,32.0,180,0,1,2023-05-27,2023-06-22,0.6
74842,Mario Götze,Eintracht Frankfurt,2022-23,MF,30.0,2750,3,2,2023-05-27,2023-06-22,12.0
75489,Niclas Füllkrug,SV Werder Bremen,2022-23,FW,30.0,2479,16,5,2023-05-27,2023-06-22,13.0
75921,Christopher Trimmel,1.FC Union Berlin,2022-23,DF,36.0,1809,0,6,2023-05-27,2023-06-22,0.8
76158,Alexander Meyer,Borussia Dortmund,2022-23,GK,32.0,630,0,0,2023-05-27,2023-06-22,1.0
78339,Rafał Gikiewicz,FC Augsburg,2022-23,GK,35.0,2070,0,0,2023-05-27,2023-06-22,0.9
79377,Genki Haraguchi,VfB Stuttgart,2022-23,MF,32.0,1253,0,2,2023-05-27,2023-06-22,1.0
79967,Simon Zoller,VfL Bochum,2022-23,FW,31.0,1463,3,2,2023-05-27,2023-06-22,1.1
81173,Janis Blaswich,RB Leipzig,2022-23,GK,32.0,2340,0,0,2023-05-27,2023-06-22,2.5
81789,Maya Yoshida,FC Schalke 04,2022-23,DF,34.0,2554,0,0,2023-05-27,2023-06-22,0.9
82097,Christoph Kramer,Borussia Mönchengladbach,2022-23,MF,32.0,2230,0,1,2023-05-27,2023-06-22,2.5
82350,Stefan Bell,1.FSV Mainz 05,2022-23,DF,31.0,2395,0,0,2023-05-27,2023-06-22,2.0
84085,Timothée Kolodziejczak,FC Schalke 04,2022-23,DF,31.0,24,0,0,2023-05-27,2023-06-22,0.4
84435,Kevin Vogt,TSG 1899 Hoffenheim,2022-23,DF,31.0,1779,0,0,2023-05-27,2023-06-22,2.5
85791,Stefan Lainer,Borussia Mönchengladbach,2022-23,DF,30.0,819,0,0,2023-05-27,2023-06-22,3.0
85906,Danny da Costa,1.FSV Mainz 05,2022-23,DF,29.0,1237,0,2,2023-05-27,2023-06-22,1.8
89592,Marvin Plattenhardt,Hertha BSC,2022-23,DF,31.0,2407,0,3,2023-05-27,2023-06-22,1.0
89701,Charles Aránguiz,Bayer 04 Leverkusen,2022-23,MF,34.0,491,1,0,2023-05-27,2023-07-25,3.0
91849,Thomas Delaney,TSG 1899 Hoffenheim,2022-23,MF,31.0,299,0,0,2023-05-27,2023-06-22,2.0
93604,Lukas Kübler,SC Freiburg,2022-23,DF,30.0,1645,2,1,2023-05-27,2023-06-22,2.5
93704,Josuha Guilavogui,VfL Wolfsburg,2022-23,MF,32.0,1173,1,0,2023-05-27,2023-06-22,2.0
93707,Christian Günter,SC Freiburg,2022-23,DF,30.0,2748,1,4,2023-05-27,2023-06-22,7.5
93740,Willi Orbán,RB Leipzig,2022-23,DF,30.0,2951,4,0,2023-05-27,2023-06-22,10.0
93763,Alexander Schwolow,FC Schalke 04,2022-23,GK,30.0,2034,0,0,2023-05-27,2023-06-22,0.9
93844,Leonardo Bittencourt,SV Werder Bremen,2022-23,MF,29.0,1641,3,2,2023-05-27,2023-06-22,2.8
94199,Tolga Cigerci,Hertha BSC,2022-23,MF,31.0,679,0,1,2023-05-27,2023-06-22,0.7
94201,Robin Knoche,1.FC Union Berlin,2022-23,DF,31.0,2874,2,3,2023-05-27,2023-06-22,5.0
100986,Thomas Meunier,Borussia Dortmund,2022-23,DF,31.0,582,0,0,2023-05-27,2023-06-22,5.0
102226,Thorgan Hazard,Borussia Dortmund,2022-23,MF,30.0,455,0,0,2023-05-27,2023-06-23,7.0
106270,Florian Kainz,1.FC Köln,2022-23,MF,30.0,2370,6,10,2023-05-27,2023-06-22,5.0
106405,Jeffrey Gouweleeuw,FC Augsburg,2022-23,DF,31.0,2797,0,1,2023-05-27,2023-06-22,3.0
106872,Kevin Stöger,VfL Bochum,2022-23,MF,29.0,2608,5,3,2023-05-27,2023-06-22,3.0
106987,Marcel Sabitzer,Bayern Munich,2022-23,MF,29.0,625,1,1,2023-05-27,2023-06-20,20.0
107775,Frederik Rönnow,1.FC Union Berlin,2022-23,GK,30.0,2610,0,0,2023-05-27,2023-06-22,5.5
108537,Jonas Hector,1.FC Köln,2022-23,DF,33.0,2825,0,2,2023-05-27,2023-06-22,3.5
108880,Koen Casteels,VfL Wolfsburg,2022-23,GK,30.0,3060,0,1,2023-05-27,2023-06-22,8.0
110036,Dominique Heintz,VfL Bochum,2022-23,DF,29.0,798,0,0,2023-05-27,2023-06-22,1.2
111078,Emil Forsberg,RB Leipzig,2022-23,FW,31.0,1482,6,4,2023-05-27,2023-06-22,7.0
111266,Anthony Losilla,VfL Bochum,2022-23,MF,37.0,2725,2,3,2023-05-27,2023-06-22,0.5
111275,Philipp Max,Eintracht Frankfurt,2022-23,DF,29.0,698,0,1,2023-05-27,2023-06-22,3.0
112541,Andrey Lunev,Bayer 04 Leverkusen,2022-23,GK,31.0,90,0,0,2023-05-27,2023-06-22,1.2
112935,Mark Uth,1.FC Köln,2022-23,FW,31.0,43,0,0,2023-05-27,2023-06-22,1.5
116088,Marius Bülter,FC Schalke 04,2022-23,FW,30.0,2605,11,1,2023-05-27,2023-06-22,3.0
117432,Kevin Behrens,1.FC Union Berlin,2022-23,FW,32.0,1536,8,2,2023-05-27,2023-06-22,2.0
117674,Maximilian Arnold,VfL Wolfsburg,2022-23,MF,29.0,2776,5,3,2023-05-27,2023-06-22,14.0
118847,Dominik Kohr,1.FSV Mainz 05,2022-23,DF,29.0,2293,3,0,2023-05-27,2023-06-22,3.5
118850,Ivan Ordets,VfL Bochum,2022-23,DF,30.0,2450,0,1,2023-05-27,2023-06-22,3.0
119037,Philipp Hofmann,VfL Bochum,2022-23,FW,30.0,2643,8,2,2023-05-27,2023-06-22,2.8
119211,Mitchell Weiser,SV Werder Bremen,2022-23,DF,29.0,2521,2,10,2023-05-27,2023-06-22,6.0
119234,Karim Onisiwo,1.FSV Mainz 05,2022-23,FW,31.0,2547,10,3,2023-05-27,2023-06-22,3.5
119277,Yannick Gerhardt,VfL Wolfsburg,2022-23,MF,29.0,1868,6,4,2023-05-27,2023-06-22,6.0
119296,Emre Can,Borussia Dortmund,2022-23,DF,29.0,1896,2,1,2023-05-27,2023-06-22,14.0
119557,Kenan Karaman,FC Schalke 04,2022-23,FW,29.0,971,1,2,2023-05-27,2023-06-22,1.4
120205,Michael Gregoritsch,SC Freiburg,2022-23,FW,29.0,2175,10,5,2023-05-27,2023-06-22,8.0
121686,Cristian Gamboa,VfL Bochum,2022-23,DF,33.0,1482,0,0,2023-05-27,2023-06-22,0.6
124410,Rani Khedira,1.FC Union Berlin,2022-23,MF,29.0,2888,2,0,2023-05-27,2023-06-22,10.0
124502,Matthias Ginter,SC Freiburg,2022-23,DF,29.0,3060,4,1,2023-05-27,2023-06-22,18.0
124732,John Brooks,TSG 1899 Hoffenheim,2022-23,DF,30.0,1350,0,0,2023-05-27,2023-06-22,2.0
125103,Marvin Ducksch,SV Werder Bremen,2022-23,FW,29.0,2866,12,7,2023-05-27,2023-06-22,7.5
125614,Sargis Adamyan,1.FC Köln,2022-23,FW,30.0,630,1,3,2023-05-27,2023-06-22,1.0
125714,Mark Flekken,SC Freiburg,2022-23,GK,29.0,3060,0,0,2023-05-27,2023-06-22,10.0
125858,Kerem Demirbay,Bayer 04 Leverkusen,2022-23,MF,29.0,1547,4,3,2023-05-27,2023-06-22,6.0
126281,Alexander Hack,1.FSV Mainz 05,2022-23,DF,29.0,1132,0,0,2023-05-27,2023-06-22,2.5
127076,Jérôme Roussillon,1.FC Union Berlin,2022-23,DF,30.0,982,0,2,2023-05-27,2023-06-22,3.0
129358,Marcin Kamiński,FC Schalke 04,2022-23,DF,31.0,631,2,0,2023-05-27,2023-06-22,0.7
131827,Jere Uronen,FC Schalke 04,2022-23,DF,28.0,680,0,0,2023-05-27,2023-06-22,1.0
143798,Pavel Kaderabek,TSG 1899 Hoffenheim,2022-23,MF,31.0,1662,1,1,2023-05-27,2023-06-22,3.0
143891,Maximilian Philipp,SV Werder Bremen,2022-23,FW,29.0,550,1,0,2023-05-27,2023-06-22,2.0
145866,Munas Dabbur,TSG 1899 Hoffenheim,2022-23,FW,31.0,932,6,2,2023-05-27,2023-06-22,3.0
146163,Raphael Framberger,FC Augsburg,2022-23,DF,27.0,177,0,0,2023-05-27,2023-06-28,0.8
146310,Wataru Endo,VfB Stuttgart,2022-23,MF,30.0,2925,5,5,2023-05-27,2023-06-22,6.5
146714,Tomas Koubek,FC Augsburg,2022-23,GK,30.0,990,0,0,2023-05-27,2023-06-22,1.0
147038,Cédric Brunner,FC Schalke 04,2022-23,DF,29.0,2323,0,0,2023-05-27,2023-06-22,1.8
147043,Michael Frey,FC Schalke 04,2022-23,FW,28.0,873,0,3,2023-05-27,2023-06-22,2.0
148967,Konstantinos Stafylidis,VfL Bochum,2022-23,DF,29.0,1043,0,2,2023-05-27,2023-06-22,1.2
152963,Florian Niederlechner,FC Augsburg,2022-23,FW,32.0,1697,5,1,2023-05-27,2023-06-22,0.8
153084,Leon Goretzka,Bayern Munich,2022-23,MF,28.0,1737,3,2,2023-05-27,2023-06-22,45.0
153661,Tobias Mohr,FC Schalke 04,2022-23,MF,27.0,833,0,3,2023-05-27,2023-06-22,1.2
153678,Kingsley Schindler,1.FC Köln,2022-23,FW,29.0,1073,0,3,2023-05-27,2023-06-22,1.0
154396,Danilo Soares,VfL Bochum,2022-23,DF,31.0,1773,0,0,2023-05-27,2023-06-22,1.8
156990,Marco Friedl,SV Werder Bremen,2022-23,DF,25.0,2597,0,0,2023-05-27,2023-06-22,7.0
157635,Yussuf Poulsen,RB Leipzig,2022-23,FW,28.0,397,2,1,2023-05-27,2023-06-22,7.0
159088,Robert Andrich,Bayer 04 Leverkusen,2022-23,MF,28.0,2410,2,2,2023-05-27,2023-06-22,11.0
159471,Serge Gnabry,Bayern Munich,2022-23,FW,27.0,1941,14,6,2023-05-27,2023-06-22,55.0
159844,Christopher Lenz,Eintracht Frankfurt,2022-23,DF,28.0,1284,0,2,2023-05-27,2023-06-22,2.5
160241,Kevin Akpoguma,TSG 1899 Hoffenheim,2022-23,DF,28.0,1952,0,0,2023-05-27,2023-06-22,3.5
160929,Marvin Schwäbe,1.FC Köln,2022-23,GK,28.0,3060,0,0,2023-05-27,2023-06-22,7.0
160963,Robin Zentner,1.FSV Mainz 05,2022-23,GK,28.0,2340,0,0,2023-05-27,2023-06-22,5.0
160968,Benno Schmitz,1.FC Köln,2022-23,DF,28.0,2430,1,0,2023-05-27,2023-06-22,3.0
161011,Filip Kostić,Eintracht Frankfurt,2022-23,MF,30.0,74,0,0,2023-05-27,2023-06-15,22.0
161056,Joshua Kimmich,Bayern Munich,2022-23,MF,28.0,2814,5,6,2023-05-27,2023-06-22,75.0
162434,Niklas Stark,SV Werder Bremen,2022-23,DF,28.0,2082,0,0,2023-05-27,2023-06-22,5.5
166601,Niklas Süle,Borussia Dortmund,2022-23,DF,27.0,2117,2,4,2023-05-27,2023-06-22,35.0
167329,Alassane Pléa,Borussia Mönchengladbach,2022-23,FW,30.0,1779,2,9,2023-05-27,2023-06-22,8.0
168543,Levin Öztunali,1.FC Union Berlin,2022-23,MF,27.0,8,0,1,2023-05-27,2023-06-22,1.2
168989,Silvan Widmer,1.FSV Mainz 05,2022-23,DF,30.0,1689,2,2,2023-05-27,2023-06-22,3.5
170527,Timo Werner,RB Leipzig,2022-23,FW,27.0,1950,9,4,2023-05-27,2023-06-22,25.0
170986,Raphaël Guerreiro,Borussia Dortmund,2022-23,DF,29.0,2296,4,12,2023-05-27,2023-06-22,20.0
173491,Joel Pohjanpalo,Bayer 04 Leverkusen,2022-23,FW,28.0,2,0,0,2023-05-27,2023-06-12,3.5
177779,Janik Haberer,1.FC Union Berlin,2022-23,MF,29.0,2214,5,1,2023-05-27,2023-06-22,7.0
178459,Davie Selke,1.FC Köln,2022-23,FW,28.0,1151,6,1,2023-05-27,2023-06-22,2.5
179635,Philipp Förster,VfL Bochum,2022-23,MF,28.0,1315,3,9,2023-05-27,2023-06-22,2.8
180337,Sardar Azmoun,Bayer 04 Leverkusen,2022-23,FW,28.0,918,4,1,2023-05-27,2023-06-22,12.0
181375,Sébastien Haller,Borussia Dortmund,2022-23,FW,28.0,1233,9,5,2023-05-27,2023-06-22,30.0
182574,Jean-Paul Boëtius,Hertha BSC,2022-23,MF,29.0,1046,0,0,2023-05-27,2023-06-22,1.5
182712,João Cancelo,Bayern Munich,2022-23,DF,29.0,1013,1,4,2023-05-27,2023-06-22,50.0
183780,Paul Seguin,1.FC Union Berlin,2022-23,MF,28.0,679,1,3,2023-05-27,2023-06-22,2.5
185077,Vincenzo Grifo,SC Freiburg,2022-23,FW,30.0,2431,15,5,2023-05-27,2023-06-22,12.0
185427,Nicolai Rapp,SV Werder Bremen,2022-23,MF,26.0,66,0,0,2023-05-27,2023-06-28,0.7
186988,Sven Michel,1.FC Union Berlin,2022-23,FW,32.0,478,3,1,2023-05-27,2023-06-22,0.9
187491,Timo Baumgartl,1.FC Union Berlin,2022-23,DF,27.0,565,0,1,2023-05-27,2023-06-22,3.0
187492,Julian Brandt,Borussia Dortmund,2022-23,MF,27.0,2412,9,8,2023-05-27,2023-06-22,40.0
187624,Fabian Bredlow,VfB Stuttgart,2022-23,GK,28.0,1350,0,0,2023-05-27,2023-06-22,1.5
188888,Sheraldo Becker,1.FC Union Berlin,2022-23,FW,28.0,2582,11,7,2023-05-27,2023-06-22,17.0
189475,Carlos Gruezo,FC Augsburg,2022-23,MF,28.0,964,0,0,2023-05-27,2023-08-22,3.0
190284,Maximilian Eggestein,SC Freiburg,2022-23,MF,26.0,2459,1,2,2023-05-27,2023-06-22,10.0
190289,Gerrit Holtmann,VfL Bochum,2022-23,FW,28.0,931,1,1,2023-05-27,2023-06-22,2.5
190685,Bouna Sarr,Bayern Munich,2022-23,DF,31.0,2,0,0,2023-05-27,2023-06-22,2.0
191422,Mahmoud Dahoud,Borussia Dortmund,2022-23,MF,27.0,335,0,1,2023-05-27,2023-06-22,12.0
192565,Leroy Sané,Bayern Munich,2022-23,FW,27.0,2010,8,7,2023-05-27,2023-06-22,65.0
192635,Nico Elvedi,Borussia Mönchengladbach,2022-23,DF,26.0,2827,3,0,2023-05-27,2023-06-22,18.0
193004,Waldemar Anton,VfB Stuttgart,2022-23,DF,26.0,2941,1,2,2023-05-27,2023-06-22,4.5
193782,Lucas Alario,Eintracht Frankfurt,2022-23,FW,30.0,316,1,0,2023-05-27,2023-06-22,2.5
193900,Marius Wolf,Borussia Dortmund,2022-23,DF,28.0,1569,1,2,2023-05-27,2023-06-22,10.0
195246,Pascal Stenzel,VfB Stuttgart,2022-23,DF,27.0,328,0,1,2023-05-27,2023-06-22,1.5
196095,Luca Waldschmidt,VfL Wolfsburg,2022-23,FW,27.0,513,4,0,2023-05-27,2023-06-22,3.0
196231,Marvin Friedrich,Borussia Mönchengladbach,2022-23,DF,27.0,1244,1,0,2023-05-27,2023-06-22,4.0
196357,Jonathan Tah,Bayer 04 Leverkusen,2022-23,DF,27.0,2485,1,0,2023-05-27,2023-06-22,20.0
196435,Saidy Janko,VfL Bochum,2022-23,DF,27.0,1132,0,0,2023-05-27,2023-06-22,1.0
196792,Julian Weigl,Borussia Mönchengladbach,2022-23,MF,27.0,1896,1,1,2023-05-27,2023-06-22,10.0
196813,Michael Zetterer,SV Werder Bremen,2022-23,GK,27.0,151,0,0,2023-05-27,2023-06-22,0.5
198008,André Silva,RB Leipzig,2022-23,FW,27.0,1741,4,4,2023-05-27,2023-06-22,15.0
199297,Jacek Goralski,VfL Bochum,2022-23,MF,30.0,144,0,0,2023-05-27,2023-06-22,0.7
200041,Andreas Ivan,FC Schalke 04,2022-23,FW,28.0,45,0,0,2023-05-27,2023-06-12,0.125
200512,Sadio Mané,Bayern Munich,2022-23,FW,31.0,1431,7,5,2023-05-27,2023-06-22,25.0
202228,Milos Veljkovic,SV Werder Bremen,2022-23,DF,27.0,2263,1,2,2023-05-27,2023-06-22,5.5
202591,Benjamin Henrichs,RB Leipzig,2022-23,DF,26.0,2188,2,3,2023-05-27,2023-06-22,15.0
212723,Djibril Sow,Eintracht Frankfurt,2022-23,MF,26.0,2651,4,0,2023-05-27,2023-06-22,22.0
215099,Daley Sinkgraven,Bayer 04 Leverkusen,2022-23,DF,27.0,342,0,2,2023-05-27,2023-06-22,2.5
215599,Lukas Klostermann,RB Leipzig,2022-23,DF,26.0,904,0,0,2023-05-27,2023-06-22,12.0
216181,Almamy Touré,Eintracht Frankfurt,2022-23,DF,27.0,400,0,1,2023-05-27,2023-06-22,2.5
221611,Paulo Otávio,VfL Wolfsburg,2022-23,DF,28.0,2050,0,5,2023-05-27,2023-06-22,4.0
222859,Florent Mollet,FC Schalke 04,2022-23,MF,31.0,407,1,0,2023-05-27,2023-06-27,2.0
223967,Konrad Laimer,RB Leipzig,2022-23,DF,26.0,1474,3,0,2023-05-27,2023-06-22,28.0
223974,Stefan Posch,TSG 1899 Hoffenheim,2022-23,DF,26.0,19,0,0,2023-05-27,2023-06-15,14.0
223979,Xaver Schlager,RB Leipzig,2022-23,MF,25.0,1503,1,1,2023-05-27,2023-06-22,22.0
225657,Philipp Lienhart,SC Freiburg,2022-23,DF,26.0,2498,1,0,2023-05-27,2023-06-22,20.0
226097,Ivan Šunjić,Hertha BSC,2022-23,MF,26.0,991,0,0,2023-05-27,2023-06-22,1.5
226524,Morten Thorsby,1.FC Union Berlin,2022-23,MF,27.0,821,1,1,2023-05-27,2023-06-22,5.5
229005,Abdou Diallo,RB Leipzig,2022-23,DF,27.0,476,1,0,2023-05-27,2023-06-22,10.0
231586,Jannes Horn,VfL Bochum,2022-23,DF,26.0,58,0,0,2023-05-27,2023-06-28,1.2
232144,Milos Pantovic,1.FC Union Berlin,2022-23,MF,26.0,193,1,0,2023-05-27,2023-06-22,1.5
232320,Atakan Karazor,VfB Stuttgart,2022-23,MF,26.0,1962,0,1,2023-05-27,2023-06-22,4.0
232418,Ondrej Duda,1.FC Köln,2022-23,MF,28.0,695,0,0,2023-05-27,2023-06-15,3.4
232454,Nadiem Amiri,Bayer 04 Leverkusen,2022-23,MF,26.0,970,4,1,2023-05-27,2023-06-22,6.0
232463,Luca Pfeiffer,VfB Stuttgart,2022-23,FW,26.0,695,0,0,2023-05-27,2023-06-22,1.7
233782,Aïssa Laïdouni,1.FC Union Berlin,2022-23,MF,26.0,879,2,1,2023-05-27,2023-06-22,7.0
234029,Grischa Prömel,TSG 1899 Hoffenheim,2022-23,MF,28.0,1458,1,1,2023-05-27,2023-06-22,7.0
236981,Timo Hübers,1.FC Köln,2022-23,DF,26.0,2558,3,0,2023-05-27,2023-06-22,8.5
237164,Ihlas Bebou,TSG 1899 Hoffenheim,2022-23,FW,29.0,1425,7,1,2023-05-27,2023-06-22,7.0
238407,Alexander Sørloth,RB Leipzig,2022-23,FW,27.0,5,0,0,2023-05-27,2023-06-13,12.0
241477,Thomas Ouwejan,FC Schalke 04,2022-23,DF,26.0,901,0,1,2023-05-27,2023-06-22,2.0
242086,Patrik Schick,Bayer 04 Leverkusen,2022-23,FW,27.0,941,3,1,2023-05-27,2023-06-22,25.0
243714,Kingsley Coman,Bayern Munich,2022-23,FW,26.0,1419,8,6,2023-05-27,2023-06-22,65.0
244940,Salih Özcan,Borussia Dortmund,2022-23,MF,25.0,1575,0,1,2023-05-27,2023-06-22,13.0
245744,Takuma Asano,VfL Bochum,2022-23,FW,28.0,1728,3,2,2023-05-27,2023-06-22,4.0
247555,Edimilson Fernandes,1.FSV Mainz 05,2022-23,MF,27.0,2442,0,3,2023-05-27,2023-06-22,5.5
247915,Jonas Omlin,Borussia Mönchengladbach,2022-23,GK,29.0,1291,0,0,2023-05-27,2023-06-22,9.0
248999,Lucas Höler,SC Freiburg,2022-23,FW,28.0,1505,5,2,2023-05-27,2023-06-22,5.0
249157,Fredrik Jensen,FC Augsburg,2022-23,MF,25.0,922,2,1,2023-05-27,2023-06-22,2.5
250013,Angelo Fulgini,1.FSV Mainz 05,2022-23,MF,26.0,519,0,1,2023-05-27,2023-06-27,9.0
251299,Finn Dahmen,1.FSV Mainz 05,2022-23,GK,25.0,720,0,0,2023-05-27,2023-06-22,2.5
251302,Niklas Dorsch,FC Augsburg,2022-23,MF,25.0,478,0,0,2023-05-27,2023-06-22,7.0
251309,Dennis Geiger,TSG 1899 Hoffenheim,2022-23,MF,24.0,1970,1,3,2023-05-27,2023-06-22,8.0
251878,Aarón Martín,1.FSV Mainz 05,2022-23,DF,26.0,1846,5,3,2023-05-27,2023-06-22,7.0
257814,Gregor Kobel,Borussia Dortmund,2022-23,GK,25.0,2430,0,0,2023-05-27,2023-06-22,35.0
258039,Aurélio Buta,Eintracht Frankfurt,2022-23,DF,26.0,1323,3,3,2023-05-27,2023-06-22,8.0
258883,Jonjoe Kenny,Hertha BSC,2022-23,DF,26.0,2242,0,1,2023-05-27,2023-06-22,3.0
260053,Jiri Pavlenka,SV Werder Bremen,2022-23,GK,31.0,2909,0,0,2023-05-27,2023-06-22,3.0
261905,Suat Serdar,Hertha BSC,2022-23,MF,26.0,2032,4,2,2023-05-27,2023-06-22,4.5
265127,Éder Balanta,FC Schalke 04,2022-23,MF,30.0,239,0,0,2023-05-27,2023-06-22,2.0
269878,Marcus Ingvartsen,1.FSV Mainz 05,2022-23,FW,27.0,1319,10,0,2023-05-27,2023-06-22,5.5
270393,Robert Skov,TSG 1899 Hoffenheim,2022-23,MF,27.0,1353,3,2,2023-05-27,2023-06-22,6.5
270541,Serhou Guirassy,VfB Stuttgart,2022-23,FW,27.0,1653,11,0,2023-05-27,2023-06-22,14.0
272278,Chris Führich,VfB Stuttgart,2022-23,FW,25.0,1891,5,2,2023-05-27,2023-06-22,4.0
272587,Daniel-Kofi Kyereh,SC Freiburg,2022-23,MF,27.0,562,2,0,2023-05-27,2023-06-22,8.0
272812,Kingsley Ehizibue,1.FC Köln,2022-23,DF,28.0,62,0,0,2023-05-27,2023-06-15,2.5
274461,Felix Passlack,Borussia Dortmund,2022-23,DF,24.0,60,0,0,2023-05-27,2023-06-22,1.5
275249,Niklas Schmidt,SV Werder Bremen,2022-23,MF,25.0,1083,3,0,2023-05-27,2023-06-22,2.5
277179,Angeliño,TSG 1899 Hoffenheim,2022-23,DF,26.0,2621,0,10,2023-05-27,2023-06-22,12.0
278332,Florian Neuhaus,Borussia Mönchengladbach,2022-23,MF,26.0,1410,1,0,2023-05-27,2023-06-22,12.0
278343,Felix Uduokhai,FC Augsburg,2022-23,DF,25.0,1449,0,1,2023-05-27,2023-06-22,8.5
279009,Marco Richter,Hertha BSC,2022-23,MF,25.0,1844,6,5,2023-05-27,2023-06-22,5.0
280575,Elvis Rexhbecaj,FC Augsburg,2022-23,MF,25.0,2536,0,0,2023-05-27,2023-06-22,3.5
281963,Lucas Hernández,Bayern Munich,2022-23,DF,27.0,478,0,0,2023-05-27,2023-06-22,45.0
282660,Maximilian Mittelstädt,Hertha BSC,2022-23,DF,26.0,844,0,0,2023-05-27,2023-06-22,2.0
283001,Noah Joel Sarenren Bazee,FC Augsburg,2022-23,FW,26.0,18,0,0,2023-05-27,2023-06-22,0.6
283196,Kasper Dolberg,TSG 1899 Hoffenheim,2022-23,FW,25.0,395,1,0,2023-05-27,2023-06-22,7.0
283871,Florian Dietz,1.FC Köln,2022-23,FW,24.0,392,1,0,2023-05-27,2023-06-22,1.0
283994,Ludovic Ajorque,1.FSV Mainz 05,2022-23,FW,29.0,1221,6,1,2023-05-27,2023-06-22,9.0
284248,Paul Jaeckel,1.FC Union Berlin,2022-23,DF,24.0,1198,1,0,2023-05-27,2023-06-22,5.0
284732,Ramy Bensebaini,Borussia Mönchengladbach,2022-23,DF,28.0,2487,6,1,2023-05-27,2023-06-22,20.0
284769,Florian Müller,VfB Stuttgart,2022-23,GK,25.0,1710,0,0,2023-05-27,2023-06-22,1.5
287188,Dejan Ljubicic,1.FC Köln,2022-23,MF,25.0,1722,5,1,2023-05-27,2023-06-22,10.0
287920,Tim Skarke,FC Schalke 04,2022-23,FW,26.0,489,1,1,2023-05-27,2023-06-22,1.2
288429,Mads Pedersen,FC Augsburg,2022-23,DF,26.0,1837,0,0,2023-05-27,2023-06-22,3.5
289182,Christopher Antwi-Adjei,VfL Bochum,2022-23,FW,29.0,1989,3,8,2023-05-27,2023-06-22,2.2
289835,Jens Stage,SV Werder Bremen,2022-23,MF,26.0,1860,3,3,2023-05-27,2023-06-22,5.0
290587,Ellyes Skhiri,1.FC Köln,2022-23,MF,28.0,2857,7,1,2023-05-27,2023-06-22,13.0
293169,Josip Brekalo,VfL Wolfsburg,2022-23,FW,24.0,269,0,1,2023-05-27,2023-06-15,5.0
293194,Borna Sosa,VfB Stuttgart,2022-23,DF,25.0,1959,2,7,2023-05-27,2023-06-22,12.0
293281,Jacob Bruun Larsen,TSG 1899 Hoffenheim,2022-23,FW,24.0,322,1,0,2023-05-27,2023-06-22,3.0
293385,Dani Olmo,RB Leipzig,2022-23,MF,25.0,1284,2,5,2023-05-27,2023-06-22,40.0
296397,Arne Maier,FC Augsburg,2022-23,MF,24.0,1971,5,1,2023-05-27,2023-06-22,6.5
296879,Steffen Tigges,1.FC Köln,2022-23,FW,24.0,1599,6,1,2023-05-27,2023-06-22,3.5
297583,Woo-yeong Jeong,SC Freiburg,2022-23,MF,23.0,639,1,2,2023-05-27,2023-06-22,3.5
303219,Jeff Chabot,1.FC Köln,2022-23,DF,25.0,1806,0,2,2023-05-27,2023-06-22,5.5
303259,Dodi Lukébakio,Hertha BSC,2022-23,FW,25.0,2407,11,4,2023-05-27,2023-06-22,12.0
307924,Mergim Berisha,FC Augsburg,2022-23,FW,25.0,1689,9,4,2023-05-27,2023-06-22,12.0
308552,Jordan Larsson,FC Schalke 04,2022-23,FW,25.0,461,0,0,2023-05-27,2023-06-26,3.0
309397,Lennart Grill,1.FC Union Berlin,2022-23,GK,24.0,450,0,0,2023-05-27,2023-06-22,1.0
312819,Silvere Ganvoula,VfL Bochum,2022-23,FW,26.0,232,0,0,2023-05-27,2023-06-22,0.6
314288,Lukas Nmecha,VfL Wolfsburg,2022-23,FW,24.0,899,4,1,2023-05-27,2023-06-22,12.0
314295,Reece Oxford,FC Augsburg,2022-23,DF,24.0,93,0,0,2023-05-27,2023-06-22,5.5
314398,Jae-sung Lee,1.FSV Mainz 05,2022-23,MF,30.0,1904,7,4,2023-05-27,2023-06-22,4.0
315131,Timothy Fosu-Mensah,Bayer 04 Leverkusen,2022-23,DF,25.0,184,0,0,2023-05-27,2023-06-22,2.0
315332,Aymen Barkok,1.FSV Mainz 05,2022-23,MF,25.0,568,0,1,2023-05-27,2023-06-22,2.0
318204,David Raum,RB Leipzig,2022-23,DF,25.0,1688,0,2,2023-05-27,2023-06-22,14.0
318528,Marcus Thuram,Borussia Mönchengladbach,2022-23,FW,25.0,2518,13,6,2023-05-27,2023-06-22,32.0
321070,Hannes Wolf,Borussia Mönchengladbach,2022-23,FW,24.0,440,1,1,2023-05-27,2023-06-22,3.0
323831,Rafael Borré,Eintracht Frankfurt,2022-23,FW,27.0,1063,2,2,2023-05-27,2023-06-22,9.0
324278,Christoph Baumgartner,TSG 1899 Hoffenheim,2022-23,MF,23.0,2582,7,7,2023-05-27,2023-06-22,24.0
324344,Dimitrios Limnios,1.FC Köln,2022-23,FW,25.0,37,0,0,2023-05-27,2023-06-22,2.0
325887,Filip Uremovic,Hertha BSC,2022-23,DF,26.0,1732,0,0,2023-05-27,2023-06-22,2.0
326029,Donyell Malen,Borussia Dortmund,2022-23,FW,24.0,1725,9,7,2023-05-27,2023-06-22,28.0
326031,Matthijs de Ligt,Bayern Munich,2022-23,DF,23.0,2403,3,1,2023-05-27,2023-06-22,75.0
327251,Ridle Baku,VfL Wolfsburg,2022-23,DF,25.0,2582,5,3,2023-05-27,2023-06-22,13.0
329723,Gil Dias,VfB Stuttgart,2022-23,FW,26.0,402,1,0,2023-05-27,2023-06-22,1.5
331779,Kristian Pedersen,1.FC Köln,2022-23,DF,28.0,274,0,0,2023-05-27,2023-06-22,1.2
332798,Roland Sallai,SC Freiburg,2022-23,DF,26.0,1003,1,5,2023-05-27,2023-06-22,10.0
333647,Jonathan Burkardt,1.FSV Mainz 05,2022-23,FW,22.0,535,1,2,2023-05-27,2023-06-22,10.0
334207,Maxim Leitsch,1.FSV Mainz 05,2022-23,DF,25.0,662,0,0,2023-05-27,2023-06-22,2.0
334221,Amos Pieper,SV Werder Bremen,2022-23,DF,25.0,1956,2,1,2023-05-27,2023-06-22,6.0
334999,Finn Becker,TSG 1899 Hoffenheim,2022-23,MF,22.0,509,0,0,2023-05-27,2023-06-22,2.5
335003,Jean Manuel Mbom,SV Werder Bremen,2022-23,MF,23.0,5,0,0,2023-05-27,2023-06-22,0.8
335103,Linton Maina,1.FC Köln,2022-23,FW,23.0,2260,3,8,2023-05-27,2023-06-22,6.0
335457,Ermedin Demirovic,FC Augsburg,2022-23,FW,25.0,2381,8,6,2023-05-27,2023-06-22,12.0
337333,Alex Král,FC Schalke 04,2022-23,MF,25.0,2357,0,1,2023-05-27,2023-06-22,7.0
338629,Sebastiaan Bornauw,VfL Wolfsburg,2022-23,DF,24.0,1927,1,0,2023-05-27,2023-06-22,8.5
339829,Pierre Kunde,VfL Bochum,2022-23,MF,27.0,371,1,0,2023-05-27,2023-06-22,1.7
340456,Noussair Mazraoui,Bayern Munich,2022-23,DF,25.0,1073,1,4,2023-05-27,2023-06-22,28.0
341317,Oliver Burke,SV Werder Bremen,2022-23,FW,26.0,254,2,1,2023-05-27,2023-06-01,2.5
342039,Yannik Keitel,SC Freiburg,2022-23,MF,23.0,677,0,2,2023-05-27,2023-06-22,4.0
342226,Irvin Cardona,FC Augsburg,2022-23,FW,25.0,311,1,1,2023-05-27,2023-06-22,2.5
342405,Mattias Svanberg,VfL Wolfsburg,2022-23,MF,24.0,1834,4,6,2023-05-27,2023-06-22,18.0
343959,Erhan Masovic,VfL Bochum,2022-23,DF,24.0,2174,4,0,2023-05-27,2023-06-22,8.0
344069,Anton Stach,1.FSV Mainz 05,2022-23,MF,24.0,2078,1,4,2023-05-27,2023-06-22,15.0
344381,Christopher Nkunku,RB Leipzig,2022-23,FW,25.0,1897,16,6,2023-05-27,2023-06-22,80.0
344598,Dan-Axel Zagadou,VfB Stuttgart,2022-23,DF,23.0,1272,0,0,2023-05-27,2023-06-22,2.5
344695,Dayot Upamecano,Bayern Munich,2022-23,DF,24.0,2349,0,2,2023-05-27,2023-06-22,60.0
345886,Rubén Vargas,FC Augsburg,2022-23,FW,24.0,1134,3,5,2023-05-27,2023-06-22,6.5
346567,Luca Pellegrini,Eintracht Frankfurt,2022-23,DF,24.0,559,0,0,2023-05-27,2023-06-15,7.0
346853,Romano Schmid,SV Werder Bremen,2022-23,MF,23.0,1520,1,3,2023-05-27,2023-06-22,4.5
353366,Benjamin Pavard,Bayern Munich,2022-23,DF,27.0,2431,4,1,2023-05-27,2023-06-22,40.0
353826,Robert Gumny,FC Augsburg,2022-23,DF,24.0,2015,1,2,2023-05-27,2023-06-22,3.5
353892,Hiroki Ito,VfB Stuttgart,2022-23,DF,24.0,2561,1,1,2023-05-27,2023-06-22,10.0
353948,Lucas Tousart,Hertha BSC,2022-23,MF,26.0,2948,5,3,2023-05-27,2023-06-22,9.0
355369,Jordan,1.FC Union Berlin,2022-23,FW,27.0,1356,4,3,2023-05-27,2023-06-22,7.0
355816,Ko Itakura,Borussia Mönchengladbach,2022-23,DF,26.0,1982,0,2,2023-05-27,2023-06-22,12.0
356141,Daichi Kamada,Eintracht Frankfurt,2022-23,MF,26.0,2271,9,7,2023-05-27,2023-06-22,27.0
357156,Diogo Leite,1.FC Union Berlin,2022-23,DF,24.0,2253,0,1,2023-05-27,2023-06-22,15.0
357233,Leandro Barreiro,1.FSV Mainz 05,2022-23,MF,23.0,2144,4,4,2023-05-27,2023-06-22,14.0
358504,Ritsu Doan,SC Freiburg,2022-23,FW,24.0,2449,5,6,2023-05-27,2023-06-22,18.0
361065,Mitchel Bakker,Bayer 04 Leverkusen,2022-23,MF,22.0,1657,3,2,2023-05-27,2023-06-22,9.0
361260,Ozan Kabak,TSG 1899 Hoffenheim,2022-23,DF,23.0,2393,2,3,2023-05-27,2023-06-22,10.0
362977,Josip Juranovic,1.FC Union Berlin,2022-23,DF,27.0,933,2,1,2023-05-27,2023-06-22,12.0
369567,Sasa Kalajdzic,VfB Stuttgart,2022-23,FW,25.0,236,0,3,2023-05-27,2023-06-20,15.0
370683,Andreas Hanche-Olsen,1.FSV Mainz 05,2022-23,DF,26.0,1498,1,3,2023-05-27,2023-06-22,7.5
370789,Julian Ryerson,Borussia Dortmund,2022-23,DF,25.0,2457,1,1,2023-05-27,2023-06-22,13.0
370998,Bartol Franjic,VfL Wolfsburg,2022-23,DF,23.0,229,0,1,2023-05-27,2023-06-22,3.0
371000,David Colina,FC Augsburg,2022-23,DF,22.0,160,1,0,2023-05-27,2023-06-22,1.5
371141,Stanley Nsoki,TSG 1899 Hoffenheim,2022-23,DF,24.0,1286,1,0,2023-05-27,2023-06-22,5.5
371142,Myziane Maolida,Hertha BSC,2022-23,FW,24.0,94,0,0,2023-05-27,2023-06-27,1.5
371149,Evan Ndicka,Eintracht Frankfurt,2022-23,DF,23.0,2693,1,0,2023-05-27,2023-06-22,28.0
374954,Kristijan Jakic,Eintracht Frankfurt,2022-23,MF,26.0,1457,1,2,2023-05-27,2023-06-22,7.0
381753,Ilia Gruev,SV Werder Bremen,2022-23,MF,23.0,1586,0,0,2023-05-27,2023-06-22,3.0
384553,Luca Kilian,1.FC Köln,2022-23,DF,23.0,1123,1,0,2023-05-27,2023-06-22,3.5
386786,Darko Churlinov,VfB Stuttgart,2022-23,FW,22.0,26,0,0,2023-05-27,2023-06-01,2.2
387047,Danilho Doekhi,1.FC Union Berlin,2022-23,DF,24.0,2217,5,2,2023-05-27,2023-06-22,17.0
388198,Nico Schlotterbeck,Borussia Dortmund,2022-23,DF,23.0,2256,4,5,2023-05-27,2023-06-22,40.0
388363,Maximilian Bauer,FC Augsburg,2022-23,DF,23.0,1845,0,1,2023-05-27,2023-06-22,3.5
391004,Jonas Wind,VfL Wolfsburg,2022-23,FW,24.0,1296,6,0,2023-05-27,2023-06-22,14.0
392163,Noah Weißhaupt,SC Freiburg,2022-23,FW,21.0,416,0,1,2023-05-27,2023-06-22,4.0
392768,Callum Hudson-Odoi,Bayer 04 Leverkusen,2022-23,FW,22.0,604,0,1,2023-05-27,2023-06-22,15.0
393512,Felix Agu,SV Werder Bremen,2022-23,DF,23.0,46,0,0,2023-05-27,2023-06-22,1.0
395516,Moussa Diaby,Bayer 04 Leverkusen,2022-23,FW,23.0,2717,9,9,2023-05-27,2023-06-22,50.0
395523,Wilfried Kanga,Hertha BSC,2022-23,FW,25.0,1421,2,0,2023-05-27,2023-06-22,3.0
395928,Marco Pašalić,Borussia Dortmund,2022-23,FW,22.0,10,0,0,2023-05-27,2023-06-13,0.35
397099,Jordi Osei-Tutu,VfL Bochum,2022-23,DF,24.0,747,0,0,2023-05-27,2023-06-22,1.2
400546,Nikolas Nartey,VfB Stuttgart,2022-23,MF,23.0,473,0,0,2023-05-27,2023-06-22,1.5
401578,Exequiel Palacios,Bayer 04 Leverkusen,2022-23,MF,24.0,1657,4,2,2023-05-27,2023-06-22,22.0
401639,Lukas Petkov,FC Augsburg,2022-23,FW,22.0,141,0,0,2023-05-27,2023-06-28,0.8
402008,Amadou Haidara,RB Leipzig,2022-23,MF,25.0,1427,2,2,2023-05-27,2023-06-22,17.0
405393,Soichiro Kozuki,FC Schalke 04,2022-23,MF,22.0,383,1,0,2023-05-27,2023-06-22,0.6
405687,Tom Krauß,FC Schalke 04,2022-23,MF,21.0,2528,2,0,2023-05-27,2023-06-22,7.0
406640,Felix Nmecha,VfL Wolfsburg,2022-23,MF,22.0,1836,3,6,2023-05-27,2023-06-22,15.0
406973,Moritz Broschinski,VfL Bochum,2022-23,FW,22.0,203,2,0,2023-05-27,2023-06-22,1.0
407098,Jakub Kamiński,VfL Wolfsburg,2022-23,FW,20.0,2071,4,3,2023-05-27,2023-06-22,12.0
410561,Sidi Sané,FC Schalke 04,2022-23,FW,20.0,24,0,0,2023-05-27,2023-06-12,0.2
413843,Keven Schlotterbeck,VfL Bochum,2022-23,DF,26.0,742,2,0,2023-05-27,2023-06-22,3.0
415912,Konstantinos Mavropanos,VfB Stuttgart,2022-23,DF,25.0,2288,2,1,2023-05-27,2023-06-22,15.0
424204,Alphonso Davies,Bayern Munich,2022-23,DF,22.0,2047,1,4,2023-05-27,2023-06-22,70.0
428791,Paulinho,Bayer 04 Leverkusen,2022-23,FW,22.0,79,1,0,2023-05-27,2023-07-25,10.0
429874,Ansgar Knauff,Eintracht Frankfurt,2022-23,FW,21.0,1287,1,2,2023-05-27,2023-06-22,8.0
434110,Leo Greiml,FC Schalke 04,2022-23,DF,21.0,356,0,0,2023-05-27,2023-06-22,1.2
434224,Maxence Lacroix,VfL Wolfsburg,2022-23,DF,23.0,1626,1,0,2023-05-27,2023-06-22,17.0
435796,Kilian Fischer,VfL Wolfsburg,2022-23,DF,22.0,503,0,1,2023-05-27,2023-06-22,2.0
436585,Delano Burgzorg,1.FSV Mainz 05,2022-23,FW,24.0,234,0,1,2023-05-27,2023-06-22,1.5
443331,Patrick Osterhage,VfL Bochum,2022-23,MF,23.0,1023,0,0,2023-05-27,2023-06-22,4.0
443710,Angelo Stiller,TSG 1899 Hoffenheim,2022-23,MF,22.0,698,1,1,2023-05-27,2023-06-22,5.0
445939,Omar Marmoush,VfL Wolfsburg,2022-23,FW,24.0,1478,5,1,2023-05-27,2023-06-22,6.0
448177,Jessic Ngankam,Hertha BSC,2022-23,FW,22.0,823,4,2,2023-05-27,2023-06-22,5.0
448258,Josha Vagnoman,VfB Stuttgart,2022-23,DF,22.0,1477,2,2,2023-05-27,2023-06-22,8.0
448705,Diant Ramaj,Eintracht Frankfurt,2022-23,GK,21.0,90,0,0,2023-05-27,2023-06-22,0.75
451276,Dominik Szoboszlai,RB Leipzig,2022-23,MF,22.0,2453,6,8,2023-05-27,2023-06-22,50.0
452068,Ayman Azhil,Bayer 04 Leverkusen,2022-23,MF,22.0,1,0,0,2023-05-27,2023-06-22,0.4
453016,Anthony Caci,1.FSV Mainz 05,2022-23,DF,25.0,2035,2,2,2023-05-27,2023-06-22,8.5
453865,Kimberly Ezekwem,SC Freiburg,2022-23,MF,21.0,7,0,0,2023-05-27,2023-06-13,0.5
454863,András Schäfer,1.FC Union Berlin,2022-23,MF,24.0,862,0,0,2023-05-27,2023-06-22,5.0
455922,Jan Olschowsky,Borussia Mönchengladbach,2022-23,GK,21.0,360,0,0,2023-05-27,2023-06-22,0.8
456492,Faride Alidou,Eintracht Frankfurt,2022-23,FW,21.0,171,0,1,2023-05-27,2023-06-22,2.5
460245,Moritz Jenz,FC Schalke 04,2022-23,DF,24.0,945,0,0,2023-05-27,2023-06-22,7.5
467434,Rocco Reitz,Borussia Mönchengladbach,2022-23,MF,20.0,2,0,0,2023-05-27,2023-06-09,0.8
467720,Youssoufa Moukoko,Borussia Dortmund,2022-23,FW,18.0,1134,7,4,2023-05-27,2023-06-22,30.0
470594,Clinton Mola,VfB Stuttgart,2022-23,DF,22.0,14,0,0,2023-05-27,2023-06-01,0.5
470815,Niklas Tauer,1.FSV Mainz 05,2022-23,MF,22.0,92,0,0,2023-05-27,2023-06-22,1.2
471936,Oliver Christensen,Hertha BSC,2022-23,GK,24.0,2970,0,0,2023-05-27,2023-06-22,4.0
472242,Mehmet Aydın,FC Schalke 04,2022-23,DF,21.0,560,0,0,2023-05-27,2023-06-22,1.5
472243,Lilian Egloff,VfB Stuttgart,2022-23,MF,20.0,235,0,0,2023-05-27,2023-06-22,1.5
472249,Jan Thielmann,1.FC Köln,2022-23,FW,21.0,846,2,3,2023-05-27,2023-06-22,6.5
473050,Kevin Schade,SC Freiburg,2022-23,FW,21.0,172,1,0,2023-05-27,2023-06-20,25.0
475959,Josko Gvardiol,RB Leipzig,2022-23,DF,21.0,2170,1,0,2023-05-27,2023-06-22,75.0
478573,Ryan Gravenberch,Bayern Munich,2022-23,MF,21.0,560,0,0,2023-05-27,2023-06-22,30.0
482573,Antonios Papadopoulos,Borussia Dortmund,2022-23,DF,23.0,12,0,0,2023-05-27,2023-06-13,0.6
483046,Josip Stanisic,Bayern Munich,2022-23,DF,23.0,573,0,0,2023-05-27,2023-06-22,12.0
484547,Jeremie Frimpong,Bayer 04 Leverkusen,2022-23,DF,22.0,2722,8,7,2023-05-27,2023-06-22,40.0
485965,Nicolas Cozza,VfL Wolfsburg,2022-23,DF,24.0,97,0,0,2023-05-27,2023-06-22,3.5
487969,Randal Kolo Muani,Eintracht Frankfurt,2022-23,FW,24.0,2647,15,14,2023-05-27,2023-06-22,80.0
490581,Mathias Olesen,1.FC Köln,2022-23,MF,22.0,476,0,0,2023-05-27,2023-06-22,1.2
496094,Karim Adeyemi,Borussia Dortmund,2022-23,FW,21.0,1397,6,6,2023-05-27,2023-06-22,40.0
496767,Juan José Perea,VfB Stuttgart,2022-23,FW,23.0,409,1,0,2023-05-27,2023-06-22,2.0
500067,Chidera Ejuke,Hertha BSC,2022-23,FW,25.0,885,0,3,2023-05-27,2023-06-22,5.5
503881,Aster Vranckx,VfL Wolfsburg,2022-23,MF,20.0,7,0,0,2023-05-27,2023-06-15,8.5
504073,Eduardo Quaresma,TSG 1899 Hoffenheim,2022-23,DF,21.0,85,0,0,2023-05-27,2023-06-22,2.5
504153,Joe Scally,Borussia Mönchengladbach,2022-23,DF,20.0,2216,0,0,2023-05-27,2023-06-22,12.0
504215,Giovanni Reyna,Borussia Dortmund,2022-23,MF,20.0,610,7,2,2023-05-27,2023-06-22,25.0
513245,Jesper Lindstrøm,Eintracht Frankfurt,2022-23,FW,23.0,1694,7,4,2023-05-27,2023-06-22,28.0
518505,Jamie Leweling,1.FC Union Berlin,2022-23,FW,22.0,248,1,1,2023-05-27,2023-06-22,3.0
520468,Iago,FC Augsburg,2022-23,DF,26.0,1607,0,2,2023-05-27,2023-06-22,5.5
521964,Malick Thiaw,FC Schalke 04,2022-23,DF,21.0,270,0,0,2023-05-27,2023-06-15,20.0
524285,Luca Netz,Borussia Mönchengladbach,2022-23,DF,20.0,698,1,3,2023-05-27,2023-06-22,6.5
524290,Fisnik Asllani,TSG 1899 Hoffenheim,2022-23,FW,20.0,160,0,0,2023-05-27,2023-06-22,0.8
527276,Kenneth Schmidt,SC Freiburg,2022-23,DF,20.0,252,0,0,2023-05-27,2023-06-22,3.0
532495,Marlon Mustapha,1.FSV Mainz 05,2022-23,FW,22.0,66,0,0,2023-05-27,2023-06-22,1.0
532539,Lee Buchanan,SV Werder Bremen,2022-23,DF,22.0,457,1,0,2023-05-27,2023-06-22,3.5
532776,Amine Adli,Bayer 04 Leverkusen,2022-23,FW,23.0,1440,5,5,2023-05-27,2023-06-22,20.0
533295,Patrick Wimmer,VfL Wolfsburg,2022-23,FW,21.0,1665,4,8,2023-05-27,2023-06-22,18.0
536482,Junior Dina Ebimbe,Eintracht Frankfurt,2022-23,MF,22.0,1060,3,1,2023-05-27,2023-06-22,10.0
538971,Naouirou Ahamada,VfB Stuttgart,2022-23,MF,21.0,1408,2,2,2023-05-27,2023-06-20,10.0
538977,Georginio Rutter,TSG 1899 Hoffenheim,2022-23,FW,21.0,1011,2,2,2023-05-27,2023-06-20,18.0
541231,Sepp van den Berg,FC Schalke 04,2022-23,DF,21.0,696,1,0,2023-05-27,2023-06-22,5.0
546213,Tuta,Eintracht Frankfurt,2022-23,DF,23.0,2717,2,1,2023-05-27,2023-06-22,15.0
548348,Kiliann Sildillia,SC Freiburg,2022-23,DF,21.0,1978,0,2,2023-05-27,2023-06-22,12.0
552057,Adam Hlozek,Bayer 04 Leverkusen,2022-23,FW,20.0,1287,5,4,2023-05-27,2023-06-22,18.0
553282,Tjark Ernst,Hertha BSC,2022-23,GK,20.0,90,0,0,2023-05-27,2023-06-22,0.4
553285,Tim Lemperle,1.FC Köln,2022-23,FW,21.0,120,0,0,2023-05-27,2023-06-22,1.5
553905,Kerim Calhanoglu,FC Schalke 04,2022-23,DF,20.0,60,0,0,2023-05-27,2023-06-28,0.8
557459,Micky van de Ven,VfL Wolfsburg,2022-23,DF,22.0,2970,1,2,2023-05-27,2023-06-22,30.0
557614,Nathanaël Mbuku,FC Augsburg,2022-23,FW,21.0,32,0,0,2023-05-27,2023-06-22,3.0
564545,Edmond Tapsoba,Bayer 04 Leverkusen,2022-23,DF,24.0,2873,1,1,2023-05-27,2023-06-22,30.0
565435,Arne Engels,FC Augsburg,2022-23,MF,19.0,1444,0,4,2023-05-27,2023-06-22,7.5
569031,Umut Tohumcu,TSG 1899 Hoffenheim,2022-23,MF,18.0,268,0,0,2023-05-27,2023-06-22,1.5
569349,Frederik Winther,FC Augsburg,2022-23,DF,22.0,90,0,1,2023-05-27,2023-06-26,1.0
569366,Enzo Millot,VfB Stuttgart,2022-23,MF,20.0,882,0,1,2023-05-27,2023-06-22,7.0
570160,Henning Matriciani,FC Schalke 04,2022-23,DF,23.0,1867,0,0,2023-05-27,2023-06-22,1.2
571299,Hrvoje Smolcic,Eintracht Frankfurt,2022-23,DF,22.0,467,0,0,2023-05-27,2023-06-22,4.0
578680,Hugo Siquet,SC Freiburg,2022-23,DF,20.0,15,0,0,2023-05-27,2023-06-09,3.3
580195,Jamal Musiala,Bayern Munich,2022-23,MF,20.0,2211,12,13,2023-05-27,2023-06-22,110.0
581678,Jude Bellingham,Borussia Dortmund,2022-23,MF,19.0,2692,8,5,2023-05-27,2023-06-22,120.0
583767,Semir Telalovic,Borussia Mönchengladbach,2022-23,FW,23.0,8,0,0,2023-05-27,2023-06-12,0.35
586659,Yvandro Borges Sanches,Borussia Mönchengladbach,2022-23,FW,19.0,25,0,0,2023-05-27,2023-06-22,1.5
589737,Kelvin Yeboah,FC Augsburg,2022-23,FW,23.0,346,1,2,2023-05-27,2023-06-22,3.5
596153,Justin Njinmah,Borussia Dortmund,2022-23,FW,22.0,21,0,0,2023-05-27,2023-06-13,0.8
596881,Florian Flick,FC Schalke 04,2022-23,MF,23.0,511,0,0,2023-05-27,2023-06-28,1.5
597000,Eric Martel,1.FC Köln,2022-23,MF,21.0,2019,1,1,2023-05-27,2023-06-22,9.0
598577,Florian Wirtz,Bayer 04 Leverkusen,2022-23,MF,20.0,1091,1,6,2023-05-27,2023-06-22,85.0
604327,Gabriel Vidovic,Bayern Munich,2022-23,FW,19.0,18,0,1,2023-05-27,2023-06-23,2.5
606752,Rodrigo Zalazar,FC Schalke 04,2022-23,MF,23.0,1329,1,6,2023-05-27,2023-06-22,4.0
608832,Merlin Röhl,SC Freiburg,2022-23,MF,20.0,53,0,1,2023-05-27,2023-06-22,2.0
610428,Oscar Fraulo,Borussia Mönchengladbach,2022-23,MF,19.0,7,0,0,2023-05-27,2023-06-22,2.0
612826,Silas,VfB Stuttgart,2022-23,FW,24.0,2006,5,2,2023-05-27,2023-06-22,8.0
616344,Tiago Tomás,VfB Stuttgart,2022-23,FW,20.0,1292,3,4,2023-05-27,2023-06-22,7.0
618350,Dion Beljo,FC Augsburg,2022-23,FW,21.0,1135,3,3,2023-05-27,2023-06-22,6.5
618425,Tanguy Coulibaly,VfB Stuttgart,2022-23,FW,22.0,316,4,0,2023-05-27,2023-06-22,2.5
624690,Manu Koné,Borussia Mönchengladbach,2022-23,MF,22.0,2620,1,1,2023-05-27,2023-06-22,40.0
627207,Ricardo Pepi,FC Augsburg,2022-23,FW,20.0,94,0,0,2023-05-27,2023-06-23,9.0
629588,Nathan Ngoumou,Borussia Mönchengladbach,2022-23,FW,23.0,692,1,0,2023-05-27,2023-06-22,5.0
644771,Odilon Kossounou,Bayer 04 Leverkusen,2022-23,DF,22.0,1519,0,1,2023-05-27,2023-06-22,18.0
645774,Eren Dinkçi,SV Werder Bremen,2022-23,FW,21.0,215,0,0,2023-05-27,2023-06-22,1.0
654872,Marcel Wenig,Eintracht Frankfurt,2022-23,MF,19.0,3,0,0,2023-05-27,2023-06-22,0.8
659513,Soumaïla Coulibaly,Borussia Dortmund,2022-23,DF,19.0,45,0,0,2023-05-27,2023-06-13,1.0
659813,Piero Hincapié,Bayer 04 Leverkusen,2022-23,DF,21.0,2468,1,1,2023-05-27,2023-06-22,35.0
663189,Eniss Shabani,1.FSV Mainz 05,2022-23,MF,19.0,9,0,0,2023-05-27,2023-06-22,0.2
664973,Dikeni Salifou,SV Werder Bremen,2022-23,MF,19.0,1,0,0,2023-05-27,2023-06-22,0.2
666168,Dario Gebuhr,Eintracht Frankfurt,2022-23,DF,20.0,20,0,0,2023-05-27,2023-06-22,0.4
666234,Mohamed Simakan,RB Leipzig,2022-23,DF,23.0,1457,1,1,2023-05-27,2023-06-22,25.0
668276,Hugo Novoa,RB Leipzig,2022-23,DF,20.0,181,1,0,2023-05-27,2023-06-07,4.3
670882,Jamie Gittens,Borussia Dortmund,2022-23,FW,18.0,527,3,1,2023-05-27,2023-06-22,14.0
671548,Lukas Ambros,VfL Wolfsburg,2022-23,MF,18.0,16,0,0,2023-05-27,2023-06-22,0.2
674921,Nikola Soldo,1.FC Köln,2022-23,DF,22.0,591,0,0,2023-05-27,2023-06-22,1.5
675565,Thomas Kastanaras,VfB Stuttgart,2022-23,FW,20.0,70,0,0,2023-05-27,2023-06-22,0.7
678479,Denis Huseinbasic,1.FC Köln,2022-23,MF,21.0,777,4,1,2023-05-27,2023-06-22,5.0
688641,Tony Rölke,Hertha BSC,2022-23,FW,20.0,19,0,0,2023-05-27,2023-06-19,0.2
690429,Robert Wagner,SC Freiburg,2022-23,MF,19.0,34,0,0,2023-05-27,2023-06-13,1.4
696164,Tim Oermann,VfL Bochum,2022-23,DF,19.0,193,0,0,2023-05-27,2023-06-12,0.8
700106,Brajan Gruda,1.FSV Mainz 05,2022-23,MF,18.0,2,0,0,2023-05-27,2023-06-22,0.5
701757,Keke Topp,FC Schalke 04,2022-23,FW,19.0,19,0,0,2023-05-27,2023-06-22,0.5
706617,Julian Eitschberger,Hertha BSC,2022-23,DF,19.0,1,0,0,2023-05-27,2023-06-19,0.35
711517,Kevin Paredes,VfL Wolfsburg,2022-23,MF,20.0,510,1,3,2023-05-27,2023-06-22,5.0
717346,Sanoussy Ba,RB Leipzig,2022-23,DF,19.0,1,0,0,2023-05-27,2023-06-22,0.5
717465,Laurin Ulrich,VfB Stuttgart,2022-23,MF,18.0,5,0,0,2023-05-27,2023-06-22,0.5
720162,Justin Diehl,1.FC Köln,2022-23,FW,18.0,15,0,0,2023-05-27,2023-06-22,0.5
724104,Fabio Chiarodia,SV Werder Bremen,2022-23,DF,17.0,66,0,0,2023-05-27,2023-06-22,1.0
730484,Aaron Zehnter,FC Augsburg,2022-23,DF,18.0,1,0,0,2023-05-27,2023-06-22,0.3
743395,Noah Mbamba,Bayer 04 Leverkusen,2022-23,MF,18.0,1,0,0,2023-05-27,2023-06-22,3.0
744728,Arijon Ibrahimovic,Bayern Munich,2022-23,MF,17.0,13,0,0,2023-05-27,2023-06-22,1.0
748070,Alou Kuol,VfB Stuttgart,2022-23,FW,21.0,4,0,0,2023-05-27,2023-06-22,0.3
787152,Veit Stange,Hertha BSC,2022-23,MF,19.0,7,0,0,2023-05-27,2023-06-19,0.25
789898,Muhammed Damar,TSG 1899 Hoffenheim,2022-23,MF,19.0,155,0,0,2023-05-27,2023-06-22,1.0
790918,Joshua Quarshie,TSG 1899 Hoffenheim,2022-23,DF,18.0,1,0,0,2023-05-27,2023-06-22,0.25
795738,Paxten Aaronson,Eintracht Frankfurt,2022-23,MF,19.0,166,0,1,2023-05-27,2023-06-22,4.5
796213,Nelson Weiper,1.FSV Mainz 05,2022-23,FW,18.0,93,2,0,2023-05-27,2023-06-22,5.0
798043,Tom Rothe,Borussia Dortmund,2022-23,DF,18.0,24,0,1,2023-05-27,2023-06-22,3.5
801734,Mathys Tel,Bayern Munich,2022-23,FW,18.0,397,5,0,2023-05-27,2023-06-22,20.0
805714,Renato Veiga,FC Augsburg,2022-23,DF,19.0,638,0,0,2023-05-27,2023-06-22,1.0
819215,Julien Duranville,Borussia Dortmund,2022-23,FW,17.0,28,0,0,2023-05-27,2023-06-22,8.5
819636,Dzenan Pejcinovic,VfL Wolfsburg,2022-23,FW,18.0,10,0,0,2023-05-27,2023-06-22,1.0
820261,Pascal Klemens,Hertha BSC,2022-23,DF,18.0,90,0,0,2023-05-27,2023-06-22,0.3
820957,Derry Scherhant,Hertha BSC,2022-23,FW,20.0,279,1,0,2023-05-27,2023-06-22,0.7
822959,Tom Bischof,TSG 1899 Hoffenheim,2022-23,MF,17.0,310,0,1,2023-05-27,2023-06-22,3.5
900909,Paul Wanner,Bayern Munich,2022-23,MF,17.0,23,0,0,2023-05-27,2023-06-22,3.0
905011,Ibrahim Maza,Hertha BSC,2022-23,MF,17.0,70,1,0,2023-05-27,2023-06-19,0.6
7161,Jonas Hofmann,Bayer 04 Leverkusen,2023-24,MF,31.0,2216,5,10,2024-05-18,2024-05-29,10.0
17259,Manuel Neuer,Bayern Munich,2023-24,GK,38.0,2054,0,0,2024-05-18,2024-05-29,4.0
32711,Patrick Herrmann,Borussia Mönchengladbach,2023-24,FW,33.0,78,0,0,2024-05-18,2024-05-29,1.0
35207,Marco Reus,Borussia Dortmund,2023-24,MF,34.0,1611,6,8,2024-05-18,2024-05-29,5.0
39259,Makoto Hasebe,Eintracht Frankfurt,2023-24,DF,40.0,216,0,0,2024-05-18,2024-05-29,0.5
39728,Mats Hummels,Borussia Dortmund,2023-24,DF,35.0,1582,3,0,2024-05-18,2024-05-29,5.0
39983,Leonardo Bonucci,1.FC Union Berlin,2023-24,DF,37.0,463,1,0,2024-05-18,2024-05-31,1.0
40034,Jens Grahl,Eintracht Frankfurt,2023-24,GK,35.0,180,0,1,2024-05-18,2024-05-29,0.2
40680,Sven Ulreich,Bayern Munich,2023-24,GK,35.0,990,0,0,2024-05-18,2024-05-29,0.7
40792,Manuel Riemann,VfL Bochum,2023-24,GK,35.0,2970,0,0,2024-05-18,2024-05-29,0.6
41323,Andreas Luthe,VfL Bochum,2023-24,GK,37.0,90,0,0,2024-05-18,2024-05-29,0.3
42072,Tobias Kempe,SV Darmstadt 98,2023-24,MF,34.0,1351,3,2,2024-05-18,2024-05-29,0.5
43824,Kevin Müller,1. Fußballclub Heidenheim 1846,2023-24,GK,33.0,3060,0,0,2024-05-18,2024-05-29,1.0
44466,Sebastian Rode,Eintracht Frankfurt,2023-24,MF,33.0,56,0,0,2024-05-18,2024-05-29,1.0
45660,Eric-Maxim Choupo-Moting,Bayern Munich,2023-24,FW,35.0,709,2,3,2024-05-18,2024-05-29,2.5
45672,Kevin Trapp,Eintracht Frankfurt,2023-24,GK,33.0,2880,0,0,2024-05-18,2024-05-29,4.0
45683,Manuel Gulde,SC Freiburg,2023-24,DF,33.0,2048,1,0,2024-05-18,2024-05-29,1.5
46580,Andrej Kramaric,TSG 1899 Hoffenheim,2023-24,FW,32.0,2207,15,6,2024-05-18,2024-05-29,5.0
47587,Tony Jantschke,Borussia Mönchengladbach,2023-24,DF,34.0,24,0,0,2024-05-18,2024-05-29,0.4
48015,Lukas Hradecky,Bayer 04 Leverkusen,2023-24,GK,34.0,2970,0,0,2024-05-18,2024-05-29,2.5
49723,Timothy Chandler,Eintracht Frankfurt,2023-24,DF,34.0,15,0,1,2024-05-18,2024-05-29,0.5
51977,Pavao Pervan,VfL Wolfsburg,2023-24,GK,36.0,810,0,0,2024-05-18,2024-05-29,0.3
53418,Kevin Kampl,RB Leipzig,2023-24,MF,33.0,1359,1,0,2024-05-18,2024-05-29,3.5
54846,Fabian Holland,SV Darmstadt 98,2023-24,DF,33.0,1847,0,2,2024-05-18,2024-05-29,0.5
55089,Oliver Baumann,TSG 1899 Hoffenheim,2023-24,GK,33.0,3060,0,1,2024-05-18,2024-05-29,3.0
55099,Nicolas Höfler,SC Freiburg,2023-24,MF,34.0,2333,1,1,2024-05-18,2024-05-29,2.0
57071,Péter Gulácsi,RB Leipzig,2023-24,GK,34.0,1170,0,0,2024-05-18,2024-05-29,3.0
57598,Klaus Gjasula,SV Darmstadt 98,2023-24,MF,34.0,1366,0,0,2024-05-18,2024-05-29,0.4
58358,Thomas Müller,Bayern Munich,2023-24,FW,34.0,1666,5,11,2024-05-18,2024-05-29,8.0
58396,Christian Groß,SV Werder Bremen,2023-24,MF,35.0,792,0,1,2024-05-18,2024-05-29,0.3
58995,Anthony Jung,SV Werder Bremen,2023-24,DF,32.0,2582,1,0,2024-05-18,2024-05-29,1.0
60957,Sebastian Polter,SV Darmstadt 98,2023-24,FW,33.0,445,0,1,2024-05-18,2024-05-29,0.5
74842,Mario Götze,Eintracht Frankfurt,2023-24,MF,31.0,2079,3,2,2024-05-18,2024-05-29,5.5
75489,Niclas Füllkrug,Borussia Dortmund,2023-24,FW,31.0,2407,12,8,2024-05-18,2024-05-29,15.0
75921,Christopher Trimmel,1.FC Union Berlin,2023-24,DF,37.0,1651,0,2,2024-05-18,2024-05-29,0.6
76158,Alexander Meyer,Borussia Dortmund,2023-24,GK,33.0,694,0,0,2024-05-18,2024-05-29,0.8
77812,Christoph Zimmermann,SV Darmstadt 98,2023-24,DF,31.0,1217,0,0,2024-05-18,2024-05-29,1.0
79377,Genki Haraguchi,VfB Stuttgart,2023-24,MF,33.0,25,0,0,2024-05-18,2024-05-29,0.5
79967,Simon Zoller,VfL Bochum,2023-24,FW,32.0,45,0,0,2024-05-18,2024-06-06,0.35
81173,Janis Blaswich,RB Leipzig,2023-24,GK,33.0,1890,0,0,2024-05-18,2024-05-29,2.0
82009,Kevin Volland,1.FC Union Berlin,2023-24,MF,31.0,1345,3,5,2024-05-18,2024-05-29,4.0
82097,Christoph Kramer,Borussia Mönchengladbach,2023-24,MF,33.0,239,0,0,2024-05-18,2024-05-29,1.7
82350,Stefan Bell,1.FSV Mainz 05,2023-24,DF,32.0,669,0,0,2024-05-18,2024-05-29,0.8
84435,Kevin Vogt,1.FC Union Berlin,2023-24,DF,32.0,2643,0,0,2024-05-18,2024-05-29,2.0
85791,Stefan Lainer,Borussia Mönchengladbach,2023-24,DF,31.0,750,0,1,2024-05-18,2024-05-29,2.5
85906,Danny da Costa,1.FSV Mainz 05,2023-24,DF,30.0,826,0,1,2024-05-18,2024-05-29,1.2
90317,Daniel Batz,1.FSV Mainz 05,2023-24,GK,33.0,360,0,0,2024-05-18,2024-05-29,0.35
93604,Lukas Kübler,SC Freiburg,2023-24,DF,31.0,1848,1,0,2024-05-18,2024-05-29,2.0
93651,Marcel Schuhen,SV Darmstadt 98,2023-24,GK,31.0,2790,0,0,2024-05-18,2024-05-29,0.8
93704,Josuha Guilavogui,1.FSV Mainz 05,2023-24,MF,33.0,408,0,1,2024-05-18,2024-05-29,0.7
93707,Christian Günter,SC Freiburg,2023-24,DF,31.0,1066,1,3,2024-05-18,2024-05-29,5.0
93740,Willi Orbán,RB Leipzig,2023-24,DF,31.0,1583,0,0,2024-05-18,2024-05-29,10.0
93763,Alexander Schwolow,1.FC Union Berlin,2023-24,GK,31.0,90,0,0,2024-05-18,2024-05-29,0.7
93844,Leonardo Bittencourt,SV Werder Bremen,2023-24,MF,30.0,1584,1,2,2024-05-18,2024-05-29,2.5
94030,Denis Thomalla,1. Fußballclub Heidenheim 1846,2023-24,MF,31.0,435,0,0,2024-05-18,2024-05-29,0.75
94148,Fabian Schnellhardt,SV Darmstadt 98,2023-24,MF,30.0,228,0,0,2024-05-18,2024-05-29,1.0
94201,Robin Knoche,1.FC Union Berlin,2023-24,DF,31.0,1918,1,0,2024-05-18,2024-05-29,2.5
100986,Thomas Meunier,Borussia Dortmund,2023-24,DF,32.0,588,0,0,2024-05-18,2024-05-31,2.5
102226,Thorgan Hazard,Borussia Dortmund,2023-24,MF,31.0,6,0,0,2024-05-18,2024-06-04,5.0
106270,Florian Kainz,1.FC Köln,2023-24,MF,31.0,2213,5,4,2024-05-18,2024-05-29,2.5
106405,Jeffrey Gouweleeuw,FC Augsburg,2023-24,DF,32.0,2594,1,1,2024-05-18,2024-05-29,2.0
106872,Kevin Stöger,VfL Bochum,2023-24,MF,30.0,2678,7,9,2024-05-18,2024-05-29,5.0
106987,Marcel Sabitzer,Borussia Dortmund,2023-24,MF,30.0,1963,4,3,2024-05-18,2024-05-29,20.0
107219,Leart Paçarada,1.FC Köln,2023-24,DF,29.0,1073,0,0,2024-05-18,2024-05-29,1.5
107775,Frederik Rönnow,1.FC Union Berlin,2023-24,GK,31.0,2970,0,0,2024-05-18,2024-05-29,4.5
108880,Koen Casteels,VfL Wolfsburg,2023-24,GK,31.0,2250,0,0,2024-05-18,2024-05-29,6.0
110036,Dominique Heintz,1.FC Köln,2023-24,DF,30.0,565,0,0,2024-05-18,2024-05-29,0.8
111078,Emil Forsberg,RB Leipzig,2023-24,FW,32.0,460,2,1,2024-05-18,2024-06-13,5.0
111266,Anthony Losilla,VfL Bochum,2023-24,MF,38.0,2587,1,2,2024-05-18,2024-05-29,0.5
111275,Philipp Max,Eintracht Frankfurt,2023-24,DF,30.0,1359,1,4,2024-05-18,2024-05-29,2.0
111455,Granit Xhaka,Bayer 04 Leverkusen,2023-24,MF,31.0,2827,3,0,2024-05-18,2024-05-29,20.0
112935,Mark Uth,1.FC Köln,2023-24,FW,32.0,369,0,1,2024-05-18,2024-05-29,1.0
116088,Marius Bülter,TSG 1899 Hoffenheim,2023-24,FW,31.0,1347,1,4,2024-05-18,2024-05-29,2.5
117432,Kevin Behrens,1.FC Union Berlin,2023-24,FW,33.0,1882,5,1,2024-05-18,2024-05-29,2.0
117478,Marnon Busch,1. Fußballclub Heidenheim 1846,2023-24,DF,29.0,591,0,0,2024-05-18,2024-05-29,1.2
117674,Maximilian Arnold,VfL Wolfsburg,2023-24,MF,29.0,2504,2,1,2024-05-18,2024-05-29,7.0
118847,Dominik Kohr,1.FSV Mainz 05,2023-24,DF,30.0,2190,1,0,2024-05-18,2024-05-29,3.0
118850,Ivan Ordets,VfL Bochum,2023-24,DF,31.0,1878,1,1,2024-05-18,2024-05-29,2.5
119037,Philipp Hofmann,VfL Bochum,2023-24,FW,31.0,1576,4,3,2024-05-18,2024-05-29,1.8
119211,Mitchell Weiser,SV Werder Bremen,2023-24,DF,30.0,2640,3,7,2024-05-18,2024-05-29,6.0
119234,Karim Onisiwo,1.FSV Mainz 05,2023-24,FW,32.0,1497,1,3,2024-05-18,2024-05-29,1.5
119277,Yannick Gerhardt,VfL Wolfsburg,2023-24,MF,30.0,1636,2,1,2024-05-18,2024-05-29,4.0
119286,Jannik Müller,SV Darmstadt 98,2023-24,DF,30.0,1133,0,0,2024-05-18,2024-05-29,0.8
119296,Emre Can,Borussia Dortmund,2023-24,DF,30.0,1956,2,2,2024-05-18,2024-05-29,10.0
120189,Nikola Dovedan,1. Fußballclub Heidenheim 1846,2023-24,FW,29.0,646,3,1,2024-05-18,2024-05-29,0.8
120205,Michael Gregoritsch,SC Freiburg,2023-24,FW,30.0,1682,7,5,2024-05-18,2024-05-29,8.0
121686,Cristian Gamboa,VfL Bochum,2023-24,DF,34.0,1187,0,1,2024-05-18,2024-05-29,0.5
124410,Rani Khedira,1.FC Union Berlin,2023-24,MF,30.0,1350,0,0,2024-05-18,2024-05-29,5.0
124502,Matthias Ginter,SC Freiburg,2023-24,DF,30.0,1917,0,2,2024-05-18,2024-05-29,10.0
124732,John Brooks,TSG 1899 Hoffenheim,2023-24,DF,31.0,1539,2,0,2024-05-18,2024-05-29,2.0
125103,Marvin Ducksch,SV Werder Bremen,2023-24,FW,30.0,2713,12,10,2024-05-18,2024-05-29,9.0
125614,Sargis Adamyan,1.FC Köln,2023-24,FW,30.0,796,1,3,2024-05-18,2024-05-29,0.6
127076,Jérôme Roussillon,1.FC Union Berlin,2023-24,DF,31.0,743,0,1,2024-05-18,2024-05-29,2.5
127573,Phillipp Mwene,1.FSV Mainz 05,2023-24,DF,30.0,2003,1,2,2024-05-18,2024-05-29,1.8
132098,Harry Kane,Bayern Munich,2023-24,FW,30.0,2843,36,8,2024-05-18,2024-05-29,100.0
133731,Patrick Mainka,1. Fußballclub Heidenheim 1846,2023-24,DF,29.0,3060,2,0,2024-05-18,2024-05-29,2.5
143798,Pavel Kaderabek,TSG 1899 Hoffenheim,2023-24,MF,32.0,2422,3,5,2024-05-18,2024-05-29,3.0
143891,Maximilian Philipp,SC Freiburg,2023-24,FW,30.0,310,1,0,2024-05-18,2024-05-29,2.0
146693,Alexander Brunst,SV Darmstadt 98,2023-24,GK,28.0,270,0,0,2024-05-18,2024-05-29,0.4
146714,Tomas Koubek,FC Augsburg,2023-24,GK,31.0,270,0,0,2024-05-18,2024-05-29,0.8
153084,Leon Goretzka,Bayern Munich,2023-24,MF,29.0,2243,6,9,2024-05-18,2024-05-29,30.0
154396,Danilo Soares,VfL Bochum,2023-24,DF,32.0,351,0,0,2024-05-18,2024-05-29,0.7
156990,Marco Friedl,SV Werder Bremen,2023-24,DF,26.0,2198,1,1,2024-05-18,2024-05-29,7.5
157635,Yussuf Poulsen,RB Leipzig,2023-24,FW,29.0,1211,5,2,2024-05-18,2024-05-29,6.0
159088,Robert Andrich,Bayer 04 Leverkusen,2023-24,MF,29.0,1682,4,2,2024-05-18,2024-05-29,17.0
159471,Serge Gnabry,Bayern Munich,2023-24,FW,28.0,433,3,2,2024-05-18,2024-05-29,40.0
159844,Christopher Lenz,RB Leipzig,2023-24,DF,29.0,52,0,0,2024-05-18,2024-05-29,1.5
160241,Kevin Akpoguma,TSG 1899 Hoffenheim,2023-24,DF,29.0,1095,0,0,2024-05-18,2024-05-29,3.0
160929,Marvin Schwäbe,1.FC Köln,2023-24,GK,29.0,3060,0,0,2024-05-18,2024-05-29,4.0
160963,Robin Zentner,1.FSV Mainz 05,2023-24,GK,29.0,2700,0,0,2024-05-18,2024-05-29,3.0
160968,Benno Schmitz,1.FC Köln,2023-24,DF,29.0,1151,0,1,2024-05-18,2024-05-29,1.5
161056,Joshua Kimmich,Bayern Munich,2023-24,MF,29.0,2192,1,7,2024-05-18,2024-05-29,50.0
162434,Niklas Stark,SV Werder Bremen,2023-24,DF,29.0,1087,2,0,2024-05-18,2024-05-29,5.5
166601,Niklas Süle,Borussia Dortmund,2023-24,DF,28.0,1508,1,0,2024-05-18,2024-05-29,15.0
167329,Alassane Pléa,Borussia Mönchengladbach,2023-24,FW,31.0,1926,7,5,2024-05-18,2024-05-29,7.0
168989,Silvan Widmer,1.FSV Mainz 05,2023-24,DF,31.0,1245,1,3,2024-05-18,2024-05-29,3.0
170527,Timo Werner,RB Leipzig,2023-24,FW,28.0,203,2,0,2024-05-18,2024-05-27,17.0
170986,Raphaël Guerreiro,Bayern Munich,2023-24,DF,30.0,1201,3,0,2024-05-18,2024-05-29,12.0
175722,Eric Dier,Bayern Munich,2023-24,DF,30.0,1159,0,0,2024-05-18,2024-05-29,12.0
177779,Janik Haberer,1.FC Union Berlin,2023-24,MF,30.0,1222,1,1,2024-05-18,2024-05-29,3.0
178459,Davie Selke,1.FC Köln,2023-24,FW,29.0,1273,6,0,2024-05-18,2024-05-29,2.8
179635,Philipp Förster,VfL Bochum,2023-24,MF,29.0,379,0,0,2024-05-18,2024-05-29,1.8
181375,Sébastien Haller,Borussia Dortmund,2023-24,FW,29.0,388,0,1,2024-05-18,2024-05-29,10.0
181547,Gonçalo Paciência,VfL Bochum,2023-24,FW,29.0,644,3,1,2024-05-18,2024-05-29,1.5
183321,Kevin Mbabu,FC Augsburg,2023-24,DF,29.0,2049,0,2,2024-05-18,2024-05-29,4.0
184204,Christian Kühlwetter,1. Fußballclub Heidenheim 1846,2023-24,FW,28.0,7,0,1,2024-05-18,2024-05-29,0.5
185077,Vincenzo Grifo,SC Freiburg,2023-24,FW,31.0,2345,8,8,2024-05-18,2024-05-29,9.0
185427,Nicolai Rapp,SV Werder Bremen,2023-24,MF,27.0,76,0,0,2024-05-18,2024-06-06,0.7
186988,Sven Michel,FC Augsburg,2023-24,FW,33.0,572,2,1,2024-05-18,2024-05-29,0.7
187492,Julian Brandt,Borussia Dortmund,2023-24,MF,28.0,2232,7,12,2024-05-18,2024-05-29,40.0
187499,Aaron Seydel,SV Darmstadt 98,2023-24,FW,28.0,615,1,0,2024-05-18,2024-05-29,0.5
187624,Fabian Bredlow,VfB Stuttgart,2023-24,GK,29.0,360,0,0,2024-05-18,2024-05-29,1.0
188888,Sheraldo Becker,1.FC Union Berlin,2023-24,FW,29.0,649,0,2,2024-05-18,2024-06-07,10.0
190284,Maximilian Eggestein,SC Freiburg,2023-24,MF,27.0,2919,1,2,2024-05-18,2024-05-29,10.0
190289,Gerrit Holtmann,SV Darmstadt 98,2023-24,FW,29.0,388,0,0,2024-05-18,2024-05-29,1.0
190685,Bouna Sarr,Bayern Munich,2023-24,DF,32.0,105,0,0,2024-05-18,2024-05-29,1.5
191359,Florian Pick,1. Fußballclub Heidenheim 1846,2023-24,FW,28.0,312,0,1,2024-05-18,2024-05-29,0.7
191422,Mahmoud Dahoud,VfB Stuttgart,2023-24,MF,28.0,217,1,0,2024-05-18,2024-05-29,6.0
192169,Jonas Föhrenbach,1. Fußballclub Heidenheim 1846,2023-24,DF,28.0,2790,0,0,2024-05-18,2024-05-29,2.0
192565,Leroy Sané,Bayern Munich,2023-24,FW,28.0,2137,8,11,2024-05-18,2024-05-29,70.0
192635,Nico Elvedi,Borussia Mönchengladbach,2023-24,DF,27.0,2485,2,0,2024-05-18,2024-05-29,10.0
193004,Waldemar Anton,VfB Stuttgart,2023-24,DF,27.0,2888,0,3,2024-05-18,2024-05-29,20.0
193033,Tim Kleindienst,1. Fußballclub Heidenheim 1846,2023-24,FW,28.0,2878,12,5,2024-05-18,2024-05-29,6.0
193082,Alejandro Grimaldo,Bayer 04 Leverkusen,2023-24,DF,28.0,2788,10,15,2024-05-18,2024-05-29,45.0
193900,Marius Wolf,Borussia Dortmund,2023-24,DF,28.0,1161,0,2,2024-05-18,2024-05-29,3.0
195246,Pascal Stenzel,VfB Stuttgart,2023-24,DF,28.0,1071,0,5,2024-05-18,2024-05-29,2.5
195736,Florian Grillitsch,TSG 1899 Hoffenheim,2023-24,MF,28.0,2297,1,6,2024-05-18,2024-05-29,6.5
195778,Alexander Nübel,VfB Stuttgart,2023-24,GK,27.0,2700,0,0,2024-05-18,2024-05-29,12.0
196095,Luca Waldschmidt,1.FC Köln,2023-24,FW,27.0,1150,3,1,2024-05-18,2024-05-29,2.5
196231,Marvin Friedrich,Borussia Mönchengladbach,2023-24,DF,28.0,1561,0,0,2024-05-18,2024-05-29,3.5
196357,Jonathan Tah,Bayer 04 Leverkusen,2023-24,DF,28.0,2632,4,1,2024-05-18,2024-05-29,30.0
196792,Julian Weigl,Borussia Mönchengladbach,2023-24,MF,28.0,2766,2,3,2024-05-18,2024-05-29,6.0
196793,Maximilian Wittek,VfL Bochum,2023-24,DF,28.0,1068,3,1,2024-05-18,2024-05-29,2.0
196813,Michael Zetterer,SV Werder Bremen,2023-24,GK,28.0,2430,0,0,2024-05-18,2024-05-29,3.0
202228,Milos Veljkovic,SV Werder Bremen,2023-24,DF,28.0,1921,2,2,2024-05-18,2024-05-29,4.5
202591,Benjamin Henrichs,RB Leipzig,2023-24,DF,27.0,2531,1,5,2024-05-18,2024-05-29,20.0
204047,Matus Bero,VfL Bochum,2023-24,MF,28.0,1669,1,2,2024-05-18,2024-05-29,3.5
208167,Dawid Kownacki,SV Werder Bremen,2023-24,FW,27.0,364,0,0,2024-05-18,2024-05-29,2.0
215599,Lukas Klostermann,RB Leipzig,2023-24,DF,27.0,1432,1,0,2024-05-18,2024-05-29,8.0
223967,Konrad Laimer,Bayern Munich,2023-24,DF,26.0,1769,0,3,2024-05-18,2024-05-29,30.0
223979,Xaver Schlager,RB Leipzig,2023-24,MF,26.0,2484,0,5,2024-05-18,2024-05-29,28.0
225657,Philipp Lienhart,SC Freiburg,2023-24,DF,27.0,1265,1,0,2024-05-18,2024-05-29,15.0
227084,Benedikt Gimber,1. Fußballclub Heidenheim 1846,2023-24,DF,27.0,2026,1,1,2024-05-18,2024-05-29,2.8
228645,Wout Weghorst,TSG 1899 Hoffenheim,2023-24,FW,31.0,1986,7,3,2024-05-18,2024-05-29,6.0
229006,Franck Honorat,Borussia Mönchengladbach,2023-24,FW,27.0,2358,3,11,2024-05-18,2024-05-29,12.0
230818,Fabian Rüdlin,SC Freiburg,2023-24,MF,27.0,6,0,0,2024-05-18,2024-06-11,0.35
231590,Braydon Manu,SV Darmstadt 98,2023-24,FW,27.0,171,0,0,2024-05-18,2024-05-29,1.2
232144,Milos Pantovic,1.FC Union Berlin,2023-24,MF,27.0,14,1,0,2024-05-18,2024-06-04,0.8
232320,Atakan Karazor,VfB Stuttgart,2023-24,MF,27.0,2630,0,4,2024-05-18,2024-05-29,12.0
232454,Nadiem Amiri,1.FSV Mainz 05,2023-24,MF,27.0,1401,1,4,2024-05-18,2024-05-29,7.0
232463,Luca Pfeiffer,SV Darmstadt 98,2023-24,FW,27.0,1626,1,4,2024-05-18,2024-05-29,1.2
233782,Aïssa Laïdouni,1.FC Union Berlin,2023-24,MF,27.0,1064,0,3,2024-05-18,2024-05-29,6.0
234029,Grischa Prömel,TSG 1899 Hoffenheim,2023-24,MF,29.0,2147,4,5,2024-05-18,2024-05-29,7.0
236981,Timo Hübers,1.FC Köln,2023-24,DF,27.0,2779,0,1,2024-05-18,2024-05-29,5.5
237162,Matthias Bader,SV Darmstadt 98,2023-24,DF,26.0,1808,1,2,2024-05-18,2024-05-29,1.8
237164,Ihlas Bebou,TSG 1899 Hoffenheim,2023-24,FW,30.0,1631,7,6,2024-05-18,2024-05-29,4.0
237226,Marvin Mehlem,SV Darmstadt 98,2023-24,MF,26.0,1494,3,2,2024-05-18,2024-05-29,2.5
242063,Vaclav Cerny,VfL Wolfsburg,2023-24,FW,26.0,923,4,0,2024-05-18,2024-05-29,7.0
242086,Patrik Schick,Bayer 04 Leverkusen,2023-24,FW,28.0,1065,7,2,2024-05-18,2024-05-29,22.0
243714,Kingsley Coman,Bayern Munich,2023-24,FW,27.0,1123,3,3,2024-05-18,2024-05-29,50.0
244940,Salih Özcan,Borussia Dortmund,2023-24,MF,26.0,1178,0,0,2024-05-18,2024-05-29,10.0
245744,Takuma Asano,VfL Bochum,2023-24,FW,29.0,2003,6,1,2024-05-18,2024-05-29,4.0
247555,Edimilson Fernandes,1.FSV Mainz 05,2023-24,MF,28.0,1284,0,2,2024-05-18,2024-05-29,3.5
247915,Jonas Omlin,Borussia Mönchengladbach,2023-24,GK,30.0,630,0,1,2024-05-18,2024-05-29,6.0
248999,Lucas Höler,SC Freiburg,2023-24,FW,29.0,2313,7,3,2024-05-18,2024-05-29,4.0
249157,Fredrik Jensen,FC Augsburg,2023-24,MF,26.0,1352,2,5,2024-05-18,2024-05-29,3.5
251299,Finn Dahmen,FC Augsburg,2023-24,GK,26.0,2790,0,0,2024-05-18,2024-05-29,5.0
251302,Niklas Dorsch,FC Augsburg,2023-24,MF,26.0,1388,0,0,2024-05-18,2024-05-29,4.0
251309,Dennis Geiger,TSG 1899 Hoffenheim,2023-24,MF,25.0,62,0,0,2024-05-18,2024-05-29,3.0
257814,Gregor Kobel,Borussia Dortmund,2023-24,GK,26.0,2366,0,0,2024-05-18,2024-05-29,40.0
258039,Aurélio Buta,Eintracht Frankfurt,2023-24,DF,27.0,1747,1,2,2024-05-18,2024-05-29,5.0
260053,Jiri Pavlenka,SV Werder Bremen,2023-24,GK,32.0,630,0,0,2024-05-18,2024-05-29,1.5
263361,Maximilian Wöber,Borussia Mönchengladbach,2023-24,DF,26.0,2072,2,3,2024-05-18,2024-05-29,10.0
263380,Attila Szalai,TSG 1899 Hoffenheim,2023-24,DF,26.0,390,0,0,2024-05-18,2024-05-29,4.0
263801,Kasim Adams,TSG 1899 Hoffenheim,2023-24,DF,28.0,4,0,0,2024-05-18,2024-05-29,0.7
263804,Pep Biel,FC Augsburg,2023-24,MF,27.0,275,0,0,2024-05-18,2024-05-29,3.0
265209,Noah Loosli,VfL Bochum,2023-24,DF,27.0,340,0,0,2024-05-18,2024-05-29,0.8
270027,Frank Ronstadt,SV Darmstadt 98,2023-24,DF,26.0,73,0,0,2024-05-18,2024-06-06,0.55
270393,Robert Skov,TSG 1899 Hoffenheim,2023-24,MF,27.0,1260,3,5,2024-05-18,2024-05-29,5.0
270541,Serhou Guirassy,VfB Stuttgart,2023-24,FW,28.0,2214,28,2,2024-05-18,2024-05-29,40.0
272278,Chris Führich,VfB Stuttgart,2023-24,FW,26.0,2595,8,7,2024-05-18,2024-05-29,28.0
273132,Robin Gosens,1.FC Union Berlin,2023-24,DF,29.0,2297,6,4,2024-05-18,2024-05-29,12.0
273669,Adrian Beck,1. Fußballclub Heidenheim 1846,2023-24,MF,26.0,971,1,1,2024-05-18,2024-05-29,1.5
274461,Felix Passlack,VfL Bochum,2023-24,DF,25.0,967,2,2,2024-05-18,2024-05-29,1.8
278332,Florian Neuhaus,Borussia Mönchengladbach,2023-24,MF,27.0,1229,4,2,2024-05-18,2024-05-29,7.0
278343,Felix Uduokhai,FC Augsburg,2023-24,DF,26.0,2922,2,0,2024-05-18,2024-05-29,7.0
278359,Borja Iglesias,Bayer 04 Leverkusen,2023-24,FW,31.0,252,0,0,2024-05-18,2024-05-29,5.0
279009,Marco Richter,1.FSV Mainz 05,2023-24,MF,26.0,712,1,0,2024-05-18,2024-05-29,2.0
280575,Elvis Rexhbecaj,FC Augsburg,2023-24,MF,26.0,1995,2,0,2024-05-18,2024-05-29,3.5
282660,Maximilian Mittelstädt,VfB Stuttgart,2023-24,DF,27.0,2102,2,4,2024-05-18,2024-05-29,17.0
283497,Mathias Honsak,SV Darmstadt 98,2023-24,FW,27.0,1014,1,1,2024-05-18,2024-05-29,1.2
283871,Florian Dietz,1.FC Köln,2023-24,FW,25.0,65,0,0,2024-05-18,2024-05-29,0.6
283994,Ludovic Ajorque,1.FSV Mainz 05,2023-24,FW,30.0,1356,2,0,2024-05-18,2024-05-29,3.0
284010,Robin Hack,Borussia Mönchengladbach,2023-24,FW,25.0,1344,10,2,2024-05-18,2024-05-29,8.0
284248,Paul Jaeckel,1.FC Union Berlin,2023-24,DF,25.0,231,0,0,2024-05-18,2024-05-29,2.0
284270,Moritz Nicolas,Borussia Mönchengladbach,2023-24,GK,26.0,2430,0,0,2024-05-18,2024-05-29,2.5
284732,Ramy Bensebaini,Borussia Dortmund,2023-24,DF,29.0,1030,0,0,2024-05-18,2024-05-29,7.0
286596,Emir Karic,SV Darmstadt 98,2023-24,DF,26.0,1782,0,0,2024-05-18,2024-05-29,1.0
287188,Dejan Ljubicic,1.FC Köln,2023-24,MF,26.0,2054,0,2,2024-05-18,2024-05-29,5.0
287920,Tim Skarke,SV Darmstadt 98,2023-24,FW,27.0,2419,8,2,2024-05-18,2024-05-29,3.0
288255,Donny van de Beek,Eintracht Frankfurt,2023-24,MF,27.0,357,0,0,2024-05-18,2024-05-29,5.0
288340,Phillip Tietz,FC Augsburg,2023-24,FW,26.0,2406,8,4,2024-05-18,2024-05-29,5.0
288429,Mads Pedersen,FC Augsburg,2023-24,DF,27.0,1784,1,1,2024-05-18,2024-05-29,2.5
289182,Christopher Antwi-Adjei,VfL Bochum,2023-24,FW,30.0,1221,2,2,2024-05-18,2024-05-29,1.2
289835,Jens Stage,SV Werder Bremen,2023-24,MF,27.0,2336,3,3,2024-05-18,2024-05-29,7.5
290587,Ellyes Skhiri,Eintracht Frankfurt,2023-24,MF,29.0,2171,2,2,2024-05-18,2024-05-29,11.0
293194,Borna Sosa,VfB Stuttgart,2023-24,DF,26.0,44,0,0,2024-05-18,2024-05-31,7.5
293385,Dani Olmo,RB Leipzig,2023-24,MF,26.0,1456,4,5,2024-05-18,2024-05-29,50.0
294791,Chris Bedia,1.FC Union Berlin,2023-24,FW,28.0,139,1,0,2024-05-18,2024-05-29,2.5
296397,Arne Maier,FC Augsburg,2023-24,MF,25.0,998,2,3,2024-05-18,2024-05-29,5.0
296879,Steffen Tigges,1.FC Köln,2023-24,FW,25.0,715,3,0,2024-05-18,2024-05-29,1.5
297583,Woo-yeong Jeong,VfB Stuttgart,2023-24,MF,24.0,619,2,3,2024-05-18,2024-05-29,3.5
302215,Naby Keïta,SV Werder Bremen,2023-24,MF,29.0,107,0,0,2024-05-18,2024-05-29,2.0
303219,Jeff Chabot,1.FC Köln,2023-24,DF,26.0,2707,0,1,2024-05-18,2024-05-29,9.0
307052,Masaya Okugawa,FC Augsburg,2023-24,FW,28.0,30,0,0,2024-05-18,2024-06-06,1.5
307924,Mergim Berisha,TSG 1899 Hoffenheim,2023-24,FW,26.0,263,0,0,2024-05-18,2024-05-29,10.0
314288,Lukas Nmecha,VfL Wolfsburg,2023-24,FW,25.0,39,1,0,2024-05-18,2024-05-29,5.0
314398,Jae-sung Lee,1.FSV Mainz 05,2023-24,MF,31.0,2128,6,4,2024-05-18,2024-05-29,2.5
315332,Aymen Barkok,1.FSV Mainz 05,2023-24,MF,25.0,312,1,1,2024-05-18,2024-06-06,1.0
315604,Diadié Samassékou,TSG 1899 Hoffenheim,2023-24,MF,28.0,1,0,0,2024-05-18,2024-06-07,2.0
316575,Moritz-Broni Kwarteng,VfL Bochum,2023-24,MF,26.0,267,0,1,2024-05-18,2024-05-29,1.2
318204,David Raum,RB Leipzig,2023-24,DF,26.0,2745,2,10,2024-05-18,2024-05-29,20.0
322075,Thomas Isherwood,SV Darmstadt 98,2023-24,DF,26.0,638,0,0,2024-05-18,2024-05-29,0.5
323831,Rafael Borré,SV Werder Bremen,2023-24,FW,28.0,991,4,0,2024-05-18,2024-06-17,8.0
324278,Christoph Baumgartner,RB Leipzig,2023-24,MF,24.0,1149,5,2,2024-05-18,2024-05-29,18.0
324861,Julian Justvan,SV Darmstadt 98,2023-24,MF,26.0,1070,2,2,2024-05-18,2024-05-29,1.5
326029,Donyell Malen,Borussia Dortmund,2023-24,FW,25.0,1784,13,3,2024-05-18,2024-05-29,40.0
326031,Matthijs de Ligt,Bayern Munich,2023-24,DF,24.0,1387,2,0,2024-05-18,2024-05-29,65.0
327251,Ridle Baku,VfL Wolfsburg,2023-24,DF,26.0,2014,1,0,2024-05-18,2024-05-29,7.0
328784,Robin Koch,Eintracht Frankfurt,2023-24,DF,27.0,2740,2,0,2024-05-18,2024-05-29,18.0
332798,Roland Sallai,SC Freiburg,2023-24,DF,26.0,1852,3,2,2024-05-18,2024-05-29,15.0
333647,Jonathan Burkardt,1.FSV Mainz 05,2023-24,FW,23.0,1543,8,2,2024-05-18,2024-05-29,12.0
334207,Maxim Leitsch,1.FSV Mainz 05,2023-24,DF,26.0,377,0,0,2024-05-18,2024-05-29,1.5
334213,Lukas Daschner,VfL Bochum,2023-24,MF,25.0,524,1,1,2024-05-18,2024-05-29,1.2
334221,Amos Pieper,SV Werder Bremen,2023-24,DF,26.0,591,0,0,2024-05-18,2024-05-29,4.0
334999,Finn Becker,TSG 1899 Hoffenheim,2023-24,MF,23.0,597,0,0,2024-05-18,2024-05-29,2.5
335103,Linton Maina,1.FC Köln,2023-24,FW,24.0,1907,1,3,2024-05-18,2024-05-29,3.0
335457,Ermedin Demirovic,FC Augsburg,2023-24,FW,26.0,2884,15,10,2024-05-18,2024-05-29,28.0
337036,Florent Muslija,SC Freiburg,2023-24,FW,25.0,95,0,0,2024-05-18,2024-05-29,2.5
337092,Tim Siersleben,1. Fußballclub Heidenheim 1846,2023-24,DF,24.0,909,0,0,2024-05-18,2024-05-29,1.5
337333,Alex Král,1.FC Union Berlin,2023-24,MF,25.0,1365,0,0,2024-05-18,2024-05-29,5.0
338629,Sebastiaan Bornauw,VfL Wolfsburg,2023-24,DF,25.0,1431,0,0,2024-05-18,2024-05-29,7.0
338668,Senne Lynen,SV Werder Bremen,2023-24,MF,25.0,1793,0,3,2024-05-18,2024-05-29,7.0
339314,Deniz Undav,VfB Stuttgart,2023-24,FW,27.0,2097,18,10,2024-05-18,2024-05-29,25.0
340322,Nathan Tella,Bayer 04 Leverkusen,2023-24,FW,24.0,810,5,4,2024-05-18,2024-05-29,23.0
340456,Noussair Mazraoui,Bayern Munich,2023-24,DF,26.0,1198,0,3,2024-05-18,2024-05-29,30.0
341317,Oliver Burke,SV Werder Bremen,2023-24,FW,27.0,31,0,0,2024-05-18,2024-05-24,2.0
342039,Yannik Keitel,SC Freiburg,2023-24,MF,24.0,921,1,0,2024-05-18,2024-05-29,5.0
342226,Irvin Cardona,FC Augsburg,2023-24,FW,26.0,51,0,0,2024-05-18,2024-06-11,2.5
342405,Mattias Svanberg,VfL Wolfsburg,2023-24,MF,25.0,1726,1,4,2024-05-18,2024-05-29,12.0
342967,Niklas Beste,1. Fußballclub Heidenheim 1846,2023-24,FW,25.0,2629,8,13,2024-05-18,2024-05-29,15.0
343959,Erhan Masovic,VfL Bochum,2023-24,DF,25.0,2218,0,0,2024-05-18,2024-05-29,5.0
344069,Anton Stach,TSG 1899 Hoffenheim,2023-24,MF,25.0,2497,2,4,2024-05-18,2024-05-29,15.0
344598,Dan-Axel Zagadou,VfB Stuttgart,2023-24,DF,24.0,1452,1,0,2024-05-18,2024-05-29,10.0
344695,Dayot Upamecano,Bayern Munich,2023-24,DF,25.0,1770,1,0,2024-05-18,2024-05-29,45.0
345886,Rubén Vargas,FC Augsburg,2023-24,FW,25.0,1977,4,4,2024-05-18,2024-05-29,7.5
346849,Christoph Klarer,SV Darmstadt 98,2023-24,DF,23.0,2356,2,2,2024-05-18,2024-05-29,3.0
346853,Romano Schmid,SV Werder Bremen,2023-24,MF,24.0,2615,4,7,2024-05-18,2024-05-29,10.0
349433,Fabian Nürnberger,SV Darmstadt 98,2023-24,MF,24.0,1517,1,2,2024-05-18,2024-05-29,2.5
353826,Robert Gumny,FC Augsburg,2023-24,DF,25.0,477,0,0,2024-05-18,2024-05-29,2.0
353892,Hiroki Ito,VfB Stuttgart,2023-24,DF,25.0,2232,0,2,2024-05-18,2024-05-29,30.0
353948,Lucas Tousart,1.FC Union Berlin,2023-24,MF,27.0,1574,0,0,2024-05-18,2024-05-29,7.0
355369,Jordan,Borussia Mönchengladbach,2023-24,FW,28.0,1450,5,4,2024-05-18,2024-05-29,4.0
355816,Ko Itakura,Borussia Mönchengladbach,2023-24,DF,27.0,1599,3,0,2024-05-18,2024-05-29,12.0
357156,Diogo Leite,1.FC Union Berlin,2023-24,DF,25.0,2707,0,0,2024-05-18,2024-05-29,15.0
357233,Leandro Barreiro,1.FSV Mainz 05,2023-24,MF,24.0,2607,4,1,2024-05-18,2024-05-29,17.0
358504,Ritsu Doan,SC Freiburg,2023-24,FW,25.0,2256,7,4,2024-05-18,2024-05-29,18.0
361260,Ozan Kabak,TSG 1899 Hoffenheim,2023-24,DF,24.0,2291,4,1,2024-05-18,2024-05-29,10.0
361508,David Mamutovic,1.FSV Mainz 05,2023-24,FW,23.0,9,0,0,2024-05-18,2024-06-30,0.25
362977,Josip Juranovic,1.FC Union Berlin,2023-24,DF,28.0,1292,0,3,2024-05-18,2024-05-29,7.5
364258,Bernardo,VfL Bochum,2023-24,DF,29.0,2925,1,0,2024-05-18,2024-05-29,5.5
368887,Loïs Openda,RB Leipzig,2023-24,FW,24.0,2716,24,7,2024-05-18,2024-05-29,60.0
369567,Sasa Kalajdzic,Eintracht Frankfurt,2023-24,FW,26.0,329,0,1,2024-05-18,2024-05-29,5.0
369674,Joakim Maehle,VfL Wolfsburg,2023-24,DF,26.0,2455,2,4,2024-05-18,2024-05-29,14.0
370683,Andreas Hanche-Olsen,1.FSV Mainz 05,2023-24,DF,27.0,994,1,0,2024-05-18,2024-05-29,9.0
370789,Julian Ryerson,Borussia Dortmund,2023-24,DF,26.0,1773,4,1,2024-05-18,2024-05-29,20.0
370998,Bartol Franjic,SV Darmstadt 98,2023-24,DF,24.0,1231,0,1,2024-05-18,2024-05-29,1.8
371141,Stanley Nsoki,TSG 1899 Hoffenheim,2023-24,DF,25.0,632,0,0,2024-05-18,2024-05-29,2.5
374954,Kristijan Jakic,FC Augsburg,2023-24,MF,27.0,1253,2,1,2024-05-18,2024-05-29,6.5
381753,Ilia Gruev,SV Werder Bremen,2023-24,MF,24.0,3,0,0,2024-05-18,2024-05-24,5.0
382478,Cédric Zesiger,VfL Wolfsburg,2023-24,DF,25.0,1635,0,0,2024-05-18,2024-05-29,5.0
384553,Luca Kilian,1.FC Köln,2023-24,DF,24.0,632,0,0,2024-05-18,2024-05-29,2.0
387047,Danilho Doekhi,1.FC Union Berlin,2023-24,DF,25.0,2160,2,0,2024-05-18,2024-05-29,17.0
387106,Lovro Majer,VfL Wolfsburg,2023-24,MF,26.0,2119,5,5,2024-05-18,2024-05-29,20.0
388160,Fraser Hornby,SV Darmstadt 98,2023-24,FW,24.0,213,0,0,2024-05-18,2024-05-29,1.2
388198,Nico Schlotterbeck,Borussia Dortmund,2023-24,DF,24.0,2861,2,3,2024-05-18,2024-05-29,40.0
388294,Omar Traoré,1. Fußballclub Heidenheim 1846,2023-24,DF,26.0,2478,0,5,2024-05-18,2024-05-29,2.5
388363,Maximilian Bauer,FC Augsburg,2023-24,DF,24.0,808,1,0,2024-05-18,2024-05-29,3.0
388513,Mateu Morey,Borussia Dortmund,2023-24,DF,24.0,110,0,0,2024-05-18,2024-05-29,0.8
391004,Jonas Wind,VfL Wolfsburg,2023-24,FW,25.0,2663,11,7,2024-05-18,2024-05-29,20.0
391742,Patric Pfeiffer,FC Augsburg,2023-24,DF,24.0,509,0,1,2024-05-18,2024-05-29,2.0
392163,Noah Weißhaupt,SC Freiburg,2023-24,FW,22.0,746,1,4,2024-05-18,2024-05-29,5.0
392710,Lennard Maloney,1. Fußballclub Heidenheim 1846,2023-24,MF,24.0,2294,1,1,2024-05-18,2024-05-29,5.0
393323,Brenden Aaronson,1.FC Union Berlin,2023-24,MF,23.0,1263,2,2,2024-05-18,2024-05-29,12.0
393512,Felix Agu,SV Werder Bremen,2023-24,DF,24.0,1624,0,3,2024-05-18,2024-05-29,4.0
394033,Stefan Schimmer,1. Fußballclub Heidenheim 1846,2023-24,FW,30.0,140,0,1,2024-05-18,2024-05-29,0.5
400489,Eljif Elmas,RB Leipzig,2023-24,MF,24.0,255,0,0,2024-05-18,2024-05-29,20.0
401173,Jadon Sancho,Borussia Dortmund,2023-24,FW,24.0,954,2,3,2024-05-18,2024-05-29,30.0
401527,Rogério,VfL Wolfsburg,2023-24,DF,26.0,906,1,0,2024-05-18,2024-05-29,5.0
401578,Exequiel Palacios,Bayer 04 Leverkusen,2023-24,MF,25.0,1840,4,4,2024-05-18,2024-05-29,45.0
402008,Amadou Haidara,RB Leipzig,2023-24,MF,26.0,1539,2,2,2024-05-18,2024-05-29,20.0
404950,Nicolas Seiwald,RB Leipzig,2023-24,MF,23.0,707,0,2,2024-05-18,2024-05-29,16.0
405687,Tom Krauß,1.FSV Mainz 05,2023-24,MF,22.0,1342,1,2,2024-05-18,2024-05-29,4.0
405689,Merveille Papela,1.FSV Mainz 05,2023-24,MF,23.0,253,0,0,2024-05-18,2024-05-29,1.0
405690,Ole Pohlmann,Borussia Dortmund,2023-24,MF,23.0,52,0,0,2024-05-18,2024-05-29,1.5
406640,Felix Nmecha,Borussia Dortmund,2023-24,MF,23.0,1017,1,2,2024-05-18,2024-05-29,20.0
406973,Moritz Broschinski,VfL Bochum,2023-24,FW,23.0,1245,2,4,2024-05-18,2024-05-29,3.0
407098,Jakub Kamiński,VfL Wolfsburg,2023-24,FW,21.0,465,0,2,2024-05-18,2024-05-29,6.0
409517,Yorbe Vertessen,1.FC Union Berlin,2023-24,FW,23.0,593,3,2,2024-05-18,2024-05-29,5.0
413843,Keven Schlotterbeck,VfL Bochum,2023-24,DF,27.0,2184,5,3,2024-05-18,2024-05-29,6.0
422355,Jens Petter Hauge,Eintracht Frankfurt,2023-24,FW,24.0,138,0,0,2024-05-18,2024-06-12,2.5
424204,Alphonso Davies,Bayern Munich,2023-24,DF,23.0,2067,2,6,2024-05-18,2024-05-29,50.0
429874,Ansgar Knauff,Eintracht Frankfurt,2023-24,FW,22.0,2119,7,3,2024-05-18,2024-05-29,10.0
431561,Roberto Massimo,VfB Stuttgart,2023-24,FW,23.0,79,0,0,2024-05-18,2024-05-29,0.8
433388,Matej Maglica,SV Darmstadt 98,2023-24,DF,25.0,1700,1,0,2024-05-18,2024-05-29,2.0
434224,Maxence Lacroix,VfL Wolfsburg,2023-24,DF,24.0,2365,4,1,2024-05-18,2024-05-29,20.0
435796,Kilian Fischer,VfL Wolfsburg,2023-24,DF,23.0,291,0,0,2024-05-18,2024-05-29,1.5
438315,Andreas Müller,SV Darmstadt 98,2023-24,MF,23.0,341,0,0,2024-05-18,2024-05-29,0.8
443331,Patrick Osterhage,VfL Bochum,2023-24,MF,24.0,1863,2,2,2024-05-18,2024-05-29,7.0
443710,Angelo Stiller,VfB Stuttgart,2023-24,MF,23.0,2781,1,5,2024-05-18,2024-05-29,20.0
445939,Omar Marmoush,Eintracht Frankfurt,2023-24,FW,25.0,2313,12,6,2024-05-18,2024-05-29,22.0
448028,Kevin Sessa,1. Fußballclub Heidenheim 1846,2023-24,MF,23.0,1002,3,0,2024-05-18,2024-05-29,2.5
448177,Jessic Ngankam,Eintracht Frankfurt,2023-24,FW,23.0,449,0,0,2024-05-18,2024-05-29,1.5
448258,Josha Vagnoman,VfB Stuttgart,2023-24,DF,23.0,1182,2,2,2024-05-18,2024-05-29,10.0
452477,Junior Adamu,SC Freiburg,2023-24,FW,22.0,93,0,0,2024-05-18,2024-05-29,4.0
453016,Anthony Caci,1.FSV Mainz 05,2023-24,DF,26.0,2493,2,3,2024-05-18,2024-05-29,7.0
453870,Benedict Hollerbach,1.FC Union Berlin,2023-24,FW,23.0,1283,5,0,2024-05-18,2024-05-29,4.0
454863,András Schäfer,1.FC Union Berlin,2023-24,MF,25.0,1219,1,2,2024-05-18,2024-05-29,5.0
455661,Nick Woltemade,SV Werder Bremen,2023-24,FW,22.0,1184,2,0,2024-05-18,2024-05-29,4.0
456492,Faride Alidou,1.FC Köln,2023-24,FW,22.0,1285,4,0,2024-05-18,2024-05-29,2.5
460245,Moritz Jenz,VfL Wolfsburg,2023-24,DF,25.0,1745,0,1,2024-05-18,2024-05-29,7.5
464195,Filip Stojilkovic,SV Darmstadt 98,2023-24,FW,24.0,149,0,0,2024-05-18,2024-06-06,0.8
467434,Rocco Reitz,Borussia Mönchengladbach,2023-24,MF,21.0,2144,6,3,2024-05-18,2024-05-29,10.0
467720,Youssoufa Moukoko,Borussia Dortmund,2023-24,FW,19.0,613,5,0,2024-05-18,2024-05-29,22.0
468539,Daniel Peretz,Bayern Munich,2023-24,GK,23.0,16,0,0,2024-05-18,2024-05-29,3.0
471055,Marvin Pieringer,1. Fußballclub Heidenheim 1846,2023-24,FW,24.0,1518,3,3,2024-05-18,2024-05-29,3.0
472243,Lilian Egloff,VfB Stuttgart,2023-24,MF,21.0,103,0,0,2024-05-18,2024-05-29,0.8
472249,Jan Thielmann,1.FC Köln,2023-24,FW,21.0,1591,1,0,2024-05-18,2024-05-29,5.0
475413,Sacha Boey,Bayern Munich,2023-24,DF,23.0,109,0,0,2024-05-18,2024-05-29,18.0
478573,Ryan Gravenberch,Bayern Munich,2023-24,MF,22.0,9,0,0,2024-05-18,2024-05-27,35.0
482573,Antonios Papadopoulos,Borussia Dortmund,2023-24,DF,24.0,116,0,0,2024-05-18,2024-05-29,1.0
483046,Josip Stanisic,Bayer 04 Leverkusen,2023-24,DF,24.0,1256,3,1,2024-05-18,2024-05-29,28.0
484547,Jeremie Frimpong,Bayer 04 Leverkusen,2023-24,DF,23.0,2266,9,9,2024-05-18,2024-05-29,50.0
485585,Ian Maatsen,Borussia Dortmund,2023-24,DF,22.0,1269,2,2,2024-05-18,2024-05-29,40.0
485747,Thomas Keller,1. Fußballclub Heidenheim 1846,2023-24,DF,24.0,2,0,0,2024-05-18,2024-05-29,0.35
485965,Nicolas Cozza,VfL Wolfsburg,2023-24,DF,25.0,277,0,0,2024-05-18,2024-06-03,3.5
487969,Randal Kolo Muani,Eintracht Frankfurt,2023-24,FW,25.0,155,1,0,2024-05-18,2024-06-03,45.0
490581,Mathias Olesen,1.FC Köln,2023-24,MF,23.0,107,0,0,2024-05-18,2024-05-31,1.5
496094,Karim Adeyemi,Borussia Dortmund,2023-24,FW,22.0,911,3,1,2024-05-18,2024-05-29,28.0
500054,David Jurásek,TSG 1899 Hoffenheim,2023-24,DF,23.0,490,0,1,2024-05-18,2024-05-29,8.0
503482,Min-jae Kim,Bayern Munich,2023-24,DF,27.0,1972,1,2,2024-05-18,2024-05-29,45.0
503881,Aster Vranckx,VfL Wolfsburg,2023-24,MF,21.0,1143,0,0,2024-05-18,2024-05-29,12.0
504153,Joe Scally,Borussia Mönchengladbach,2023-24,DF,21.0,2236,1,4,2024-05-18,2024-05-29,10.0
504215,Giovanni Reyna,Borussia Dortmund,2023-24,MF,21.0,271,0,1,2024-05-18,2024-05-27,18.0
507345,Leonidas Stergiou,VfB Stuttgart,2023-24,DF,22.0,588,1,0,2024-05-18,2024-05-29,5.0
513245,Jesper Lindstrøm,Eintracht Frankfurt,2023-24,FW,24.0,84,0,0,2024-05-18,2024-06-05,22.0
515017,Jacob Christensen,1.FC Köln,2023-24,MF,22.0,216,0,0,2024-05-18,2024-05-29,1.5
518505,Jamie Leweling,VfB Stuttgart,2023-24,FW,23.0,1523,4,7,2024-05-18,2024-05-29,9.0
520468,Iago,FC Augsburg,2023-24,DF,27.0,1623,1,1,2024-05-18,2024-05-29,4.0
524285,Luca Netz,Borussia Mönchengladbach,2023-24,DF,21.0,2232,0,5,2024-05-18,2024-05-29,10.0
526845,Noah Atubolu,SC Freiburg,2023-24,GK,21.0,3060,0,0,2024-05-18,2024-05-29,10.0
527276,Kenneth Schmidt,SC Freiburg,2023-24,DF,21.0,64,0,0,2024-05-18,2024-05-29,2.5
532776,Amine Adli,Bayer 04 Leverkusen,2023-24,FW,24.0,889,4,6,2024-05-18,2024-05-29,30.0
533295,Patrick Wimmer,VfL Wolfsburg,2023-24,FW,22.0,594,2,0,2024-05-18,2024-05-29,15.0
536482,Junior Dina Ebimbe,Eintracht Frankfurt,2023-24,MF,23.0,1969,5,3,2024-05-18,2024-05-29,12.0
541231,Sepp van den Berg,1.FSV Mainz 05,2023-24,DF,22.0,2838,3,0,2024-05-18,2024-05-29,12.0
542697,Rasmus Carstensen,1.FC Köln,2023-24,MF,23.0,1661,0,1,2024-05-18,2024-05-29,2.0
544148,Tomas Cvancara,Borussia Mönchengladbach,2023-24,FW,23.0,892,4,2,2024-05-18,2024-05-29,8.0
545332,Mikkel Kaufmann,1.FC Union Berlin,2023-24,FW,23.0,478,1,0,2024-05-18,2024-05-29,2.7
546213,Tuta,Eintracht Frankfurt,2023-24,DF,24.0,2607,1,2,2024-05-18,2024-05-29,12.0
548348,Kiliann Sildillia,SC Freiburg,2023-24,DF,22.0,1804,0,1,2024-05-18,2024-05-29,15.0
550829,Matej Kovar,Bayer 04 Leverkusen,2023-24,GK,24.0,90,0,0,2024-05-18,2024-05-29,7.0
552057,Adam Hlozek,Bayer 04 Leverkusen,2023-24,FW,21.0,452,2,3,2024-05-18,2024-05-29,12.0
557614,Nathanaël Mbuku,FC Augsburg,2023-24,FW,22.0,4,0,0,2024-05-18,2024-06-11,2.0
559263,Fábio Carvalho,RB Leipzig,2023-24,MF,21.0,158,0,0,2024-05-18,2024-05-24,14.0
564545,Edmond Tapsoba,Bayer 04 Leverkusen,2023-24,DF,25.0,2085,0,1,2024-05-18,2024-05-29,45.0
565435,Arne Engels,FC Augsburg,2023-24,MF,20.0,1396,3,5,2024-05-18,2024-05-29,9.0
566931,Xavi Simons,RB Leipzig,2023-24,MF,21.0,2676,8,13,2024-05-18,2024-05-29,80.0
569031,Umut Tohumcu,TSG 1899 Hoffenheim,2023-24,MF,19.0,1012,0,2,2024-05-18,2024-05-29,7.0
569366,Enzo Millot,VfB Stuttgart,2023-24,MF,21.0,2255,5,8,2024-05-18,2024-05-29,30.0
569457,Tim Breithaupt,FC Augsburg,2023-24,MF,22.0,626,0,0,2024-05-18,2024-05-29,3.0
571299,Hrvoje Smolcic,Eintracht Frankfurt,2023-24,DF,23.0,344,1,0,2024-05-18,2024-05-29,3.0
574193,Bambasé Conté,TSG 1899 Hoffenheim,2023-24,FW,20.0,43,0,0,2024-05-18,2024-05-29,0.7
574201,Grant-Leon Ranos,Borussia Mönchengladbach,2023-24,FW,20.0,42,0,0,2024-05-18,2024-05-29,1.0
578392,Maximilian Beier,TSG 1899 Hoffenheim,2023-24,FW,21.0,2435,16,3,2024-05-18,2024-05-29,30.0
580195,Jamal Musiala,Bayern Munich,2023-24,MF,21.0,1767,10,6,2024-05-18,2024-05-29,120.0
581357,Jan Schöppner,1. Fußballclub Heidenheim 1846,2023-24,MF,24.0,2000,2,2,2024-05-18,2024-05-29,3.0
584254,Maximilian Breunig,SC Freiburg,2023-24,FW,23.0,7,0,0,2024-05-18,2024-06-11,0.8
586659,Yvandro Borges Sanches,Borussia Mönchengladbach,2023-24,FW,19.0,16,0,1,2024-05-18,2024-05-31,1.0
591193,Niels Nkounkou,Eintracht Frankfurt,2023-24,DF,23.0,1301,3,3,2024-05-18,2024-05-29,7.5
596153,Justin Njinmah,SV Werder Bremen,2023-24,FW,23.0,1012,6,2,2024-05-18,2024-05-29,9.0
597000,Eric Martel,1.FC Köln,2023-24,MF,22.0,2465,1,2,2024-05-18,2024-05-29,7.5
598577,Florian Wirtz,Bayer 04 Leverkusen,2023-24,MF,21.0,2384,11,12,2024-05-18,2024-05-29,130.0
604320,Frans Krätzig,Bayern Munich,2023-24,DF,21.0,52,0,0,2024-05-18,2024-05-21,2.0
608832,Merlin Röhl,SC Freiburg,2023-24,MF,21.0,1484,2,4,2024-05-18,2024-05-29,12.0
612826,Silas,VfB Stuttgart,2023-24,FW,25.0,890,5,5,2024-05-18,2024-05-29,10.0
616344,Tiago Tomás,VfL Wolfsburg,2023-24,FW,21.0,1028,1,1,2024-05-18,2024-05-29,6.0
618350,Dion Beljo,FC Augsburg,2023-24,FW,22.0,561,2,0,2024-05-18,2024-05-29,4.0
618472,Castello Lukeba,RB Leipzig,2023-24,DF,21.0,2185,1,0,2024-05-18,2024-05-29,40.0
621802,Olivier Deman,SV Werder Bremen,2023-24,DF,24.0,1360,2,1,2024-05-18,2024-05-29,5.0
624690,Manu Koné,Borussia Mönchengladbach,2023-24,MF,23.0,1567,1,2,2024-05-18,2024-05-29,20.0
627442,Benjamin Sesko,RB Leipzig,2023-24,FW,20.0,1528,14,2,2024-05-18,2024-05-29,50.0
629588,Nathan Ngoumou,Borussia Mönchengladbach,2023-24,FW,24.0,1382,5,2,2024-05-18,2024-05-29,5.0
644771,Odilon Kossounou,Bayer 04 Leverkusen,2023-24,DF,23.0,1812,1,0,2024-05-18,2024-05-29,35.0
645774,Eren Dinkçi,1. Fußballclub Heidenheim 1846,2023-24,FW,22.0,2676,10,5,2024-05-18,2024-05-29,12.0
656681,Victor Boniface,Bayer 04 Leverkusen,2023-24,FW,23.0,1555,14,9,2024-05-18,2024-05-29,40.0
659813,Piero Hincapié,Bayer 04 Leverkusen,2023-24,DF,22.0,1483,1,1,2024-05-18,2024-05-29,40.0
661171,Willian Pacho,Eintracht Frankfurt,2023-24,DF,22.0,2970,0,2,2024-05-18,2024-05-29,35.0
666234,Mohamed Simakan,RB Leipzig,2023-24,DF,24.0,2140,2,4,2024-05-18,2024-05-29,35.0
670116,Isak Hansen-Aarøen,SV Werder Bremen,2023-24,MF,19.0,25,0,0,2024-05-18,2024-05-29,1.5
670882,Jamie Gittens,Borussia Dortmund,2023-24,FW,19.0,1059,1,6,2024-05-18,2024-05-29,28.0
673071,Oscar Vilhelmsson,SV Darmstadt 98,2023-24,FW,20.0,1375,4,1,2024-05-18,2024-05-29,2.0
678479,Denis Huseinbasic,1.FC Köln,2023-24,MF,22.0,1625,0,3,2024-05-18,2024-05-29,4.0
684315,Nnamdi Collins,Eintracht Frankfurt,2023-24,DF,20.0,90,0,0,2024-05-18,2024-05-29,1.0
684318,Samuel Bamba,Borussia Dortmund,2023-24,FW,20.0,45,0,0,2024-05-18,2024-06-11,0.8
690799,Anthony Rouault,VfB Stuttgart,2023-24,DF,22.0,1008,0,2,2024-05-18,2024-05-29,7.0
692070,Clemens Riedel,SV Darmstadt 98,2023-24,DF,20.0,753,0,0,2024-05-18,2024-05-29,2.0
692737,Aljoscha Kemlein,1.FC Union Berlin,2023-24,MF,19.0,27,0,0,2024-05-18,2024-06-06,3.0
696164,Tim Oermann,VfL Bochum,2023-24,DF,20.0,708,0,0,2024-05-18,2024-05-29,4.0
698523,Marcus Müller,1.FSV Mainz 05,2023-24,FW,21.0,17,0,0,2024-05-18,2024-06-30,0.2
700106,Brajan Gruda,1.FSV Mainz 05,2023-24,MF,19.0,1650,4,3,2024-05-18,2024-05-29,20.0
709726,Hugo Ekitiké,Eintracht Frankfurt,2023-24,FW,21.0,719,4,2,2024-05-18,2024-05-29,20.0
711517,Kevin Paredes,VfL Wolfsburg,2023-24,MF,21.0,1429,3,0,2024-05-18,2024-05-29,7.5
713644,Bryan Zaragoza,Bayern Munich,2023-24,FW,22.0,171,0,0,2024-05-18,2024-05-29,12.0
720162,Justin Diehl,1.FC Köln,2023-24,FW,19.0,164,0,0,2024-05-18,2024-05-29,2.5
724104,Fabio Chiarodia,Borussia Mönchengladbach,2023-24,DF,18.0,148,0,0,2024-05-18,2024-05-29,2.0
730486,Mahmut Kücüksahin,FC Augsburg,2023-24,MF,20.0,1,0,0,2024-05-18,2024-06-27,0.1
743395,Noah Mbamba,Bayer 04 Leverkusen,2023-24,MF,19.0,14,0,1,2024-05-18,2024-05-29,2.5
744857,Elias Baum,Eintracht Frankfurt,2023-24,DF,18.0,25,0,0,2024-05-18,2024-05-29,1.0
748382,Amin Sarr,VfL Wolfsburg,2023-24,FW,23.0,377,0,0,2024-05-18,2024-05-29,4.0
777005,Mert Kömür,FC Augsburg,2023-24,MF,18.0,116,1,0,2024-05-18,2024-05-29,2.0
787151,Lukas Ullrich,Borussia Mönchengladbach,2023-24,DF,20.0,44,0,0,2024-05-18,2024-05-29,0.75
787232,David Datro Fofana,1.FC Union Berlin,2023-24,FW,21.0,688,1,0,2024-05-18,2024-05-27,12.0
787912,El Chadaille Bitshiabu,RB Leipzig,2023-24,DF,19.0,29,0,0,2024-05-18,2024-05-29,12.0
792380,Aleksandar Pavlovic,Bayern Munich,2023-24,MF,20.0,1229,2,2,2024-05-18,2024-05-29,30.0
795738,Paxten Aaronson,Eintracht Frankfurt,2023-24,MF,20.0,95,0,1,2024-05-18,2024-05-31,4.5
796213,Nelson Weiper,1.FSV Mainz 05,2023-24,FW,19.0,121,0,0,2024-05-18,2024-05-29,5.0
801734,Mathys Tel,Bayern Munich,2023-24,FW,19.0,1023,7,5,2024-05-18,2024-05-29,40.0
804831,Hendry Blank,Borussia Dortmund,2023-24,DF,19.0,45,0,0,2024-05-18,2024-05-21,2.5
810649,Max Finkgräfe,1.FC Köln,2023-24,DF,20.0,1757,1,0,2024-05-18,2024-05-29,6.0
814950,Kofi Amoako,VfL Wolfsburg,2023-24,MF,19.0,2,0,0,2024-05-18,2024-05-29,0.4
815078,Jordy Makengo,SC Freiburg,2023-24,DF,22.0,1023,0,0,2024-05-18,2024-05-29,3.5
819215,Julien Duranville,Borussia Dortmund,2023-24,FW,18.0,10,0,0,2024-05-18,2024-05-29,8.5
819636,Dzenan Pejcinovic,VfL Wolfsburg,2023-24,FW,19.0,33,0,0,2024-05-18,2024-05-29,1.0
820241,Damion Downs,1.FC Köln,2023-24,FW,19.0,173,2,0,2024-05-18,2024-05-29,2.0
822958,Tim Drexler,TSG 1899 Hoffenheim,2023-24,DF,19.0,573,0,0,2024-05-18,2024-05-29,2.5
822959,Tom Bischof,TSG 1899 Hoffenheim,2023-24,MF,18.0,169,0,1,2024-05-18,2024-05-29,3.5
825073,Leon Opitz,SV Werder Bremen,2023-24,MF,19.0,16,0,0,2024-05-18,2024-05-29,0.6
826064,Samuele Di Benedetto,VfB Stuttgart,2023-24,MF,18.0,6,0,0,2024-05-18,2024-06-30,0.45
830108,Julián Malatini,SV Werder Bremen,2023-24,DF,22.0,602,1,0,2024-05-18,2024-05-29,2.5
855015,Farès Chaïbi,Eintracht Frankfurt,2023-24,MF,21.0,1923,2,6,2024-05-18,2024-05-29,18.0
855134,Skelly Alvero,SV Werder Bremen,2023-24,MF,22.0,120,1,0,2024-05-18,2024-05-29,4.0
856274,Jonathan Asp Jensen,Bayern Munich,2023-24,MF,18.0,1,0,0,2024-05-18,2024-06-27,1.3
867357,Nacho Ferri,Eintracht Frankfurt,2023-24,FW,19.0,68,1,0,2024-05-18,2024-05-29,2.0
884810,Kjell Wätjen,Borussia Dortmund,2023-24,MF,18.0,104,0,1,2024-05-18,2024-05-29,2.0
892973,Lovro Zvonarek,Bayern Munich,2023-24,MF,19.0,161,1,0,2024-05-18,2024-05-29,3.0
907489,Luca Raimund,VfB Stuttgart,2023-24,FW,19.0,28,0,0,2024-05-18,2024-05-29,0.5
917015,Fabio Torsiello,SV Darmstadt 98,2023-24,FW,19.0,147,0,0,2024-05-18,2024-05-29,0.5
920283,Matteo Pérez Vinlöf,Bayern Munich,2023-24,DF,18.0,15,0,0,2024-05-18,2024-06-27,0.6
922413,Marko Mladenovic,Eintracht Frankfurt,2023-24,MF,19.0,5,0,0,2024-05-18,2024-05-29,0.5
923595,Max Moerstedt,TSG 1899 Hoffenheim,2023-24,FW,18.0,11,0,0,2024-05-18,2024-05-29,1.0
931838,Hugo Larsson,Eintracht Frankfurt,2023-24,MF,19.0,1887,2,1,2024-05-18,2024-05-29,28.0
936981,Gustavo Puerta,Bayer 04 Leverkusen,2023-24,MF,20.0,41,0,0,2024-05-18,2024-05-29,3.0
939964,Jean-Mattéo Bahoya,Eintracht Frankfurt,2023-24,FW,19.0,171,0,0,2024-05-18,2024-05-29,7.5
943795,Jovan Milosevic,VfB Stuttgart,2023-24,FW,18.0,26,0,0,2024-05-18,2024-05-31,0.7
977464,Arthur,Bayer 04 Leverkusen,2023-24,DF,21.0,183,0,2,2024-05-18,2024-05-29,5.0
1073997,Shio Fukuda,Borussia Mönchengladbach,2023-24,FW,20.0,32,0,0,2024-05-18,2024-05-29,0.3
7161,Jonas Hofmann,Bayer 04 Leverkusen,2024-25,MF,32.0,352,2,1,2025-05-17,2025-06-05,2.0
17259,Manuel Neuer,Bayern Munich,2024-25,GK,39.0,1980,0,0,2025-05-17,2025-06-05,4.0
31653,Tobias Sippel,Borussia Mönchengladbach,2024-25,GK,37.0,58,0,0,2025-05-17,2025-06-05,0.3
40680,Sven Ulreich,Bayern Munich,2024-25,GK,36.0,90,0,0,2025-05-17,2025-06-05,0.5
43824,Kevin Müller,1. Fußballclub Heidenheim 1846,2024-25,GK,34.0,2940,0,0,2025-05-17,2025-06-05,0.7
45672,Kevin Trapp,Eintracht Frankfurt,2024-25,GK,34.0,2295,0,0,2025-05-17,2025-06-05,2.5
46580,Andrej Kramaric,TSG 1899 Hoffenheim,2024-25,FW,33.0,2781,11,8,2025-05-17,2025-06-05,4.0
48015,Lukas Hradecky,Bayer 04 Leverkusen,2024-25,GK,35.0,2610,0,0,2025-05-17,2025-06-05,2.0
49723,Timothy Chandler,Eintracht Frankfurt,2024-25,DF,35.0,22,0,0,2025-05-17,2025-06-05,0.35
55089,Oliver Baumann,TSG 1899 Hoffenheim,2024-25,GK,34.0,2520,0,0,2025-05-17,2025-06-05,3.0
55099,Nicolas Höfler,SC Freiburg,2024-25,MF,35.0,785,0,0,2025-05-17,2025-06-05,0.5
55508,Lewis Holtby,Holstein Kiel,2024-25,MF,34.0,1235,0,2,2025-05-17,2025-06-05,0.5
57071,Péter Gulácsi,RB Leipzig,2024-25,GK,35.0,2632,0,0,2025-05-17,2025-06-05,2.0
58358,Thomas Müller,Bayern Munich,2024-25,FW,35.0,1218,1,4,2025-05-17,2025-06-05,6.0
58995,Anthony Jung,SV Werder Bremen,2024-25,DF,33.0,1898,0,0,2025-05-17,2025-06-05,1.0
74842,Mario Götze,Eintracht Frankfurt,2024-25,MF,32.0,1549,3,2,2025-05-17,2025-06-05,4.0
75921,Christopher Trimmel,1.FC Union Berlin,2024-25,DF,38.0,1744,0,3,2025-05-17,2025-06-05,0.6
76158,Alexander Meyer,Borussia Dortmund,2024-25,GK,34.0,180,0,0,2025-05-17,2025-06-05,0.8
82009,Kevin Volland,1.FC Union Berlin,2024-25,MF,32.0,57,0,0,2025-05-17,2025-06-05,0.7
82350,Stefan Bell,1.FSV Mainz 05,2024-25,DF,33.0,1438,0,1,2025-05-17,2025-06-05,0.8
82873,Pascal Groß,Borussia Dortmund,2024-25,MF,33.0,2337,0,10,2025-05-17,2025-06-05,5.0
84435,Kevin Vogt,1.FC Union Berlin,2024-25,DF,33.0,1371,1,0,2025-05-17,2025-06-05,1.0
84938,Timo Horn,VfL Bochum,2024-25,GK,32.0,1170,0,0,2025-05-17,2025-06-05,0.8
85791,Stefan Lainer,Borussia Mönchengladbach,2024-25,DF,32.0,744,1,0,2025-05-17,2025-06-05,1.2
85906,Danny da Costa,1.FSV Mainz 05,2024-25,DF,31.0,2010,0,1,2025-05-17,2025-06-05,1.5
93604,Lukas Kübler,SC Freiburg,2024-25,DF,32.0,1849,5,1,2025-05-17,2025-06-05,1.5
93707,Christian Günter,SC Freiburg,2024-25,DF,32.0,2324,2,4,2025-05-17,2025-06-05,3.5
93740,Willi Orbán,RB Leipzig,2024-25,DF,32.0,2224,5,0,2025-05-17,2025-06-05,8.0
93763,Alexander Schwolow,1.FC Union Berlin,2024-25,GK,32.0,540,0,0,2025-05-17,2025-06-05,0.5
93844,Leonardo Bittencourt,SV Werder Bremen,2024-25,MF,31.0,974,2,1,2025-05-17,2025-06-05,1.5
94030,Denis Thomalla,1. Fußballclub Heidenheim 1846,2024-25,MF,32.0,3,0,0,2025-05-17,2025-05-29,0.45
94192,Patrick Drewes,VfL Bochum,2024-25,GK,32.0,1890,0,0,2025-05-17,2025-06-05,0.5
106405,Jeffrey Gouweleeuw,FC Augsburg,2024-25,DF,33.0,2945,1,4,2025-05-17,2025-06-05,1.5
106872,Kevin Stöger,Borussia Mönchengladbach,2024-25,MF,31.0,1544,3,4,2025-05-17,2025-06-05,3.5
106987,Marcel Sabitzer,Borussia Dortmund,2024-25,MF,31.0,1616,1,0,2025-05-17,2025-06-05,8.0
107775,Frederik Rönnow,1.FC Union Berlin,2024-25,GK,32.0,2520,0,0,2025-05-17,2025-06-05,3.0
111266,Anthony Losilla,VfL Bochum,2024-25,MF,39.0,1138,0,0,2025-05-17,2025-06-05,0.5
111455,Granit Xhaka,Bayer 04 Leverkusen,2024-25,MF,32.0,2891,2,7,2025-05-17,2025-06-05,12.0
115979,Thomas Dähne,Holstein Kiel,2024-25,GK,31.0,810,0,0,2025-05-17,2025-06-05,0.4
116088,Marius Bülter,TSG 1899 Hoffenheim,2024-25,FW,32.0,1740,7,4,2025-05-17,2025-06-05,2.5
117432,Kevin Behrens,VfL Wolfsburg,2024-25,FW,34.0,154,1,1,2025-05-17,2025-06-05,1.0
117478,Marnon Busch,1. Fußballclub Heidenheim 1846,2024-25,DF,30.0,1397,0,1,2025-05-17,2025-06-05,1.2
117674,Maximilian Arnold,VfL Wolfsburg,2024-25,MF,30.0,2359,3,5,2025-05-17,2025-06-05,5.0
118161,Marius Müller,VfL Wolfsburg,2024-25,GK,31.0,474,0,0,2025-05-17,2025-06-05,1.5
118847,Dominik Kohr,1.FSV Mainz 05,2024-25,DF,31.0,2305,2,0,2025-05-17,2025-06-05,3.5
118850,Ivan Ordets,VfL Bochum,2024-25,DF,32.0,1865,0,0,2025-05-17,2025-06-05,1.0
119037,Philipp Hofmann,VfL Bochum,2024-25,FW,32.0,2288,3,4,2025-05-17,2025-06-05,1.0
119211,Mitchell Weiser,SV Werder Bremen,2024-25,DF,31.0,2870,5,9,2025-05-17,2025-06-05,5.0
119234,Karim Onisiwo,1.FSV Mainz 05,2024-25,FW,33.0,107,0,0,2025-05-17,2025-06-06,0.8
119277,Yannick Gerhardt,VfL Wolfsburg,2024-25,MF,31.0,1508,1,1,2025-05-17,2025-06-05,2.5
119296,Emre Can,Borussia Dortmund,2024-25,DF,31.0,2102,3,1,2025-05-17,2025-06-05,7.0
120205,Michael Gregoritsch,SC Freiburg,2024-25,FW,31.0,631,2,1,2025-05-17,2025-06-05,3.0
121686,Cristian Gamboa,VfL Bochum,2024-25,DF,35.0,217,1,0,2025-05-17,2025-06-05,0.5
124410,Rani Khedira,1.FC Union Berlin,2024-25,MF,31.0,2727,1,1,2025-05-17,2025-06-05,2.5
124502,Matthias Ginter,SC Freiburg,2024-25,DF,31.0,2560,2,1,2025-05-17,2025-06-05,7.0
125103,Marvin Ducksch,SV Werder Bremen,2024-25,FW,31.0,2435,8,9,2025-05-17,2025-06-05,6.0
127076,Jérôme Roussillon,1.FC Union Berlin,2024-25,DF,32.0,131,0,0,2025-05-17,2025-06-05,0.8
127573,Phillipp Mwene,1.FSV Mainz 05,2024-25,DF,31.0,2618,1,5,2025-05-17,2025-06-05,1.8
132098,Harry Kane,Bayern Munich,2024-25,FW,31.0,2391,26,10,2025-05-17,2025-06-05,75.0
133731,Patrick Mainka,1. Fußballclub Heidenheim 1846,2024-25,DF,30.0,3060,1,1,2025-05-17,2025-06-05,3.0
139304,Karol Mets,FC St. Pauli,2024-25,DF,32.0,900,0,0,2025-05-17,2025-06-05,1.3
143798,Pavel Kaderabek,TSG 1899 Hoffenheim,2024-25,MF,33.0,1574,2,0,2025-05-17,2025-06-05,1.7
143891,Maximilian Philipp,SC Freiburg,2024-25,FW,31.0,15,0,0,2025-05-17,2025-06-05,0.8
153084,Leon Goretzka,Bayern Munich,2024-25,MF,30.0,1315,4,1,2025-05-17,2025-06-05,22.0
154147,Hauke Wahl,FC St. Pauli,2024-25,DF,31.0,2970,0,0,2025-05-17,2025-06-05,1.5
156990,Marco Friedl,SV Werder Bremen,2024-25,DF,27.0,2164,0,0,2025-05-17,2025-06-05,12.0
157635,Yussuf Poulsen,RB Leipzig,2024-25,FW,30.0,362,2,0,2025-05-17,2025-06-05,5.0
159088,Robert Andrich,Bayer 04 Leverkusen,2024-25,MF,30.0,1605,2,1,2025-05-17,2025-06-05,9.0
159471,Serge Gnabry,Bayern Munich,2024-25,FW,29.0,1236,7,5,2025-05-17,2025-06-05,22.0
160241,Kevin Akpoguma,TSG 1899 Hoffenheim,2024-25,DF,30.0,2216,0,0,2025-05-17,2025-06-05,2.5
160963,Robin Zentner,1.FSV Mainz 05,2024-25,GK,30.0,2880,0,0,2025-05-17,2025-06-05,4.0
161056,Joshua Kimmich,Bayern Munich,2024-25,MF,30.0,2847,3,7,2025-05-17,2025-06-05,45.0
162434,Niklas Stark,SV Werder Bremen,2024-25,DF,30.0,2111,0,1,2025-05-17,2025-06-05,4.0
166601,Niklas Süle,Borussia Dortmund,2024-25,DF,29.0,1058,0,0,2025-05-17,2025-06-05,8.0
167329,Alassane Pléa,Borussia Mönchengladbach,2024-25,FW,32.0,1916,11,6,2025-05-17,2025-06-05,5.0
168989,Silvan Widmer,1.FSV Mainz 05,2024-25,DF,32.0,489,0,1,2025-05-17,2025-06-05,1.2
170986,Raphaël Guerreiro,Bayern Munich,2024-25,DF,31.0,1583,4,3,2025-05-17,2025-06-05,8.0
175722,Eric Dier,Bayern Munich,2024-25,DF,31.0,1461,2,1,2025-05-17,2025-06-05,8.0
177779,Janik Haberer,1.FC Union Berlin,2024-25,MF,31.0,1704,0,0,2025-05-17,2025-06-05,2.5
179184,Michy Batshuayi,Eintracht Frankfurt,2024-25,FW,31.0,298,3,0,2025-05-17,2025-06-05,4.0
185077,Vincenzo Grifo,SC Freiburg,2024-25,FW,32.0,2455,8,11,2025-05-17,2025-06-05,6.0
187097,Budu Zivzivadze,1. Fußballclub Heidenheim 1846,2024-25,FW,31.0,955,2,2,2025-05-17,2025-06-05,2.0
187492,Julian Brandt,Borussia Dortmund,2024-25,MF,29.0,2319,5,10,2025-05-17,2025-06-05,25.0
190284,Maximilian Eggestein,SC Freiburg,2024-25,MF,28.0,2855,2,0,2025-05-17,2025-06-05,10.0
190289,Gerrit Holtmann,VfL Bochum,2024-25,FW,30.0,1138,2,1,2025-05-17,2025-06-05,0.7
191422,Mahmoud Dahoud,Eintracht Frankfurt,2024-25,MF,29.0,362,1,1,2025-05-17,2025-06-05,3.5
192169,Jonas Föhrenbach,1. Fußballclub Heidenheim 1846,2024-25,DF,29.0,1832,0,1,2025-05-17,2025-06-05,1.5
192557,Jackson Irvine,FC St. Pauli,2024-25,MF,32.0,2610,0,5,2025-05-17,2025-06-05,2.0
192565,Leroy Sané,Bayern Munich,2024-25,FW,29.0,1634,11,6,2025-05-17,2025-06-05,32.0
192635,Nico Elvedi,Borussia Mönchengladbach,2024-25,DF,28.0,2136,1,1,2025-05-17,2025-06-05,8.0
193004,Waldemar Anton,Borussia Dortmund,2024-25,DF,28.0,1948,2,2,2025-05-17,2025-06-05,18.0
193033,Tim Kleindienst,Borussia Mönchengladbach,2024-25,FW,29.0,2745,16,9,2025-05-17,2025-06-05,17.0
193082,Alejandro Grimaldo,Bayer 04 Leverkusen,2024-25,DF,29.0,2646,2,8,2025-05-17,2025-06-05,30.0
193859,Patrick Erras,Holstein Kiel,2024-25,DF,30.0,833,1,0,2025-05-17,2025-06-05,0.8
193900,Marius Wolf,FC Augsburg,2024-25,DF,29.0,2163,1,3,2025-05-17,2025-06-05,3.0
195246,Pascal Stenzel,VfB Stuttgart,2024-25,DF,29.0,289,0,0,2025-05-17,2025-06-05,2.0
195736,Florian Grillitsch,TSG 1899 Hoffenheim,2024-25,MF,29.0,604,0,0,2025-05-17,2025-06-09,2.0
195778,Alexander Nübel,VfB Stuttgart,2024-25,GK,28.0,3060,0,1,2025-05-17,2025-06-05,12.0
196231,Marvin Friedrich,Borussia Mönchengladbach,2024-25,DF,29.0,980,0,1,2025-05-17,2025-06-05,3.5
196357,Jonathan Tah,Bayer 04 Leverkusen,2024-25,DF,29.0,2970,3,1,2025-05-17,2025-06-05,30.0
196792,Julian Weigl,Borussia Mönchengladbach,2024-25,MF,29.0,2888,0,2,2025-05-17,2025-06-05,6.0
196793,Maximilian Wittek,VfL Bochum,2024-25,DF,29.0,2715,0,1,2025-05-17,2025-06-05,1.5
196813,Michael Zetterer,SV Werder Bremen,2024-25,GK,29.0,3060,0,0,2025-05-17,2025-06-05,4.5
198008,André Silva,SV Werder Bremen,2024-25,FW,29.0,501,2,2,2025-05-17,2025-06-05,4.0
202228,Milos Veljkovic,SV Werder Bremen,2024-25,DF,29.0,1029,0,1,2025-05-17,2025-06-05,3.0
202591,Benjamin Henrichs,RB Leipzig,2024-25,DF,28.0,934,0,2,2025-05-17,2025-06-05,15.0
203123,Haris Tabakovic,TSG 1899 Hoffenheim,2024-25,FW,30.0,811,3,1,2025-05-17,2025-06-05,2.5
204047,Matus Bero,VfL Bochum,2024-25,MF,29.0,2570,5,2,2025-05-17,2025-06-05,3.0
215599,Lukas Klostermann,RB Leipzig,2024-25,DF,28.0,1834,1,0,2025-05-17,2025-06-05,8.0
223967,Konrad Laimer,Bayern Munich,2024-25,DF,27.0,1697,2,3,2025-05-17,2025-06-05,25.0
223979,Xaver Schlager,RB Leipzig,2024-25,MF,27.0,181,0,0,2025-05-17,2025-06-05,10.0
225043,Carl Johansson,Holstein Kiel,2024-25,DF,30.0,568,0,0,2025-05-17,2025-06-05,0.5
225657,Philipp Lienhart,SC Freiburg,2024-25,DF,28.0,2771,1,0,2025-05-17,2025-06-05,12.0
227084,Benedikt Gimber,1. Fußballclub Heidenheim 1846,2024-25,DF,28.0,2677,0,0,2025-05-17,2025-06-05,3.0
227511,Maurides,FC St. Pauli,2024-25,FW,31.0,1,0,0,2025-05-17,2025-05-28,0.35
229006,Franck Honorat,Borussia Mönchengladbach,2024-25,FW,28.0,1455,4,9,2025-05-17,2025-06-05,12.0
232320,Atakan Karazor,VfB Stuttgart,2024-25,MF,28.0,2626,2,4,2025-05-17,2025-06-05,12.0
232454,Nadiem Amiri,1.FSV Mainz 05,2024-25,MF,28.0,2484,7,5,2025-05-17,2025-06-05,20.0
234029,Grischa Prömel,TSG 1899 Hoffenheim,2024-25,MF,30.0,175,0,0,2025-05-17,2025-06-05,3.0
236966,Adam Dzwigala,FC St. Pauli,2024-25,DF,29.0,363,0,0,2025-05-17,2025-06-05,0.6
237164,Ihlas Bebou,TSG 1899 Hoffenheim,2024-25,FW,31.0,8,0,0,2025-05-17,2025-06-05,1.0
238639,Steve Mounié,FC Augsburg,2024-25,FW,30.0,334,1,0,2025-05-17,2025-06-05,2.0
239962,Denis Vavro,VfL Wolfsburg,2024-25,DF,29.0,2462,2,0,2025-05-17,2025-06-05,7.0
242086,Patrik Schick,Bayer 04 Leverkusen,2024-25,FW,29.0,1686,21,1,2025-05-17,2025-06-05,27.0
242661,Manolis Saliakas,FC St. Pauli,2024-25,DF,28.0,2324,2,2,2025-05-17,2025-06-05,3.0
243188,László Bénes,1.FC Union Berlin,2024-25,MF,27.0,572,2,1,2025-05-17,2025-06-05,3.0
243714,Kingsley Coman,Bayern Munich,2024-25,FW,28.0,1280,5,4,2025-05-17,2025-06-05,30.0
244940,Salih Özcan,Borussia Dortmund,2024-25,MF,27.0,731,0,0,2025-05-17,2025-06-05,4.0
247915,Jonas Omlin,Borussia Mönchengladbach,2024-25,GK,31.0,979,0,0,2025-05-17,2025-06-05,2.5
248454,Nikola Vasilj,FC St. Pauli,2024-25,GK,29.0,2970,0,0,2025-05-17,2025-06-05,3.5
248999,Lucas Höler,SC Freiburg,2024-25,FW,30.0,1869,6,3,2025-05-17,2025-06-05,3.0
249157,Fredrik Jensen,FC Augsburg,2024-25,MF,27.0,760,0,0,2025-05-17,2025-06-05,3.5
251299,Finn Dahmen,FC Augsburg,2024-25,GK,27.0,1710,0,0,2025-05-17,2025-06-05,9.0
251302,Niklas Dorsch,1. Fußballclub Heidenheim 1846,2024-25,MF,27.0,1378,2,2,2025-05-17,2025-06-05,3.5
251303,Johannes Eggestein,FC St. Pauli,2024-25,FW,27.0,1867,3,4,2025-05-17,2025-06-05,2.5
251309,Dennis Geiger,TSG 1899 Hoffenheim,2024-25,MF,26.0,729,0,0,2025-05-17,2025-06-05,2.0
257455,João Palhinha,Bayern Munich,2024-25,MF,29.0,667,0,0,2025-05-17,2025-06-05,30.0
257814,Gregor Kobel,Borussia Dortmund,2024-25,GK,27.0,2880,0,0,2025-05-17,2025-06-05,40.0
261504,Aleix García,Bayer 04 Leverkusen,2024-25,MF,27.0,1452,3,4,2025-05-17,2025-06-05,20.0
270393,Robert Skov,1.FC Union Berlin,2024-25,MF,28.0,857,2,2,2025-05-17,2025-06-05,4.0
270541,Serhou Guirassy,Borussia Dortmund,2024-25,FW,29.0,2602,21,4,2025-05-17,2025-06-05,45.0
272278,Chris Führich,VfB Stuttgart,2024-25,FW,27.0,1987,2,4,2025-05-17,2025-06-05,15.0
273132,Robin Gosens,1.FC Union Berlin,2024-25,DF,30.0,90,0,0,2025-05-17,2025-06-17,8.0
273669,Adrian Beck,1. Fußballclub Heidenheim 1846,2024-25,MF,27.0,1597,4,1,2025-05-17,2025-06-05,2.0
274461,Felix Passlack,VfL Bochum,2024-25,DF,26.0,2345,1,6,2025-05-17,2025-06-05,2.0
278332,Florian Neuhaus,Borussia Mönchengladbach,2024-25,MF,28.0,368,0,1,2025-05-17,2025-06-05,3.5
280575,Elvis Rexhbecaj,FC Augsburg,2024-25,MF,27.0,1792,1,1,2025-05-17,2025-06-05,3.5
281769,Mario Hermoso,Bayer 04 Leverkusen,2024-25,DF,29.0,292,0,0,2025-05-17,2025-06-05,7.0
282349,Timo Becker,Holstein Kiel,2024-25,DF,28.0,2446,0,2,2025-05-17,2025-06-05,1.5
282660,Maximilian Mittelstädt,VfB Stuttgart,2024-25,DF,28.0,2476,1,8,2025-05-17,2025-06-05,20.0
283497,Mathias Honsak,1. Fußballclub Heidenheim 1846,2024-25,FW,28.0,1176,5,1,2025-05-17,2025-06-05,2.0
284010,Robin Hack,Borussia Mönchengladbach,2024-25,FW,26.0,2188,4,8,2025-05-17,2025-06-05,12.0
284270,Moritz Nicolas,Borussia Mönchengladbach,2024-25,GK,27.0,1640,0,0,2025-05-17,2025-06-05,5.0
284732,Ramy Bensebaini,Borussia Dortmund,2024-25,DF,30.0,2023,1,6,2025-05-17,2025-06-05,7.0
284769,Florian Müller,SC Freiburg,2024-25,GK,27.0,752,0,0,2025-05-17,2025-06-05,1.2
287920,Tim Skarke,1.FC Union Berlin,2024-25,FW,28.0,1155,0,2,2025-05-17,2025-06-05,2.0
288340,Phillip Tietz,FC Augsburg,2024-25,FW,27.0,1685,7,2,2025-05-17,2025-06-05,5.0
288429,Mads Pedersen,FC Augsburg,2024-25,DF,28.0,231,0,0,2025-05-17,2025-06-05,2.0
289835,Jens Stage,SV Werder Bremen,2024-25,MF,28.0,2210,10,5,2025-05-17,2025-06-05,14.0
290587,Ellyes Skhiri,Eintracht Frankfurt,2024-25,MF,30.0,2234,1,2,2025-05-17,2025-06-05,7.5
292534,Eric Smith,FC St. Pauli,2024-25,DF,28.0,2828,1,1,2025-05-17,2025-06-05,5.0
293281,Jacob Bruun Larsen,VfB Stuttgart,2024-25,FW,26.0,800,3,3,2025-05-17,2025-06-05,5.0
295060,Koji Miyoshi,VfL Bochum,2024-25,MF,28.0,460,1,0,2025-05-17,2025-06-05,1.5
295630,Dimitrios Giannoulis,FC Augsburg,2024-25,DF,29.0,2656,1,4,2025-05-17,2025-06-05,3.0
296397,Arne Maier,FC Augsburg,2024-25,MF,26.0,923,0,1,2025-05-17,2025-06-05,4.0
296428,Timon Weiner,Holstein Kiel,2024-25,GK,26.0,2250,0,0,2025-05-17,2025-06-05,1.0
297583,Woo-yeong Jeong,1.FC Union Berlin,2024-25,MF,25.0,1271,3,2,2025-05-17,2025-06-05,4.0
303219,Jeff Chabot,VfB Stuttgart,2024-25,DF,27.0,2274,3,1,2025-05-17,2025-06-05,12.0
307183,Sirlord Conteh,1. Fußballclub Heidenheim 1846,2024-25,FW,28.0,874,1,1,2025-05-17,2025-06-05,1.5
307924,Mergim Berisha,TSG 1899 Hoffenheim,2024-25,FW,27.0,368,1,1,2025-05-17,2025-06-05,3.5
314288,Lukas Nmecha,VfL Wolfsburg,2024-25,FW,26.0,455,3,0,2025-05-17,2025-06-05,3.0
314398,Jae-sung Lee,1.FSV Mainz 05,2024-25,MF,32.0,2666,7,8,2025-05-17,2025-06-05,2.5
315332,Aymen Barkok,1.FSV Mainz 05,2024-25,MF,26.0,70,0,0,2025-05-17,2025-06-19,0.5
315604,Diadié Samassékou,TSG 1899 Hoffenheim,2024-25,MF,29.0,294,0,0,2025-05-17,2025-06-05,1.0
316575,Moritz-Broni Kwarteng,VfL Bochum,2024-25,MF,27.0,165,0,0,2025-05-17,2025-06-19,1.0
318204,David Raum,RB Leipzig,2024-25,DF,27.0,1788,1,5,2025-05-17,2025-06-05,20.0
321247,Emiliano Buendía,Bayer 04 Leverkusen,2024-25,FW,28.0,252,2,0,2025-05-17,2025-06-05,15.0
324278,Christoph Baumgartner,RB Leipzig,2024-25,MF,25.0,1609,2,1,2025-05-17,2025-06-05,12.0
324811,Arnaud Nordin,1.FSV Mainz 05,2024-25,FW,26.0,75,0,0,2025-05-17,2025-06-05,5.0
326029,Donyell Malen,Borussia Dortmund,2024-25,FW,26.0,612,3,0,2025-05-17,2025-05-30,25.0
327251,Ridle Baku,RB Leipzig,2024-25,DF,27.0,2453,4,5,2025-05-17,2025-06-05,9.0
328784,Robin Koch,Eintracht Frankfurt,2024-25,DF,28.0,2589,3,0,2025-05-17,2025-06-05,18.0
329373,Carlo Boukhalfa,FC St. Pauli,2024-25,MF,26.0,1654,2,0,2025-05-17,2025-06-05,2.0
329517,Georgios Masouras,VfL Bochum,2024-25,FW,31.0,1065,2,0,2025-05-17,2025-06-05,2.0
331362,Benedikt Pichler,Holstein Kiel,2024-25,FW,27.0,778,1,2,2025-05-17,2025-06-05,1.5
332798,Roland Sallai,SC Freiburg,2024-25,DF,27.0,45,0,0,2025-05-17,2025-06-18,10.0
333647,Jonathan Burkardt,1.FSV Mainz 05,2024-25,FW,24.0,2125,18,3,2025-05-17,2025-06-05,35.0
333903,Lars Ritzka,FC St. Pauli,2024-25,DF,27.0,919,1,0,2025-05-17,2025-06-05,1.0
334207,Maxim Leitsch,1.FSV Mainz 05,2024-25,DF,26.0,670,1,0,2025-05-17,2025-06-05,1.5
334213,Lukas Daschner,VfL Bochum,2024-25,MF,26.0,406,1,1,2025-05-17,2025-06-10,0.9
334221,Amos Pieper,SV Werder Bremen,2024-25,DF,27.0,1500,0,0,2025-05-17,2025-06-05,3.5
334999,Finn Becker,TSG 1899 Hoffenheim,2024-25,MF,24.0,666,0,1,2025-05-17,2025-06-05,2.0
335457,Ermedin Demirovic,VfB Stuttgart,2024-25,FW,27.0,1855,15,2,2025-05-17,2025-06-05,22.0
335631,Marco Komenda,Holstein Kiel,2024-25,DF,28.0,1311,0,0,2025-05-17,2025-06-05,0.8
335993,Philipp Treu,FC St. Pauli,2024-25,DF,24.0,2885,0,3,2025-05-17,2025-06-05,5.0
337036,Florent Muslija,SC Freiburg,2024-25,FW,26.0,160,0,0,2025-05-17,2025-06-05,1.8
337092,Tim Siersleben,1. Fußballclub Heidenheim 1846,2024-25,DF,25.0,1182,0,0,2025-05-17,2025-06-05,2.0
338629,Sebastiaan Bornauw,VfL Wolfsburg,2024-25,DF,26.0,784,2,0,2025-05-17,2025-06-05,6.0
338668,Senne Lynen,SV Werder Bremen,2024-25,MF,26.0,2748,0,1,2025-05-17,2025-06-05,9.0
339314,Deniz Undav,VfB Stuttgart,2024-25,FW,28.0,1729,9,3,2025-05-17,2025-06-05,20.0
340322,Nathan Tella,Bayer 04 Leverkusen,2024-25,FW,25.0,1363,2,4,2025-05-17,2025-06-05,15.0
340459,Dani de Wit,VfL Bochum,2024-25,MF,27.0,1145,2,2,2025-05-17,2025-06-05,2.5
340700,Ivan Prtajin,1.FC Union Berlin,2024-25,FW,29.0,158,0,0,2025-05-17,2025-06-05,1.2
341317,Oliver Burke,SV Werder Bremen,2024-25,FW,28.0,898,5,0,2025-05-17,2025-06-05,3.0
342039,Yannik Keitel,VfB Stuttgart,2024-25,MF,25.0,265,0,0,2025-05-17,2025-06-05,3.5
342405,Mattias Svanberg,VfL Wolfsburg,2024-25,MF,26.0,1223,3,1,2025-05-17,2025-06-05,12.0
342967,Niklas Beste,SC Freiburg,2024-25,FW,26.0,200,0,1,2025-05-17,2025-06-05,7.0
343337,Fiete Arp,Holstein Kiel,2024-25,MF,25.0,698,2,0,2025-05-17,2025-06-05,0.8
343959,Erhan Masovic,VfL Bochum,2024-25,DF,26.0,907,1,1,2025-05-17,2025-06-05,2.0
344069,Anton Stach,TSG 1899 Hoffenheim,2024-25,MF,26.0,2590,1,2,2025-05-17,2025-06-05,14.0
344598,Dan-Axel Zagadou,VfB Stuttgart,2024-25,DF,25.0,27,0,0,2025-05-17,2025-06-05,2.0
344695,Dayot Upamecano,Bayern Munich,2024-25,DF,26.0,1763,2,0,2025-05-17,2025-06-05,50.0
345886,Rubén Vargas,FC Augsburg,2024-25,FW,26.0,304,0,0,2025-05-17,2025-06-09,7.0
346499,Danel Sinani,FC St. Pauli,2024-25,MF,28.0,1253,2,1,2025-05-17,2025-06-05,1.5
346551,Kamil Grabara,VfL Wolfsburg,2024-25,GK,26.0,2586,0,0,2025-05-17,2025-06-05,14.0
346853,Romano Schmid,SV Werder Bremen,2024-25,MF,25.0,2846,5,5,2025-05-17,2025-06-05,17.0
348026,Nordi Mukiele,Bayer 04 Leverkusen,2024-25,DF,27.0,896,1,0,2025-05-17,2025-06-05,10.0
353826,Robert Gumny,FC Augsburg,2024-25,DF,26.0,268,0,0,2025-05-17,2025-06-05,1.5
353892,Hiroki Ito,Bayern Munich,2024-25,DF,26.0,249,1,0,2025-05-17,2025-06-05,25.0
353948,Lucas Tousart,1.FC Union Berlin,2024-25,MF,28.0,561,0,1,2025-05-17,2025-06-05,2.5
355369,Jordan,1.FC Union Berlin,2024-25,FW,29.0,907,0,1,2025-05-17,2025-06-03,3.0
355816,Ko Itakura,Borussia Mönchengladbach,2024-25,DF,28.0,2790,3,1,2025-05-17,2025-06-05,12.0
357156,Diogo Leite,1.FC Union Berlin,2024-25,DF,26.0,2548,1,2,2025-05-17,2025-06-05,17.0
358504,Ritsu Doan,SC Freiburg,2024-25,FW,26.0,2874,10,8,2025-05-17,2025-06-05,25.0
361575,Tymoteusz Puchacz,Holstein Kiel,2024-25,DF,26.0,395,0,1,2025-05-17,2025-05-27,1.5
362977,Josip Juranovic,1.FC Union Berlin,2024-25,DF,29.0,1159,0,0,2025-05-17,2025-06-05,4.0
364258,Bernardo,VfL Bochum,2024-25,DF,30.0,1781,0,0,2025-05-17,2025-06-05,5.5
367284,Leo Østigård,TSG 1899 Hoffenheim,2024-25,DF,25.0,928,0,0,2025-05-17,2025-06-05,10.0
368887,Loïs Openda,RB Leipzig,2024-25,FW,25.0,2464,9,9,2025-05-17,2025-06-05,50.0
368891,Arthur Theate,Eintracht Frankfurt,2024-25,DF,24.0,2709,0,0,2025-05-17,2025-06-05,24.0
369674,Joakim Maehle,VfL Wolfsburg,2024-25,DF,27.0,2190,3,4,2025-05-17,2025-06-05,14.0
369684,Rasmus Nissen Kristensen,Eintracht Frankfurt,2024-25,DF,27.0,2516,5,3,2025-05-17,2025-06-05,14.0
370683,Andreas Hanche-Olsen,1.FSV Mainz 05,2024-25,DF,28.0,1279,1,1,2025-05-17,2025-06-05,6.0
370789,Julian Ryerson,Borussia Dortmund,2024-25,DF,27.0,2270,2,4,2025-05-17,2025-06-05,20.0
371141,Stanley Nsoki,TSG 1899 Hoffenheim,2024-25,DF,26.0,1307,0,0,2025-05-17,2025-06-05,2.5
372712,Ibrahima Sissoko,VfL Bochum,2024-25,MF,27.0,2624,2,1,2025-05-17,2025-06-05,6.0
374954,Kristijan Jakic,FC Augsburg,2024-25,MF,28.0,2308,0,1,2025-05-17,2025-06-05,6.5
382478,Cédric Zesiger,FC Augsburg,2024-25,DF,26.0,1748,0,2,2025-05-17,2025-06-05,7.0
384593,Alexis Claude-Maurice,FC Augsburg,2024-25,MF,26.0,2125,9,3,2025-05-17,2025-06-05,12.0
387047,Danilho Doekhi,1.FC Union Berlin,2024-25,DF,26.0,3060,1,0,2025-05-17,2025-06-05,13.0
387106,Lovro Majer,VfL Wolfsburg,2024-25,MF,27.0,303,2,1,2025-05-17,2025-06-05,17.0
388198,Nico Schlotterbeck,Borussia Dortmund,2024-25,DF,25.0,1984,0,4,2025-05-17,2025-06-05,40.0
388294,Omar Traoré,1. Fußballclub Heidenheim 1846,2024-25,DF,27.0,2622,0,1,2025-05-17,2025-06-05,4.0
388363,Maximilian Bauer,FC Augsburg,2024-25,DF,25.0,656,0,0,2025-05-17,2025-06-19,2.0
388409,Philipp Sander,Borussia Mönchengladbach,2024-25,MF,27.0,1401,1,0,2025-05-17,2025-06-05,4.0
391004,Jonas Wind,VfL Wolfsburg,2024-25,FW,26.0,1971,9,3,2025-05-17,2025-06-05,12.0
391005,Mads Roerslev,VfL Wolfsburg,2024-25,DF,25.0,296,0,0,2025-05-17,2025-06-05,6.0
391766,Marco Grüll,SV Werder Bremen,2024-25,FW,26.0,1180,6,2,2025-05-17,2025-06-05,4.0
391780,Derrick Köhn,SV Werder Bremen,2024-25,DF,26.0,1347,2,2,2025-05-17,2025-06-05,5.0
392710,Lennard Maloney,1. Fußballclub Heidenheim 1846,2024-25,MF,25.0,788,0,0,2025-05-17,2025-06-05,3.5
393321,James Sands,FC St. Pauli,2024-25,MF,24.0,452,0,0,2025-05-17,2025-06-05,3.0
393512,Felix Agu,SV Werder Bremen,2024-25,DF,25.0,1761,3,1,2025-05-17,2025-06-05,8.0
394033,Stefan Schimmer,1. Fußballclub Heidenheim 1846,2024-25,FW,31.0,237,0,0,2025-05-17,2025-06-05,0.5
395522,Samuel Essende,FC Augsburg,2024-25,FW,27.0,1646,7,3,2025-05-17,2025-06-05,4.5
400131,Siebe Van der Heyden,FC St. Pauli,2024-25,DF,26.0,876,1,0,2025-05-17,2025-06-05,2.5
400489,Eljif Elmas,RB Leipzig,2024-25,MF,25.0,42,0,0,2025-05-17,2025-06-17,14.0
400546,Nikolas Nartey,VfB Stuttgart,2024-25,MF,25.0,21,0,0,2025-05-17,2025-06-05,0.4
401578,Exequiel Palacios,Bayer 04 Leverkusen,2024-25,MF,26.0,1150,1,6,2025-05-17,2025-06-05,40.0
402008,Amadou Haidara,RB Leipzig,2024-25,MF,27.0,1324,0,1,2025-05-17,2025-06-05,16.0
404950,Nicolas Seiwald,RB Leipzig,2024-25,MF,24.0,2080,0,0,2025-05-17,2025-06-05,18.0
405687,Tom Krauß,VfL Bochum,2024-25,MF,23.0,1081,0,0,2025-05-17,2025-06-05,4.0
406640,Felix Nmecha,Borussia Dortmund,2024-25,MF,24.0,1512,4,2,2025-05-17,2025-06-05,28.0
406973,Moritz Broschinski,VfL Bochum,2024-25,FW,24.0,1385,1,3,2025-05-17,2025-06-05,2.0
407098,Jakub Kamiński,VfL Wolfsburg,2024-25,FW,22.0,1123,0,3,2025-05-17,2025-06-05,5.0
409517,Yorbe Vertessen,1.FC Union Berlin,2024-25,FW,24.0,716,1,0,2025-05-17,2025-06-06,6.0
412932,Myron Boadu,VfL Bochum,2024-25,FW,24.0,1043,9,1,2025-05-17,2025-06-05,7.0
413843,Keven Schlotterbeck,FC Augsburg,2024-25,DF,28.0,1298,3,1,2025-05-17,2025-06-05,6.0
420210,Lutsharel Geertruida,RB Leipzig,2024-25,DF,24.0,1557,1,0,2025-05-17,2025-06-05,20.0
421637,Frank Onyeka,FC Augsburg,2024-25,MF,27.0,2597,0,1,2025-05-17,2025-06-05,7.0
424204,Alphonso Davies,Bayern Munich,2024-25,DF,24.0,1562,1,2,2025-05-17,2025-06-05,50.0
429874,Ansgar Knauff,Eintracht Frankfurt,2024-25,FW,23.0,1605,4,6,2025-05-17,2025-06-05,15.0
432671,Luca Philipp,TSG 1899 Hoffenheim,2024-25,GK,24.0,540,0,0,2025-05-17,2025-06-05,0.75
432982,Andreas Skov Olsen,VfL Wolfsburg,2024-25,FW,25.0,532,1,1,2025-05-17,2025-06-05,14.0
434116,Alexander Prass,TSG 1899 Hoffenheim,2024-25,MF,23.0,1571,0,2,2025-05-17,2025-06-05,5.0
435796,Kilian Fischer,VfL Wolfsburg,2024-25,DF,24.0,2307,1,0,2025-05-17,2025-06-05,6.0
436064,Ramon Hendriks,VfB Stuttgart,2024-25,DF,23.0,1141,0,1,2025-05-17,2025-06-05,5.0
442891,Martin Terrier,Bayer 04 Leverkusen,2024-25,FW,28.0,583,2,1,2025-05-17,2025-06-05,17.0
443331,Patrick Osterhage,SC Freiburg,2024-25,MF,25.0,2273,1,0,2025-05-17,2025-06-05,10.0
443710,Angelo Stiller,VfB Stuttgart,2024-25,MF,24.0,2743,1,8,2025-05-17,2025-06-05,45.0
445939,Omar Marmoush,Eintracht Frankfurt,2024-25,FW,26.0,1456,15,10,2025-05-17,2025-05-30,75.0
448258,Josha Vagnoman,VfB Stuttgart,2024-25,DF,24.0,1835,1,2,2025-05-17,2025-06-05,10.0
451906,David Nemeth,FC St. Pauli,2024-25,DF,24.0,2142,0,1,2025-05-17,2025-06-05,4.0
452068,Ayman Azhil,Borussia Dortmund,2024-25,MF,24.0,23,0,0,2025-05-17,2025-06-11,0.7
452477,Junior Adamu,SC Freiburg,2024-25,FW,23.0,1554,2,2,2025-05-17,2025-06-05,5.0
453016,Anthony Caci,1.FSV Mainz 05,2024-25,DF,27.0,2705,1,7,2025-05-17,2025-06-05,12.0
453742,Ben Voll,FC St. Pauli,2024-25,GK,24.0,91,0,0,2025-05-17,2025-06-05,0.5
453870,Benedict Hollerbach,1.FC Union Berlin,2024-25,FW,24.0,2555,9,4,2025-05-17,2025-06-05,12.0
454863,András Schäfer,1.FC Union Berlin,2024-25,MF,26.0,1537,1,1,2025-05-17,2025-06-05,5.0
455661,Nick Woltemade,VfB Stuttgart,2024-25,FW,23.0,1620,12,2,2025-05-17,2025-06-05,30.0
460245,Moritz Jenz,1.FSV Mainz 05,2024-25,DF,26.0,1601,0,0,2025-05-17,2025-06-05,5.0
464333,Ivan Nekic,Holstein Kiel,2024-25,DF,24.0,72,0,0,2025-05-17,2025-06-05,0.8
467434,Rocco Reitz,Borussia Mönchengladbach,2024-25,MF,22.0,1841,2,1,2025-05-17,2025-06-05,15.0
468539,Daniel Peretz,Bayern Munich,2024-25,GK,24.0,270,0,0,2025-05-17,2025-06-05,3.0
469709,David Zec,Holstein Kiel,2024-25,DF,25.0,1545,2,0,2025-05-17,2025-06-05,2.5
471055,Marvin Pieringer,1. Fußballclub Heidenheim 1846,2024-25,FW,25.0,2225,7,5,2025-05-17,2025-06-05,5.5
471890,Max Geschwill,Holstein Kiel,2024-25,DF,23.0,1285,1,2,2025-05-17,2025-06-05,1.5
475413,Sacha Boey,Bayern Munich,2024-25,DF,24.0,594,0,2,2025-05-17,2025-06-05,18.0
483046,Josip Stanisic,Bayern Munich,2024-25,DF,25.0,874,0,2,2025-05-17,2025-06-05,32.0
484547,Jeremie Frimpong,Bayer 04 Leverkusen,2024-25,DF,24.0,2322,5,6,2025-05-17,2025-06-05,50.0
485747,Thomas Keller,1. Fußballclub Heidenheim 1846,2024-25,DF,25.0,146,0,0,2025-05-17,2025-06-05,0.5
486046,Maarten Vandevoordt,RB Leipzig,2024-25,GK,23.0,428,0,0,2025-05-17,2025-06-05,8.0
488755,Jakov Medic,VfL Bochum,2024-25,DF,26.0,1604,1,0,2025-05-17,2025-06-05,2.0
490609,Lasse Rieß,1.FSV Mainz 05,2024-25,GK,23.0,180,0,0,2025-05-17,2025-06-05,0.4
496094,Karim Adeyemi,Borussia Dortmund,2024-25,FW,23.0,1441,7,6,2025-05-17,2025-06-05,45.0
500054,David Jurásek,TSG 1899 Hoffenheim,2024-25,DF,24.0,615,0,1,2025-05-17,2025-06-05,5.0
501049,Erik Ahlstrand,FC St. Pauli,2024-25,MF,23.0,40,0,0,2025-05-17,2025-06-05,0.5
503160,Paul Nebel,1.FSV Mainz 05,2024-25,MF,22.0,2349,10,6,2025-05-17,2025-06-05,24.0
503482,Min-jae Kim,Bayern Munich,2024-25,DF,28.0,2289,2,0,2025-05-17,2025-06-05,40.0
503881,Aster Vranckx,VfL Wolfsburg,2024-25,MF,22.0,552,0,0,2025-05-17,2025-06-05,7.0
504153,Joe Scally,Borussia Mönchengladbach,2024-25,DF,22.0,2588,0,0,2025-05-17,2025-06-05,10.0
504215,Giovanni Reyna,Borussia Dortmund,2024-25,MF,22.0,341,2,0,2025-05-17,2025-06-05,7.0
507341,Fabian Rieder,VfB Stuttgart,2024-25,MF,23.0,867,1,4,2025-05-17,2025-06-05,6.0
507345,Leonidas Stergiou,VfB Stuttgart,2024-25,DF,23.0,856,1,2,2025-05-17,2025-06-05,5.0
512352,Lasse Rosenboom,Holstein Kiel,2024-25,DF,23.0,1738,2,2,2025-05-17,2025-06-05,1.5
515624,Henri Koudossou,FC Augsburg,2024-25,DF,25.0,735,0,0,2025-05-17,2025-06-05,2.0
518505,Jamie Leweling,VfB Stuttgart,2024-25,FW,24.0,1677,2,3,2025-05-17,2025-06-05,20.0
522223,Connor Metcalfe,FC St. Pauli,2024-25,MF,25.0,356,0,0,2025-05-17,2025-06-05,2.5
524285,Luca Netz,Borussia Mönchengladbach,2024-25,DF,22.0,959,0,2,2025-05-17,2025-06-05,6.0
526845,Noah Atubolu,SC Freiburg,2024-25,GK,22.0,2308,0,0,2025-05-17,2025-06-05,18.0
530173,Julian Niehues,1. Fußballclub Heidenheim 1846,2024-25,MF,24.0,149,0,0,2025-05-17,2025-06-05,1.5
532776,Amine Adli,Bayer 04 Leverkusen,2024-25,FW,25.0,759,2,1,2025-05-17,2025-06-05,18.0
533295,Patrick Wimmer,VfL Wolfsburg,2024-25,FW,23.0,1782,3,4,2025-05-17,2025-06-05,15.0
536482,Junior Dina Ebimbe,Eintracht Frankfurt,2024-25,MF,24.0,291,0,2,2025-05-17,2025-06-05,6.0
539798,Luca Jaquez,VfB Stuttgart,2024-25,DF,21.0,252,0,0,2025-05-17,2025-06-05,6.0
544148,Tomas Cvancara,Borussia Mönchengladbach,2024-25,FW,24.0,818,2,0,2025-05-17,2025-06-05,3.0
545332,Mikkel Kaufmann,1. Fußballclub Heidenheim 1846,2024-25,FW,24.0,370,0,1,2025-05-17,2025-06-19,1.2
546213,Tuta,Eintracht Frankfurt,2024-25,DF,25.0,2275,2,0,2025-05-17,2025-06-05,15.0
548348,Kiliann Sildillia,SC Freiburg,2024-25,DF,23.0,791,2,0,2025-05-17,2025-06-05,10.0
550580,Shuto Machino,Holstein Kiel,2024-25,FW,25.0,1959,11,3,2025-05-17,2025-06-05,5.0
550829,Matej Kovar,Bayer 04 Leverkusen,2024-25,GK,25.0,450,0,0,2025-05-17,2025-06-05,5.0
552057,Adam Hlozek,TSG 1899 Hoffenheim,2024-25,FW,22.0,1875,8,3,2025-05-17,2025-06-05,18.0
562948,Hyun-seok Hong,1.FSV Mainz 05,2024-25,MF,25.0,519,0,1,2025-05-17,2025-06-05,3.5
564545,Edmond Tapsoba,Bayer 04 Leverkusen,2024-25,DF,26.0,2511,0,0,2025-05-17,2025-06-05,35.0
565435,Arne Engels,FC Augsburg,2024-25,MF,21.0,80,0,0,2025-05-17,2025-06-17,12.0
566723,Michael Olise,Bayern Munich,2024-25,FW,23.0,2347,12,18,2025-05-17,2025-06-05,100.0
566931,Xavi Simons,RB Leipzig,2024-25,MF,22.0,2157,10,7,2025-05-17,2025-06-05,70.0
569031,Umut Tohumcu,TSG 1899 Hoffenheim,2024-25,MF,20.0,369,0,1,2025-05-17,2025-06-05,6.0
569033,Armindo Sieb,1.FSV Mainz 05,2024-25,FW,22.0,752,2,3,2025-05-17,2025-06-05,3.0
569366,Enzo Millot,VfB Stuttgart,2024-25,MF,22.0,1851,6,5,2025-05-17,2025-06-05,35.0
569383,Chrislain Matsima,FC Augsburg,2024-25,DF,23.0,2551,1,1,2025-05-17,2025-06-05,22.0
569387,Valentin Gendrey,TSG 1899 Hoffenheim,2024-25,DF,24.0,1416,1,2,2025-05-17,2025-06-05,7.0
569457,Tim Breithaupt,FC Augsburg,2024-25,MF,23.0,122,0,1,2025-05-17,2025-06-19,2.5
574201,Grant-Leon Ranos,Borussia Mönchengladbach,2024-25,FW,21.0,18,0,0,2025-05-17,2025-06-19,0.5
578392,Maximilian Beier,Borussia Dortmund,2024-25,FW,22.0,1590,8,6,2025-05-17,2025-06-05,25.0
579287,Daniel Svensson,Borussia Dortmund,2024-25,DF,23.0,778,1,3,2025-05-17,2025-06-05,12.0
580195,Jamal Musiala,Bayern Munich,2024-25,MF,22.0,1805,12,4,2025-05-17,2025-06-05,140.0
581357,Jan Schöppner,1. Fußballclub Heidenheim 1846,2024-25,MF,25.0,2688,4,2,2025-05-17,2025-06-05,4.0
583699,Andrej Ilic,1.FC Union Berlin,2024-25,FW,25.0,943,7,0,2025-05-17,2025-06-05,4.0
584254,Maximilian Breunig,1. Fußballclub Heidenheim 1846,2024-25,FW,24.0,342,2,0,2025-05-17,2025-06-05,1.5
587019,Fin Stevens,FC St. Pauli,2024-25,DF,22.0,1,0,0,2025-05-17,2025-06-05,0.5
591193,Niels Nkounkou,Eintracht Frankfurt,2024-25,DF,24.0,378,0,0,2025-05-17,2025-06-05,3.5
592534,Nicolai Remberg,Holstein Kiel,2024-25,MF,24.0,2412,0,1,2025-05-17,2025-06-05,3.0
596153,Justin Njinmah,SV Werder Bremen,2024-25,FW,24.0,945,3,4,2025-05-17,2025-06-05,7.0
597432,Leopold Querfeld,1.FC Union Berlin,2024-25,DF,21.0,1742,2,2,2025-05-17,2025-06-05,13.0
598577,Florian Wirtz,Bayer 04 Leverkusen,2024-25,MF,22.0,2356,10,13,2025-05-17,2025-06-05,140.0
599419,Max Rosenfelder,SC Freiburg,2024-25,DF,22.0,1245,1,0,2025-05-17,2025-06-05,8.0
601143,Nikolas Veratschnig,1.FSV Mainz 05,2024-25,MF,22.0,358,0,0,2025-05-17,2025-06-05,1.5
604320,Frans Krätzig,1. Fußballclub Heidenheim 1846,2024-25,DF,22.0,1283,1,2,2025-05-17,2025-06-05,3.5
604327,Gabriel Vidovic,Bayern Munich,2024-25,FW,21.0,25,0,0,2025-05-17,2025-06-05,3.0
604359,Yusuf Kabadayi,FC Augsburg,2024-25,FW,21.0,66,1,0,2025-05-17,2025-06-05,1.5
605268,Igor Matanovic,Eintracht Frankfurt,2024-25,FW,22.0,300,1,0,2025-05-17,2025-06-05,5.0
607720,Jonas Urbig,Bayern Munich,2024-25,GK,21.0,720,0,0,2025-05-17,2025-06-05,12.0
608832,Merlin Röhl,SC Freiburg,2024-25,MF,22.0,967,0,1,2025-05-17,2025-06-05,12.0
610190,Nediljko Labrovic,FC Augsburg,2024-25,GK,25.0,1350,0,0,2025-05-17,2025-06-05,2.5
610608,Dominik Javorcek,Holstein Kiel,2024-25,DF,22.0,381,0,2,2025-05-17,2025-06-05,0.55
616344,Tiago Tomás,VfL Wolfsburg,2024-25,FW,22.0,1893,6,2,2025-05-17,2025-06-05,12.0
618472,Castello Lukeba,RB Leipzig,2024-25,DF,22.0,1578,0,0,2025-05-17,2025-06-05,40.0
618898,Erencan Yardımcı,TSG 1899 Hoffenheim,2024-25,FW,23.0,311,0,0,2025-05-17,2025-06-05,2.5
620217,Robin Hranac,TSG 1899 Hoffenheim,2024-25,DF,25.0,219,0,0,2025-05-17,2025-06-05,3.5
620598,Ameen Al-Dakhil,VfB Stuttgart,2024-25,DF,23.0,436,0,0,2025-05-17,2025-06-05,7.5
621802,Olivier Deman,SV Werder Bremen,2024-25,DF,25.0,59,0,0,2025-05-17,2025-06-12,3.0
627228,Yan Couto,Borussia Dortmund,2024-25,DF,22.0,887,0,0,2025-05-17,2025-06-05,20.0
627356,Yannik Lührs,Borussia Dortmund,2024-25,DF,21.0,126,0,0,2025-05-17,2025-06-11,0.6
627442,Benjamin Sesko,RB Leipzig,2024-25,FW,21.0,2398,13,5,2025-05-17,2025-06-05,70.0
629588,Nathan Ngoumou,Borussia Mönchengladbach,2024-25,FW,25.0,828,2,1,2025-05-17,2025-06-05,4.0
633454,Alexander Bernhardsson,Holstein Kiel,2024-25,FW,26.0,1271,7,3,2025-05-17,2025-06-05,3.0
635645,Aurèle Amenda,Eintracht Frankfurt,2024-25,DF,21.0,89,0,0,2025-05-17,2025-06-05,7.5
643574,Kaishu Sano,1.FSV Mainz 05,2024-25,MF,24.0,3044,0,0,2025-05-17,2025-06-05,20.0
645774,Eren Dinkçi,SC Freiburg,2024-25,FW,23.0,1194,0,4,2025-05-17,2025-06-05,8.0
649016,El Bilal Touré,VfB Stuttgart,2024-25,FW,23.0,350,2,1,2025-05-17,2025-06-05,15.0
649452,Issa Kaboré,SV Werder Bremen,2024-25,DF,24.0,304,0,1,2025-05-17,2025-06-05,4.0
651269,Armin Gigovic,Holstein Kiel,2024-25,MF,23.0,1905,5,2,2025-05-17,2025-06-05,3.0
651735,Magnus Knudsen,Holstein Kiel,2024-25,MF,23.0,1853,0,1,2025-05-17,2025-06-05,2.5
656681,Victor Boniface,Bayer 04 Leverkusen,2024-25,FW,24.0,1011,8,2,2025-05-17,2025-06-05,40.0
659459,Carney Chukwuemeka,Borussia Dortmund,2024-25,MF,21.0,245,1,0,2025-05-17,2025-06-05,18.0
659542,Elye Wahi,Eintracht Frankfurt,2024-25,FW,22.0,191,0,0,2025-05-17,2025-06-05,22.0
659813,Piero Hincapié,Bayer 04 Leverkusen,2024-25,DF,23.0,2670,2,2,2025-05-17,2025-06-05,50.0
666234,Mohamed Simakan,RB Leipzig,2024-25,DF,25.0,55,0,0,2025-05-17,2025-05-27,23.0
666977,Aliou Baldé,VfL Bochum,2024-25,FW,22.0,87,0,0,2025-05-17,2025-06-10,0.8
669380,Konstantinos Koulierakis,VfL Wolfsburg,2024-25,DF,21.0,2470,0,2,2025-05-17,2025-06-05,25.0
670882,Jamie Gittens,Borussia Dortmund,2024-25,FW,20.0,1784,8,4,2025-05-17,2025-06-05,50.0
683812,John Tolkin,Holstein Kiel,2024-25,DF,22.0,739,0,2,2025-05-17,2025-06-05,2.5
684315,Nnamdi Collins,Eintracht Frankfurt,2024-25,DF,21.0,1484,1,1,2025-05-17,2025-06-05,10.0
684318,Samuel Bamba,VfL Bochum,2024-25,FW,21.0,23,0,0,2025-05-17,2025-06-05,0.5
690799,Anthony Rouault,VfB Stuttgart,2024-25,DF,23.0,1212,1,0,2025-05-17,2025-06-03,10.0
691786,Morgan Guilavogui,FC St. Pauli,2024-25,FW,27.0,1817,6,2,2025-05-17,2025-06-05,4.0
691892,Nathaniel Brown,Eintracht Frankfurt,2024-25,DF,21.0,1952,3,7,2025-05-17,2025-06-05,22.0
692737,Aljoscha Kemlein,1.FC Union Berlin,2024-25,MF,20.0,924,1,0,2025-05-17,2025-06-05,7.0
696028,Noah Pesch,Borussia Mönchengladbach,2024-25,FW,19.0,5,0,0,2025-05-17,2025-06-23,0.3
696164,Tim Oermann,VfL Bochum,2024-25,DF,21.0,2217,0,2,2025-05-17,2025-06-05,5.0
701757,Keke Topp,SV Werder Bremen,2024-25,FW,21.0,238,2,2,2025-05-17,2025-06-05,4.0
706024,Marko Ivezic,Holstein Kiel,2024-25,DF,23.0,1655,0,0,2025-05-17,2025-06-05,2.0
709726,Hugo Ekitiké,Eintracht Frankfurt,2024-25,FW,22.0,2582,15,8,2025-05-17,2025-06-05,75.0
711517,Kevin Paredes,VfL Wolfsburg,2024-25,MF,22.0,125,0,1,2025-05-17,2025-06-05,7.5
720162,Justin Diehl,VfB Stuttgart,2024-25,FW,20.0,98,1,0,2025-05-17,2025-06-05,3.0
724104,Fabio Chiarodia,Borussia Mönchengladbach,2024-25,DF,19.0,373,1,0,2025-05-17,2025-06-05,2.0
744728,Arijon Ibrahimovic,Bayern Munich,2024-25,MF,19.0,1,0,0,2025-05-17,2025-06-17,4.0
745075,David Preu,1.FC Union Berlin,2024-25,DF,20.0,119,0,0,2025-05-17,2025-06-05,0.4
746910,Mohamed Amoura,VfL Wolfsburg,2024-25,FW,25.0,2486,10,12,2025-05-17,2025-06-05,32.0
777005,Mert Kömür,FC Augsburg,2024-25,MF,19.0,646,2,1,2025-05-17,2025-06-05,5.0
787151,Lukas Ullrich,Borussia Mönchengladbach,2024-25,DF,21.0,1918,1,2,2025-05-17,2025-06-05,8.0
787912,El Chadaille Bitshiabu,RB Leipzig,2024-25,DF,20.0,1127,0,0,2025-05-17,2025-06-05,18.0
789252,Bence Dárdai,VfL Wolfsburg,2024-25,MF,19.0,1312,1,3,2025-05-17,2025-06-05,12.0
792380,Aleksandar Pavlovic,Bayern Munich,2024-25,MF,21.0,1458,1,0,2025-05-17,2025-06-05,55.0
796213,Nelson Weiper,1.FSV Mainz 05,2024-25,FW,20.0,698,3,2,2025-05-17,2025-06-05,10.0
796221,Mats Pannewig,VfL Bochum,2024-25,MF,20.0,257,0,0,2025-05-17,2025-06-05,1.0
798043,Tom Rothe,1.FC Union Berlin,2024-25,DF,20.0,1672,3,4,2025-05-17,2025-06-05,10.0
801734,Mathys Tel,Bayern Munich,2024-25,FW,20.0,253,0,1,2025-05-17,2025-05-30,35.0
804219,Léo Scienza,1. Fußballclub Heidenheim 1846,2024-25,MF,26.0,1154,3,3,2025-05-17,2025-06-05,3.0
806948,Frank Feller,1. Fußballclub Heidenheim 1846,2024-25,GK,21.0,120,0,0,2025-05-17,2025-06-05,0.5
808664,Florian Micheler,TSG 1899 Hoffenheim,2024-25,MF,20.0,31,0,0,2025-05-17,2025-06-05,0.5
809498,Luca Kerber,1. Fußballclub Heidenheim 1846,2024-25,MF,23.0,774,2,0,2025-05-17,2025-06-05,1.5
810108,Paul Hennrich,TSG 1899 Hoffenheim,2024-25,FW,20.0,11,0,0,2025-05-17,2025-06-11,0.4
815078,Jordy Makengo,SC Freiburg,2024-25,DF,23.0,736,0,0,2025-05-17,2025-06-05,6.0
816585,Can Uzun,Eintracht Frankfurt,2024-25,MF,19.0,668,4,2,2025-05-17,2025-06-05,18.0
819215,Julien Duranville,Borussia Dortmund,2024-25,FW,19.0,275,0,1,2025-05-17,2025-06-05,8.5
822958,Tim Drexler,TSG 1899 Hoffenheim,2024-25,DF,20.0,356,0,0,2025-05-17,2025-06-19,3.0
822959,Tom Bischof,TSG 1899 Hoffenheim,2024-25,MF,19.0,2569,5,2,2025-05-17,2025-06-05,30.0
829838,Hennes Behrens,TSG 1899 Hoffenheim,2024-25,DF,20.0,28,0,0,2025-05-17,2025-06-11,0.35
830108,Julián Malatini,SV Werder Bremen,2024-25,DF,23.0,452,1,1,2025-05-17,2025-06-05,2.5
838236,Marin Ljubicic,1.FC Union Berlin,2024-25,FW,23.0,271,1,1,2025-05-17,2025-06-05,4.0
846310,Oscar Højlund,Eintracht Frankfurt,2024-25,MF,20.0,713,1,0,2025-05-17,2025-06-05,7.5
848682,Kosta Nedeljkovic,RB Leipzig,2024-25,DF,19.0,478,0,0,2025-05-17,2025-06-05,10.0
855015,Farès Chaïbi,Eintracht Frankfurt,2024-25,MF,22.0,1008,1,3,2025-05-17,2025-06-05,9.0
855134,Skelly Alvero,SV Werder Bremen,2024-25,MF,23.0,231,0,0,2025-05-17,2025-06-05,2.5
863759,Bruno Ogbus,SC Freiburg,2024-25,DF,19.0,17,0,0,2025-05-17,2025-06-05,1.0
866579,Cole Campbell,Borussia Dortmund,2024-25,FW,19.0,19,0,0,2025-05-17,2025-06-11,1.5
875332,Arthur Chaves,TSG 1899 Hoffenheim,2024-25,DF,24.0,2187,1,0,2025-05-17,2025-06-05,5.0
884810,Kjell Wätjen,Borussia Dortmund,2024-25,MF,19.0,15,0,0,2025-05-17,2025-06-11,2.5
884820,Almugera Kabar,Borussia Dortmund,2024-25,DF,18.0,135,0,0,2025-05-17,2025-06-05,1.0
894914,Antonio Nusa,RB Leipzig,2024-25,FW,20.0,1556,3,4,2025-05-17,2025-06-05,28.0
897423,David Odogu,VfL Wolfsburg,2024-25,DF,18.0,194,0,0,2025-05-17,2025-06-05,1.5
897424,Assan Ouédraogo,RB Leipzig,2024-25,MF,19.0,47,0,0,2025-05-17,2025-06-05,7.0
900909,Paul Wanner,1. Fußballclub Heidenheim 1846,2024-25,MF,19.0,1779,3,2,2025-05-17,2025-06-05,18.0
919515,Jeanuël Belocian,Bayer 04 Leverkusen,2024-25,DF,20.0,66,0,0,2025-05-17,2025-06-05,15.0
923595,Max Moerstedt,TSG 1899 Hoffenheim,2024-25,FW,19.0,449,0,1,2025-05-17,2025-06-05,7.0
923945,Noahkai Banks,FC Augsburg,2024-25,DF,18.0,274,0,0,2025-05-17,2025-06-05,6.0
924117,Finn Jeltsch,VfB Stuttgart,2024-25,DF,18.0,778,0,0,2025-05-17,2025-06-05,20.0
926301,Tiago Pereira Cardoso,Borussia Mönchengladbach,2024-25,GK,19.0,379,0,0,2025-05-17,2025-06-05,1.5
926694,Arthur Vermeeren,RB Leipzig,2024-25,MF,20.0,1576,0,2,2025-05-17,2025-06-05,22.0
927353,Johan Manzambi,SC Freiburg,2024-25,MF,19.0,333,2,2,2025-05-17,2025-06-05,8.0
931838,Hugo Larsson,Eintracht Frankfurt,2024-25,MF,20.0,2403,3,1,2025-05-17,2025-06-05,40.0
938146,Adam Aznou,Bayern Munich,2024-25,DF,18.0,15,0,0,2025-05-17,2025-06-09,4.0
939964,Jean-Mattéo Bahoya,Eintracht Frankfurt,2024-25,FW,20.0,919,2,3,2025-05-17,2025-06-05,17.0
948537,Anrie Chase,VfB Stuttgart,2024-25,DF,21.0,729,0,0,2025-05-17,2025-06-05,3.0
955448,Tidiam Gomis,RB Leipzig,2024-25,FW,18.0,148,0,1,2025-05-17,2025-06-05,3.0
974894,David Mokwa,TSG 1899 Hoffenheim,2024-25,FW,21.0,20,0,0,2025-05-17,2025-06-05,1.0
977464,Arthur,Bayer 04 Leverkusen,2024-25,DF,22.0,744,0,1,2025-05-17,2025-06-05,7.0
997861,Kauã Santos,Eintracht Frankfurt,2024-25,GK,22.0,765,0,0,2025-05-17,2025-06-05,2.5
1018259,Gift Orban,TSG 1899 Hoffenheim,2024-25,FW,22.0,690,4,0,2025-05-17,2025-06-05,10.0
1031774,Jarzinho Malanga,VfB Stuttgart,2024-25,FW,18.0,1,0,0,2025-05-17,2025-06-11,1.7
1058515,Kacper Koscierski,VfL Bochum,2024-25,DF,17.0,6,0,0,2025-05-17,2025-06-05,0.2
1067904,Bazoumana Touré,TSG 1899 Hoffenheim,2024-25,FW,19.0,609,0,3,2025-05-17,2025-06-05,9.0
1069512,Jonah Kusi-Asare,Bayern Munich,2024-25,FW,17.0,2,0,0,2025-05-17,2025-06-24,2.5
1073997,Shio Fukuda,Borussia Mönchengladbach,2024-25,FW,21.0,55,1,0,2025-05-17,2025-06-05,0.5
1074526,Viggo Gebel,RB Leipzig,2024-25,MF,17.0,13,0,0,2025-05-17,2025-06-05,0.35
1280281,Abdoulie Ceesay,FC St. Pauli,2024-25,FW,21.0,54,0,0,2025-05-17,2025-06-05,0.5
7161,Jonas Hofmann,Bayer 04 Leverkusen,2025-26,MF,33.0,1009,2,3,2026-05-16,2026-05-27,1.5
17259,Manuel Neuer,Bayern Munich,2025-26,GK,40.0,1860,0,0,2026-05-16,2026-05-27,4.0
40680,Sven Ulreich,Bayern Munich,2025-26,GK,37.0,90,0,0,2026-05-16,2026-05-27,0.5
46580,Andrej Kramaric,TSG 1899 Hoffenheim,2025-26,FW,34.0,2223,14,6,2026-05-16,2026-05-27,2.5
49723,Timothy Chandler,Eintracht Frankfurt,2025-26,DF,36.0,10,0,0,2026-05-16,2026-05-27,0.35
55089,Oliver Baumann,TSG 1899 Hoffenheim,2025-26,GK,35.0,3060,0,0,2026-05-16,2026-05-27,2.5
55099,Nicolas Höfler,SC Freiburg,2025-26,MF,36.0,284,0,0,2026-05-16,2026-05-27,0.5
57071,Péter Gulácsi,RB Leipzig,2025-26,GK,36.0,2009,0,0,2026-05-16,2026-05-27,1.0
58995,Anthony Jung,SC Freiburg,2025-26,DF,34.0,521,0,0,2026-05-16,2026-05-27,0.6
69633,Christian Eriksen,VfL Wolfsburg,2025-26,MF,34.0,2424,3,10,2026-05-16,2026-05-27,2.5
74842,Mario Götze,Eintracht Frankfurt,2025-26,MF,33.0,879,0,0,2026-05-16,2026-05-27,3.0
75921,Christopher Trimmel,1.FC Union Berlin,2025-26,DF,39.0,1869,0,3,2026-05-16,2026-05-27,0.6
81173,Janis Blaswich,Bayer 04 Leverkusen,2025-26,GK,35.0,930,0,0,2026-05-16,2026-05-27,0.7
82350,Stefan Bell,1.FSV Mainz 05,2025-26,DF,34.0,1041,2,2,2026-05-16,2026-05-27,0.6
82873,Pascal Groß,Borussia Dortmund,2025-26,MF,34.0,615,0,1,2026-05-16,2026-06-03,2.5
84993,Daniel Heuer Fernandes,Hamburger SV,2025-26,GK,33.0,2970,0,0,2026-05-16,2026-05-27,1.2
85906,Danny da Costa,1.FSV Mainz 05,2025-26,DF,32.0,2698,2,3,2026-05-16,2026-05-27,1.2
90317,Daniel Batz,1.FSV Mainz 05,2025-26,GK,35.0,1890,0,0,2026-05-16,2026-05-27,0.35
93604,Lukas Kübler,SC Freiburg,2025-26,DF,33.0,1594,2,2,2026-05-16,2026-05-27,1.5
93707,Christian Günter,SC Freiburg,2025-26,DF,33.0,1549,0,3,2026-05-16,2026-05-27,2.0
93740,Willi Orbán,RB Leipzig,2025-26,DF,33.0,2950,2,0,2026-05-16,2026-05-27,5.0
93844,Leonardo Bittencourt,SV Werder Bremen,2025-26,MF,32.0,610,0,1,2026-05-16,2026-05-27,0.9
106270,Florian Kainz,1.FC Köln,2025-26,MF,33.0,269,1,1,2026-05-16,2026-05-27,1.0
106405,Jeffrey Gouweleeuw,FC Augsburg,2025-26,DF,34.0,851,0,1,2026-05-16,2026-05-27,1.0
106872,Kevin Stöger,Borussia Mönchengladbach,2025-26,MF,32.0,1324,1,1,2026-05-16,2026-05-27,1.8
106987,Marcel Sabitzer,Borussia Dortmund,2025-26,MF,32.0,1823,1,2,2026-05-16,2026-05-27,6.0
107219,Leart Paçarada,1. Fußballclub Heidenheim 1846,2025-26,DF,31.0,7,0,0,2026-05-16,2026-05-27,0.8
107775,Frederik Rönnow,1.FC Union Berlin,2025-26,GK,33.0,2641,0,0,2026-05-16,2026-05-27,2.0
110036,Dominique Heintz,1.FC Köln,2025-26,DF,32.0,382,0,0,2026-05-16,2026-05-27,0.6
116088,Marius Bülter,1.FC Köln,2025-26,FW,33.0,1591,5,4,2026-05-16,2026-05-27,1.8
117478,Marnon Busch,1. Fußballclub Heidenheim 1846,2025-26,DF,31.0,1913,1,5,2026-05-16,2026-05-27,1.0
117674,Maximilian Arnold,VfL Wolfsburg,2025-26,MF,31.0,1854,1,4,2026-05-16,2026-05-27,3.0
118847,Dominik Kohr,1.FSV Mainz 05,2025-26,DF,32.0,2346,2,0,2026-05-16,2026-05-27,2.0
119277,Yannick Gerhardt,VfL Wolfsburg,2025-26,MF,32.0,1071,1,1,2026-05-16,2026-05-27,1.8
119296,Emre Can,Borussia Dortmund,2025-26,DF,32.0,623,3,0,2026-05-16,2026-05-27,3.0
120205,Michael Gregoritsch,FC Augsburg,2025-26,FW,32.0,917,6,3,2026-05-16,2026-05-27,1.5
124410,Rani Khedira,1.FC Union Berlin,2025-26,MF,32.0,2835,5,2,2026-05-16,2026-05-27,2.0
124502,Matthias Ginter,SC Freiburg,2025-26,DF,32.0,2836,3,5,2026-05-16,2026-05-27,5.0
125714,Mark Flekken,Bayer 04 Leverkusen,2025-26,GK,32.0,2130,0,0,2026-05-16,2026-05-27,6.0
127573,Phillipp Mwene,1.FSV Mainz 05,2025-26,DF,32.0,2073,1,5,2026-05-16,2026-05-27,1.5
132098,Harry Kane,Bayern Munich,2025-26,FW,32.0,2382,36,5,2026-05-16,2026-05-27,60.0
133731,Patrick Mainka,1. Fußballclub Heidenheim 1846,2025-26,DF,31.0,3060,2,2,2026-05-16,2026-05-27,2.5
139304,Karol Mets,FC St. Pauli,2025-26,DF,33.0,1934,1,0,2026-05-16,2026-05-27,0.6
143891,Maximilian Philipp,SC Freiburg,2025-26,FW,32.0,27,0,0,2026-05-16,2026-05-27,0.5
153084,Leon Goretzka,Bayern Munich,2025-26,MF,31.0,1954,5,4,2026-05-16,2026-05-27,12.0
154147,Hauke Wahl,FC St. Pauli,2025-26,DF,32.0,2591,2,1,2026-05-16,2026-05-27,1.5
156990,Marco Friedl,SV Werder Bremen,2025-26,DF,28.0,2549,1,0,2026-05-16,2026-05-27,10.0
157635,Yussuf Poulsen,Hamburger SV,2025-26,FW,31.0,321,1,0,2026-05-16,2026-05-27,1.0
157672,Vladimír Coufal,TSG 1899 Hoffenheim,2025-26,DF,33.0,3018,1,9,2026-05-16,2026-05-27,2.5
159088,Robert Andrich,Bayer 04 Leverkusen,2025-26,MF,31.0,2547,2,0,2026-05-16,2026-05-27,6.0
159471,Serge Gnabry,Bayern Munich,2025-26,FW,30.0,1228,8,6,2026-05-16,2026-05-27,18.0
160241,Kevin Akpoguma,TSG 1899 Hoffenheim,2025-26,DF,31.0,58,0,0,2026-05-16,2026-05-27,1.5
160929,Marvin Schwäbe,1.FC Köln,2025-26,GK,31.0,3060,0,0,2026-05-16,2026-05-27,3.0
160963,Robin Zentner,1.FSV Mainz 05,2025-26,GK,31.0,877,0,0,2026-05-16,2026-05-27,2.5
161056,Joshua Kimmich,Bayern Munich,2025-26,MF,31.0,2282,2,8,2026-05-16,2026-05-27,35.0
161057,Carl Klaus,1.FC Union Berlin,2025-26,GK,32.0,329,0,0,2026-05-16,2026-05-27,0.35
162434,Niklas Stark,SV Werder Bremen,2025-26,DF,31.0,701,0,0,2026-05-16,2026-05-27,2.5
166601,Niklas Süle,Borussia Dortmund,2025-26,DF,30.0,487,0,1,2026-05-16,2026-05-27,4.0
168989,Silvan Widmer,1.FSV Mainz 05,2025-26,DF,33.0,1819,2,1,2026-05-16,2026-05-27,0.8
170527,Timo Werner,RB Leipzig,2025-26,FW,30.0,13,0,0,2026-05-16,2026-06-02,3.5
170986,Raphaël Guerreiro,Bayern Munich,2025-26,DF,32.0,782,5,3,2026-05-16,2026-05-27,5.0
177779,Janik Haberer,1.FC Union Berlin,2025-26,MF,32.0,1652,0,1,2026-05-16,2026-05-27,2.0
179184,Michy Batshuayi,Eintracht Frankfurt,2025-26,FW,32.0,134,1,0,2026-05-16,2026-05-27,2.0
185077,Vincenzo Grifo,SC Freiburg,2025-26,FW,33.0,1715,7,5,2026-05-16,2026-05-27,4.0
187097,Budu Zivzivadze,1. Fußballclub Heidenheim 1846,2025-26,FW,32.0,1147,6,0,2026-05-16,2026-05-27,1.2
187492,Julian Brandt,Borussia Dortmund,2025-26,MF,30.0,1608,7,4,2026-05-16,2026-05-27,15.0
188888,Sheraldo Becker,1.FSV Mainz 05,2025-26,FW,31.0,954,3,3,2026-05-16,2026-05-27,1.5
190284,Maximilian Eggestein,SC Freiburg,2025-26,MF,29.0,3060,3,1,2026-05-16,2026-05-27,10.0
191422,Mahmoud Dahoud,Eintracht Frankfurt,2025-26,MF,30.0,716,2,3,2026-05-16,2026-05-27,2.0
192169,Jonas Föhrenbach,1. Fußballclub Heidenheim 1846,2025-26,DF,30.0,2327,1,1,2026-05-16,2026-05-27,1.0
192557,Jackson Irvine,FC St. Pauli,2025-26,MF,33.0,1625,0,1,2026-05-16,2026-05-27,1.0
192635,Nico Elvedi,Borussia Mönchengladbach,2025-26,DF,29.0,2967,0,3,2026-05-16,2026-05-27,8.0
193004,Waldemar Anton,Borussia Dortmund,2025-26,DF,29.0,2880,2,0,2026-05-16,2026-05-27,18.0
193033,Tim Kleindienst,Borussia Mönchengladbach,2025-26,FW,30.0,6,0,0,2026-05-16,2026-05-27,8.0
193082,Alejandro Grimaldo,Bayer 04 Leverkusen,2025-26,DF,30.0,2524,8,8,2026-05-16,2026-05-27,20.0
193900,Marius Wolf,FC Augsburg,2025-26,DF,30.0,1012,1,2,2026-05-16,2026-05-27,2.5
195246,Pascal Stenzel,VfB Stuttgart,2025-26,DF,30.0,107,0,0,2026-05-16,2026-05-27,1.2
195778,Alexander Nübel,VfB Stuttgart,2025-26,GK,29.0,3060,0,1,2026-05-16,2026-05-27,12.0
196095,Luca Waldschmidt,1.FC Köln,2025-26,FW,29.0,666,5,4,2026-05-16,2026-05-27,2.0
196139,Robert Glatzel,Hamburger SV,2025-26,FW,32.0,609,3,2,2026-05-16,2026-05-27,1.5
196231,Marvin Friedrich,Borussia Mönchengladbach,2025-26,DF,30.0,148,0,0,2026-05-16,2026-05-27,1.8
196357,Jonathan Tah,Bayern Munich,2025-26,DF,30.0,2019,2,1,2026-05-16,2026-05-27,28.0
196813,Michael Zetterer,Eintracht Frankfurt,2025-26,GK,30.0,1975,0,0,2026-05-16,2026-05-27,4.0
202591,Benjamin Henrichs,RB Leipzig,2025-26,DF,29.0,299,1,0,2026-05-16,2026-05-27,7.0
203123,Haris Tabakovic,Borussia Mönchengladbach,2025-26,FW,31.0,2396,13,2,2026-05-16,2026-05-27,3.5
215599,Lukas Klostermann,RB Leipzig,2025-26,DF,29.0,95,0,1,2026-05-16,2026-05-27,3.5
221316,Lucas Vázquez,Bayer 04 Leverkusen,2025-26,DF,34.0,479,1,2,2026-05-16,2026-05-27,1.5
223967,Konrad Laimer,Bayern Munich,2025-26,DF,28.0,1997,3,9,2026-05-16,2026-05-27,32.0
223974,Stefan Posch,1.FSV Mainz 05,2025-26,DF,29.0,1395,0,0,2026-05-16,2026-05-27,6.0
223979,Xaver Schlager,RB Leipzig,2025-26,MF,28.0,1837,3,1,2026-05-16,2026-05-27,10.0
225657,Philipp Lienhart,SC Freiburg,2025-26,DF,29.0,1301,1,0,2026-05-16,2026-05-27,10.0
227084,Benedikt Gimber,1. Fußballclub Heidenheim 1846,2025-26,DF,29.0,1437,0,0,2026-05-16,2026-05-27,1.5
227110,Jordan Torunarigha,Hamburger SV,2025-26,DF,28.0,1965,0,0,2026-05-16,2026-05-27,4.0
229006,Franck Honorat,Borussia Mönchengladbach,2025-26,FW,29.0,1988,2,6,2026-05-16,2026-05-27,7.0
232320,Atakan Karazor,VfB Stuttgart,2025-26,MF,29.0,1891,0,1,2026-05-16,2026-05-27,8.0
232454,Nadiem Amiri,1.FSV Mainz 05,2025-26,MF,29.0,2092,12,3,2026-05-16,2026-05-27,17.0
234029,Grischa Prömel,TSG 1899 Hoffenheim,2025-26,MF,31.0,1746,7,2,2026-05-16,2026-05-27,3.5
236966,Adam Dzwigala,FC St. Pauli,2025-26,DF,30.0,1295,1,1,2026-05-16,2026-05-27,0.8
236981,Timo Hübers,1.FC Köln,2025-26,DF,29.0,671,0,0,2026-05-16,2026-05-27,1.5
237164,Ihlas Bebou,TSG 1899 Hoffenheim,2025-26,FW,32.0,176,0,0,2026-05-16,2026-05-27,0.6
239962,Denis Vavro,VfL Wolfsburg,2025-26,DF,30.0,1175,1,0,2026-05-16,2026-05-27,5.0
242063,Vaclav Cerny,VfL Wolfsburg,2025-26,FW,28.0,46,0,0,2026-05-16,2026-05-21,7.0
242086,Patrik Schick,Bayer 04 Leverkusen,2025-26,FW,30.0,1996,16,3,2026-05-16,2026-05-27,18.0
242661,Manolis Saliakas,FC St. Pauli,2025-26,DF,29.0,1110,1,4,2026-05-16,2026-05-27,2.0
244940,Salih Özcan,Borussia Dortmund,2025-26,MF,28.0,73,0,0,2026-05-16,2026-05-27,3.5
248454,Nikola Vasilj,FC St. Pauli,2025-26,GK,30.0,3060,0,0,2026-05-16,2026-05-27,4.5
248999,Lucas Höler,SC Freiburg,2025-26,FW,31.0,2044,3,3,2026-05-16,2026-05-27,3.0
251299,Finn Dahmen,FC Augsburg,2025-26,GK,28.0,3060,0,0,2026-05-16,2026-05-27,12.0
251302,Niklas Dorsch,1. Fußballclub Heidenheim 1846,2025-26,MF,28.0,2269,0,1,2026-05-16,2026-05-27,2.5
257814,Gregor Kobel,Borussia Dortmund,2025-26,GK,28.0,3060,0,0,2026-05-16,2026-05-27,40.0
258039,Aurélio Buta,Eintracht Frankfurt,2025-26,DF,29.0,141,0,0,2026-05-16,2026-05-25,2.0
261504,Aleix García,Bayer 04 Leverkusen,2025-26,MF,28.0,2676,3,9,2026-05-16,2026-05-27,20.0
263361,Maximilian Wöber,SV Werder Bremen,2025-26,DF,28.0,35,0,0,2026-05-16,2026-05-27,3.0
264960,Robin Fellhauer,FC Augsburg,2025-26,MF,28.0,2809,3,2,2026-05-16,2026-05-27,3.5
268327,Mathias Rasmussen,FC St. Pauli,2025-26,MF,28.0,692,0,0,2026-05-16,2026-05-27,2.0
270393,Robert Skov,1.FC Union Berlin,2025-26,MF,29.0,223,0,0,2026-05-16,2026-05-27,2.0
270541,Serhou Guirassy,Borussia Dortmund,2025-26,FW,30.0,2351,17,2,2026-05-16,2026-05-27,32.0
272278,Chris Führich,VfB Stuttgart,2025-26,FW,28.0,1706,7,8,2026-05-16,2026-05-27,12.0
273669,Adrian Beck,1. Fußballclub Heidenheim 1846,2025-26,MF,28.0,860,1,1,2026-05-16,2026-05-27,1.5
278332,Florian Neuhaus,Borussia Mönchengladbach,2025-26,MF,29.0,935,0,1,2026-05-16,2026-05-27,2.5
280575,Elvis Rexhbecaj,FC Augsburg,2025-26,MF,28.0,1109,2,0,2026-05-16,2026-05-27,3.5
282660,Maximilian Mittelstädt,VfB Stuttgart,2025-26,DF,29.0,2189,6,4,2026-05-16,2026-05-27,18.0
283497,Mathias Honsak,1. Fußballclub Heidenheim 1846,2025-26,FW,29.0,1249,2,1,2026-05-16,2026-05-27,1.7
284010,Robin Hack,Borussia Mönchengladbach,2025-26,FW,27.0,317,1,0,2026-05-16,2026-05-27,7.0
284270,Moritz Nicolas,Borussia Mönchengladbach,2025-26,GK,28.0,3060,0,0,2026-05-16,2026-05-27,8.0
284732,Ramy Bensebaini,Borussia Dortmund,2025-26,DF,31.0,1528,5,2,2026-05-16,2026-05-27,7.0
287920,Tim Skarke,1.FC Union Berlin,2025-26,FW,29.0,607,1,1,2026-05-16,2026-05-27,1.5
288340,Phillip Tietz,1.FSV Mainz 05,2025-26,FW,28.0,1809,6,4,2026-05-16,2026-05-27,4.0
288429,Mads Pedersen,FC Augsburg,2025-26,DF,29.0,205,0,0,2026-05-16,2026-05-27,0.8
289835,Jens Stage,SV Werder Bremen,2025-26,MF,29.0,2468,10,2,2026-05-16,2026-05-27,14.0
290587,Ellyes Skhiri,Eintracht Frankfurt,2025-26,MF,31.0,1442,0,0,2026-05-16,2026-05-27,5.0
291222,Jean-Luc Dompé,Hamburger SV,2025-26,FW,30.0,1138,3,0,2026-05-16,2026-05-27,2.5
292534,Eric Smith,FC St. Pauli,2025-26,DF,29.0,2314,2,2,2026-05-16,2026-05-27,5.0
295630,Dimitrios Giannoulis,FC Augsburg,2025-26,DF,30.0,1902,2,5,2026-05-16,2026-05-27,3.0
297583,Woo-yeong Jeong,1.FC Union Berlin,2025-26,MF,26.0,1193,4,1,2026-05-16,2026-05-27,3.5
298603,Miro Muheim,Hamburger SV,2025-26,DF,28.0,2437,0,4,2026-05-16,2026-05-27,5.0
303219,Jeff Chabot,VfB Stuttgart,2025-26,DF,28.0,2296,0,0,2026-05-16,2026-05-27,15.0
307183,Sirlord Conteh,1. Fußballclub Heidenheim 1846,2025-26,FW,29.0,619,2,1,2026-05-16,2026-05-27,1.2
314398,Jae-sung Lee,1.FSV Mainz 05,2025-26,MF,33.0,2201,4,2,2026-05-16,2026-05-27,2.0
318204,David Raum,RB Leipzig,2025-26,DF,28.0,2556,3,7,2026-05-16,2026-05-27,25.0
322517,Joël Schmied,1.FC Köln,2025-26,DF,27.0,1080,0,0,2026-05-16,2026-05-27,3.0
324278,Christoph Baumgartner,RB Leipzig,2025-26,MF,26.0,2793,13,9,2026-05-16,2026-05-27,40.0
324811,Arnaud Nordin,1.FSV Mainz 05,2025-26,FW,27.0,467,0,0,2026-05-16,2026-06-01,4.0
327251,Ridle Baku,RB Leipzig,2025-26,DF,28.0,2514,2,3,2026-05-16,2026-05-27,12.0
328784,Robin Koch,Eintracht Frankfurt,2025-26,DF,29.0,2835,3,2,2026-05-16,2026-05-27,10.0
333647,Jonathan Burkardt,Eintracht Frankfurt,2025-26,FW,25.0,1340,13,1,2026-05-16,2026-05-27,30.0
333903,Lars Ritzka,FC St. Pauli,2025-26,DF,28.0,970,0,0,2026-05-16,2026-05-27,1.0
334207,Maxim Leitsch,1.FSV Mainz 05,2025-26,DF,27.0,162,0,0,2026-05-16,2026-05-27,0.8
334221,Amos Pieper,SV Werder Bremen,2025-26,DF,28.0,1504,0,0,2026-05-16,2026-05-27,4.0
335103,Linton Maina,1.FC Köln,2025-26,FW,26.0,1020,2,1,2026-05-16,2026-05-27,3.0
335209,Kevin Diks,Borussia Mönchengladbach,2025-26,DF,29.0,2467,5,0,2026-05-16,2026-05-27,5.0
335457,Ermedin Demirovic,VfB Stuttgart,2025-26,FW,28.0,1498,12,4,2026-05-16,2026-05-27,22.0
335993,Philipp Treu,SC Freiburg,2025-26,DF,25.0,2188,1,2,2026-05-16,2026-05-27,15.0
337092,Tim Siersleben,1. Fußballclub Heidenheim 1846,2025-26,DF,26.0,1082,0,0,2026-05-16,2026-05-27,1.8
337333,Alex Král,1.FC Union Berlin,2025-26,MF,27.0,443,0,0,2026-05-16,2026-05-27,2.5
338668,Senne Lynen,SV Werder Bremen,2025-26,MF,27.0,2757,0,1,2026-05-16,2026-05-27,8.0
339314,Deniz Undav,VfB Stuttgart,2025-26,FW,29.0,2249,19,6,2026-05-16,2026-05-27,22.0
340166,Alessio Castro-Montes,1.FC Köln,2025-26,MF,28.0,670,1,3,2026-05-16,2026-05-27,2.5
340322,Nathan Tella,Bayer 04 Leverkusen,2025-26,FW,26.0,870,1,6,2026-05-16,2026-05-27,15.0
341317,Oliver Burke,1.FC Union Berlin,2025-26,FW,29.0,1674,6,2,2026-05-16,2026-05-27,3.0
342039,Yannik Keitel,FC Augsburg,2025-26,MF,26.0,247,0,0,2026-05-16,2026-05-27,2.0
342405,Mattias Svanberg,VfL Wolfsburg,2025-26,MF,27.0,854,3,1,2026-05-16,2026-05-27,8.0
342967,Niklas Beste,SC Freiburg,2025-26,FW,27.0,1710,2,3,2026-05-16,2026-05-27,10.0
344598,Dan-Axel Zagadou,VfB Stuttgart,2025-26,DF,26.0,210,0,1,2026-05-16,2026-05-27,2.0
344695,Dayot Upamecano,Bayern Munich,2025-26,DF,27.0,1798,1,1,2026-05-16,2026-05-27,70.0
346499,Danel Sinani,FC St. Pauli,2025-26,MF,29.0,2069,5,3,2026-05-16,2026-05-27,3.0
346551,Kamil Grabara,VfL Wolfsburg,2025-26,GK,27.0,3060,0,0,2026-05-16,2026-05-27,12.0
346853,Romano Schmid,SV Werder Bremen,2025-26,MF,26.0,2993,4,8,2026-05-16,2026-05-27,15.0
353892,Hiroki Ito,Bayern Munich,2025-26,DF,27.0,921,1,2,2026-05-16,2026-05-27,18.0
357156,Diogo Leite,1.FC Union Berlin,2025-26,DF,27.0,1970,0,0,2026-05-16,2026-05-27,12.0
358504,Ritsu Doan,Eintracht Frankfurt,2025-26,FW,27.0,2379,5,5,2026-05-16,2026-05-27,17.0
361260,Ozan Kabak,TSG 1899 Hoffenheim,2025-26,DF,26.0,1745,4,0,2026-05-16,2026-05-27,15.0
362977,Josip Juranovic,1.FC Union Berlin,2025-26,DF,30.0,325,1,1,2026-05-16,2026-05-27,2.0
364258,Bernardo,TSG 1899 Hoffenheim,2025-26,DF,31.0,2319,0,0,2026-05-16,2026-05-27,4.0
368887,Loïs Openda,RB Leipzig,2025-26,FW,26.0,50,0,0,2026-05-16,2026-05-29,25.0
368891,Arthur Theate,Eintracht Frankfurt,2025-26,DF,25.0,2144,1,1,2026-05-16,2026-05-27,17.0
369674,Joakim Maehle,VfL Wolfsburg,2025-26,DF,28.0,1224,1,2,2026-05-16,2026-05-27,7.0
369684,Rasmus Nissen Kristensen,Eintracht Frankfurt,2025-26,DF,28.0,1542,2,0,2026-05-16,2026-05-27,10.0
370683,Andreas Hanche-Olsen,1.FSV Mainz 05,2025-26,DF,29.0,850,0,0,2026-05-16,2026-05-27,3.5
370789,Julian Ryerson,Borussia Dortmund,2025-26,DF,28.0,2274,0,15,2026-05-16,2026-05-27,25.0
371141,Stanley Nsoki,1.FC Union Berlin,2025-26,DF,27.0,819,1,2,2026-05-16,2026-05-27,2.0
374954,Kristijan Jakic,FC Augsburg,2025-26,MF,29.0,1654,2,1,2026-05-16,2026-05-27,6.0
377729,Martijn Kaars,FC St. Pauli,2025-26,FW,27.0,1346,3,1,2026-05-16,2026-05-27,3.0
381967,Albert Sambi Lokonga,Hamburger SV,2025-26,MF,26.0,1714,5,0,2026-05-16,2026-05-27,12.0
382478,Cédric Zesiger,FC Augsburg,2025-26,DF,27.0,1812,0,0,2026-05-16,2026-05-27,5.0
384593,Alexis Claude-Maurice,FC Augsburg,2025-26,MF,27.0,2108,5,4,2026-05-16,2026-05-27,15.0
386685,Matheo Raab,1.FC Union Berlin,2025-26,GK,27.0,90,0,0,2026-05-16,2026-05-27,0.6
387047,Danilho Doekhi,1.FC Union Berlin,2025-26,DF,27.0,3060,5,1,2026-05-16,2026-05-27,13.0
387106,Lovro Majer,VfL Wolfsburg,2025-26,MF,28.0,1375,2,3,2026-05-16,2026-05-27,8.0
388198,Nico Schlotterbeck,Borussia Dortmund,2025-26,DF,26.0,2520,5,2,2026-05-16,2026-05-27,55.0
388294,Omar Traoré,1. Fußballclub Heidenheim 1846,2025-26,DF,28.0,1500,0,2,2026-05-16,2026-05-27,2.0
388409,Philipp Sander,Borussia Mönchengladbach,2025-26,MF,28.0,2454,2,0,2026-05-16,2026-05-27,4.0
391004,Jonas Wind,VfL Wolfsburg,2025-26,FW,27.0,480,1,0,2026-05-16,2026-05-27,4.0
391766,Marco Grüll,SV Werder Bremen,2025-26,FW,27.0,2012,3,1,2026-05-16,2026-05-27,4.0
391780,Derrick Köhn,1.FC Union Berlin,2025-26,DF,27.0,1902,1,2,2026-05-16,2026-05-27,4.0
392710,Lennard Maloney,1.FSV Mainz 05,2025-26,MF,26.0,472,0,0,2026-05-16,2026-05-27,2.5
393321,James Sands,FC St. Pauli,2025-26,MF,25.0,1941,1,0,2026-05-16,2026-05-27,5.0
393512,Felix Agu,SV Werder Bremen,2025-26,DF,26.0,747,0,1,2026-05-16,2026-05-27,4.5
393745,Jusuf Gazibegovic,1.FC Köln,2025-26,DF,26.0,22,0,0,2026-05-16,2026-05-26,2.0
394033,Stefan Schimmer,1. Fußballclub Heidenheim 1846,2025-26,FW,32.0,805,5,1,2026-05-16,2026-05-27,0.3
395522,Samuel Essende,FC Augsburg,2025-26,FW,28.0,404,1,0,2026-05-16,2026-06-02,2.5
400546,Nikolas Nartey,VfB Stuttgart,2025-26,MF,26.0,1256,4,3,2026-05-16,2026-05-27,10.0
401578,Exequiel Palacios,Bayer 04 Leverkusen,2025-26,MF,27.0,1097,0,1,2026-05-16,2026-05-27,25.0
403177,Emir Sahiti,Hamburger SV,2025-26,FW,27.0,122,0,0,2026-05-16,2026-06-11,1.7
404950,Nicolas Seiwald,RB Leipzig,2025-26,MF,25.0,2704,0,2,2026-05-16,2026-05-27,25.0
405385,Yukinari Sugawara,SV Werder Bremen,2025-26,DF,25.0,2434,0,6,2026-05-16,2026-05-27,5.5
405670,Yannik Engelhardt,Borussia Mönchengladbach,2025-26,MF,25.0,2491,2,2,2026-05-16,2026-05-27,7.0
405687,Tom Krauß,1.FC Köln,2025-26,MF,24.0,1787,0,2,2026-05-16,2026-05-27,4.5
406640,Felix Nmecha,Borussia Dortmund,2025-26,MF,25.0,2190,2,3,2026-05-16,2026-05-27,50.0
407098,Jakub Kamiński,1.FC Köln,2025-26,FW,23.0,3023,7,5,2026-05-16,2026-05-27,17.0
412953,Wouter Burger,TSG 1899 Hoffenheim,2025-26,MF,25.0,2441,4,8,2026-05-16,2026-05-27,20.0
413843,Keven Schlotterbeck,FC Augsburg,2025-26,DF,29.0,2031,0,2,2026-05-16,2026-05-27,6.0
415035,Koki Machida,TSG 1899 Hoffenheim,2025-26,DF,28.0,45,0,0,2026-05-16,2026-05-27,6.0
415194,Bakery Jatta,Hamburger SV,2025-26,FW,27.0,918,1,1,2026-05-16,2026-05-27,1.0
416380,Ragnar Ache,1.FC Köln,2025-26,FW,27.0,1726,7,5,2026-05-16,2026-05-27,9.0
424072,Mathias Pereira Lage,FC St. Pauli,2025-26,FW,29.0,2032,2,2,2026-05-16,2026-05-27,2.5
424204,Alphonso Davies,Bayern Munich,2025-26,DF,25.0,523,1,3,2026-05-16,2026-05-27,40.0
429874,Ansgar Knauff,Eintracht Frankfurt,2025-26,FW,24.0,1322,4,2,2026-05-16,2026-05-27,15.0
432982,Andreas Skov Olsen,VfL Wolfsburg,2025-26,FW,26.0,361,1,0,2026-05-16,2026-05-20,6.0
434116,Alexander Prass,TSG 1899 Hoffenheim,2025-26,MF,24.0,1298,3,2,2026-05-16,2026-05-27,9.0
435796,Kilian Fischer,VfL Wolfsburg,2025-26,DF,25.0,804,0,0,2026-05-16,2026-05-27,4.0
436064,Ramon Hendriks,VfB Stuttgart,2025-26,DF,24.0,2023,0,3,2026-05-16,2026-05-27,25.0
442891,Martin Terrier,Bayer 04 Leverkusen,2025-26,FW,29.0,671,4,1,2026-05-16,2026-05-27,8.0
443331,Patrick Osterhage,SC Freiburg,2025-26,MF,26.0,1187,1,0,2026-05-16,2026-05-27,12.0
443710,Angelo Stiller,VfB Stuttgart,2025-26,MF,25.0,2746,2,6,2026-05-16,2026-05-27,45.0
448177,Jessic Ngankam,Eintracht Frankfurt,2025-26,FW,25.0,60,0,0,2026-05-16,2026-05-26,0.7
448258,Josha Vagnoman,VfB Stuttgart,2025-26,DF,25.0,1587,1,4,2026-05-16,2026-05-27,10.0
448705,Diant Ramaj,1. Fußballclub Heidenheim 1846,2025-26,GK,24.0,2790,0,1,2026-05-16,2026-05-27,7.0
449592,Cameron Puertas,SV Werder Bremen,2025-26,MF,27.0,1852,1,2,2026-05-16,2026-05-27,7.0
449597,Isaac Schmidt,SV Werder Bremen,2025-26,DF,26.0,676,1,0,2026-05-16,2026-05-27,2.2
452477,Junior Adamu,SC Freiburg,2025-26,FW,24.0,449,1,1,2026-05-16,2026-05-20,3.0
453016,Anthony Caci,1.FSV Mainz 05,2025-26,DF,28.0,520,0,0,2026-05-16,2026-05-27,7.0
453870,Benedict Hollerbach,1.FSV Mainz 05,2025-26,FW,24.0,884,1,3,2026-05-16,2026-05-27,8.0
454863,András Schäfer,1.FC Union Berlin,2025-26,MF,27.0,1419,2,1,2026-05-16,2026-05-27,4.5
455661,Nick Woltemade,VfB Stuttgart,2025-26,FW,24.0,90,0,0,2026-05-16,2026-06-03,55.0
460245,Moritz Jenz,VfL Wolfsburg,2025-26,DF,27.0,1789,1,0,2026-05-16,2026-05-27,5.0
467434,Rocco Reitz,Borussia Mönchengladbach,2025-26,MF,23.0,2639,0,4,2026-05-16,2026-05-27,20.0
467437,Malik Tillman,Bayer 04 Leverkusen,2025-26,MF,23.0,1677,6,1,2026-05-16,2026-05-27,30.0
470038,Ransford Königsdörffer,Hamburger SV,2025-26,FW,24.0,2350,5,0,2026-05-16,2026-05-27,5.0
471055,Marvin Pieringer,1. Fußballclub Heidenheim 1846,2025-26,FW,26.0,1655,4,1,2026-05-16,2026-05-27,3.0
472249,Jan Thielmann,1.FC Köln,2025-26,FW,23.0,1548,3,1,2026-05-16,2026-05-27,5.0
475413,Sacha Boey,Bayern Munich,2025-26,DF,25.0,462,0,0,2026-05-16,2026-05-21,10.0
480692,Luis Díaz,Bayern Munich,2025-26,FW,29.0,2451,15,17,2026-05-16,2026-05-27,70.0
483046,Josip Stanisic,Bayern Munich,2025-26,DF,26.0,1855,2,4,2026-05-16,2026-05-27,40.0
486046,Maarten Vandevoordt,RB Leipzig,2025-26,GK,24.0,1051,0,0,2026-05-16,2026-05-27,15.0
490609,Lasse Rieß,1.FSV Mainz 05,2025-26,GK,24.0,291,0,0,2026-05-16,2026-05-27,0.5
493513,Karl Hein,SV Werder Bremen,2025-26,GK,24.0,180,0,0,2026-05-16,2026-05-27,3.0
495752,Taichi Hara,FC St. Pauli,2025-26,FW,27.0,25,0,0,2026-05-16,2026-05-27,1.0
496094,Karim Adeyemi,Borussia Dortmund,2025-26,FW,24.0,1196,7,4,2026-05-16,2026-05-27,40.0
503160,Paul Nebel,1.FSV Mainz 05,2025-26,MF,23.0,2078,5,2,2026-05-16,2026-05-27,18.0
503482,Min-jae Kim,Bayern Munich,2025-26,DF,29.0,1605,1,1,2026-05-16,2026-05-27,20.0
503866,Albert Grønbaek,Hamburger SV,2025-26,MF,24.0,495,1,2,2026-05-16,2026-05-27,5.0
504153,Joe Scally,Borussia Mönchengladbach,2025-26,DF,23.0,2611,2,3,2026-05-16,2026-05-27,7.0
504215,Giovanni Reyna,Borussia Mönchengladbach,2025-26,MF,23.0,509,1,1,2026-05-16,2026-05-27,4.0
505653,Fábio Silva,Borussia Dortmund,2025-26,FW,23.0,805,2,6,2026-05-16,2026-05-27,22.0
507341,Fabian Rieder,FC Augsburg,2025-26,MF,24.0,2351,6,4,2026-05-16,2026-05-27,12.0
507345,Leonidas Stergiou,1. Fußballclub Heidenheim 1846,2025-26,DF,24.0,204,0,0,2026-05-16,2026-05-27,2.5
513245,Jesper Lindstrøm,VfL Wolfsburg,2025-26,FW,26.0,374,0,0,2026-05-16,2026-05-27,4.0
518505,Jamie Leweling,VfB Stuttgart,2025-26,FW,25.0,2379,7,9,2026-05-16,2026-05-27,40.0
519872,Livan Burcu,1.FC Union Berlin,2025-26,FW,21.0,645,1,1,2026-05-16,2026-05-27,4.0
522223,Connor Metcalfe,FC St. Pauli,2025-26,MF,26.0,576,0,2,2026-05-16,2026-05-27,1.5
524285,Luca Netz,Borussia Mönchengladbach,2025-26,DF,23.0,938,0,2,2026-05-16,2026-06-03,8.0
524290,Fisnik Asllani,TSG 1899 Hoffenheim,2025-26,FW,23.0,2358,10,9,2026-05-16,2026-05-27,35.0
526845,Noah Atubolu,SC Freiburg,2025-26,GK,23.0,3060,0,0,2026-05-16,2026-05-27,25.0
529895,Daniel Elfadli,Hamburger SV,2025-26,DF,29.0,1253,0,0,2026-05-16,2026-05-27,3.0
530173,Julian Niehues,1. Fußballclub Heidenheim 1846,2025-26,MF,25.0,1389,3,0,2026-05-16,2026-05-27,1.5
530298,Christian Conteh,1. Fußballclub Heidenheim 1846,2025-26,FW,26.0,405,0,0,2026-05-16,2026-05-27,1.5
533295,Patrick Wimmer,VfL Wolfsburg,2025-26,FW,24.0,1634,4,3,2026-05-16,2026-05-27,12.0
536508,Han-Noah Massengo,FC Augsburg,2025-26,MF,24.0,2437,2,1,2026-05-16,2026-05-27,8.0
537598,Fábio Vieira,Hamburger SV,2025-26,MF,25.0,2217,7,5,2026-05-16,2026-05-27,18.0
539798,Luca Jaquez,VfB Stuttgart,2025-26,DF,22.0,900,0,1,2026-05-16,2026-05-27,10.0
540056,Giorgi Gocholeishvili,Hamburger SV,2025-26,DF,25.0,933,0,1,2026-05-16,2026-05-27,2.0
545332,Mikkel Kaufmann,1. Fußballclub Heidenheim 1846,2025-26,FW,25.0,534,1,1,2026-05-16,2026-05-27,1.5
549378,Sander Tangvik,Hamburger SV,2025-26,GK,23.0,90,0,0,2026-05-16,2026-05-27,3.0
550580,Shuto Machino,Borussia Mönchengladbach,2025-26,FW,26.0,1063,3,1,2026-05-16,2026-05-27,4.0
552057,Adam Hlozek,TSG 1899 Hoffenheim,2025-26,FW,23.0,37,0,0,2026-05-16,2026-05-27,10.0
553285,Tim Lemperle,TSG 1899 Hoffenheim,2025-26,FW,24.0,1960,8,2,2026-05-16,2026-05-27,17.0
564545,Edmond Tapsoba,Bayer 04 Leverkusen,2025-26,DF,27.0,2576,5,3,2026-05-16,2026-05-27,35.0
565424,Johan Bakayoko,RB Leipzig,2025-26,FW,23.0,774,2,0,2026-05-16,2026-05-27,20.0
566723,Michael Olise,Bayern Munich,2025-26,FW,24.0,2320,15,21,2026-05-16,2026-05-27,150.0
566931,Xavi Simons,RB Leipzig,2025-26,MF,23.0,90,0,0,2026-05-16,2026-06-03,40.0
569033,Armindo Sieb,1.FSV Mainz 05,2025-26,FW,23.0,534,2,0,2026-05-16,2026-05-27,2.5
569383,Chrislain Matsima,FC Augsburg,2025-26,DF,24.0,1490,1,1,2026-05-16,2026-05-27,22.0
569387,Valentin Gendrey,TSG 1899 Hoffenheim,2025-26,DF,25.0,53,1,1,2026-05-16,2026-05-27,6.0
574201,Grant-Leon Ranos,Borussia Mönchengladbach,2025-26,FW,22.0,111,1,0,2026-05-16,2026-06-01,0.6
578392,Maximilian Beier,Borussia Dortmund,2025-26,FW,23.0,2037,9,9,2026-05-16,2026-05-27,40.0
579287,Daniel Svensson,Borussia Dortmund,2025-26,DF,24.0,2453,2,2,2026-05-16,2026-05-27,22.0
579459,Albian Hajdari,TSG 1899 Hoffenheim,2025-26,DF,22.0,2440,1,2,2026-05-16,2026-05-27,25.0
579565,Ísak Jóhannesson,1.FC Köln,2025-26,MF,23.0,1812,1,3,2026-05-16,2026-05-27,8.0
580195,Jamal Musiala,Bayern Munich,2025-26,MF,23.0,679,3,4,2026-05-16,2026-05-27,100.0
581357,Jan Schöppner,1. Fußballclub Heidenheim 1846,2025-26,MF,26.0,2260,3,3,2026-05-16,2026-05-27,3.0
583699,Andrej Ilic,1.FC Union Berlin,2025-26,FW,26.0,2257,5,10,2026-05-16,2026-05-27,9.0
585959,Arnaud Kalimuendo,Eintracht Frankfurt,2025-26,FW,24.0,1421,6,1,2026-05-16,2026-05-27,25.0
587019,Fin Stevens,FC St. Pauli,2025-26,DF,23.0,26,0,0,2026-05-16,2026-05-27,0.5
592387,Sebastian Sebulonsen,1.FC Köln,2025-26,DF,26.0,2505,0,0,2026-05-16,2026-05-27,5.5
592534,Nicolai Remberg,Hamburger SV,2025-26,MF,25.0,2880,0,3,2026-05-16,2026-05-27,9.0
596153,Justin Njinmah,SV Werder Bremen,2025-26,FW,25.0,1955,5,0,2026-05-16,2026-05-27,5.0
597000,Eric Martel,1.FC Köln,2025-26,MF,24.0,2564,2,2,2026-05-16,2026-05-27,8.0
597432,Leopold Querfeld,1.FC Union Berlin,2025-26,DF,22.0,2704,3,0,2026-05-16,2026-05-27,20.0
599419,Max Rosenfelder,SC Freiburg,2025-26,DF,23.0,489,0,0,2026-05-16,2026-05-27,6.0
599733,Arkadiusz Pyrka,FC St. Pauli,2025-26,DF,23.0,2581,0,1,2026-05-16,2026-05-27,3.5
601143,Nikolas Veratschnig,1.FSV Mainz 05,2025-26,MF,23.0,652,0,1,2026-05-16,2026-05-27,2.5
605265,Louis Oppie,FC St. Pauli,2025-26,DF,23.0,1616,1,0,2026-05-16,2026-05-27,2.5
605268,Igor Matanovic,SC Freiburg,2025-26,FW,23.0,1563,11,2,2026-05-16,2026-05-27,22.0
607720,Jonas Urbig,Bayern Munich,2025-26,GK,22.0,1110,0,0,2026-05-16,2026-05-27,18.0
608832,Merlin Röhl,SC Freiburg,2025-26,MF,23.0,65,0,0,2026-05-16,2026-06-03,16.0
610400,William Bøving,1.FSV Mainz 05,2025-26,FW,23.0,219,0,1,2026-05-16,2026-05-27,3.5
610795,Tomoya Ando,FC St. Pauli,2025-26,DF,27.0,1261,0,1,2026-05-16,2026-05-27,3.0
612826,Silas,1.FSV Mainz 05,2025-26,FW,27.0,335,1,0,2026-05-16,2026-05-27,2.0
613192,Jens Castrop,Borussia Mönchengladbach,2025-26,MF,22.0,1594,3,1,2026-05-16,2026-05-27,10.0
615350,Cenk Özkacar,1.FC Köln,2025-26,DF,25.0,1793,0,0,2026-05-16,2026-05-27,4.0
616344,Tiago Tomás,VfB Stuttgart,2025-26,FW,23.0,1013,5,3,2026-05-16,2026-05-27,15.0
617755,Jenson Seelt,VfL Wolfsburg,2025-26,DF,22.0,680,0,0,2026-05-16,2026-05-27,5.0
618472,Castello Lukeba,RB Leipzig,2025-26,DF,23.0,2177,1,0,2026-05-16,2026-05-27,50.0
620217,Robin Hranac,TSG 1899 Hoffenheim,2025-26,DF,26.0,2251,1,0,2026-05-16,2026-05-27,10.0
620295,Mio Backhaus,SV Werder Bremen,2025-26,GK,22.0,2880,0,0,2026-05-16,2026-05-27,15.0
620598,Ameen Al-Dakhil,VfB Stuttgart,2025-26,DF,24.0,376,0,0,2026-05-16,2026-05-27,3.0
621802,Olivier Deman,SV Werder Bremen,2025-26,DF,26.0,1255,1,3,2026-05-16,2026-05-27,3.5
623773,Kristoffer Lund,1.FC Köln,2025-26,DF,24.0,2284,0,2,2026-05-16,2026-05-27,4.0
627228,Yan Couto,Borussia Dortmund,2025-26,DF,23.0,995,2,3,2026-05-16,2026-05-27,17.0
632349,Jarell Quansah,Bayer 04 Leverkusen,2025-26,DF,23.0,2302,4,0,2026-05-16,2026-05-27,45.0
635645,Aurèle Amenda,Eintracht Frankfurt,2025-26,DF,22.0,1676,0,0,2026-05-16,2026-05-27,10.0
640556,Rav van den Berg,1.FC Köln,2025-26,DF,21.0,1132,0,1,2026-05-16,2026-05-27,7.0
643574,Kaishu Sano,1.FSV Mainz 05,2025-26,MF,25.0,3060,1,3,2026-05-16,2026-05-27,40.0
645774,Eren Dinkçi,1. Fußballclub Heidenheim 1846,2025-26,FW,24.0,1381,3,3,2026-05-16,2026-05-27,6.0
649672,Nicolás Capaldo,Hamburger SV,2025-26,DF,27.0,2010,1,3,2026-05-16,2026-05-27,8.0
654234,Anton Kade,FC Augsburg,2025-26,MF,22.0,1747,6,1,2026-05-16,2026-05-27,10.0
654982,Bilal El Khannouss,VfB Stuttgart,2025-26,MF,22.0,1635,4,5,2026-05-16,2026-05-27,35.0
654991,Samuel Mbangula,SV Werder Bremen,2025-26,FW,22.0,1169,3,4,2026-05-16,2026-05-27,8.0
656681,Victor Boniface,SV Werder Bremen,2025-26,FW,25.0,326,0,2,2026-05-16,2026-05-27,5.0
659459,Carney Chukwuemeka,Borussia Dortmund,2025-26,MF,22.0,907,2,0,2026-05-16,2026-05-27,20.0
659542,Elye Wahi,Eintracht Frankfurt,2025-26,FW,23.0,320,0,1,2026-05-16,2026-06-01,18.0
659813,Piero Hincapié,Bayer 04 Leverkusen,2025-26,DF,24.0,90,0,0,2026-05-16,2026-06-03,50.0
663581,Vini Souza,VfL Wolfsburg,2025-26,MF,26.0,1771,0,0,2026-05-16,2026-05-27,7.0
664708,Equi Fernández,Bayer 04 Leverkusen,2025-26,MF,23.0,987,0,1,2026-05-16,2026-05-27,20.0
667251,Hugo Bolin,Borussia Mönchengladbach,2025-26,FW,22.0,547,1,2,2026-05-16,2026-05-27,6.0
667457,Leon Avdullahu,TSG 1899 Hoffenheim,2025-26,MF,22.0,2838,0,1,2026-05-16,2026-05-27,30.0
668606,Yuito Suzuki,SC Freiburg,2025-26,FW,24.0,1637,4,3,2026-05-16,2026-05-27,24.0
669380,Konstantinos Koulierakis,VfL Wolfsburg,2025-26,DF,22.0,2481,4,1,2026-05-16,2026-05-27,25.0
670116,Isak Hansen-Aarøen,SV Werder Bremen,2025-26,MF,21.0,1,0,0,2026-05-16,2026-05-28,0.6
671108,Kota Takai,Borussia Mönchengladbach,2025-26,DF,21.0,339,0,0,2026-05-16,2026-05-27,5.0
677935,Ricky-Jade Jones,FC St. Pauli,2025-26,FW,23.0,350,2,0,2026-05-16,2026-05-27,1.2
678479,Denis Huseinbasic,1.FC Köln,2025-26,MF,24.0,725,0,0,2026-05-16,2026-05-27,2.0
678655,Philip Otele,Hamburger SV,2025-26,FW,27.0,477,1,1,2026-05-16,2026-05-27,4.0
684315,Nnamdi Collins,Eintracht Frankfurt,2025-26,DF,22.0,1498,1,2,2026-05-16,2026-05-27,20.0
685484,Luka Duric,TSG 1899 Hoffenheim,2025-26,MF,22.0,9,0,0,2026-05-16,2026-05-29,0.8
691892,Nathaniel Brown,Eintracht Frankfurt,2025-26,DF,22.0,2658,4,4,2026-05-16,2026-05-27,40.0
692368,Younes Ebnoutalib,Eintracht Frankfurt,2025-26,FW,22.0,131,1,0,2026-05-16,2026-05-27,8.0
692737,Aljoscha Kemlein,1.FC Union Berlin,2025-26,MF,21.0,1968,0,2,2026-05-16,2026-05-27,12.0
694507,Rayan Philippe,Hamburger SV,2025-26,FW,25.0,1285,5,0,2026-05-16,2026-05-27,4.0
696164,Tim Oermann,Bayer 04 Leverkusen,2025-26,DF,22.0,16,0,0,2026-05-16,2026-05-27,4.0
697277,Joel Chima Fujita,FC St. Pauli,2025-26,MF,24.0,2671,1,3,2026-05-16,2026-05-27,10.0
700106,Brajan Gruda,RB Leipzig,2025-26,MF,21.0,755,3,3,2026-05-16,2026-05-27,28.0
701757,Keke Topp,SV Werder Bremen,2025-26,FW,22.0,629,1,1,2026-05-16,2026-05-27,3.0
704155,Andréas Hountondji,FC St. Pauli,2025-26,FW,23.0,1075,4,0,2026-05-16,2026-05-27,3.0
707242,Badredine Bouanani,VfB Stuttgart,2025-26,FW,21.0,458,0,0,2026-05-16,2026-05-27,10.0
711517,Kevin Paredes,VfL Wolfsburg,2025-26,MF,23.0,161,0,0,2026-05-16,2026-05-27,2.0
711969,Lorenz Assignon,VfB Stuttgart,2025-26,DF,25.0,1093,0,0,2026-05-16,2026-05-27,9.0
711996,Warmed Omari,Hamburger SV,2025-26,DF,26.0,1608,0,1,2026-05-16,2026-05-27,4.0
718303,Ernest Poku,Bayer 04 Leverkusen,2025-26,FW,22.0,1485,5,5,2026-05-16,2026-05-27,25.0
724104,Fabio Chiarodia,Borussia Mönchengladbach,2025-26,DF,20.0,674,0,1,2026-05-16,2026-05-27,3.0
726701,Rodrigo Ribeiro,FC Augsburg,2025-26,FW,21.0,633,2,0,2026-05-16,2026-05-27,4.0
730484,Aaron Zehnter,VfL Wolfsburg,2025-26,DF,21.0,1461,2,0,2026-05-16,2026-05-27,5.0
730581,Loïc Badé,Bayer 04 Leverkusen,2025-26,DF,26.0,1652,0,0,2026-05-16,2026-05-27,20.0
733371,Sota Kawasaki,1.FSV Mainz 05,2025-26,MF,24.0,305,0,0,2026-05-16,2026-05-27,2.0
734676,Jonas Adjetey,VfL Wolfsburg,2025-26,DF,22.0,137,0,0,2026-05-16,2026-05-27,6.0
743500,William Mikelbrencis,Hamburger SV,2025-26,DF,22.0,1372,0,4,2026-05-16,2026-05-27,3.0
744728,Arijon Ibrahimovic,1. Fußballclub Heidenheim 1846,2025-26,MF,20.0,2181,2,4,2026-05-16,2026-05-27,10.0
744857,Elias Baum,Eintracht Frankfurt,2025-26,DF,20.0,71,0,0,2026-05-16,2026-05-27,4.0
746910,Mohamed Amoura,VfL Wolfsburg,2025-26,FW,26.0,1928,8,4,2026-05-16,2026-05-27,20.0
776890,Nicolas Jackson,Bayern Munich,2025-26,FW,24.0,1004,8,2,2026-05-16,2026-05-27,40.0
777005,Mert Kömür,FC Augsburg,2025-26,MF,20.0,1463,2,4,2026-05-16,2026-05-27,12.0
787151,Lukas Ullrich,Borussia Mönchengladbach,2025-26,DF,22.0,1306,0,0,2026-05-16,2026-05-27,6.0
787912,El Chadaille Bitshiabu,RB Leipzig,2025-26,DF,21.0,654,0,0,2026-05-16,2026-05-27,18.0
789252,Bence Dárdai,VfL Wolfsburg,2025-26,MF,20.0,34,0,0,2026-05-16,2026-05-27,5.0
789898,Muhammed Damar,TSG 1899 Hoffenheim,2025-26,MF,22.0,268,0,0,2026-05-16,2026-05-27,5.0
792380,Aleksandar Pavlovic,Bayern Munich,2025-26,MF,22.0,1461,3,1,2026-05-16,2026-05-27,90.0
796213,Nelson Weiper,1.FSV Mainz 05,2025-26,FW,21.0,540,0,0,2026-05-16,2026-05-27,7.0
796297,Jobe Bellingham,Borussia Dortmund,2025-26,MF,20.0,1785,0,2,2026-05-16,2026-05-27,40.0
798043,Tom Rothe,1.FC Union Berlin,2025-26,DF,21.0,1024,2,0,2026-05-16,2026-05-27,10.0
799993,Ayoube Amaimouni-Echghouyab,Eintracht Frankfurt,2025-26,FW,21.0,580,2,3,2026-05-16,2026-05-27,10.0
806948,Frank Feller,1. Fußballclub Heidenheim 1846,2025-26,GK,22.0,270,0,0,2026-05-16,2026-05-27,0.8
807386,Conrad Harder,RB Leipzig,2025-26,FW,21.0,919,3,3,2026-05-16,2026-05-27,17.0
809498,Luca Kerber,1. Fußballclub Heidenheim 1846,2025-26,MF,24.0,677,2,0,2026-05-16,2026-05-27,2.0
810096,Ismaël Gharbi,FC Augsburg,2025-26,FW,22.0,88,0,0,2026-05-16,2026-05-27,5.0
810649,Max Finkgräfe,RB Leipzig,2025-26,DF,22.0,502,1,1,2026-05-16,2026-05-27,5.0
810895,Eliesse Ben Seghir,Bayer 04 Leverkusen,2025-26,FW,21.0,246,0,0,2026-05-16,2026-05-27,20.0
815078,Jordy Makengo,SC Freiburg,2025-26,DF,24.0,1173,0,1,2026-05-16,2026-05-27,6.0
816585,Can Uzun,Eintracht Frankfurt,2025-26,MF,20.0,1164,8,5,2026-05-16,2026-05-27,45.0
819636,Dzenan Pejcinovic,VfL Wolfsburg,2025-26,FW,21.0,1456,8,0,2026-05-16,2026-05-27,15.0
820241,Damion Downs,Hamburger SV,2025-26,FW,21.0,537,0,0,2026-05-16,2026-05-27,4.0
820957,Derry Scherhant,SC Freiburg,2025-26,FW,23.0,1292,5,2,2026-05-16,2026-05-27,7.5
822959,Tom Bischof,Bayern Munich,2025-26,MF,20.0,1294,3,3,2026-05-16,2026-05-27,40.0
829838,Hennes Behrens,1. Fußballclub Heidenheim 1846,2025-26,DF,21.0,1319,1,2,2026-05-16,2026-05-27,5.0
830108,Julián Malatini,SV Werder Bremen,2025-26,DF,24.0,516,0,0,2026-05-16,2026-05-27,2.0
846310,Oscar Højlund,Eintracht Frankfurt,2025-26,MF,21.0,1091,1,2,2026-05-16,2026-05-27,15.0
848682,Kosta Nedeljkovic,RB Leipzig,2025-26,DF,20.0,252,0,0,2026-05-16,2026-05-27,6.0
855015,Farès Chaïbi,Eintracht Frankfurt,2025-26,MF,23.0,1797,2,9,2026-05-16,2026-05-27,15.0
863759,Bruno Ogbus,SC Freiburg,2025-26,DF,20.0,1175,0,0,2026-05-16,2026-05-27,15.0
865682,Ezechiel Banzuzi,RB Leipzig,2025-26,MF,21.0,578,0,1,2026-05-16,2026-05-27,16.0
866579,Cole Campbell,TSG 1899 Hoffenheim,2025-26,FW,20.0,90,0,0,2026-05-16,2026-05-27,5.0
875332,Arthur Chaves,FC Augsburg,2025-26,DF,25.0,1067,2,0,2026-05-16,2026-05-27,5.0
881297,Adam Daghim,VfL Wolfsburg,2025-26,FW,20.0,1358,2,3,2026-05-16,2026-05-27,7.5
883007,Filippo Mane,Borussia Dortmund,2025-26,DF,21.0,132,0,0,2026-05-16,2026-05-27,2.5
884820,Almugera Kabar,Borussia Dortmund,2025-26,DF,19.0,14,0,0,2026-05-16,2026-05-27,3.0
884822,Charles Herrmann,Borussia Mönchengladbach,2025-26,FW,20.0,4,0,1,2026-05-16,2026-06-04,0.8
892160,Luka Vuskovic,Hamburger SV,2025-26,DF,19.0,2442,6,1,2026-05-16,2026-05-27,60.0
894914,Antonio Nusa,RB Leipzig,2025-26,FW,21.0,2040,4,3,2026-05-16,2026-05-27,32.0
897424,Assan Ouédraogo,RB Leipzig,2025-26,MF,20.0,955,4,3,2026-05-16,2026-05-27,28.0
897505,Lazar Jovanovic,VfB Stuttgart,2025-26,FW,19.0,37,0,0,2026-05-16,2026-05-27,3.5
904723,Aiman Dardari,FC Augsburg,2025-26,FW,21.0,31,0,0,2026-05-16,2026-06-01,0.8
905011,Ibrahim Maza,Bayer 04 Leverkusen,2025-26,MF,20.0,1854,3,5,2026-05-16,2026-05-27,45.0
910541,Fábio Baldé,Hamburger SV,2025-26,FW,20.0,440,1,1,2026-05-16,2026-05-27,5.0
919515,Jeanuël Belocian,VfL Wolfsburg,2025-26,DF,21.0,1543,0,1,2026-05-16,2026-05-27,12.0
921431,Adam Kölle,1. Fußballclub Heidenheim 1846,2025-26,DF,20.0,89,1,0,2026-05-16,2026-05-27,1.0
923595,Max Moerstedt,TSG 1899 Hoffenheim,2025-26,FW,20.0,401,2,0,2026-05-16,2026-05-27,7.0
923945,Noahkai Banks,FC Augsburg,2025-26,DF,19.0,1727,1,1,2026-05-16,2026-05-27,20.0
924117,Finn Jeltsch,VfB Stuttgart,2025-26,DF,19.0,1506,0,1,2026-05-16,2026-05-27,35.0
927353,Johan Manzambi,SC Freiburg,2025-26,MF,20.0,2096,5,5,2026-05-16,2026-05-27,50.0
930998,Yannick Eduardo,TSG 1899 Hoffenheim,2025-26,FW,20.0,1,0,0,2026-05-16,2026-05-29,2.5
931838,Hugo Larsson,Eintracht Frankfurt,2025-26,MF,21.0,1820,2,2,2026-05-16,2026-05-27,28.0
939964,Jean-Mattéo Bahoya,Eintracht Frankfurt,2025-26,FW,21.0,1330,3,4,2026-05-16,2026-05-27,25.0
942497,Jahmai Simpson-Pusey,1.FC Köln,2025-26,DF,20.0,864,0,0,2026-05-16,2026-05-27,9.0
943795,Jovan Milosevic,SV Werder Bremen,2025-26,FW,20.0,483,3,1,2026-05-16,2026-05-27,7.0
944331,Youssoupha Niang,1.FC Köln,2025-26,FW,20.0,187,0,0,2026-05-16,2026-05-27,2.0
948279,Chema Andrés,VfB Stuttgart,2025-26,MF,21.0,1306,3,1,2026-05-16,2026-05-27,20.0
951579,Saël Kumbedi,VfL Wolfsburg,2025-26,DF,21.0,1807,0,5,2026-05-16,2026-05-27,12.0
952779,Andrija Maksimovic,RB Leipzig,2025-26,MF,18.0,88,0,0,2026-05-16,2026-05-27,9.0
955448,Tidiam Gomis,RB Leipzig,2025-26,FW,19.0,337,1,0,2026-05-16,2026-05-27,5.0
957874,Rômulo,RB Leipzig,2025-26,FW,24.0,2209,9,4,2026-05-16,2026-05-27,30.0
971663,Jeremy Arévalo,VfB Stuttgart,2025-26,FW,21.0,32,0,1,2026-05-16,2026-05-27,7.0
977464,Arthur,Bayer 04 Leverkusen,2025-26,DF,23.0,1132,1,3,2026-05-16,2026-05-27,8.0
994536,Claudio Echeverri,Bayer 04 Leverkusen,2025-26,MF,20.0,130,0,0,2026-05-16,2026-06-05,15.0
997861,Kauã Santos,Eintracht Frankfurt,2025-26,GK,23.0,1085,0,0,2026-05-16,2026-05-27,7.0
1000675,Alejo Sarco,Bayer 04 Leverkusen,2025-26,FW,20.0,121,0,0,2026-05-16,2026-05-27,2.0
1009440,Jan Bürger,VfL Wolfsburg,2025-26,DF,19.0,246,0,0,2026-05-16,2026-05-27,3.0
1009441,Felipe Chávez,1.FC Köln,2025-26,MF,19.0,108,0,0,2026-05-16,2026-05-27,4.0
1035765,Ilyas Ansah,1.FC Union Berlin,2025-26,FW,21.0,1903,5,3,2026-05-16,2026-05-27,12.0
1042472,Salim Musah,SV Werder Bremen,2025-26,FW,20.0,197,1,0,2026-05-16,2026-05-27,2.0
1045446,Dmytro Bogdanov,1.FC Union Berlin,2025-26,FW,19.0,5,0,0,2026-05-16,2026-05-27,0.8
1045986,Mick Schmetgens,SV Werder Bremen,2025-26,DF,18.0,36,0,0,2026-05-16,2026-05-27,0.7
1058359,Samuele Inácio,Borussia Dortmund,2025-26,FW,18.0,383,1,0,2026-05-16,2026-05-27,15.0
1058514,Montrell Culbreath,Bayer 04 Leverkusen,2025-26,FW,18.0,740,1,0,2026-05-16,2026-05-27,15.0
1058520,Otto Stange,Hamburger SV,2025-26,FW,19.0,288,0,0,2026-05-16,2026-05-27,4.0
1067904,Bazoumana Touré,TSG 1899 Hoffenheim,2025-26,FW,20.0,2326,5,12,2026-05-16,2026-05-27,40.0
1069512,Jonah Kusi-Asare,Bayern Munich,2025-26,FW,18.0,4,0,0,2026-05-16,2026-06-03,3.0
1070979,Wael Mohya,Borussia Mönchengladbach,2025-26,MF,17.0,549,2,1,2026-05-16,2026-05-27,17.0
1073748,Kacper Potulski,1.FSV Mainz 05,2025-26,DF,18.0,1060,1,1,2026-05-16,2026-05-27,18.0
1074990,Luca Reggiani,Borussia Dortmund,2025-26,DF,18.0,513,1,0,2026-05-16,2026-05-27,10.0
1075147,Lennart Karl,Bayern Munich,2025-26,MF,18.0,1282,5,6,2026-05-16,2026-05-27,60.0
1077670,Axel Tape,Bayer 04 Leverkusen,2025-26,DF,18.0,221,0,0,2026-05-16,2026-05-27,8.0
1084638,Karim Coulibaly,SV Werder Bremen,2025-26,DF,18.0,2122,1,0,2026-05-16,2026-05-27,28.0
1114155,Patrice Covic,SV Werder Bremen,2025-26,MF,18.0,341,1,0,2026-05-16,2026-05-27,4.0
1118293,Fynn Schenten,1.FC Köln,2025-26,FW,18.0,97,0,0,2026-05-16,2026-05-27,1.0
1118495,David Santos Daiber,Bayern Munich,2025-26,MF,19.0,27,0,0,2026-05-16,2026-05-27,3.0
1125079,Shafiq Nandja,Hamburger SV,2025-26,DF,19.0,14,0,0,2026-05-16,2026-05-27,0.5
1144627,Kento Shiogai,VfL Wolfsburg,2025-26,FW,21.0,313,1,0,2026-05-16,2026-05-27,8.0
1145064,Cyriaque Irié,SC Freiburg,2025-26,FW,20.0,343,0,0,2026-05-16,2026-05-27,8.0
1145504,Aarón Anselmino,Borussia Dortmund,2025-26,DF,21.0,368,1,0,2026-05-16,2026-06-01,10.0
1150105,Pharell Hensel,VfL Wolfsburg,2025-26,MF,18.0,69,0,0,2026-05-16,2026-05-27,3.0
1153628,Yannik Wagner,1. Fußballclub Heidenheim 1846,2025-26,FW,19.0,45,0,0,2026-05-16,2026-05-27,0.8
1168219,Said El Mala,1.FC Köln,2025-26,FW,19.0,1958,13,5,2026-05-16,2026-05-27,45.0
1184986,Love Arrhov,Eintracht Frankfurt,2025-26,MF,17.0,62,0,0,2026-05-16,2026-05-27,5.0
1213681,Alexander Røssing-Lelesiit,Hamburger SV,2025-26,FW,19.0,320,0,1,2026-05-16,2026-05-27,5.0
1280281,Abdoulie Ceesay,FC St. Pauli,2025-26,FW,22.0,319,3,1,2026-05-16,2026-05-27,1.0
1309324,Uchenna Ogundu,FC Augsburg,2025-26,FW,20.0,43,0,1,2026-05-16,2026-05-27,4.0
1364454,Christian Kofane,Bayer 04 Leverkusen,2025-26,FW,19.0,1235,5,5,2026-05-16,2026-05-27,40.0
1380977,Samba Konaté,RB Leipzig,2025-26,FW,17.0,3,0,0,2026-05-16,2026-05-27,1.0
1390649,Yan Diomande,RB Leipzig,2025-26,FW,19.0,2483,12,9,2026-05-16,2026-05-27,90.0
1497653,Bara Sapoko Ndiaye,Bayern Munich,2025-26,MF,18.0,142,0,0,2026-05-16,2026-05-27,4.0
