player_id,player,team,season,position,age,minutes,goals,assists,feature_cutoff,valuation_date,market_value_eur_m
3333,James Milner,Liverpool FC,2021-22,MF,36,211,0,1,2022-05-28,2022-06-15,2.0
3455,Zlatan Ibrahimović,AC Milan,2021-22,FW,40,161,0,0,2022-05-28,2022-06-07,3.0
8198,Cristiano Ronaldo,Manchester United,2021-22,FW,37,612,6,0,2022-05-28,2022-06-15,30.0
12282,Daley Blind,Ajax Amsterdam,2021-22,DF,32,572,1,1,2022-05-28,2022-06-08,9.0
14132,Pepe,FC Porto,2021-22,DF,39,349,0,0,2022-05-28,2022-05-31,1.0
14555,Scott Carson,Manchester City,2021-22,GK,36,17,0,0,2022-05-28,2022-06-15,0.3
15452,Raúl Albiol,Villarreal CF,2021-22,DF,36,1045,0,0,2022-05-28,2022-06-03,3.0
15956,Jesús Navas,Sevilla FC,2021-22,MF,36,333,0,0,2022-05-28,2022-06-03,3.0
16101,Atiba Hutchinson,Beşiktaş Jimnastik Kulübü,2021-22,MF,39,156,0,0,2022-05-28,2022-06-01,0.275
16306,Casemiro,Real Madrid,2021-22,MF,30,914,0,0,2022-05-28,2022-06-03,40.0
17259,Manuel Neuer,Bayern Munich,2021-22,GK,36,810,0,1,2022-05-28,2022-06-09,15.0
18900,Hatem Ben Arfa,LOSC Lille,2021-22,MF,35,22,0,0,2022-05-28,2022-05-30,1.5
18922,Karim Benzema,Real Madrid,2021-22,FW,34,1106,15,2,2022-05-28,2022-06-03,30.0
18944,Gerard Piqué,FC Barcelona,2021-22,DF,35,393,1,0,2022-05-28,2022-06-03,5.0
20005,Papu Gómez,Sevilla FC,2021-22,FW,34,322,0,0,2022-05-28,2022-06-03,6.0
25520,Remko Pasveer,Ajax Amsterdam,2021-22,GK,38,540,0,0,2022-05-28,2022-06-08,0.25
26267,Fernandinho,Manchester City,2021-22,MF,37,347,0,2,2022-05-28,2022-06-15,1.5
27706,Mikhail Kerzhakov,AO FK Zenit Sankt-Peterburg,2021-22,GK,35,180,0,0,2022-05-28,2022-06-02,0.6
27992,Luka Modrić,Real Madrid,2021-22,MF,36,1078,0,4,2022-05-28,2022-06-03,10.0
28003,Lionel Messi,Paris Saint-Germain,2021-22,FW,34,630,5,0,2022-05-28,2022-05-30,50.0
28021,Samir Handanovic,Inter Milan,2021-22,GK,37,720,0,0,2022-05-28,2022-06-07,2.0
28396,Edin Dzeko,Inter Milan,2021-22,FW,36,541,3,1,2022-05-28,2022-06-07,4.0
29241,Thiago Silva,Chelsea FC,2021-22,DF,37,757,0,1,2022-05-28,2022-06-15,2.5
29260,Giorgio Chiellini,Juventus FC,2021-22,DF,37,7,0,0,2022-05-28,2022-06-07,1.5
31909,Toni Kroos,Real Madrid,2021-22,MF,32,902,2,0,2022-05-28,2022-06-03,20.0
32467,Ivan Rakitic,Sevilla FC,2021-22,MF,34,276,2,1,2022-05-28,2022-06-03,7.0
33829,José Fonte,LOSC Lille,2021-22,DF,38,720,0,0,2022-05-28,2022-05-30,0.8
34130,Tom Heaton,Manchester United,2021-22,GK,36,22,0,0,2022-05-28,2022-06-15,0.8
34987,Burak Yilmaz,LOSC Lille,2021-22,FW,36,530,3,0,2022-05-28,2022-05-30,1.5
35047,Axel Witsel,Borussia Dortmund,2021-22,MF,33,472,0,0,2022-05-28,2022-06-09,4.0
35207,Marco Reus,Borussia Dortmund,2021-22,MF,32,499,3,1,2022-05-28,2022-06-09,11.0
36139,Dušan Tadić,Ajax Amsterdam,2021-22,FW,33,630,2,1,2022-05-28,2022-06-08,12.0
37666,Arturo Vidal,Inter Milan,2021-22,MF,35,409,1,2,2022-05-28,2022-06-07,2.0
37838,Dejan Lovren,AO FK Zenit Sankt-Peterburg,2021-22,DF,32,315,0,0,2022-05-28,2022-06-02,4.5
38253,Robert Lewandowski,Bayern Munich,2021-22,FW,33,876,13,3,2022-05-28,2022-06-09,45.0
39381,Gareth Bale,Real Madrid,2021-22,FW,32,7,0,0,2022-05-28,2022-06-03,3.0
39728,Mats Hummels,Borussia Dortmund,2021-22,DF,33,358,0,0,2022-05-28,2022-06-09,6.5
39983,Leonardo Bonucci,Juventus FC,2021-22,DF,35,580,0,0,2022-05-28,2022-06-07,6.0
40433,Alexis Sánchez,Inter Milan,2021-22,FW,33,155,1,1,2022-05-28,2022-06-07,3.5
40680,Sven Ulreich,Bayern Munich,2021-22,GK,33,90,0,0,2022-05-28,2022-06-09,0.9
42460,Ivan Perišić,Inter Milan,2021-22,FW,33,531,0,1,2022-05-28,2022-06-07,10.0
43250,Jan Vertonghen,SL Benfica,2021-22,DF,35,900,0,1,2022-05-28,2022-05-31,2.0
44058,Wojciech Szczesny,Juventus FC,2021-22,GK,32,630,0,0,2022-05-28,2022-06-07,15.0
44062,Antonio Adán,Sporting CP,2021-22,GK,35,630,0,0,2022-05-28,2022-05-31,2.5
44068,Juan Mata,Manchester United,2021-22,MF,34,96,0,0,2022-05-28,2022-06-15,2.5
44162,Miralem Pjanić,Beşiktaş Jimnastik Kulübü,2021-22,MF,32,261,0,2,2022-05-28,2022-06-01,9.5
44327,Andrea Ranocchia,Inter Milan,2021-22,DF,34,98,0,0,2022-05-28,2022-06-07,0.8
44352,Luis Suárez (44352),Atlético de Madrid,2021-22,FW,35,348,1,0,2022-05-28,2022-06-03,8.0
44402,Mehmet Topal,Beşiktaş Jimnastik Kulübü,2021-22,MF,36,261,0,0,2022-05-28,2022-06-01,0.1
44501,Marcelo,Real Madrid,2021-22,DF,34,93,0,0,2022-05-28,2022-06-03,3.0
45287,Adel Taarabt,SL Benfica,2021-22,MF,33,343,0,0,2022-05-28,2022-05-31,2.5
45320,Ángel Di María,Paris Saint-Germain,2021-22,FW,34,261,0,1,2022-05-28,2022-05-30,12.0
45660,Eric-Maxim Choupo-Moting,Bayern Munich,2021-22,FW,33,49,1,0,2022-05-28,2022-06-09,3.0
46083,Domagoj Vida,Beşiktaş Jimnastik Kulübü,2021-22,DF,33,180,0,0,2022-05-28,2022-06-01,1.9
46156,Aleksandar Kolarov,Inter Milan,2021-22,DF,36,5,0,0,2022-05-28,2022-06-07,0.5
48067,Artem Dzyuba,AO FK Zenit Sankt-Peterburg,2021-22,FW,33,276,0,2,2022-05-28,2022-06-02,6.0
48280,Edinson Cavani,Manchester United,2021-22,FW,35,75,0,0,2022-05-28,2022-06-15,4.0
48859,Simon Kjær,AC Milan,2021-22,DF,33,270,0,0,2022-05-28,2022-06-07,6.0
49499,Georginio Wijnaldum,Paris Saint-Germain,2021-22,MF,31,261,2,0,2022-05-28,2022-05-30,18.0
50057,Aaron Ramsey,Juventus FC,2021-22,MF,31,14,0,0,2022-05-28,2022-06-07,3.0
50202,Eden Hazard,Real Madrid,2021-22,FW,31,83,0,0,2022-05-28,2022-06-03,12.0
51174,Fernando (51174),Sevilla FC,2021-22,MF,34,540,0,0,2022-05-28,2022-06-03,4.0
51471,Mateo Kovacic,Chelsea FC,2021-22,MF,28,427,0,1,2022-05-28,2022-06-15,42.0
51894,Mert Günok,Beşiktaş Jimnastik Kulübü,2021-22,GK,33,90,0,0,2022-05-28,2022-06-01,0.9
51977,Pavao Pervan,VfL Wolfsburg,2021-22,GK,34,90,0,0,2022-05-28,2022-06-09,0.6
53418,Kevin Kampl,RB Leipzig,2021-22,MF,31,270,0,0,2022-05-28,2022-06-09,6.0
53622,İlkay Gündoğan,Manchester City,2021-22,MF,31,659,0,2,2022-05-28,2022-06-15,25.0
54781,Nicolás Otamendi,SL Benfica,2021-22,DF,34,810,0,0,2022-05-28,2022-05-31,3.5
54906,Matteo Darmian,Inter Milan,2021-22,DF,32,197,0,0,2022-05-28,2022-06-07,5.0
55282,Ciprian Tatarusanu,AC Milan,2021-22,GK,36,270,0,0,2022-05-28,2022-06-07,0.6
55769,Danilo D'Ambrosio,Inter Milan,2021-22,DF,33,146,0,0,2022-05-28,2022-06-07,3.0
56036,Luís Neto,Sporting CP,2021-22,DF,34,367,0,0,2022-05-28,2022-05-31,1.5
57071,Péter Gulácsi,RB Leipzig,2021-22,GK,32,450,0,0,2022-05-28,2022-06-09,8.0
57500,César Azpilicueta,Chelsea FC,2021-22,DF,32,679,1,1,2022-05-28,2022-06-15,9.0
57723,Iván Marcano,FC Porto,2021-22,DF,34,126,0,0,2022-05-28,2022-05-31,0.5
58358,Thomas Müller,Bayern Munich,2021-22,FW,32,779,4,4,2022-05-28,2022-06-09,22.0
58884,Nacho Fernández,Real Madrid,2021-22,DF,32,575,0,0,2022-05-28,2022-06-03,7.0
59016,David Alaba,Real Madrid,2021-22,DF,29,1039,1,0,2022-05-28,2022-06-03,55.0
59377,David de Gea,Manchester United,2021-22,GK,31,630,0,0,2022-05-28,2022-06-15,15.0
59561,Dani Parejo,Villarreal CF,2021-22,MF,33,1058,1,3,2022-05-28,2022-06-03,9.0
60410,Marcos Acuña,Sevilla FC,2021-22,DF,30,379,0,0,2022-05-28,2022-06-03,18.0
60444,Thiago Alcántara,Liverpool FC,2021-22,MF,31,604,1,0,2022-05-28,2022-06-15,20.0
61651,Jordan Henderson,Liverpool FC,2021-22,MF,31,666,1,2,2022-05-28,2022-06-15,15.0
63494,Étienne Capoue,Villarreal CF,2021-22,MF,33,1046,2,4,2022-05-28,2022-06-03,3.0
64339,Pizzi,SL Benfica,2021-22,MF,32,158,0,0,2022-05-28,2022-06-01,4.0
65230,Sergio Busquets,FC Barcelona,2021-22,MF,33,487,0,0,2022-05-28,2022-06-03,9.0
65467,Vicente Iborra,Villarreal CF,2021-22,MF,34,10,0,0,2022-05-28,2022-06-03,2.0
66515,Alex Teixeira,Beşiktaş Jimnastik Kulübü,2021-22,MF,32,184,0,0,2022-05-28,2022-06-01,2.9
68290,Neymar,Paris Saint-Germain,2021-22,MF,30,467,0,2,2022-05-28,2022-05-30,75.0
68863,Mauro Icardi,Paris Saint-Germain,2021-22,FW,29,47,0,0,2022-05-28,2022-05-30,22.0
69751,Jordi Alba,FC Barcelona,2021-22,DF,33,375,0,1,2022-05-28,2022-06-03,9.0
72441,Rafael Tolói,Atalanta BC,2021-22,DF,31,360,0,0,2022-05-28,2022-06-07,8.0
72522,Luuk de Jong,FC Barcelona,2021-22,FW,31,179,0,0,2022-05-28,2022-06-03,4.0
73250,Mario Gaspar,Villarreal CF,2021-22,DF,31,92,0,0,2022-05-28,2022-06-03,3.0
73741,Souza,Beşiktaş Jimnastik Kulübü,2021-22,MF,33,442,0,0,2022-05-28,2022-06-01,4.2
73794,Duván Zapata,Atalanta BC,2021-22,FW,31,464,3,2,2022-05-28,2022-06-07,28.0
74229,Koke,Atlético de Madrid,2021-22,MF,30,665,0,1,2022-05-28,2022-06-03,25.0
74230,Pablo Sarabia,Sporting CP,2021-22,MF,30,511,2,1,2022-05-28,2022-05-31,25.0
74683,Nemanja Matić,Manchester United,2021-22,MF,33,194,0,0,2022-05-28,2022-06-15,5.0
74857,Marc-André ter Stegen,FC Barcelona,2021-22,GK,30,540,0,0,2022-05-28,2022-06-03,30.0
74869,Francis Coquelin,Villarreal CF,2021-22,MF,31,462,1,1,2022-05-28,2022-06-03,5.0
76061,Sime Vrsaljko,Atlético de Madrid,2021-22,DF,30,303,0,0,2022-05-28,2022-06-03,5.0
77710,Necip Uysal,Beşiktaş Jimnastik Kulübü,2021-22,MF,31,189,0,0,2022-05-28,2022-06-01,0.85
77966,Oğuzhan Özyakup,Beşiktaş Jimnastik Kulübü,2021-22,MF,29,52,0,0,2022-05-28,2022-06-01,1.0
79422,Keylor Navas,Paris Saint-Germain,2021-22,GK,35,270,0,0,2022-05-28,2022-05-30,8.0
79960,Alex Sandro,Juventus FC,2021-22,DF,31,553,1,0,2022-05-28,2022-06-07,6.0
80293,Aïssa Mandi,Villarreal CF,2021-22,DF,30,24,0,0,2022-05-28,2022-06-03,6.0
80351,Josip Ilicic,Atalanta BC,2021-22,MF,34,249,1,1,2022-05-28,2022-06-07,1.0
80444,Philippe Coutinho,FC Barcelona,2021-22,MF,29,108,0,0,2022-05-28,2022-06-15,20.0
82105,Joel Matip,Liverpool FC,2021-22,DF,30,630,0,0,2022-05-28,2022-06-15,18.0
82130,Gökhan Töre,Beşiktaş Jimnastik Kulübü,2021-22,FW,30,75,0,0,2022-05-28,2022-06-01,0.3
82442,Olivier Giroud,AC Milan,2021-22,FW,35,260,0,0,2022-05-28,2022-06-07,3.5
83466,André Almeida,SL Benfica,2021-22,DF,31,236,0,0,2022-05-28,2022-05-31,1.5
84301,Benjamin André,LOSC Lille,2021-22,MF,31,630,0,0,2022-05-28,2022-05-30,12.0
84483,Aleksandr Erokhin,AO FK Zenit Sankt-Peterburg,2021-22,MF,32,102,0,0,2022-05-28,2022-06-02,1.5
85148,Julian Draxler,Paris Saint-Germain,2021-22,FW,28,142,0,1,2022-05-28,2022-05-30,18.0
85370,Sergi Roberto,FC Barcelona,2021-22,MF,30,169,0,0,2022-05-28,2022-06-03,6.0
85867,Nico Schulz,Borussia Dortmund,2021-22,DF,29,195,0,1,2022-05-28,2022-06-09,4.0
86202,Antonio Rüdiger,Chelsea FC,2021-22,DF,29,840,1,2,2022-05-28,2022-06-15,40.0
86930,Fabrice N'Sakala,Beşiktaş Jimnastik Kulübü,2021-22,DF,31,270,0,0,2022-05-28,2022-06-01,0.15
88682,Mattia De Sciglio,Juventus FC,2021-22,DF,29,286,0,1,2022-05-28,2022-06-07,6.0
88755,Kevin De Bruyne,Manchester City,2021-22,MF,30,735,2,3,2022-05-28,2022-06-15,85.0
91849,Thomas Delaney,Sevilla FC,2021-22,MF,30,200,0,0,2022-05-28,2022-06-03,7.0
91970,Juan Cuadrado,Juventus FC,2021-22,MF,34,473,0,0,2022-05-28,2022-06-07,8.0
93704,Josuha Guilavogui,VfL Wolfsburg,2021-22,MF,31,430,0,0,2022-05-28,2022-05-30,3.5
93740,Willi Orbán,RB Leipzig,2021-22,DF,29,315,0,0,2022-05-28,2022-06-09,10.0
95152,Welinton,Beşiktaş Jimnastik Kulübü,2021-22,DF,33,313,0,0,2022-05-28,2022-06-01,1.0
95424,Kyle Walker,Manchester City,2021-22,DF,32,578,1,0,2022-05-28,2022-06-15,18.0
95810,Kieran Trippier,Atlético de Madrid,2021-22,DF,31,220,0,0,2022-05-28,2022-06-15,15.0
96341,Romelu Lukaku,Chelsea FC,2021-22,FW,29,320,2,1,2022-05-28,2022-06-15,70.0
98547,Stanislav Kritsyuk,AO FK Zenit Sankt-Peterburg,2021-22,GK,31,360,0,0,2022-05-28,2022-06-02,1.5
99343,Ander Herrera,Paris Saint-Germain,2021-22,MF,32,326,1,0,2022-05-28,2022-05-30,10.0
100986,Thomas Meunier,Borussia Dortmund,2021-22,DF,30,484,0,1,2022-05-28,2022-06-09,6.5
102017,Jorginho,Chelsea FC,2021-22,MF,30,560,2,2,2022-05-28,2022-06-15,40.0
102226,Thorgan Hazard,Borussia Dortmund,2021-22,MF,29,142,0,0,2022-05-28,2022-06-09,15.0
102427,Sebastián Coates,Sporting CP,2021-22,DF,31,540,2,0,2022-05-28,2022-05-31,8.0
102558,Marco Verratti,Paris Saint-Germain,2021-22,MF,29,432,0,0,2022-05-28,2022-05-30,50.0
105470,Alisson,Liverpool FC,2021-22,GK,29,1170,0,0,2022-05-28,2022-06-15,50.0
106987,Marcel Sabitzer,Bayern Munich,2021-22,MF,28,132,0,0,2022-05-28,2022-06-09,15.0
107010,Stefan Savic,Atlético de Madrid,2021-22,DF,31,450,0,0,2022-05-28,2022-06-03,16.0
108390,Thibaut Courtois,Real Madrid,2021-22,GK,30,1230,0,0,2022-05-28,2022-06-03,60.0
108880,Koen Casteels,VfL Wolfsburg,2021-22,GK,29,450,0,0,2022-05-28,2022-06-09,11.0
109256,Haris Seferovic,SL Benfica,2021-22,FW,30,9,0,0,2022-05-28,2022-05-31,8.0
110923,Mattia Perin,Juventus FC,2021-22,GK,29,90,0,0,2022-05-28,2022-06-07,4.0
111078,Emil Forsberg,RB Leipzig,2021-22,FW,30,386,2,2,2022-05-28,2022-06-09,11.0
111196,Stefan de Vrij,Inter Milan,2021-22,DF,30,487,1,0,2022-05-28,2022-06-07,28.0
111630,Erik Lamela,Sevilla FC,2021-22,FW,30,119,0,1,2022-05-28,2022-06-03,16.0
111961,Suso,Sevilla FC,2021-22,MF,28,228,0,0,2022-05-28,2022-06-03,10.0
112465,Sérgio Oliveira,FC Porto,2021-22,MF,29,301,1,0,2022-05-28,2022-06-07,12.0
112515,Marcos Alonso,Chelsea FC,2021-22,DF,31,548,0,0,2022-05-28,2022-06-15,12.0
117674,Maximilian Arnold,VfL Wolfsburg,2021-22,MF,28,540,0,3,2022-05-28,2022-06-09,17.0
118287,Rachid Ghezzal,Beşiktaş Jimnastik Kulübü,2021-22,FW,30,345,1,0,2022-05-28,2022-06-01,8.5
119228,Luis Muriel,Atalanta BC,2021-22,FW,31,129,1,0,2022-05-28,2022-06-07,20.0
119277,Yannick Gerhardt,VfL Wolfsburg,2021-22,MF,28,191,0,1,2022-05-28,2022-06-09,6.0
119296,Emre Can,Borussia Dortmund,2021-22,DF,28,74,0,0,2022-05-28,2022-06-09,16.0
119557,Kenan Karaman,Beşiktaş Jimnastik Kulübü,2021-22,FW,28,264,0,0,2022-05-28,2022-06-01,1.4
121483,Jan Oblak,Atlético de Madrid,2021-22,GK,29,900,0,0,2022-05-28,2022-06-03,45.0
122043,Héctor Herrera,Atlético de Madrid,2021-22,MF,32,226,0,0,2022-05-28,2022-06-03,5.0
122153,Paul Pogba,Manchester United,2021-22,MF,29,347,0,0,2022-05-28,2022-06-15,48.0
124419,Odysseas Vlachodimos,SL Benfica,2021-22,GK,28,900,0,0,2022-05-28,2022-05-31,15.0
124732,John Brooks,VfL Wolfsburg,2021-22,DF,29,331,0,0,2022-05-28,2022-06-09,7.0
125020,José Luis Palomino,Atalanta BC,2021-22,DF,32,450,1,1,2022-05-28,2022-06-07,7.5
125165,Jesús Corona,FC Porto,2021-22,FW,29,212,0,0,2022-05-28,2022-06-03,18.0
125781,Antoine Griezmann,Atlético de Madrid,2021-22,FW,31,519,4,2,2022-05-28,2022-06-03,35.0
126414,Hakan Çalhanoğlu,Inter Milan,2021-22,MF,28,419,0,0,2022-05-28,2022-06-07,35.0
126665,Idrissa Gueye,Paris Saint-Germain,2021-22,MF,32,401,1,0,2022-05-28,2022-05-30,12.0
126716,Paco Alcácer,Villarreal CF,2021-22,FW,28,73,1,0,2022-05-28,2022-06-03,9.0
127032,Serge Aurier,Villarreal CF,2021-22,DF,29,129,0,1,2022-05-28,2022-06-03,10.0
127076,Jérôme Roussillon,VfL Wolfsburg,2021-22,DF,29,363,0,0,2022-05-28,2022-06-09,4.5
127189,Geoffrey Kondogbia,Atlético de Madrid,2021-22,MF,29,578,0,0,2022-05-28,2022-06-03,20.0
128223,Álvaro Morata,Juventus FC,2021-22,FW,29,521,2,1,2022-05-28,2022-06-07,25.0
129386,Zouhair Feddal,Sporting CP,2021-22,DF,32,451,0,0,2022-05-28,2022-05-31,2.5
129554,Steven Berghuis,Ajax Amsterdam,2021-22,FW,30,629,3,1,2022-05-28,2022-06-08,14.0
130365,Alessandro Florenzi,AC Milan,2021-22,DF,31,88,0,0,2022-05-28,2022-06-07,5.5
131225,Nicolás Tagliafico,Ajax Amsterdam,2021-22,DF,29,139,0,1,2022-05-28,2022-06-08,11.0
131789,Roberto Firmino,Liverpool FC,2021-22,FW,30,324,5,0,2022-05-28,2022-06-15,32.0
131978,Ross Barkley,Chelsea FC,2021-22,MF,28,96,0,0,2022-05-28,2022-06-15,12.0
133179,Marten de Roon,Atalanta BC,2021-22,MF,31,484,0,0,2022-05-28,2022-06-07,17.0
134425,Raheem Sterling,Manchester City,2021-22,FW,27,580,3,2,2022-05-28,2022-06-15,70.0
137206,Magomed Ozdoev,AO FK Zenit Sankt-Peterburg,2021-22,MF,29,11,1,0,2022-05-28,2022-06-02,2.5
138927,Daniel Carvajal,Real Madrid,2021-22,DF,30,958,0,1,2022-05-28,2022-06-03,18.0
139208,Virgil van Dijk,Liverpool FC,2021-22,DF,30,810,0,1,2022-05-28,2022-06-15,55.0
139395,Ricardo Esgaio,Sporting CP,2021-22,DF,29,379,0,2,2022-05-28,2022-05-31,5.0
140776,Yannick Carrasco,Atlético de Madrid,2021-22,FW,28,472,0,0,2022-05-28,2022-06-03,40.0
141050,Danilo Pereira,Paris Saint-Germain,2021-22,DF,30,362,0,0,2022-05-28,2022-05-30,14.0
141660,Jesse Lingard,Manchester United,2021-22,MF,29,116,0,1,2022-05-28,2022-06-15,18.0
143424,Alex Oxlade-Chamberlain,Liverpool FC,2021-22,MF,28,300,0,1,2022-05-28,2022-06-15,16.0
143812,Matías Vecino,Inter Milan,2021-22,MF,30,124,0,0,2022-05-28,2022-06-07,3.5
143891,Maximilian Philipp,VfL Wolfsburg,2021-22,FW,28,90,0,0,2022-05-28,2022-06-09,4.5
145707,Danilo,Juventus FC,2021-22,DF,30,450,0,1,2022-05-28,2022-06-07,13.0
148252,Remo Freuler,Atalanta BC,2021-22,MF,30,528,1,1,2022-05-28,2022-06-07,20.0
148368,Divock Origi,Liverpool FC,2021-22,FW,27,186,1,1,2022-05-28,2022-06-15,12.0
148455,Mohamed Salah,Liverpool FC,2021-22,FW,29,1009,8,2,2022-05-28,2022-06-15,90.0
148928,Saúl Ñíguez,Chelsea FC,2021-22,MF,27,159,0,0,2022-05-28,2022-06-15,25.0
149729,João Mário (149729),SL Benfica,2021-22,MF,29,493,0,3,2022-05-28,2022-05-31,10.0
153084,Leon Goretzka,Bayern Munich,2021-22,MF,27,468,0,0,2022-05-28,2022-06-09,65.0
155025,Fábio Cardoso,FC Porto,2021-22,DF,28,155,0,0,2022-05-28,2022-05-31,3.0
156501,Felipe,Atlético de Madrid,2021-22,DF,33,472,0,0,2022-05-28,2022-06-03,6.0
156617,Marcelo Brozović,Inter Milan,2021-22,MF,29,635,1,1,2022-05-28,2022-06-07,40.0
157635,Yussuf Poulsen,RB Leipzig,2021-22,FW,27,146,0,1,2022-05-28,2022-06-09,14.0
159471,Serge Gnabry,Bayern Munich,2021-22,FW,26,390,3,1,2022-05-28,2022-06-09,65.0
160668,Antonio Colak,Malmö Fotbollförening,2021-22,FW,28,501,0,0,2022-05-28,2022-06-09,3.0
161056,Joshua Kimmich,Bayern Munich,2021-22,MF,27,702,0,0,2022-05-28,2022-06-09,80.0
162959,Daniele Rugani,Juventus FC,2021-22,DF,27,176,0,0,2022-05-28,2022-06-07,3.5
164770,Raphaël Varane,Manchester United,2021-22,DF,29,353,0,0,2022-05-28,2022-06-15,48.0
164913,Soualiho Meïté,SL Benfica,2021-22,MF,28,155,0,0,2022-05-28,2022-05-31,5.0
165513,Berat Djimsiti,Atalanta BC,2021-22,DF,29,260,0,0,2022-05-28,2022-06-07,17.0
165793,Takumi Minamino,Liverpool FC,2021-22,FW,27,216,0,0,2022-05-28,2022-06-15,12.0
166237,Leandro Paredes,Paris Saint-Germain,2021-22,MF,27,315,0,0,2022-05-28,2022-05-30,17.0
166601,Niklas Süle,Bayern Munich,2021-22,DF,26,514,0,0,2022-05-28,2022-06-09,35.0
167850,Memphis Depay,FC Barcelona,2021-22,FW,28,525,0,0,2022-05-28,2022-06-03,35.0
170527,Timo Werner,Chelsea FC,2021-22,FW,26,245,4,2,2022-05-28,2022-06-15,35.0
170620,Vyacheslav Karavaev,AO FK Zenit Sankt-Peterburg,2021-22,DF,27,300,0,1,2022-05-28,2022-06-02,6.0
170646,Ludwig Augustinsson,Sevilla FC,2021-22,DF,28,80,0,0,2022-05-28,2022-06-03,5.0
170838,Salih Uçan,Beşiktaş Jimnastik Kulübü,2021-22,MF,28,109,0,0,2022-05-28,2022-06-01,3.0
170986,Raphaël Guerreiro,Borussia Dortmund,2021-22,DF,28,182,0,0,2022-05-28,2022-06-09,25.0
171424,Riyad Mahrez,Manchester City,2021-22,FW,31,987,7,2,2022-05-28,2022-06-15,35.0
173859,Davide Zappacosta,Atalanta BC,2021-22,MF,29,406,0,1,2022-05-28,2022-06-07,9.0
174915,Islam Slimani,Sporting CP,2021-22,FW,33,104,0,0,2022-05-28,2022-05-31,1.5
175449,Moi Gómez,Villarreal CF,2021-22,MF,27,224,0,1,2022-05-28,2022-06-03,8.0
176553,Aymeric Laporte,Manchester City,2021-22,DF,28,796,0,0,2022-05-28,2022-06-15,45.0
177467,Gerard Moreno,Villarreal CF,2021-22,FW,30,524,2,3,2022-05-28,2022-06-03,40.0
177476,Nathan Aké,Manchester City,2021-22,DF,27,321,1,0,2022-05-28,2022-06-15,25.0
177907,Harry Maguire,Manchester United,2021-22,DF,29,534,1,0,2022-05-28,2022-06-15,38.0
179184,Michy Batshuayi,Beşiktaş Jimnastik Kulübü,2021-22,FW,28,383,0,0,2022-05-28,2022-06-01,10.0
180337,Sardar Azmoun,AO FK Zenit Sankt-Peterburg,2021-22,FW,27,302,2,0,2022-05-28,2022-06-09,22.0
181375,Sébastien Haller,Ajax Amsterdam,2021-22,FW,27,668,11,2,2022-05-28,2022-06-08,35.0
181767,Marquinhos,Paris Saint-Germain,2021-22,DF,28,720,0,1,2022-05-28,2022-05-30,70.0
182579,Karim Rekik,Sevilla FC,2021-22,DF,27,125,0,0,2022-05-28,2022-06-03,5.0
182618,Tiemoué Bakayoko,AC Milan,2021-22,MF,27,56,0,0,2022-05-28,2022-06-07,10.0
182712,João Cancelo,Manchester City,2021-22,DF,28,840,2,3,2022-05-28,2022-06-15,65.0
182877,Anthony Martial,Manchester United,2021-22,FW,26,67,0,0,2022-05-28,2022-06-03,16.0
182904,Clément Lenglet,FC Barcelona,2021-22,DF,26,345,0,0,2022-05-28,2022-06-03,12.0
182906,Mike Maignan,AC Milan,2021-22,GK,26,270,0,0,2022-05-28,2022-06-07,35.0
182913,Adrien Rabiot,Juventus FC,2021-22,MF,27,537,0,0,2022-05-28,2022-06-07,17.0
182932,Davy Klaassen,Ajax Amsterdam,2021-22,MF,29,230,1,1,2022-05-28,2022-06-08,14.0
183288,Luke Shaw,Manchester United,2021-22,DF,26,397,0,2,2022-05-28,2022-06-15,38.0
183321,Kevin Mbabu,VfL Wolfsburg,2021-22,DF,27,328,0,0,2022-05-28,2022-06-09,9.0
184573,Victor Lindelöf,Manchester United,2021-22,DF,27,426,0,0,2022-05-28,2022-06-15,22.0
186368,Valentino Lazaro,SL Benfica,2021-22,MF,26,115,0,0,2022-05-28,2022-05-31,6.0
186590,John Stones,Manchester City,2021-22,DF,28,637,0,0,2022-05-28,2022-06-15,28.0
187492,Julian Brandt,Borussia Dortmund,2021-22,MF,26,395,0,0,2022-05-28,2022-06-09,25.0
187587,Ante Rebić,AC Milan,2021-22,FW,28,117,1,0,2022-05-28,2022-06-07,17.0
188854,Manu Trigueros,Villarreal CF,2021-22,MF,30,330,1,0,2022-05-28,2022-06-03,14.0
189441,Lucas Ocampos,Sevilla FC,2021-22,FW,27,463,1,1,2022-05-28,2022-06-03,25.0
190393,Corentin Tolisso,Bayern Munich,2021-22,MF,27,234,0,1,2022-05-28,2022-06-09,15.0
190685,Bouna Sarr,Bayern Munich,2021-22,DF,30,125,0,0,2022-05-28,2022-06-09,2.5
191422,Mahmoud Dahoud,Borussia Dortmund,2021-22,MF,26,211,0,3,2022-05-28,2022-06-09,18.0
191614,Fred,Manchester United,2021-22,MF,29,433,0,0,2022-05-28,2022-06-15,20.0
192279,Kepa Arrizabalaga,Chelsea FC,2021-22,GK,27,90,0,0,2022-05-28,2022-06-15,10.0
192565,Leroy Sané,Bayern Munich,2021-22,FW,26,799,6,6,2022-05-28,2022-06-09,60.0
193082,Alejandro Grimaldo,SL Benfica,2021-22,DF,26,863,0,3,2022-05-28,2022-05-31,20.0
193900,Marius Wolf,Borussia Dortmund,2021-22,DF,27,171,0,0,2022-05-28,2022-06-09,6.5
194638,Renato Steffen,VfL Wolfsburg,2021-22,FW,30,257,2,0,2022-05-28,2022-06-09,2.0
196095,Luca Waldschmidt,VfL Wolfsburg,2021-22,FW,26,120,0,0,2022-05-28,2022-06-09,7.0
196792,Julian Weigl,SL Benfica,2021-22,MF,26,810,0,1,2022-05-28,2022-05-31,22.0
196948,Andreas Christensen,Chelsea FC,2021-22,DF,26,603,1,1,2022-05-28,2022-06-15,35.0
197300,Federico Bernardeschi,Juventus FC,2021-22,FW,28,293,0,3,2022-05-28,2022-06-07,10.0
197471,Roberto Gagliardini,Inter Milan,2021-22,MF,28,66,0,0,2022-05-28,2022-06-07,8.0
197747,Alessio Romagnoli,AC Milan,2021-22,DF,27,391,0,0,2022-05-28,2022-06-07,17.0
198008,André Silva,RB Leipzig,2021-22,FW,26,410,3,1,2022-05-28,2022-06-09,32.0
198116,Federico Dimarco,Inter Milan,2021-22,DF,24,283,0,0,2022-05-28,2022-06-07,18.0
200512,Sadio Mané,Liverpool FC,2021-22,FW,30,822,5,1,2022-05-28,2022-06-15,70.0
202591,Benjamin Henrichs,RB Leipzig,2021-22,DF,25,50,0,0,2022-05-28,2022-06-09,14.0
202886,Ruben Loftus-Cheek,Chelsea FC,2021-22,MF,26,359,0,1,2022-05-28,2022-06-15,20.0
203348,Chancel Mbemba,FC Porto,2021-22,DF,27,450,0,0,2022-05-28,2022-05-31,17.0
203460,Jack Grealish,Manchester City,2021-22,FW,26,461,1,1,2022-05-28,2022-06-15,70.0
203853,Oleksandr Zinchenko,Manchester City,2021-22,DF,25,501,0,1,2022-05-28,2022-06-15,25.0
203895,Nicolas Bürgy,BSC Young Boys,2021-22,DF,26,180,0,0,2022-05-28,2022-06-20,0.4
204069,Milan Škriniar,Inter Milan,2021-22,DF,27,720,1,0,2022-05-28,2022-06-07,65.0
205562,Thomas Lemar,Atlético de Madrid,2021-22,MF,26,378,0,0,2022-05-28,2022-06-03,40.0
205938,Mario Pašalić,Atalanta BC,2021-22,MF,27,219,1,1,2022-05-28,2022-06-07,28.0
206050,Paulo Dybala,Juventus FC,2021-22,FW,28,256,3,1,2022-05-28,2022-06-07,35.0
207834,Yassine Bounou,Sevilla FC,2021-22,GK,31,540,0,0,2022-05-28,2022-06-03,18.0
207877,Ruslan Malinovskyi,Atalanta BC,2021-22,MF,29,302,1,0,2022-05-28,2022-06-07,28.0
207917,Alberto Moreno,Villarreal CF,2021-22,DF,29,311,1,0,2022-05-28,2022-06-03,5.0
211072,Paulinho (211072),Sporting CP,2021-22,FW,29,583,3,1,2022-05-28,2022-05-31,13.0
214538,Matheus Uribe,FC Porto,2021-22,MF,31,289,0,0,2022-05-28,2022-05-31,16.0
214775,Óliver Torres,Sevilla FC,2021-22,MF,27,168,0,0,2022-05-28,2022-06-03,8.0
215599,Lukas Klostermann,RB Leipzig,2021-22,DF,25,357,0,0,2022-05-28,2022-06-09,18.0
215679,Georges-Kevin N'Koudou,Beşiktaş Jimnastik Kulübü,2021-22,FW,27,90,0,0,2022-05-28,2022-06-01,4.2
216179,Stefano Sensi,Inter Milan,2021-22,MF,26,9,0,0,2022-05-28,2022-06-07,7.0
217033,Aleksey Sutormin,AO FK Zenit Sankt-Peterburg,2021-22,FW,28,293,1,0,2022-05-28,2022-06-02,3.0
217111,Hakim Ziyech,Chelsea FC,2021-22,FW,29,445,1,2,2022-05-28,2022-06-15,28.0
220793,Douglas Santos,AO FK Zenit Sankt-Peterburg,2021-22,DF,28,444,0,2,2022-05-28,2022-06-02,16.0
221316,Lucas Vázquez,Real Madrid,2021-22,DF,30,350,0,0,2022-05-28,2022-06-03,12.0
221611,Paulo Otávio,VfL Wolfsburg,2021-22,DF,27,171,0,0,2022-05-28,2022-06-09,6.0
221624,Zack Steffen,Manchester City,2021-22,GK,27,90,0,0,2022-05-28,2022-06-15,6.0
221958,Roman Yaremchuk,SL Benfica,2021-22,FW,26,514,3,0,2022-05-28,2022-05-31,15.0
222813,Marko Grujić,FC Porto,2021-22,MF,26,320,0,1,2022-05-28,2022-05-31,12.0
223725,Munir El Haddadi,Sevilla FC,2021-22,MF,26,204,0,0,2022-05-28,2022-06-03,8.0
223967,Konrad Laimer,RB Leipzig,2021-22,DF,25,405,0,1,2022-05-28,2022-06-09,28.0
225020,Mariano Díaz,Real Madrid,2021-22,FW,28,12,0,0,2022-05-28,2022-06-03,6.0
225083,N'Golo Kanté,Chelsea FC,2021-22,MF,31,427,0,1,2022-05-28,2022-06-15,40.0
225693,Fabinho,Liverpool FC,2021-22,MF,28,849,1,0,2022-05-28,2022-06-15,60.0
226073,Ivo Grbic,LOSC Lille,2021-22,GK,26,540,0,0,2022-05-28,2022-05-30,3.5
227081,Joaquín Correa,Inter Milan,2021-22,FW,27,106,0,0,2022-05-28,2022-06-07,23.0
228433,Wendell,FC Porto,2021-22,DF,28,131,0,0,2022-05-28,2022-05-31,5.0
228645,Wout Weghorst,VfL Wolfsburg,2021-22,FW,29,399,0,0,2022-05-28,2022-06-15,14.0
228948,Thilo Kehrer,Paris Saint-Germain,2021-22,DF,25,64,0,0,2022-05-28,2022-05-30,22.0
229005,Abdou Diallo,Paris Saint-Germain,2021-22,DF,26,165,0,0,2022-05-28,2022-05-30,18.0
229604,Gerónimo Rulli,Villarreal CF,2021-22,GK,30,1080,0,0,2022-05-28,2022-06-03,6.0
231289,Otávio (231289),FC Porto,2021-22,MF,27,451,0,0,2022-05-28,2022-05-31,30.0
231614,Gilberto,SL Benfica,2021-22,DF,29,717,1,0,2022-05-28,2022-05-31,5.0
234509,André Onana,Ajax Amsterdam,2021-22,GK,26,180,0,0,2022-05-28,2022-06-08,12.0
234803,Andrew Robertson,Liverpool FC,2021-22,DF,28,826,0,3,2022-05-28,2022-06-15,65.0
235339,Dmitriy Chistyakov,AO FK Zenit Sankt-Peterburg,2021-22,DF,28,444,0,0,2022-05-28,2022-06-02,4.0
237658,Michel Aebischer,BSC Young Boys,2021-22,MF,25,505,0,2,2022-05-28,2022-06-07,3.5
237666,Silvan Hefti,BSC Young Boys,2021-22,DF,24,386,1,1,2022-05-28,2022-06-07,5.0
238055,Rafa Silva,SL Benfica,2021-22,FW,29,704,1,1,2022-05-28,2022-05-31,20.0
238223,Ederson,Manchester City,2021-22,GK,28,1003,0,0,2022-05-28,2022-06-15,45.0
238868,Rubén Peña,Villarreal CF,2021-22,DF,30,18,0,0,2022-05-28,2022-06-03,2.5
240306,Bruno Fernandes,Manchester United,2021-22,MF,27,520,0,7,2022-05-28,2022-06-15,85.0
240692,Reinildo Mandava,LOSC Lille,2021-22,DF,28,816,0,0,2022-05-28,2022-06-03,22.0
241641,Bernardo Silva,Manchester City,2021-22,MF,27,880,3,3,2022-05-28,2022-06-15,80.0
242359,Juan Musso,Atalanta BC,2021-22,GK,28,540,0,0,2022-05-28,2022-06-07,18.0
243714,Kingsley Coman,Bayern Munich,2021-22,FW,25,632,2,3,2022-05-28,2022-06-09,60.0
245078,Nemanja Radonjic,SL Benfica,2021-22,FW,26,31,0,0,2022-05-28,2022-05-31,4.0
248054,Christopher Martins,BSC Young Boys,2021-22,MF,25,421,0,0,2022-05-28,2022-06-02,5.0
250845,José María Giménez,Atlético de Madrid,2021-22,DF,27,585,0,0,2022-05-28,2022-06-03,50.0
251075,Zeki Çelik,LOSC Lille,2021-22,DF,25,591,0,0,2022-05-28,2022-05-30,18.0
251896,Jesús Vallejo,Real Madrid,2021-22,DF,25,8,0,0,2022-05-28,2022-06-03,3.0
255450,Aleksey Miranchuk,Atalanta BC,2021-22,MF,26,33,0,1,2022-05-28,2022-06-07,10.0
255755,Alex Telles,Manchester United,2021-22,DF,29,293,1,0,2022-05-28,2022-06-15,18.0
255901,Rodrigo De Paul,Atlético de Madrid,2021-22,MF,28,578,1,0,2022-05-28,2022-06-03,40.0
255942,Nicolò Barella,Inter Milan,2021-22,MF,25,496,0,0,2022-05-28,2022-06-07,70.0
256178,Joe Gomez,Liverpool FC,2021-22,DF,25,245,0,0,2022-05-28,2022-06-15,18.0
257455,João Palhinha,Sporting CP,2021-22,MF,26,534,0,0,2022-05-28,2022-05-31,25.0
257462,Luka Jović,Real Madrid,2021-22,FW,24,113,0,0,2022-05-28,2022-06-03,16.0
257668,Wilmar Barrios,AO FK Zenit Sankt-Peterburg,2021-22,MF,28,540,0,0,2022-05-28,2022-06-02,20.0
257814,Gregor Kobel,Borussia Dortmund,2021-22,GK,24,540,0,0,2022-05-28,2022-06-09,22.0
258004,Rúben Dias,Manchester City,2021-22,DF,25,663,0,1,2022-05-28,2022-06-15,75.0
258015,Diogo Gonçalves,SL Benfica,2021-22,FW,25,131,0,0,2022-05-28,2022-05-31,5.0
258027,Renato Sanches,LOSC Lille,2021-22,MF,24,407,0,0,2022-05-28,2022-05-30,28.0
258919,Dean Henderson,Manchester United,2021-22,GK,25,68,0,0,2022-05-28,2022-06-15,18.0
258923,Marcus Rashford,Manchester United,2021-22,FW,24,257,1,0,2022-05-28,2022-06-15,60.0
259953,Rade Krunic,AC Milan,2021-22,MF,28,252,0,0,2022-05-28,2022-06-07,9.0
262523,Davide Calabria,AC Milan,2021-22,DF,25,315,0,0,2022-05-28,2022-06-07,25.0
263727,Joan Jordán,Sevilla FC,2021-22,MF,27,327,1,0,2022-05-28,2022-06-03,22.0
265088,Manuel Locatelli,Juventus FC,2021-22,MF,24,539,0,0,2022-05-28,2022-06-07,35.0
266807,Ángel Correa,Atlético de Madrid,2021-22,FW,27,400,1,0,2022-05-28,2022-06-03,45.0
273132,Robin Gosens,Atalanta BC,2021-22,DF,27,101,1,0,2022-05-28,2022-06-07,28.0
274461,Felix Passlack,Borussia Dortmund,2021-22,DF,23,60,0,0,2022-05-28,2022-06-09,1.5
275303,Hans Hateboer,Atalanta BC,2021-22,DF,28,90,0,0,2022-05-28,2022-06-07,13.0
277179,Angeliño,RB Leipzig,2021-22,DF,25,432,0,3,2022-05-28,2022-06-09,30.0
279570,Daler Kuzyaev,AO FK Zenit Sankt-Peterburg,2021-22,MF,29,258,1,0,2022-05-28,2022-06-02,9.0
281769,Mario Hermoso,Atlético de Madrid,2021-22,DF,26,426,0,0,2022-05-28,2022-06-03,20.0
281963,Lucas Hernández,Bayern Munich,2021-22,DF,26,571,0,0,2022-05-28,2022-06-09,50.0
282041,Presnel Kimpembe,Paris Saint-Germain,2021-22,DF,26,630,0,0,2022-05-28,2022-05-30,40.0
282144,Marin Pongracic,Borussia Dortmund,2021-22,DF,24,171,0,0,2022-05-28,2022-06-09,6.0
282411,Marcos Llorente,Atlético de Madrid,2021-22,DF,27,700,0,0,2022-05-28,2022-06-03,45.0
284730,Manuel Akanji,Borussia Dortmund,2021-22,DF,26,450,0,0,2022-05-28,2022-06-09,30.0
284884,Óscar Rodríguez,Sevilla FC,2021-22,MF,23,22,0,0,2022-05-28,2022-06-03,9.0
286384,Eric Bailly,Manchester United,2021-22,DF,28,180,0,0,2022-05-28,2022-06-15,6.0
288230,Ousmane Dembélé,FC Barcelona,2021-22,FW,25,122,0,0,2022-05-28,2022-06-03,30.0
288255,Donny van de Beek,Manchester United,2021-22,MF,25,204,0,0,2022-05-28,2022-06-15,25.0
288415,Léo Jardim,LOSC Lille,2021-22,GK,27,180,0,0,2022-05-28,2022-05-30,4.0
290256,Xeka,LOSC Lille,2021-22,MF,27,436,0,0,2022-05-28,2022-05-30,9.0
290391,Nuno Santos,Sporting CP,2021-22,DF,27,217,1,0,2022-05-28,2022-05-31,8.0
291417,Ferland Mendy,Real Madrid,2021-22,DF,26,867,0,3,2022-05-28,2022-06-03,40.0
292818,Jonathan Bamba,LOSC Lille,2021-22,FW,26,467,0,1,2022-05-28,2022-05-30,17.0
293385,Dani Olmo,RB Leipzig,2021-22,MF,24,88,0,1,2022-05-28,2022-06-09,40.0
294808,Franck Kessié,AC Milan,2021-22,MF,25,321,0,1,2022-05-28,2022-06-07,45.0
296422,Fodé Ballo-Touré,AC Milan,2021-22,DF,25,91,0,0,2022-05-28,2022-06-07,3.5
296622,Marco Asensio,Real Madrid,2021-22,MF,26,207,1,2,2022-05-28,2022-06-03,40.0
296879,Steffen Tigges,Borussia Dortmund,2021-22,FW,23,99,0,0,2022-05-28,2022-06-09,1.5
302215,Naby Keïta,Liverpool FC,2021-22,MF,27,487,1,2,2022-05-28,2022-06-15,25.0
302371,Toni Martínez,FC Porto,2021-22,FW,24,143,0,0,2022-05-28,2022-05-31,5.0
303254,Fikayo Tomori,AC Milan,2021-22,DF,24,419,1,0,2022-05-28,2022-06-07,50.0
303259,Dodi Lukébakio,VfL Wolfsburg,2021-22,FW,24,296,0,0,2022-05-28,2022-06-09,7.5
307058,Mehdi Taremi,FC Porto,2021-22,FW,29,495,1,1,2022-05-28,2022-05-31,20.0
309400,Kai Havertz,Chelsea FC,2021-22,FW,22,672,3,0,2022-05-28,2022-06-15,70.0
314288,Lukas Nmecha,VfL Wolfsburg,2021-22,FW,23,322,2,0,2022-05-28,2022-06-09,18.0
314353,Trent Alexander-Arnold,Liverpool FC,2021-22,DF,23,795,0,4,2022-05-28,2022-06-15,80.0
314367,Marcus Edwards,Sporting CP,2021-22,FW,23,32,0,0,2022-05-28,2022-05-31,15.0
314678,Brahim Díaz,AC Milan,2021-22,FW,22,352,1,1,2022-05-28,2022-06-07,18.0
315779,Christian Pulisic,Chelsea FC,2021-22,FW,23,368,2,1,2022-05-28,2022-06-15,42.0
315853,Alessandro Bastoni,Inter Milan,2021-22,DF,23,667,0,0,2022-05-28,2022-06-07,60.0
315858,Gianluigi Donnarumma,Paris Saint-Germain,2021-22,GK,23,450,0,0,2022-05-28,2022-05-30,50.0
315969,Scott McTominay,Manchester United,2021-22,MF,25,400,0,0,2022-05-28,2022-06-15,32.0
316125,Ben Chilwell,Chelsea FC,2021-22,DF,25,188,0,0,2022-05-28,2022-06-15,38.0
319745,Dani Ceballos,Real Madrid,2021-22,MF,25,37,0,0,2022-05-28,2022-06-03,14.0
321239,Everton,SL Benfica,2021-22,FW,26,544,0,0,2022-05-28,2022-05-31,15.0
321528,Denzel Dumfries,Inter Milan,2021-22,DF,26,467,0,1,2022-05-28,2022-06-07,25.0
323704,Malcom,AO FK Zenit Sankt-Peterburg,2021-22,FW,25,434,0,1,2022-05-28,2022-06-02,22.0
324690,Jonathan Ikoné,LOSC Lille,2021-22,FW,24,296,1,2,2022-05-28,2022-06-07,18.0
326029,Donyell Malen,Borussia Dortmund,2021-22,FW,23,392,3,0,2022-05-28,2022-06-09,27.0
326031,Matthijs de Ligt,Juventus FC,2021-22,DF,22,627,0,0,2022-05-28,2022-06-07,70.0
326330,Frenkie de Jong,FC Barcelona,2021-22,MF,25,523,0,0,2022-05-28,2022-06-03,60.0
327251,Ridle Baku,VfL Wolfsburg,2021-22,DF,24,413,1,0,2022-05-28,2022-06-09,20.0
329145,Diego Carlos,Sevilla FC,2021-22,DF,29,540,0,0,2022-05-28,2022-06-03,40.0
329723,Gil Dias,SL Benfica,2021-22,FW,25,1,0,0,2022-05-28,2022-05-31,3.0
329813,João Virgínia,Sporting CP,2021-22,GK,22,90,0,0,2022-05-28,2022-05-31,1.0
331505,Óscar Mingueza,FC Barcelona,2021-22,DF,23,219,0,0,2022-05-28,2022-06-03,6.0
331511,Riqui Puig,FC Barcelona,2021-22,MF,22,17,0,0,2022-05-28,2022-06-03,7.0
332179,Matteo Pessina,Atalanta BC,2021-22,MF,25,211,1,0,2022-05-28,2022-06-07,16.0
332697,Weston McKennie,Juventus FC,2021-22,MF,23,386,0,0,2022-05-28,2022-06-07,25.0
332705,Tyler Adams,RB Leipzig,2021-22,MF,23,293,0,0,2022-05-28,2022-06-09,17.0
333383,Bonke Innocent,Malmö Fotbollförening,2021-22,MF,26,496,0,0,2022-05-28,2022-05-30,2.0
334526,Denis Zakaria,Juventus FC,2021-22,MF,25,9,0,0,2022-05-28,2022-06-07,27.0
336869,Marc Roca,Bayern Munich,2021-22,MF,25,78,0,0,2022-05-28,2022-06-09,7.0
336960,Giuseppe Pezzella,Atalanta BC,2021-22,DF,24,56,0,0,2022-05-28,2022-06-07,5.0
338070,Konstantinos Tsimikas,Liverpool FC,2021-22,DF,26,344,0,2,2022-05-28,2022-06-15,15.0
338629,Sebastiaan Bornauw,VfL Wolfsburg,2021-22,DF,23,204,0,0,2022-05-28,2022-06-09,10.0
339808,Theo Hernández,AC Milan,2021-22,DF,24,450,0,1,2022-05-28,2022-06-07,55.0
340456,Noussair Mazraoui,Ajax Amsterdam,2021-22,DF,24,662,0,2,2022-05-28,2022-06-08,20.0
340879,Merih Demiral,Atalanta BC,2021-22,DF,24,370,1,0,2022-05-28,2022-06-07,25.0
340950,Diogo Jota,Liverpool FC,2021-22,FW,25,578,1,2,2022-05-28,2022-06-15,60.0
341092,Federico Chiesa,Juventus FC,2021-22,FW,24,337,2,1,2022-05-28,2022-06-07,65.0
341549,Umut Meraş,Beşiktaş Jimnastik Kulübü,2021-22,DF,26,253,0,0,2022-05-28,2022-06-01,2.1
342229,Kylian Mbappé,Paris Saint-Germain,2021-22,FW,23,674,6,6,2022-05-28,2022-05-30,160.0
343463,Cyle Larin,Beşiktaş Jimnastik Kulübü,2021-22,FW,27,354,1,0,2022-05-28,2022-06-01,10.0
344381,Christopher Nkunku,RB Leipzig,2021-22,FW,24,531,7,2,2022-05-28,2022-06-09,80.0
344519,Bruno Costa,FC Porto,2021-22,MF,25,11,0,0,2022-05-28,2022-05-31,2.5
344596,Malang Sarr,Chelsea FC,2021-22,DF,23,100,0,0,2022-05-28,2022-06-15,8.0
344598,Dan-Axel Zagadou,Borussia Dortmund,2021-22,DF,22,96,0,0,2022-05-28,2022-06-09,9.0
344695,Dayot Upamecano,Bayern Munich,2021-22,DF,23,660,0,0,2022-05-28,2022-06-09,40.0
346314,Trevoh Chalobah,Chelsea FC,2021-22,DF,22,175,1,0,2022-05-28,2022-06-15,20.0
346483,Mason Mount,Chelsea FC,2021-22,MF,23,539,1,2,2022-05-28,2022-06-15,75.0
346567,Luca Pellegrini,Juventus FC,2021-22,DF,23,3,0,0,2022-05-28,2022-06-07,9.0
348026,Nordi Mukiele,RB Leipzig,2021-22,DF,24,485,1,1,2022-05-28,2022-06-09,20.0
348795,Giovani Lo Celso,Villarreal CF,2021-22,MF,26,524,0,0,2022-05-28,2022-06-03,22.0
349599,Pervis Estupiñán,Villarreal CF,2021-22,DF,24,645,0,0,2022-05-28,2022-06-03,20.0
351816,Ismaël Bennacer,AC Milan,2021-22,MF,24,375,0,0,2022-05-28,2022-06-07,33.0
353366,Benjamin Pavard,Bayern Munich,2021-22,DF,26,764,0,1,2022-05-28,2022-06-09,30.0
354362,Rodrigo Bentancur,Juventus FC,2021-22,MF,24,384,0,1,2022-05-28,2022-06-15,28.0
355861,Arnaut Danjuma,Villarreal CF,2021-22,FW,25,908,6,1,2022-05-28,2022-06-03,50.0
356197,Alfonso Pedraza,Villarreal CF,2021-22,DF,26,430,0,1,2022-05-28,2022-06-03,18.0
357119,Ibrahima Konaté,Liverpool FC,2021-22,DF,23,720,2,0,2022-05-28,2022-06-15,40.0
357147,Diogo Dalot,Manchester United,2021-22,DF,23,233,0,0,2022-05-28,2022-06-15,20.0
357153,Diogo Costa,FC Porto,2021-22,GK,22,540,0,0,2022-05-28,2022-05-31,25.0
357158,Rúben Vinagre,Sporting CP,2021-22,MF,23,63,0,0,2022-05-28,2022-05-31,5.0
357164,Rafael Leão,AC Milan,2021-22,FW,22,294,1,1,2022-05-28,2022-06-07,70.0
357498,Dušan Vlahović,Juventus FC,2021-22,FW,22,180,1,0,2022-05-28,2022-06-07,85.0
357565,Rodri,Manchester City,2021-22,MF,25,842,0,0,2022-05-28,2022-06-15,80.0
357796,Domagoj Bradarić,LOSC Lille,2021-22,DF,22,13,0,0,2022-05-28,2022-05-30,3.5
360518,Teun Koopmeiners,Atalanta BC,2021-22,MF,24,210,0,1,2022-05-28,2022-06-07,25.0
361093,Sven Botman,LOSC Lille,2021-22,DF,22,418,0,0,2022-05-28,2022-05-30,30.0
361104,Sergiño Dest,FC Barcelona,2021-22,DF,21,229,0,0,2022-05-28,2022-06-03,18.0
361254,Rafa Mir,Sevilla FC,2021-22,FW,24,272,1,0,2022-05-28,2022-06-03,16.0
362108,Gabriel Gudmundsson,LOSC Lille,2021-22,DF,23,243,0,0,2022-05-28,2022-05-30,6.0
362570,Andrey Mostovoy,AO FK Zenit Sankt-Peterburg,2021-22,FW,24,151,0,0,2022-05-28,2022-06-02,3.0
362842,Arthur Melo,Juventus FC,2021-22,MF,25,264,0,0,2022-05-28,2022-06-07,18.0
363205,Gabriel Jesus,Manchester City,2021-22,FW,25,352,4,1,2022-05-28,2022-06-15,50.0
364135,Moise Kean,Juventus FC,2021-22,FW,22,167,1,0,2022-05-28,2022-06-07,24.0
369081,Federico Valverde,Real Madrid,2021-22,MF,23,804,0,1,2022-05-28,2022-06-03,70.0
369674,Joakim Maehle,Atalanta BC,2021-22,DF,25,436,0,1,2022-05-28,2022-06-07,14.0
370846,Timothy Weah,LOSC Lille,2021-22,MF,22,256,0,0,2022-05-28,2022-05-30,12.0
371256,Tetê,FC Shakhtar Donetsk,2021-22,FW,22,373,0,0,2022-05-28,2022-05-30,22.0
371998,Vinicius Junior,Real Madrid,2021-22,FW,21,1201,4,7,2022-05-28,2022-06-03,100.0
372535,Danil Krugovoy,AO FK Zenit Sankt-Peterburg,2021-22,MF,24,66,0,0,2022-05-28,2022-06-02,3.0
377468,Anel Ahmedhodzic,Malmö Fotbollförening,2021-22,DF,23,413,0,0,2022-05-28,2022-05-30,6.0
379249,Matheus Reis,Sporting CP,2021-22,DF,27,612,0,0,2022-05-28,2022-05-31,8.0
381950,Alexis Saelemaekers,AC Milan,2021-22,MF,22,444,0,0,2022-05-28,2022-06-07,17.0
386726,Yusuf Yazıcı,LOSC Lille,2021-22,MF,25,47,0,0,2022-05-28,2022-06-02,17.0
388516,Josep Martínez,RB Leipzig,2021-22,GK,24,90,0,0,2022-05-28,2022-06-09,2.2
392768,Callum Hudson-Odoi,Chelsea FC,2021-22,FW,21,289,1,2,2022-05-28,2022-06-15,25.0
392770,Angel Gomes,LOSC Lille,2021-22,MF,21,169,1,1,2022-05-28,2022-05-30,7.0
396333,Javi Montero,Beşiktaş Jimnastik Kulübü,2021-22,DF,23,306,1,0,2022-05-28,2022-06-01,2.7
397033,Sandro Tonali,AC Milan,2021-22,MF,22,333,0,0,2022-05-28,2022-06-07,50.0
398073,Achraf Hakimi,Paris Saint-Germain,2021-22,DF,23,718,0,0,2022-05-28,2022-05-30,65.0
398184,Ferran Torres,Manchester City,2021-22,FW,22,71,0,0,2022-05-28,2022-06-03,45.0
399776,Pau Torres,Villarreal CF,2021-22,DF,25,1080,1,0,2022-05-28,2022-06-03,50.0
401173,Jadon Sancho,Manchester United,2021-22,FW,22,394,1,0,2022-05-28,2022-06-15,75.0
401356,Edson Álvarez,Ajax Amsterdam,2021-22,MF,24,558,0,0,2022-05-28,2022-06-08,22.0
401530,Éder Militão,Real Madrid,2021-22,DF,24,1076,0,0,2022-05-28,2022-06-03,60.0
401922,Samuel Chukwueze,Villarreal CF,2021-22,FW,23,274,2,0,2022-05-28,2022-06-03,20.0
402008,Amadou Haidara,RB Leipzig,2021-22,MF,24,182,0,0,2022-05-28,2022-06-09,24.0
402733,Gonzalo Montiel,Sevilla FC,2021-22,DF,25,185,0,0,2022-05-28,2022-06-03,14.0
403315,Claudinho,AO FK Zenit Sankt-Peterburg,2021-22,MF,25,461,2,0,2022-05-28,2022-06-02,18.0
404842,Vitaliy Mykolenko,Dynamo Kyiv,2021-22,DF,22,450,0,0,2022-05-28,2022-06-15,18.0
406609,Can Bozdogan,Beşiktaş Jimnastik Kulübü,2021-22,MF,21,219,0,0,2022-05-28,2022-06-01,4.3
406625,Lautaro Martínez,Inter Milan,2021-22,FW,24,587,1,0,2022-05-28,2022-06-07,75.0
406635,Phil Foden,Manchester City,2021-22,MF,22,658,3,2,2022-05-28,2022-06-15,90.0
406640,Felix Nmecha,VfL Wolfsburg,2021-22,MF,21,35,0,0,2022-05-28,2022-06-09,2.0
411662,Lucas Veríssimo,SL Benfica,2021-22,DF,26,270,0,0,2022-05-28,2022-05-31,10.0
411975,Jules Koundé,Sevilla FC,2021-22,DF,23,450,0,0,2022-05-28,2022-06-03,60.0
412363,Rodrygo,Real Madrid,2021-22,FW,21,505,5,2,2022-05-28,2022-06-03,60.0
413262,Dani Raba,Villarreal CF,2021-22,FW,26,11,0,0,2022-05-28,2022-06-03,0.9
418543,Perr Schuurs,Ajax Amsterdam,2021-22,DF,22,146,0,1,2022-05-28,2022-06-08,7.0
418560,Erling Haaland,Borussia Dortmund,2021-22,FW,21,203,3,0,2022-05-28,2022-06-09,150.0
419061,Vladyslav Supryaga,Dynamo Kyiv,2021-22,FW,22,81,0,0,2022-05-28,2022-06-07,3.0
420243,Jurriën Timber,Ajax Amsterdam,2021-22,DF,20,571,0,0,2022-05-28,2022-06-08,35.0
420465,Tiago Djaló,LOSC Lille,2021-22,DF,22,533,0,0,2022-05-28,2022-05-30,12.0
424204,Alphonso Davies,Bayern Munich,2021-22,DF,21,478,0,2,2022-05-28,2022-06-09,70.0
424881,Omar Richards,Bayern Munich,2021-22,DF,24,51,0,0,2022-05-28,2022-06-09,7.0
426620,Pedro Gonçalves,Sporting CP,2021-22,FW,23,331,4,2,2022-05-28,2022-05-31,30.0
429874,Ansgar Knauff,Borussia Dortmund,2021-22,FW,20,20,0,0,2022-05-28,2022-06-09,10.0
431755,Dejan Kulusevski,Juventus FC,2021-22,MF,22,77,1,0,2022-05-28,2022-06-15,40.0
433049,Youssef En-Nesyri,Sevilla FC,2021-22,FW,24,83,0,1,2022-05-28,2022-06-03,25.0
433188,Curtis Jones,Liverpool FC,2021-22,MF,21,185,0,3,2022-05-28,2022-06-15,28.0
434224,Maxence Lacroix,VfL Wolfsburg,2021-22,DF,22,540,0,0,2022-05-28,2022-06-09,20.0
438202,Bruno Tabata,Sporting CP,2021-22,FW,25,201,1,1,2022-05-28,2022-05-31,4.0
441170,Valentin Rosier,Beşiktaş Jimnastik Kulübü,2021-22,DF,25,405,0,0,2022-05-28,2022-06-01,6.0
442531,Edouard Mendy,Chelsea FC,2021-22,GK,30,840,0,0,2022-05-28,2022-06-15,32.0
448466,Jovane Cabral,Sporting CP,2021-22,FW,23,79,0,0,2022-05-28,2022-06-07,5.5
449151,Junior Messias,AC Milan,2021-22,FW,31,115,1,1,2022-05-28,2022-06-07,6.0
451276,Dominik Szoboszlai,RB Leipzig,2021-22,MF,21,209,2,0,2022-05-28,2022-06-09,28.0
459655,Matteo Lovato,Atalanta BC,2021-22,DF,22,45,0,0,2022-05-28,2022-06-07,7.0
461943,Daniel Bragança,Sporting CP,2021-22,MF,23,130,0,0,2022-05-28,2022-05-31,7.0
462250,João Félix,Atlético de Madrid,2021-22,FW,22,574,1,1,2022-05-28,2022-06-03,70.0
466794,Eric García,FC Barcelona,2021-22,DF,21,247,0,0,2022-05-28,2022-06-03,18.0
466805,Nico González (466805),FC Barcelona,2021-22,MF,20,247,0,0,2022-05-28,2022-06-03,20.0
466810,Ansu Fati,FC Barcelona,2021-22,FW,19,154,1,0,2022-05-28,2022-06-03,60.0
467437,Malik Tillman,Bayern Munich,2021-22,MF,20,18,0,0,2022-05-28,2022-06-09,1.5
467720,Youssoufa Moukoko,Borussia Dortmund,2021-22,FW,17,20,0,0,2022-05-28,2022-06-09,15.0
470394,Kenneth Taylor,Ajax Amsterdam,2021-22,MF,20,38,0,0,2022-05-28,2022-06-08,4.5
472423,Reece James,Chelsea FC,2021-22,DF,22,505,1,0,2022-05-28,2022-06-15,60.0
473169,Brian Brobbey,RB Leipzig,2021-22,FW,20,115,0,1,2022-05-28,2022-06-08,9.0
475959,Josko Gvardiol,RB Leipzig,2021-22,DF,20,334,0,0,2022-05-28,2022-06-09,35.0
476352,Renan Lodi,Atlético de Madrid,2021-22,DF,24,477,1,2,2022-05-28,2022-06-03,30.0
476701,Manuel Ugarte,Sporting CP,2021-22,MF,21,204,0,0,2022-05-28,2022-05-31,15.0
477758,Aaron Wan-Bissaka,Manchester United,2021-22,DF,24,419,0,0,2022-05-28,2022-06-15,25.0
477930,Rıdvan Yılmaz,Beşiktaş Jimnastik Kulübü,2021-22,DF,21,135,0,0,2022-05-28,2022-06-01,6.5
478573,Ryan Gravenberch,Ajax Amsterdam,2021-22,MF,20,703,0,1,2022-05-28,2022-06-08,35.0
480267,Ronald Araujo,FC Barcelona,2021-22,DF,23,367,0,0,2022-05-28,2022-06-03,50.0
480692,Luis Díaz,FC Porto,2021-22,FW,25,908,4,1,2022-05-28,2022-06-15,65.0
480762,Lisandro Martínez,Ajax Amsterdam,2021-22,DF,24,720,0,1,2022-05-28,2022-06-08,32.0
480763,Juan Foyth,Villarreal CF,2021-22,DF,24,891,0,0,2022-05-28,2022-06-03,25.0
483046,Josip Stanisic,Bayern Munich,2021-22,DF,22,21,0,1,2022-05-28,2022-06-09,4.0
485706,Amadou Onana,LOSC Lille,2021-22,MF,20,255,0,0,2022-05-28,2022-05-30,10.0
487469,Vitinha,FC Porto,2021-22,MF,22,217,0,0,2022-05-28,2022-05-31,30.0
487474,Francisco Conceição,FC Porto,2021-22,FW,19,37,0,0,2022-05-28,2022-05-31,8.0
496857,Edon Zhegrova,LOSC Lille,2021-22,FW,23,9,0,0,2022-05-28,2022-05-30,5.0
499721,Wendel,AO FK Zenit Sankt-Peterburg,2021-22,MF,24,485,1,0,2022-05-28,2022-06-02,19.0
500091,Ersin Destanoğlu,Beşiktaş Jimnastik Kulübü,2021-22,GK,21,450,0,0,2022-05-28,2022-06-01,10.0
503881,Aster Vranckx,VfL Wolfsburg,2021-22,MF,19,337,0,0,2022-05-28,2022-06-09,10.0
504090,Paulo Bernardo,SL Benfica,2021-22,MF,20,39,0,0,2022-05-28,2022-05-31,5.0
508637,Solomon Bonnah,RB Leipzig,2021-22,DF,18,10,0,0,2022-05-28,2022-06-09,0.75
515208,Pedrinho,FC Shakhtar Donetsk,2021-22,FW,24,343,0,0,2022-05-28,2022-08-19,17.0
517894,Matheus Cunha,Atlético de Madrid,2021-22,FW,23,141,0,0,2022-05-28,2022-06-03,30.0
520662,Pepê,FC Porto,2021-22,FW,25,34,0,0,2022-05-28,2022-05-31,18.0
522145,Daniil Kuznetsov,AO FK Zenit Sankt-Peterburg,2021-22,FW,19,2,0,0,2022-05-28,2022-06-02,0.3
524403,Fernando Costanza,FC Sheriff Tiraspol,2021-22,MF,23,540,0,0,2022-05-28,2022-06-02,1.2
525299,Miguel Gutiérrez,Real Madrid,2021-22,DF,20,66,0,0,2022-05-28,2022-06-03,6.0
533738,Jonathan David,LOSC Lille,2021-22,FW,22,680,3,0,2022-05-28,2022-05-30,45.0
536482,Junior Dina Ebimbe,Paris Saint-Germain,2021-22,MF,21,6,0,0,2022-05-28,2022-05-30,5.0
536835,Amad Diallo,Manchester United,2021-22,FW,19,68,0,0,2022-05-28,2022-06-15,15.0
537598,Fábio Vieira,FC Porto,2021-22,MF,21,84,0,1,2022-05-28,2022-05-31,25.0
537602,João Mário (537602),FC Porto,2021-22,DF,22,351,0,0,2022-05-28,2022-05-31,15.0
538996,Tanguy Nianzou,Bayern Munich,2021-22,DF,19,212,0,0,2022-05-28,2022-06-09,9.0
539134,Daniel Maldini,AC Milan,2021-22,MF,20,20,0,0,2022-05-28,2022-06-07,2.0
543499,Mohammed Kudus,Ajax Amsterdam,2021-22,FW,21,24,0,0,2022-05-28,2022-06-08,10.0
544784,Zaidu Sanusi,FC Porto,2021-22,DF,24,389,0,0,2022-05-28,2022-05-31,10.0
546543,Darwin Núñez,SL Benfica,2021-22,FW,22,614,6,0,2022-05-28,2022-05-31,55.0
549006,Gonçalo Inácio,Sporting CP,2021-22,DF,20,561,0,1,2022-05-28,2022-05-31,23.0
550550,Gonçalo Ramos,SL Benfica,2021-22,FW,20,370,1,0,2022-05-28,2022-05-31,14.0
553875,Pedro Porro,Sporting CP,2021-22,DF,22,530,1,0,2022-05-28,2022-05-31,25.0
557407,Devyne Rensch,Ajax Amsterdam,2021-22,DF,19,71,0,0,2022-05-28,2022-06-08,8.0
557610,Isaac Lihadji,LOSC Lille,2021-22,FW,20,23,0,0,2022-05-28,2022-05-30,3.5
564489,Kamal Sowah,Club Brugge KV,2021-22,MF,22,299,0,0,2022-05-28,2022-06-08,3.5
565822,Harvey Elliott,Liverpool FC,2021-22,MF,19,59,0,0,2022-05-28,2022-06-15,22.0
568157,Yéremy Pino,Villarreal CF,2021-22,FW,19,431,1,0,2022-05-28,2022-06-03,40.0
568177,Cole Palmer,Manchester City,2021-22,MF,20,38,1,0,2022-05-28,2022-06-15,6.0
574385,Mohamed Daramy,Ajax Amsterdam,2021-22,FW,20,52,0,0,2022-05-28,2022-06-08,6.0
580195,Jamal Musiala,Bayern Munich,2021-22,MF,19,449,1,0,2022-05-28,2022-06-09,65.0
581678,Jude Bellingham,Borussia Dortmund,2021-22,MF,18,502,1,3,2022-05-28,2022-06-09,80.0
583189,Anthony Elanga,Manchester United,2021-22,FW,20,172,1,0,2022-05-28,2022-06-15,20.0
585949,Pierre Kalulu,AC Milan,2021-22,DF,21,215,0,1,2022-05-28,2022-06-07,28.0
601883,Matheus Nunes,Sporting CP,2021-22,DF,23,510,0,2,2022-05-28,2022-05-31,35.0
602105,Antony,Ajax Amsterdam,2021-22,FW,22,577,2,4,2022-05-28,2022-06-08,35.0
607814,Kirill Kravtsov,AO FK Zenit Sankt-Peterburg,2021-22,MF,19,14,0,0,2022-05-28,2022-06-02,0.8
616341,Nuno Mendes,Paris Saint-Germain,2021-22,DF,19,582,0,0,2022-05-28,2022-05-30,40.0
616344,Tiago Tomás,Sporting CP,2021-22,FW,19,162,0,0,2022-05-28,2022-06-09,7.0
617074,Ilaix Moriba,RB Leipzig,2021-22,MF,19,60,0,0,2022-05-28,2022-06-03,9.0
626913,Boulaye Dia,Villarreal CF,2021-22,FW,25,256,1,0,2022-05-28,2022-06-03,12.0
627226,Reinier,Borussia Dortmund,2021-22,MF,20,127,0,0,2022-05-28,2022-06-09,8.0
628886,Iván Romero,Sevilla FC,2021-22,FW,21,20,0,0,2022-05-28,2022-06-03,0.8
636688,Alejandro Balde,FC Barcelona,2021-22,DF,18,19,0,0,2022-05-28,2022-06-03,4.0
640026,Shola Shoretire,Manchester United,2021-22,FW,18,22,0,0,2022-05-28,2022-06-15,4.0
640428,Eduardo Camavinga,Real Madrid,2021-22,MF,19,296,0,1,2022-05-28,2022-06-03,55.0
646740,Gavi,FC Barcelona,2021-22,MF,17,398,0,0,2022-05-28,2022-06-03,60.0
655899,Serdar Saatçı,Beşiktaş Jimnastik Kulübü,2021-22,DF,19,90,0,0,2022-05-28,2022-06-01,1.6
666234,Mohamed Simakan,RB Leipzig,2021-22,DF,22,296,0,0,2022-05-28,2022-06-09,22.0
668276,Hugo Novoa,RB Leipzig,2021-22,DF,19,24,0,0,2022-05-28,2022-06-09,3.0
673492,Morato,SL Benfica,2021-22,DF,20,180,1,0,2022-05-28,2022-05-31,10.0
683840,Pedri,FC Barcelona,2021-22,MF,19,158,0,0,2022-05-28,2022-06-03,80.0
711337,Evanilson,FC Porto,2021-22,FW,22,313,0,1,2022-05-28,2022-05-31,22.0
726721,Gonçalo Esteves,Sporting CP,2021-22,DF,18,73,0,0,2022-05-28,2022-05-31,3.0
3333,James Milner,Liverpool FC,2022-23,MF,37,241,0,0,2023-06-10,2023-06-20,1.5
9422,Allan McGregor,Rangers FC,2022-23,GK,41,450,0,0,2023-06-10,2023-06-26,0.3
12282,Daley Blind,Ajax Amsterdam,2022-23,DF,33,410,0,0,2023-06-10,2023-06-22,3.0
14132,Pepe,FC Porto,2022-23,DF,40,360,0,0,2023-06-10,2023-06-16,1.0
15956,Jesús Navas,Sevilla FC,2022-23,MF,37,225,0,0,2023-06-10,2023-06-13,3.0
17259,Manuel Neuer,Bayern Munich,2022-23,GK,37,270,0,0,2023-06-10,2023-06-22,7.0
17965,Hugo Lloris,Tottenham Hotspur,2022-23,GK,36,540,0,0,2023-06-10,2023-06-20,3.0
18922,Karim Benzema,Real Madrid,2022-23,FW,35,746,4,1,2023-06-10,2023-06-13,25.0
20005,Papu Gómez,Sevilla FC,2022-23,FW,35,247,0,1,2023-06-10,2023-06-13,3.0
25520,Remko Pasveer,Ajax Amsterdam,2022-23,GK,39,540,0,0,2023-06-10,2023-06-23,0.25
25557,Sergio Ramos,Paris Saint-Germain,2022-23,DF,37,720,0,0,2023-06-10,2023-06-27,4.5
27992,Luka Modrić,Real Madrid,2022-23,MF,37,750,2,1,2023-06-10,2023-06-13,10.0
28003,Lionel Messi,Paris Saint-Germain,2022-23,FW,35,615,4,4,2023-06-10,2023-06-27,35.0
28396,Edin Dzeko,Inter Milan,2022-23,FW,37,832,4,1,2023-06-10,2023-06-15,4.0
28973,Steven Davis,Rangers FC,2022-23,MF,38,251,0,0,2023-06-10,2023-06-26,0.5
29241,Thiago Silva,Chelsea FC,2022-23,DF,38,641,0,0,2023-06-10,2023-06-20,2.0
31909,Toni Kroos,Real Madrid,2022-23,MF,33,846,0,2,2023-06-10,2023-06-13,15.0
32467,Ivan Rakitic,Sevilla FC,2022-23,MF,35,421,0,1,2023-06-10,2023-06-13,4.0
35047,Axel Witsel,Atlético de Madrid,2022-23,MF,34,461,0,1,2023-06-10,2023-06-13,5.0
35207,Marco Reus,Borussia Dortmund,2022-23,MF,34,264,1,1,2023-06-10,2023-06-22,7.0
36139,Dušan Tadić,Ajax Amsterdam,2022-23,FW,34,433,0,1,2023-06-10,2023-06-23,6.0
37647,Dimitri Payet,Olympique Marseille,2022-23,MF,36,78,0,0,2023-06-10,2023-06-27,1.8
38253,Robert Lewandowski,FC Barcelona,2022-23,FW,34,442,5,0,2023-06-10,2023-06-13,30.0
39125,Borna Barisic,Rangers FC,2022-23,DF,30,464,0,0,2023-06-10,2023-06-26,6.5
39259,Makoto Hasebe,Eintracht Frankfurt,2022-23,DF,39,255,0,0,2023-06-10,2023-06-22,0.8
39728,Mats Hummels,Borussia Dortmund,2022-23,DF,34,315,0,0,2023-06-10,2023-06-22,6.0
39983,Leonardo Bonucci,Juventus FC,2022-23,DF,36,443,1,0,2023-06-10,2023-06-15,1.5
40204,Joe Hart,Celtic FC,2022-23,GK,36,540,0,0,2023-06-10,2023-06-26,1.5
40433,Alexis Sánchez,Olympique Marseille,2022-23,FW,34,419,2,0,2023-06-10,2023-06-27,4.0
40680,Sven Ulreich,Bayern Munich,2022-23,GK,34,270,0,0,2023-06-10,2023-06-22,0.7
42205,Yann Sommer,Bayern Munich,2022-23,GK,34,360,0,0,2023-06-10,2023-06-22,5.0
42460,Ivan Perišić,Tottenham Hotspur,2022-23,FW,34,574,0,3,2023-06-10,2023-06-20,7.0
44058,Wojciech Szczesny,Juventus FC,2022-23,GK,33,360,0,0,2023-06-10,2023-06-15,10.0
44062,Antonio Adán,Sporting CP,2022-23,GK,36,383,0,0,2023-06-10,2023-06-16,1.0
44466,Sebastian Rode,Eintracht Frankfurt,2022-23,MF,32,299,0,1,2023-06-10,2023-06-22,2.0
45320,Ángel Di María,Juventus FC,2022-23,FW,35,146,0,3,2023-06-10,2023-06-15,8.0
45333,James McCarthy,Celtic FC,2022-23,MF,32,8,0,0,2023-06-10,2023-06-26,0.5
45660,Eric-Maxim Choupo-Moting,Bayern Munich,2022-23,FW,34,441,4,0,2023-06-10,2023-06-22,5.0
45672,Kevin Trapp,Eintracht Frankfurt,2022-23,GK,32,720,0,0,2023-06-10,2023-06-22,8.5
48015,Lukas Hradecky,Bayer 04 Leverkusen,2022-23,GK,33,540,0,0,2023-06-10,2023-06-22,2.5
48859,Simon Kjær,AC Milan,2022-23,DF,34,509,0,0,2023-06-10,2023-06-15,3.5
49723,Timothy Chandler,Eintracht Frankfurt,2022-23,DF,33,11,0,0,2023-06-10,2023-06-22,0.7
50202,Eden Hazard,Real Madrid,2022-23,FW,32,131,1,1,2023-06-10,2023-06-13,5.0
50512,Anthony Modeste,Borussia Dortmund,2022-23,FW,35,338,0,0,2023-06-10,2023-06-22,0.7
51174,Fernando (51174),Sevilla FC,2022-23,MF,35,90,0,0,2023-06-10,2023-06-13,3.0
51471,Mateo Kovacic,Chelsea FC,2022-23,MF,29,627,1,0,2023-06-10,2023-06-20,38.0
52570,Fraser Forster,Tottenham Hotspur,2022-23,GK,35,180,0,0,2023-06-10,2023-06-20,1.5
53418,Kevin Kampl,RB Leipzig,2022-23,MF,32,272,0,0,2023-06-10,2023-06-22,3.5
53622,İlkay Gündoğan,Manchester City,2022-23,MF,32,997,1,2,2023-06-10,2023-06-20,20.0
54781,Nicolás Otamendi,SL Benfica,2022-23,DF,35,794,0,1,2023-06-10,2023-06-16,2.0
54906,Matteo Darmian,Inter Milan,2022-23,DF,33,821,0,0,2023-06-10,2023-06-15,4.0
55282,Ciprian Tatarusanu,AC Milan,2022-23,GK,37,450,0,0,2023-06-10,2023-06-15,0.4
55291,Scott Arfield,Rangers FC,2022-23,MF,34,270,1,0,2023-06-10,2023-06-26,1.0
55735,Henrikh Mkhitaryan,Inter Milan,2022-23,MF,34,910,2,0,2023-06-10,2023-06-15,6.0
55769,Danilo D'Ambrosio,Inter Milan,2022-23,DF,34,155,0,0,2023-06-10,2023-06-15,1.5
56036,Luís Neto,Sporting CP,2022-23,DF,35,38,0,0,2023-06-10,2023-06-16,0.5
57071,Péter Gulácsi,RB Leipzig,2022-23,GK,33,193,0,0,2023-06-10,2023-06-22,5.0
57500,César Azpilicueta,Chelsea FC,2022-23,DF,33,260,0,0,2023-06-10,2023-06-20,5.0
58358,Thomas Müller,Bayern Munich,2022-23,FW,33,363,1,1,2023-06-10,2023-06-22,12.0
58864,Pierre-Emerick Aubameyang,Chelsea FC,2022-23,FW,33,410,2,1,2023-06-10,2023-06-20,4.0
58884,Nacho Fernández,Real Madrid,2022-23,DF,33,437,0,0,2023-06-10,2023-06-13,6.0
59016,David Alaba,Real Madrid,2022-23,DF,30,712,0,0,2023-06-10,2023-06-13,40.0
59970,Taras Stepanenko,FC Shakhtar Donetsk,2022-23,MF,33,533,0,0,2023-06-10,2023-06-21,4.0
60410,Marcos Acuña,Sevilla FC,2022-23,DF,31,219,0,1,2023-06-10,2023-06-13,10.0
60444,Thiago Alcántara,Liverpool FC,2022-23,MF,32,308,0,0,2023-06-10,2023-06-20,15.0
60793,Ryan Jack,Rangers FC,2022-23,MF,31,192,0,1,2023-06-10,2023-06-26,3.0
61651,Jordan Henderson,Liverpool FC,2022-23,MF,32,281,0,1,2023-06-10,2023-06-20,10.0
62094,James Tavernier,Rangers FC,2022-23,DF,31,487,1,0,2023-06-10,2023-06-26,7.5
65230,Sergio Busquets,FC Barcelona,2022-23,MF,34,292,0,0,2023-06-10,2023-06-13,5.0
68290,Neymar,Paris Saint-Germain,2022-23,MF,31,540,2,3,2023-06-10,2023-06-27,60.0
69751,Jordi Alba,FC Barcelona,2022-23,DF,34,147,0,1,2023-06-10,2023-06-13,5.0
70243,Marcel Halstenberg,RB Leipzig,2022-23,DF,31,166,0,1,2023-06-10,2023-06-22,3.5
74089,Sergiy Kryvtsov,FC Shakhtar Donetsk,2022-23,DF,32,6,0,0,2023-06-10,2023-08-22,2.0
74229,Koke,Atlético de Madrid,2022-23,MF,31,330,0,0,2023-06-10,2023-06-13,16.0
74230,Pablo Sarabia,Paris Saint-Germain,2022-23,MF,31,90,0,0,2023-06-10,2023-06-20,14.0
74294,Nemanja Gudelj,Sevilla FC,2022-23,MF,31,495,0,0,2023-06-10,2023-06-13,4.0
74842,Mario Götze,Eintracht Frankfurt,2022-23,MF,31,524,0,2,2023-06-10,2023-06-22,12.0
74857,Marc-André ter Stegen,FC Barcelona,2022-23,GK,31,450,0,0,2023-06-10,2023-06-13,35.0
76158,Alexander Meyer,Borussia Dortmund,2022-23,GK,32,405,0,0,2023-06-10,2023-06-22,1.0
77100,Lucas Moura,Tottenham Hotspur,2022-23,FW,30,176,0,0,2023-06-10,2023-06-20,6.0
79960,Alex Sandro,Juventus FC,2022-23,DF,32,239,0,0,2023-06-10,2023-06-15,3.0
81173,Janis Blaswich,RB Leipzig,2022-23,GK,32,527,0,0,2023-06-10,2023-06-22,2.5
82105,Joel Matip,Liverpool FC,2022-23,DF,31,242,1,0,2023-06-10,2023-06-20,12.0
82442,Olivier Giroud,AC Milan,2022-23,FW,36,940,5,2,2023-06-10,2023-06-15,4.0
84992,James Forrest,Celtic FC,2022-23,FW,31,87,0,0,2023-06-10,2023-06-26,1.8
85148,Julian Draxler,SL Benfica,2022-23,FW,29,29,0,0,2023-06-10,2023-06-16,6.0
85370,Sergi Roberto,FC Barcelona,2022-23,MF,31,207,0,2,2023-06-10,2023-06-13,5.0
85941,Stefan Ortega,Manchester City,2022-23,GK,30,180,0,0,2023-06-10,2023-06-20,9.0
86202,Antonio Rüdiger,Real Madrid,2022-23,DF,30,676,1,0,2023-06-10,2023-06-13,32.0
87884,Mário Rui,SSC Napoli,2022-23,DF,32,388,0,1,2023-06-10,2023-06-15,8.0
88682,Mattia De Sciglio,Juventus FC,2022-23,DF,30,93,0,0,2023-06-10,2023-06-15,3.0
88755,Kevin De Bruyne,Manchester City,2022-23,MF,31,722,2,7,2023-06-10,2023-06-20,70.0
89701,Charles Aránguiz,Bayer 04 Leverkusen,2022-23,MF,34,215,0,0,2023-06-10,2023-07-25,3.0
91845,Heung-min Son,Tottenham Hotspur,2022-23,FW,30,624,2,0,2023-06-10,2023-06-20,50.0
91849,Thomas Delaney,Sevilla FC,2022-23,MF,31,229,0,0,2023-06-10,2023-06-22,2.0
91970,Juan Cuadrado,Juventus FC,2022-23,MF,35,437,0,1,2023-06-10,2023-06-15,4.0
92983,Jon McLaughlin,Rangers FC,2022-23,GK,35,90,0,0,2023-06-10,2023-06-26,0.3
93128,Kalidou Koulibaly,Chelsea FC,2022-23,DF,31,570,0,0,2023-06-10,2023-06-20,15.0
93740,Willi Orbán,RB Leipzig,2022-23,DF,30,720,0,0,2023-06-10,2023-06-22,10.0
94005,Sead Kolasinac,Olympique Marseille,2022-23,DF,29,150,0,0,2023-06-10,2023-06-27,8.0
94308,Marko Dmitrovic,Sevilla FC,2022-23,GK,31,180,0,0,2023-06-10,2023-06-13,4.0
95424,Kyle Walker,Manchester City,2022-23,DF,33,280,0,0,2023-06-10,2023-06-20,13.0
96341,Romelu Lukaku,Inter Milan,2022-23,FW,30,177,3,1,2023-06-10,2023-06-15,40.0
100986,Thomas Meunier,Borussia Dortmund,2022-23,DF,31,353,0,1,2023-06-10,2023-06-22,5.0
102017,Jorginho,Chelsea FC,2022-23,MF,31,415,1,0,2023-06-10,2023-06-20,25.0
102226,Thorgan Hazard,Borussia Dortmund,2022-23,MF,30,202,1,0,2023-06-10,2023-06-23,7.0
102427,Sebastián Coates,Sporting CP,2022-23,DF,32,395,0,0,2023-06-10,2023-06-16,5.0
102558,Marco Verratti,Paris Saint-Germain,2022-23,MF,30,625,0,1,2023-06-10,2023-06-27,40.0
104918,Christian Sørensen,FC Copenhagen,2022-23,DF,30,99,0,0,2023-06-10,2023-06-26,0.5
105470,Alisson,Liverpool FC,2022-23,GK,30,720,0,0,2023-06-10,2023-06-20,35.0
106987,Marcel Sabitzer,Bayern Munich,2022-23,MF,29,279,0,0,2023-06-10,2023-06-20,20.0
107010,Stefan Savic,Atlético de Madrid,2022-23,DF,32,270,0,0,2023-06-10,2023-06-13,6.0
108390,Thibaut Courtois,Real Madrid,2022-23,GK,31,900,0,0,2023-06-10,2023-06-13,45.0
110923,Mattia Perin,Juventus FC,2022-23,GK,30,180,0,0,2023-06-10,2023-06-15,4.0
111078,Emil Forsberg,RB Leipzig,2022-23,FW,31,403,1,0,2023-06-10,2023-06-22,7.0
111196,Stefan de Vrij,Inter Milan,2022-23,DF,31,296,0,0,2023-06-10,2023-06-15,8.0
111275,Philipp Max,Eintracht Frankfurt,2022-23,DF,29,113,0,0,2023-06-10,2023-06-22,3.0
111630,Erik Lamela,Sevilla FC,2022-23,FW,31,276,0,0,2023-06-10,2023-06-13,9.0
111961,Suso,Sevilla FC,2022-23,MF,29,238,0,0,2023-06-10,2023-06-13,6.0
112515,Marcos Alonso,FC Barcelona,2022-23,DF,32,406,1,0,2023-06-10,2023-06-13,5.0
119150,Mislav Orsic,GNK Dinamo Zagreb,2022-23,FW,30,494,2,0,2023-06-10,2023-06-20,5.0
119296,Emre Can,Borussia Dortmund,2022-23,DF,29,564,0,0,2023-06-10,2023-06-22,14.0
120977,Callum McGregor,Celtic FC,2022-23,MF,29,218,0,0,2023-06-10,2023-06-26,8.5
121483,Jan Oblak,Atlético de Madrid,2022-23,GK,30,450,0,0,2023-06-10,2023-06-13,35.0
121985,Juan Jesus,SSC Napoli,2022-23,DF,32,204,0,0,2023-06-10,2023-06-15,3.5
123951,Aaron Mooy,Celtic FC,2022-23,MF,32,152,0,0,2023-06-10,2023-06-26,3.5
124419,Odysseas Vlachodimos,SL Benfica,2022-23,GK,29,900,0,0,2023-06-10,2023-06-16,16.0
125781,Antoine Griezmann,Atlético de Madrid,2022-23,FW,32,405,1,1,2023-06-10,2023-06-13,25.0
125858,Kerem Demirbay,Bayer 04 Leverkusen,2022-23,MF,29,266,0,0,2023-06-10,2023-06-22,6.0
126414,Hakan Çalhanoğlu,Inter Milan,2022-23,MF,29,807,1,2,2023-06-10,2023-06-15,40.0
126719,Juan Bernat,Paris Saint-Germain,2022-23,DF,30,274,0,1,2023-06-10,2023-06-27,10.0
127189,Geoffrey Kondogbia,Atlético de Madrid,2022-23,MF,30,225,0,0,2023-06-10,2023-06-13,14.0
128223,Álvaro Morata,Atlético de Madrid,2022-23,FW,30,297,0,0,2023-06-10,2023-06-13,20.0
128969,Mathew Ryan,FC Copenhagen,2022-23,GK,31,180,0,0,2023-06-10,2023-06-23,4.0
129554,Steven Berghuis,Ajax Amsterdam,2022-23,FW,31,468,2,2,2023-06-10,2023-06-23,12.0
131075,Francesco Acerbi,Inter Milan,2022-23,DF,35,919,0,0,2023-06-10,2023-06-15,4.0
131789,Roberto Firmino,Liverpool FC,2022-23,FW,31,416,2,1,2023-06-10,2023-06-20,18.0
132098,Harry Kane,Tottenham Hotspur,2022-23,FW,29,720,1,2,2023-06-10,2023-06-20,90.0
134425,Raheem Sterling,Chelsea FC,2022-23,FW,28,638,3,1,2023-06-10,2023-06-20,55.0
138927,Daniel Carvajal,Real Madrid,2022-23,DF,31,873,0,2,2023-06-10,2023-06-13,12.0
139208,Virgil van Dijk,Liverpool FC,2022-23,DF,31,720,0,0,2023-06-10,2023-06-20,35.0
139395,Ricardo Esgaio,Sporting CP,2022-23,DF,30,110,0,0,2023-06-10,2023-06-16,3.5
140776,Yannick Carrasco,Atlético de Madrid,2022-23,FW,29,303,1,2,2023-06-10,2023-06-13,25.0
141050,Danilo Pereira,Paris Saint-Germain,2022-23,DF,31,449,0,0,2023-06-10,2023-06-27,10.0
143424,Alex Oxlade-Chamberlain,Liverpool FC,2022-23,MF,29,17,0,0,2023-06-10,2023-06-20,7.0
145707,Danilo,Juventus FC,2022-23,DF,31,428,0,0,2023-06-10,2023-06-15,15.0
148368,Divock Origi,AC Milan,2022-23,FW,28,144,0,0,2023-06-10,2023-06-15,6.0
148455,Mohamed Salah,Liverpool FC,2022-23,FW,30,625,8,2,2023-06-10,2023-06-20,65.0
148928,Saúl Ñíguez,Atlético de Madrid,2022-23,MF,28,284,0,0,2023-06-10,2023-06-13,10.0
149729,João Mário (149729),SL Benfica,2022-23,MF,30,868,6,2,2023-06-10,2023-06-16,14.0
153084,Leon Goretzka,Bayern Munich,2022-23,MF,28,607,2,4,2023-06-10,2023-06-22,45.0
155025,Fábio Cardoso,FC Porto,2022-23,DF,29,360,0,0,2023-06-10,2023-06-16,4.0
156501,Felipe,Atlético de Madrid,2022-23,DF,34,90,0,0,2023-06-10,2023-06-20,2.0
156617,Marcelo Brozović,Inter Milan,2022-23,MF,30,545,0,0,2023-06-10,2023-06-15,25.0
156941,John Lundstram,Rangers FC,2022-23,MF,29,450,0,0,2023-06-10,2023-06-26,7.5
157635,Yussuf Poulsen,RB Leipzig,2022-23,FW,28,66,0,0,2023-06-10,2023-06-22,7.0
159088,Robert Andrich,Bayer 04 Leverkusen,2022-23,MF,28,409,1,0,2023-06-10,2023-06-22,11.0
159471,Serge Gnabry,Bayern Munich,2022-23,FW,27,337,2,3,2023-06-10,2023-06-22,55.0
159844,Christopher Lenz,Eintracht Frankfurt,2022-23,DF,28,228,0,0,2023-06-10,2023-06-22,2.5
160668,Antonio Colak,Rangers FC,2022-23,FW,29,283,0,0,2023-06-10,2023-06-26,5.0
161011,Filip Kostić,Juventus FC,2022-23,MF,30,431,0,1,2023-06-10,2023-06-15,22.0
161056,Joshua Kimmich,Bayern Munich,2022-23,MF,28,810,1,3,2023-06-10,2023-06-22,75.0
162959,Daniele Rugani,Juventus FC,2022-23,DF,28,90,0,0,2023-06-10,2023-06-15,2.0
163656,Connor Goldson,Rangers FC,2022-23,DF,30,315,0,0,2023-06-10,2023-06-26,6.5
164771,Jordan Veretout,Olympique Marseille,2022-23,MF,30,490,0,1,2023-06-10,2023-06-27,16.0
165895,Matteo Politano,SSC Napoli,2022-23,FW,29,407,1,1,2023-06-10,2023-06-15,15.0
166237,Leandro Paredes,Juventus FC,2022-23,MF,28,310,0,1,2023-06-10,2023-06-15,12.0
166601,Niklas Süle,Borussia Dortmund,2022-23,DF,27,675,0,0,2023-06-10,2023-06-22,35.0
167799,Pierre-Emile Højbjerg,Tottenham Hotspur,2022-23,MF,27,625,1,2,2023-06-10,2023-06-20,45.0
167850,Memphis Depay,FC Barcelona,2022-23,FW,29,15,0,0,2023-06-10,2023-06-13,14.0
169880,Giovanni Di Lorenzo,SSC Napoli,2022-23,DF,29,890,2,2,2023-06-10,2023-06-15,25.0
170527,Timo Werner,RB Leipzig,2022-23,FW,27,505,2,1,2023-06-10,2023-06-22,25.0
170986,Raphaël Guerreiro,Borussia Dortmund,2022-23,DF,29,481,2,1,2023-06-10,2023-06-22,20.0
171424,Riyad Mahrez,Manchester City,2022-23,FW,32,507,3,2,2023-06-10,2023-06-20,20.0
171679,Matt Doherty,Tottenham Hotspur,2022-23,DF,31,75,0,0,2023-06-10,2023-06-13,5.0
175639,Jonathan Clauss,Olympique Marseille,2022-23,DF,30,417,0,1,2023-06-10,2023-06-27,14.0
175722,Eric Dier,Tottenham Hotspur,2022-23,DF,29,618,0,0,2023-06-10,2023-06-20,18.0
176553,Aymeric Laporte,Manchester City,2022-23,DF,29,292,0,1,2023-06-10,2023-06-20,25.0
177476,Nathan Aké,Manchester City,2022-23,DF,28,608,0,0,2023-06-10,2023-06-20,42.0
180337,Sardar Azmoun,Bayer 04 Leverkusen,2022-23,FW,28,5,0,0,2023-06-10,2023-06-22,12.0
181136,Piotr Zielinski,SSC Napoli,2022-23,MF,29,624,4,2,2023-06-10,2023-06-15,35.0
181375,Sébastien Haller,Borussia Dortmund,2022-23,FW,28,145,0,0,2023-06-10,2023-06-22,30.0
181767,Marquinhos,Paris Saint-Germain,2022-23,DF,29,655,0,0,2023-06-10,2023-06-27,65.0
182579,Karim Rekik,Sevilla FC,2022-23,DF,28,90,0,0,2023-06-10,2023-06-13,4.0
182712,João Cancelo,Manchester City,2022-23,DF,29,498,0,5,2023-06-10,2023-06-22,50.0
182904,Clément Lenglet,Tottenham Hotspur,2022-23,DF,27,511,1,0,2023-06-10,2023-06-20,10.0
182906,Mike Maignan,AC Milan,2022-23,GK,27,630,0,0,2023-06-10,2023-06-15,45.0
182913,Adrien Rabiot,Juventus FC,2022-23,MF,28,447,2,0,2023-06-10,2023-06-15,40.0
182932,Davy Klaassen,Ajax Amsterdam,2022-23,MF,30,209,1,0,2023-06-10,2023-06-23,10.0
186590,John Stones,Manchester City,2022-23,DF,29,686,1,1,2023-06-10,2023-06-20,40.0
187492,Julian Brandt,Borussia Dortmund,2022-23,MF,27,477,1,1,2023-06-10,2023-06-22,40.0
187587,Ante Rebić,AC Milan,2022-23,FW,29,244,0,0,2023-06-10,2023-06-15,6.0
189441,Lucas Ocampos,Ajax Amsterdam,2022-23,FW,28,14,0,0,2023-06-10,2023-06-13,12.0
191217,Héctor Bellerín,FC Barcelona,2022-23,DF,28,180,0,0,2023-06-10,2023-06-16,8.0
191891,Arkadiusz Milik,Juventus FC,2022-23,FW,29,339,2,0,2023-06-10,2023-06-15,8.0
192279,Kepa Arrizabalaga,Chelsea FC,2022-23,GK,28,810,0,0,2023-06-10,2023-06-20,18.0
192565,Leroy Sané,Bayern Munich,2022-23,FW,27,558,4,2,2023-06-10,2023-06-22,65.0
192735,Stanislav Lobotka,SSC Napoli,2022-23,MF,28,876,0,0,2023-06-10,2023-06-15,40.0
192765,Ben Davies (192765),Tottenham Hotspur,2022-23,DF,30,389,0,0,2023-06-10,2023-06-20,15.0
193082,Alejandro Grimaldo,SL Benfica,2022-23,DF,27,900,2,5,2023-06-10,2023-06-16,25.0
193782,Lucas Alario,Eintracht Frankfurt,2022-23,FW,30,18,0,0,2023-06-10,2023-06-22,2.5
193900,Marius Wolf,Borussia Dortmund,2022-23,DF,28,175,0,0,2023-06-10,2023-06-22,10.0
195736,Florian Grillitsch,Ajax Amsterdam,2022-23,MF,27,53,0,0,2023-06-10,2023-06-23,6.5
196357,Jonathan Tah,Bayer 04 Leverkusen,2022-23,DF,27,479,0,0,2023-06-10,2023-06-22,20.0
196948,Andreas Christensen,FC Barcelona,2022-23,DF,27,218,0,0,2023-06-10,2023-06-13,40.0
197471,Roberto Gagliardini,Inter Milan,2022-23,MF,29,112,0,0,2023-06-10,2023-06-15,4.0
198008,André Silva,RB Leipzig,2022-23,FW,27,533,3,2,2023-06-10,2023-06-22,15.0
198116,Federico Dimarco,Inter Milan,2022-23,DF,25,736,0,5,2023-06-10,2023-06-15,35.0
200512,Sadio Mané,Bayern Munich,2022-23,FW,31,551,3,1,2023-06-10,2023-06-22,25.0
202591,Benjamin Henrichs,RB Leipzig,2022-23,DF,26,198,0,0,2023-06-10,2023-06-22,15.0
202886,Ruben Loftus-Cheek,Chelsea FC,2022-23,MF,27,280,0,1,2023-06-10,2023-06-20,25.0
203074,Ivan Petryak,FC Shakhtar Donetsk,2022-23,FW,29,177,0,0,2023-06-10,2023-06-21,1.5
203348,Chancel Mbemba,Olympique Marseille,2022-23,DF,28,407,2,1,2023-06-10,2023-06-27,20.0
203412,Andreas Cornelius,FC Copenhagen,2022-23,FW,30,108,0,0,2023-06-10,2023-06-26,2.5
203460,Jack Grealish,Manchester City,2022-23,FW,27,937,0,1,2023-06-10,2023-06-20,75.0
204069,Milan Škriniar,Inter Milan,2022-23,DF,28,537,0,0,2023-06-10,2023-06-15,50.0
205562,Thomas Lemar,Atlético de Madrid,2022-23,MF,27,105,0,0,2023-06-10,2023-06-13,22.0
206717,Eduard Sobol,Club Brugge KV,2022-23,DF,28,106,0,0,2023-06-10,2023-06-27,2.5
207834,Yassine Bounou,Sevilla FC,2022-23,GK,32,360,0,0,2023-06-10,2023-06-13,12.0
211072,Paulinho (211072),Sporting CP,2022-23,FW,30,235,1,2,2023-06-10,2023-06-16,6.5
212723,Djibril Sow,Eintracht Frankfurt,2022-23,MF,26,720,0,0,2023-06-10,2023-06-22,22.0
214538,Matheus Uribe,FC Porto,2022-23,MF,32,613,1,0,2023-06-10,2023-06-16,6.0
215599,Lukas Klostermann,RB Leipzig,2022-23,DF,27,55,0,0,2023-06-10,2023-06-22,12.0
217111,Hakim Ziyech,Chelsea FC,2022-23,FW,30,145,0,0,2023-06-10,2023-06-20,16.0
221316,Lucas Vázquez,Real Madrid,2022-23,DF,31,199,0,1,2023-06-10,2023-06-13,8.0
222813,Marko Grujić,FC Porto,2022-23,MF,27,277,0,0,2023-06-10,2023-06-16,9.0
223367,Fredrik Aursnes,SL Benfica,2022-23,MF,27,618,1,0,2023-06-10,2023-06-16,20.0
223967,Konrad Laimer,RB Leipzig,2022-23,DF,26,262,0,0,2023-06-10,2023-06-22,28.0
223979,Xaver Schlager,RB Leipzig,2022-23,MF,25,586,0,0,2023-06-10,2023-06-22,22.0
225020,Mariano Díaz,Real Madrid,2022-23,FW,29,5,0,0,2023-06-10,2023-06-13,2.5
225083,N'Golo Kanté,Chelsea FC,2022-23,MF,32,165,0,0,2023-06-10,2023-06-20,15.0
225122,Gonçalo Guedes,SL Benfica,2022-23,FW,26,41,0,0,2023-06-10,2023-06-16,23.0
225693,Fabinho,Liverpool FC,2022-23,MF,29,631,0,0,2023-06-10,2023-06-20,42.0
226073,Ivo Grbic,Atlético de Madrid,2022-23,GK,27,90,0,0,2023-06-10,2023-06-13,3.5
227081,Joaquín Correa,Inter Milan,2022-23,FW,28,301,1,2,2023-06-10,2023-06-15,12.0
228433,Wendell,FC Porto,2022-23,DF,29,139,0,0,2023-06-10,2023-06-16,5.0
229005,Abdou Diallo,RB Leipzig,2022-23,DF,27,224,0,0,2023-06-10,2023-06-22,10.0
231289,Otávio (231289),FC Porto,2022-23,MF,28,530,0,2,2023-06-10,2023-06-16,35.0
231614,Gilberto,SL Benfica,2022-23,DF,30,198,0,1,2023-06-10,2023-06-16,4.0
232454,Nadiem Amiri,Bayer 04 Leverkusen,2022-23,MF,26,120,0,1,2023-06-10,2023-06-22,6.0
234509,André Onana,Inter Milan,2022-23,GK,27,1170,0,0,2023-06-10,2023-06-15,35.0
234803,Andrew Robertson,Liverpool FC,2022-23,DF,29,379,0,2,2023-06-10,2023-06-20,40.0
234850,Georgios Giakoumakis,Celtic FC,2022-23,FW,28,244,1,0,2023-06-10,2023-08-22,5.0
238055,Rafa Silva,SL Benfica,2022-23,FW,30,826,5,2,2023-06-10,2023-06-16,22.0
238223,Ederson,Manchester City,2022-23,GK,29,990,0,0,2023-06-10,2023-06-20,40.0
240414,Alex Meret,SSC Napoli,2022-23,GK,26,900,0,0,2023-06-10,2023-06-15,18.0
240692,Reinildo Mandava,Atlético de Madrid,2022-23,DF,29,512,0,0,2023-06-10,2023-06-13,25.0
241641,Bernardo Silva,Manchester City,2022-23,MF,28,908,3,1,2023-06-10,2023-06-20,80.0
242086,Patrik Schick,Bayer 04 Leverkusen,2022-23,FW,27,448,0,0,2023-06-10,2023-06-22,25.0
242632,Glen Kamara,Rangers FC,2022-23,MF,27,125,0,0,2023-06-10,2023-06-26,5.5
243714,Kingsley Coman,Bayern Munich,2022-23,FW,26,538,1,1,2023-06-10,2023-06-22,65.0
244940,Salih Özcan,Borussia Dortmund,2022-23,MF,25,546,0,1,2023-06-10,2023-06-22,13.0
250845,José María Giménez,Atlético de Madrid,2022-23,DF,28,402,0,0,2023-06-10,2023-06-13,35.0
251896,Jesús Vallejo,Real Madrid,2022-23,DF,26,17,0,0,2023-06-10,2023-06-13,2.0
255755,Alex Telles,Sevilla FC,2022-23,DF,30,391,0,1,2023-06-10,2023-06-13,7.5
255901,Rodrigo De Paul,Atlético de Madrid,2022-23,MF,29,255,1,0,2023-06-10,2023-06-13,40.0
255942,Nicolò Barella,Inter Milan,2022-23,MF,26,997,3,0,2023-06-10,2023-06-15,75.0
256178,Joe Gomez,Liverpool FC,2022-23,DF,26,299,0,1,2023-06-10,2023-06-20,22.0
257097,Ben Davies (257097),Rangers FC,2022-23,DF,27,261,0,0,2023-06-10,2023-06-26,3.5
257732,Amir Rrahmani,SSC Napoli,2022-23,DF,29,614,0,0,2023-06-10,2023-06-15,25.0
257814,Gregor Kobel,Borussia Dortmund,2022-23,GK,25,315,0,0,2023-06-10,2023-06-22,35.0
258004,Rúben Dias,Manchester City,2022-23,DF,26,1047,1,0,2023-06-10,2023-06-20,80.0
258015,Diogo Gonçalves,SL Benfica,2022-23,FW,26,36,0,0,2023-06-10,2023-06-26,4.0
258027,Renato Sanches,Paris Saint-Germain,2022-23,MF,25,140,0,0,2023-06-10,2023-06-27,15.0
258039,Aurélio Buta,Eintracht Frankfurt,2022-23,DF,26,159,0,0,2023-06-10,2023-06-22,8.0
258987,Carl Starfelt,Celtic FC,2022-23,DF,28,90,0,0,2023-06-10,2023-06-26,6.5
259953,Rade Krunic,AC Milan,2022-23,MF,29,824,1,0,2023-06-10,2023-06-15,10.0
262523,Davide Calabria,AC Milan,2022-23,DF,26,499,0,0,2023-06-10,2023-06-15,20.0
263361,Maximilian Wöber,Fußballclub Red Bull Salzburg,2022-23,DF,25,166,0,1,2023-06-10,2023-06-20,14.0
263727,Joan Jordán,Sevilla FC,2022-23,MF,28,259,0,0,2023-06-10,2023-06-13,9.0
265088,Manuel Locatelli,Juventus FC,2022-23,MF,25,266,0,0,2023-06-10,2023-06-15,30.0
265127,Éder Balanta,Club Brugge KV,2022-23,MF,30,45,0,0,2023-06-10,2023-06-22,2.0
266807,Ángel Correa,Atlético de Madrid,2022-23,FW,28,283,0,1,2023-06-10,2023-06-13,30.0
273132,Robin Gosens,Inter Milan,2022-23,DF,28,418,1,0,2023-06-10,2023-06-15,15.0
274461,Felix Passlack,Borussia Dortmund,2022-23,DF,25,90,0,1,2023-06-10,2023-06-22,1.5
276896,Samuel Gigot,Olympique Marseille,2022-23,DF,29,250,0,0,2023-06-10,2023-06-27,10.0
276914,Scott Wright,Rangers FC,2022-23,FW,25,133,0,0,2023-06-10,2023-06-26,1.5
277777,Andriy Totovytskyi,FC Shakhtar Donetsk,2022-23,MF,30,16,0,0,2023-06-10,2023-06-21,0.7
279457,Ryan Kent,Rangers FC,2022-23,FW,26,510,0,0,2023-06-10,2023-06-26,9.0
281769,Mario Hermoso,Atlético de Madrid,2022-23,DF,27,157,1,0,2023-06-10,2023-06-13,20.0
281963,Lucas Hernández,Bayern Munich,2022-23,DF,27,174,1,0,2023-06-10,2023-06-22,45.0
282041,Presnel Kimpembe,Paris Saint-Germain,2022-23,DF,27,146,0,0,2023-06-10,2023-06-27,28.0
282388,Giovanni Simeone,SSC Napoli,2022-23,FW,27,260,4,0,2023-06-10,2023-06-15,15.0
282411,Marcos Llorente,Atlético de Madrid,2022-23,DF,28,213,0,0,2023-06-10,2023-06-13,35.0
283170,Iñaki Peña,FC Barcelona,2022-23,GK,24,90,0,0,2023-06-10,2023-06-13,4.0
283196,Kasper Dolberg,Sevilla FC,2022-23,FW,25,107,0,0,2023-06-10,2023-06-22,7.0
284165,Steven Bergwijn,Ajax Amsterdam,2022-23,FW,25,524,2,0,2023-06-10,2023-06-23,22.0
284730,Manuel Akanji,Manchester City,2022-23,DF,27,945,1,0,2023-06-10,2023-06-20,38.0
284857,Marc Cucurella,Chelsea FC,2022-23,DF,24,412,0,0,2023-06-10,2023-06-20,35.0
286384,Eric Bailly,Olympique Marseille,2022-23,DF,29,305,0,0,2023-06-10,2023-06-27,5.0
286415,Pau López,Olympique Marseille,2022-23,GK,28,540,0,0,2023-06-10,2023-06-27,14.0
288230,Ousmane Dembélé,FC Barcelona,2022-23,FW,26,415,1,2,2023-06-10,2023-06-13,60.0
288253,Jeremiah St. Juste,Sporting CP,2022-23,DF,26,190,0,0,2023-06-10,2023-06-16,13.0
289059,Mykola Matvienko,FC Shakhtar Donetsk,2022-23,DF,27,540,0,0,2023-06-10,2023-06-21,20.0
289075,Oleksandr Zubkov,FC Shakhtar Donetsk,2022-23,FW,26,369,2,0,2023-06-10,2023-06-21,5.0
290336,Rochinha,Sporting CP,2022-23,FW,28,17,0,0,2023-06-10,2023-06-16,2.0
290391,Nuno Santos,Sporting CP,2022-23,DF,28,299,1,0,2023-06-10,2023-06-16,14.0
291417,Ferland Mendy,Real Madrid,2022-23,DF,28,347,0,0,2023-06-10,2023-06-13,25.0
293385,Dani Olmo,RB Leipzig,2022-23,MF,25,62,0,1,2023-06-10,2023-06-22,40.0
294730,Bogdan Mykhaylichenko,FC Shakhtar Donetsk,2022-23,DF,26,360,0,2,2023-06-10,2023-06-21,4.0
294808,Franck Kessié,FC Barcelona,2022-23,MF,26,273,1,0,2023-06-10,2023-06-13,25.0
296422,Fodé Ballo-Touré,AC Milan,2022-23,DF,26,132,0,0,2023-06-10,2023-06-15,3.5
296622,Marco Asensio,Real Madrid,2022-23,MF,27,314,3,1,2023-06-10,2023-06-13,25.0
302371,Toni Martínez,FC Porto,2022-23,FW,25,106,0,0,2023-06-10,2023-06-16,7.0
303254,Fikayo Tomori,AC Milan,2022-23,DF,25,828,0,0,2023-06-10,2023-06-15,40.0
307058,Mehdi Taremi,FC Porto,2022-23,FW,30,615,5,2,2023-06-10,2023-06-16,18.0
309400,Kai Havertz,Chelsea FC,2022-23,FW,23,617,2,0,2023-06-10,2023-06-20,55.0
314353,Trent Alexander-Arnold,Liverpool FC,2022-23,DF,24,627,1,0,2023-06-10,2023-06-20,65.0
314367,Marcus Edwards,Sporting CP,2022-23,FW,24,358,2,2,2023-06-10,2023-06-16,30.0
314678,Brahim Díaz,AC Milan,2022-23,FW,23,607,1,0,2023-06-10,2023-06-15,20.0
315131,Timothy Fosu-Mensah,Bayer 04 Leverkusen,2022-23,DF,25,7,0,0,2023-06-10,2023-06-22,2.0
315779,Christian Pulisic,Chelsea FC,2022-23,FW,24,110,0,1,2023-06-10,2023-06-20,25.0
315853,Alessandro Bastoni,Inter Milan,2022-23,DF,24,991,0,3,2023-06-10,2023-06-15,60.0
315858,Gianluigi Donnarumma,Paris Saint-Germain,2022-23,GK,24,720,0,0,2023-06-10,2023-06-27,45.0
316125,Ben Chilwell,Chelsea FC,2022-23,DF,26,560,0,1,2023-06-10,2023-06-20,35.0
316889,Hirving Lozano,SSC Napoli,2022-23,FW,27,464,1,1,2023-06-10,2023-06-15,25.0
318204,David Raum,RB Leipzig,2022-23,DF,25,533,0,0,2023-06-10,2023-06-22,14.0
319745,Dani Ceballos,Real Madrid,2022-23,MF,26,79,0,0,2023-06-10,2023-06-13,12.0
321528,Denzel Dumfries,Inter Milan,2022-23,DF,27,888,1,0,2023-06-10,2023-06-15,28.0
323167,Matteo Gabbia,AC Milan,2022-23,DF,23,208,1,0,2023-06-10,2023-06-15,5.0
323831,Rafael Borré,Eintracht Frankfurt,2022-23,FW,27,221,0,0,2023-06-10,2023-06-22,9.0
325993,Oliver Abildgaard,Celtic FC,2022-23,MF,27,60,0,0,2023-06-10,2023-06-15,4.5
325994,Rasmus Lauritsen,GNK Dinamo Zagreb,2022-23,DF,27,14,0,0,2023-06-10,2023-06-26,3.0
326029,Donyell Malen,Borussia Dortmund,2022-23,FW,24,245,0,0,2023-06-10,2023-06-22,28.0
326031,Matthijs de Ligt,Bayern Munich,2022-23,DF,23,615,0,0,2023-06-10,2023-06-22,75.0
326330,Frenkie de Jong,FC Barcelona,2022-23,MF,26,235,0,0,2023-06-10,2023-06-13,75.0
329812,Jota,Celtic FC,2022-23,FW,24,285,2,0,2023-06-10,2023-06-26,13.0
332697,Weston McKennie,Juventus FC,2022-23,MF,24,360,2,0,2023-06-10,2023-06-20,18.0
332889,Valentin Rongier,Olympique Marseille,2022-23,MF,28,471,0,0,2023-06-10,2023-06-27,22.0
334526,Denis Zakaria,Chelsea FC,2022-23,MF,26,74,1,0,2023-06-10,2023-06-20,18.0
334557,Chiquinho,SL Benfica,2022-23,MF,27,403,0,1,2023-06-10,2023-06-16,6.0
338070,Konstantinos Tsimikas,Liverpool FC,2022-23,DF,27,342,0,2,2023-06-10,2023-06-20,18.0
338962,Alfredo Morelos,Rangers FC,2022-23,FW,26,257,0,0,2023-06-10,2023-06-26,6.0
339328,Owen Wijndal,Ajax Amsterdam,2022-23,DF,23,76,0,1,2023-06-10,2023-06-23,8.0
339808,Theo Hernández,AC Milan,2022-23,DF,25,948,0,2,2023-06-10,2023-06-15,60.0
340456,Noussair Mazraoui,Bayern Munich,2022-23,DF,25,394,0,0,2023-06-10,2023-06-22,28.0
340950,Diogo Jota,Liverpool FC,2022-23,FW,26,262,0,4,2023-06-10,2023-06-20,50.0
341049,Cameron Carter-Vickers,Celtic FC,2022-23,DF,25,360,0,0,2023-06-10,2023-06-26,13.0
341092,Federico Chiesa,Juventus FC,2022-23,FW,25,16,0,0,2023-06-10,2023-06-15,40.0
341424,Neven Djurasek,FC Shakhtar Donetsk,2022-23,MF,24,86,0,0,2023-06-10,2023-06-21,1.2
341429,Davinson Sánchez,Tottenham Hotspur,2022-23,DF,26,19,0,0,2023-06-10,2023-06-20,15.0
341647,Cengiz Ünder,Olympique Marseille,2022-23,FW,25,167,0,0,2023-06-10,2023-06-27,20.0
341705,Gerson,Olympique Marseille,2022-23,MF,26,122,0,0,2023-06-10,2023-07-25,15.0
342229,Kylian Mbappé,Paris Saint-Germain,2022-23,FW,24,652,7,3,2023-06-10,2023-06-27,180.0
343463,Cyle Larin,Club Brugge KV,2022-23,FW,28,11,0,0,2023-06-10,2023-06-13,8.0
344381,Christopher Nkunku,RB Leipzig,2022-23,FW,25,562,3,1,2023-06-10,2023-06-22,80.0
344519,Bruno Costa,FC Porto,2022-23,MF,26,71,0,0,2023-06-10,2023-06-16,1.5
344695,Dayot Upamecano,Bayern Munich,2022-23,DF,24,715,0,0,2023-06-10,2023-06-22,60.0
345760,David Turnbull,Celtic FC,2022-23,MF,23,97,0,0,2023-06-10,2023-06-26,3.5
346314,Trevoh Chalobah,Chelsea FC,2022-23,DF,23,437,0,0,2023-06-10,2023-06-20,18.0
346478,Japhet Tanganga,Tottenham Hotspur,2022-23,DF,24,17,0,0,2023-06-10,2023-06-20,7.0
346483,Mason Mount,Chelsea FC,2022-23,MF,24,438,0,4,2023-06-10,2023-06-20,60.0
346567,Luca Pellegrini,Eintracht Frankfurt,2022-23,DF,24,199,0,0,2023-06-10,2023-06-15,7.0
348026,Nordi Mukiele,Paris Saint-Germain,2022-23,DF,25,109,0,0,2023-06-10,2023-06-27,18.0
349300,Sead Haksabanovic,Celtic FC,2022-23,FW,24,226,0,0,2023-06-10,2023-06-26,4.0
350219,Fabián Ruiz,Paris Saint-Germain,2022-23,MF,27,237,0,0,2023-06-10,2023-06-27,32.0
351749,Kalvin Phillips,Manchester City,2022-23,MF,27,40,0,0,2023-06-10,2023-06-20,32.0
351816,Ismaël Bennacer,AC Milan,2022-23,MF,25,593,1,0,2023-06-10,2023-06-15,40.0
353366,Benjamin Pavard,Bayern Munich,2022-23,DF,27,593,2,0,2023-06-10,2023-06-22,40.0
354361,Frank Anguissa,SSC Napoli,2022-23,MF,27,653,1,3,2023-06-10,2023-06-15,40.0
354362,Rodrigo Bentancur,Tottenham Hotspur,2022-23,MF,25,506,1,0,2023-06-10,2023-06-20,40.0
355861,Arnaut Danjuma,Tottenham Hotspur,2022-23,FW,26,9,0,0,2023-06-10,2023-06-20,25.0
355915,Cristian Romero,Tottenham Hotspur,2022-23,DF,25,600,0,0,2023-06-10,2023-06-20,60.0
356044,Jorge Sánchez,Ajax Amsterdam,2022-23,DF,25,269,0,0,2023-06-10,2023-06-23,5.0
356141,Daichi Kamada,Eintracht Frankfurt,2022-23,MF,26,700,3,0,2023-06-10,2023-06-22,27.0
357119,Ibrahima Konaté,Liverpool FC,2022-23,DF,24,259,0,0,2023-06-10,2023-06-20,38.0
357153,Diogo Costa,FC Porto,2022-23,GK,23,720,0,1,2023-06-10,2023-06-16,45.0
357162,Florentino,SL Benfica,2022-23,MF,23,861,0,0,2023-06-10,2023-06-16,20.0
357164,Rafael Leão,AC Milan,2022-23,FW,24,915,1,5,2023-06-10,2023-06-15,90.0
357498,Dušan Vlahović,Juventus FC,2022-23,FW,23,413,1,1,2023-06-10,2023-06-15,70.0
357565,Rodri,Manchester City,2022-23,MF,26,996,2,0,2023-06-10,2023-06-20,90.0
357992,Raoul Bellanova,Inter Milan,2022-23,MF,23,118,0,0,2023-06-10,2023-06-15,5.0
358008,Gianluca Gaetano,SSC Napoli,2022-23,MF,23,28,0,0,2023-06-10,2023-06-15,4.5
359247,Maryan Shved,FC Shakhtar Donetsk,2022-23,FW,25,189,2,0,2023-06-10,2023-06-21,1.2
361065,Mitchel Bakker,Bayer 04 Leverkusen,2022-23,MF,22,338,0,0,2023-06-10,2023-06-22,9.0
361104,Sergiño Dest,AC Milan,2022-23,DF,22,188,0,0,2023-06-10,2023-06-15,10.0
361254,Rafa Mir,Sevilla FC,2022-23,FW,25,155,1,0,2023-06-10,2023-06-13,10.0
362562,Greg Taylor,Celtic FC,2022-23,DF,25,540,0,0,2023-06-10,2023-06-26,6.5
362842,Arthur Melo,Liverpool FC,2022-23,MF,26,13,0,0,2023-06-10,2023-06-20,15.0
362977,Josip Juranovic,Celtic FC,2022-23,DF,27,540,0,0,2023-06-10,2023-06-22,12.0
364135,Moise Kean,Juventus FC,2022-23,FW,23,107,1,0,2023-06-10,2023-06-15,18.0
366278,Rodrigo Pinho,SL Benfica,2022-23,FW,32,14,0,0,2023-06-10,2023-07-25,1.3
366930,Sergio Gómez,Manchester City,2022-23,DF,22,306,0,0,2023-06-10,2023-06-20,13.0
367284,Leo Østigård,SSC Napoli,2022-23,DF,23,196,1,0,2023-06-10,2023-06-15,7.0
369081,Federico Valverde,Real Madrid,2022-23,MF,24,968,2,3,2023-06-10,2023-06-13,100.0
370789,Julian Ryerson,Borussia Dortmund,2022-23,DF,25,17,0,0,2023-06-10,2023-06-22,13.0
371149,Evan Ndicka,Eintracht Frankfurt,2022-23,DF,23,720,0,1,2023-06-10,2023-06-22,28.0
371998,Vinicius Junior,Real Madrid,2022-23,FW,22,976,7,5,2023-06-10,2023-06-13,150.0
372246,Carlos Soler,Paris Saint-Germain,2022-23,MF,26,155,1,0,2023-06-10,2023-06-27,25.0
372711,Amine Harit,Olympique Marseille,2022-23,FW,25,379,1,3,2023-06-10,2023-06-27,12.0
374954,Kristijan Jakic,Eintracht Frankfurt,2022-23,MF,26,620,0,0,2023-06-10,2023-06-22,7.0
376514,Mathías Olivera,SSC Napoli,2022-23,DF,25,512,0,2,2023-06-10,2023-06-15,18.0
378710,Richarlison,Tottenham Hotspur,2022-23,FW,26,365,2,0,2023-06-10,2023-06-20,48.0
379249,Matheus Reis,Sporting CP,2022-23,DF,28,508,0,0,2023-06-10,2023-06-16,8.0
381950,Alexis Saelemaekers,AC Milan,2022-23,MF,23,372,2,0,2023-06-10,2023-06-15,15.0
387110,Petar Musa,SL Benfica,2022-23,FW,25,125,2,0,2023-06-10,2023-06-16,7.0
387928,Lucas Taylor,FC Shakhtar Donetsk,2022-23,DF,28,310,0,0,2023-06-10,2023-06-21,0.8
388198,Nico Schlotterbeck,Borussia Dortmund,2022-23,DF,23,559,0,0,2023-06-10,2023-06-22,40.0
392538,Tommaso Pobega,AC Milan,2022-23,MF,23,153,1,0,2023-06-10,2023-06-15,14.0
392767,Danny Namaso,FC Porto,2022-23,FW,22,51,0,0,2023-06-10,2023-06-16,5.0
392768,Callum Hudson-Odoi,Bayer 04 Leverkusen,2022-23,FW,22,468,1,0,2023-06-10,2023-06-22,15.0
392775,Ryan Sessegnon,Tottenham Hotspur,2022-23,DF,23,154,0,0,2023-06-10,2023-06-20,18.0
393321,James Sands,Rangers FC,2022-23,MF,22,325,0,0,2023-06-10,2023-08-22,2.5
395516,Moussa Diaby,Bayer 04 Leverkusen,2022-23,FW,23,510,2,0,2023-06-10,2023-06-22,50.0
396394,Valeriy Bondar,FC Shakhtar Donetsk,2022-23,DF,24,540,0,0,2023-06-10,2023-06-21,5.0
397033,Sandro Tonali,AC Milan,2022-23,MF,23,1054,0,3,2023-06-10,2023-06-15,50.0
397225,Alessandro Zanoli,SSC Napoli,2022-23,DF,22,10,0,0,2023-06-10,2023-06-15,6.0
398073,Achraf Hakimi,Paris Saint-Germain,2022-23,DF,24,580,0,2,2023-06-10,2023-06-27,65.0
398184,Ferran Torres,FC Barcelona,2022-23,FW,23,184,3,1,2023-06-10,2023-06-13,30.0
400489,Eljif Elmas,SSC Napoli,2022-23,MF,23,279,0,0,2023-06-10,2023-06-15,26.0
401356,Edson Álvarez,Ajax Amsterdam,2022-23,MF,25,533,1,0,2023-06-10,2023-06-23,35.0
401530,Éder Militão,Real Madrid,2022-23,DF,25,748,1,0,2023-06-10,2023-06-13,70.0
401534,Arthur Gomes,Sporting CP,2022-23,FW,24,110,2,0,2023-06-10,2023-06-16,3.0
401578,Exequiel Palacios,Bayer 04 Leverkusen,2022-23,MF,24,90,0,0,2023-06-10,2023-06-22,22.0
401923,Victor Osimhen,SSC Napoli,2022-23,FW,24,423,5,0,2023-06-10,2023-06-15,120.0
402008,Amadou Haidara,RB Leipzig,2022-23,MF,25,340,0,0,2023-06-10,2023-06-22,17.0
402733,Gonzalo Montiel,Sevilla FC,2022-23,DF,26,226,1,0,2023-06-10,2023-06-13,12.0
403568,Stephen Welsh,Celtic FC,2022-23,DF,23,90,0,0,2023-06-10,2023-06-26,1.0
404384,Rabbi Matondo,Rangers FC,2022-23,FW,22,92,0,1,2023-06-10,2023-06-26,2.0
404839,Andriy Lunin,Real Madrid,2022-23,GK,24,180,0,0,2023-06-10,2023-06-13,5.0
405885,Giacomo Raspadori,SSC Napoli,2022-23,FW,23,250,4,3,2023-06-10,2023-06-15,35.0
406625,Lautaro Martínez,Inter Milan,2022-23,FW,25,1002,3,3,2023-06-10,2023-06-15,85.0
406634,Matt O'Riley,Celtic FC,2022-23,MF,22,485,0,0,2023-06-10,2023-06-26,9.0
406635,Phil Foden,Manchester City,2022-23,MF,23,380,1,1,2023-06-10,2023-06-20,110.0
406638,Oliver Skipp,Tottenham Hotspur,2022-23,MF,22,209,0,0,2023-06-10,2023-06-20,15.0
410425,Yves Bissouma,Tottenham Hotspur,2022-23,MF,26,89,0,0,2023-06-10,2023-06-20,18.0
411295,Raphinha,FC Barcelona,2022-23,FW,26,298,0,2,2023-06-10,2023-06-13,60.0
411662,Lucas Veríssimo,SL Benfica,2022-23,DF,27,4,0,0,2023-06-10,2023-06-16,6.0
411975,Jules Koundé,FC Barcelona,2022-23,DF,24,248,0,1,2023-06-10,2023-06-13,60.0
412363,Rodrygo,Real Madrid,2022-23,FW,22,825,5,2,2023-06-10,2023-06-13,100.0
412669,Francisco Trincão,Sporting CP,2022-23,MF,23,388,2,0,2023-06-10,2023-06-16,15.0
413112,Aurélien Tchouaméni,Real Madrid,2022-23,MF,23,430,0,0,2023-06-10,2023-06-13,85.0
417228,Danylo Sikan,FC Shakhtar Donetsk,2022-23,FW,22,101,0,1,2023-06-10,2023-06-21,4.0
418560,Erling Haaland,Manchester City,2022-23,FW,22,846,12,1,2023-06-10,2023-06-20,180.0
420243,Jurriën Timber,Ajax Amsterdam,2022-23,DF,21,530,0,0,2023-06-10,2023-06-23,42.0
420931,Daizen Maeda,Celtic FC,2022-23,FW,25,333,0,0,2023-06-10,2023-06-26,6.0
424042,Nahuel Molina,Atlético de Madrid,2022-23,DF,25,468,0,0,2023-06-10,2023-06-13,35.0
424204,Alphonso Davies,Bayern Munich,2022-23,DF,22,603,0,2,2023-06-10,2023-06-22,70.0
424784,Luis Suárez (424784),Olympique Marseille,2022-23,FW,25,113,0,0,2023-06-10,2023-06-13,8.0
426213,Rodrigo Conceição,FC Porto,2022-23,DF,23,2,0,0,2023-06-10,2023-06-16,1.0
426620,Pedro Gonçalves,Sporting CP,2022-23,FW,24,364,0,1,2023-06-10,2023-06-16,32.0
428791,Paulinho (428791),Bayer 04 Leverkusen,2022-23,FW,22,46,0,0,2023-06-10,2023-07-25,10.0
429874,Ansgar Knauff,Eintracht Frankfurt,2022-23,FW,21,290,0,1,2023-06-10,2023-06-22,8.0
431755,Dejan Kulusevski,Tottenham Hotspur,2022-23,MF,23,200,0,0,2023-06-10,2023-06-20,50.0
432090,Nicolò Fagioli,Juventus FC,2022-23,MF,22,108,0,0,2023-06-10,2023-06-15,35.0
433049,Youssef En-Nesyri,Sevilla FC,2022-23,FW,26,248,2,0,2023-06-10,2023-06-13,20.0
433188,Curtis Jones,Liverpool FC,2022-23,MF,22,100,0,0,2023-06-10,2023-06-20,22.0
433584,Alessio Zerbin,SSC Napoli,2022-23,MF,24,53,0,0,2023-06-10,2023-06-15,4.0
434675,Cody Gakpo,Liverpool FC,2022-23,FW,24,154,0,0,2023-06-10,2023-06-20,55.0
435772,Charles De Ketelaere,AC Milan,2022-23,MF,22,235,0,0,2023-06-10,2023-06-15,22.0
439022,Marcão,Sevilla FC,2022-23,DF,27,225,0,0,2023-06-10,2023-06-13,7.5
442531,Edouard Mendy,Chelsea FC,2022-23,GK,31,90,0,0,2023-06-10,2023-06-20,12.0
448466,Jovane Cabral,Sporting CP,2022-23,FW,24,12,0,0,2023-06-10,2023-06-16,3.5
448470,André Franco,FC Porto,2022-23,MF,25,19,0,0,2023-06-10,2023-06-16,3.5
449151,Junior Messias,AC Milan,2022-23,FW,32,311,1,0,2023-06-10,2023-06-15,4.5
450936,Tanguy Ndombélé,SSC Napoli,2022-23,MF,26,368,1,1,2023-06-10,2023-06-15,22.0
451276,Dominik Szoboszlai,RB Leipzig,2022-23,MF,22,657,1,2,2023-06-10,2023-06-22,50.0
452607,Alexander Bah,SL Benfica,2022-23,DF,25,657,0,2,2023-06-10,2023-06-16,14.0
454121,Galeno,FC Porto,2022-23,FW,25,568,2,3,2023-06-10,2023-06-16,20.0
456492,Faride Alidou,Eintracht Frankfurt,2022-23,FW,21,69,1,0,2023-06-10,2023-06-22,2.5
460245,Moritz Jenz,Celtic FC,2022-23,DF,24,540,0,0,2023-06-10,2023-06-22,7.5
461883,Calvin Bassey,Ajax Amsterdam,2022-23,DF,23,540,0,2,2023-06-10,2023-06-23,15.0
462250,João Félix,Chelsea FC,2022-23,FW,23,463,0,0,2023-06-10,2023-06-20,50.0
465830,Mattéo Guendouzi,Olympique Marseille,2022-23,MF,24,419,2,0,2023-06-10,2023-06-27,25.0
466794,Eric García,FC Barcelona,2022-23,DF,22,222,0,1,2023-06-10,2023-06-13,10.0
466806,Álvaro Sanz,FC Barcelona,2022-23,MF,22,12,0,0,2023-06-10,2023-06-14,0.7
466810,Ansu Fati,FC Barcelona,2022-23,FW,20,239,0,0,2023-06-10,2023-06-13,35.0
467250,Yukhym Konoplya,FC Shakhtar Donetsk,2022-23,DF,23,419,0,0,2023-06-10,2023-06-21,4.0
467437,Malik Tillman,Rangers FC,2022-23,MF,21,246,0,0,2023-06-10,2023-06-26,5.0
467720,Youssoufa Moukoko,Borussia Dortmund,2022-23,FW,18,241,0,1,2023-06-10,2023-06-22,30.0
469822,David Neres,SL Benfica,2022-23,FW,26,444,3,1,2023-06-10,2023-06-16,25.0
470394,Kenneth Taylor,Ajax Amsterdam,2022-23,MF,21,421,0,1,2023-06-10,2023-06-23,12.0
472423,Reece James,Chelsea FC,2022-23,DF,23,692,1,1,2023-06-10,2023-06-20,65.0
473169,Brian Brobbey,Ajax Amsterdam,2022-23,FW,21,111,0,0,2023-06-10,2023-06-23,12.0
475411,Wesley Fofana,Chelsea FC,2022-23,DF,22,398,1,0,2023-06-10,2023-06-20,55.0
475959,Josko Gvardiol,RB Leipzig,2022-23,DF,21,540,2,0,2023-06-10,2023-06-22,75.0
476344,Emerson Royal,Tottenham Hotspur,2022-23,DF,24,544,0,0,2023-06-10,2023-06-20,20.0
476701,Manuel Ugarte,Sporting CP,2022-23,MF,22,468,0,0,2023-06-10,2023-06-16,50.0
477930,Rıdvan Yılmaz,Rangers FC,2022-23,DF,22,90,0,0,2023-06-10,2023-06-26,4.5
478573,Ryan Gravenberch,Bayern Munich,2022-23,MF,21,250,0,0,2023-06-10,2023-06-22,30.0
479649,Gonçalo Borges,FC Porto,2022-23,FW,22,36,0,0,2023-06-10,2023-06-16,2.0
480267,Ronald Araujo,FC Barcelona,2022-23,DF,24,90,0,0,2023-06-10,2023-06-13,70.0
480692,Luis Díaz,Liverpool FC,2022-23,FW,26,270,1,1,2023-06-10,2023-06-20,75.0
481688,Sotiris Alexandropoulos,Sporting CP,2022-23,MF,21,119,0,0,2023-06-10,2023-06-16,3.0
482573,Antonios Papadopoulos,Borussia Dortmund,2022-23,DF,23,8,0,0,2023-06-10,2023-06-13,0.6
483046,Josip Stanisic,Bayern Munich,2022-23,DF,23,346,0,0,2023-06-10,2023-06-22,12.0
484547,Jeremie Frimpong,Bayer 04 Leverkusen,2022-23,DF,22,375,0,2,2023-06-10,2023-06-22,40.0
485729,Fashion Sakala,Rangers FC,2022-23,FW,26,235,0,0,2023-06-10,2023-06-26,5.5
485963,Pape Gueye,Olympique Marseille,2022-23,MF,24,34,0,0,2023-06-10,2023-06-13,10.0
487469,Vitinha,Paris Saint-Germain,2022-23,MF,23,589,0,0,2023-06-10,2023-06-27,42.0
487474,Francisco Conceição,Ajax Amsterdam,2022-23,FW,20,13,1,0,2023-06-10,2023-06-23,8.0
487969,Randal Kolo Muani,Eintracht Frankfurt,2022-23,FW,24,521,2,0,2023-06-10,2023-06-22,80.0
488362,Conor Gallagher,Chelsea FC,2022-23,MF,23,297,0,0,2023-06-10,2023-06-20,32.0
489463,Kyogo Furuhashi,Celtic FC,2022-23,FW,28,361,0,1,2023-06-10,2023-06-26,14.0
492319,Franco Israel,Sporting CP,2022-23,GK,23,154,0,0,2023-06-10,2023-06-16,2.5
496094,Karim Adeyemi,Borussia Dortmund,2022-23,FW,21,379,2,0,2023-06-10,2023-06-22,40.0
496656,Reo Hatate,Celtic FC,2022-23,MF,25,454,0,1,2023-06-10,2023-06-26,11.0
498237,David Carmo,FC Porto,2022-23,DF,23,450,0,0,2023-06-10,2023-06-16,14.0
502670,Khvicha Kvaratskhelia,SSC Napoli,2022-23,FW,22,700,2,4,2023-06-10,2023-06-15,85.0
503482,Min-jae Kim,SSC Napoli,2022-23,DF,26,786,0,0,2023-06-10,2023-06-15,60.0
504215,Giovanni Reyna,Borussia Dortmund,2022-23,MF,20,383,0,2,2023-06-10,2023-06-22,25.0
509022,Federico Gatti,Juventus FC,2022-23,DF,24,180,0,0,2023-06-10,2023-06-15,12.0
512913,Stephen Eustaquio,FC Porto,2022-23,MF,26,598,2,0,2023-06-10,2023-06-16,12.0
513245,Jesper Lindstrøm,Eintracht Frankfurt,2022-23,FW,23,513,1,0,2023-06-10,2023-06-22,28.0
516716,Bremer,Juventus FC,2022-23,DF,26,270,0,0,2023-06-10,2023-06-15,40.0
517894,Matheus Cunha,Atlético de Madrid,2022-23,FW,24,117,0,0,2023-06-10,2023-06-20,25.0
519514,Liel Abada,Celtic FC,2022-23,FW,21,220,0,0,2023-06-10,2023-06-26,7.5
520662,Pepê,FC Porto,2022-23,FW,26,690,0,0,2023-06-10,2023-06-16,25.0
521964,Malick Thiaw,AC Milan,2022-23,DF,21,275,0,0,2023-06-10,2023-06-15,20.0
524315,Hidemasa Morita,Sporting CP,2022-23,MF,28,334,0,1,2023-06-10,2023-06-16,12.0
532776,Amine Adli,Bayer 04 Leverkusen,2022-23,FW,23,118,0,0,2023-06-10,2023-06-22,20.0
535955,Nuno Tavares,Olympique Marseille,2022-23,DF,23,540,0,0,2023-06-10,2023-06-27,18.0
536482,Junior Dina Ebimbe,Eintracht Frankfurt,2022-23,MF,22,240,0,0,2023-06-10,2023-06-22,10.0
537382,Bryan Gil,Tottenham Hotspur,2022-23,FW,22,37,0,0,2023-06-10,2023-06-13,15.0
537602,João Mário (537602),FC Porto,2022-23,DF,23,271,0,0,2023-06-10,2023-06-16,16.0
537844,Anatoliy Trubin,FC Shakhtar Donetsk,2022-23,GK,21,540,0,0,2023-06-10,2023-06-21,22.0
537852,Dmytro Kryskiv,FC Shakhtar Donetsk,2022-23,MF,22,9,0,0,2023-06-10,2023-06-21,1.8
537854,Artem Bondarenko,FC Shakhtar Donetsk,2022-23,MF,22,487,0,0,2023-06-10,2023-06-21,8.0
537860,Mykhaylo Mudryk,FC Shakhtar Donetsk,2022-23,FW,22,612,3,2,2023-06-10,2023-06-20,50.0
538996,Tanguy Nianzou,Sevilla FC,2022-23,DF,21,180,1,0,2023-06-10,2023-06-13,7.5
543499,Mohammed Kudus,Ajax Amsterdam,2022-23,FW,22,452,4,2,2023-06-10,2023-06-23,40.0
543771,Kristjan Asllani,Inter Milan,2022-23,MF,21,125,0,0,2023-06-10,2023-06-15,12.0
544784,Zaidu Sanusi,FC Porto,2022-23,DF,25,588,1,0,2023-06-10,2023-06-16,8.0
546213,Tuta,Eintracht Frankfurt,2022-23,DF,23,600,0,0,2023-06-10,2023-06-22,15.0
546543,Darwin Núñez,Liverpool FC,2022-23,FW,23,401,4,0,2023-06-10,2023-06-20,65.0
549006,Gonçalo Inácio,Sporting CP,2022-23,DF,21,540,0,0,2023-06-10,2023-06-16,30.0
550550,Gonçalo Ramos,SL Benfica,2022-23,FW,21,719,3,3,2023-06-10,2023-06-16,50.0
551695,Lassina Traoré,FC Shakhtar Donetsk,2022-23,FW,22,243,1,0,2023-06-10,2023-06-21,7.0
552057,Adam Hlozek,Bayer 04 Leverkusen,2022-23,FW,20,275,0,1,2023-06-10,2023-06-22,18.0
553875,Pedro Porro,Sporting CP,2022-23,DF,23,428,0,1,2023-06-10,2023-06-20,40.0
557407,Devyne Rensch,Ajax Amsterdam,2022-23,DF,20,288,0,0,2023-06-10,2023-06-23,8.0
559263,Fábio Carvalho,Liverpool FC,2022-23,MF,20,113,0,0,2023-06-10,2023-06-20,16.0
559327,Youri Baas,Ajax Amsterdam,2022-23,DF,20,39,0,0,2023-06-10,2023-06-23,0.9
563139,José Marsà,Sporting CP,2022-23,DF,21,100,0,0,2023-06-10,2023-06-14,2.0
564529,Victor Kristiansen,FC Copenhagen,2022-23,DF,20,482,0,0,2023-06-10,2023-06-20,12.0
564545,Edmond Tapsoba,Bayer 04 Leverkusen,2022-23,DF,24,351,0,0,2023-06-10,2023-06-22,30.0
565822,Harvey Elliott,Liverpool FC,2022-23,MF,20,394,2,0,2023-06-10,2023-06-20,35.0
568177,Cole Palmer,Manchester City,2022-23,MF,21,137,0,0,2023-06-10,2023-06-20,15.0
568693,Pape Matar Sarr,Tottenham Hotspur,2022-23,MF,20,90,0,0,2023-06-10,2023-06-20,15.0
569939,Tommaso Barbieri,Juventus FC,2022-23,DF,20,2,0,0,2023-06-10,2023-06-19,1.2
571299,Hrvoje Smolcic,Eintracht Frankfurt,2022-23,DF,22,120,0,0,2023-06-10,2023-06-22,4.0
571607,Fabio Miretti,Juventus FC,2022-23,MF,19,212,0,0,2023-06-10,2023-06-15,15.0
571743,Armando Broja,Chelsea FC,2022-23,FW,21,111,0,0,2023-06-10,2023-06-20,28.0
574385,Mohamed Daramy,FC Copenhagen,2022-23,FW,21,447,0,0,2023-06-10,2023-06-26,6.0
575998,Leonardo Balerdi,Olympique Marseille,2022-23,DF,24,490,1,0,2023-06-10,2023-06-27,10.0
576024,Julián Alvarez,Manchester City,2022-23,FW,23,468,3,2,2023-06-10,2023-06-20,60.0
580195,Jamal Musiala,Bayern Munich,2022-23,MF,20,532,0,2,2023-06-10,2023-06-22,110.0
581672,Samuel Iling-Junior,Juventus FC,2022-23,MF,19,20,0,1,2023-06-10,2023-06-15,9.0
581678,Jude Bellingham,Borussia Dortmund,2022-23,MF,19,630,4,1,2023-06-10,2023-06-22,120.0
585949,Pierre Kalulu,AC Milan,2022-23,DF,23,750,0,0,2023-06-10,2023-06-15,30.0
616341,Nuno Mendes,Paris Saint-Germain,2022-23,DF,20,441,1,0,2023-06-10,2023-06-27,65.0
623325,Georgiy Sudakov,FC Shakhtar Donetsk,2022-23,MF,20,486,0,2,2023-06-10,2023-06-21,11.0
627221,Gabriel Veron,FC Porto,2022-23,FW,20,44,0,0,2023-06-10,2023-06-16,11.0
633650,Leon King,Rangers FC,2022-23,DF,19,373,0,0,2023-06-10,2023-06-26,0.8
633652,Calvin Ramsay,Liverpool FC,2022-23,DF,19,3,0,0,2023-06-10,2023-06-20,5.0
633753,Alex Lowry,Rangers FC,2022-23,MF,19,6,0,0,2023-06-10,2023-06-26,0.25
636688,Alejandro Balde,FC Barcelona,2022-23,DF,19,167,0,0,2023-06-10,2023-06-13,50.0
636695,Marc Casadó,FC Barcelona,2022-23,MF,19,23,0,0,2023-06-10,2023-06-30,0.3
640428,Eduardo Camavinga,Real Madrid,2022-23,MF,20,721,0,1,2023-06-10,2023-06-13,85.0
644771,Odilon Kossounou,Bayer 04 Leverkusen,2022-23,DF,22,429,0,0,2023-06-10,2023-06-22,18.0
646740,Gavi,FC Barcelona,2022-23,MF,18,331,0,0,2023-06-10,2023-06-13,90.0
648195,Enzo Fernández,SL Benfica,2022-23,MF,22,763,0,2,2023-06-10,2023-06-20,80.0
649452,Issa Kaboré,Olympique Marseille,2022-23,DF,22,106,0,0,2023-06-10,2023-06-27,7.0
650568,António Silva,SL Benfica,2022-23,DF,19,896,2,0,2023-06-10,2023-06-16,45.0
659513,Soumaïla Coulibaly,Borussia Dortmund,2022-23,DF,19,17,0,0,2023-06-10,2023-06-13,1.0
659813,Piero Hincapié,Bayer 04 Leverkusen,2022-23,DF,21,450,0,0,2023-06-10,2023-06-22,35.0
666234,Mohamed Simakan,RB Leipzig,2022-23,DF,23,514,1,3,2023-06-10,2023-06-22,25.0
668587,Nazinho,Sporting CP,2022-23,DF,19,118,0,0,2023-06-10,2023-06-16,1.0
668951,Matías Soulé,Juventus FC,2022-23,FW,20,41,0,0,2023-06-10,2023-06-15,4.0
670103,Andreas Schjelderup,SL Benfica,2022-23,FW,19,1,0,0,2023-06-10,2023-06-16,9.0
670681,João Neves,SL Benfica,2022-23,MF,18,27,0,1,2023-06-10,2023-06-16,10.0
670717,Dário Essugo,Sporting CP,2022-23,MF,18,27,0,0,2023-06-10,2023-06-16,2.0
670882,Jamie Gittens,Borussia Dortmund,2022-23,FW,18,37,0,0,2023-06-10,2023-06-22,14.0
671915,Enzo Barrenechea,Juventus FC,2022-23,MF,22,2,0,0,2023-06-10,2023-06-15,0.9
673492,Morato,SL Benfica,2022-23,DF,21,106,0,0,2023-06-10,2023-06-16,13.0
683840,Pedri,FC Barcelona,2022-23,MF,20,404,0,0,2023-06-10,2023-06-13,100.0
701057,Rico Lewis,Manchester City,2022-23,DF,18,118,1,0,2023-06-10,2023-06-20,20.0
708241,Oleg Ocheretko,FC Shakhtar Donetsk,2022-23,MF,20,12,0,0,2023-06-10,2023-06-21,0.7
709726,Hugo Ekitiké,Paris Saint-Germain,2022-23,FW,20,58,0,0,2023-06-10,2023-06-27,20.0
711337,Evanilson,FC Porto,2022-23,FW,23,519,1,1,2023-06-10,2023-06-16,22.0
711625,José Ángel Carmona,Sevilla FC,2022-23,DF,21,450,0,0,2023-06-10,2023-06-13,4.0
719635,Alexandro Bernabei,Celtic FC,2022-23,DF,22,10,0,0,2023-06-10,2023-06-26,2.5
720038,Pablo Torre,FC Barcelona,2022-23,MF,20,95,1,0,2023-06-10,2023-06-13,3.0
723733,Bernardo Folha,FC Porto,2022-23,MF,21,6,0,0,2023-06-10,2023-06-16,1.0
766583,Kike Salas,Sevilla FC,2022-23,DF,21,180,0,0,2023-06-10,2023-06-14,1.0
775605,Pablo Barrios,Atlético de Madrid,2022-23,MF,19,5,0,0,2023-06-10,2023-06-13,5.0
787618,Valentín Carboni,Inter Milan,2022-23,MF,18,14,0,0,2023-06-10,2023-06-15,5.0
787912,El Chadaille Bitshiabu,Paris Saint-Germain,2022-23,DF,18,45,0,0,2023-06-10,2023-06-27,7.0
798043,Tom Rothe,Borussia Dortmund,2022-23,DF,18,59,0,0,2023-06-10,2023-06-22,3.5
801734,Mathys Tel,Bayern Munich,2022-23,FW,18,140,0,0,2023-06-10,2023-06-22,20.0
810092,Warren Zaïre-Emery,Paris Saint-Germain,2022-23,MF,17,82,0,0,2023-06-10,2023-06-27,20.0
864121,Abdul Fatawu,Sporting CP,2022-23,FW,19,87,0,0,2023-06-10,2023-06-16,4.0
864799,Stefan Bajcetic,Liverpool FC,2022-23,MF,18,108,0,0,2023-06-10,2023-06-20,13.0
880245,Mateus Fernandes,Sporting CP,2022-23,MF,18,29,0,0,2023-06-10,2023-06-16,1.5
900909,Paul Wanner,Bayern Munich,2022-23,MF,17,34,0,0,2023-06-10,2023-06-22,3.0
14132,Pepe,FC Porto,2023-24,DF,41,660,2,0,2024-06-01,2024-06-06,0.5
15956,Jesús Navas,Sevilla FC,2023-24,MF,38,220,0,0,2024-06-01,2024-06-07,2.5
25557,Sergio Ramos,Sevilla FC,2023-24,DF,38,450,2,1,2024-06-01,2024-06-07,2.5
27992,Luka Modrić,Real Madrid,2023-24,MF,38,414,0,0,2024-06-01,2024-06-07,6.0
29364,João Moutinho,SC Braga,2023-24,MF,37,290,0,0,2024-06-01,2024-06-06,0.8
31909,Toni Kroos,Real Madrid,2023-24,MF,34,863,0,2,2024-06-01,2024-06-07,10.0
32467,Ivan Rakitic,Sevilla FC,2023-24,MF,36,459,0,3,2024-06-01,2024-06-04,3.5
33829,José Fonte,SC Braga,2023-24,DF,40,360,0,0,2024-06-01,2024-06-06,0.1
35047,Axel Witsel,Atlético de Madrid,2023-24,MF,35,888,0,0,2024-06-01,2024-06-07,3.5
38253,Robert Lewandowski,FC Barcelona,2023-24,FW,35,736,3,1,2024-06-01,2024-06-07,15.0
40433,Alexis Sánchez,Inter Milan,2023-24,FW,35,335,2,0,2024-06-01,2024-06-05,2.5
41384,Marko Arnautovic,Inter Milan,2023-24,FW,35,192,2,0,2024-06-01,2024-06-05,4.0
42205,Yann Sommer,Inter Milan,2023-24,GK,35,660,0,0,2024-06-01,2024-06-05,5.0
42710,Toby Alderweireld,Royal Antwerp FC,2023-24,DF,35,450,0,0,2024-06-01,2024-06-04,2.8
45320,Ángel Di María,SL Benfica,2023-24,FW,36,416,1,1,2024-06-01,2024-06-06,3.0
48859,Simon Kjær,AC Milan,2023-24,DF,35,1,0,0,2024-06-01,2024-06-05,1.5
51174,Fernando (51174),Sevilla FC,2023-24,MF,36,330,0,0,2024-06-01,2024-06-17,2.0
53622,İlkay Gündoğan,FC Barcelona,2023-24,MF,33,835,0,4,2024-06-01,2024-06-07,15.0
54781,Nicolás Otamendi,SL Benfica,2023-24,DF,36,540,0,1,2024-06-01,2024-06-06,1.0
54906,Matteo Darmian,Inter Milan,2023-24,DF,34,405,0,0,2024-06-01,2024-06-05,4.0
55687,Ritchie De Laet,Royal Antwerp FC,2023-24,DF,35,224,0,0,2024-06-01,2024-06-04,0.3
55735,Henrikh Mkhitaryan,Inter Milan,2023-24,MF,35,521,0,0,2024-06-01,2024-06-05,6.0
57500,César Azpilicueta,Atlético de Madrid,2023-24,DF,34,288,0,0,2024-06-01,2024-06-07,2.0
58267,Castro,SC Braga,2023-24,MF,36,4,1,0,2024-06-01,2024-06-06,0.2
58884,Nacho Fernández,Real Madrid,2023-24,DF,34,981,0,0,2024-06-01,2024-06-07,3.0
59016,David Alaba,Real Madrid,2023-24,DF,31,251,0,1,2024-06-01,2024-06-07,20.0
59970,Taras Stepanenko,FC Shakhtar Donetsk,2023-24,MF,34,498,0,1,2024-06-01,2024-06-06,2.5
60410,Marcos Acuña,Sevilla FC,2023-24,DF,32,197,0,1,2024-06-01,2024-06-07,4.0
64339,Pizzi,SC Braga,2023-24,MF,34,49,0,0,2024-06-01,2024-06-06,0.8
65278,Pedro,Società Sportiva Lazio S.p.A.,2023-24,FW,36,187,2,0,2024-06-01,2024-06-05,1.0
66100,Oriol Romeu,FC Barcelona,2023-24,MF,32,343,0,0,2024-06-01,2024-06-07,2.0
69642,Nicolai Boilesen,FC Copenhagen,2023-24,DF,32,92,0,0,2024-06-01,2024-06-10,0.3
73517,Ørjan Nyland,Sevilla FC,2023-24,GK,33,180,0,0,2024-06-01,2024-06-07,1.4
74229,Koke,Atlético de Madrid,2023-24,MF,32,771,0,1,2024-06-01,2024-06-07,12.0
74294,Nemanja Gudelj,Sevilla FC,2023-24,MF,32,540,2,0,2024-06-01,2024-06-07,3.5
74857,Marc-André ter Stegen,FC Barcelona,2023-24,GK,32,720,0,0,2024-06-01,2024-06-07,28.0
81999,Joselu,Real Madrid,2023-24,FW,34,273,5,0,2024-06-01,2024-06-07,5.0
82442,Olivier Giroud,AC Milan,2023-24,FW,37,512,1,1,2024-06-01,2024-06-05,3.0
85370,Sergi Roberto,FC Barcelona,2023-24,MF,32,202,0,1,2024-06-01,2024-06-07,2.5
86202,Antonio Rüdiger,Real Madrid,2023-24,DF,31,1039,0,2,2024-06-01,2024-06-07,25.0
87884,Mário Rui,SSC Napoli,2023-24,DF,33,214,0,0,2024-06-01,2024-06-05,3.5
89200,Rasmus Falk,FC Copenhagen,2023-24,MF,32,630,0,1,2024-06-01,2024-06-10,0.85
89222,Yaroslav Rakitskyi,FC Shakhtar Donetsk,2023-24,DF,34,345,1,0,2024-06-01,2024-06-06,1.0
91970,Juan Cuadrado,Inter Milan,2023-24,MF,36,113,0,0,2024-06-01,2024-06-05,1.0
94308,Marko Dmitrovic,Sevilla FC,2023-24,GK,32,360,0,0,2024-06-01,2024-06-07,0.9
104918,Christian Sørensen,FC Copenhagen,2023-24,DF,31,42,0,0,2024-06-01,2024-06-10,0.5
105521,Ciro Immobile,Società Sportiva Lazio S.p.A.,2023-24,FW,34,507,4,0,2024-06-01,2024-06-05,4.0
107010,Stefan Savic,Atlético de Madrid,2023-24,DF,33,414,0,0,2024-06-01,2024-06-07,2.5
108390,Thibaut Courtois,Real Madrid,2023-24,GK,32,90,0,0,2024-06-01,2024-06-07,28.0
111051,Nampalys Mendy,RC Lens,2023-24,MF,31,373,0,0,2024-06-01,2024-06-03,3.0
111078,Emil Forsberg,RB Leipzig,2023-24,FW,32,412,1,0,2024-06-01,2024-06-13,5.0
111196,Stefan de Vrij,Inter Milan,2023-24,DF,32,498,0,0,2024-06-01,2024-06-05,7.0
111630,Erik Lamela,Sevilla FC,2023-24,FW,32,186,0,0,2024-06-01,2024-06-07,2.0
111961,Suso,Sevilla FC,2023-24,MF,30,82,0,0,2024-06-01,2024-06-07,4.0
112515,Marcos Alonso,FC Barcelona,2023-24,DF,33,139,0,0,2024-06-01,2024-06-07,2.0
116598,Viktor Claesson,FC Copenhagen,2023-24,FW,32,481,0,0,2024-06-01,2024-06-10,4.5
121483,Jan Oblak,Atlético de Madrid,2023-24,GK,31,930,0,0,2024-06-01,2024-06-07,28.0
121985,Juan Jesus,SSC Napoli,2023-24,DF,32,430,0,0,2024-06-01,2024-06-05,2.5
125781,Antoine Griezmann,Atlético de Madrid,2023-24,FW,33,823,6,1,2024-06-01,2024-06-07,25.0
126414,Hakan Çalhanoğlu,Inter Milan,2023-24,MF,30,513,1,0,2024-06-01,2024-06-05,45.0
126557,Jonathan Gradit,RC Lens,2023-24,DF,31,512,0,0,2024-06-01,2024-06-03,4.5
126719,Juan Bernat,SL Benfica,2023-24,DF,31,111,0,0,2024-06-01,2024-06-06,4.0
126729,Patric,Società Sportiva Lazio S.p.A.,2023-24,DF,31,369,0,0,2024-06-01,2024-06-05,4.0
127048,Cédric Bakambu,Galatasaray,2023-24,FW,33,37,1,0,2024-06-01,2024-06-07,2.5
128220,Luis Alberto,Società Sportiva Lazio S.p.A.,2023-24,MF,31,647,0,1,2024-06-01,2024-06-05,11.0
128223,Álvaro Morata,Atlético de Madrid,2023-24,FW,31,668,5,1,2024-06-01,2024-06-07,16.0
130365,Alessandro Florenzi,AC Milan,2023-24,DF,33,157,0,0,2024-06-01,2024-06-05,2.0
131075,Francesco Acerbi,Inter Milan,2023-24,DF,36,421,0,1,2024-06-01,2024-06-05,3.5
138927,Daniel Carvajal,Real Madrid,2023-24,DF,32,846,1,1,2024-06-01,2024-06-07,12.0
139396,Bruma,SC Braga,2023-24,FW,29,371,2,1,2024-06-01,2024-06-06,7.0
141050,Danilo Pereira,Paris Saint-Germain,2023-24,DF,32,159,0,0,2024-06-01,2024-06-03,8.0
143812,Matías Vecino,Società Sportiva Lazio S.p.A.,2023-24,MF,32,473,1,0,2024-06-01,2024-06-05,2.5
146889,Peter Ankersen,FC Copenhagen,2023-24,DF,33,464,0,0,2024-06-01,2024-06-10,0.3
148928,Saúl Ñíguez,Atlético de Madrid,2023-24,MF,29,431,1,0,2024-06-01,2024-06-07,7.5
149729,João Mário (149729),SL Benfica,2023-24,MF,31,326,3,0,2024-06-01,2024-06-06,4.0
155025,Fábio Cardoso,FC Porto,2023-24,DF,30,270,0,0,2024-06-01,2024-06-06,3.5
158863,Iñigo Martínez,FC Barcelona,2023-24,DF,33,318,0,0,2024-06-01,2024-06-07,5.0
159372,Felipe Anderson,Società Sportiva Lazio S.p.A.,2023-24,FW,31,546,0,1,2024-06-01,2024-06-05,8.0
165895,Matteo Politano,SSC Napoli,2023-24,FW,30,582,1,2,2024-06-01,2024-06-05,13.0
167105,Lukas Lerager,FC Copenhagen,2023-24,MF,30,540,3,1,2024-06-01,2024-06-10,3.0
167850,Memphis Depay,Atlético de Madrid,2023-24,FW,30,102,1,0,2024-06-01,2024-06-07,10.0
169880,Giovanni Di Lorenzo,SSC Napoli,2023-24,DF,30,720,1,1,2024-06-01,2024-06-05,15.0
170929,Massadio Haïdara,RC Lens,2023-24,DF,31,115,0,0,2024-06-01,2024-06-03,2.0
174694,Rony Lopes,SC Braga,2023-24,FW,28,2,0,0,2024-06-01,2024-06-06,2.5
177547,Matheus,SC Braga,2023-24,GK,32,540,0,0,2024-06-01,2024-06-06,6.0
181136,Piotr Zielinski,SSC Napoli,2023-24,MF,30,471,1,1,2024-06-01,2024-06-05,22.0
181767,Marquinhos,Paris Saint-Germain,2023-24,DF,30,900,0,1,2024-06-01,2024-06-03,50.0
182712,João Cancelo,FC Barcelona,2023-24,DF,30,810,2,1,2024-06-01,2024-06-07,25.0
182906,Mike Maignan,AC Milan,2023-24,GK,28,531,0,0,2024-06-01,2024-06-05,38.0
182916,Wesley Saïd,RC Lens,2023-24,FW,29,52,0,0,2024-06-01,2024-06-03,4.0
182932,Davy Klaassen,Inter Milan,2023-24,MF,31,82,0,0,2024-06-01,2024-06-05,4.0
186644,Mohamed Elyounoussi,FC Copenhagen,2023-24,FW,29,688,3,0,2024-06-01,2024-06-10,6.0
188888,Sheraldo Becker,1.FC Union Berlin,2023-24,FW,29,426,2,0,2024-06-01,2024-06-07,10.0
189441,Lucas Ocampos,Sevilla FC,2023-24,FW,29,346,1,0,2024-06-01,2024-06-07,9.0
191056,Brice Samba,RC Lens,2023-24,GK,30,540,0,0,2024-06-01,2024-06-03,15.0
192279,Kepa Arrizabalaga,Real Madrid,2023-24,GK,29,360,0,0,2024-06-01,2024-06-07,12.0
192616,Ulisses Garcia,BSC Young Boys,2023-24,DF,28,505,0,0,2024-06-01,2024-06-03,4.0
192735,Stanislav Lobotka,SSC Napoli,2023-24,MF,29,681,0,0,2024-06-01,2024-06-05,28.0
196948,Andreas Christensen,FC Barcelona,2023-24,DF,28,440,1,0,2024-06-01,2024-06-07,40.0
197747,Alessio Romagnoli,Società Sportiva Lazio S.p.A.,2023-24,DF,29,540,0,1,2024-06-01,2024-06-05,15.0
197929,Ivan Provedel,Società Sportiva Lazio S.p.A.,2023-24,GK,30,720,1,0,2024-06-01,2024-06-05,14.0
198008,André Silva,Real Sociedad,2023-24,FW,28,92,0,0,2024-06-01,2024-06-07,6.0
198116,Federico Dimarco,Inter Milan,2023-24,DF,26,365,1,0,2024-06-01,2024-06-05,50.0
199733,Danilo Cataldi,Società Sportiva Lazio S.p.A.,2023-24,MF,29,156,0,0,2024-06-01,2024-06-05,5.5
199976,Marco Sportiello,AC Milan,2023-24,GK,32,9,0,0,2024-06-01,2024-06-05,1.5
200056,Elseid Hysaj,Società Sportiva Lazio S.p.A.,2023-24,DF,30,343,0,0,2024-06-01,2024-06-05,2.5
202886,Ruben Loftus-Cheek,AC Milan,2023-24,MF,28,325,0,0,2024-06-01,2024-06-05,25.0
203412,Andreas Cornelius,FC Copenhagen,2023-24,FW,31,79,0,0,2024-06-01,2024-06-10,1.0
203746,Ruben Aguilar,RC Lens,2023-24,DF,31,99,0,0,2024-06-01,2024-06-03,5.0
204069,Milan Škriniar,Paris Saint-Germain,2023-24,DF,29,539,1,0,2024-06-01,2024-06-03,30.0
207015,Vincent Janssen,Royal Antwerp FC,2023-24,FW,29,411,1,0,2024-06-01,2024-06-04,8.0
212723,Djibril Sow,Sevilla FC,2023-24,MF,27,373,0,0,2024-06-01,2024-06-07,9.0
212862,Álex Remiro,Real Sociedad,2023-24,GK,29,720,0,0,2024-06-01,2024-06-07,25.0
214775,Óliver Torres,Sevilla FC,2023-24,MF,29,100,0,0,2024-06-01,2024-06-07,6.0
215977,Adrien Thomasson,RC Lens,2023-24,MF,30,224,1,0,2024-06-01,2024-06-03,5.0
216464,Carlos Fernández,Real Sociedad,2023-24,FW,28,64,0,0,2024-06-01,2024-06-07,1.5
221316,Lucas Vázquez,Real Madrid,2023-24,DF,32,373,0,1,2024-06-01,2024-06-07,4.0
222813,Marko Grujić,FC Porto,2023-24,MF,28,47,0,0,2024-06-01,2024-06-06,6.0
223367,Fredrik Aursnes,SL Benfica,2023-24,MF,28,540,0,1,2024-06-01,2024-06-06,20.0
225020,Mariano Díaz,Sevilla FC,2023-24,FW,30,60,0,0,2024-06-01,2024-06-07,1.5
225122,Gonçalo Guedes,SL Benfica,2023-24,FW,27,27,0,0,2024-06-01,2024-06-07,15.0
228433,Wendell,FC Porto,2023-24,DF,30,389,0,0,2024-06-01,2024-06-06,7.0
229804,Aritz Elustondo,Real Sociedad,2023-24,DF,30,170,0,0,2024-06-01,2024-06-07,5.0
238055,Rafa Silva,SL Benfica,2023-24,FW,31,506,2,0,2024-06-01,2024-06-06,14.0
239743,Przemyslaw Frankowski,RC Lens,2023-24,DF,29,528,1,2,2024-06-01,2024-06-03,9.0
239802,Adam Marusic,Società Sportiva Lazio S.p.A.,2023-24,DF,31,514,0,0,2024-06-01,2024-06-05,5.0
239962,Denis Vavro,FC Copenhagen,2023-24,DF,28,708,0,0,2024-06-01,2024-06-10,4.0
240414,Alex Meret,SSC Napoli,2023-24,GK,27,720,0,0,2024-06-01,2024-06-05,12.0
240692,Reinildo Mandava,Atlético de Madrid,2023-24,DF,30,22,0,0,2024-06-01,2024-06-07,9.0
250013,Angelo Fulgini,RC Lens,2023-24,MF,27,289,2,0,2024-06-01,2024-06-03,7.0
250845,José María Giménez,Atlético de Madrid,2023-24,DF,29,482,0,1,2024-06-01,2024-06-07,22.0
255901,Rodrigo De Paul,Atlético de Madrid,2023-24,MF,30,616,1,0,2024-06-01,2024-06-07,30.0
255906,Scott McKenna,FC Copenhagen,2023-24,DF,27,180,0,0,2024-06-01,2024-06-10,9.0
255942,Nicolò Barella,Inter Milan,2023-24,MF,27,468,0,1,2024-06-01,2024-06-05,80.0
256339,Emil Audero,Inter Milan,2023-24,GK,27,90,0,0,2024-06-01,2024-06-05,5.0
257462,Luka Jović,AC Milan,2023-24,FW,26,30,0,0,2024-06-01,2024-06-05,7.0
257732,Amir Rrahmani,SSC Napoli,2023-24,DF,30,553,1,0,2024-06-01,2024-06-05,15.0
258015,Diogo Gonçalves,FC Copenhagen,2023-24,FW,27,537,2,1,2024-06-01,2024-06-10,5.5
261927,Ricardo Horta,SC Braga,2023-24,FW,29,503,0,2,2024-06-01,2024-06-06,15.0
262523,Davide Calabria,AC Milan,2023-24,DF,27,429,0,1,2024-06-01,2024-06-05,13.0
263236,Kevin Danso,RC Lens,2023-24,DF,25,540,0,0,2024-06-01,2024-06-03,25.0
263727,Joan Jordán,Sevilla FC,2023-24,MF,29,81,0,0,2024-06-01,2024-06-07,3.5
266807,Ángel Correa,Atlético de Madrid,2023-24,FW,29,318,1,0,2024-06-01,2024-06-07,18.0
268112,Gyrano Kerk,Royal Antwerp FC,2023-24,FW,28,206,0,0,2024-06-01,2024-06-04,2.2
277179,Angeliño,Galatasaray,2023-24,DF,27,427,0,0,2024-06-01,2024-06-05,8.0
280730,Álvaro Odriozola,Real Sociedad,2023-24,DF,28,96,0,0,2024-06-01,2024-06-07,2.5
281769,Mario Hermoso,Atlético de Madrid,2023-24,DF,28,818,1,1,2024-06-01,2024-06-07,25.0
281963,Lucas Hernández,Paris Saint-Germain,2023-24,DF,28,842,1,0,2024-06-01,2024-06-03,40.0
282250,Birger Meling,FC Copenhagen,2023-24,DF,29,192,0,1,2024-06-01,2024-06-10,3.5
282388,Giovanni Simeone,SSC Napoli,2023-24,FW,28,94,1,0,2024-06-01,2024-06-05,10.0
282411,Marcos Llorente,Atlético de Madrid,2023-24,DF,29,649,0,1,2024-06-01,2024-06-07,30.0
283170,Iñaki Peña,FC Barcelona,2023-24,GK,25,180,0,0,2024-06-01,2024-06-07,8.0
283735,Mattia Zaccagni,Società Sportiva Lazio S.p.A.,2023-24,FW,28,464,0,0,2024-06-01,2024-06-05,20.0
288230,Ousmane Dembélé,Paris Saint-Germain,2023-24,FW,27,954,2,2,2024-06-01,2024-06-03,60.0
289059,Mykola Matvienko,FC Shakhtar Donetsk,2023-24,DF,28,450,1,0,2024-06-01,2024-06-06,18.0
289075,Oleksandr Zubkov,FC Shakhtar Donetsk,2023-24,FW,27,535,0,2,2024-06-01,2024-06-06,7.0
290537,Jean Butez,Royal Antwerp FC,2023-24,GK,28,450,0,0,2024-06-01,2024-06-04,8.0
291417,Ferland Mendy,Real Madrid,2023-24,DF,28,872,0,0,2024-06-01,2024-06-07,22.0
293385,Dani Olmo,RB Leipzig,2023-24,MF,26,181,1,0,2024-06-01,2024-07-18,60.0
295414,Adrián Marín,SC Braga,2023-24,DF,27,20,0,0,2024-06-01,2024-06-06,1.5
296622,Marco Asensio,Paris Saint-Germain,2023-24,MF,28,119,0,0,2024-06-01,2024-06-03,20.0
297070,Hamari Traoré,Real Sociedad,2023-24,DF,32,530,0,0,2024-06-01,2024-06-07,6.0
300716,Kieran Tierney,Real Sociedad,2023-24,DF,26,66,0,0,2024-06-01,2024-06-07,12.0
302371,Toni Martínez,FC Porto,2023-24,FW,26,6,0,0,2024-06-01,2024-06-06,5.0
303254,Fikayo Tomori,AC Milan,2023-24,DF,26,540,0,0,2024-06-01,2024-06-05,40.0
303259,Dodi Lukébakio,Sevilla FC,2023-24,FW,26,247,0,0,2024-06-01,2024-06-07,12.0
307058,Mehdi Taremi,FC Porto,2023-24,FW,31,546,2,2,2024-06-01,2024-06-06,10.0
308552,Jordan Larsson,FC Copenhagen,2023-24,FW,26,101,0,0,2024-06-01,2024-06-10,2.5
309110,Brais Méndez,Real Sociedad,2023-24,MF,27,532,3,1,2024-06-01,2024-06-07,40.0
314678,Brahim Díaz,Real Madrid,2023-24,FW,24,319,2,1,2024-06-01,2024-06-07,40.0
315125,Javairô Dilrosun,Feyenoord Rotterdam,2023-24,FW,25,11,0,0,2024-06-01,2024-06-14,4.0
315779,Christian Pulisic,AC Milan,2023-24,FW,25,442,1,0,2024-06-01,2024-06-05,40.0
315853,Alessandro Bastoni,Inter Milan,2023-24,DF,25,501,0,0,2024-06-01,2024-06-05,70.0
315858,Gianluigi Donnarumma,Paris Saint-Germain,2023-24,GK,25,1080,0,0,2024-06-01,2024-06-03,40.0
318528,Marcus Thuram,Inter Milan,2023-24,FW,26,458,1,1,2024-06-01,2024-06-05,65.0
319745,Dani Ceballos,Real Madrid,2023-24,MF,27,153,1,0,2024-06-01,2024-06-07,6.0
321528,Denzel Dumfries,Inter Milan,2023-24,DF,28,322,0,1,2024-06-01,2024-06-05,24.0
326330,Frenkie de Jong,FC Barcelona,2023-24,MF,27,395,0,0,2024-06-01,2024-06-07,70.0
331401,Manuel Lazzari,Società Sportiva Lazio S.p.A.,2023-24,DF,30,423,0,0,2024-06-01,2024-06-05,4.0
332560,Deiver Machado,RC Lens,2023-24,DF,30,371,0,0,2024-06-01,2024-06-03,4.0
335209,Kevin Diks,FC Copenhagen,2023-24,DF,27,708,0,0,2024-06-01,2024-06-10,4.0
337715,Umar Sadiq,Real Sociedad,2023-24,FW,27,100,0,0,2024-06-01,2024-06-07,10.0
338424,Mikel Merino,Real Sociedad,2023-24,MF,27,630,2,1,2024-06-01,2024-06-07,50.0
339328,Owen Wijndal,Royal Antwerp FC,2023-24,DF,24,452,0,0,2024-06-01,2024-06-04,5.5
339808,Theo Hernández,AC Milan,2023-24,DF,26,540,0,1,2024-06-01,2024-06-05,60.0
340376,Abel Ruiz,SC Braga,2023-24,FW,24,211,0,0,2024-06-01,2024-06-06,12.0
341264,Fran García,Real Madrid,2023-24,DF,24,188,0,1,2024-06-01,2024-06-07,15.0
341429,Davinson Sánchez,Galatasaray,2023-24,DF,27,360,0,2,2024-06-01,2024-07-19,18.0
342229,Kylian Mbappé,Paris Saint-Germain,2023-24,FW,25,1080,8,0,2024-06-01,2024-06-03,180.0
344605,Boubakary Soumaré,Sevilla FC,2023-24,MF,25,215,0,0,2024-06-01,2024-06-07,14.0
344869,Simon Banza,SC Braga,2023-24,FW,27,341,0,1,2024-06-01,2024-06-06,18.0
345449,Kamil Piątkowski,Fußballclub Red Bull Salzburg,2023-24,DF,23,181,0,0,2024-06-01,2024-06-07,2.5
346551,Kamil Grabara,FC Copenhagen,2023-24,GK,25,720,0,0,2024-06-01,2024-06-10,12.0
346567,Luca Pellegrini,Società Sportiva Lazio S.p.A.,2023-24,DF,25,160,0,0,2024-06-01,2024-06-05,3.5
346890,Noah Okafor,AC Milan,2023-24,FW,24,34,0,1,2024-06-01,2024-06-05,20.0
348026,Nordi Mukiele,Paris Saint-Germain,2023-24,DF,26,55,0,0,2024-06-01,2024-06-03,10.0
350219,Fabián Ruiz,Paris Saint-Germain,2023-24,MF,28,621,0,2,2024-06-01,2024-06-03,30.0
351478,Mikel Oyarzabal,Real Sociedad,2023-24,FW,27,589,2,0,2024-06-01,2024-06-07,45.0
351809,Robin Le Normand,Real Sociedad,2023-24,DF,27,573,0,0,2024-06-01,2024-06-07,40.0
353366,Benjamin Pavard,Inter Milan,2023-24,DF,28,480,0,0,2024-06-01,2024-06-05,50.0
354361,Frank Anguissa,SSC Napoli,2023-24,MF,28,628,1,1,2024-06-01,2024-06-05,27.0
354726,Florian Sotoca,RC Lens,2023-24,FW,33,468,0,1,2024-06-01,2024-06-03,3.0
355628,Igor Zubeldia,Real Sociedad,2023-24,DF,27,694,0,0,2024-06-01,2024-06-07,22.0
356044,Jorge Sánchez,FC Porto,2023-24,DF,26,181,0,0,2024-06-01,2024-06-06,3.5
356099,Cristián Borja,SC Braga,2023-24,DF,31,520,0,0,2024-06-01,2024-06-06,2.5
356141,Daichi Kamada,Società Sportiva Lazio S.p.A.,2023-24,MF,27,256,0,0,2024-06-01,2024-06-05,18.0
357153,Diogo Costa,FC Porto,2023-24,GK,24,750,0,0,2024-06-01,2024-06-06,40.0
357162,Florentino,SL Benfica,2023-24,MF,24,111,0,0,2024-06-01,2024-06-06,20.0
357164,Rafael Leão,AC Milan,2023-24,FW,24,442,1,0,2024-06-01,2024-06-05,90.0
357565,Rodri,Manchester City,2023-24,MF,27,698,1,3,2024-06-01,2024-07-18,130.0
358008,Gianluca Gaetano,SSC Napoli,2023-24,MF,24,21,0,0,2024-06-01,2024-06-05,6.0
358032,Cyril Ngonge,SSC Napoli,2023-24,FW,24,1,0,0,2024-06-01,2024-06-05,12.0
359247,Maryan Shved,FC Shakhtar Donetsk,2023-24,FW,26,4,0,0,2024-06-01,2024-06-06,1.2
361068,Jurgen Ekkelenkamp,Royal Antwerp FC,2023-24,MF,24,275,0,0,2024-06-01,2024-06-04,4.5
361254,Rafa Mir,Sevilla FC,2023-24,FW,26,36,0,0,2024-06-01,2024-06-07,2.5
367284,Leo Østigård,SSC Napoli,2023-24,DF,24,186,1,0,2024-06-01,2024-06-05,8.0
369081,Federico Valverde,Real Madrid,2023-24,MF,25,1067,1,1,2024-06-01,2024-06-07,120.0
371998,Vinicius Junior,Real Madrid,2023-24,FW,23,902,6,5,2024-06-01,2024-06-07,180.0
372246,Carlos Soler,Paris Saint-Germain,2023-24,MF,27,8,0,0,2024-06-01,2024-06-03,20.0
375383,Romário Baró,FC Porto,2023-24,MF,24,64,0,0,2024-06-01,2024-06-06,1.5
376514,Mathías Olivera,SSC Napoli,2023-24,DF,26,326,0,0,2024-06-01,2024-06-05,15.0
387110,Petar Musa,SL Benfica,2023-24,FW,26,232,0,0,2024-06-01,2024-06-13,8.0
389837,Nicolò Casale,Società Sportiva Lazio S.p.A.,2023-24,DF,26,180,0,0,2024-06-01,2024-06-05,14.0
390638,Arthur Cabral,SL Benfica,2023-24,FW,26,120,1,0,2024-06-01,2024-06-06,14.0
391065,Hamed Traoré,SSC Napoli,2023-24,FW,24,100,0,0,2024-06-01,2024-06-05,17.0
392538,Tommaso Pobega,AC Milan,2023-24,MF,24,149,0,0,2024-06-01,2024-06-05,10.0
392767,Danny Namaso,FC Porto,2023-24,FW,23,13,0,0,2024-06-01,2024-06-06,5.0
394300,Davide Frattesi,Inter Milan,2023-24,MF,24,449,1,3,2024-06-01,2024-06-05,35.0
395236,Yacine Adli,AC Milan,2023-24,MF,23,122,0,0,2024-06-01,2024-06-05,15.0
396394,Valeriy Bondar,FC Shakhtar Donetsk,2023-24,DF,25,360,0,0,2024-06-01,2024-06-06,5.0
397225,Alessandro Zanoli,SSC Napoli,2023-24,DF,23,3,0,0,2024-06-01,2024-06-05,5.0
398073,Achraf Hakimi,Paris Saint-Germain,2023-24,DF,25,983,1,1,2024-06-01,2024-06-03,60.0
398184,Ferran Torres,FC Barcelona,2023-24,FW,24,376,3,1,2024-06-01,2024-06-07,30.0
401530,Éder Militão,Real Madrid,2023-24,DF,26,12,0,0,2024-06-01,2024-06-07,60.0
401922,Samuel Chukwueze,AC Milan,2023-24,FW,25,165,2,0,2024-06-01,2024-06-05,20.0
401923,Victor Osimhen,SSC Napoli,2023-24,FW,25,460,2,1,2024-06-01,2024-06-05,100.0
404839,Andriy Lunin,Real Madrid,2023-24,GK,25,750,0,0,2024-06-01,2024-06-07,25.0
404849,Oleksiy Kashchuk,FC Shakhtar Donetsk,2023-24,FW,23,25,0,0,2024-06-01,2024-06-06,1.8
405398,Takefusa Kubo,Real Sociedad,2023-24,FW,22,563,0,1,2024-06-01,2024-06-07,50.0
405885,Giacomo Raspadori,SSC Napoli,2023-24,FW,24,250,1,0,2024-06-01,2024-06-05,25.0
406625,Lautaro Martínez,Inter Milan,2023-24,FW,26,531,2,0,2024-06-01,2024-06-05,110.0
411295,Raphinha,FC Barcelona,2023-24,FW,27,473,3,4,2024-06-01,2024-06-07,50.0
411975,Jules Koundé,FC Barcelona,2023-24,DF,25,720,0,0,2024-06-01,2024-06-07,45.0
412363,Rodrygo,Real Madrid,2023-24,FW,23,1023,5,3,2024-06-01,2024-06-07,110.0
413112,Aurélien Tchouaméni,Real Madrid,2023-24,MF,24,605,0,0,2024-06-01,2024-06-07,100.0
413118,Sikou Niakaté,SC Braga,2023-24,DF,24,390,1,0,2024-06-01,2024-06-06,6.0
417228,Danylo Sikan,FC Shakhtar Donetsk,2023-24,FW,23,480,4,1,2024-06-01,2024-06-06,7.0
423440,Martín Zubimendi,Real Sociedad,2023-24,MF,25,713,0,0,2024-06-01,2024-06-07,50.0
424042,Nahuel Molina,Atlético de Madrid,2023-24,DF,26,792,0,2,2024-06-01,2024-06-07,28.0
430190,Yegor Nazaryna,FC Shakhtar Donetsk,2023-24,MF,26,202,0,1,2024-06-01,2024-06-06,1.5
433049,Youssef En-Nesyri,Sevilla FC,2023-24,FW,27,514,2,1,2024-06-01,2024-06-07,20.0
441986,Yann Bisseck,Inter Milan,2023-24,DF,23,171,0,1,2024-06-01,2024-06-05,16.0
448470,André Franco,FC Porto,2023-24,MF,26,240,0,0,2024-06-01,2024-06-06,3.0
448628,Javi Galán,Real Sociedad,2023-24,DF,29,251,0,0,2024-06-01,2024-06-07,7.0
452607,Alexander Bah,SL Benfica,2023-24,DF,26,194,0,0,2024-06-01,2024-06-06,13.0
454121,Galeno,FC Porto,2023-24,FW,26,653,5,3,2024-06-01,2024-06-06,25.0
454567,Orkun Kökçü,SL Benfica,2023-24,MF,23,264,0,0,2024-06-01,2024-06-06,27.0
460378,Jelle Bataille,Royal Antwerp FC,2023-24,DF,25,410,0,1,2024-06-01,2024-06-04,4.5
460939,Tijjani Reijnders,AC Milan,2023-24,MF,25,479,0,0,2024-06-01,2024-06-05,30.0
461617,Rodrigo Riquelme,Atlético de Madrid,2023-24,FW,24,317,0,0,2024-06-01,2024-06-07,25.0
462250,João Félix,FC Barcelona,2023-24,FW,24,368,3,1,2024-06-01,2024-06-07,30.0
462823,Gustav Isaksen,Società Sportiva Lazio S.p.A.,2023-24,FW,23,243,0,2,2024-06-01,2024-06-05,12.0
464598,Casper Tengstedt,SL Benfica,2023-24,FW,24,136,0,1,2024-06-01,2024-06-06,5.0
465830,Mattéo Guendouzi,Società Sportiva Lazio S.p.A.,2023-24,MF,25,492,0,1,2024-06-01,2024-06-05,25.0
466805,Nico González (466805),FC Porto,2023-24,MF,22,220,0,0,2024-06-01,2024-06-06,15.0
467250,Yukhym Konoplya,FC Shakhtar Donetsk,2023-24,DF,24,256,0,1,2024-06-01,2024-06-06,6.0
468066,Jens Cajuste,SSC Napoli,2023-24,MF,24,157,0,0,2024-06-01,2024-06-05,10.0
469822,David Neres,SL Benfica,2023-24,FW,27,177,0,0,2024-06-01,2024-06-06,25.0
474800,Facundo Medina,RC Lens,2023-24,DF,25,495,0,1,2024-06-01,2024-06-03,25.0
476701,Manuel Ugarte,Paris Saint-Germain,2023-24,MF,23,392,0,0,2024-06-01,2024-06-03,45.0
479638,Tiago Gouveia,SL Benfica,2023-24,FW,22,29,0,0,2024-06-01,2024-06-06,5.0
479649,Gonçalo Borges,FC Porto,2023-24,FW,23,32,0,0,2024-06-01,2024-06-06,3.0
480267,Ronald Araujo,FC Barcelona,2023-24,DF,25,659,0,0,2024-06-01,2024-06-07,70.0
480705,Cherif Ndiaye,Red Star Belgrade,2023-24,FW,28,360,1,0,2024-06-01,2024-06-10,3.5
480762,Lisandro Martínez,Manchester United,2023-24,DF,26,90,0,0,2024-06-01,2024-07-19,50.0
487469,Vitinha,Paris Saint-Germain,2023-24,MF,24,914,2,1,2024-06-01,2024-06-03,50.0
487474,Francisco Conceição,FC Porto,2023-24,FW,21,238,1,1,2024-06-01,2024-06-06,22.0
487969,Randal Kolo Muani,Paris Saint-Germain,2023-24,FW,25,473,1,0,2024-06-01,2024-06-03,45.0
489929,Magnus Mattsson,FC Copenhagen,2023-24,MF,25,113,1,0,2024-06-01,2024-06-10,3.5
495601,Víctor Gómez,SC Braga,2023-24,DF,24,314,0,0,2024-06-01,2024-06-06,8.0
500067,Chidera Ejuke,Royal Antwerp FC,2023-24,FW,26,153,0,0,2024-06-01,2024-06-04,6.0
501418,Adrià Pedrosa,Sevilla FC,2023-24,DF,26,329,0,0,2024-06-01,2024-06-07,6.0
502239,Michel-Ange Balikwisha,Royal Antwerp FC,2023-24,FW,23,387,1,0,2024-06-01,2024-06-04,9.0
502670,Khvicha Kvaratskhelia,SSC Napoli,2023-24,FW,23,672,0,1,2024-06-01,2024-06-05,80.0
503883,Senne Lammens,Royal Antwerp FC,2023-24,GK,21,90,0,0,2024-06-01,2024-06-04,1.5
503991,Yunus Musah,AC Milan,2023-24,MF,21,352,0,0,2024-06-01,2024-06-05,22.0
504087,Tomás Araújo,SL Benfica,2023-24,DF,22,158,0,0,2024-06-01,2024-06-06,7.0
512913,Stephen Eustaquio,FC Porto,2023-24,MF,27,534,1,1,2024-06-01,2024-06-06,11.0
513245,Jesper Lindstrøm,SSC Napoli,2023-24,FW,24,60,0,0,2024-06-01,2024-06-05,22.0
517842,Aihen Muñoz,Real Sociedad,2023-24,DF,26,474,0,1,2024-06-01,2024-06-07,8.0
520662,Pepê,FC Porto,2023-24,FW,27,644,1,2,2024-06-01,2024-06-06,30.0
521964,Malick Thiaw,AC Milan,2023-24,DF,22,368,0,0,2024-06-01,2024-06-05,25.0
522784,Taty Castellanos,Società Sportiva Lazio S.p.A.,2023-24,FW,25,213,0,1,2024-06-01,2024-06-05,15.0
525704,Nicolò Rovella,Società Sportiva Lazio S.p.A.,2023-24,MF,22,136,0,0,2024-06-01,2024-06-05,18.0
530696,Irakli Azarovi,FC Shakhtar Donetsk,2023-24,DF,22,295,0,1,2024-06-01,2024-06-06,5.0
537602,João Mário (537602),FC Porto,2023-24,DF,24,595,0,1,2024-06-01,2024-06-06,15.0
537844,Anatoliy Trubin,SL Benfica,2023-24,GK,22,540,0,0,2024-06-01,2024-06-06,25.0
537852,Dmytro Kryskiv,FC Shakhtar Donetsk,2023-24,MF,23,391,0,0,2024-06-01,2024-06-06,7.0
537854,Artem Bondarenko,FC Shakhtar Donetsk,2023-24,MF,23,220,0,0,2024-06-01,2024-06-06,9.0
538996,Tanguy Nianzou,Sevilla FC,2023-24,DF,21,31,0,0,2024-06-01,2024-06-07,3.0
540056,Giorgi Gocholeishvili,FC Shakhtar Donetsk,2023-24,DF,23,284,0,1,2024-06-01,2024-06-06,2.5
541537,Barış Alper Yılmaz,Galatasaray,2023-24,FW,24,121,0,1,2024-06-01,2024-07-18,20.0
543771,Kristjan Asllani,Inter Milan,2023-24,MF,22,202,0,0,2024-06-01,2024-06-05,18.0
544784,Zaidu Sanusi,FC Porto,2023-24,DF,26,308,0,0,2024-06-01,2024-06-06,3.0
550550,Gonçalo Ramos,Paris Saint-Germain,2023-24,FW,22,211,0,0,2024-06-01,2024-06-03,50.0
553062,Vítor Carvalho,SC Braga,2023-24,MF,27,266,0,0,2024-06-01,2024-06-06,5.0
555143,Arsen Zakharyan,Real Sociedad,2023-24,MF,21,217,0,0,2024-06-01,2024-06-07,18.0
557149,Kang-in Lee,Paris Saint-Germain,2023-24,MF,23,342,1,1,2024-06-01,2024-06-03,25.0
579284,Joe Mendes,SC Braga,2023-24,DF,21,205,0,0,2024-06-01,2024-06-06,3.0
580195,Jamal Musiala,Bayern Munich,2023-24,MF,21,883,2,2,2024-06-01,2024-07-18,130.0
580560,Jon Pacheco,Real Sociedad,2023-24,DF,23,120,0,0,2024-06-01,2024-06-07,15.0
581678,Jude Bellingham,Real Madrid,2023-24,MF,20,994,4,5,2024-06-01,2024-06-07,180.0
585949,Pierre Kalulu,AC Milan,2023-24,DF,23,90,0,0,2024-06-01,2024-06-05,20.0
585982,Carlos Augusto,Inter Milan,2023-24,DF,25,474,0,0,2024-06-01,2024-06-05,22.0
597880,Dmytro Riznyk,FC Shakhtar Donetsk,2023-24,GK,25,540,0,0,2024-06-01,2024-06-06,7.0
600481,Alhassan Yusuf,Royal Antwerp FC,2023-24,MF,23,379,1,1,2024-06-01,2024-06-04,5.0
606752,Rodrigo Zalazar,SC Braga,2023-24,MF,24,397,0,1,2024-06-01,2024-06-06,12.0
607224,Hannibal,Manchester United,2023-24,MF,21,61,0,0,2024-06-01,2024-06-07,9.0
610335,Iván Jaime,FC Porto,2023-24,MF,23,89,0,0,2024-06-01,2024-06-06,8.0
610440,Valdemar Lund,FC Copenhagen,2023-24,DF,21,27,0,0,2024-06-01,2024-06-12,1.4
614988,Ilias Kostis,Atlético de Madrid,2023-24,DF,21,1,0,0,2024-06-01,2024-06-24,0.3
616341,Nuno Mendes,Paris Saint-Germain,2023-24,DF,21,422,0,0,2024-06-01,2024-06-03,55.0
616369,Ander Barrenetxea,Real Sociedad,2023-24,FW,22,400,1,1,2024-06-01,2024-06-07,20.0
618341,Mario Gila,Società Sportiva Lazio S.p.A.,2023-24,DF,23,351,0,0,2024-06-01,2024-06-05,13.0
623325,Georgiy Sudakov,FC Shakhtar Donetsk,2023-24,MF,21,540,1,0,2024-06-01,2024-06-06,35.0
625655,Jon Magunazelaia,Real Sociedad,2023-24,MF,22,13,0,0,2024-06-01,2024-06-07,1.0
625660,Jon Ander Olasagasti,Real Sociedad,2023-24,MF,23,7,0,0,2024-06-01,2024-06-07,1.2
634431,Beñat Turrientes,Real Sociedad,2023-24,MF,22,187,0,0,2024-06-01,2024-06-07,20.0
636688,Alejandro Balde,FC Barcelona,2023-24,DF,20,329,0,0,2024-06-01,2024-06-07,40.0
636695,Marc Casadó,FC Barcelona,2023-24,MF,20,22,0,0,2024-06-01,2024-06-24,2.5
636703,Fermín López,FC Barcelona,2023-24,MF,21,277,2,1,2024-06-01,2024-06-07,30.0
640428,Eduardo Camavinga,Real Madrid,2023-24,MF,21,790,0,2,2024-06-01,2024-06-07,100.0
645589,Elias Achouri,FC Copenhagen,2023-24,FW,25,558,0,1,2024-06-01,2024-06-10,3.5
646478,Elias Jelert,FC Copenhagen,2023-24,DF,20,588,0,0,2024-06-01,2024-06-10,5.5
646740,Gavi,FC Barcelona,2023-24,MF,19,229,1,0,2024-06-01,2024-06-07,90.0
650568,António Silva,SL Benfica,2023-24,DF,20,277,0,0,2024-06-01,2024-06-06,45.0
655899,Serdar Saatçı,SC Braga,2023-24,DF,21,324,0,0,2024-06-01,2024-06-06,5.0
659513,Soumaïla Coulibaly,Royal Antwerp FC,2023-24,DF,20,540,0,0,2024-06-01,2024-06-04,6.0
659542,Elye Wahi,RC Lens,2023-24,FW,21,460,2,1,2024-06-01,2024-06-03,35.0
660438,Orri Óskarsson,FC Copenhagen,2023-24,FW,19,143,0,1,2024-06-01,2024-06-10,5.0
661145,Jon Aramburu,Real Sociedad,2023-24,DF,21,2,0,0,2024-06-01,2024-06-17,2.5
670681,João Neves,SL Benfica,2023-24,MF,19,540,0,0,2024-06-01,2024-06-06,55.0
670847,Mohamed-Ali Cho,Real Sociedad,2023-24,FW,20,130,0,0,2024-06-01,2024-06-03,10.0
671649,Álvaro Djaló,SC Braga,2023-24,FW,24,408,2,0,2024-06-01,2024-06-06,15.0
673492,Morato,SL Benfica,2023-24,DF,22,434,0,0,2024-06-01,2024-06-06,15.0
676042,Juanlu Sánchez,Sevilla FC,2023-24,DF,20,320,0,1,2024-06-01,2024-06-07,15.0
676318,Facundo Pellistri,Manchester United,2023-24,FW,22,108,0,0,2024-06-01,2024-06-07,8.0
683840,Pedri,FC Barcelona,2023-24,MF,21,327,0,3,2024-06-01,2024-06-07,80.0
684998,Kings Kangwa,Red Star Belgrade,2023-24,MF,25,7,0,0,2024-06-01,2024-06-04,1.5
688707,Salis Abdul Samed,RC Lens,2023-24,MF,24,495,0,0,2024-06-01,2024-06-03,8.0
691786,Morgan Guilavogui,RC Lens,2023-24,FW,26,67,0,0,2024-06-01,2024-06-03,3.0
692737,Aljoscha Kemlein,1.FC Union Berlin,2023-24,MF,19,7,0,0,2024-06-01,2024-06-06,3.0
694928,Samuel Lino,Atlético de Madrid,2023-24,FW,24,507,3,3,2024-06-01,2024-06-07,30.0
700998,Chaka Traorè,AC Milan,2023-24,FW,19,13,0,0,2024-06-01,2024-06-03,1.5
707844,Mandela Keita,Royal Antwerp FC,2023-24,MF,22,263,0,0,2024-06-01,2024-06-04,13.0
708265,Bradley Barcola,Paris Saint-Germain,2023-24,FW,21,475,1,1,2024-06-01,2024-06-03,50.0
710968,Uros Kabic,Red Star Belgrade,2023-24,FW,20,12,0,0,2024-06-01,2024-06-05,1.0
711337,Evanilson,FC Porto,2023-24,FW,24,490,4,1,2024-06-01,2024-06-06,35.0
711976,Andy Diouf,RC Lens,2023-24,MF,21,36,0,0,2024-06-01,2024-06-03,9.0
719442,David Da Costa,RC Lens,2023-24,MF,23,113,0,0,2024-06-01,2024-06-03,8.0
726526,Stefan Mitrović,Red Star Belgrade,2023-24,FW,21,213,0,0,2024-06-01,2024-06-05,1.8
730581,Loïc Badé,Sevilla FC,2023-24,DF,24,94,0,0,2024-06-01,2024-06-07,14.0
735568,Natan,SSC Napoli,2023-24,DF,23,451,0,1,2024-06-01,2024-06-05,12.0
738774,Zeno Van Den Bosch,Royal Antwerp FC,2023-24,DF,20,93,0,0,2024-06-01,2024-06-04,6.0
756990,Alan Varela,FC Porto,2023-24,MF,22,708,0,0,2024-06-01,2024-06-06,35.0
761326,Stav Lemkin,FC Shakhtar Donetsk,2023-24,DF,21,65,0,0,2024-06-01,2024-06-06,1.0
763079,Abdukodir Khusanov,RC Lens,2023-24,DF,20,29,0,0,2024-06-01,2024-06-03,2.5
766583,Kike Salas,Sevilla FC,2023-24,DF,22,166,0,0,2024-06-01,2024-06-07,10.0
775605,Pablo Barrios,Atlético de Madrid,2023-24,MF,20,258,1,1,2024-06-01,2024-06-07,25.0
792331,Roony Bardghji,FC Copenhagen,2023-24,FW,18,144,1,0,2024-06-01,2024-06-10,9.0
805054,William Clem,FC Copenhagen,2023-24,MF,19,69,0,0,2024-06-01,2024-06-10,1.8
810092,Warren Zaïre-Emery,Paris Saint-Germain,2023-24,MF,18,905,1,3,2024-06-01,2024-06-03,60.0
818495,Otávio (818495),FC Porto,2023-24,DF,22,210,0,1,2024-06-01,2024-06-06,13.0
820374,Kobbie Mainoo,Manchester United,2023-24,MF,19,42,0,0,2024-06-01,2024-07-18,55.0
833315,Novatus Miroshi,FC Shakhtar Donetsk,2023-24,MF,21,90,0,0,2024-06-01,2024-06-06,0.7
846310,Oscar Højlund,FC Copenhagen,2023-24,MF,19,45,0,0,2024-06-01,2024-06-10,0.7
858238,Diogo Fonseca,SC Braga,2023-24,DF,22,17,0,0,2024-06-01,2024-06-06,0.3
872171,Lucas Beraldo,Paris Saint-Germain,2023-24,DF,20,408,0,0,2024-06-01,2024-06-03,30.0
887638,Davide Bartesaghi,AC Milan,2023-24,DF,18,2,0,0,2024-06-01,2024-06-25,1.0
888023,Kevin Kelsy,FC Shakhtar Donetsk,2023-24,FW,19,130,1,0,2024-06-01,2024-06-13,2.5
901019,Neil El Aynaoui,RC Lens,2023-24,MF,22,135,0,0,2024-06-01,2024-06-03,8.0
906329,Roger Fernandes,SC Braga,2023-24,FW,18,9,0,0,2024-06-01,2024-06-06,10.0
926694,Arthur Vermeeren,Royal Antwerp FC,2023-24,MF,19,540,1,2,2024-06-01,2024-06-07,25.0
926993,Victor Froholdt,FC Copenhagen,2023-24,MF,18,58,0,0,2024-06-01,2024-06-10,0.4
937955,Héctor Fort,FC Barcelona,2023-24,DF,17,60,0,0,2024-06-01,2024-06-07,10.0
937958,Lamine Yamal,FC Barcelona,2023-24,FW,16,579,0,2,2024-06-01,2024-06-07,90.0
938158,Marc Guiu,FC Barcelona,2023-24,FW,18,33,1,0,2024-06-01,2024-06-07,7.5
948294,Nico Paz,Real Madrid,2023-24,MF,19,39,1,0,2024-06-01,2024-06-07,10.0
962110,Pau Cubarsí,FC Barcelona,2023-24,DF,17,270,0,0,2024-06-01,2024-06-07,30.0
974374,Anthony Valencia,Royal Antwerp FC,2023-24,FW,20,36,0,0,2024-06-01,2024-06-04,0.8
981194,Kobe Corbanie,Royal Antwerp FC,2023-24,DF,19,31,0,0,2024-06-01,2024-06-04,1.0
1004834,George Ilenikhena,Royal Antwerp FC,2023-24,FW,17,153,1,0,2024-06-01,2024-06-04,10.0
1033963,Eguinaldo,FC Shakhtar Donetsk,2023-24,FW,19,15,1,0,2024-06-01,2024-06-06,2.5
1082823,Newerton,FC Shakhtar Donetsk,2023-24,FW,18,218,0,0,2024-06-01,2024-06-06,2.5
7161,Jonas Hofmann,Bayer 04 Leverkusen,2024-25,MF,32,130,0,1,2025-05-31,2025-06-05,2.0
12282,Daley Blind,Girona FC,2024-25,DF,35,323,0,0,2025-05-31,2025-06-09,1.5
16911,Kasper Schmeichel,Celtic FC,2024-25,GK,38,900,0,0,2025-05-31,2025-06-17,0.5
17259,Manuel Neuer,Bayern Munich,2024-25,GK,39,823,0,0,2025-05-31,2025-06-05,4.0
27992,Luka Modrić,Real Madrid,2024-25,MF,39,646,0,3,2025-05-31,2025-06-09,4.0
35047,Axel Witsel,Atlético de Madrid,2024-25,MF,36,271,0,0,2025-05-31,2025-06-09,2.0
38253,Robert Lewandowski,FC Barcelona,2024-25,FW,36,984,11,0,2025-05-31,2025-06-09,12.0
40680,Sven Ulreich,Bayern Munich,2024-25,GK,36,45,0,0,2025-05-31,2025-06-05,0.5
41384,Marko Arnautovic,Inter Milan,2024-25,FW,36,202,1,0,2025-05-31,2025-06-17,3.0
42205,Yann Sommer,Inter Milan,2024-25,GK,36,1290,0,0,2025-05-31,2025-06-17,4.0
44058,Wojciech Szczesny,FC Barcelona,2024-25,GK,35,750,0,0,2025-05-31,2025-06-09,1.0
45026,Rui Patrício,Atalanta BC,2024-25,GK,37,90,0,0,2025-05-31,2025-06-17,0.8
48015,Lukas Hradecky,Bayer 04 Leverkusen,2024-25,GK,35,360,0,0,2025-05-31,2025-06-05,2.0
50219,Simon Mignolet,Club Brugge KV,2024-25,GK,37,1080,0,0,2025-05-31,2025-06-12,1.2
54906,Matteo Darmian,Inter Milan,2024-25,DF,35,551,0,0,2025-05-31,2025-06-17,2.5
55735,Henrikh Mkhitaryan,Inter Milan,2024-25,MF,36,856,0,0,2025-05-31,2025-06-17,4.0
57071,Péter Gulácsi,RB Leipzig,2024-25,GK,35,540,0,0,2025-05-31,2025-06-05,2.0
57500,César Azpilicueta,Atlético de Madrid,2024-25,DF,35,112,0,0,2025-05-31,2025-06-09,1.5
58358,Thomas Müller,Bayern Munich,2024-25,FW,35,369,3,1,2025-05-31,2025-06-05,6.0
59016,David Alaba,Real Madrid,2024-25,DF,32,175,0,0,2025-05-31,2025-06-09,6.0
59053,Stefan Hierländer,Sportklub Puntigamer Sturm Graz,2024-25,MF,34,32,0,0,2025-05-31,2025-06-06,0.2
59323,Cristhian Stuani,Girona FC,2024-25,FW,38,279,0,0,2025-05-31,2025-06-09,1.0
59970,Taras Stepanenko,FC Shakhtar Donetsk,2024-25,MF,35,120,0,0,2025-05-31,2025-06-18,0.85
66100,Oriol Romeu,Girona FC,2024-25,MF,33,446,0,0,2025-05-31,2025-06-09,1.2
68978,Milan Rodic,Red Star Belgrade,2024-25,DF,34,90,0,0,2025-05-31,2025-06-12,0.5
72441,Rafael Tolói,Atalanta BC,2024-25,DF,34,211,0,0,2025-05-31,2025-06-17,1.4
74229,Koke,Atlético de Madrid,2024-25,MF,33,402,0,1,2025-05-31,2025-06-09,8.0
74857,Marc-André ter Stegen,FC Barcelona,2024-25,GK,33,90,0,0,2025-05-31,2025-06-09,12.0
76158,Alexander Meyer,Borussia Dortmund,2024-25,GK,34,90,0,0,2025-05-31,2025-06-05,0.8
80293,Aïssa Mandi,LOSC Lille,2024-25,DF,33,320,0,0,2025-05-31,2025-06-03,1.2
80894,Lukasz Skorupski,Bologna Football Club 1909,2024-25,GK,34,630,0,0,2025-05-31,2025-06-17,2.5
81173,Janis Blaswich,Fußballclub Red Bull Salzburg,2024-25,GK,34,381,0,0,2025-05-31,2025-06-06,0.7
82873,Pascal Groß,Borussia Dortmund,2024-25,MF,33,917,1,3,2025-05-31,2025-06-05,5.0
84301,Benjamin André,LOSC Lille,2024-25,MF,34,810,0,0,2025-05-31,2025-06-03,5.0
84992,James Forrest,Celtic FC,2024-25,FW,33,60,0,1,2025-05-31,2025-06-17,0.5
86202,Antonio Rüdiger,Real Madrid,2024-25,DF,32,1188,2,0,2025-05-31,2025-06-09,20.0
91970,Juan Cuadrado,Atalanta BC,2024-25,MF,37,317,0,1,2025-05-31,2025-06-17,1.0
93740,Willi Orbán,RB Leipzig,2024-25,DF,32,720,0,0,2025-05-31,2025-06-05,8.0
94005,Sead Kolasinac,Atalanta BC,2024-25,DF,31,639,1,2,2025-05-31,2025-06-17,7.0
95424,Kyle Walker,AC Milan,2024-25,DF,35,282,0,0,2025-05-31,2025-06-17,4.0
99353,Portu,Girona FC,2024-25,FW,33,94,0,0,2025-05-31,2025-06-09,1.8
100986,Thomas Meunier,LOSC Lille,2024-25,DF,33,616,0,1,2025-05-31,2025-06-03,2.0
106987,Marcel Sabitzer,Borussia Dortmund,2024-25,MF,31,845,0,0,2025-05-31,2025-06-05,8.0
108390,Thibaut Courtois,Real Madrid,2024-25,GK,33,1110,0,0,2025-05-31,2025-06-09,20.0
110923,Mattia Perin,Juventus FC,2024-25,GK,32,210,0,0,2025-05-31,2025-06-17,2.5
111196,Stefan de Vrij,Inter Milan,2024-25,DF,33,688,0,0,2025-05-31,2025-06-17,5.0
111455,Granit Xhaka,Bayer 04 Leverkusen,2024-25,MF,32,818,0,0,2025-05-31,2025-06-05,12.0
113707,Rémy Cabella,LOSC Lille,2024-25,MF,35,388,1,1,2025-05-31,2025-06-03,2.5
115333,Juanpe,Girona FC,2024-25,DF,34,389,1,1,2025-05-31,2025-06-09,0.6
119085,Loris Benito,BSC Young Boys,2024-25,DF,33,326,0,0,2025-05-31,2025-06-10,0.3
119296,Emre Can,Borussia Dortmund,2024-25,DF,31,940,2,1,2025-05-31,2025-06-05,7.0
120977,Callum McGregor,Celtic FC,2024-25,MF,31,900,0,0,2025-05-31,2025-06-17,5.0
121483,Jan Oblak,Atlético de Madrid,2024-25,GK,32,930,0,0,2025-05-31,2025-06-09,20.0
124028,Ismaily,LOSC Lille,2024-25,DF,35,228,0,1,2025-05-31,2025-06-03,1.2
124884,Marco Bizot,Stade Brestois 29,2024-25,GK,34,810,0,0,2025-05-31,2025-06-03,3.0
125781,Antoine Griezmann,Atlético de Madrid,2024-25,FW,34,733,6,2,2025-05-31,2025-06-09,18.0
126414,Hakan Çalhanoğlu,Inter Milan,2024-25,MF,31,834,4,2,2025-05-31,2025-06-17,30.0
127142,Jonas Martin,Stade Brestois 29,2024-25,MF,35,76,0,0,2025-05-31,2025-06-03,0.6
128223,Álvaro Morata,AC Milan,2024-25,FW,32,395,1,1,2025-05-31,2025-06-18,11.0
129444,David López,Girona FC,2024-25,DF,35,367,1,0,2025-05-31,2025-06-09,1.0
131075,Francesco Acerbi,Inter Milan,2024-25,DF,37,770,1,1,2025-05-31,2025-06-17,3.0
131310,Danijel Zagorac,GNK Dinamo Zagreb,2024-25,GK,38,270,0,0,2025-05-31,2025-06-09,0.05
132098,Harry Kane,Bayern Munich,2024-25,FW,31,1119,11,2,2025-05-31,2025-06-05,75.0
133179,Marten de Roon,Atalanta BC,2024-25,MF,34,874,0,1,2025-05-31,2025-06-17,5.0
136514,Charalampos Lykogiannis,Bologna Football Club 1909,2024-25,DF,31,371,0,1,2025-05-31,2025-06-17,1.5
137576,Hans Vanaken,Club Brugge KV,2024-25,MF,32,1080,1,1,2025-05-31,2025-06-12,7.0
138927,Daniel Carvajal,Real Madrid,2024-25,DF,33,180,0,1,2025-05-31,2025-06-09,8.0
139915,Aleksandar Katai,Red Star Belgrade,2024-25,MF,34,24,0,0,2025-05-31,2025-06-12,0.7
142219,Jaroslav Zelený,AC Sparta Prague,2024-25,DF,32,297,0,0,2025-05-31,2025-06-17,1.0
145707,Danilo,Juventus FC,2024-25,DF,33,231,0,0,2025-05-31,2025-06-06,3.5
148252,Remo Freuler,Bologna Football Club 1909,2024-25,MF,33,506,0,0,2025-05-31,2025-06-17,5.0
148365,Casper Nielsen,Club Brugge KV,2024-25,MF,31,139,1,0,2025-05-31,2025-06-12,2.5
153084,Leon Goretzka,Bayern Munich,2024-25,MF,30,839,1,1,2025-05-31,2025-06-05,22.0
157506,Jeffrey Schlupp,Celtic FC,2024-25,MF,32,115,0,0,2025-05-31,2025-06-17,3.0
157635,Yussuf Poulsen,RB Leipzig,2024-25,FW,30,152,1,0,2025-05-31,2025-06-05,5.0
158863,Iñigo Martínez,FC Barcelona,2024-25,DF,34,958,2,1,2025-05-31,2025-06-09,5.0
159088,Robert Andrich,Bayer 04 Leverkusen,2024-25,MF,30,272,0,1,2025-05-31,2025-06-05,9.0
159471,Serge Gnabry,Bayern Munich,2024-25,FW,29,548,0,2,2025-05-31,2025-06-05,22.0
161056,Joshua Kimmich,Bayern Munich,2024-25,MF,30,1260,0,5,2025-05-31,2025-06-05,45.0
165513,Berat Djimsiti,Atalanta BC,2024-25,DF,32,679,1,0,2025-05-31,2025-06-17,6.0
165793,Takumi Minamino,AS Monaco,2024-25,FW,30,568,3,1,2025-05-31,2025-06-03,15.0
166601,Niklas Süle,Borussia Dortmund,2024-25,DF,29,283,0,0,2025-05-31,2025-06-05,8.0
170929,Massadio Haïdara,Stade Brestois 29,2024-25,DF,32,616,0,0,2025-05-31,2025-06-03,1.5
170986,Raphaël Guerreiro,Bayern Munich,2024-25,DF,31,523,1,0,2025-05-31,2025-06-05,8.0
173859,Davide Zappacosta,Atalanta BC,2024-25,MF,32,697,0,5,2025-05-31,2025-06-17,5.0
174196,Kenny Lala,Stade Brestois 29,2024-25,DF,33,720,0,0,2025-05-31,2025-06-03,2.0
175722,Eric Dier,Bayern Munich,2024-25,DF,31,295,1,0,2025-05-31,2025-06-05,8.0
181136,Piotr Zielinski,Inter Milan,2024-25,MF,31,586,0,1,2025-05-31,2025-06-17,10.0
181767,Marquinhos,Paris Saint-Germain,2024-25,DF,31,1440,0,0,2025-05-31,2025-06-03,35.0
182904,Clément Lenglet,Atlético de Madrid,2024-25,DF,29,631,0,0,2025-05-31,2025-06-09,7.5
182906,Mike Maignan,AC Milan,2024-25,GK,29,861,0,0,2025-05-31,2025-06-17,25.0
186374,Alexander Schlager,Fußballclub Red Bull Salzburg,2024-25,GK,29,336,0,1,2025-05-31,2025-06-06,2.5
187492,Julian Brandt,Borussia Dortmund,2024-25,MF,29,881,0,5,2025-05-31,2025-06-05,25.0
187624,Fabian Bredlow,VfB Stuttgart,2024-25,GK,30,90,0,0,2025-05-31,2025-06-05,0.8
192565,Leroy Sané,Bayern Munich,2024-25,FW,29,633,1,0,2025-05-31,2025-06-05,32.0
193004,Waldemar Anton,Borussia Dortmund,2024-25,DF,28,590,0,1,2025-05-31,2025-06-05,18.0
193082,Alejandro Grimaldo,Bayer 04 Leverkusen,2024-25,DF,29,871,2,1,2025-05-31,2025-06-05,30.0
195246,Pascal Stenzel,VfB Stuttgart,2024-25,DF,29,131,0,0,2025-05-31,2025-06-05,2.0
195488,Paulo Gazzaniga,Girona FC,2024-25,GK,33,630,0,0,2025-05-31,2025-06-09,2.5
195778,Alexander Nübel,VfB Stuttgart,2024-25,GK,28,630,0,0,2025-05-31,2025-06-05,12.0
196357,Jonathan Tah,Bayer 04 Leverkusen,2024-25,DF,29,900,0,0,2025-05-31,2025-06-05,30.0
196948,Andreas Christensen,FC Barcelona,2024-25,DF,29,7,0,0,2025-05-31,2025-06-09,12.0
197642,Chuba Akpom,LOSC Lille,2024-25,FW,29,23,0,0,2025-05-31,2025-06-03,7.0
198008,André Silva,RB Leipzig,2024-25,FW,29,85,0,0,2025-05-31,2025-06-05,4.0
198116,Federico Dimarco,Inter Milan,2024-25,DF,27,569,0,2,2025-05-31,2025-06-17,50.0
202591,Benjamin Henrichs,RB Leipzig,2024-25,DF,28,474,0,0,2025-05-31,2025-06-05,15.0
202886,Ruben Loftus-Cheek,AC Milan,2024-25,MF,29,282,0,0,2025-05-31,2025-06-17,10.0
205562,Thomas Lemar,Atlético de Madrid,2024-25,MF,29,9,0,0,2025-05-31,2025-06-09,5.0
205938,Mario Pašalić,Atalanta BC,2024-25,MF,30,605,3,1,2025-05-31,2025-06-17,10.0
205940,Marko Pjaca,GNK Dinamo Zagreb,2024-25,FW,30,344,1,3,2025-05-31,2025-06-09,2.7
215599,Lukas Klostermann,RB Leipzig,2024-25,DF,28,41,0,0,2025-05-31,2025-06-05,8.0
221025,André Gomes,LOSC Lille,2024-25,MF,31,20,0,0,2025-05-31,2025-06-03,6.0
221316,Lucas Vázquez,Real Madrid,2024-25,DF,33,574,1,1,2025-05-31,2025-06-09,3.0
223967,Konrad Laimer,Bayern Munich,2024-25,DF,28,780,1,1,2025-05-31,2025-06-05,25.0
223974,Stefan Posch,Bologna Football Club 1909,2024-25,DF,28,618,0,0,2025-05-31,2025-06-17,8.0
227035,Josip Misic,GNK Dinamo Zagreb,2024-25,MF,30,481,0,1,2025-05-31,2025-06-09,2.0
228948,Thilo Kehrer,AS Monaco,2024-25,DF,28,855,1,1,2025-05-31,2025-06-03,20.0
232320,Atakan Karazor,VfB Stuttgart,2024-25,MF,28,555,0,0,2025-05-31,2025-06-05,12.0
233129,Mirko Ivanic,Red Star Belgrade,2024-25,MF,31,346,1,1,2025-05-31,2025-06-12,4.0
236168,Brandon Mechele,Club Brugge KV,2024-25,DF,32,1080,0,0,2025-05-31,2025-06-12,3.5
237658,Michel Aebischer,Bologna Football Club 1909,2024-25,MF,28,28,0,0,2025-05-31,2025-06-17,7.5
237662,Breel Embolo,AS Monaco,2024-25,FW,28,750,1,3,2025-05-31,2025-06-03,12.0
238407,Alexander Sørloth,Atlético de Madrid,2024-25,FW,29,290,0,0,2025-05-31,2025-06-09,25.0
239941,Lukas Haraslin,AC Sparta Prague,2024-25,FW,29,264,0,1,2025-05-31,2025-06-17,7.5
240692,Reinildo Mandava,Atlético de Madrid,2024-25,DF,31,366,0,0,2025-05-31,2025-06-09,5.0
242084,Lukas Sadilek,AC Sparta Prague,2024-25,MF,29,301,0,1,2025-05-31,2025-06-17,2.0
242086,Patrik Schick,Bayer 04 Leverkusen,2024-25,FW,29,407,1,0,2025-05-31,2025-06-05,27.0
243714,Kingsley Coman,Bayern Munich,2024-25,FW,28,459,1,0,2025-05-31,2025-06-05,30.0
243856,Cedric Itten,BSC Young Boys,2024-25,FW,28,231,0,0,2025-05-31,2025-06-10,1.5
244940,Salih Özcan,Borussia Dortmund,2024-25,MF,27,29,0,0,2025-05-31,2025-06-05,4.0
245078,Nemanja Radonjic,Red Star Belgrade,2024-25,FW,29,157,3,0,2025-05-31,2025-06-12,3.0
247555,Edimilson Fernandes,Stade Brestois 29,2024-25,MF,29,650,1,0,2025-05-31,2025-06-03,3.0
250779,Brendan Chardonnet,Stade Brestois 29,2024-25,DF,30,810,0,0,2025-05-31,2025-06-03,6.0
250845,José María Giménez,Atlético de Madrid,2024-25,DF,30,750,1,0,2025-05-31,2025-06-09,20.0
251322,Philipp Köhn,AS Monaco,2024-25,GK,27,180,0,0,2025-05-31,2025-06-03,5.0
254965,Sandro Lauper,BSC Young Boys,2024-25,DF,28,518,0,0,2025-05-31,2025-06-10,0.9
255901,Rodrigo De Paul,Atlético de Madrid,2024-25,MF,31,748,0,2,2025-05-31,2025-06-09,25.0
255942,Nicolò Barella,Inter Milan,2024-25,MF,28,994,0,2,2025-05-31,2025-06-17,75.0
256358,Bruno Petkovic,GNK Dinamo Zagreb,2024-25,FW,30,193,2,0,2025-05-31,2025-06-09,3.0
257455,João Palhinha,Bayern Munich,2024-25,MF,29,171,0,0,2025-05-31,2025-06-05,30.0
257814,Gregor Kobel,Borussia Dortmund,2024-25,GK,27,1170,0,0,2025-05-31,2025-06-05,40.0
259953,Rade Krunic,Red Star Belgrade,2024-25,MF,31,668,1,2,2025-05-31,2025-06-12,4.5
260846,Asger Sörensen,AC Sparta Prague,2024-25,DF,28,360,0,0,2025-05-31,2025-06-17,2.5
261504,Aleix García,Bayer 04 Leverkusen,2024-25,MF,27,363,1,0,2025-05-31,2025-06-05,20.0
262523,Davide Calabria,AC Milan,2024-25,DF,28,314,0,0,2025-05-31,2025-06-17,4.5
263918,Aleksandr Golovin,AS Monaco,2024-25,MF,29,577,0,1,2025-05-31,2025-06-03,20.0
264372,Viktor Tsygankov,Girona FC,2024-25,FW,27,330,0,0,2025-05-31,2025-06-09,18.0
265088,Manuel Locatelli,Juventus FC,2024-25,MF,27,671,0,0,2025-05-31,2025-06-17,30.0
266807,Ángel Correa,Atlético de Madrid,2024-25,FW,30,264,3,1,2025-05-31,2025-06-09,10.0
270541,Serhou Guirassy,Borussia Dortmund,2024-25,FW,29,1084,13,5,2025-05-31,2025-06-05,45.0
272278,Chris Führich,VfB Stuttgart,2024-25,FW,27,506,1,0,2025-05-31,2025-06-05,15.0
281769,Mario Hermoso,Bayer 04 Leverkusen,2024-25,DF,29,128,0,0,2025-05-31,2025-06-05,7.0
281963,Lucas Hernández,Paris Saint-Germain,2024-25,DF,29,114,0,0,2025-05-31,2025-06-03,25.0
282041,Presnel Kimpembe,Paris Saint-Germain,2024-25,DF,29,18,0,0,2025-05-31,2025-06-03,5.0
282411,Marcos Llorente,Atlético de Madrid,2024-25,DF,30,693,2,4,2025-05-31,2025-06-09,25.0
282660,Maximilian Mittelstädt,VfB Stuttgart,2024-25,DF,28,707,0,3,2025-05-31,2025-06-05,20.0
283170,Iñaki Peña,FC Barcelona,2024-25,GK,26,450,0,0,2025-05-31,2025-06-09,8.0
283994,Ludovic Ajorque,Stade Brestois 29,2024-25,FW,31,642,0,3,2025-05-31,2025-06-03,4.0
284732,Ramy Bensebaini,Borussia Dortmund,2024-25,DF,30,743,2,1,2025-05-31,2025-06-05,7.0
288230,Ousmane Dembélé,Paris Saint-Germain,2024-25,FW,28,1166,8,6,2025-05-31,2025-06-03,90.0
288255,Donny van de Beek,Girona FC,2024-25,MF,28,454,1,0,2025-05-31,2025-06-09,5.0
289059,Mykola Matvienko,FC Shakhtar Donetsk,2024-25,DF,29,720,0,0,2025-05-31,2025-06-10,16.0
289075,Oleksandr Zubkov,FC Shakhtar Donetsk,2024-25,FW,28,535,2,1,2025-05-31,2025-06-18,8.0
290552,Qazim Laci,AC Sparta Prague,2024-25,MF,29,604,1,0,2025-05-31,2025-06-17,4.0
291417,Ferland Mendy,Real Madrid,2024-25,DF,29,888,0,1,2025-05-31,2025-06-09,14.0
293185,Ivan Nevistic,GNK Dinamo Zagreb,2024-25,GK,26,450,0,0,2025-05-31,2025-06-09,1.5
293385,Dani Olmo,FC Barcelona,2024-25,MF,27,438,2,1,2025-05-31,2025-06-09,60.0
301238,Michele Di Gregorio,Juventus FC,2024-25,GK,27,719,0,0,2025-05-31,2025-06-17,18.0
303219,Jeff Chabot,VfB Stuttgart,2024-25,DF,27,646,0,0,2025-05-31,2025-06-05,12.0
303254,Fikayo Tomori,AC Milan,2024-25,DF,27,564,0,1,2025-05-31,2025-06-17,20.0
307058,Mehdi Taremi,Inter Milan,2024-25,FW,32,714,1,4,2025-05-31,2025-06-17,3.5
312819,Silvere Ganvoula,BSC Young Boys,2024-25,FW,28,489,1,0,2025-05-31,2025-06-17,1.4
314678,Brahim Díaz,Real Madrid,2024-25,FW,25,478,2,1,2025-05-31,2025-06-09,40.0
315779,Christian Pulisic,AC Milan,2024-25,FW,26,633,4,1,2025-05-31,2025-06-17,50.0
315853,Alessandro Bastoni,Inter Milan,2024-25,DF,26,1079,0,1,2025-05-31,2025-06-17,80.0
315858,Gianluigi Donnarumma,Paris Saint-Germain,2024-25,GK,26,1380,0,0,2025-05-31,2025-06-03,40.0
316889,Hirving Lozano,PSV Eindhoven,2024-25,FW,29,33,0,0,2025-05-31,2025-06-05,10.0
316934,Nikola Moro,Bologna Football Club 1909,2024-25,MF,27,379,0,0,2025-05-31,2025-06-17,4.5
317482,Marko Rog,GNK Dinamo Zagreb,2024-25,MF,29,362,0,1,2025-05-31,2025-06-09,0.75
318204,David Raum,RB Leipzig,2024-25,DF,27,266,0,1,2025-05-31,2025-06-05,20.0
318470,Matvey Safonov,Paris Saint-Germain,2024-25,GK,26,180,0,0,2025-05-31,2025-06-03,20.0
318528,Marcus Thuram,Inter Milan,2024-25,FW,27,953,4,2,2025-05-31,2025-06-17,75.0
319745,Dani Ceballos,Real Madrid,2024-25,MF,28,406,0,1,2025-05-31,2025-06-09,10.0
320440,Gustaf Nilsson,Club Brugge KV,2024-25,FW,28,172,1,0,2025-05-31,2025-06-12,5.0
320854,Timi Max Elsnik,Red Star Belgrade,2024-25,MF,27,720,0,2,2025-05-31,2025-06-12,8.0
321247,Emiliano Buendía,Aston Villa,2024-25,FW,28,122,0,0,2025-05-31,2025-06-05,15.0
321528,Denzel Dumfries,Inter Milan,2024-25,DF,29,973,2,3,2025-05-31,2025-06-17,35.0
322989,Kaan Kairinen,AC Sparta Prague,2024-25,MF,26,713,2,0,2025-05-31,2025-06-17,5.5
323167,Matteo Gabbia,AC Milan,2024-25,DF,25,404,0,0,2025-05-31,2025-06-17,14.0
324278,Christoph Baumgartner,RB Leipzig,2024-25,MF,25,482,2,0,2025-05-31,2025-06-05,12.0
324795,Mahdi Camara,Stade Brestois 29,2024-25,MF,26,711,1,1,2025-05-31,2025-06-03,9.0
324819,Maxime Bernauer,GNK Dinamo Zagreb,2024-25,DF,26,465,0,0,2025-05-31,2025-06-03,2.0
325223,Mama Baldé,Stade Brestois 29,2024-25,FW,29,452,0,1,2025-05-31,2025-06-03,4.0
326330,Frenkie de Jong,FC Barcelona,2024-25,MF,28,800,0,0,2025-05-31,2025-06-09,45.0
329145,Diego Carlos,Aston Villa,2024-25,DF,32,485,0,0,2025-05-31,2025-06-18,9.5
329812,Jota,Celtic FC,2024-25,FW,26,85,0,0,2025-05-31,2025-06-17,8.0
331726,Tammy Abraham,AC Milan,2024-25,FW,27,297,2,1,2025-05-31,2025-06-17,15.0
331963,Filip Panák,AC Sparta Prague,2024-25,DF,29,561,0,1,2025-05-31,2025-06-17,2.3
332697,Weston McKennie,Juventus FC,2024-25,MF,26,555,3,0,2025-05-31,2025-06-17,22.0
334526,Denis Zakaria,AS Monaco,2024-25,MF,28,614,1,0,2025-05-31,2025-06-03,30.0
335457,Ermedin Demirovic,VfB Stuttgart,2024-25,FW,27,404,1,0,2025-05-31,2025-06-05,22.0
336012,Nicolas Kühn,Celtic FC,2024-25,FW,25,792,3,1,2025-05-31,2025-06-17,12.0
337798,Abdu Conté,BSC Young Boys,2024-25,DF,27,27,0,0,2025-05-31,2025-06-10,0.7
339314,Deniz Undav,VfB Stuttgart,2024-25,FW,28,425,1,1,2025-05-31,2025-06-05,20.0
339808,Theo Hernández,AC Milan,2024-25,DF,27,861,0,0,2025-05-31,2025-06-17,35.0
340322,Nathan Tella,Bayer 04 Leverkusen,2024-25,FW,25,329,1,0,2025-05-31,2025-06-05,15.0
340376,Abel Ruiz,Girona FC,2024-25,FW,25,146,0,0,2025-05-31,2025-06-09,4.0
341049,Cameron Carter-Vickers,Celtic FC,2024-25,DF,27,607,0,0,2025-05-31,2025-06-17,14.0
341227,Juan Miranda,Bologna Football Club 1909,2024-25,DF,25,304,0,0,2025-05-31,2025-06-17,15.0
341264,Fran García,Real Madrid,2024-25,DF,25,263,0,0,2025-05-31,2025-06-09,18.0
341278,Iván Martín,Girona FC,2024-25,MF,26,332,0,0,2025-05-31,2025-06-09,6.0
342039,Yannik Keitel,VfB Stuttgart,2024-25,MF,25,144,1,0,2025-05-31,2025-06-05,3.5
342229,Kylian Mbappé,Real Madrid,2024-25,FW,26,1133,7,1,2025-05-31,2025-06-09,180.0
342967,Niklas Beste,SL Benfica,2024-25,FW,26,109,0,1,2025-05-31,2025-06-05,7.0
344598,Dan-Axel Zagadou,VfB Stuttgart,2024-25,DF,25,1,0,0,2025-05-31,2025-06-05,2.0
344695,Dayot Upamecano,Bayern Munich,2024-25,DF,26,990,0,1,2025-05-31,2025-06-05,50.0
345449,Kamil Piątkowski,Fußballclub Red Bull Salzburg,2024-25,DF,24,477,0,1,2025-05-31,2025-06-18,4.5
345590,Jens Odgaard,Bologna Football Club 1909,2024-25,MF,26,128,0,1,2025-05-31,2025-06-17,12.0
345911,Ladislav Krejci,Girona FC,2024-25,DF,26,630,0,0,2025-05-31,2025-06-09,12.0
346546,Radoslaw Majecki,AS Monaco,2024-25,GK,25,720,0,0,2025-05-31,2025-06-03,6.0
346840,Jakub Pesek,AC Sparta Prague,2024-25,FW,31,130,0,0,2025-05-31,2025-07-21,0.25
346890,Noah Okafor,AC Milan,2024-25,FW,25,102,0,1,2025-05-31,2025-06-17,13.0
347268,Omri Glazer,Red Star Belgrade,2024-25,GK,29,270,0,0,2025-05-31,2025-06-12,4.0
348026,Nordi Mukiele,Bayer 04 Leverkusen,2024-25,DF,27,359,1,1,2025-05-31,2025-06-05,10.0
350219,Fabián Ruiz,Paris Saint-Germain,2024-25,MF,29,1152,1,4,2025-05-31,2025-06-03,40.0
351809,Robin Le Normand,Atlético de Madrid,2024-25,DF,28,229,0,0,2025-05-31,2025-06-09,40.0
351816,Ismaël Bennacer,AC Milan,2024-25,MF,27,75,0,1,2025-05-31,2025-06-03,15.0
352596,Otar Kiteishvili,Sportklub Puntigamer Sturm Graz,2024-25,MF,29,618,1,0,2025-05-31,2025-06-06,6.0
353366,Benjamin Pavard,Inter Milan,2024-25,DF,29,908,1,0,2025-05-31,2025-06-17,25.0
353399,Romain Del Castillo,Stade Brestois 29,2024-25,FW,29,316,0,0,2025-05-31,2025-06-03,7.0
353892,Hiroki Ito,Bayern Munich,2024-25,DF,26,33,0,0,2025-05-31,2025-06-05,25.0
355861,Arnaut Danjuma,Girona FC,2024-25,FW,28,385,1,2,2025-05-31,2025-06-09,4.0
357003,Martin Erlić,Bologna Football Club 1909,2024-25,DF,27,45,0,0,2025-05-31,2025-06-17,4.0
357164,Rafael Leão,AC Milan,2024-25,FW,25,797,3,1,2025-05-31,2025-06-17,70.0
357498,Dušan Vlahović,Juventus FC,2024-25,FW,25,548,4,1,2025-05-31,2025-06-17,35.0
357778,Sandro Kulenović,GNK Dinamo Zagreb,2024-25,FW,25,493,3,0,2025-05-31,2025-06-09,4.0
357992,Raoul Bellanova,Atalanta BC,2024-25,MF,25,466,1,0,2025-05-31,2025-06-17,24.0
360518,Teun Koopmeiners,Juventus FC,2024-25,MF,27,654,0,0,2025-05-31,2025-06-17,35.0
361065,Mitchel Bakker,LOSC Lille,2024-25,MF,24,422,1,1,2025-05-31,2025-06-03,7.0
362108,Gabriel Gudmundsson,LOSC Lille,2024-25,DF,26,485,0,1,2025-05-31,2025-06-03,7.0
362562,Greg Taylor,Celtic FC,2024-25,DF,27,575,0,1,2025-05-31,2025-06-17,6.0
364245,Jordan Teze,AS Monaco,2024-25,DF,25,66,0,0,2025-05-31,2025-06-03,9.0
365108,Dan Ndoye,Bologna Football Club 1909,2024-25,FW,24,619,0,0,2025-05-31,2025-06-17,35.0
368482,Riccardo Orsolini,Bologna Football Club 1909,2024-25,FW,28,325,0,0,2025-05-31,2025-06-17,25.0
368887,Loïs Openda,RB Leipzig,2024-25,FW,25,682,1,2,2025-05-31,2025-06-05,50.0
369081,Federico Valverde,Real Madrid,2024-25,MF,26,1237,0,3,2025-05-31,2025-06-09,130.0
370789,Julian Ryerson,Borussia Dortmund,2024-25,DF,27,957,0,0,2025-05-31,2025-06-05,20.0
370846,Timothy Weah,Juventus FC,2024-25,MF,25,555,1,1,2025-05-31,2025-06-17,17.0
370998,Bartol Franjic,FC Shakhtar Donetsk,2024-25,DF,25,20,0,0,2025-05-31,2025-06-09,1.5
371856,Vanja Drkusic,Red Star Belgrade,2024-25,DF,25,179,0,0,2025-05-31,2025-06-04,4.0
371998,Vinicius Junior,Real Madrid,2024-25,FW,24,1105,8,3,2025-05-31,2025-06-09,170.0
377393,Pierre Lees-Melou,Stade Brestois 29,2024-25,MF,32,374,1,0,2025-05-31,2025-06-03,6.0
377641,Moatasem Al-Musrati,AS Monaco,2024-25,MF,29,52,0,0,2025-05-31,2025-06-03,8.0
378293,Yangel Herrera,Girona FC,2024-25,MF,27,343,0,0,2025-05-31,2025-06-09,15.0
388171,Anthony Ralston,Celtic FC,2024-25,DF,26,62,0,0,2025-05-31,2025-06-17,1.5
388198,Nico Schlotterbeck,Borussia Dortmund,2024-25,DF,25,1080,0,2,2025-05-31,2025-06-05,40.0
388516,Josep Martínez,Inter Milan,2024-25,GK,27,90,0,0,2025-05-31,2025-06-17,12.0
389253,Auston Trusty,Celtic FC,2024-25,DF,26,816,0,0,2025-05-31,2025-06-17,6.0
389837,Nicolò Casale,Bologna Football Club 1909,2024-25,DF,27,218,0,0,2025-05-31,2025-06-17,6.0
390304,Federico Ravaglia,Bologna Football Club 1909,2024-25,GK,25,90,0,0,2025-05-31,2025-06-17,1.5
392085,Nicolò Zaniolo,Atalanta BC,2024-25,FW,25,127,1,0,2025-05-31,2025-06-17,12.0
392538,Tommaso Pobega,Bologna Football Club 1909,2024-25,MF,25,249,1,0,2025-05-31,2025-06-17,9.0
392770,Angel Gomes,LOSC Lille,2024-25,MF,24,160,1,0,2025-05-31,2025-06-03,20.0
393565,Michal Skoras,Club Brugge KV,2024-25,FW,25,118,0,0,2025-05-31,2025-06-12,2.5
394152,Emanuel Aiwu,Sportklub Puntigamer Sturm Graz,2024-25,DF,24,540,0,0,2025-05-31,2025-06-06,2.0
394236,Filip Ugrinic,BSC Young Boys,2024-25,MF,26,598,0,1,2025-05-31,2025-06-10,7.0
394300,Davide Frattesi,Inter Milan,2024-25,MF,25,491,2,0,2025-05-31,2025-06-17,35.0
395421,Peter Vindahl,AC Sparta Prague,2024-25,GK,27,720,0,0,2025-05-31,2025-06-17,4.0
396394,Valeriy Bondar,FC Shakhtar Donetsk,2024-25,DF,26,720,0,0,2025-05-31,2025-06-10,6.0
398073,Achraf Hakimi,Paris Saint-Germain,2024-25,DF,26,1540,4,5,2025-05-31,2025-06-03,80.0
398184,Ferran Torres,FC Barcelona,2024-25,FW,25,419,3,1,2025-05-31,2025-06-09,40.0
400489,Eljif Elmas,RB Leipzig,2024-25,MF,25,33,0,0,2025-05-31,2025-06-17,14.0
401530,Éder Militão,Real Madrid,2024-25,DF,27,282,0,0,2025-05-31,2025-06-09,30.0
401578,Exequiel Palacios,Bayer 04 Leverkusen,2024-25,MF,26,664,0,0,2025-05-31,2025-06-05,40.0
401598,Lukasz Lakomy,BSC Young Boys,2024-25,MF,24,444,1,0,2025-05-31,2025-06-10,3.5
401922,Samuel Chukwueze,AC Milan,2024-25,FW,26,274,0,1,2025-05-31,2025-06-17,10.0
402008,Amadou Haidara,RB Leipzig,2024-25,MF,27,592,0,0,2025-05-31,2025-06-05,16.0
404260,Aleksa Terzic,Fußballclub Red Bull Salzburg,2024-25,DF,25,402,0,0,2025-05-31,2025-06-06,3.5
404839,Andriy Lunin,Real Madrid,2024-25,GK,26,180,0,0,2025-05-31,2025-06-09,18.0
404950,Nicolas Seiwald,RB Leipzig,2024-25,MF,24,405,0,1,2025-05-31,2025-06-05,18.0
406040,Ademola Lookman,Atalanta BC,2024-25,FW,27,482,5,2,2025-05-31,2025-06-17,60.0
406625,Lautaro Martínez,Inter Milan,2024-25,FW,27,856,9,2,2025-05-31,2025-06-17,95.0
406640,Felix Nmecha,Borussia Dortmund,2024-25,MF,24,618,1,1,2025-05-31,2025-06-05,28.0
411295,Raphinha,FC Barcelona,2024-25,FW,28,1224,13,9,2025-05-31,2025-06-09,90.0
411975,Jules Koundé,FC Barcelona,2024-25,DF,26,1106,0,3,2025-05-31,2025-06-09,65.0
412363,Rodrygo,Real Madrid,2024-25,FW,24,880,5,2,2025-05-31,2025-06-09,90.0
413112,Aurélien Tchouaméni,Real Madrid,2024-25,MF,25,800,0,0,2025-05-31,2025-06-09,75.0
413565,Jhon Lucumí,Bologna Football Club 1909,2024-25,DF,26,530,1,0,2025-05-31,2025-06-17,22.0
417228,Danylo Sikan,FC Shakhtar Donetsk,2024-25,FW,24,221,1,0,2025-05-31,2025-06-18,6.0
418567,Markus Solbakken,AC Sparta Prague,2024-25,MF,24,87,0,0,2025-05-31,2025-06-02,2.5
419648,Veljko Birmancevic,AC Sparta Prague,2024-25,FW,27,494,0,0,2025-05-31,2025-06-17,5.0
419723,Elias Cobbaut,AC Sparta Prague,2024-25,DF,27,159,0,0,2025-05-31,2025-06-17,2.0
420064,Caio Henrique,AS Monaco,2024-25,DF,27,488,0,0,2025-05-31,2025-06-03,15.0
420210,Lutsharel Geertruida,RB Leipzig,2024-25,DF,24,621,0,0,2025-05-31,2025-06-05,20.0
420890,Dimitri Lavalée,Sportklub Puntigamer Sturm Graz,2024-25,DF,28,629,0,0,2025-05-31,2025-06-06,4.0
420931,Daizen Maeda,Celtic FC,2024-25,FW,27,762,4,1,2025-05-31,2025-06-17,15.0
423678,Meschack Elia,BSC Young Boys,2024-25,FW,27,138,0,0,2025-05-31,2025-06-03,4.0
424042,Nahuel Molina,Atlético de Madrid,2024-25,DF,27,425,1,0,2025-05-31,2025-06-09,20.0
424072,Mathias Pereira Lage,Stade Brestois 29,2024-25,FW,28,370,1,0,2025-05-31,2025-06-03,2.5
424204,Alphonso Davies,Bayern Munich,2024-25,DF,24,701,2,1,2025-05-31,2025-06-05,50.0
428563,Lewis Ferguson,Bologna Football Club 1909,2024-25,MF,25,289,0,0,2025-05-31,2025-06-17,28.0
429790,Luka Ilic,Red Star Belgrade,2024-25,MF,25,84,0,0,2025-05-31,2025-06-12,2.0
429915,Maxim De Cuyper,Club Brugge KV,2024-25,DF,24,1080,1,0,2025-05-31,2025-06-12,16.0
432090,Nicolò Fagioli,Juventus FC,2024-25,MF,24,205,0,1,2025-05-31,2025-06-17,18.0
432982,Andreas Skov Olsen,Club Brugge KV,2024-25,FW,25,367,0,0,2025-05-31,2025-06-05,14.0
433984,Sam Beukema,Bologna Football Club 1909,2024-25,DF,26,647,0,1,2025-05-31,2025-06-17,28.0
434223,Adam Idah,Celtic FC,2024-25,FW,24,338,3,0,2025-05-31,2025-06-17,6.5
435772,Charles De Ketelaere,Atalanta BC,2024-25,MF,24,703,4,5,2025-05-31,2025-06-17,35.0
439497,Liam Scales,Celtic FC,2024-25,DF,26,370,1,0,2025-05-31,2025-06-17,4.0
441986,Yann Bisseck,Inter Milan,2024-25,DF,24,698,0,0,2025-05-31,2025-06-17,35.0
442891,Martin Terrier,Bayer 04 Leverkusen,2024-25,FW,28,102,0,1,2025-05-31,2025-06-05,17.0
443710,Angelo Stiller,VfB Stuttgart,2024-25,MF,24,695,1,0,2025-05-31,2025-06-05,45.0
447661,Douglas Luiz,Juventus FC,2024-25,MF,27,305,0,0,2025-05-31,2025-06-17,30.0
448258,Josha Vagnoman,VfB Stuttgart,2024-25,DF,24,546,1,1,2025-05-31,2025-06-05,10.0
448628,Javi Galán,Atlético de Madrid,2024-25,DF,30,452,0,1,2025-05-31,2025-06-09,4.0
450241,Angelo Preciado,AC Sparta Prague,2024-25,DF,27,270,0,0,2025-05-31,2025-06-17,3.8
451677,Christos Tzolis,Club Brugge KV,2024-25,FW,23,940,1,3,2025-05-31,2025-06-12,25.0
452068,Ayman Azhil,Borussia Dortmund,2024-25,MF,24,1,0,0,2025-05-31,2025-06-11,0.7
458367,Arbër Hoxha,GNK Dinamo Zagreb,2024-25,FW,26,60,0,0,2025-05-31,2025-06-09,1.5
459128,Marco Brescianini,Atalanta BC,2024-25,MF,25,124,1,0,2025-05-31,2025-06-17,8.0
459658,Andrea Cambiaso,Juventus FC,2024-25,DF,25,564,0,1,2025-05-31,2025-06-17,35.0
459763,Marco Carnesecchi,Atalanta BC,2024-25,GK,24,810,0,0,2025-05-31,2025-06-17,25.0
460939,Tijjani Reijnders,AC Milan,2024-25,MF,26,870,3,0,2025-05-31,2025-06-17,60.0
461617,Rodrigo Riquelme,Atlético de Madrid,2024-25,FW,25,144,0,0,2025-05-31,2025-06-09,12.0
462250,João Félix,AC Milan,2024-25,FW,25,180,0,0,2025-05-31,2025-06-17,20.0
463600,Lucas Chevalier,LOSC Lille,2024-25,GK,23,900,0,0,2025-05-31,2025-06-03,30.0
463605,Bafodé Diakité,LOSC Lille,2024-25,DF,24,855,0,0,2025-05-31,2025-06-03,28.0
463618,Khéphren Thuram,Juventus FC,2024-25,MF,24,486,0,0,2025-05-31,2025-06-17,40.0
466794,Eric García,FC Barcelona,2024-25,DF,24,275,2,0,2025-05-31,2025-06-09,18.0
466810,Ansu Fati,FC Barcelona,2024-25,FW,22,38,0,0,2025-05-31,2025-06-09,5.0
467250,Yukhym Konoplya,FC Shakhtar Donetsk,2024-25,DF,25,465,0,2,2025-05-31,2025-06-10,5.0
468264,Luke McCowan,Celtic FC,2024-25,MF,27,47,0,0,2025-05-31,2025-06-17,2.5
468539,Daniel Peretz,Bayern Munich,2024-25,GK,24,90,0,0,2025-05-31,2025-06-05,3.0
474662,Hugo Magnetti,Stade Brestois 29,2024-25,MF,27,697,1,1,2025-05-31,2025-06-03,6.0
475413,Sacha Boey,Bayern Munich,2024-25,DF,24,103,0,1,2025-05-31,2025-06-05,18.0
476219,Bojan Miovski,Girona FC,2024-25,FW,25,275,0,0,2025-05-31,2025-06-09,2.5
476344,Emerson Royal,AC Milan,2024-25,DF,26,317,0,0,2025-05-31,2025-06-17,9.0
480116,Lloyd Kelly,Juventus FC,2024-25,DF,26,210,0,0,2025-05-31,2025-06-17,16.0
480267,Ronald Araujo,FC Barcelona,2024-25,DF,26,520,1,0,2025-05-31,2025-06-09,35.0
480705,Cherif Ndiaye,Red Star Belgrade,2024-25,FW,29,570,2,1,2025-05-31,2025-06-12,5.0
483046,Josip Stanisic,Bayern Munich,2024-25,DF,25,421,0,0,2025-05-31,2025-06-05,32.0
484547,Jeremie Frimpong,Bayer 04 Leverkusen,2024-25,DF,24,796,0,5,2025-05-31,2025-06-05,50.0
486031,Nico González (486031),Juventus FC,2024-25,FW,27,364,1,1,2025-05-31,2025-06-17,24.0
486046,Maarten Vandevoordt,RB Leipzig,2024-25,GK,23,180,0,0,2025-05-31,2025-06-05,8.0
487469,Vitinha,Paris Saint-Germain,2024-25,MF,25,1448,2,2,2025-05-31,2025-06-03,80.0
487474,Francisco Conceição,Juventus FC,2024-25,FW,22,605,1,2,2025-05-31,2025-06-17,28.0
487969,Randal Kolo Muani,Juventus FC,2024-25,FW,26,270,0,0,2025-05-31,2025-06-17,30.0
488362,Conor Gallagher,Atlético de Madrid,2024-25,MF,25,468,1,1,2025-05-31,2025-06-09,40.0
489463,Kyogo Furuhashi,Celtic FC,2024-25,FW,30,466,1,0,2025-05-31,2025-06-03,9.0
490426,Krépin Diatta,AS Monaco,2024-25,MF,26,211,0,0,2025-05-31,2025-06-03,7.0
491704,Benjamín Rollheiser,SL Benfica,2024-25,FW,25,91,0,0,2025-05-31,2025-06-06,8.0
496094,Karim Adeyemi,Borussia Dortmund,2024-25,FW,23,691,5,2,2025-05-31,2025-06-05,45.0
496656,Reo Hatate,Celtic FC,2024-25,MF,27,788,1,2,2025-05-31,2025-06-17,13.0
496745,Emil Holm,Bologna Football Club 1909,2024-25,DF,25,230,0,0,2025-05-31,2025-06-17,8.0
496857,Edon Zhegrova,LOSC Lille,2024-25,FW,26,361,1,1,2025-05-31,2025-06-03,25.0
499758,Hugo Vetlesen,Club Brugge KV,2024-25,MF,25,182,0,1,2025-05-31,2025-06-12,4.0
500763,Marvin Keller,BSC Young Boys,2024-25,GK,22,360,0,0,2025-05-31,2025-06-10,9.0
502670,Khvicha Kvaratskhelia,Paris Saint-Germain,2024-25,FW,24,736,3,2,2025-05-31,2025-06-03,90.0
503075,Isak Hien,Atalanta BC,2024-25,DF,26,710,0,1,2025-05-31,2025-06-17,30.0
503482,Min-jae Kim,Bayern Munich,2024-25,DF,28,1072,1,0,2025-05-31,2025-06-05,40.0
503770,Folarin Balogun,AS Monaco,2024-25,FW,23,93,0,1,2025-05-31,2025-06-03,18.0
503991,Yunus Musah,AC Milan,2024-25,MF,22,415,0,0,2025-05-31,2025-06-17,20.0
504090,Paulo Bernardo,Celtic FC,2024-25,MF,23,237,0,0,2025-05-31,2025-06-17,5.5
504215,Giovanni Reyna,Borussia Dortmund,2024-25,MF,22,274,0,1,2025-05-31,2025-06-05,7.0
507341,Fabian Rieder,VfB Stuttgart,2024-25,MF,23,239,1,3,2025-05-31,2025-06-05,6.0
507345,Leonidas Stergiou,VfB Stuttgart,2024-25,DF,23,53,0,0,2025-05-31,2025-06-05,5.0
507479,Darian Males,BSC Young Boys,2024-25,MF,24,282,0,0,2025-05-31,2025-06-10,3.0
509022,Federico Gatti,Juventus FC,2024-25,DF,26,801,0,1,2025-05-31,2025-06-17,24.0
515208,Pedrinho,FC Shakhtar Donetsk,2024-25,FW,27,205,0,0,2025-05-31,2025-06-10,5.0
515650,Takumu Kawamura,Fußballclub Red Bull Salzburg,2024-25,MF,25,50,0,0,2025-05-31,2025-06-06,1.7
516716,Bremer,Juventus FC,2024-25,DF,28,96,0,0,2025-05-31,2025-06-17,50.0
518505,Jamie Leweling,VfB Stuttgart,2024-25,FW,24,412,2,1,2025-05-31,2025-06-05,20.0
519184,Amar Dedić,Fußballclub Red Bull Salzburg,2024-25,DF,22,630,0,1,2025-05-31,2025-06-03,12.0
521964,Malick Thiaw,AC Milan,2024-25,DF,23,337,1,1,2025-05-31,2025-06-17,18.0
525155,Grégoire Coudert,Stade Brestois 29,2024-25,GK,26,90,0,0,2025-05-31,2025-06-03,0.5
525299,Miguel Gutiérrez,Girona FC,2024-25,DF,23,540,1,0,2025-05-31,2025-06-09,20.0
528833,Lazar Samardžić,Atalanta BC,2024-25,MF,23,288,1,1,2025-05-31,2025-06-17,17.0
530696,Irakli Azarovi,FC Shakhtar Donetsk,2024-25,DF,23,162,0,1,2025-05-31,2025-06-10,4.0
532776,Amine Adli,Bayer 04 Leverkusen,2024-25,FW,25,212,0,0,2025-05-31,2025-06-05,18.0
533738,Jonathan David,LOSC Lille,2024-25,FW,25,746,7,2,2025-05-31,2025-06-03,45.0
537382,Bryan Gil,Girona FC,2024-25,FW,24,453,0,0,2025-05-31,2025-06-09,15.0
537852,Dmytro Kryskiv,FC Shakhtar Donetsk,2024-25,MF,24,674,0,0,2025-05-31,2025-06-10,7.0
537854,Artem Bondarenko,FC Shakhtar Donetsk,2024-25,MF,24,462,0,0,2025-05-31,2025-06-10,10.0
538964,Thijs Dallinga,Bologna Football Club 1909,2024-25,FW,24,410,1,0,2025-05-31,2025-06-17,12.0
539197,Matej Rynes,AC Sparta Prague,2024-25,MF,24,525,0,1,2025-05-31,2025-06-17,4.0
539665,Fredrik Oppegård,PSV Eindhoven,2024-25,DF,22,19,0,0,2025-05-31,2025-06-03,0.6
543771,Kristjan Asllani,Inter Milan,2024-25,MF,23,354,0,0,2025-05-31,2025-06-17,13.0
550108,Nicola Zalewski,Inter Milan,2024-25,MF,23,38,0,0,2025-05-31,2025-06-17,12.0
550550,Gonçalo Ramos,Paris Saint-Germain,2024-25,FW,23,205,3,1,2025-05-31,2025-06-03,40.0
550829,Matej Kovar,Bayer 04 Leverkusen,2024-25,GK,25,540,0,0,2025-05-31,2025-06-05,5.0
551695,Lassina Traoré,FC Shakhtar Donetsk,2024-25,FW,24,143,0,0,2025-05-31,2025-06-10,4.0
552955,Santiago Gimenez,Feyenoord Rotterdam,2024-25,FW,24,448,6,1,2025-05-31,2025-06-17,30.0
553328,Tochi Chukwuani,Sportklub Puntigamer Sturm Graz,2024-25,MF,22,607,0,1,2025-05-31,2025-06-06,4.0
554903,Mateo Retegui,Atalanta BC,2024-25,FW,26,573,3,0,2025-05-31,2025-06-17,45.0
555076,Romain Faivre,Stade Brestois 29,2024-25,MF,26,308,0,0,2025-05-31,2025-06-03,6.0
557149,Kang-in Lee,Paris Saint-Germain,2024-25,MF,24,462,0,0,2025-05-31,2025-06-03,25.0
563963,Mohammed Salisu,AS Monaco,2024-25,DF,26,477,1,0,2025-05-31,2025-06-03,12.0
564545,Edmond Tapsoba,Bayer 04 Leverkusen,2024-25,DF,26,670,0,1,2025-05-31,2025-06-05,35.0
565045,Victor Olatunji,AC Sparta Prague,2024-25,FW,25,423,2,1,2025-05-31,2025-06-17,2.5
565435,Arne Engels,Celtic FC,2024-25,MF,21,728,1,3,2025-05-31,2025-06-17,12.0
565821,Mika Biereth,Sportklub Puntigamer Sturm Graz,2024-25,FW,22,557,2,0,2025-05-31,2025-06-03,30.0
566723,Michael Olise,Bayern Munich,2024-25,FW,23,1032,5,2,2025-05-31,2025-06-05,100.0
566931,Xavi Simons,RB Leipzig,2024-25,MF,22,337,0,0,2025-05-31,2025-06-05,70.0
569366,Enzo Millot,VfB Stuttgart,2024-25,MF,22,691,2,3,2025-05-31,2025-06-05,35.0
569598,Youssouf Fofana,AC Milan,2024-25,MF,26,799,0,2,2025-05-31,2025-06-17,30.0
571604,Giorgio Scalvini,Atalanta BC,2024-25,DF,21,35,0,0,2025-05-31,2025-06-17,35.0
574671,Strahinja Pavlović,AC Milan,2024-25,DF,24,541,0,0,2025-05-31,2025-06-17,18.0
576024,Julián Alvarez,Atlético de Madrid,2024-25,FW,25,791,7,1,2025-05-31,2025-06-09,100.0
578392,Maximilian Beier,Borussia Dortmund,2024-25,FW,22,616,1,0,2025-05-31,2025-06-05,25.0
578680,Hugo Siquet,Club Brugge KV,2024-25,DF,22,68,0,0,2025-05-31,2025-06-12,4.0
579287,Daniel Svensson,Borussia Dortmund,2024-25,DF,23,353,0,0,2025-05-31,2025-06-05,12.0
580195,Jamal Musiala,Bayern Munich,2024-25,MF,22,868,3,4,2025-05-31,2025-06-05,140.0
580451,Martin Baturina,GNK Dinamo Zagreb,2024-25,MF,22,626,2,1,2025-05-31,2025-06-09,22.0
580657,Osame Sahraoui,LOSC Lille,2024-25,FW,23,455,2,3,2025-05-31,2025-06-03,12.0
581678,Jude Bellingham,Real Madrid,2024-25,MF,21,1137,3,3,2025-05-31,2025-06-09,180.0
585949,Pierre Kalulu,Juventus FC,2024-25,DF,24,646,0,0,2025-05-31,2025-06-17,28.0
585982,Carlos Augusto,Inter Milan,2024-25,DF,26,660,0,2,2025-05-31,2025-06-17,26.0
594227,Bjorn Meijer,Club Brugge KV,2024-25,DF,22,16,0,0,2025-05-31,2025-06-12,4.0
594991,Mohamed Bayo,LOSC Lille,2024-25,FW,26,138,0,0,2025-05-31,2025-06-12,2.8
597880,Dmytro Riznyk,FC Shakhtar Donetsk,2024-25,GK,26,720,0,0,2025-05-31,2025-06-10,7.0
598577,Florian Wirtz,Bayer 04 Leverkusen,2024-25,MF,22,766,6,1,2025-05-31,2025-06-05,140.0
598629,Bruno Duarte,Red Star Belgrade,2024-25,FW,29,152,0,0,2025-05-31,2025-06-12,4.5
599231,Ferran Jutglà,Club Brugge KV,2024-25,FW,26,857,2,2,2025-05-31,2025-06-12,8.0
606893,Ermal Krasniqi,AC Sparta Prague,2024-25,FW,26,157,0,0,2025-05-31,2025-06-17,1.8
607720,Jonas Urbig,Bayern Munich,2024-25,GK,21,302,0,0,2025-05-31,2025-06-05,12.0
607854,Éderson,Atalanta BC,2024-25,MF,25,739,1,0,2025-05-31,2025-06-17,50.0
608172,Ardon Jashari,Club Brugge KV,2024-25,MF,22,951,0,0,2025-05-31,2025-06-12,32.0
610400,William Bøving,Sportklub Puntigamer Sturm Graz,2024-25,FW,22,671,0,2,2025-05-31,2025-06-06,8.0
610405,Maurits Kjærgaard,Fußballclub Red Bull Salzburg,2024-25,MF,21,90,0,0,2025-05-31,2025-06-06,10.0
612826,Silas,Red Star Belgrade,2024-25,FW,26,622,2,0,2025-05-31,2025-06-12,7.0
616341,Nuno Mendes,Paris Saint-Germain,2024-25,DF,22,1449,4,2,2025-05-31,2025-06-03,70.0
616631,Matteo Ruggeri,Atalanta BC,2024-25,DF,22,298,0,0,2025-05-31,2025-06-17,16.0
618472,Castello Lukeba,RB Leipzig,2024-25,DF,22,378,0,0,2025-05-31,2025-06-05,40.0
618898,Erencan Yardımcı,Sportklub Puntigamer Sturm Graz,2024-25,FW,23,96,0,0,2025-05-31,2025-06-05,2.5
620313,Lucas Gourna-Douath,Fußballclub Red Bull Salzburg,2024-25,MF,21,301,0,0,2025-05-31,2025-06-17,8.0
620598,Ameen Al-Dakhil,VfB Stuttgart,2024-25,DF,23,93,0,0,2025-05-31,2025-06-05,7.5
623325,Georgiy Sudakov,FC Shakhtar Donetsk,2024-25,MF,22,701,2,1,2025-05-31,2025-06-10,32.0
627228,Yan Couto,Borussia Dortmund,2024-25,DF,22,229,0,0,2025-05-31,2025-06-05,20.0
627442,Benjamin Sesko,RB Leipzig,2024-25,FW,22,521,4,0,2025-05-31,2025-06-05,70.0
631007,Filippo Terracciano,AC Milan,2024-25,DF,22,60,0,0,2025-05-31,2025-06-17,3.2
631222,Raúl Torrente,GNK Dinamo Zagreb,2024-25,DF,23,540,0,0,2025-05-31,2025-06-09,4.0
632896,Alejandro Francés,Girona FC,2024-25,DF,22,435,0,0,2025-05-31,2025-06-09,2.0
633668,Giovanni Fabbian,Bologna Football Club 1909,2024-25,MF,22,493,0,0,2025-05-31,2025-06-17,12.0
636688,Alejandro Balde,FC Barcelona,2024-25,DF,21,804,0,4,2025-05-31,2025-06-09,60.0
636695,Marc Casadó,FC Barcelona,2024-25,MF,21,632,0,2,2025-05-31,2025-06-09,30.0
636703,Fermín López,FC Barcelona,2024-25,MF,22,451,1,4,2025-05-31,2025-06-09,50.0
637446,Alistair Johnston,Celtic FC,2024-25,DF,26,838,0,1,2025-05-31,2025-06-17,10.0
639414,Young-woo Seol,Red Star Belgrade,2024-25,DF,26,701,0,3,2025-05-31,2025-06-12,4.5
640428,Eduardo Camavinga,Real Madrid,2024-25,MF,22,496,0,0,2025-05-31,2025-06-09,60.0
644032,Cheikh Niasse,BSC Young Boys,2024-25,MF,25,341,0,1,2025-05-31,2025-06-17,2.5
644771,Odilon Kossounou,Atalanta BC,2024-25,DF,24,265,0,2,2025-05-31,2025-06-17,25.0
646740,Gavi,FC Barcelona,2024-25,MF,20,298,0,0,2025-05-31,2025-06-09,60.0
648020,Alexsandro,LOSC Lille,2024-25,DF,25,900,0,1,2025-05-31,2025-06-03,20.0
648779,Wilfried Singo,AS Monaco,2024-25,DF,24,508,2,1,2025-05-31,2025-06-03,25.0
649016,El Bilal Touré,VfB Stuttgart,2024-25,FW,23,136,1,0,2025-05-31,2025-06-05,15.0
649452,Issa Kaboré,SL Benfica,2024-25,DF,24,98,0,0,2025-05-31,2025-06-05,4.0
652047,Krystof Danek,AC Sparta Prague,2024-25,MF,22,48,0,0,2025-05-31,2025-06-06,1.2
652054,Martin Vitík,AC Sparta Prague,2024-25,DF,22,720,0,0,2025-05-31,2025-06-17,11.0
652275,Hákon Arnar Haraldsson,LOSC Lille,2024-25,MF,22,304,2,0,2025-05-31,2025-06-03,18.0
654415,Alan Virginius,BSC Young Boys,2024-25,MF,22,298,0,1,2025-05-31,2025-06-10,3.0
654991,Samuel Mbangula,Juventus FC,2024-25,FW,21,223,1,0,2025-05-31,2025-06-17,14.0
656681,Victor Boniface,Bayer 04 Leverkusen,2024-25,FW,24,243,1,0,2025-05-31,2025-06-05,40.0
657796,Alaa Ghram,FC Shakhtar Donetsk,2024-25,DF,23,135,0,0,2025-05-31,2025-06-10,1.5
659459,Carney Chukwuemeka,Borussia Dortmund,2024-25,MF,21,76,0,0,2025-05-31,2025-06-05,18.0
659513,Soumaïla Coulibaly,Stade Brestois 29,2024-25,DF,21,635,0,0,2025-05-31,2025-06-03,8.0
659813,Piero Hincapié,Bayer 04 Leverkusen,2024-25,DF,23,773,1,0,2025-05-31,2025-06-05,50.0
661171,Willian Pacho,Paris Saint-Germain,2024-25,DF,23,1542,0,0,2025-05-31,2025-06-03,65.0
661206,Seedy Jatta,Sportklub Puntigamer Sturm Graz,2024-25,FW,22,383,0,1,2025-05-31,2025-06-06,2.0
662932,Dane Murray,Celtic FC,2024-25,DF,21,8,0,0,2025-05-31,2025-06-17,0.15
668177,Javi Serrano,Atlético de Madrid,2024-25,MF,22,45,0,0,2025-05-31,2025-06-25,0.7
668207,Petar Sučić,GNK Dinamo Zagreb,2024-25,MF,21,265,2,0,2025-05-31,2025-06-09,14.0
668235,Marlon Gomes,FC Shakhtar Donetsk,2024-25,MF,21,289,1,0,2025-05-31,2025-06-10,10.0
670681,João Neves,Paris Saint-Germain,2024-25,MF,20,1436,1,1,2025-05-31,2025-06-03,80.0
670882,Jamie Gittens,Borussia Dortmund,2024-25,FW,20,848,4,1,2025-05-31,2025-06-05,50.0
671594,Kamory Doumbia,Stade Brestois 29,2024-25,MF,22,439,0,0,2025-05-31,2025-06-03,4.0
673514,Abdoulaye Ndiaye,Stade Brestois 29,2024-25,DF,23,180,0,0,2025-05-31,2025-06-03,4.0
675857,Indrit Tuci,AC Sparta Prague,2024-25,FW,24,42,0,0,2025-05-31,2025-06-17,0.8
683840,Pedri,FC Barcelona,2024-25,MF,22,1118,0,2,2025-05-31,2025-06-09,140.0
686965,Juan Cabal,Juventus FC,2024-25,DF,24,158,0,0,2025-05-31,2025-06-17,9.0
690799,Anthony Rouault,VfB Stuttgart,2024-25,DF,24,621,0,0,2025-05-31,2025-06-03,10.0
692807,Ivan Gutesa,Red Star Belgrade,2024-25,GK,23,270,0,0,2025-05-31,2025-06-12,1.2
694928,Samuel Lino,Atlético de Madrid,2024-25,FW,25,410,0,3,2025-05-31,2025-06-09,22.0
699442,Kacper Urbański,Bologna Football Club 1909,2024-25,MF,20,213,0,0,2025-05-31,2025-06-17,6.0
699783,Raphael Onyedika,Club Brugge KV,2024-25,MF,24,940,1,1,2025-05-31,2025-06-12,20.0
705395,Gerard Martín,FC Barcelona,2024-25,DF,23,445,0,3,2025-05-31,2025-06-09,12.0
707327,Martin Suchomel,AC Sparta Prague,2024-25,MF,22,20,0,0,2025-05-31,2025-06-17,1.0
707572,Pau Víctor,FC Barcelona,2024-25,FW,23,48,0,0,2025-05-31,2025-06-09,4.0
708072,Nicolò Savona,Juventus FC,2024-25,DF,22,427,0,0,2025-05-31,2025-06-17,12.0
708265,Bradley Barcola,Paris Saint-Germain,2024-25,FW,22,1096,3,4,2025-05-31,2025-06-03,70.0
708454,Romeo Vermant,Club Brugge KV,2024-25,FW,21,52,0,0,2025-05-31,2025-06-12,6.0
709957,Álex Valle,Celtic FC,2024-25,DF,21,210,0,1,2025-05-31,2025-06-17,6.0
718756,Daniil Khudyakov,Sportklub Puntigamer Sturm Graz,2024-25,GK,21,180,0,0,2025-05-31,2025-06-06,0.8
720038,Pablo Torre,FC Barcelona,2024-25,MF,22,19,0,0,2025-05-31,2025-06-09,6.0
724129,Matias Fernandez-Pardo,LOSC Lille,2024-25,FW,20,260,0,1,2025-05-31,2025-06-03,15.0
741090,Jonas Rouhi,Juventus FC,2024-25,DF,21,1,0,0,2025-05-31,2025-06-17,2.0
741142,Zaid Romero,Club Brugge KV,2024-25,DF,25,32,0,0,2025-05-31,2025-06-12,3.0
741258,Sergi Domínguez,FC Barcelona,2024-25,DF,20,33,0,0,2025-05-31,2025-06-25,1.0
742201,Giuliano Simeone,Atlético de Madrid,2024-25,FW,22,571,1,2,2025-05-31,2025-06-09,35.0
742521,Jhon Solís,Girona FC,2024-25,MF,20,96,0,0,2025-05-31,2025-06-09,2.5
743122,Kyriani Sabbe,Club Brugge KV,2024-25,DF,20,240,1,0,2025-05-31,2025-06-12,4.5
743384,Chemsdine Talbi,Club Brugge KV,2024-25,FW,20,552,2,1,2025-05-31,2025-06-12,8.0
743587,Vinícius Tobias,FC Shakhtar Donetsk,2024-25,DF,21,210,0,0,2025-05-31,2025-06-10,5.0
744728,Arijon Ibrahimovic,Bayern Munich,2024-25,MF,19,2,0,0,2025-05-31,2025-06-17,4.0
745181,Soungoutou Magassa,AS Monaco,2024-25,MF,21,284,1,0,2025-05-31,2025-06-03,12.0
745200,Maghnes Akliouche,AS Monaco,2024-25,FW,23,807,2,2,2025-05-31,2025-06-03,45.0
750903,Jaouen Hadjam,BSC Young Boys,2024-25,DF,22,481,0,0,2025-05-31,2025-06-10,9.0
775605,Pablo Barrios,Atlético de Madrid,2024-25,MF,21,431,0,0,2025-05-31,2025-06-09,55.0
776798,Abdallah Sima,Stade Brestois 29,2024-25,FW,23,508,3,0,2025-05-31,2025-06-03,9.0
787912,El Chadaille Bitshiabu,RB Leipzig,2024-25,DF,20,268,0,0,2025-05-31,2025-06-05,18.0
789082,Vanderson,AS Monaco,2024-25,DF,23,781,0,2,2025-05-31,2025-06-03,20.0
792380,Aleksandar Pavlovic,Bayern Munich,2024-25,MF,21,291,0,1,2025-05-31,2025-06-05,55.0
800988,Benjamin Boakye,VfB Stuttgart,2024-25,FW,20,6,0,0,2025-05-31,2025-06-11,0.5
805534,Arjan Malic,Sportklub Puntigamer Sturm Graz,2024-25,DF,19,183,1,0,2025-05-31,2025-06-06,1.5
805714,Renato Veiga,Juventus FC,2024-25,DF,21,102,0,0,2025-05-31,2025-06-17,25.0
810092,Warren Zaïre-Emery,Paris Saint-Germain,2024-25,MF,19,603,1,0,2025-05-31,2025-06-03,55.0
810895,Eliesse Ben Seghir,AS Monaco,2024-25,FW,20,544,2,0,2025-05-31,2025-06-03,28.0
810909,Lucas Michal,AS Monaco,2024-25,FW,19,37,0,0,2025-05-31,2025-06-03,0.5
816580,Tiago Santos,LOSC Lille,2024-25,DF,22,116,0,0,2025-05-31,2025-06-03,15.0
818880,Tommaso Corazza,Bologna Football Club 1909,2024-25,MF,20,1,0,0,2025-05-31,2025-06-02,1.5
819215,Julien Duranville,Borussia Dortmund,2024-25,FW,19,297,0,0,2025-05-31,2025-06-05,8.5
826224,Arnau Martínez,Girona FC,2024-25,DF,22,415,0,0,2025-05-31,2025-06-09,10.0
845654,Kenan Yıldız,Juventus FC,2024-25,FW,20,669,1,1,2025-05-31,2025-06-17,50.0
848682,Kosta Nedeljkovic,Aston Villa,2024-25,DF,19,29,0,0,2025-05-31,2025-06-05,10.0
849520,Santiago Castro,Bologna Football Club 1909,2024-25,FW,20,336,0,0,2025-05-31,2025-06-17,35.0
851551,Ognjen Mimović,Red Star Belgrade,2024-25,DF,20,371,0,0,2025-05-31,2025-06-04,3.5
853110,Hyun-jun Yang,Celtic FC,2024-25,FW,23,154,0,1,2025-05-31,2025-06-17,2.5
857818,Yáser Asprilla,Girona FC,2024-25,FW,21,242,0,0,2025-05-31,2025-06-09,15.0
858712,Pedro Henrique,FC Shakhtar Donetsk,2024-25,DF,22,447,0,0,2025-05-31,2025-06-10,3.0
861410,Arda Güler,Real Madrid,2024-25,MF,20,142,0,0,2025-05-31,2025-06-09,45.0
864799,Stefan Bajcetic,Fußballclub Red Bull Salzburg,2024-25,MF,20,202,0,0,2025-05-31,2025-06-09,9.0
866579,Cole Campbell,Borussia Dortmund,2024-25,FW,19,13,0,0,2025-05-31,2025-06-11,1.5
872171,Lucas Beraldo,Paris Saint-Germain,2024-25,DF,21,141,0,0,2025-05-31,2025-06-03,25.0
881297,Adam Daghim,Fußballclub Red Bull Salzburg,2024-25,FW,19,393,1,0,2025-05-31,2025-06-06,5.0
887638,Davide Bartesaghi,AC Milan,2024-25,DF,19,27,0,0,2025-05-31,2025-06-19,1.8
893661,Joel Ordóñez,Club Brugge KV,2024-25,DF,21,1048,0,0,2025-05-31,2025-06-12,28.0
894914,Antonio Nusa,RB Leipzig,2024-25,FW,20,517,0,0,2025-05-31,2025-06-05,28.0
895937,Marco Palestra,Atalanta BC,2024-25,DF,20,64,0,0,2025-05-31,2025-06-17,3.5
897424,Assan Ouédraogo,RB Leipzig,2024-25,MF,19,23,0,0,2025-05-31,2025-06-05,7.0
900195,Kevin,FC Shakhtar Donetsk,2024-25,FW,22,460,2,0,2025-05-31,2025-06-10,12.0
903666,Ethan Mbappé,LOSC Lille,2024-25,FW,18,78,0,0,2025-05-31,2025-06-03,5.0
903693,Senny Mayulu,Paris Saint-Germain,2024-25,MF,19,45,2,0,2025-05-31,2025-06-03,15.0
903706,Albion Rrahmani,AC Sparta Prague,2024-25,FW,24,327,1,0,2025-05-31,2025-06-17,5.0
914562,Désiré Doué,Paris Saint-Germain,2024-25,FW,19,740,5,4,2025-05-31,2025-06-03,90.0
917120,Tanguy Zoukrou,BSC Young Boys,2024-25,DF,22,270,0,0,2025-05-31,2025-06-10,1.8
918969,Lamine Camara,AS Monaco,2024-25,MF,21,610,0,0,2025-05-31,2025-06-03,22.0
919515,Jeanuël Belocian,Bayer 04 Leverkusen,2024-25,DF,20,11,0,0,2025-05-31,2025-06-05,15.0
926694,Arthur Vermeeren,RB Leipzig,2024-25,MF,20,337,0,0,2025-05-31,2025-06-05,22.0
928323,Ibrahim Salah,Stade Brestois 29,2024-25,FW,23,66,0,0,2025-05-31,2025-06-03,3.0
929887,Adam Sevinsky,AC Sparta Prague,2024-25,DF,20,90,0,0,2025-05-31,2025-06-17,2.0
929943,Francis Onyeka,Bayer 04 Leverkusen,2024-25,MF,18,14,0,0,2025-05-31,2025-06-05,0.5
930571,Oscar Gloukh,Fußballclub Red Bull Salzburg,2024-25,MF,21,681,0,2,2025-05-31,2025-06-06,20.0
930767,Giacomo De Pieri,Inter Milan,2024-25,FW,18,14,0,0,2025-05-31,2025-06-27,1.5
930780,Thomas Berenbruch,Inter Milan,2024-25,MF,20,6,0,0,2025-05-31,2025-06-27,1.5
935245,Raúl Asencio,Real Madrid,2024-25,DF,22,748,0,1,2025-05-31,2025-06-09,40.0
937955,Héctor Fort,FC Barcelona,2024-25,DF,18,49,0,0,2025-05-31,2025-06-09,10.0
937958,Lamine Yamal,FC Barcelona,2024-25,FW,17,1103,5,4,2025-05-31,2025-06-09,200.0
938146,Adam Aznou,Bayern Munich,2024-25,DF,18,2,0,0,2025-05-31,2025-06-09,4.0
939745,Lorenzo Torriani,AC Milan,2024-25,GK,20,39,0,0,2025-05-31,2025-06-17,0.5
942070,Wessel Kuhn,PSV Eindhoven,2024-25,DF,18,16,0,0,2025-05-31,2025-06-09,0.5
944570,Vasilije Adžić,Juventus FC,2024-25,MF,19,22,0,0,2025-05-31,2025-06-17,4.0
947360,Kassoum Ouattara,AS Monaco,2024-25,DF,20,20,0,0,2025-05-31,2025-06-03,7.0
948278,Jacobo Ramón,Real Madrid,2024-25,DF,20,12,0,0,2025-05-31,2025-06-25,1.0
948537,Anrie Chase,VfB Stuttgart,2024-25,DF,21,155,0,0,2025-05-31,2025-06-05,3.0
951217,Lukas Penxa,AC Sparta Prague,2024-25,MF,20,1,0,0,2025-05-31,2025-06-17,0.5
952779,Andrija Maksimovic,Red Star Belgrade,2024-25,MF,17,418,0,0,2025-05-31,2025-06-12,15.0
960057,Juan Córdoba,GNK Dinamo Zagreb,2024-25,FW,21,16,0,0,2025-05-31,2025-06-09,1.3
962110,Pau Cubarsí,FC Barcelona,2024-25,DF,18,982,0,1,2025-05-31,2025-06-09,80.0
971570,Endrick,Real Madrid,2024-25,FW,18,135,1,0,2025-05-31,2025-06-09,35.0
977464,Arthur,Bayer 04 Leverkusen,2024-25,DF,22,107,0,0,2025-05-31,2025-06-05,7.0
981196,Joaquin Seys,Club Brugge KV,2024-25,DF,20,768,0,0,2025-05-31,2025-06-12,8.0
988987,Matteo Cocchi,Inter Milan,2024-25,DF,18,6,0,0,2025-05-31,2025-06-27,1.5
1004834,George Ilenikhena,AS Monaco,2024-25,FW,18,109,2,0,2025-05-31,2025-06-03,15.0
1005240,Christian Mawissa,AS Monaco,2024-25,DF,20,295,0,0,2025-05-31,2025-06-03,15.0
1009485,Branko Pavic,GNK Dinamo Zagreb,2024-25,MF,18,73,0,0,2025-05-31,2025-06-09,0.4
1016015,Ngal'ayel Mukau,LOSC Lille,2024-25,MF,20,567,2,0,2025-05-31,2025-06-03,15.0
1031774,Jarzinho Malanga,VfB Stuttgart,2024-25,FW,18,37,0,0,2025-05-31,2025-06-11,1.7
1033963,Eguinaldo,FC Shakhtar Donetsk,2024-25,FW,20,408,0,1,2025-05-31,2025-06-10,4.0
1035659,Younes Lachaab,LOSC Lille,2024-25,FW,20,1,0,0,2025-05-31,2025-06-03,0.05
1045344,Artem Stepanov,Bayer 04 Leverkusen,2024-25,FW,17,18,0,0,2025-05-31,2025-06-05,0.8
1058368,Francesco Camarda,AC Milan,2024-25,FW,17,35,0,0,2025-05-31,2025-06-19,10.0
1061660,Selvi Clua,Girona FC,2024-25,MF,20,79,0,0,2025-05-31,2025-06-24,0.3
1072724,John Mellberg,Fußballclub Red Bull Salzburg,2024-25,DF,18,45,0,0,2025-05-31,2025-06-06,2.0
1074526,Viggo Gebel,RB Leipzig,2024-25,MF,17,5,0,0,2025-05-31,2025-06-05,0.35
1082823,Newerton,FC Shakhtar Donetsk,2024-25,FW,19,84,0,0,2025-05-31,2025-06-10,3.0
1097139,Ayyoub Bouaddi,LOSC Lille,2024-25,MF,17,622,0,1,2025-05-31,2025-06-03,28.0
1108203,Min-su Kim,Girona FC,2024-25,FW,19,11,0,0,2025-05-31,2025-06-09,0.3
1144999,Luck Zogbé,Stade Brestois 29,2024-25,DF,20,90,0,0,2025-05-31,2025-06-03,2.5
1155608,Amady Camara,Sportklub Puntigamer Sturm Graz,2024-25,FW,20,131,0,0,2025-05-31,2025-06-06,1.5
1178758,Malick Yalcouyé,Sportklub Puntigamer Sturm Graz,2024-25,MF,19,622,0,0,2025-05-31,2025-06-06,17.0
