player_id,player,team,season,position,age,minutes,goals,assists,feature_cutoff,valuation_date,market_value_eur_m
7663,Joaquín,Real Betis Balompié,2021-22,FW,40,456,0,1,2022-05-22,2022-06-03,1.5
8176,Oier Olazábal,RCD Espanyol Barcelona,2021-22,GK,32,135,0,0,2022-05-22,2022-06-03,0.3
15452,Raúl Albiol,Villarreal CF,2021-22,DF,36,2466,0,0,2022-05-22,2022-06-03,3.0
15951,Dani Alves,FC Barcelona,2021-22,DF,39,1104,1,3,2022-05-22,2022-06-03,1.0
15956,Jesús Navas,Sevilla FC,2021-22,MF,36,1786,0,3,2022-05-22,2022-06-03,3.0
16306,Casemiro,Real Madrid,2021-22,MF,30,2576,1,4,2022-05-22,2022-06-03,40.0
18644,Álvaro Negredo,Cádiz CF,2021-22,FW,36,2159,7,2,2022-05-22,2022-06-03,1.5
18922,Karim Benzema,Real Madrid,2021-22,FW,34,2603,27,12,2022-05-22,2022-06-03,30.0
18944,Gerard Piqué,FC Barcelona,2021-22,DF,35,2096,1,0,2022-05-22,2022-06-03,5.0
20005,Papu Gómez,Sevilla FC,2021-22,FW,34,1787,5,1,2022-05-22,2022-06-03,6.0
20506,Andrés Guardado,Real Betis Balompié,2021-22,MF,35,1395,0,1,2022-05-22,2022-06-03,1.5
27486,Kiko Casilla,Elche CF,2021-22,GK,35,1260,0,0,2022-05-22,2022-06-03,0.7
27992,Luka Modrić,Real Madrid,2021-22,MF,36,2046,2,8,2022-05-22,2022-06-03,10.0
29051,Manolo Reina,RCD Mallorca,2021-22,GK,37,1890,0,0,2022-05-22,2022-06-03,0.2
30321,Óscar Trejo,Rayo Vallecano,2021-22,MF,34,2022,3,9,2022-05-22,2022-06-03,3.0
31909,Toni Kroos,Real Madrid,2021-22,MF,32,2107,1,3,2022-05-22,2022-06-03,20.0
32467,Ivan Rakitic,Sevilla FC,2021-22,MF,34,2187,4,6,2022-05-22,2022-06-03,7.0
32522,Antonio Barragán,Elche CF,2021-22,DF,34,1022,0,0,2022-05-22,2022-06-03,0.6
34370,Diego López (34370),RCD Espanyol Barcelona,2021-22,GK,40,3178,0,0,2022-05-22,2022-06-03,0.5
34601,Raúl García (34601),Athletic Bilbao,2021-22,FW,35,1818,6,3,2022-05-22,2022-06-03,2.5
34870,Roberto Soldado,Levante UD,2021-22,FW,36,662,3,2,2022-05-22,2022-06-03,1.0
35518,David Silva,Real Sociedad,2021-22,MF,36,1733,2,6,2022-05-22,2022-06-03,4.0
37337,Mario Suárez,Rayo Vallecano,2021-22,DF,35,709,0,0,2022-05-22,2022-06-03,0.3
39152,Radamel Falcao,Rayo Vallecano,2021-22,FW,36,831,6,0,2022-05-22,2022-06-03,2.0
39381,Gareth Bale,Real Madrid,2021-22,FW,32,283,1,0,2022-05-22,2022-06-03,3.0
40423,Claudio Bravo,Real Betis Balompié,2021-22,GK,39,1457,0,0,2022-05-22,2022-06-03,1.0
42920,Fran Mérida,RCD Espanyol Barcelona,2021-22,MF,32,263,0,0,2022-05-22,2022-06-03,0.9
44352,Luis Suárez (44352),Atlético de Madrid,2021-22,FW,35,1835,11,3,2022-05-22,2022-06-03,8.0
44501,Marcelo,Real Madrid,2021-22,DF,34,523,0,2,2022-05-22,2022-06-03,3.0
46413,Ante Budimir,CA Osasuna,2021-22,FW,30,1740,8,2,2022-05-22,2022-06-03,6.0
50202,Eden Hazard,Real Madrid,2021-22,FW,31,713,0,1,2022-05-22,2022-06-03,12.0
51174,Fernando,Sevilla FC,2021-22,MF,34,1850,1,1,2022-05-22,2022-06-03,4.0
51510,Ángel Rodríguez,RCD Mallorca,2021-22,FW,35,1549,4,3,2022-05-22,2022-06-03,2.0
51710,Sergio Asenjo,Villarreal CF,2021-22,GK,32,540,0,0,2022-05-22,2022-06-03,4.0
54235,Iker Muniain,Athletic Bilbao,2021-22,FW,29,2803,4,11,2022-05-22,2022-06-03,16.0
54935,Martín Cáceres,Levante UD,2021-22,DF,35,669,0,0,2022-05-22,2022-06-03,0.9
55215,Javier Pastore,Elche CF,2021-22,MF,32,523,0,0,2022-05-22,2022-06-03,0.9
56067,Pablo Piatti,Elche CF,2021-22,FW,33,308,0,0,2022-05-22,2022-06-03,1.0
57825,Jorge Molina,Granada CF,2021-22,FW,40,1959,10,5,2022-05-22,2022-06-03,1.5
58330,Víctor Díaz,Granada CF,2021-22,DF,33,1504,1,0,2022-05-22,2022-06-03,0.7
58799,Salva Sevilla,RCD Mallorca,2021-22,MF,38,1512,5,3,2022-05-22,2022-06-03,0.3
58864,Pierre-Emerick Aubameyang,FC Barcelona,2021-22,FW,32,1092,11,1,2022-05-22,2022-06-03,15.0
58884,Nacho Fernández,Real Madrid,2021-22,DF,32,1549,3,0,2022-05-22,2022-06-03,7.0
59016,David Alaba,Real Madrid,2021-22,DF,29,2644,2,3,2022-05-22,2022-06-03,55.0
59344,Asier Illarramendi,Real Sociedad,2021-22,MF,32,377,0,0,2022-05-22,2022-06-03,3.0
59551,Ángel Montoro,Granada CF,2021-22,MF,33,1330,1,1,2022-05-22,2022-06-03,1.0
59561,Dani Parejo,Villarreal CF,2021-22,MF,33,2710,2,10,2022-05-22,2022-06-03,9.0
60410,Marcos Acuña,Sevilla FC,2021-22,DF,30,2264,1,3,2022-05-22,2022-06-03,18.0
60542,Maxime Gonalons,Granada CF,2021-22,MF,33,1556,0,2,2022-05-22,2022-06-03,1.8
61812,Yuri Berchiche,Athletic Bilbao,2021-22,DF,32,1016,1,2,2022-05-22,2022-06-03,3.0
62920,Víctor Ruiz,Real Betis Balompié,2021-22,DF,33,1425,0,0,2022-05-22,2022-06-03,1.5
62945,Luis Hernández,Cádiz CF,2021-22,DF,33,1365,0,0,2022-05-22,2022-06-03,0.8
63040,Oier Sanjurjo,CA Osasuna,2021-22,MF,35,750,1,0,2022-05-22,2022-06-03,0.5
63056,Roberto Torres,CA Osasuna,2021-22,MF,33,794,2,2,2022-05-22,2022-06-03,3.0
63463,Daniel Wass,Valencia CF,2021-22,MF,32,1637,1,1,2022-05-22,2022-06-03,6.0
63494,Étienne Capoue,Villarreal CF,2021-22,MF,33,2297,1,1,2022-05-22,2022-06-03,3.0
64134,Néstor Araújo,Celta de Vigo,2021-22,DF,30,2619,0,0,2022-05-22,2022-06-03,4.0
65230,Sergio Busquets,FC Barcelona,2021-22,MF,33,3202,2,0,2022-05-22,2022-06-03,9.0
65318,Jaume Costa,RCD Mallorca,2021-22,DF,34,1833,0,4,2022-05-22,2022-06-03,1.2
65467,Vicente Iborra,Villarreal CF,2021-22,MF,34,1031,0,1,2022-05-22,2022-06-03,2.0
66106,Sergio Canales,Real Betis Balompié,2021-22,MF,31,2803,5,8,2022-05-22,2022-06-03,20.0
67080,Víctor Laguardia,Deportivo Alavés,2021-22,DF,32,3044,3,2,2022-05-22,2022-06-03,2.0
67082,Vitolo,Getafe CF,2021-22,FW,32,216,0,0,2022-05-22,2022-06-03,1.5
67089,Juan Cala,Cádiz CF,2021-22,DF,32,946,0,0,2022-05-22,2022-06-03,0.9
67090,Dídac Vilà,RCD Espanyol Barcelona,2021-22,DF,32,196,0,0,2022-05-22,2022-06-03,0.6
67548,Rubén Rochina,Granada CF,2021-22,FW,31,739,1,3,2022-05-22,2022-06-03,2.5
68645,Martín Montoya,Real Betis Balompié,2021-22,DF,31,518,0,1,2022-05-22,2022-06-03,1.5
69660,Jonás Ramalho,CA Osasuna,2021-22,DF,28,245,0,0,2022-05-22,2022-06-03,0.8
69751,Jordi Alba,FC Barcelona,2021-22,DF,33,2648,2,10,2022-05-22,2022-06-03,9.0
70934,Nolito,Celta de Vigo,2021-22,FW,35,1383,2,0,2022-05-22,2022-06-03,1.2
71579,Iñigo Pérez,CA Osasuna,2021-22,MF,34,336,1,0,2022-05-22,2022-06-03,0.6
71905,Coke,Levante UD,2021-22,DF,35,114,1,0,2022-05-22,2022-06-03,0.6
72047,Iago Aspas,Celta de Vigo,2021-22,FW,34,3095,18,6,2022-05-22,2022-06-03,7.0
72479,Clément Grenier,RCD Mallorca,2021-22,MF,31,56,1,0,2022-05-22,2022-06-03,1.0
72522,Luuk de Jong,FC Barcelona,2021-22,FW,31,643,6,0,2022-05-22,2022-06-03,4.0
73185,Lucas Pérez,Elche CF,2021-22,FW,33,2340,5,3,2022-05-22,2022-06-03,2.5
73250,Mario Gaspar,Villarreal CF,2021-22,DF,31,621,0,0,2022-05-22,2022-06-03,3.0
74229,Koke,Atlético de Madrid,2021-22,MF,30,2509,1,2,2022-05-22,2022-06-03,25.0
74294,Nemanja Gudelj,Sevilla FC,2021-22,MF,30,1040,0,0,2022-05-22,2022-06-03,4.0
74857,Marc-André ter Stegen,FC Barcelona,2021-22,GK,30,3150,0,0,2022-05-22,2022-06-03,30.0
74869,Francis Coquelin,Villarreal CF,2021-22,MF,31,825,2,1,2022-05-22,2022-06-03,5.0
76061,Sime Vrsaljko,Atlético de Madrid,2021-22,DF,30,909,1,2,2022-05-22,2022-06-03,5.0
76746,Damián Suárez,Getafe CF,2021-22,DF,34,2720,0,3,2022-05-22,2022-06-03,1.5
80293,Aïssa Mandi,Villarreal CF,2021-22,DF,30,1374,1,0,2022-05-22,2022-06-03,6.0
80444,Philippe Coutinho,FC Barcelona,2021-22,MF,29,502,2,0,2022-05-22,2022-06-15,20.0
81999,Joselu,Deportivo Alavés,2021-22,FW,32,3126,14,5,2022-05-22,2022-06-03,5.0
82503,Aridane Hernández,CA Osasuna,2021-22,DF,33,1159,0,0,2022-05-22,2022-06-03,1.5
85258,Mikel Balenziaga,Athletic Bilbao,2021-22,DF,34,2028,0,0,2022-05-22,2022-06-03,1.2
85288,Isco,Real Madrid,2021-22,MF,30,324,1,0,2022-05-22,2022-06-03,7.5
85295,Iván Balliu,Rayo Vallecano,2021-22,DF,30,3148,1,2,2022-05-22,2022-06-03,2.0
85370,Sergi Roberto,FC Barcelona,2021-22,MF,30,400,2,1,2022-05-22,2022-06-03,6.0
85383,Rubén Sobrino,Cádiz CF,2021-22,FW,29,1871,4,1,2022-05-22,2022-06-03,2.0
87469,Cote,CA Osasuna,2021-22,DF,32,1081,1,1,2022-05-22,2022-06-03,1.5
88490,Aleix Vidal,RCD Espanyol Barcelona,2021-22,FW,32,1905,2,0,2022-05-22,2022-06-03,2.0
88590,Shkodran Mustafi,Levante UD,2021-22,DF,30,659,1,0,2022-05-22,2022-06-03,2.0
89297,Rodrigo Battaglia,RCD Mallorca,2021-22,MF,30,1174,0,0,2022-05-22,2022-06-03,1.8
89733,Álex Fernández,Cádiz CF,2021-22,MF,29,2050,3,2,2022-05-22,2022-06-03,6.0
90451,Iván Marcone,Elche CF,2021-22,MF,31,807,0,0,2022-05-22,2022-06-03,2.0
91849,Thomas Delaney,Sevilla FC,2021-22,MF,30,1544,2,1,2022-05-22,2022-06-03,7.0
92947,Sergi Gómez,RCD Espanyol Barcelona,2021-22,DF,30,2724,1,2,2022-05-22,2022-06-03,3.0
93935,Sergio Escudero,Granada CF,2021-22,DF,32,1427,2,1,2022-05-22,2022-06-03,1.8
93936,Kike García,CA Osasuna,2021-22,FW,32,1859,5,2,2022-05-22,2022-06-03,1.8
94308,Marko Dmitrovic,Sevilla FC,2021-22,GK,30,540,0,0,2022-05-22,2022-06-03,5.0
95641,Darko Brasanac,CA Osasuna,2021-22,MF,30,2411,1,2,2022-05-22,2022-06-03,2.0
95732,Martin Braithwaite,FC Barcelona,2021-22,FW,30,236,2,1,2022-05-22,2022-06-03,6.0
95810,Kieran Trippier,Atlético de Madrid,2021-22,DF,31,979,0,0,2022-05-22,2022-06-15,15.0
95963,Germán Sánchez,Granada CF,2021-22,DF,35,2297,2,1,2022-05-22,2022-06-03,0.8
96718,Óscar de Marcos,Athletic Bilbao,2021-22,DF,33,1685,1,2,2022-05-22,2022-06-03,1.8
98322,Denis Cheryshev,Valencia CF,2021-22,FW,31,541,0,2,2022-05-22,2022-06-03,2.5
98596,John Guidetti,Deportivo Alavés,2021-22,FW,30,275,0,1,2022-05-22,2022-06-03,1.0
99353,Portu,Real Sociedad,2021-22,FW,30,1584,1,2,2022-05-22,2022-06-03,9.0
99559,Alberto Perea,Cádiz CF,2021-22,FW,31,775,0,1,2022-05-22,2022-06-03,1.0
99922,Marc Bartra,Real Betis Balompié,2021-22,DF,31,1994,1,0,2022-05-22,2022-06-03,6.0
100131,William Carvalho,Real Betis Balompié,2021-22,MF,30,1805,2,3,2022-05-22,2022-06-03,16.0
102146,Édgar Badía,Elche CF,2021-22,GK,30,2160,0,0,2022-05-22,2022-06-03,3.0
102423,Leandro Cabrera,RCD Espanyol Barcelona,2021-22,DF,30,3330,2,0,2022-05-22,2022-06-03,4.0
107010,Stefan Savic,Atlético de Madrid,2021-22,DF,31,2441,0,0,2022-05-22,2022-06-03,16.0
108390,Thibaut Courtois,Real Madrid,2021-22,GK,30,3240,0,0,2022-05-22,2022-06-03,60.0
111630,Erik Lamela,Sevilla FC,2021-22,FW,30,1015,5,2,2022-05-22,2022-06-03,16.0
111819,Neto,FC Barcelona,2021-22,GK,32,270,0,0,2022-05-22,2022-06-03,3.0
111961,Suso,Sevilla FC,2021-22,MF,28,388,0,1,2022-05-22,2022-06-03,10.0
113133,Germán Pezzella,Real Betis Balompié,2021-22,DF,30,1991,1,0,2022-05-22,2022-06-03,5.0
118997,Aitor Fernández,Levante UD,2021-22,GK,31,1167,0,0,2022-05-22,2022-06-03,2.5
119235,Carlos Bacca,Granada CF,2021-22,FW,35,506,0,1,2022-05-22,2022-06-03,1.0
119905,Hugo Mallo,Celta de Vigo,2021-22,DF,30,1829,1,1,2022-05-22,2022-06-03,4.0
120095,José Campaña,Levante UD,2021-22,MF,28,1419,2,2,2022-05-22,2022-06-03,6.0
120443,Santiago Arias,Granada CF,2021-22,DF,30,433,1,0,2022-05-22,2022-06-03,4.0
121483,Jan Oblak,Atlético de Madrid,2021-22,GK,29,3420,0,0,2022-05-22,2022-06-03,45.0
122043,Héctor Herrera,Atlético de Madrid,2021-22,MF,32,851,0,0,2022-05-22,2022-06-03,5.0
122155,Willian José,Real Betis Balompié,2021-22,FW,30,1609,9,4,2022-05-22,2022-06-03,12.0
125165,Jesús Corona,Sevilla FC,2021-22,FW,29,1162,2,4,2022-05-22,2022-06-03,18.0
125781,Antoine Griezmann,Atlético de Madrid,2021-22,FW,31,1971,3,5,2022-05-22,2022-06-03,35.0
126540,Samuel Umtiti,FC Barcelona,2021-22,DF,28,90,0,0,2022-05-22,2022-06-03,2.0
126716,Paco Alcácer,Villarreal CF,2021-22,FW,28,790,1,3,2022-05-22,2022-06-03,9.0
126737,Juanmi,Real Betis Balompié,2021-22,FW,29,2146,16,5,2022-05-22,2022-06-03,15.0
126751,Iñigo Ruiz de Galarreta,RCD Mallorca,2021-22,MF,28,1388,0,0,2022-05-22,2022-06-03,1.8
127032,Serge Aurier,Villarreal CF,2021-22,DF,29,1003,0,1,2022-05-22,2022-06-03,10.0
127108,Florian Lejeune,Deportivo Alavés,2021-22,DF,31,2700,0,0,2022-05-22,2022-06-03,2.0
127189,Geoffrey Kondogbia,Atlético de Madrid,2021-22,MF,29,1884,1,2,2022-05-22,2022-06-03,20.0
128969,Mathew Ryan,Real Sociedad,2021-22,GK,30,270,0,0,2022-05-22,2022-06-03,5.0
129444,David López (129444),RCD Espanyol Barcelona,2021-22,DF,32,742,0,0,2022-05-22,2022-06-03,1.8
129473,Rafinha,Real Sociedad,2021-22,MF,29,1059,1,0,2022-05-22,2022-06-03,9.0
131102,Jeison Murillo,Celta de Vigo,2021-22,DF,29,1115,0,0,2022-05-22,2022-06-03,3.5
131275,Choco Lozano,Cádiz CF,2021-22,FW,29,1675,7,4,2022-05-22,2022-06-03,4.0
133794,Edgar Méndez,Deportivo Alavés,2021-22,FW,32,1614,1,1,2022-05-22,2022-06-03,1.2
135492,Youssouf Sabaly,Real Betis Balompié,2021-22,DF,29,789,0,1,2022-05-22,2022-06-03,3.0
137616,Okay Yokuşlu,Getafe CF,2021-22,MF,28,596,0,0,2022-05-22,2022-06-03,3.0
138927,Daniel Carvajal,Real Madrid,2021-22,DF,30,1552,1,3,2022-05-22,2022-06-03,18.0
139435,Dani Rodríguez (139435),RCD Mallorca,2021-22,MF,33,2841,3,4,2022-05-22,2022-06-03,1.2
139895,Tomás Pina,Deportivo Alavés,2021-22,MF,34,1444,0,0,2022-05-22,2022-06-03,0.8
140436,Lei Wu,RCD Espanyol Barcelona,2021-22,FW,30,459,1,0,2022-05-22,2022-06-03,2.5
140776,Yannick Carrasco,Atlético de Madrid,2021-22,FW,28,2593,6,6,2022-05-22,2022-06-03,40.0
141834,Cristian Tello,Real Betis Balompié,2021-22,FW,30,806,2,2,2022-05-22,2022-06-03,5.0
142021,Sergi Darder,RCD Espanyol Barcelona,2021-22,MF,28,3115,3,10,2022-05-22,2022-06-03,14.0
142031,Omar Mascarell,Elche CF,2021-22,MF,29,2506,0,0,2022-05-22,2022-06-03,4.0
143029,Stefan Mitrovic,Getafe CF,2021-22,DF,32,2671,1,0,2022-05-22,2022-06-03,1.8
144128,Matías Dituro,Celta de Vigo,2021-22,GK,35,3420,0,0,2022-05-22,2022-06-03,1.0
146227,Jasper Cillessen,Valencia CF,2021-22,GK,33,1458,0,1,2022-05-22,2022-06-03,3.0
148355,Jens Jønsson,Cádiz CF,2021-22,MF,29,1325,0,1,2022-05-22,2022-06-03,4.0
148928,Saúl Ñíguez,Atlético de Madrid,2021-22,MF,27,200,0,1,2022-05-22,2022-06-15,25.0
149231,Fidel,Elche CF,2021-22,FW,32,2279,5,6,2022-05-22,2022-06-03,2.0
149498,Gabriel Paulista,Valencia CF,2021-22,DF,31,1596,2,1,2022-05-22,2022-06-03,7.0
151470,Nikola Vukcevic,Levante UD,2021-22,MF,30,113,0,0,2022-05-22,2022-06-03,1.0
153427,Bebé,Rayo Vallecano,2021-22,FW,31,852,1,3,2022-05-22,2022-06-03,0.8
155423,Varazdat Haroyan,Cádiz CF,2021-22,DF,29,1438,1,0,2022-05-22,2022-06-03,1.2
156501,Felipe,Atlético de Madrid,2021-22,DF,33,1498,2,1,2022-05-22,2022-06-03,6.0
158791,Sergio Postigo,Levante UD,2021-22,DF,33,848,0,0,2022-05-22,2022-06-03,0.7
158863,Iñigo Martínez,Athletic Bilbao,2021-22,DF,31,2344,3,0,2022-05-22,2022-06-03,25.0
162038,Raúl de Tomás,RCD Espanyol Barcelona,2021-22,FW,27,2928,17,3,2022-05-22,2022-06-03,25.0
162056,Gonzalo Melero,Levante UD,2021-22,MF,28,1707,7,2,2022-05-22,2022-06-03,4.0
165007,Denis Suárez,Celta de Vigo,2021-22,MF,28,2837,4,6,2022-05-22,2022-06-03,10.0
165467,Stole Dimitrievski,Rayo Vallecano,2021-22,GK,28,2771,0,0,2022-05-22,2022-06-03,3.0
166677,Brian Oliván,RCD Mallorca,2021-22,DF,28,2187,1,1,2022-05-22,2022-06-03,2.5
166683,Mamadou Sylla,Deportivo Alavés,2021-22,FW,28,634,0,0,2022-05-22,2022-06-03,1.2
167721,Chimy Ávila,CA Osasuna,2021-22,FW,28,1876,6,2,2022-05-22,2022-06-03,8.0
167850,Memphis Depay,FC Barcelona,2021-22,FW,28,1848,12,2,2022-05-22,2022-06-03,35.0
168959,Nemanja Radoja,Levante UD,2021-22,MF,29,1222,0,0,2022-05-22,2022-06-03,2.0
169497,Juan Cruz (169497),CA Osasuna,2021-22,DF,29,1935,0,0,2022-05-22,2022-06-03,2.0
170472,Dimitri Foulquier,Valencia CF,2021-22,DF,29,2520,0,2,2022-05-22,2022-06-03,4.0
170646,Ludwig Augustinsson,Sevilla FC,2021-22,DF,28,788,0,1,2022-05-22,2022-06-03,5.0
172015,Fernando Pacheco,Deportivo Alavés,2021-22,GK,30,3054,0,0,2022-05-22,2022-06-03,5.0
173900,Hélder Costa,Valencia CF,2021-22,FW,28,1117,0,1,2022-05-22,2022-06-03,5.0
175323,Óscar Duarte,Levante UD,2021-22,DF,32,1774,2,0,2022-05-22,2022-06-03,0.8
175449,Moi Gómez,Villarreal CF,2021-22,MF,27,1277,2,2,2022-05-22,2022-06-03,8.0
177046,Rubén Duarte,Deportivo Alavés,2021-22,DF,26,2629,0,5,2022-05-22,2022-06-03,3.0
177065,Florin Andone,Cádiz CF,2021-22,FW,29,173,0,0,2022-05-22,2022-06-03,1.0
177452,Abdón Prats,RCD Mallorca,2021-22,FW,29,632,3,0,2022-05-22,2022-06-03,1.5
177467,Gerard Moreno,Villarreal CF,2021-22,FW,30,1194,9,3,2022-05-22,2022-06-03,40.0
177847,Adnan Januzaj,Real Sociedad,2021-22,FW,27,1627,3,0,2022-05-22,2022-06-03,12.0
178425,Dani García,Athletic Bilbao,2021-22,MF,31,2186,0,0,2022-05-22,2022-06-03,3.0
182579,Karim Rekik,Sevilla FC,2021-22,DF,27,1094,0,2,2022-05-22,2022-06-03,5.0
182581,Tonny Vilhena,RCD Espanyol Barcelona,2021-22,MF,27,936,1,1,2022-05-22,2022-06-03,5.0
182877,Anthony Martial,Sevilla FC,2021-22,FW,26,495,0,1,2022-05-22,2022-06-03,16.0
182904,Clément Lenglet,FC Barcelona,2021-22,DF,26,817,0,1,2022-05-22,2022-06-03,12.0
184672,Guido Carrillo,Elche CF,2021-22,FW,30,1155,2,0,2022-05-22,2022-06-03,1.5
184767,Ximo Navarro,Deportivo Alavés,2021-22,DF,32,1351,0,0,2022-05-22,2022-06-03,1.2
184779,Gonzalo Verdú,Elche CF,2021-22,DF,33,1400,0,0,2022-05-22,2022-06-03,0.7
186399,Thiago Galhardo,Celta de Vigo,2021-22,FW,32,1135,2,2,2022-05-22,2022-06-03,2.0
186862,Enzo Roco,Elche CF,2021-22,DF,29,2555,1,0,2022-05-22,2022-06-03,2.0
188854,Manu Trigueros,Villarreal CF,2021-22,MF,30,2190,6,4,2022-05-22,2022-06-03,14.0
189441,Lucas Ocampos,Sevilla FC,2021-22,FW,27,2127,6,4,2022-05-22,2022-06-03,25.0
189453,Jonathan Silva,Getafe CF,2021-22,DF,27,220,0,0,2022-05-22,2022-06-03,1.8
191217,Héctor Bellerín,Real Betis Balompié,2021-22,DF,27,1979,0,2,2022-05-22,2022-06-03,20.0
192009,Unai López,Rayo Vallecano,2021-22,MF,26,1156,0,0,2022-05-22,2022-06-03,4.0
193098,Álex Moreno,Real Betis Balompié,2021-22,DF,28,2408,5,4,2022-05-22,2022-06-03,18.0
193784,Carlos Clerc,Levante UD,2021-22,DF,30,1517,0,0,2022-05-22,2022-06-03,2.0
197122,Unai García,CA Osasuna,2021-22,DF,30,1407,0,0,2022-05-22,2022-06-03,1.5
197135,Joseba Zaldua,Real Sociedad,2021-22,DF,29,1172,0,0,2022-05-22,2022-06-03,4.0
197545,Ander Capa,Athletic Bilbao,2021-22,DF,30,3,0,0,2022-05-22,2022-06-03,2.5
199369,Sandro Ramírez,Getafe CF,2021-22,FW,26,1472,3,0,2022-05-22,2022-06-03,3.5
203043,Pedro Bigas,Elche CF,2021-22,DF,32,1556,1,0,2022-05-22,2022-06-03,1.0
203496,Nabil Fekir,Real Betis Balompié,2021-22,MF,28,2810,6,8,2022-05-22,2022-06-03,40.0
204103,Adama Traoré,FC Barcelona,2021-22,FW,26,378,0,2,2022-05-22,2022-06-03,20.0
205562,Thomas Lemar,Atlético de Madrid,2021-22,MF,26,1446,4,5,2022-05-22,2022-06-03,40.0
205569,Mickaël Malsa,Levante UD,2021-22,MF,26,1137,1,2,2022-05-22,2022-06-03,3.0
206947,Kévin Rodrigues,Rayo Vallecano,2021-22,DF,28,433,0,0,2022-05-22,2022-06-03,1.8
207302,Sergio Rico,RCD Mallorca,2021-22,GK,28,1260,0,0,2022-05-22,2022-06-03,4.0
207834,Yassine Bounou,Sevilla FC,2021-22,GK,31,2790,0,2,2022-05-22,2022-06-03,18.0
207917,Alberto Moreno,Villarreal CF,2021-22,DF,29,1223,3,2,2022-05-22,2022-06-03,5.0
211251,Darwin Machís,Granada CF,2021-22,FW,29,1382,4,3,2022-05-22,2022-06-03,6.0
211389,Helibelton Palacios,Elche CF,2021-22,DF,28,1931,0,0,2022-05-22,2022-06-03,1.2
212391,Roger Martí,Levante UD,2021-22,FW,31,2124,7,4,2022-05-22,2022-06-03,5.0
212862,Álex Remiro,Real Sociedad,2021-22,GK,27,3150,0,0,2022-05-22,2022-06-03,22.0
213260,Rubén García,CA Osasuna,2021-22,FW,28,2397,1,6,2022-05-22,2022-06-03,8.0
213670,Lucas Torró,CA Osasuna,2021-22,MF,27,2733,1,0,2022-05-22,2022-06-03,5.0
214775,Óliver Torres,Sevilla FC,2021-22,MF,27,1005,2,3,2022-05-22,2022-06-03,8.0
216240,Lucas Olaza,Elche CF,2021-22,DF,27,293,1,0,2022-05-22,2022-06-03,2.5
216870,Nacho Vidal,CA Osasuna,2021-22,DF,27,2906,0,1,2022-05-22,2022-06-03,5.0
221150,Dakonam Djené,Getafe CF,2021-22,DF,30,3117,0,1,2022-05-22,2022-06-03,10.0
221315,Kevin Vázquez,Celta de Vigo,2021-22,DF,29,1339,0,1,2022-05-22,2022-06-03,2.0
221316,Lucas Vázquez,Real Madrid,2021-22,DF,30,1835,3,0,2022-05-22,2022-06-03,12.0
221322,José Gayà,Valencia CF,2021-22,DF,26,1874,2,5,2022-05-22,2022-06-03,40.0
223053,Quini,Granada CF,2021-22,DF,32,2306,0,1,2022-05-22,2022-06-03,0.4
223725,Munir El Haddadi,Sevilla FC,2021-22,MF,26,468,2,0,2022-05-22,2022-06-03,8.0
225015,Carlos Akapo,Cádiz CF,2021-22,DF,29,1847,0,0,2022-05-22,2022-06-03,1.2
225020,Mariano Díaz,Real Madrid,2021-22,FW,28,339,1,1,2022-05-22,2022-06-03,6.0
225122,Gonçalo Guedes,Valencia CF,2021-22,FW,25,2601,11,6,2022-05-22,2022-06-03,40.0
225462,José Mari,Cádiz CF,2021-22,MF,34,385,0,0,2022-05-22,2022-06-03,0.4
225593,Pere Milla,Elche CF,2021-22,FW,29,1639,8,3,2022-05-22,2022-06-03,3.0
226012,David Soria,Getafe CF,2021-22,GK,29,3415,0,0,2022-05-22,2022-06-03,8.0
227805,Jaume Doménech,Valencia CF,2021-22,GK,31,342,0,0,2022-05-22,2022-06-03,2.0
227961,Jaime Mata,Getafe CF,2021-22,FW,33,661,1,0,2022-05-22,2022-06-03,3.0
228917,Jorge Miramón,Levante UD,2021-22,DF,32,1977,1,0,2022-05-22,2022-06-03,1.8
229604,Gerónimo Rulli,Villarreal CF,2021-22,GK,30,2880,0,0,2022-05-22,2022-06-03,6.0
229804,Aritz Elustondo,Real Sociedad,2021-22,DF,28,2103,4,1,2022-05-22,2022-06-03,20.0
234811,Rui Silva,Real Betis Balompié,2021-22,GK,28,1963,0,0,2022-05-22,2022-06-03,15.0
237499,Aleksandar Sedlar,RCD Mallorca,2021-22,DF,30,401,0,0,2022-05-22,2022-06-03,0.5
238407,Alexander Sørloth,Real Sociedad,2021-22,FW,26,1760,4,0,2022-05-22,2022-06-03,10.0
238868,Rubén Peña,Villarreal CF,2021-22,DF,30,127,0,0,2022-05-22,2022-06-03,2.5
240360,Esteban Saveljich,Rayo Vallecano,2021-22,DF,31,1709,0,0,2022-05-22,2022-06-03,0.8
240692,Reinildo Mandava,Atlético de Madrid,2021-22,DF,28,1298,0,0,2022-05-22,2022-06-03,22.0
241391,Oussama Idrissi,Cádiz CF,2021-22,FW,26,1036,1,2,2022-05-22,2022-06-03,4.0
242497,Pere Pons,Deportivo Alavés,2021-22,MF,29,1375,1,0,2022-05-22,2022-06-03,2.5
245014,Enis Bardhi,Levante UD,2021-22,MF,26,1699,3,3,2022-05-22,2022-06-03,8.0
245893,Matt Miazga,Deportivo Alavés,2021-22,DF,26,831,0,0,2022-05-22,2022-06-03,2.0
246204,Salvi Sánchez,Cádiz CF,2021-22,FW,31,1400,2,1,2022-05-22,2022-06-03,2.0
247250,Rubén Alcaraz,Cádiz CF,2021-22,MF,31,1105,2,0,2022-05-22,2022-06-03,2.5
248738,Sergio Herrera,CA Osasuna,2021-22,GK,28,3240,0,0,2022-05-22,2022-06-03,8.0
249471,Saúl García,Deportivo Alavés,2021-22,DF,27,3,0,0,2022-05-22,2022-06-03,0.6
249513,Diego Rico,Real Sociedad,2021-22,DF,29,1647,0,0,2022-05-22,2022-06-03,3.0
250845,José María Giménez,Atlético de Madrid,2021-22,DF,27,2046,1,1,2022-05-22,2022-06-03,50.0
251106,Enes Ünal,Getafe CF,2021-22,FW,25,2813,16,1,2022-05-22,2022-06-03,25.0
251876,Pablo Maffeo,RCD Mallorca,2021-22,DF,24,2952,1,5,2022-05-22,2022-06-03,5.0
251896,Jesús Vallejo,Real Madrid,2021-22,DF,25,341,0,0,2022-05-22,2022-06-03,3.0
251897,Asier Villalibre,Athletic Bilbao,2021-22,FW,24,539,2,0,2022-05-22,2022-06-03,3.0
252667,Fali,Cádiz CF,2021-22,DF,28,1809,0,2,2022-05-22,2022-06-03,3.0
252677,José Luis Morales,Levante UD,2021-22,FW,34,2726,13,7,2022-05-22,2022-06-03,4.0
254037,Iza Carcelén,Cádiz CF,2021-22,DF,29,1543,0,1,2022-05-22,2022-06-03,1.5
255488,Yeray Álvarez,Athletic Bilbao,2021-22,DF,27,1859,0,0,2022-05-22,2022-06-03,13.0
255501,Iñigo Lekue,Athletic Bilbao,2021-22,DF,29,1926,0,2,2022-05-22,2022-06-03,3.0
255508,Iñaki Williams,Athletic Bilbao,2021-22,FW,27,2784,8,6,2022-05-22,2022-06-03,25.0
255901,Rodrigo De Paul,Atlético de Madrid,2021-22,MF,27,2155,3,2,2022-05-22,2022-06-03,40.0
256267,Vedat Muriqi,RCD Mallorca,2021-22,FW,28,1439,5,3,2022-05-22,2022-06-03,7.0
256429,Sergi Guardiola,Rayo Vallecano,2021-22,FW,30,1714,8,2,2022-05-22,2022-06-03,3.0
257062,Álvaro García,Rayo Vallecano,2021-22,FW,29,3005,7,5,2022-05-22,2022-06-03,6.0
257376,Domingos Duarte,Granada CF,2021-22,DF,27,1689,1,0,2022-05-22,2022-06-03,8.0
257462,Luka Jović,Real Madrid,2021-22,FW,24,359,1,3,2022-05-22,2022-06-03,16.0
257851,Rúben Vezo,Levante UD,2021-22,DF,28,2420,0,1,2022-05-22,2022-06-03,4.0
258475,Nikola Maras,Rayo Vallecano,2021-22,DF,26,1040,0,0,2022-05-22,2022-06-03,1.2
262365,Antonio Puertas,Granada CF,2021-22,FW,30,2270,6,1,2022-05-22,2022-06-03,4.5
262396,Unai Simón,Athletic Bilbao,2021-22,GK,24,3060,0,0,2022-05-22,2022-06-03,25.0
262939,Johan Mojica,Elche CF,2021-22,DF,29,2858,2,5,2022-05-22,2022-06-03,5.0
263727,Joan Jordán,Sevilla FC,2021-22,MF,27,2530,0,1,2022-05-22,2022-06-03,22.0
263856,Víctor Camarasa,Real Betis Balompié,2021-22,MF,27,102,0,0,2022-05-22,2022-06-03,1.0
263860,Jason Remeseiro,Deportivo Alavés,2021-22,FW,27,753,0,1,2022-05-22,2022-06-03,2.5
266795,Gonzalo Escalante,Deportivo Alavés,2021-22,MF,29,1306,5,1,2022-05-22,2022-06-03,2.5
266807,Ángel Correa,Atlético de Madrid,2021-22,FW,27,1857,12,5,2022-05-22,2022-06-03,45.0
268670,Gerard Gumbau,Elche CF,2021-22,MF,27,1888,0,4,2022-05-22,2022-06-03,3.0
273152,Nemanja Maksimovic,Getafe CF,2021-22,MF,27,2943,1,2,2022-05-22,2022-06-03,14.0
277118,Manu García,Deportivo Alavés,2021-22,MF,24,1072,0,1,2022-05-22,2022-06-03,3.0
277137,Renato Tapia,Celta de Vigo,2021-22,MF,26,1400,0,0,2022-05-22,2022-06-03,10.0
277384,Martin Valjent,RCD Mallorca,2021-22,DF,26,3182,0,0,2022-05-22,2022-06-03,4.0
277533,Josan,Elche CF,2021-22,FW,32,1197,2,3,2022-05-22,2022-06-03,1.0
278296,Antonio Raíllo,RCD Mallorca,2021-22,DF,30,1530,2,1,2022-05-22,2022-06-03,2.0
278359,Borja Iglesias,Real Betis Balompié,2021-22,FW,29,1571,10,0,2022-05-22,2022-06-03,15.0
278837,Luis Rioja,Deportivo Alavés,2021-22,FW,28,3129,1,3,2022-05-22,2022-06-03,3.0
281755,Iván Alejo,Cádiz CF,2021-22,FW,27,1068,2,2,2022-05-22,2022-06-03,1.2
281769,Mario Hermoso,Atlético de Madrid,2021-22,DF,26,1868,2,1,2022-05-22,2022-06-03,20.0
281989,Luis Milla,Granada CF,2021-22,MF,27,2785,3,3,2022-05-22,2022-06-03,5.0
282411,Marcos Llorente,Atlético de Madrid,2021-22,DF,27,2456,0,2,2022-05-22,2022-06-03,45.0
282694,Augusto Solari,Celta de Vigo,2021-22,MF,30,698,0,0,2022-05-22,2022-06-03,2.5
282700,Enric Franquesa,Levante UD,2021-22,DF,25,615,0,1,2022-05-22,2022-06-03,0.8
282722,Álex Collado,Granada CF,2021-22,MF,23,1024,2,1,2022-05-22,2022-06-03,4.0
283489,Luca Zidane,Rayo Vallecano,2021-22,GK,24,646,0,0,2022-05-22,2022-06-03,2.0
284342,Conan Ledesma,Cádiz CF,2021-22,GK,29,3420,0,0,2022-05-22,2022-06-03,6.0
284430,Aarón Escandell,Granada CF,2021-22,GK,26,283,0,0,2022-05-22,2022-06-03,1.0
284854,Carles Aleñá,Getafe CF,2021-22,MF,24,2339,1,2,2022-05-22,2022-06-03,9.0
284857,Marc Cucurella,Getafe CF,2021-22,DF,23,22,0,0,2022-05-22,2022-06-15,28.0
284884,Óscar Rodríguez,Getafe CF,2021-22,MF,23,1359,0,1,2022-05-22,2022-06-03,9.0
288230,Ousmane Dembélé,FC Barcelona,2021-22,FW,25,1411,1,13,2022-05-22,2022-06-03,30.0
288318,Adrián Embarba,RCD Espanyol Barcelona,2021-22,FW,30,1998,0,2,2022-05-22,2022-06-03,4.0
289255,Andoni Gorosabel,Real Sociedad,2021-22,DF,25,2297,0,4,2022-05-22,2022-06-03,10.0
289257,Jon Guridi,Real Sociedad,2021-22,MF,27,200,1,0,2022-05-22,2022-06-03,1.2
289272,Martín Merquelanz,Rayo Vallecano,2021-22,FW,26,177,0,0,2022-05-22,2022-06-03,1.5
290249,Mauro Arambarri,Getafe CF,2021-22,MF,26,2667,0,5,2022-05-22,2022-06-03,15.0
291417,Ferland Mendy,Real Madrid,2021-22,DF,26,1737,2,2,2022-05-22,2022-06-03,40.0
295065,Toni Moya,Deportivo Alavés,2021-22,MF,24,1385,0,1,2022-05-22,2022-06-03,1.5
295622,Keidi Bare,RCD Espanyol Barcelona,2021-22,MF,24,1486,1,2,2022-05-22,2022-06-03,4.0
296622,Marco Asensio,Real Madrid,2021-22,MF,26,1704,10,0,2022-05-22,2022-06-03,40.0
296783,Ezequiel Ponce,Elche CF,2021-22,FW,25,662,1,0,2022-05-22,2022-06-03,5.0
297784,Yan Eteki,Granada CF,2021-22,MF,24,336,0,0,2022-05-22,2022-06-03,1.5
298197,Antonio Sivera,Deportivo Alavés,2021-22,GK,25,276,0,0,2022-05-22,2022-06-03,1.0
298575,Kike Barja,CA Osasuna,2021-22,FW,25,863,2,0,2022-05-22,2022-06-03,3.0
298583,Eray Cömert,Valencia CF,2021-22,DF,24,343,0,0,2022-05-22,2022-06-03,1.5
298589,David García,CA Osasuna,2021-22,DF,28,3105,4,0,2022-05-22,2022-06-03,20.0
298613,Juan Pérez,CA Osasuna,2021-22,GK,25,180,0,0,2022-05-22,2022-06-03,0.6
298976,Borja Mayoral,Getafe CF,2021-22,FW,25,1048,6,1,2022-05-22,2022-06-03,9.0
300168,Mikel Vesga,Athletic Bilbao,2021-22,MF,29,1357,2,0,2022-05-22,2022-06-03,3.0
302991,Erick Cabaco,Getafe CF,2021-22,DF,27,403,0,1,2022-05-22,2022-06-03,1.8
307519,Fede San Emeterio,Cádiz CF,2021-22,MF,25,836,0,0,2022-05-22,2022-06-03,1.5
309110,Brais Méndez,Celta de Vigo,2021-22,MF,25,3037,4,5,2022-05-22,2022-06-03,18.0
311044,Alfonso Espino,Cádiz CF,2021-22,DF,30,3330,2,2,2022-05-22,2022-06-03,6.0
311489,Landry Dimata,RCD Espanyol Barcelona,2021-22,FW,24,534,0,0,2022-05-22,2022-06-03,2.2
315289,Myrto Uzuni,Granada CF,2021-22,FW,26,857,1,1,2022-05-22,2022-06-03,3.0
316884,Dominik Greif,RCD Mallorca,2021-22,GK,25,90,0,0,2022-05-22,2022-06-03,2.0
319160,Jakub Jankto,Getafe CF,2021-22,MF,26,583,0,2,2022-05-22,2022-06-03,4.0
319745,Dani Ceballos,Real Madrid,2021-22,MF,25,268,0,0,2022-05-22,2022-06-03,14.0
320271,Toni Lato,Valencia CF,2021-22,DF,24,591,0,1,2022-05-22,2022-06-03,1.5
326330,Frenkie de Jong,FC Barcelona,2021-22,MF,25,2487,3,3,2022-05-22,2022-06-03,60.0
328480,Pepelu,Levante UD,2021-22,MF,23,2006,0,0,2022-05-22,2022-06-03,3.0
329145,Diego Carlos,Sevilla FC,2021-22,DF,29,2959,3,0,2022-05-22,2022-06-03,40.0
330352,Raúl Guti,Elche CF,2021-22,MF,25,1624,0,0,2022-05-22,2022-06-03,4.0
331498,Jordi Mboula,RCD Mallorca,2021-22,FW,23,433,0,0,2022-05-22,2022-05-31,1.5
331505,Óscar Mingueza,FC Barcelona,2021-22,DF,23,891,0,1,2022-05-22,2022-06-03,6.0
331511,Riqui Puig,FC Barcelona,2021-22,MF,22,475,1,0,2022-05-22,2022-06-03,7.0
334042,Orbelín Pineda,Celta de Vigo,2021-22,MF,26,93,0,0,2022-05-22,2022-06-03,4.0
334222,Lucas Boyé,Elche CF,2021-22,FW,26,1724,7,3,2022-05-22,2022-06-03,15.0
335225,Manu Morlanes,RCD Espanyol Barcelona,2021-22,MF,23,1137,2,0,2022-05-22,2022-06-03,5.0
338285,Unai Núñez,Athletic Bilbao,2021-22,DF,25,620,0,0,2022-05-22,2022-06-03,9.0
338424,Mikel Merino,Real Sociedad,2021-22,MF,25,2896,3,4,2022-05-22,2022-06-03,50.0
338425,Álex Berenguer,Athletic Bilbao,2021-22,FW,26,2172,3,6,2022-05-22,2022-06-03,12.0
339699,Giovanni González,RCD Mallorca,2021-22,DF,27,363,1,0,2022-05-22,2022-06-03,1.5
339816,Tete Morente,Elche CF,2021-22,FW,25,1636,3,3,2022-05-22,2022-06-03,3.0
339820,Amath Ndiaye,RCD Mallorca,2021-22,FW,25,883,0,1,2022-05-22,2022-06-03,2.0
341110,Franco Cervi,Celta de Vigo,2021-22,FW,27,1806,4,4,2022-05-22,2022-06-03,5.0
341227,Juan Miranda,Real Betis Balompié,2021-22,DF,22,782,0,2,2022-05-22,2022-06-03,5.0
341264,Fran García,Rayo Vallecano,2021-22,DF,22,3026,1,0,2022-05-22,2022-06-03,7.5
341713,Diego Conde,Getafe CF,2021-22,GK,23,5,0,0,2022-05-22,2022-06-03,0.3
342385,Guido Rodríguez,Real Betis Balompié,2021-22,MF,28,2533,1,2,2022-05-22,2022-06-03,25.0
346289,Mouctar Diakhaby,Valencia CF,2021-22,DF,25,1945,0,1,2022-05-22,2022-06-03,7.0
348795,Giovani Lo Celso,Villarreal CF,2021-22,MF,26,1041,1,1,2022-05-22,2022-06-03,22.0
349066,Alexander Isak,Real Sociedad,2021-22,FW,22,2157,6,2,2022-05-22,2022-06-03,30.0
349599,Pervis Estupiñán,Villarreal CF,2021-22,DF,24,1575,0,1,2022-05-22,2022-06-03,20.0
349836,Diego González,Elche CF,2021-22,DF,27,1788,0,0,2022-05-22,2022-06-03,2.0
349856,Son,Levante UD,2021-22,DF,28,1989,1,1,2022-05-22,2022-06-03,1.0
350364,Joan Sastre,RCD Mallorca,2021-22,DF,25,255,0,0,2022-05-22,2022-06-09,1.8
351478,Mikel Oyarzabal,Real Sociedad,2021-22,FW,25,1676,9,3,2022-05-22,2022-06-03,60.0
351809,Robin Le Normand,Real Sociedad,2021-22,DF,25,3330,1,1,2022-05-22,2022-06-03,30.0
353032,Omar Alderete,Valencia CF,2021-22,DF,25,2410,2,0,2022-05-22,2022-06-03,10.0
354741,Loren Morón,RCD Espanyol Barcelona,2021-22,FW,28,558,1,0,2022-05-22,2022-06-03,4.0
355628,Igor Zubeldia,Real Sociedad,2021-22,DF,25,1648,0,1,2022-05-22,2022-06-03,15.0
355861,Arnaut Danjuma,Villarreal CF,2021-22,FW,25,1477,10,3,2022-05-22,2022-06-03,50.0
356197,Alfonso Pedraza,Villarreal CF,2021-22,DF,26,1703,4,5,2022-05-22,2022-06-03,18.0
357162,Florentino,Getafe CF,2021-22,MF,22,986,0,1,2022-05-22,2022-06-03,5.0
357884,Fernando Calero,RCD Espanyol Barcelona,2021-22,DF,26,1090,0,0,2022-05-22,2022-06-03,1.8
358250,Joseph Aidoo,Celta de Vigo,2021-22,DF,26,2640,0,0,2022-05-22,2022-06-03,7.0
361104,Sergiño Dest,FC Barcelona,2021-22,DF,21,1515,0,3,2022-05-22,2022-06-03,18.0
361254,Rafa Mir,Sevilla FC,2021-22,FW,24,1801,10,0,2022-05-22,2022-06-03,16.0
362086,Isi Palazón,Rayo Vallecano,2021-22,FW,27,2297,2,4,2022-05-22,2022-06-03,3.0
364237,Mamadou Loum,Deportivo Alavés,2021-22,MF,25,2317,2,0,2022-05-22,2022-06-03,4.0
367464,Luís Maximiano,Granada CF,2021-22,GK,23,3137,0,0,2022-05-22,2022-06-03,12.0
367466,Thierry Correia,Valencia CF,2021-22,DF,23,1423,0,1,2022-05-22,2022-06-03,8.0
369081,Federico Valverde,Real Madrid,2021-22,MF,23,1833,0,1,2022-05-22,2022-06-03,70.0
371174,Diego Lainez,Real Betis Balompié,2021-22,FW,21,135,0,0,2022-05-22,2022-06-03,2.5
371998,Vinicius Junior,Real Madrid,2021-22,FW,21,2700,17,13,2022-05-22,2022-06-03,100.0
372246,Carlos Soler,Valencia CF,2021-22,MF,25,2411,11,5,2022-05-22,2022-06-03,50.0
373916,Marcelo Saracchi,Levante UD,2021-22,DF,24,186,0,1,2022-05-22,2022-06-03,2.5
376514,Mathías Olivera,Getafe CF,2021-22,DF,24,2807,1,3,2022-05-22,2022-06-03,15.0
376588,Njegos Petrovic,Granada CF,2021-22,MF,22,916,0,1,2022-05-22,2022-06-03,2.5
378139,Aitor Ruibal,Real Betis Balompié,2021-22,FW,26,858,0,0,2022-05-22,2022-06-03,3.0
378293,Yangel Herrera,RCD Espanyol Barcelona,2021-22,MF,24,1651,1,1,2022-05-22,2022-06-03,14.0
378463,Franco Russo,RCD Mallorca,2021-22,DF,27,1464,1,0,2022-05-22,2022-06-03,1.2
380598,Santi Comesaña,Rayo Vallecano,2021-22,MF,25,2696,1,2,2022-05-22,2022-06-03,4.0
387129,Róber Pier,Levante UD,2021-22,DF,27,2009,1,0,2022-05-22,2022-06-03,1.5
390688,Juan Iglesias,Getafe CF,2021-22,DF,23,710,0,1,2022-05-22,2022-06-03,1.5
396107,Javi Díaz,Sevilla FC,2021-22,GK,25,90,0,0,2022-05-22,2022-06-03,0.5
396894,Maxi Gómez,Valencia CF,2021-22,FW,25,1870,5,3,2022-05-22,2022-06-03,12.0
397676,Dani Cárdenas,Levante UD,2021-22,GK,25,2160,0,0,2022-05-22,2022-06-03,1.5
398163,Gonzalo Villar,Getafe CF,2021-22,MF,24,291,0,1,2022-05-22,2022-06-03,5.0
398184,Ferran Torres,FC Barcelona,2021-22,FW,22,1418,4,4,2022-05-22,2022-06-03,45.0
399775,Miguel Llambrich,RCD Espanyol Barcelona,2021-22,DF,26,70,0,0,2022-05-22,2022-06-03,0.8
399776,Pau Torres,Villarreal CF,2021-22,DF,25,2856,5,1,2022-05-22,2022-06-03,50.0
401530,Éder Militão,Real Madrid,2021-22,DF,24,3033,1,3,2022-05-22,2022-06-03,60.0
401624,Edgar González,Real Betis Balompié,2021-22,DF,25,1457,1,1,2022-05-22,2022-06-03,6.0
401922,Samuel Chukwueze,Villarreal CF,2021-22,FW,23,1329,3,3,2022-05-22,2022-06-03,20.0
402733,Gonzalo Montiel,Sevilla FC,2021-22,DF,25,1070,1,3,2022-05-22,2022-06-03,14.0
404839,Andriy Lunin,Real Madrid,2021-22,GK,23,180,0,0,2022-05-22,2022-06-03,2.5
405398,Takefusa Kubo,RCD Mallorca,2021-22,FW,20,1608,1,1,2022-05-22,2022-06-03,7.5
408471,Javi Puado,RCD Espanyol Barcelona,2021-22,FW,23,2258,4,1,2022-05-22,2022-06-03,8.0
411975,Jules Koundé,Sevilla FC,2021-22,DF,23,2737,2,1,2022-05-22,2022-06-03,60.0
412363,Rodrygo,Real Madrid,2021-22,FW,21,1552,4,5,2022-05-22,2022-06-03,60.0
413262,Dani Raba,Villarreal CF,2021-22,FW,26,107,0,0,2022-05-22,2022-06-03,0.9
417575,Uros Racic,Valencia CF,2021-22,MF,24,1125,0,0,2022-05-22,2022-06-03,7.0
422460,Dani Gómez,Levante UD,2021-22,FW,23,1059,4,3,2022-05-22,2022-06-03,2.5
423440,Martín Zubimendi,Real Sociedad,2021-22,MF,23,2584,2,1,2022-05-22,2022-06-03,30.0
423444,Fran Beltrán,Celta de Vigo,2021-22,MF,23,2607,1,0,2022-05-22,2022-06-03,15.0
424784,Luis Suárez (424784),Granada CF,2021-22,FW,24,2855,8,4,2022-05-22,2022-06-03,9.0
429901,Paul Akouokou,Real Betis Balompié,2021-22,MF,24,518,0,0,2022-05-22,2022-06-03,4.0
433049,Youssef En-Nesyri,Sevilla FC,2021-22,FW,24,1279,5,2,2022-05-22,2022-06-03,25.0
442805,Iddrisu Baba,RCD Mallorca,2021-22,MF,26,1943,1,0,2022-05-22,2022-06-03,3.5
448344,Óscar Melendo,RCD Espanyol Barcelona,2021-22,MF,24,996,0,0,2022-05-22,2022-06-03,3.0
448628,Javi Galán,Celta de Vigo,2021-22,DF,27,3300,0,3,2022-05-22,2022-06-03,12.0
448844,Carlos Neva,Granada CF,2021-22,DF,25,2116,0,0,2022-05-22,2022-06-03,4.0
449796,Alejandro Catena,Rayo Vallecano,2021-22,DF,27,3240,2,2,2022-05-22,2022-06-03,4.0
454238,Tomás Alarcón,Cádiz CF,2021-22,MF,23,1424,0,1,2022-05-22,2022-06-03,3.0
455181,Jorge de Frutos,Levante UD,2021-22,FW,25,1766,4,7,2022-05-22,2022-06-03,10.0
462250,João Félix,Atlético de Madrid,2021-22,FW,22,1262,8,4,2022-05-22,2022-06-03,70.0
465967,Ander Guevara,Real Sociedad,2021-22,MF,24,870,0,0,2022-05-22,2022-06-03,5.0
466794,Eric García,FC Barcelona,2021-22,DF,21,2042,0,0,2022-05-22,2022-06-03,18.0
466805,Nico González (466805),FC Barcelona,2021-22,MF,20,1111,2,1,2022-05-22,2022-06-03,20.0
466810,Ansu Fati,FC Barcelona,2021-22,FW,19,331,4,1,2022-05-22,2022-06-03,60.0
471474,Javi Martínez,CA Osasuna,2021-22,MF,22,870,1,1,2022-05-22,2022-06-03,2.5
476344,Emerson Royal,FC Barcelona,2021-22,DF,23,90,0,0,2022-05-22,2022-06-15,25.0
476352,Renan Lodi,Atlético de Madrid,2021-22,DF,24,1175,2,2,2022-05-22,2022-06-03,30.0
480267,Ronald Araujo,FC Barcelona,2021-22,DF,23,2270,4,0,2022-05-22,2022-06-03,50.0
480763,Juan Foyth,Villarreal CF,2021-22,DF,24,1932,1,1,2022-05-22,2022-06-03,25.0
480883,Miguel de la Fuente,Deportivo Alavés,2021-22,FW,22,827,1,2,2022-05-22,2022-06-03,1.5
481084,Marcos André,Valencia CF,2021-22,FW,25,889,1,3,2022-05-22,2022-06-03,5.0
483573,Martín Aguirregabiria,Deportivo Alavés,2021-22,DF,26,1617,0,1,2022-05-22,2022-06-03,2.5
487688,Alberto Soro,Granada CF,2021-22,FW,23,575,0,0,2022-05-22,2022-06-03,2.5
488626,Jesús Areso,CA Osasuna,2021-22,DF,22,188,0,0,2022-05-22,2022-06-03,0.8
494880,Jorge Cuenca,Getafe CF,2021-22,DF,22,2687,1,0,2022-05-22,2022-06-03,8.0
495625,Víctor Chust,Cádiz CF,2021-22,DF,22,1829,0,0,2022-05-22,2022-06-03,2.5
495629,Hugo Guillamón,Valencia CF,2021-22,MF,22,2365,1,0,2022-05-22,2022-06-03,20.0
501418,Adrià Pedrosa,RCD Espanyol Barcelona,2021-22,DF,24,2723,1,1,2022-05-22,2022-06-03,9.0
502676,Giorgi Mamardashvili,Valencia CF,2021-22,GK,21,1620,0,0,2022-05-22,2022-06-03,10.0
503991,Yunus Musah,Valencia CF,2021-22,MF,19,1236,1,0,2022-05-22,2022-06-03,15.0
513031,Antonio Sánchez,RCD Mallorca,2021-22,MF,25,1624,1,0,2022-05-22,2022-06-03,1.5
514514,Iván Barbero,CA Osasuna,2021-22,FW,23,16,0,0,2022-05-22,2022-06-03,0.5
517753,Óscar Valentín,Rayo Vallecano,2021-22,MF,27,2578,0,0,2022-05-22,2022-06-03,3.0
517842,Aihen Muñoz,Real Sociedad,2021-22,DF,24,1343,0,0,2022-05-22,2022-06-03,6.0
517894,Matheus Cunha,Atlético de Madrid,2021-22,FW,22,1052,6,6,2022-05-22,2022-06-03,30.0
520947,Santiago Arzamendia,Cádiz CF,2021-22,DF,24,460,1,0,2022-05-22,2022-06-03,1.8
524000,Dani Vivian,Athletic Bilbao,2021-22,DF,22,1985,2,1,2022-05-22,2022-06-03,12.0
524010,Oier Zarraga,Athletic Bilbao,2021-22,MF,23,1149,1,0,2022-05-22,2022-06-03,3.5
525299,Miguel Gutiérrez,Real Madrid,2021-22,DF,20,261,0,1,2022-05-22,2022-06-03,6.0
525578,Pathé Ciss,Rayo Vallecano,2021-22,MF,28,1088,2,1,2022-05-22,2022-06-03,2.0
527350,Manu Vallejo,Deportivo Alavés,2021-22,FW,25,454,1,1,2022-05-22,2022-06-03,3.0
527698,Kike Pérez,Elche CF,2021-22,MF,25,517,2,0,2022-05-22,2022-06-03,1.5
527838,Álex Petxa,Athletic Bilbao,2021-22,DF,25,399,0,0,2022-05-22,2022-06-03,1.0
533568,Nahuel Tenaglia,Deportivo Alavés,2021-22,DF,26,1072,0,0,2022-05-22,2022-06-03,3.0
537382,Bryan Gil,Valencia CF,2021-22,FW,21,740,0,1,2022-05-22,2022-06-03,18.0
544106,Óscar Gil,RCD Espanyol Barcelona,2021-22,DF,24,1697,0,2,2022-05-22,2022-06-03,3.0
552425,Jon Moncayola,CA Osasuna,2021-22,MF,24,2924,2,3,2022-05-22,2022-06-03,12.0
557149,Kang-in Lee,RCD Mallorca,2021-22,MF,21,1409,1,2,2022-05-22,2022-06-03,6.0
560483,Randy Nteka,Rayo Vallecano,2021-22,MF,24,1461,3,2,2022-05-22,2022-06-03,4.0
561613,Joan García,RCD Espanyol Barcelona,2021-22,GK,21,107,0,0,2022-05-22,2022-06-03,0.4
562742,Leo Román,RCD Mallorca,2021-22,GK,21,180,0,0,2022-05-22,2022-06-03,0.3
568157,Yéremy Pino,Villarreal CF,2021-22,FW,19,1685,6,4,2022-05-22,2022-06-03,40.0
568158,Javi López,Deportivo Alavés,2021-22,DF,20,458,0,0,2022-05-22,2022-06-03,0.7
569375,Koba Koindredi,Valencia CF,2021-22,MF,20,177,0,0,2022-05-22,2022-06-03,1.0
570421,Nico Melamed,RCD Espanyol Barcelona,2021-22,FW,21,1099,1,1,2022-05-22,2022-06-03,7.5
571020,Oihan Sancet,Athletic Bilbao,2021-22,MF,22,1427,6,4,2022-05-22,2022-06-03,15.0
573775,Hugo Duro,Valencia CF,2021-22,FW,22,1856,7,3,2022-05-22,2022-06-03,10.0
580560,Jon Pacheco,Real Sociedad,2021-22,DF,21,374,0,0,2022-05-22,2022-06-03,1.0
594926,Naïs Djouahra,Real Sociedad,2021-22,FW,22,215,0,0,2022-05-22,2022-06-03,2.0
596884,Adrián Butzke,Granada CF,2021-22,FW,23,1,0,0,2022-05-22,2022-05-31,0.3
608531,Mario Hernández,Rayo Vallecano,2021-22,DF,23,394,1,0,2022-05-22,2022-06-03,0.8
609361,José Fontán,Celta de Vigo,2021-22,DF,22,273,0,0,2022-05-22,2022-06-03,1.0
610083,Unai Vencedor,Athletic Bilbao,2021-22,MF,21,2396,0,1,2022-05-22,2022-06-03,20.0
611426,Matías Arezo,Granada CF,2021-22,FW,19,156,0,0,2022-05-22,2022-06-03,6.0
616369,Ander Barrenetxea,Real Sociedad,2021-22,FW,20,548,1,1,2022-05-22,2022-06-03,9.0
617074,Ilaix Moriba,Valencia CF,2021-22,MF,19,818,0,0,2022-05-22,2022-06-03,9.0
618809,Manu Sánchez,CA Osasuna,2021-22,DF,21,2260,1,3,2022-05-22,2022-06-03,10.0
623024,Jesús Vázquez,Valencia CF,2021-22,DF,19,813,0,0,2022-05-22,2022-06-03,5.0
625014,Julen Agirrezabala,Athletic Bilbao,2021-22,GK,21,360,0,0,2022-05-22,2022-06-03,5.0
625654,Julen Lobete,Real Sociedad,2021-22,FW,21,275,2,0,2022-05-22,2022-06-03,5.0
626913,Boulaye Dia,Villarreal CF,2021-22,FW,25,1268,5,5,2022-05-22,2022-06-03,12.0
627294,Fer Niño,RCD Mallorca,2021-22,FW,21,880,2,0,2022-05-22,2022-06-03,3.0
628886,Iván Romero,Sevilla FC,2021-22,FW,21,178,0,0,2022-05-22,2022-06-03,0.8
630995,Rodri Sánchez,Real Betis Balompié,2021-22,FW,22,880,1,2,2022-05-22,2022-06-03,4.0
631221,Isma Ruiz,Granada CF,2021-22,MF,21,281,0,0,2022-05-22,2022-06-03,0.6
631222,Raúl Torrente,Granada CF,2021-22,DF,20,1282,0,1,2022-05-22,2022-06-03,3.0
634431,Beñat Turrientes,Real Sociedad,2021-22,MF,20,201,0,0,2022-05-22,2022-06-03,3.0
636093,Carlos Domínguez,Celta de Vigo,2021-22,DF,21,341,0,0,2022-05-22,2022-06-03,1.0
636688,Alejandro Balde,FC Barcelona,2021-22,DF,18,188,0,0,2022-05-22,2022-06-03,4.0
638235,Álex Cantero,Levante UD,2021-22,FW,21,594,0,1,2022-05-22,2022-06-03,1.0
640428,Eduardo Camavinga,Real Madrid,2021-22,MF,19,1229,2,1,2022-05-22,2022-06-03,55.0
646740,Gavi,FC Barcelona,2021-22,MF,17,2326,2,6,2022-05-22,2022-06-03,60.0
646750,Cristhian Mosquera,Valencia CF,2021-22,DF,17,209,0,0,2022-05-22,2022-06-03,1.0
668183,Nico Serrano,Athletic Bilbao,2021-22,FW,19,307,1,0,2022-05-22,2022-06-03,2.5
676318,Facundo Pellistri,Deportivo Alavés,2021-22,FW,20,663,0,0,2022-05-22,2022-06-03,2.5
678194,Matthew Hoppe,RCD Mallorca,2021-22,FW,21,128,0,1,2022-05-22,2022-06-03,1.0
683840,Pedri,FC Barcelona,2021-22,MF,19,888,3,1,2022-05-22,2022-06-03,80.0
709187,Nico Williams,Athletic Bilbao,2021-22,FW,19,1324,0,0,2022-05-22,2022-06-03,12.0
724520,Abde Ezzalzouli,FC Barcelona,2021-22,FW,20,582,1,0,2022-05-22,2022-06-03,8.0
844637,Marc Pubill,Levante UD,2021-22,DF,18,501,0,1,2022-05-22,2022-06-03,0.8
7663,Joaquín,Real Betis Balompié,2022-23,FW,41,471,0,2,2023-06-04,2023-06-13,1.5
7825,Pepe Reina,Villarreal CF,2022-23,GK,40,1980,0,0,2023-06-04,2023-06-13,0.7
15452,Raúl Albiol,Villarreal CF,2022-23,DF,37,2119,0,0,2023-06-04,2023-06-13,2.5
15956,Jesús Navas,Sevilla FC,2022-23,MF,37,1980,0,0,2023-06-04,2023-06-13,3.0
16306,Casemiro,Real Madrid,2022-23,MF,31,7,0,0,2023-06-04,2023-06-20,40.0
18644,Álvaro Negredo,Cádiz CF,2022-23,FW,37,755,1,2,2023-06-04,2023-06-13,1.0
18922,Karim Benzema,Real Madrid,2022-23,FW,35,2044,19,3,2023-06-04,2023-06-13,25.0
20005,Papu Gómez,Sevilla FC,2022-23,FW,35,1063,1,1,2023-06-04,2023-06-13,3.0
20506,Andrés Guardado,Real Betis Balompié,2022-23,MF,36,1373,1,1,2023-06-04,2023-06-13,1.5
27992,Luka Modrić,Real Madrid,2022-23,MF,37,1744,4,3,2023-06-04,2023-06-13,10.0
30321,Óscar Trejo,Rayo Vallecano,2022-23,MF,35,2165,3,4,2023-06-04,2023-06-13,3.0
31909,Toni Kroos,Real Madrid,2022-23,MF,33,2164,2,4,2023-06-04,2023-06-13,15.0
32467,Ivan Rakitic,Sevilla FC,2022-23,MF,35,1790,1,3,2023-06-04,2023-06-13,4.0
34370,Diego López (34370),Rayo Vallecano,2022-23,GK,41,95,0,0,2023-06-04,2023-06-13,0.3
34601,Raúl García (34601),Athletic Bilbao,2022-23,FW,36,945,2,3,2023-06-04,2023-06-13,2.5
35047,Axel Witsel,Atlético de Madrid,2022-23,MF,34,2254,0,0,2023-06-04,2023-06-13,5.0
35518,David Silva,Real Sociedad,2022-23,MF,37,1958,2,5,2023-06-04,2023-06-13,4.0
37337,Mario Suárez,Rayo Vallecano,2022-23,DF,36,11,0,0,2023-06-04,2023-06-13,0.3
38253,Robert Lewandowski,FC Barcelona,2022-23,FW,34,2852,23,7,2023-06-04,2023-06-13,30.0
39152,Radamel Falcao,Rayo Vallecano,2022-23,FW,37,597,2,0,2023-06-04,2023-06-13,2.0
40423,Claudio Bravo,Real Betis Balompié,2022-23,GK,40,1080,0,0,2023-06-04,2023-06-13,1.0
46413,Ante Budimir,CA Osasuna,2022-23,FW,31,1809,8,1,2023-06-04,2023-06-13,6.0
48280,Edinson Cavani,Valencia CF,2022-23,FW,36,1459,5,2,2023-06-04,2023-06-13,3.0
50202,Eden Hazard,Real Madrid,2022-23,FW,32,194,0,1,2023-06-04,2023-06-13,5.0
51174,Fernando,Sevilla FC,2022-23,MF,35,1581,0,1,2023-06-04,2023-06-13,3.0
51510,Ángel Rodríguez,RCD Mallorca,2022-23,FW,36,381,1,0,2023-06-04,2023-06-13,1.0
51710,Sergio Asenjo,Real Valladolid CF,2022-23,GK,33,900,0,0,2023-06-04,2023-06-13,1.0
54235,Iker Muniain,Athletic Bilbao,2022-23,FW,30,1692,0,4,2023-06-04,2023-06-13,9.0
54534,Agustín Marchesín,Celta de Vigo,2022-23,GK,35,1710,0,0,2023-06-04,2023-06-13,2.0
58864,Pierre-Emerick Aubameyang,FC Barcelona,2022-23,FW,33,8,0,0,2023-06-04,2023-06-20,4.0
58884,Nacho Fernández,Real Madrid,2022-23,DF,33,1632,1,1,2023-06-04,2023-06-13,6.0
59016,David Alaba,Real Madrid,2022-23,DF,30,1839,1,3,2023-06-04,2023-06-13,40.0
59323,Cristhian Stuani,Girona FC,2022-23,FW,36,1073,9,0,2023-06-04,2023-06-13,2.0
59344,Asier Illarramendi,Real Sociedad,2022-23,MF,33,1076,1,0,2023-06-04,2023-06-13,2.0
59349,Diego Mariño,UD Almería,2022-23,GK,33,45,0,0,2023-06-04,2023-06-13,0.3
59561,Dani Parejo,Villarreal CF,2022-23,MF,34,3289,3,4,2023-06-04,2023-06-13,6.0
60410,Marcos Acuña,Sevilla FC,2022-23,DF,31,1910,3,2,2023-06-04,2023-06-13,10.0
61812,Yuri Berchiche,Athletic Bilbao,2022-23,DF,33,2406,1,2,2023-06-04,2023-06-13,2.0
62920,Víctor Ruiz,Real Betis Balompié,2022-23,DF,34,556,0,0,2023-06-04,2023-06-13,1.2
62945,Luis Hernández,Cádiz CF,2022-23,DF,34,3150,0,0,2023-06-04,2023-06-13,1.0
63494,Étienne Capoue,Villarreal CF,2022-23,MF,34,1957,3,0,2023-06-04,2023-06-13,3.0
64598,Bernardo Espinosa,Girona FC,2022-23,DF,33,1226,1,1,2023-06-04,2023-06-13,1.5
65230,Sergio Busquets,FC Barcelona,2022-23,MF,34,2348,0,4,2023-06-04,2023-06-13,5.0
65263,Jordi Masip,Real Valladolid CF,2022-23,GK,34,2508,0,0,2023-06-04,2023-06-13,1.0
65318,Jaume Costa,RCD Mallorca,2022-23,DF,35,2609,0,1,2023-06-04,2023-06-13,1.2
66100,Oriol Romeu,Girona FC,2022-23,MF,31,2952,2,0,2023-06-04,2023-06-13,5.0
66106,Sergio Canales,Real Betis Balompié,2022-23,MF,32,2415,4,3,2023-06-04,2023-06-13,15.0
66736,Lisandro Magallán,Elche CF,2022-23,DF,29,901,0,0,2023-06-04,2023-06-13,1.8
67089,Juan Cala,Cádiz CF,2022-23,DF,33,137,0,0,2023-06-04,2023-06-13,0.6
67808,Borja García,Girona FC,2022-23,MF,32,684,1,0,2023-06-04,2023-06-13,1.0
68645,Martín Montoya,Real Betis Balompié,2022-23,DF,32,456,0,0,2023-06-04,2023-06-13,1.2
69751,Jordi Alba,FC Barcelona,2022-23,DF,34,1418,2,3,2023-06-04,2023-06-13,5.0
72047,Iago Aspas,Celta de Vigo,2022-23,FW,35,2866,12,4,2023-06-04,2023-06-13,6.0
72479,Clément Grenier,RCD Mallorca,2022-23,MF,32,713,0,0,2023-06-04,2023-06-13,0.8
73185,Lucas Pérez,Cádiz CF,2022-23,FW,34,621,3,0,2023-06-04,2023-06-30,0.8
74229,Koke,Atlético de Madrid,2022-23,MF,31,2560,0,3,2023-06-04,2023-06-13,16.0
74294,Nemanja Gudelj,Sevilla FC,2022-23,MF,31,2777,3,1,2023-06-04,2023-06-13,4.0
74857,Marc-André ter Stegen,FC Barcelona,2022-23,GK,31,3348,0,0,2023-06-04,2023-06-13,35.0
74869,Francis Coquelin,Villarreal CF,2022-23,MF,32,750,1,0,2023-06-04,2023-06-13,3.0
76467,Kiko Femenía,Villarreal CF,2022-23,DF,32,1135,0,0,2023-06-04,2023-06-13,2.5
76746,Damián Suárez,Getafe CF,2022-23,DF,35,1958,1,1,2023-06-04,2023-06-13,1.0
80293,Aïssa Mandi,Villarreal CF,2022-23,DF,31,1459,0,0,2023-06-04,2023-06-13,3.0
81997,Fernando Martínez,UD Almería,2022-23,GK,32,3285,0,0,2023-06-04,2023-06-13,2.0
81999,Joselu,RCD Espanyol Barcelona,2022-23,FW,33,2989,16,2,2023-06-04,2023-06-13,6.0
82503,Aridane Hernández,CA Osasuna,2022-23,DF,34,1790,0,1,2023-06-04,2023-06-13,1.0
85258,Mikel Balenziaga,Athletic Bilbao,2022-23,DF,35,116,0,0,2023-06-04,2023-06-13,0.5
85295,Iván Balliu,Rayo Vallecano,2022-23,DF,31,3238,0,0,2023-06-04,2023-06-13,4.0
85370,Sergi Roberto,FC Barcelona,2022-23,MF,31,1302,4,1,2023-06-04,2023-06-13,5.0
85383,Rubén Sobrino,Cádiz CF,2022-23,FW,31,2470,3,2,2023-06-04,2023-06-13,2.0
86202,Antonio Rüdiger,Real Madrid,2022-23,DF,30,2411,1,0,2023-06-04,2023-06-13,32.0
88490,Aleix Vidal,RCD Espanyol Barcelona,2022-23,FW,33,1020,0,3,2023-06-04,2023-06-13,1.5
89297,Rodrigo Battaglia,RCD Mallorca,2022-23,MF,31,686,0,0,2023-06-04,2023-07-25,1.5
89731,Iñigo Eguaras,UD Almería,2022-23,MF,31,957,1,1,2023-06-04,2023-06-13,1.2
89733,Álex Fernández,Cádiz CF,2022-23,MF,30,1574,3,0,2023-06-04,2023-06-13,4.0
91849,Thomas Delaney,Sevilla FC,2022-23,MF,31,306,0,0,2023-06-04,2023-06-22,2.0
92947,Sergi Gómez,RCD Espanyol Barcelona,2022-23,DF,31,2342,0,0,2023-06-04,2023-06-13,2.0
93935,Sergio Escudero,Real Valladolid CF,2022-23,DF,33,1439,1,0,2023-06-04,2023-06-13,1.5
93936,Kike García,CA Osasuna,2022-23,FW,33,997,2,0,2023-06-04,2023-06-13,1.8
94308,Marko Dmitrovic,Sevilla FC,2022-23,GK,31,1268,0,0,2023-06-04,2023-06-13,4.0
95641,Darko Brasanac,CA Osasuna,2022-23,MF,31,1035,1,1,2023-06-04,2023-06-13,2.0
95732,Martin Braithwaite,RCD Espanyol Barcelona,2022-23,FW,31,2469,10,2,2023-06-04,2023-06-13,5.0
96718,Óscar de Marcos,Athletic Bilbao,2022-23,DF,34,2825,1,5,2023-06-04,2023-06-13,1.8
99343,Ander Herrera,Athletic Bilbao,2022-23,MF,33,699,0,1,2023-06-04,2023-06-13,2.5
99353,Portu,Getafe CF,2022-23,FW,31,1760,0,3,2023-06-04,2023-06-13,3.5
99559,Alberto Perea,Cádiz CF,2022-23,FW,32,45,0,0,2023-06-04,2023-06-14,1.0
100131,William Carvalho,Real Betis Balompié,2022-23,MF,31,2452,3,0,2023-06-04,2023-06-13,14.0
100722,Lago Júnior,RCD Mallorca,2022-23,FW,32,46,0,0,2023-06-04,2023-06-14,0.9
102146,Édgar Badía,Elche CF,2022-23,GK,31,3240,0,0,2023-06-04,2023-06-13,3.0
102423,Leandro Cabrera,RCD Espanyol Barcelona,2022-23,DF,31,2672,0,1,2023-06-04,2023-06-13,2.5
107010,Stefan Savic,Atlético de Madrid,2022-23,DF,32,1946,0,0,2023-06-04,2023-06-13,6.0
108390,Thibaut Courtois,Real Madrid,2022-23,GK,31,2790,0,0,2023-06-04,2023-06-13,45.0
109256,Haris Seferovic,Celta de Vigo,2022-23,FW,31,892,3,1,2023-06-04,2023-06-13,4.0
111630,Erik Lamela,Sevilla FC,2022-23,FW,31,1845,6,0,2023-06-04,2023-06-13,9.0
111961,Suso,Sevilla FC,2022-23,MF,29,1060,2,4,2023-06-04,2023-06-13,6.0
112515,Marcos Alonso,FC Barcelona,2022-23,DF,32,1162,1,0,2023-06-04,2023-06-13,5.0
113133,Germán Pezzella,Real Betis Balompié,2022-23,DF,31,2516,0,0,2023-06-04,2023-06-13,5.0
115333,Juanpe,Girona FC,2022-23,DF,32,1427,1,0,2023-06-04,2023-06-13,1.5
118997,Aitor Fernández,CA Osasuna,2022-23,GK,32,1890,0,0,2023-06-04,2023-06-13,3.0
119905,Hugo Mallo,Celta de Vigo,2022-23,DF,31,2172,0,1,2023-06-04,2023-06-13,3.0
120705,Juan Carlos,Girona FC,2022-23,GK,35,900,0,0,2023-06-04,2023-06-13,0.3
121483,Jan Oblak,Atlético de Madrid,2022-23,GK,30,2494,0,0,2023-06-04,2023-06-13,35.0
122155,Willian José,Real Betis Balompié,2022-23,FW,31,716,2,1,2023-06-04,2023-06-13,6.0
125165,Jesús Corona,Sevilla FC,2022-23,FW,30,109,1,0,2023-06-04,2023-06-13,8.0
125781,Antoine Griezmann,Atlético de Madrid,2022-23,FW,32,2860,15,17,2023-06-04,2023-06-13,25.0
126737,Juanmi,Real Betis Balompié,2022-23,FW,30,920,4,0,2023-06-04,2023-06-13,12.0
126751,Iñigo Ruiz de Galarreta,RCD Mallorca,2022-23,MF,29,2457,0,1,2023-06-04,2023-06-13,3.0
127108,Florian Lejeune,Rayo Vallecano,2022-23,DF,32,2569,4,0,2023-06-04,2023-06-13,4.0
127181,Benjamin Lecomte,RCD Espanyol Barcelona,2022-23,GK,32,900,0,0,2023-06-04,2023-06-27,4.0
127189,Geoffrey Kondogbia,Atlético de Madrid,2022-23,MF,30,1000,0,2,2023-06-04,2023-06-13,14.0
128223,Álvaro Morata,Atlético de Madrid,2022-23,FW,30,1906,13,2,2023-06-04,2023-06-13,20.0
129386,Zouhair Feddal,Real Valladolid CF,2022-23,DF,33,372,0,0,2023-06-04,2023-06-08,1.3
129444,David López (129444),Girona FC,2022-23,DF,33,1658,3,1,2023-06-04,2023-06-13,2.0
131275,Choco Lozano,Cádiz CF,2022-23,FW,30,1440,1,1,2023-06-04,2023-06-13,2.5
131506,Samu Saiz,Girona FC,2022-23,MF,32,236,2,0,2023-06-04,2023-06-08,0.9
135492,Youssouf Sabaly,Real Betis Balompié,2022-23,DF,30,1681,1,1,2023-06-04,2023-06-13,5.0
138803,Francisco Portillo,UD Almería,2022-23,FW,32,702,2,1,2023-06-04,2023-06-13,1.5
138927,Daniel Carvajal,Real Madrid,2022-23,DF,31,1789,0,2,2023-06-04,2023-06-13,12.0
139435,Dani Rodríguez (139435),RCD Mallorca,2022-23,MF,34,2114,3,7,2023-06-04,2023-06-13,1.2
140776,Yannick Carrasco,Atlético de Madrid,2022-23,FW,29,2330,7,3,2023-06-04,2023-06-13,25.0
142021,Sergi Darder,RCD Espanyol Barcelona,2022-23,MF,29,3326,6,4,2023-06-04,2023-06-13,16.0
142031,Omar Mascarell,Elche CF,2022-23,MF,30,2450,0,1,2023-06-04,2023-06-13,3.0
143029,Stefan Mitrovic,Getafe CF,2022-23,DF,33,1679,0,0,2023-06-04,2023-06-13,2.0
143559,Matija Nastasić,RCD Mallorca,2022-23,DF,30,903,1,0,2023-06-04,2023-06-13,1.5
145769,Sergio León,Real Valladolid CF,2022-23,FW,34,1336,6,1,2023-06-04,2023-06-13,2.0
147462,Alexander Callens,Girona FC,2022-23,DF,31,117,0,0,2023-06-04,2023-06-13,1.8
148928,Saúl Ñíguez,Atlético de Madrid,2022-23,MF,28,1087,3,1,2023-06-04,2023-06-13,10.0
149231,Fidel,Elche CF,2022-23,FW,33,1728,3,2,2023-06-04,2023-06-13,1.0
149498,Gabriel Paulista,Valencia CF,2022-23,DF,32,1504,1,0,2023-06-04,2023-06-13,2.5
153427,Bebé,Rayo Vallecano,2022-23,FW,32,57,0,0,2023-06-04,2023-06-14,0.8
156501,Felipe,Atlético de Madrid,2022-23,DF,34,193,0,0,2023-06-04,2023-06-20,2.0
157036,Dyego Sousa,UD Almería,2022-23,FW,33,515,0,1,2023-06-04,2023-06-13,0.8
158863,Iñigo Martínez,Athletic Bilbao,2022-23,DF,32,1339,1,0,2023-06-04,2023-06-13,10.0
162027,David Gil,Cádiz CF,2022-23,GK,29,360,0,0,2023-06-04,2023-06-13,0.7
162038,Raúl de Tomás,Rayo Vallecano,2022-23,FW,28,804,4,0,2023-06-04,2023-06-13,8.0
162056,Gonzalo Melero,UD Almería,2022-23,MF,29,1877,4,3,2023-06-04,2023-06-13,4.0
165007,Denis Suárez,RCD Espanyol Barcelona,2022-23,MF,29,948,0,0,2023-06-04,2023-06-13,5.0
165467,Stole Dimitrievski,Rayo Vallecano,2022-23,GK,29,3325,0,0,2023-06-04,2023-06-13,4.0
166677,Brian Oliván,RCD Espanyol Barcelona,2022-23,DF,29,2413,1,7,2023-06-04,2023-06-13,6.0
167721,Chimy Ávila,CA Osasuna,2022-23,FW,29,1722,8,2,2023-06-04,2023-06-13,9.0
167850,Memphis Depay,Atlético de Madrid,2022-23,FW,29,384,5,0,2023-06-04,2023-06-13,14.0
169497,Juan Cruz (169497),CA Osasuna,2022-23,DF,30,2058,0,0,2023-06-04,2023-06-13,2.5
170472,Dimitri Foulquier,Valencia CF,2022-23,DF,30,1727,0,2,2023-06-04,2023-06-13,2.5
170646,Ludwig Augustinsson,RCD Mallorca,2022-23,DF,29,130,0,0,2023-06-04,2023-06-13,2.5
171679,Matt Doherty,Atlético de Madrid,2022-23,DF,31,16,0,0,2023-06-04,2023-06-13,5.0
172015,Fernando Pacheco,RCD Espanyol Barcelona,2022-23,GK,31,1530,0,0,2023-06-04,2023-06-13,2.5
175449,Moi Gómez,CA Osasuna,2022-23,MF,28,2460,3,2,2023-06-04,2023-06-13,10.0
176140,Rodrigo Ely,UD Almería,2022-23,DF,29,3158,0,1,2023-06-04,2023-06-13,3.0
177452,Abdón Prats,RCD Mallorca,2022-23,FW,30,398,1,1,2023-06-04,2023-06-13,1.2
177467,Gerard Moreno,Villarreal CF,2022-23,FW,31,1231,7,3,2023-06-04,2023-06-13,20.0
177847,Adnan Januzaj,Sevilla FC,2022-23,FW,28,46,0,0,2023-06-04,2023-06-08,6.0
178425,Dani García,Athletic Bilbao,2022-23,MF,33,1493,0,2,2023-06-04,2023-06-13,2.0
181547,Gonçalo Paciência,Celta de Vigo,2022-23,FW,28,648,2,0,2023-06-04,2023-06-13,2.0
182579,Karim Rekik,Sevilla FC,2022-23,DF,28,1184,1,1,2023-06-04,2023-06-13,4.0
184779,Gonzalo Verdú,Elche CF,2022-23,DF,34,702,1,0,2023-06-04,2023-06-13,0.7
186862,Enzo Roco,Elche CF,2022-23,DF,30,1655,0,0,2023-06-04,2023-06-13,1.5
188854,Manu Trigueros,Villarreal CF,2022-23,MF,31,818,0,1,2023-06-04,2023-06-13,4.0
189441,Lucas Ocampos,Sevilla FC,2022-23,FW,28,1164,4,0,2023-06-04,2023-06-13,12.0
190263,Predrag Rajković,RCD Mallorca,2022-23,GK,27,3240,0,0,2023-06-04,2023-06-13,10.0
191217,Héctor Bellerín,FC Barcelona,2022-23,DF,28,141,0,0,2023-06-04,2023-06-16,8.0
192009,Unai López,Rayo Vallecano,2022-23,MF,27,1241,1,2,2023-06-04,2023-06-13,3.5
193098,Álex Moreno,Real Betis Balompié,2022-23,DF,29,1350,0,3,2023-06-04,2023-06-20,15.0
193784,Carlos Clerc,Elche CF,2022-23,DF,31,2647,0,1,2023-06-04,2023-06-13,1.5
195171,Samu Castillejo,Valencia CF,2022-23,FW,28,1368,4,0,2023-06-04,2023-06-13,6.0
195488,Paulo Gazzaniga,Girona FC,2022-23,GK,31,2520,0,0,2023-06-04,2023-06-13,3.0
195605,José Pozo,Rayo Vallecano,2022-23,MF,27,80,0,0,2023-06-04,2023-06-13,1.0
196948,Andreas Christensen,FC Barcelona,2022-23,DF,27,1764,1,1,2023-06-04,2023-06-13,40.0
197122,Unai García,CA Osasuna,2022-23,DF,31,1718,0,1,2023-06-04,2023-06-13,2.5
197135,Joseba Zaldua,Cádiz CF,2022-23,DF,30,639,0,1,2023-06-04,2023-06-13,2.5
197545,Ander Capa,Athletic Bilbao,2022-23,DF,31,104,0,0,2023-06-04,2023-06-13,1.8
202984,Roque Mesa,Real Valladolid CF,2022-23,MF,33,1624,2,1,2023-06-04,2023-06-13,2.5
203043,Pedro Bigas,Elche CF,2022-23,DF,33,2025,0,1,2023-06-04,2023-06-13,1.0
203496,Nabil Fekir,Real Betis Balompié,2022-23,MF,29,966,2,3,2023-06-04,2023-06-13,20.0
205562,Thomas Lemar,Atlético de Madrid,2022-23,MF,27,1257,1,3,2023-06-04,2023-06-13,22.0
205569,Mickaël Malsa,Real Valladolid CF,2022-23,MF,27,64,0,0,2023-06-04,2023-06-08,1.5
207834,Yassine Bounou,Sevilla FC,2022-23,GK,32,2152,0,0,2023-06-04,2023-06-13,12.0
207917,Alberto Moreno,Villarreal CF,2022-23,DF,30,1296,0,1,2023-06-04,2023-06-13,3.0
208116,Curro Sánchez,UD Almería,2022-23,FW,27,41,0,0,2023-06-04,2023-06-14,1.0
211251,Darwin Machís,Real Valladolid CF,2022-23,FW,30,598,0,2,2023-06-04,2023-06-13,3.0
211389,Helibelton Palacios,Elche CF,2022-23,DF,29,1919,0,0,2023-06-04,2023-06-13,1.2
212391,Roger Martí,Elche CF,2022-23,FW,32,1298,1,1,2023-06-04,2023-06-13,2.0
212862,Álex Remiro,Real Sociedad,2022-23,GK,28,3420,0,0,2023-06-04,2023-06-13,25.0
213260,Rubén García,CA Osasuna,2022-23,FW,29,1154,2,2,2023-06-04,2023-06-13,6.0
213595,Juanjo Narváez,Real Valladolid CF,2022-23,FW,28,146,0,0,2023-06-04,2023-06-14,0.8
213670,Lucas Torró,CA Osasuna,2022-23,MF,28,2488,1,0,2023-06-04,2023-06-13,8.0
214775,Óliver Torres,Sevilla FC,2022-23,MF,28,2149,3,1,2023-06-04,2023-06-13,9.0
216240,Lucas Olaza,Real Valladolid CF,2022-23,DF,28,1496,0,1,2023-06-04,2023-06-13,2.5
216464,Carlos Fernández,Real Sociedad,2022-23,FW,27,623,1,0,2023-06-04,2023-06-13,3.0
216870,Nacho Vidal,CA Osasuna,2022-23,DF,28,1246,0,0,2023-06-04,2023-06-13,5.0
221150,Dakonam Djené,Getafe CF,2022-23,DF,31,2843,0,1,2023-06-04,2023-06-13,5.0
221309,Óscar Plano,Real Valladolid CF,2022-23,FW,32,2049,1,2,2023-06-04,2023-06-13,3.0
221311,Iván Sánchez,Real Valladolid CF,2022-23,FW,30,1118,1,1,2023-06-04,2023-06-13,0.8
221315,Kevin Vázquez,Celta de Vigo,2022-23,DF,30,440,0,0,2023-06-04,2023-06-13,1.0
221316,Lucas Vázquez,Real Madrid,2022-23,DF,31,1141,4,2,2023-06-04,2023-06-13,8.0
221321,Joaquín Fernández,Real Valladolid CF,2022-23,DF,27,2158,1,0,2023-06-04,2023-06-13,3.0
221322,José Gayà,Valencia CF,2022-23,DF,28,2715,1,4,2023-06-04,2023-06-13,30.0
221899,Léo Baptistão,UD Almería,2022-23,FW,30,1743,5,2,2023-06-04,2023-06-13,1.8
222805,Srdjan Babic,UD Almería,2022-23,DF,27,2999,3,0,2023-06-04,2023-06-13,3.5
223725,Munir El Haddadi,Getafe CF,2022-23,MF,27,1147,3,1,2023-06-04,2023-06-13,3.5
225020,Mariano Díaz,Real Madrid,2022-23,FW,29,150,0,0,2023-06-04,2023-06-13,2.5
225462,José Mari,Cádiz CF,2022-23,MF,35,383,0,0,2023-06-04,2023-06-13,0.4
225593,Pere Milla,Elche CF,2022-23,FW,30,1873,6,1,2023-06-04,2023-06-13,3.0
226012,David Soria,Getafe CF,2022-23,GK,30,3420,0,0,2023-06-04,2023-06-13,8.0
226073,Ivo Grbic,Atlético de Madrid,2022-23,GK,27,921,0,0,2023-06-04,2023-06-13,3.5
226261,César de la Hoz,UD Almería,2022-23,MF,31,1689,1,0,2023-06-04,2023-06-13,1.2
227961,Jaime Mata,Getafe CF,2022-23,FW,34,435,1,1,2023-06-04,2023-06-13,1.2
229604,Gerónimo Rulli,Villarreal CF,2022-23,GK,31,1260,0,0,2023-06-04,2023-06-23,10.0
229804,Aritz Elustondo,Real Sociedad,2022-23,DF,29,1449,0,1,2023-06-04,2023-06-13,14.0
234811,Rui Silva,Real Betis Balompié,2022-23,GK,29,2340,0,0,2023-06-04,2023-06-13,15.0
235412,Jawad El Yamiq,Real Valladolid CF,2022-23,DF,31,1606,1,0,2023-06-04,2023-06-13,2.0
236734,Axel Werner,Elche CF,2022-23,GK,27,180,0,0,2023-06-04,2023-06-13,0.8
238407,Alexander Sørloth,Real Sociedad,2022-23,FW,27,2398,12,3,2023-06-04,2023-06-13,12.0
238868,Rubén Peña,CA Osasuna,2022-23,DF,31,1283,0,1,2023-06-04,2023-06-13,2.5
240360,Esteban Saveljich,Rayo Vallecano,2022-23,DF,32,1,0,0,2023-06-04,2023-06-13,0.5
240692,Reinildo Mandava,Atlético de Madrid,2022-23,DF,29,1861,0,0,2023-06-04,2023-06-13,25.0
241229,Jordan Amavi,Getafe CF,2022-23,DF,29,198,0,0,2023-06-04,2023-06-13,2.0
246204,Salvi Sánchez,Rayo Vallecano,2022-23,FW,32,471,0,0,2023-06-04,2023-06-13,1.5
246968,Ayoze Pérez,Real Betis Balompié,2022-23,FW,29,1396,3,2,2023-06-04,2023-06-13,6.0
247250,Rubén Alcaraz,Cádiz CF,2022-23,MF,32,2049,3,0,2023-06-04,2023-06-13,2.0
247652,Shon Weissman,Real Valladolid CF,2022-23,FW,27,740,1,0,2023-06-04,2023-06-14,4.0
248738,Sergio Herrera,CA Osasuna,2022-23,GK,29,1530,0,0,2023-06-04,2023-06-13,8.0
249513,Diego Rico,Real Sociedad,2022-23,DF,30,1647,0,0,2023-06-04,2023-06-13,3.0
250845,José María Giménez,Atlético de Madrid,2022-23,DF,28,2421,2,1,2023-06-04,2023-06-13,35.0
251106,Enes Ünal,Getafe CF,2022-23,FW,26,2987,14,3,2023-06-04,2023-06-13,25.0
251876,Pablo Maffeo,RCD Mallorca,2022-23,DF,25,2976,2,3,2023-06-04,2023-06-13,8.0
251896,Jesús Vallejo,Real Madrid,2022-23,DF,26,21,0,0,2023-06-04,2023-06-13,2.0
251897,Asier Villalibre,Athletic Bilbao,2022-23,FW,25,94,0,0,2023-06-04,2023-06-14,2.5
252667,Fali,Cádiz CF,2022-23,DF,29,1722,0,0,2023-06-04,2023-06-13,2.5
252677,José Luis Morales,Villarreal CF,2022-23,FW,35,1204,7,0,2023-06-04,2023-06-13,3.0
254037,Iza Carcelén,Cádiz CF,2022-23,DF,30,2204,0,1,2023-06-04,2023-06-13,1.5
255488,Yeray Álvarez,Athletic Bilbao,2022-23,DF,28,2337,1,1,2023-06-04,2023-06-13,15.0
255501,Iñigo Lekue,Athletic Bilbao,2022-23,DF,30,1323,0,1,2023-06-04,2023-06-13,3.0
255508,Iñaki Williams,Athletic Bilbao,2022-23,FW,28,2852,10,3,2023-06-04,2023-06-13,25.0
255729,Awer Mabil,Cádiz CF,2022-23,FW,27,163,0,0,2023-06-04,2023-06-20,1.2
255755,Alex Telles,Sevilla FC,2022-23,DF,30,1426,0,2,2023-06-04,2023-06-13,7.5
255901,Rodrigo De Paul,Atlético de Madrid,2022-23,MF,29,1935,2,7,2023-06-04,2023-06-13,40.0
256267,Vedat Muriqi,RCD Mallorca,2022-23,FW,29,2953,15,3,2023-06-04,2023-06-13,15.0
256429,Sergi Guardiola,Cádiz CF,2022-23,FW,32,1675,3,0,2023-06-04,2023-06-13,2.0
257062,Álvaro García,Rayo Vallecano,2022-23,FW,30,2896,5,5,2023-06-04,2023-06-13,6.0
257376,Domingos Duarte,Getafe CF,2022-23,DF,28,2657,0,2,2023-06-04,2023-06-13,5.0
261504,Aleix García,Girona FC,2022-23,MF,25,2341,1,6,2023-06-04,2023-06-13,10.0
262396,Unai Simón,Athletic Bilbao,2022-23,GK,25,2745,0,0,2023-06-04,2023-06-13,25.0
262939,Johan Mojica,Villarreal CF,2022-23,DF,30,904,0,0,2023-06-04,2023-06-13,3.0
263727,Joan Jordán,Sevilla FC,2022-23,MF,28,1594,0,1,2023-06-04,2023-06-13,9.0
264372,Viktor Tsygankov,Girona FC,2022-23,FW,25,1494,3,6,2023-06-04,2023-06-13,22.0
266795,Gonzalo Escalante,Cádiz CF,2022-23,MF,30,1126,4,1,2023-06-04,2023-06-13,2.0
266807,Ángel Correa,Atlético de Madrid,2022-23,FW,28,1449,9,2,2023-06-04,2023-06-13,30.0
268506,Fabrizio Angileri,Getafe CF,2022-23,DF,29,583,0,0,2023-06-04,2023-06-13,2.0
268670,Gerard Gumbau,Elche CF,2022-23,MF,28,2744,1,6,2023-06-04,2023-06-13,3.5
273152,Nemanja Maksimovic,Getafe CF,2022-23,MF,28,2068,0,0,2023-06-04,2023-06-13,6.0
277137,Renato Tapia,Celta de Vigo,2022-23,MF,27,1449,0,0,2023-06-04,2023-06-13,6.0
277384,Martin Valjent,RCD Mallorca,2022-23,DF,27,2659,0,0,2023-06-04,2023-06-13,4.5
277533,Josan,Elche CF,2022-23,FW,33,1070,1,3,2023-06-04,2023-06-13,1.0
278296,Antonio Raíllo,RCD Mallorca,2022-23,DF,31,2766,2,4,2023-06-04,2023-06-13,4.0
278359,Borja Iglesias,Real Betis Balompié,2022-23,FW,30,2381,15,3,2023-06-04,2023-06-13,20.0
280701,Théo Bongonda,Cádiz CF,2022-23,FW,27,1951,4,3,2023-06-04,2023-06-13,4.0
280730,Álvaro Odriozola,Real Madrid,2022-23,DF,27,36,0,0,2023-06-04,2023-06-13,5.0
281404,Kenedy,Real Valladolid CF,2022-23,FW,27,267,0,1,2023-06-04,2023-06-13,1.5
281755,Iván Alejo,Cádiz CF,2022-23,FW,28,1305,0,1,2023-06-04,2023-06-13,1.2
281769,Mario Hermoso,Atlético de Madrid,2022-23,DF,27,2112,3,2,2023-06-04,2023-06-13,20.0
281989,Luis Milla,Getafe CF,2022-23,MF,28,1863,0,3,2023-06-04,2023-06-13,4.0
282410,José Carlos Lazo,RCD Espanyol Barcelona,2022-23,FW,27,169,1,1,2023-06-04,2023-06-13,2.5
282411,Marcos Llorente,Atlético de Madrid,2022-23,DF,28,1712,1,2,2023-06-04,2023-06-13,35.0
282429,Sergio Reguilón,Atlético de Madrid,2022-23,DF,26,303,0,0,2023-06-04,2023-06-13,10.0
282694,Augusto Solari,Celta de Vigo,2022-23,MF,31,255,0,1,2023-06-04,2023-06-13,1.5
282722,Álex Collado,Elche CF,2022-23,MF,24,720,1,1,2023-06-04,2023-06-13,3.0
282727,Monchu,Real Valladolid CF,2022-23,MF,23,2033,3,2,2023-06-04,2023-06-13,5.0
282810,Carles Pérez,Celta de Vigo,2022-23,FW,25,2146,3,5,2023-06-04,2023-06-13,5.0
283170,Iñaki Peña,FC Barcelona,2022-23,GK,24,72,0,0,2023-06-04,2023-06-13,4.0
283196,Kasper Dolberg,Sevilla FC,2022-23,FW,25,196,0,1,2023-06-04,2023-06-22,7.0
284342,Conan Ledesma,Cádiz CF,2022-23,GK,30,3060,0,0,2023-06-04,2023-06-13,8.0
284854,Carles Aleñá,Getafe CF,2022-23,MF,25,2126,2,2,2023-06-04,2023-06-13,9.0
284884,Óscar Rodríguez,Celta de Vigo,2022-23,MF,24,1768,2,1,2023-06-04,2023-06-13,8.0
286779,Jorge Meré,Cádiz CF,2022-23,DF,26,598,0,0,2023-06-04,2023-06-13,1.2
288230,Ousmane Dembélé,FC Barcelona,2022-23,FW,26,1415,5,7,2023-06-04,2023-06-13,60.0
288318,Adrián Embarba,UD Almería,2022-23,FW,31,1507,4,3,2023-06-04,2023-06-13,2.5
289255,Andoni Gorosabel,Real Sociedad,2022-23,DF,26,1710,0,0,2023-06-04,2023-06-13,9.0
290249,Mauro Arambarri,Getafe CF,2022-23,MF,27,1000,0,1,2023-06-04,2023-06-13,9.0
291417,Ferland Mendy,Real Madrid,2022-23,DF,27,1357,0,1,2023-06-04,2023-06-13,25.0
294808,Franck Kessié,FC Barcelona,2022-23,MF,26,977,1,1,2023-06-04,2023-06-13,25.0
295622,Keidi Bare,RCD Espanyol Barcelona,2022-23,MF,25,497,0,1,2023-06-04,2023-06-13,3.0
296622,Marco Asensio,Real Madrid,2022-23,MF,27,1434,9,6,2023-06-04,2023-06-13,25.0
296783,Ezequiel Ponce,Elche CF,2022-23,FW,26,1114,4,0,2023-06-04,2023-06-13,2.5
297194,Iván Villar,Celta de Vigo,2022-23,GK,25,1710,0,0,2023-06-04,2023-06-13,2.0
298575,Kike Barja,CA Osasuna,2022-23,FW,26,1315,1,6,2023-06-04,2023-06-13,4.0
298583,Eray Cömert,Valencia CF,2022-23,DF,25,1675,1,0,2023-06-04,2023-06-13,3.5
298589,David García,CA Osasuna,2022-23,DF,29,2683,2,0,2023-06-04,2023-06-13,20.0
298975,Pol Lirola,Elche CF,2022-23,DF,25,627,1,0,2023-06-04,2023-06-13,2.0
298976,Borja Mayoral,Getafe CF,2022-23,FW,26,2776,8,2,2023-06-04,2023-06-13,9.0
300168,Mikel Vesga,Athletic Bilbao,2022-23,MF,30,2574,3,3,2023-06-04,2023-06-13,6.0
307519,Fede San Emeterio,Cádiz CF,2022-23,MF,26,1855,0,1,2023-06-04,2023-06-13,2.0
309110,Brais Méndez,Real Sociedad,2022-23,MF,26,2416,8,4,2023-06-04,2023-06-13,25.0
311044,Alfonso Espino,Cádiz CF,2022-23,DF,31,3123,0,4,2023-06-04,2023-06-13,3.5
315762,Luca de la Torre,Celta de Vigo,2022-23,MF,25,1488,0,2,2023-06-04,2023-06-13,3.0
316884,Dominik Greif,RCD Mallorca,2022-23,GK,26,90,0,0,2023-06-04,2023-06-13,1.5
319745,Dani Ceballos,Real Madrid,2022-23,MF,26,1569,0,4,2023-06-04,2023-06-13,12.0
320271,Toni Lato,Valencia CF,2022-23,DF,25,908,1,0,2023-06-04,2023-06-13,2.5
322065,Dennis Hadzikadunic,RCD Mallorca,2022-23,DF,24,616,0,0,2023-06-04,2023-06-13,3.0
326330,Frenkie de Jong,FC Barcelona,2022-23,MF,26,2538,2,4,2023-06-04,2023-06-13,75.0
327126,Anuar,Real Valladolid CF,2022-23,FW,28,211,1,0,2023-06-04,2023-06-13,0.9
330352,Raúl Guti,Elche CF,2022-23,MF,26,1081,0,0,2023-06-04,2023-06-13,2.5
330659,Justin Kluivert,Valencia CF,2022-23,MF,24,1450,6,1,2023-06-04,2023-06-13,14.0
331496,Valery Fernández,Girona FC,2022-23,FW,23,957,0,2,2023-06-04,2023-06-13,1.5
331505,Óscar Mingueza,Celta de Vigo,2022-23,DF,24,1284,0,0,2023-06-04,2023-06-13,2.5
333361,Chumi,UD Almería,2022-23,DF,24,1486,1,0,2023-06-04,2023-06-13,2.0
334222,Lucas Boyé,Elche CF,2022-23,FW,27,2472,7,3,2023-06-04,2023-06-13,10.0
335225,Manu Morlanes,RCD Mallorca,2022-23,MF,24,872,1,0,2023-06-04,2023-06-13,4.0
336828,Pape Cheikh,Elche CF,2022-23,MF,25,35,0,0,2023-06-04,2023-06-13,0.9
337066,Toni Villa,Girona FC,2022-23,FW,28,988,1,3,2023-06-04,2023-06-13,2.5
337070,Sekou Gassama,Real Valladolid CF,2022-23,FW,28,35,0,0,2023-06-04,2023-06-14,0.3
337715,Umar Sadiq,UD Almería,2022-23,FW,26,325,3,0,2023-06-04,2023-06-13,18.0
338285,Unai Núñez,Celta de Vigo,2022-23,DF,26,3151,0,1,2023-06-04,2023-06-13,6.0
338424,Mikel Merino,Real Sociedad,2022-23,MF,26,2498,2,9,2023-06-04,2023-06-13,50.0
338425,Álex Berenguer,Athletic Bilbao,2022-23,FW,27,2301,4,2,2023-06-04,2023-06-13,15.0
339699,Giovanni González,RCD Mallorca,2022-23,DF,28,923,0,2,2023-06-04,2023-06-13,2.0
339816,Tete Morente,Elche CF,2022-23,FW,26,2073,4,0,2023-06-04,2023-06-13,2.5
339820,Amath Ndiaye,RCD Mallorca,2022-23,FW,26,1219,2,1,2023-06-04,2023-06-13,2.0
340205,Gorka Guruzeta,Athletic Bilbao,2022-23,FW,26,1421,6,1,2023-06-04,2023-06-13,2.0
340853,Javi Sánchez,Real Valladolid CF,2022-23,DF,26,2395,1,0,2023-06-04,2023-06-13,3.0
340867,Jaime Seoane,Getafe CF,2022-23,MF,26,318,0,0,2023-06-04,2023-06-13,2.5
341110,Franco Cervi,Celta de Vigo,2022-23,FW,29,1895,0,4,2023-06-04,2023-06-13,3.0
341227,Juan Miranda,Real Betis Balompié,2022-23,DF,23,1475,3,2,2023-06-04,2023-06-13,7.0
341264,Fran García,Rayo Vallecano,2022-23,DF,23,3399,2,3,2023-06-04,2023-06-13,12.0
341272,Álex Pozo,UD Almería,2022-23,FW,24,1875,0,3,2023-06-04,2023-06-13,3.0
341278,Iván Martín,Girona FC,2022-23,MF,24,1594,3,4,2023-06-04,2023-06-13,3.0
342385,Guido Rodríguez,Real Betis Balompié,2022-23,MF,29,2877,1,0,2023-06-04,2023-06-13,28.0
343463,Cyle Larin,Real Valladolid CF,2022-23,FW,28,1469,8,3,2023-06-04,2023-06-13,8.0
346289,Mouctar Diakhaby,Valencia CF,2022-23,DF,26,2449,3,0,2023-06-04,2023-06-13,6.0
348795,Giovani Lo Celso,Villarreal CF,2022-23,MF,27,1128,2,3,2023-06-04,2023-06-13,14.0
349066,Alexander Isak,Real Sociedad,2022-23,FW,23,154,1,0,2023-06-04,2023-06-20,70.0
349836,Diego González,Elche CF,2022-23,DF,28,957,0,0,2023-06-04,2023-06-13,1.5
351478,Mikel Oyarzabal,Real Sociedad,2022-23,FW,26,1215,4,1,2023-06-04,2023-06-13,40.0
351809,Robin Le Normand,Real Sociedad,2022-23,DF,26,2795,0,0,2023-06-04,2023-06-13,35.0
353032,Omar Alderete,Getafe CF,2022-23,DF,26,2050,1,1,2023-06-04,2023-06-13,4.0
354741,Loren Morón,Real Betis Balompié,2022-23,FW,29,13,0,0,2023-06-04,2023-06-14,2.0
355627,Sergio Akieme,UD Almería,2022-23,DF,25,2298,1,0,2023-06-04,2023-06-13,7.5
355628,Igor Zubeldia,Real Sociedad,2022-23,DF,26,2547,1,1,2023-06-04,2023-06-13,15.0
355861,Arnaut Danjuma,Villarreal CF,2022-23,FW,26,476,2,0,2023-06-04,2023-06-20,25.0
356197,Alfonso Pedraza,Villarreal CF,2022-23,DF,27,1636,0,3,2023-06-04,2023-06-13,15.0
357884,Fernando Calero,RCD Espanyol Barcelona,2022-23,DF,27,1617,0,1,2023-06-04,2023-06-13,2.0
358115,Luis Pérez,Real Valladolid CF,2022-23,DF,28,1215,0,1,2023-06-04,2023-06-13,1.5
358250,Joseph Aidoo,Celta de Vigo,2022-23,DF,27,3121,3,0,2023-06-04,2023-06-13,8.0
361254,Rafa Mir,Sevilla FC,2022-23,FW,25,1297,6,0,2023-06-04,2023-06-13,10.0
362086,Isi Palazón,Rayo Vallecano,2022-23,FW,28,2991,9,5,2023-06-04,2023-06-13,12.0
367466,Thierry Correia,Valencia CF,2022-23,DF,24,2016,0,0,2023-06-04,2023-06-13,8.0
369081,Federico Valverde,Real Madrid,2022-23,MF,24,2510,7,4,2023-06-04,2023-06-13,100.0
371998,Vinicius Junior,Real Madrid,2022-23,FW,22,2833,10,10,2023-06-04,2023-06-13,150.0
372246,Carlos Soler,Valencia CF,2022-23,MF,26,243,1,0,2023-06-04,2023-06-27,25.0
375382,André Almeida,Valencia CF,2022-23,MF,23,2550,2,4,2023-06-04,2023-06-13,20.0
377219,Selim Amallah,Real Valladolid CF,2022-23,MF,26,269,2,1,2023-06-04,2023-06-13,3.0
378139,Aitor Ruibal,Real Betis Balompié,2022-23,FW,27,1450,0,0,2023-06-04,2023-06-13,5.0
378293,Yangel Herrera,Girona FC,2022-23,MF,25,964,2,2,2023-06-04,2023-06-13,5.0
378463,Franco Russo,RCD Mallorca,2022-23,DF,28,147,0,0,2023-06-04,2023-06-05,0.8
380598,Santi Comesaña,Rayo Vallecano,2022-23,MF,26,2471,3,2,2023-06-04,2023-06-13,7.5
384060,Tino Kadewere,RCD Mallorca,2022-23,FW,27,539,1,0,2023-06-04,2023-06-13,4.0
387687,César Montes,RCD Espanyol Barcelona,2022-23,DF,26,1589,3,0,2023-06-04,2023-06-13,8.0
390688,Juan Iglesias,Getafe CF,2022-23,DF,24,2143,1,0,2023-06-04,2023-06-13,3.5
396894,Maxi Gómez,Valencia CF,2022-23,FW,26,105,0,0,2023-06-04,2023-06-08,7.0
398163,Gonzalo Villar,Getafe CF,2022-23,MF,25,445,0,0,2023-06-04,2023-06-13,2.8
398184,Ferran Torres,FC Barcelona,2022-23,FW,23,1382,4,2,2023-06-04,2023-06-13,30.0
398808,Martin Hongla,Real Valladolid CF,2022-23,MF,25,1312,0,0,2023-06-04,2023-06-13,3.0
399776,Pau Torres,Villarreal CF,2022-23,DF,26,3055,1,0,2023-06-04,2023-06-13,45.0
401521,Braian Cufré,RCD Mallorca,2022-23,DF,26,217,0,0,2023-06-04,2023-08-22,1.5
401530,Éder Militão,Real Madrid,2022-23,DF,25,2704,5,1,2023-06-04,2023-06-13,70.0
401624,Edgar González,Real Betis Balompié,2022-23,DF,26,1770,0,0,2023-06-04,2023-06-13,9.0
401922,Samuel Chukwueze,Villarreal CF,2022-23,FW,24,2348,6,5,2023-06-04,2023-06-13,25.0
402002,Mamady Diarra,Cádiz CF,2022-23,FW,22,66,0,0,2023-06-04,2023-06-30,0.3
402733,Gonzalo Montiel,Sevilla FC,2022-23,DF,26,1521,0,3,2023-06-04,2023-06-13,12.0
404839,Andriy Lunin,Real Madrid,2022-23,GK,24,630,0,0,2023-06-04,2023-06-13,5.0
405398,Takefusa Kubo,Real Sociedad,2022-23,FW,22,2454,9,7,2023-06-04,2023-06-13,25.0
408471,Javi Puado,RCD Espanyol Barcelona,2022-23,FW,25,2349,7,2,2023-06-04,2023-06-13,8.0
410185,Ronaël Pierre-Gabriel,RCD Espanyol Barcelona,2022-23,DF,24,236,1,0,2023-06-04,2023-06-13,3.5
411295,Raphinha,FC Barcelona,2022-23,FW,26,2084,7,7,2023-06-04,2023-06-13,60.0
411975,Jules Koundé,FC Barcelona,2022-23,DF,24,2428,1,3,2023-06-04,2023-06-13,60.0
412045,Pol Lozano,RCD Espanyol Barcelona,2022-23,MF,23,13,0,0,2023-06-04,2023-06-14,1.5
412363,Rodrygo,Real Madrid,2022-23,FW,22,2381,9,9,2023-06-04,2023-06-13,100.0
413112,Aurélien Tchouaméni,Real Madrid,2022-23,MF,23,2120,0,4,2023-06-04,2023-06-13,85.0
422460,Dani Gómez,RCD Espanyol Barcelona,2022-23,FW,24,82,0,0,2023-06-04,2023-06-13,1.5
422466,Javi Hernández,Girona FC,2022-23,DF,25,1117,1,2,2023-06-04,2023-06-13,2.5
423440,Martín Zubimendi,Real Sociedad,2022-23,MF,24,3102,1,3,2023-06-04,2023-06-13,40.0
423443,Álex Centelles,UD Almería,2022-23,DF,23,1122,1,2,2023-06-04,2023-06-13,1.5
423444,Fran Beltrán,Celta de Vigo,2022-23,MF,24,2863,0,2,2023-06-04,2023-06-13,15.0
424042,Nahuel Molina,Atlético de Madrid,2022-23,DF,25,2872,4,2,2023-06-04,2023-06-13,35.0
424784,Luis Suárez (424784),UD Almería,2022-23,FW,25,1480,4,5,2023-06-04,2023-06-13,8.0
429901,Paul Akouokou,Real Betis Balompié,2022-23,MF,25,441,0,0,2023-06-04,2023-06-13,3.5
429983,Jørgen Strand Larsen,Celta de Vigo,2022-23,FW,23,1709,4,4,2023-06-04,2023-06-13,11.0
433049,Youssef En-Nesyri,Sevilla FC,2022-23,FW,26,1658,8,1,2023-06-04,2023-06-13,20.0
434990,Álex Sola,Real Sociedad,2022-23,FW,23,346,0,0,2023-06-04,2023-06-13,3.0
438001,Santiago Bueno,Girona FC,2022-23,DF,24,3012,0,1,2023-06-04,2023-06-13,8.0
439022,Marcão,Sevilla FC,2022-23,DF,26,374,0,0,2023-06-04,2023-06-13,7.5
442552,Houboulang Mendes,UD Almería,2022-23,DF,25,889,0,1,2023-06-04,2023-06-13,2.0
442805,Iddrisu Baba,RCD Mallorca,2022-23,MF,27,1748,0,0,2023-06-04,2023-06-13,3.0
448628,Javi Galán,Celta de Vigo,2022-23,DF,28,3162,0,3,2023-06-04,2023-06-13,12.0
449496,Álvaro Aguado,Real Valladolid CF,2022-23,MF,27,1882,1,2,2023-06-04,2023-06-13,3.0
449796,Alejandro Catena,Rayo Vallecano,2022-23,DF,28,3106,1,1,2023-06-04,2023-06-13,8.0
451801,Abdul Mumin,Rayo Vallecano,2022-23,DF,24,917,0,0,2023-06-04,2023-06-13,1.5
453704,Álvaro Fernández,RCD Espanyol Barcelona,2022-23,GK,25,990,0,0,2023-06-04,2023-06-13,2.5
454238,Tomás Alarcón,Cádiz CF,2022-23,MF,24,222,0,0,2023-06-04,2023-06-14,1.5
455349,Jon Morcillo,Athletic Bilbao,2022-23,FW,24,65,0,1,2023-06-04,2023-06-13,3.0
457221,Lucas Robertone,UD Almería,2022-23,MF,26,2861,2,7,2023-06-04,2023-06-13,7.0
457931,Luiz Felipe,Real Betis Balompié,2022-23,DF,26,1768,0,0,2023-06-04,2023-06-13,15.0
461617,Rodrigo Riquelme,Girona FC,2022-23,FW,23,2188,4,4,2023-06-04,2023-06-13,12.0
461619,Fernando Medrano,Celta de Vigo,2022-23,DF,23,12,0,0,2023-06-04,2023-06-30,0.2
462250,João Félix,Atlético de Madrid,2022-23,FW,23,649,4,3,2023-06-04,2023-06-20,50.0
465967,Ander Guevara,Real Sociedad,2022-23,MF,25,217,0,0,2023-06-04,2023-06-13,2.5
466794,Eric García,FC Barcelona,2022-23,DF,22,1415,1,0,2023-06-04,2023-06-13,10.0
466805,Nico González (466805),Valencia CF,2022-23,MF,21,1409,1,1,2023-06-04,2023-06-13,10.0
466810,Ansu Fati,FC Barcelona,2022-23,FW,20,1382,7,4,2023-06-04,2023-06-13,35.0
468309,Lucas Rosa,Real Valladolid CF,2022-23,DF,23,927,0,1,2023-06-04,2023-06-13,1.0
480267,Ronald Araujo,FC Barcelona,2022-23,DF,24,1804,0,2,2023-06-04,2023-06-13,70.0
480763,Juan Foyth,Villarreal CF,2022-23,DF,25,1961,1,0,2023-06-04,2023-06-13,25.0
481084,Marcos André,Valencia CF,2022-23,FW,26,436,1,0,2023-06-04,2023-06-13,2.5
485963,Pape Gueye,Sevilla FC,2022-23,MF,24,1176,1,3,2023-06-04,2023-06-13,10.0
487180,Nabil Touaizi,RCD Espanyol Barcelona,2022-23,MF,22,2,0,0,2023-06-04,2023-06-30,0.2
490421,Momo Mbaye,Cádiz CF,2022-23,DF,24,754,0,0,2023-06-04,2023-06-13,0.7
494880,Jorge Cuenca,Villarreal CF,2022-23,DF,23,503,0,0,2023-06-04,2023-06-13,5.0
495621,Antonio Blanco,Cádiz CF,2022-23,MF,22,159,0,0,2023-06-04,2023-06-14,2.5
495625,Víctor Chust,Cádiz CF,2022-23,DF,23,964,1,0,2023-06-04,2023-06-13,2.5
495629,Hugo Guillamón,Valencia CF,2022-23,MF,23,1634,1,4,2023-06-04,2023-06-13,14.0
501418,Adrià Pedrosa,RCD Espanyol Barcelona,2022-23,DF,25,226,0,0,2023-06-04,2023-06-13,5.0
502676,Giorgi Mamardashvili,Valencia CF,2022-23,GK,22,3420,0,0,2023-06-04,2023-06-13,25.0
503991,Yunus Musah,Valencia CF,2022-23,MF,20,2121,0,2,2023-06-04,2023-06-13,18.0
505674,Sergio Camello,Rayo Vallecano,2022-23,FW,22,2413,6,5,2023-06-04,2023-06-13,10.0
505675,Rober González,Real Betis Balompié,2022-23,FW,22,52,0,0,2023-06-04,2023-06-14,2.0
506248,Edu Expósito,RCD Espanyol Barcelona,2022-23,MF,26,1159,2,2,2023-06-04,2023-06-13,4.0
513031,Antonio Sánchez,RCD Mallorca,2022-23,MF,26,1064,0,0,2023-06-04,2023-06-13,2.5
517753,Óscar Valentín,Rayo Vallecano,2022-23,MF,28,2567,0,0,2023-06-04,2023-06-13,5.0
517842,Aihen Muñoz,Real Sociedad,2022-23,DF,25,1756,0,1,2023-06-04,2023-06-13,6.0
517894,Matheus Cunha,Atlético de Madrid,2022-23,FW,24,370,0,2,2023-06-04,2023-06-20,25.0
518644,Largie Ramazani,UD Almería,2022-23,FW,22,1395,3,2,2023-06-04,2023-06-13,6.0
520840,José Copete,RCD Mallorca,2022-23,DF,23,2215,1,0,2023-06-04,2023-06-13,3.5
520947,Santiago Arzamendia,Cádiz CF,2022-23,DF,25,478,0,0,2023-06-04,2023-06-13,1.2
522784,Taty Castellanos,Girona FC,2022-23,FW,24,2620,13,1,2023-06-04,2023-06-13,15.0
524000,Dani Vivian,Athletic Bilbao,2022-23,DF,23,2374,1,0,2023-06-04,2023-06-13,14.0
524010,Oier Zarraga,Athletic Bilbao,2022-23,MF,24,839,0,0,2023-06-04,2023-06-13,3.0
525299,Miguel Gutiérrez,Girona FC,2022-23,DF,21,2397,2,4,2023-06-04,2023-06-13,10.0
525578,Pathé Ciss,Rayo Vallecano,2022-23,MF,29,1267,1,0,2023-06-04,2023-06-13,3.0
527350,Manu Vallejo,Girona FC,2022-23,FW,26,203,0,2,2023-06-04,2023-06-14,2.4
527698,Kike Pérez,Real Valladolid CF,2022-23,MF,26,2316,1,2,2023-06-04,2023-06-13,4.5
531277,Andrés Martín,Rayo Vallecano,2022-23,FW,23,202,0,0,2023-06-04,2023-06-13,1.0
536030,Arnau Puigmal,UD Almería,2022-23,MF,22,759,1,0,2023-06-04,2023-06-13,2.0
537382,Bryan Gil,Sevilla FC,2022-23,FW,22,922,2,2,2023-06-04,2023-06-13,15.0
537762,Sergio Arribas (537762),Real Madrid,2022-23,MF,21,17,0,0,2023-06-04,2023-06-30,5.0
538810,Chris Ramos,Cádiz CF,2022-23,FW,26,705,1,0,2023-06-04,2023-06-13,1.5
538996,Tanguy Nianzou,Sevilla FC,2022-23,DF,20,1370,1,0,2023-06-04,2023-06-13,7.5
544106,Óscar Gil,RCD Espanyol Barcelona,2022-23,DF,25,2567,0,1,2023-06-04,2023-06-13,3.0
548111,Álex Baena,Villarreal CF,2022-23,FW,21,1943,6,3,2023-06-04,2023-06-13,20.0
552425,Jon Moncayola,CA Osasuna,2022-23,MF,25,2443,1,3,2023-06-04,2023-06-13,12.0
555500,Jorge Herrando,CA Osasuna,2022-23,DF,22,26,0,0,2023-06-04,2023-06-30,0.4
557147,José Gragera,RCD Espanyol Barcelona,2022-23,MF,23,461,1,0,2023-06-04,2023-06-13,2.5
557149,Kang-in Lee,RCD Mallorca,2022-23,MF,22,2843,6,7,2023-06-04,2023-06-13,22.0
560483,Randy Nteka,Elche CF,2022-23,MF,25,839,0,0,2023-06-04,2023-06-13,1.8
561613,Joan García,RCD Espanyol Barcelona,2022-23,GK,22,90,0,0,2023-06-04,2023-06-13,0.4
562742,Leo Román,RCD Mallorca,2022-23,GK,22,90,0,0,2023-06-04,2023-06-13,0.3
563137,Robert Navarro,Real Sociedad,2022-23,FW,21,337,0,0,2023-06-04,2023-06-13,3.0
564451,Youba Diarra,Cádiz CF,2022-23,MF,25,94,0,0,2023-06-04,2023-06-13,0.9
566965,Diego Collado,Villarreal CF,2022-23,FW,22,5,0,0,2023-06-04,2023-06-14,1.0
568157,Yéremy Pino,Villarreal CF,2022-23,FW,20,2464,4,6,2023-06-04,2023-06-13,40.0
570421,Nico Melamed,RCD Espanyol Barcelona,2022-23,FW,22,1246,1,2,2023-06-04,2023-06-13,6.0
571020,Oihan Sancet,Athletic Bilbao,2022-23,MF,23,2555,10,2,2023-06-04,2023-06-13,30.0
573775,Hugo Duro,Valencia CF,2022-23,FW,23,1376,1,1,2023-06-04,2023-06-13,4.0
574772,Lázaro,UD Almería,2022-23,FW,21,712,6,0,2023-06-04,2023-06-13,6.0
577486,Gastón Álvarez,Getafe CF,2022-23,DF,23,1504,2,0,2023-06-04,2023-06-13,5.0
580560,Jon Pacheco,Real Sociedad,2022-23,DF,22,1189,0,1,2023-06-04,2023-06-13,6.0
585323,Filip Jørgensen,Villarreal CF,2022-23,GK,21,180,0,0,2023-06-04,2023-06-13,1.5
585700,Juan Cruz (585700),Real Betis Balompié,2022-23,FW,23,174,1,0,2023-06-04,2023-06-30,1.5
591916,Aitor Paredes,Athletic Bilbao,2022-23,DF,23,854,0,0,2023-06-04,2023-06-13,1.0
592735,Gonzalo Plata,Real Valladolid CF,2022-23,FW,22,2309,1,7,2023-06-04,2023-06-13,5.0
596122,Pep Chavarría,Rayo Vallecano,2022-23,DF,25,356,0,2,2023-06-04,2023-06-13,1.5
598765,Brian Ocampo,Cádiz CF,2022-23,FW,23,1127,1,1,2023-06-04,2023-06-13,2.0
608531,Mario Hernández,Rayo Vallecano,2022-23,DF,24,103,0,0,2023-06-04,2023-06-13,0.6
610083,Unai Vencedor,Athletic Bilbao,2022-23,MF,22,183,0,0,2023-06-04,2023-06-13,9.0
610238,Pedro Ortiz,Sevilla FC,2022-23,MF,22,1,0,0,2023-06-04,2023-06-16,0.2
615350,Cenk Özkacar,Valencia CF,2022-23,DF,22,1363,0,0,2023-06-04,2023-06-13,5.0
616369,Ander Barrenetxea,Real Sociedad,2022-23,FW,21,872,3,1,2023-06-04,2023-06-13,6.0
617074,Ilaix Moriba,Valencia CF,2022-23,MF,20,1005,0,2,2023-06-04,2023-06-13,4.0
617081,Diego López (617081),Valencia CF,2022-23,FW,21,449,3,1,2023-06-04,2023-06-13,1.5
618809,Manu Sánchez,CA Osasuna,2022-23,DF,22,2117,0,3,2023-06-04,2023-06-13,10.0
618813,Carlos Martín,Atlético de Madrid,2022-23,FW,21,25,0,0,2023-06-04,2023-06-30,0.5
620164,Haissem Hassan,Villarreal CF,2022-23,FW,21,50,0,0,2023-06-04,2023-06-14,1.5
622988,Fran Pérez,Valencia CF,2022-23,FW,20,134,0,0,2023-06-04,2023-06-30,0.5
623024,Jesús Vázquez,Valencia CF,2022-23,DF,20,306,0,0,2023-06-04,2023-06-13,3.0
623521,Juanmi Latasa,Getafe CF,2022-23,FW,22,434,1,0,2023-06-04,2023-06-13,3.0
625014,Julen Agirrezabala,Athletic Bilbao,2022-23,GK,22,675,0,0,2023-06-04,2023-06-13,5.0
625655,Jon Magunazelaia,Real Sociedad,2022-23,MF,21,64,0,0,2023-06-04,2023-06-30,0.7
625658,Ander Martín,Real Sociedad,2022-23,FW,22,38,0,0,2023-06-04,2023-06-30,0.4
625660,Jon Ander Olasagasti,Real Sociedad,2022-23,MF,22,62,0,0,2023-06-04,2023-06-30,1.0
627226,Reinier,Girona FC,2022-23,MF,21,639,2,1,2023-06-04,2023-06-13,2.0
627228,Yan Couto,Girona FC,2022-23,DF,21,1151,1,2,2023-06-04,2023-06-13,4.0
627290,John Donald,Elche CF,2022-23,DF,22,1094,0,0,2023-06-04,2023-06-13,1.0
627294,Fer Niño,Villarreal CF,2022-23,FW,22,19,0,0,2023-06-04,2023-06-14,3.0
628494,Carlos García,Cádiz CF,2022-23,DF,22,24,0,1,2023-06-04,2023-06-30,0.2
628886,Iván Romero,Sevilla FC,2022-23,FW,22,10,0,0,2023-06-04,2023-06-14,0.8
630995,Rodri Sánchez,Real Betis Balompié,2022-23,FW,23,1606,2,4,2023-06-04,2023-06-13,8.0
632495,Josep Gayá,RCD Mallorca,2022-23,DF,22,52,0,0,2023-06-04,2023-06-14,0.1
632872,Francisco Mwepu,Cádiz CF,2022-23,FW,23,20,0,0,2023-06-04,2023-06-30,0.15
634105,Alberto Marí,Valencia CF,2022-23,FW,21,80,1,0,2023-06-04,2023-06-30,0.8
634122,Diego Moreno,CA Osasuna,2022-23,DF,21,637,0,0,2023-06-04,2023-06-13,0.8
634131,Aimar Oroz,CA Osasuna,2022-23,MF,21,2022,3,6,2023-06-04,2023-06-13,15.0
634427,Miguel Rodríguez,Celta de Vigo,2022-23,FW,20,250,1,0,2023-06-04,2023-06-13,1.0
634431,Beñat Turrientes,Real Sociedad,2022-23,MF,21,101,0,0,2023-06-04,2023-06-13,2.0
635347,Alberto del Moral,Villarreal CF,2022-23,MF,22,4,0,0,2023-06-04,2023-06-14,1.0
635881,Manuel Pozo,Real Valladolid CF,2022-23,FW,21,18,0,0,2023-06-04,2023-06-30,0.3
636093,Carlos Domínguez,Celta de Vigo,2022-23,DF,22,107,0,0,2023-06-04,2023-06-13,0.8
636688,Alejandro Balde,FC Barcelona,2022-23,DF,19,2476,1,6,2023-06-04,2023-06-13,50.0
638589,Ángel Algobia,Getafe CF,2022-23,MF,23,1130,0,0,2023-06-04,2023-06-13,1.5
640428,Eduardo Camavinga,Real Madrid,2022-23,MF,20,2002,0,1,2023-06-04,2023-06-13,85.0
646402,Abner,Real Betis Balompié,2022-23,DF,23,603,0,0,2023-06-04,2023-06-13,7.0
646739,Ángel Alarcón,FC Barcelona,2022-23,FW,19,22,0,0,2023-06-04,2023-08-21,0.3
646740,Gavi,FC Barcelona,2022-23,MF,18,2545,2,4,2023-06-04,2023-06-13,90.0
646746,Roger Martínez,RCD Espanyol Barcelona,2022-23,MF,19,6,0,0,2023-06-04,2023-06-30,0.4
646750,Cristhian Mosquera,Valencia CF,2022-23,DF,18,143,0,0,2023-06-04,2023-06-13,1.0
649016,El Bilal Touré,UD Almería,2022-23,FW,21,1273,7,2,2023-06-04,2023-06-13,12.0
657430,Samú Costa,UD Almería,2022-23,MF,22,1986,1,2,2023-06-04,2023-06-13,5.0
663581,Vini Souza,RCD Espanyol Barcelona,2022-23,MF,23,2433,1,1,2023-06-04,2023-06-13,6.0
668179,Carlos Álvarez,Sevilla FC,2022-23,MF,19,9,0,0,2023-06-04,2023-06-30,0.4
669511,Jorge Pascual,Villarreal CF,2022-23,FW,20,8,1,0,2023-06-04,2023-08-21,0.1
670847,Mohamed-Ali Cho,Real Sociedad,2022-23,FW,19,578,1,2,2023-06-04,2023-06-13,12.0
683840,Pedri,FC Barcelona,2022-23,MF,20,1982,6,1,2023-06-04,2023-06-13,100.0
689637,Chadi Riad,FC Barcelona,2022-23,DF,19,1,0,0,2023-06-04,2023-06-30,0.5
694928,Samuel Lino,Valencia CF,2022-23,FW,23,2899,6,2,2023-06-04,2023-06-13,16.0
699704,Gabri Veiga,Celta de Vigo,2022-23,MF,21,2313,11,4,2023-06-04,2023-06-13,30.0
705813,Rubén Sánchez,RCD Espanyol Barcelona,2022-23,DF,22,890,0,2,2023-06-04,2023-06-13,0.7
706138,Javi Llabrés,RCD Mallorca,2022-23,FW,20,16,0,0,2023-06-04,2023-06-14,0.3
709187,Nico Williams,Athletic Bilbao,2022-23,FW,20,2676,6,5,2023-06-04,2023-06-13,30.0
710474,Álvaro Aceves,Real Valladolid CF,2022-23,GK,19,12,0,0,2023-06-04,2023-06-30,0.2
710677,Iker Muñoz,CA Osasuna,2022-23,MF,20,250,0,0,2023-06-04,2023-06-30,0.5
710679,Iker Benito,CA Osasuna,2022-23,FW,20,176,0,0,2023-06-04,2023-06-30,0.3
711382,Jon Karrikaburu,Real Sociedad,2022-23,FW,20,86,0,0,2023-06-04,2023-06-14,5.0
711625,José Ángel Carmona,Elche CF,2022-23,DF,21,1120,3,1,2023-06-04,2023-06-13,4.0
711638,Fran Delgado,Real Betis Balompié,2022-23,DF,21,11,0,0,2023-06-04,2023-06-30,0.35
720038,Pablo Torre,FC Barcelona,2022-23,MF,20,138,0,0,2023-06-04,2023-06-13,3.0
724520,Abde Ezzalzouli,CA Osasuna,2022-23,FW,21,1511,4,2,2023-06-04,2023-06-13,15.0
730581,Loïc Badé,Sevilla FC,2022-23,DF,23,1448,1,0,2023-06-04,2023-06-13,12.0
739315,Nicolás Fernández Mercau,Elche CF,2022-23,FW,23,502,0,1,2023-06-04,2023-06-13,2.0
743589,Kaiky,UD Almería,2022-23,DF,19,581,0,0,2023-06-04,2023-06-13,3.0
745461,Luca Koleosho,RCD Espanyol Barcelona,2022-23,FW,18,55,1,0,2023-06-04,2023-06-30,1.0
764859,Williot Swedberg,Celta de Vigo,2022-23,FW,19,52,0,0,2023-06-04,2023-06-13,3.0
766583,Kike Salas,Sevilla FC,2022-23,DF,21,369,1,1,2023-06-04,2023-06-14,1.0
766723,Manu Bueno,Sevilla FC,2022-23,MF,18,150,0,0,2023-06-04,2023-06-30,0.3
767229,Diego Hormigo,Sevilla FC,2022-23,DF,20,45,0,0,2023-06-04,2023-06-30,0.1
775605,Pablo Barrios,Atlético de Madrid,2022-23,MF,19,714,0,1,2023-06-04,2023-06-13,5.0
776890,Nicolas Jackson,Villarreal CF,2022-23,FW,21,1602,12,4,2023-06-04,2023-06-13,30.0
783396,Ramón Terrats,Villarreal CF,2022-23,MF,22,1035,1,1,2023-06-04,2023-06-13,4.0
784719,Raúl Parra,Cádiz CF,2022-23,DF,23,312,0,0,2023-06-04,2023-06-13,0.3
785353,Pablo Ibáñez,CA Osasuna,2022-23,MF,24,1059,0,1,2023-06-04,2023-06-13,1.5
800175,Luiz Henrique,Real Betis Balompié,2022-23,FW,22,1811,1,3,2023-06-04,2023-06-13,15.0
822331,Omar El Hilali,RCD Espanyol Barcelona,2022-23,DF,19,89,0,0,2023-06-04,2023-06-13,0.5
826224,Arnau Martínez,Girona FC,2022-23,DF,20,2736,3,4,2023-06-04,2023-06-13,15.0
831161,Lautaro Blanco,Elche CF,2022-23,DF,24,871,0,2,2023-06-04,2023-06-13,2.8
834764,Javi Guerra,Valencia CF,2022-23,MF,20,603,1,0,2023-06-04,2023-06-13,2.0
845568,Marko Milovanović,UD Almería,2022-23,FW,19,14,0,0,2023-06-04,2023-06-13,1.0
857832,David Torres,Real Valladolid CF,2022-23,DF,20,380,0,0,2023-06-04,2023-06-30,0.05
892221,Hugo Sotelo,Celta de Vigo,2022-23,MF,19,16,0,0,2023-06-04,2023-06-30,0.15
895480,Adu Ares,Athletic Bilbao,2022-23,FW,21,76,0,0,2023-06-04,2023-06-30,0.5
898751,Mamadou Mbacke,Villarreal CF,2022-23,DF,20,29,0,0,2023-06-04,2023-06-14,2.8
905997,Pablo Durán,Celta de Vigo,2022-23,FW,22,32,0,0,2023-06-04,2023-06-30,0.25
907813,Pablo Marín,Real Sociedad,2022-23,MF,19,356,0,0,2023-06-04,2023-06-13,1.0
921734,Óscar Ureña,Girona FC,2022-23,FW,20,98,0,0,2023-06-04,2023-06-14,0.4
924447,Tunde Akinsola,Real Valladolid CF,2022-23,FW,20,10,0,0,2023-06-04,2023-06-30,0.05
928726,Roberto Arroyo,Real Valladolid CF,2022-23,FW,19,14,0,0,2023-06-04,2023-06-30,0.3
930415,Antonio Gomis,Atlético de Madrid,2022-23,GK,20,5,0,0,2023-06-04,2023-06-30,0.15
937958,Lamine Yamal,FC Barcelona,2022-23,FW,15,7,0,0,2023-06-04,2023-08-21,25.0
945496,Simo Keddari,RCD Espanyol Barcelona,2022-23,DF,18,142,0,0,2023-06-04,2023-06-13,0.5
946883,Iván Fresneda,Real Valladolid CF,2022-23,DF,18,1775,0,0,2023-06-04,2023-06-13,15.0
948275,Álvaro Rodríguez,Real Madrid,2022-23,FW,18,75,1,1,2023-06-04,2023-06-13,6.0
961945,Félix Garreta,Real Betis Balompié,2022-23,DF,19,90,0,0,2023-06-04,2023-06-30,0.2
1027993,José Antonio de la Rosa,Cádiz CF,2022-23,FW,18,44,0,1,2023-06-04,2023-06-30,0.3
1056655,Rubén Quintanilla,RCD Mallorca,2022-23,MF,21,3,0,0,2023-06-04,2023-06-30,0.025
7825,Pepe Reina,Villarreal CF,2023-24,GK,41,180,0,0,2024-05-26,2024-06-07,0.6
12282,Daley Blind,Girona FC,2023-24,DF,34,2972,1,2,2024-05-26,2024-06-07,3.0
15452,Raúl Albiol,Villarreal CF,2023-24,DF,38,2035,0,1,2024-05-26,2024-06-07,1.5
15956,Jesús Navas,Sevilla FC,2023-24,MF,38,2013,0,2,2024-05-26,2024-06-07,2.5
18644,Álvaro Negredo,Cádiz CF,2023-24,FW,38,47,0,0,2024-05-26,2024-06-24,0.3
20506,Andrés Guardado,Real Betis Balompié,2023-24,MF,37,442,0,0,2024-05-26,2024-06-14,1.0
25557,Sergio Ramos,Sevilla FC,2023-24,DF,38,2517,3,0,2024-05-26,2024-06-07,2.5
27493,Iván Cuéllar,RCD Mallorca,2023-24,GK,39,90,0,0,2024-05-26,2024-06-07,0.1
27992,Luka Modrić,Real Madrid,2023-24,MF,38,1687,2,6,2024-05-26,2024-06-07,6.0
30321,Óscar Trejo,Rayo Vallecano,2023-24,MF,36,1416,0,0,2024-05-26,2024-06-07,1.0
31909,Toni Kroos,Real Madrid,2023-24,MF,34,2130,1,8,2024-05-26,2024-06-07,10.0
32467,Ivan Rakitic,Sevilla FC,2023-24,MF,36,1425,2,1,2024-05-26,2024-06-04,3.5
34322,Sokratis Papastathopoulos,Real Betis Balompié,2023-24,DF,35,1135,0,0,2024-05-26,2024-06-07,0.7
34601,Raúl García (34601),Athletic Bilbao,2023-24,FW,37,403,1,0,2024-05-26,2024-06-07,1.5
35047,Axel Witsel,Atlético de Madrid,2023-24,MF,35,2783,2,0,2024-05-26,2024-06-07,3.5
38253,Robert Lewandowski,FC Barcelona,2023-24,FW,35,2759,19,8,2024-05-26,2024-06-07,15.0
39152,Radamel Falcao,Rayo Vallecano,2023-24,FW,38,379,1,0,2024-05-26,2024-06-07,0.8
40423,Claudio Bravo,Real Betis Balompié,2023-24,GK,41,630,0,0,2024-05-26,2024-06-07,0.8
46413,Ante Budimir,CA Osasuna,2023-24,FW,32,2449,17,2,2024-05-26,2024-06-07,5.0
51174,Fernando,Sevilla FC,2023-24,MF,36,461,0,0,2024-05-26,2024-06-17,2.0
53622,İlkay Gündoğan,FC Barcelona,2023-24,MF,33,2998,5,9,2024-05-26,2024-06-07,15.0
54217,Raúl Fernández,Granada CF,2023-24,GK,36,281,0,0,2024-05-26,2024-06-07,0.2
54235,Iker Muniain,Athletic Bilbao,2023-24,FW,31,585,2,0,2024-05-26,2024-06-07,5.0
57500,César Azpilicueta,Atlético de Madrid,2023-24,DF,34,1422,0,2,2024-05-26,2024-06-07,2.0
58330,Víctor Díaz,Granada CF,2023-24,DF,35,162,0,0,2024-05-26,2024-06-07,0.4
58884,Nacho Fernández,Real Madrid,2023-24,DF,34,1740,0,1,2024-05-26,2024-06-07,3.0
59016,David Alaba,Real Madrid,2023-24,DF,31,1156,0,1,2024-05-26,2024-06-07,20.0
59323,Cristhian Stuani,Girona FC,2023-24,FW,37,783,9,3,2024-05-26,2024-06-07,1.8
59349,Diego Mariño,UD Almería,2023-24,GK,34,90,0,0,2024-05-26,2024-06-07,0.3
59561,Dani Parejo,Villarreal CF,2023-24,MF,35,2586,3,5,2024-05-26,2024-06-07,2.5
60410,Marcos Acuña,Sevilla FC,2023-24,DF,32,1296,1,2,2024-05-26,2024-06-07,4.0
61253,José Callejón,Granada CF,2023-24,FW,37,794,0,1,2024-05-26,2024-06-07,0.8
61812,Yuri Berchiche,Athletic Bilbao,2023-24,DF,34,1931,3,2,2024-05-26,2024-06-07,1.8
62945,Luis Hernández,Cádiz CF,2023-24,DF,35,722,1,0,2024-05-26,2024-06-07,0.5
63494,Étienne Capoue,Villarreal CF,2023-24,MF,35,1443,1,1,2024-05-26,2024-06-07,1.5
64399,Vicente Guaita,Celta de Vigo,2023-24,GK,37,2402,0,0,2024-05-26,2024-06-07,0.8
64598,Bernardo Espinosa,Girona FC,2023-24,DF,34,2,0,0,2024-05-26,2024-06-11,0.55
65318,Jaume Costa,RCD Mallorca,2023-24,DF,36,1682,0,1,2024-05-26,2024-06-07,0.9
66100,Oriol Romeu,FC Barcelona,2023-24,MF,32,930,0,1,2024-05-26,2024-06-07,2.0
70245,Ignasi Miquel,Granada CF,2023-24,DF,31,2991,1,1,2024-05-26,2024-06-07,1.2
72047,Iago Aspas,Celta de Vigo,2023-24,FW,36,2717,9,10,2024-05-26,2024-06-07,3.0
73517,Ørjan Nyland,Sevilla FC,2023-24,GK,33,2160,0,0,2024-05-26,2024-06-07,1.4
74229,Koke,Atlético de Madrid,2023-24,MF,32,2502,0,4,2024-05-26,2024-06-07,12.0
74294,Nemanja Gudelj,Sevilla FC,2023-24,MF,32,1744,1,1,2024-05-26,2024-06-07,3.5
74857,Marc-André ter Stegen,FC Barcelona,2023-24,GK,32,2520,0,0,2024-05-26,2024-06-07,28.0
74869,Francis Coquelin,Villarreal CF,2023-24,MF,33,910,0,0,2024-05-26,2024-06-07,1.5
76467,Kiko Femenía,Villarreal CF,2023-24,DF,33,1581,0,0,2024-05-26,2024-06-07,1.4
76746,Damián Suárez,Getafe CF,2023-24,DF,36,1285,0,2,2024-05-26,2024-06-17,0.65
80293,Aïssa Mandi,Villarreal CF,2023-24,DF,32,1114,1,0,2024-05-26,2024-06-07,1.8
81997,Fernando Martínez,UD Almería,2023-24,GK,33,360,0,0,2024-05-26,2024-06-07,0.7
81999,Joselu,Real Madrid,2023-24,FW,34,1675,10,2,2024-05-26,2024-06-07,5.0
82503,Aridane Hernández,Rayo Vallecano,2023-24,DF,35,1691,0,0,2024-05-26,2024-06-07,0.8
85288,Isco,Real Betis Balompié,2023-24,MF,32,2339,8,5,2024-05-26,2024-06-07,8.0
85295,Iván Balliu,Rayo Vallecano,2023-24,DF,32,2876,0,1,2024-05-26,2024-06-07,2.0
85370,Sergi Roberto,FC Barcelona,2023-24,MF,32,863,3,2,2024-05-26,2024-06-07,2.5
85383,Rubén Sobrino,Cádiz CF,2023-24,FW,31,1662,0,1,2024-05-26,2024-06-07,1.4
86202,Antonio Rüdiger,Real Madrid,2023-24,DF,31,2707,1,1,2024-05-26,2024-06-07,25.0
89733,Álex Fernández,Cádiz CF,2023-24,MF,31,1282,0,1,2024-05-26,2024-06-07,1.5
93936,Kike García,Deportivo Alavés,2023-24,FW,34,1420,3,2,2024-05-26,2024-06-07,1.0
94308,Marko Dmitrovic,Sevilla FC,2023-24,GK,32,1170,0,0,2024-05-26,2024-06-07,0.9
95641,Darko Brasanac,CA Osasuna,2023-24,MF,32,46,0,0,2024-05-26,2024-06-24,1.4
96718,Óscar de Marcos,Athletic Bilbao,2023-24,DF,35,2261,1,5,2024-05-26,2024-06-07,1.5
99343,Ander Herrera,Athletic Bilbao,2023-24,MF,34,1022,0,3,2024-05-26,2024-06-07,2.0
99353,Portu,Girona FC,2023-24,FW,32,1271,7,5,2024-05-26,2024-06-07,3.5
99922,Marc Bartra,Real Betis Balompié,2023-24,DF,33,225,0,0,2024-05-26,2024-06-07,1.0
100131,William Carvalho,Real Betis Balompié,2023-24,MF,32,669,1,2,2024-05-26,2024-06-07,3.0
107010,Stefan Savic,Atlético de Madrid,2023-24,DF,33,1631,0,0,2024-05-26,2024-06-07,2.5
108390,Thibaut Courtois,Real Madrid,2023-24,GK,32,333,0,0,2024-05-26,2024-06-07,28.0
111630,Erik Lamela,Sevilla FC,2023-24,FW,32,459,2,0,2024-05-26,2024-06-07,2.0
111961,Suso,Sevilla FC,2023-24,MF,30,1514,1,4,2024-05-26,2024-06-07,4.0
112515,Marcos Alonso,FC Barcelona,2023-24,DF,33,250,0,0,2024-05-26,2024-06-07,2.0
113133,Germán Pezzella,Real Betis Balompié,2023-24,DF,32,2770,1,0,2024-05-26,2024-06-07,3.0
115333,Juanpe,Girona FC,2023-24,DF,33,739,0,0,2024-05-26,2024-06-07,1.0
118997,Aitor Fernández,CA Osasuna,2023-24,GK,33,550,0,0,2024-05-26,2024-06-07,1.8
120095,José Campaña,UD Las Palmas,2023-24,MF,30,166,0,0,2024-05-26,2024-06-07,1.5
121483,Jan Oblak,Atlético de Madrid,2023-24,GK,31,3420,0,0,2024-05-26,2024-06-07,28.0
122155,Willian José,Real Betis Balompié,2023-24,FW,32,1980,10,5,2024-05-26,2024-06-07,5.0
125165,Jesús Corona,Sevilla FC,2023-24,FW,31,16,0,0,2024-05-26,2024-06-14,3.5
125781,Antoine Griezmann,Atlético de Madrid,2023-24,FW,33,2654,16,6,2024-05-26,2024-06-07,25.0
126737,Juanmi,Cádiz CF,2023-24,FW,31,883,3,1,2024-05-26,2024-06-07,6.0
126751,Iñigo Ruiz de Galarreta,Athletic Bilbao,2023-24,MF,30,2105,1,1,2024-05-26,2024-06-07,5.0
127048,Cédric Bakambu,Real Betis Balompié,2023-24,FW,33,195,0,0,2024-05-26,2024-06-07,2.5
127108,Florian Lejeune,Rayo Vallecano,2023-24,DF,33,3328,3,1,2024-05-26,2024-06-07,3.0
128223,Álvaro Morata,Atlético de Madrid,2023-24,FW,31,1909,15,4,2024-05-26,2024-06-07,16.0
129374,Marc Martínez,Granada CF,2023-24,GK,34,270,0,0,2024-05-26,2024-06-07,0.3
129444,David López (129444),Girona FC,2023-24,DF,34,1975,3,0,2024-05-26,2024-06-07,2.5
131275,Choco Lozano,UD Almería,2023-24,FW,31,869,3,0,2024-05-26,2024-06-07,1.2
131996,Bertrand Traoré,Villarreal CF,2023-24,FW,28,569,1,0,2024-05-26,2024-06-07,9.0
135492,Youssouf Sabaly,Real Betis Balompié,2023-24,DF,31,1048,0,1,2024-05-26,2024-06-07,2.5
138927,Daniel Carvajal,Real Madrid,2023-24,DF,32,2175,4,3,2024-05-26,2024-06-07,12.0
139435,Dani Rodríguez (139435),RCD Mallorca,2023-24,MF,35,2634,2,4,2024-05-26,2024-06-07,1.0
140776,Yannick Carrasco,Atlético de Madrid,2023-24,FW,30,223,0,1,2024-05-26,2024-06-04,14.0
142021,Sergi Darder,RCD Mallorca,2023-24,MF,30,2155,2,5,2024-05-26,2024-06-07,6.0
142031,Omar Mascarell,RCD Mallorca,2023-24,MF,31,1573,0,0,2024-05-26,2024-06-07,1.0
143029,Stefan Mitrovic,Getafe CF,2023-24,DF,34,700,1,0,2024-05-26,2024-06-04,1.3
143559,Matija Nastasić,RCD Mallorca,2023-24,DF,31,2257,2,0,2024-05-26,2024-06-07,1.5
148928,Saúl Ñíguez,Atlético de Madrid,2023-24,MF,29,1363,1,5,2024-05-26,2024-06-07,7.5
149498,Gabriel Paulista,Valencia CF,2023-24,DF,33,1806,0,0,2024-05-26,2024-06-07,2.0
153238,Jonathan Viera,UD Almería,2023-24,MF,34,1542,2,4,2024-05-26,2024-06-07,1.0
153427,Bebé,Rayo Vallecano,2023-24,FW,33,194,2,0,2024-05-26,2024-06-07,0.6
158863,Iñigo Martínez,FC Barcelona,2023-24,DF,33,1293,0,0,2024-05-26,2024-06-07,5.0
162027,David Gil,Cádiz CF,2023-24,GK,30,371,0,0,2024-05-26,2024-06-07,0.7
162029,Javier Manquillo,Celta de Vigo,2023-24,DF,30,747,0,1,2024-05-26,2024-06-07,1.8
162038,Raúl de Tomás,Rayo Vallecano,2023-24,FW,29,1309,1,2,2024-05-26,2024-06-07,2.0
162056,Gonzalo Melero,UD Almería,2023-24,MF,30,1094,1,1,2024-05-26,2024-06-07,1.8
165007,Denis Suárez,Villarreal CF,2023-24,MF,30,130,0,0,2024-05-26,2024-06-07,1.5
165467,Stole Dimitrievski,Rayo Vallecano,2023-24,GK,30,3330,0,0,2024-05-26,2024-06-07,4.0
166683,Mamadou Sylla,Deportivo Alavés,2023-24,FW,30,16,0,0,2024-05-26,2024-06-24,1.5
167721,Chimy Ávila,CA Osasuna,2023-24,FW,30,1167,2,3,2024-05-26,2024-06-07,3.0
167850,Memphis Depay,Atlético de Madrid,2023-24,FW,30,888,5,1,2024-05-26,2024-06-07,10.0
169497,Juan Cruz (169497),CA Osasuna,2023-24,DF,31,1663,0,1,2024-05-26,2024-06-07,2.2
170472,Dimitri Foulquier,Valencia CF,2023-24,DF,31,1833,0,0,2024-05-26,2024-06-07,2.5
175449,Moi Gómez,CA Osasuna,2023-24,MF,29,2011,3,0,2024-05-26,2024-06-07,3.5
177046,Rubén Duarte,Deportivo Alavés,2023-24,DF,28,1875,2,1,2024-05-26,2024-06-07,3.0
177452,Abdón Prats,RCD Mallorca,2023-24,FW,31,1257,6,1,2024-05-26,2024-06-07,1.8
177467,Gerard Moreno,Villarreal CF,2023-24,FW,32,2276,10,6,2024-05-26,2024-06-07,10.0
177847,Adnan Januzaj,Sevilla FC,2023-24,FW,29,187,0,0,2024-05-26,2024-06-07,2.0
178425,Dani García,Athletic Bilbao,2023-24,MF,34,738,1,0,2024-05-26,2024-06-07,1.8
182712,João Cancelo,FC Barcelona,2023-24,DF,29,2508,2,4,2024-05-26,2024-06-07,25.0
188854,Manu Trigueros,Villarreal CF,2023-24,MF,32,299,0,0,2024-05-26,2024-06-07,1.5
188888,Sheraldo Becker,Real Sociedad,2023-24,FW,29,772,2,2,2024-05-26,2024-06-07,10.0
189441,Lucas Ocampos,Sevilla FC,2023-24,FW,29,2887,4,3,2024-05-26,2024-06-07,9.0
190263,Predrag Rajković,RCD Mallorca,2023-24,GK,28,3240,0,0,2024-05-26,2024-06-07,10.0
191217,Héctor Bellerín,Real Betis Balompié,2023-24,DF,29,1714,0,1,2024-05-26,2024-06-07,4.0
192009,Unai López,Rayo Vallecano,2023-24,MF,28,2088,1,2,2024-05-26,2024-06-07,3.0
192279,Kepa Arrizabalaga,Real Madrid,2023-24,GK,29,1197,0,0,2024-05-26,2024-06-07,12.0
195488,Paulo Gazzaniga,Girona FC,2023-24,GK,32,3420,0,0,2024-05-26,2024-06-07,4.0
195605,José Pozo,Rayo Vallecano,2023-24,MF,28,17,0,0,2024-05-26,2024-06-07,1.0
196948,Andreas Christensen,FC Barcelona,2023-24,DF,28,1991,2,2,2024-05-26,2024-06-07,40.0
197122,Unai García,CA Osasuna,2023-24,DF,32,559,1,0,2024-05-26,2024-06-07,1.2
197135,Joseba Zaldua,Cádiz CF,2023-24,DF,31,709,0,0,2024-05-26,2024-06-07,0.9
198008,André Silva,Real Sociedad,2023-24,FW,28,728,3,0,2024-05-26,2024-06-07,6.0
199369,Sandro Ramírez,UD Las Palmas,2023-24,FW,28,1819,1,3,2024-05-26,2024-06-07,1.5
203496,Nabil Fekir,Real Betis Balompié,2023-24,MF,30,1048,1,2,2024-05-26,2024-06-07,10.0
203516,Nuke Mfulu,UD Las Palmas,2023-24,MF,30,76,0,0,2024-05-26,2024-06-07,0.7
205562,Thomas Lemar,Atlético de Madrid,2023-24,MF,28,167,0,0,2024-05-26,2024-06-07,10.0
207834,Yassine Bounou,Sevilla FC,2023-24,GK,33,90,0,0,2024-05-26,2024-06-04,9.0
207917,Alberto Moreno,Villarreal CF,2023-24,DF,31,1446,2,2,2024-05-26,2024-06-07,1.8
211251,Darwin Machís,Cádiz CF,2023-24,FW,31,775,4,0,2024-05-26,2024-06-07,2.0
212391,Roger Martí,Cádiz CF,2023-24,FW,33,1369,2,3,2024-05-26,2024-06-07,1.2
212723,Djibril Sow,Sevilla FC,2023-24,MF,27,1468,1,1,2024-05-26,2024-06-07,9.0
212862,Álex Remiro,Real Sociedad,2023-24,GK,29,3276,0,0,2024-05-26,2024-06-07,25.0
213260,Rubén García,CA Osasuna,2023-24,FW,30,1552,3,1,2024-05-26,2024-06-07,2.5
213670,Lucas Torró,CA Osasuna,2023-24,MF,29,1791,1,0,2024-05-26,2024-06-07,4.0
214775,Óliver Torres,Sevilla FC,2023-24,MF,29,1623,0,1,2024-05-26,2024-06-07,6.0
215099,Daley Sinkgraven,UD Las Palmas,2023-24,DF,28,376,0,0,2024-05-26,2024-06-07,1.0
216464,Carlos Fernández,Real Sociedad,2023-24,FW,28,406,2,1,2024-05-26,2024-06-07,1.5
216870,Nacho Vidal,RCD Mallorca,2023-24,DF,29,507,1,0,2024-05-26,2024-06-07,2.0
221150,Dakonam Djené,Getafe CF,2023-24,DF,32,2491,0,0,2024-05-26,2024-06-07,2.5
221315,Kevin Vázquez,Celta de Vigo,2023-24,DF,31,705,0,0,2024-05-26,2024-06-07,0.8
221316,Lucas Vázquez,Real Madrid,2023-24,DF,32,1411,3,7,2024-05-26,2024-06-07,4.0
221322,José Gayà,Valencia CF,2023-24,DF,29,1797,1,2,2024-05-26,2024-06-07,25.0
221899,Léo Baptistão,UD Almería,2023-24,FW,31,1841,6,0,2024-05-26,2024-06-07,1.5
221958,Roman Yaremchuk,Valencia CF,2023-24,FW,28,926,3,0,2024-05-26,2024-06-07,3.5
222805,Srdjan Babic,UD Almería,2023-24,DF,28,90,0,0,2024-05-26,2024-06-04,4.0
223725,Munir El Haddadi,UD Las Palmas,2023-24,MF,28,2469,3,2,2024-05-26,2024-06-07,2.5
225020,Mariano Díaz,Sevilla FC,2023-24,FW,30,239,0,1,2024-05-26,2024-06-07,1.5
225122,Gonçalo Guedes,Villarreal CF,2023-24,FW,27,951,3,2,2024-05-26,2024-06-07,15.0
225462,José Mari,Cádiz CF,2023-24,MF,36,12,0,0,2024-05-26,2024-06-07,0.2
226012,David Soria,Getafe CF,2023-24,GK,31,3414,0,0,2024-05-26,2024-06-07,5.0
227805,Jaume Doménech,Valencia CF,2023-24,GK,33,79,0,0,2024-05-26,2024-06-07,0.8
227961,Jaime Mata,Getafe CF,2023-24,FW,35,1788,5,1,2024-05-26,2024-06-07,0.9
229804,Aritz Elustondo,Real Sociedad,2023-24,DF,30,818,0,2,2024-05-26,2024-06-07,5.0
230222,Álvaro Lemos,UD Las Palmas,2023-24,DF,31,251,0,0,2024-05-26,2024-06-07,0.7
234811,Rui Silva,Real Betis Balompié,2023-24,GK,30,2475,0,0,2024-05-26,2024-06-07,8.0
237499,Aleksandar Sedlar,Deportivo Alavés,2023-24,DF,32,949,1,0,2024-05-26,2024-06-07,0.4
237617,Cristian Herrera,UD Las Palmas,2023-24,FW,33,160,1,0,2024-05-26,2024-06-07,0.3
238407,Alexander Sørloth,Villarreal CF,2023-24,FW,28,2491,23,6,2024-05-26,2024-06-07,25.0
238868,Rubén Peña,CA Osasuna,2023-24,DF,32,2103,0,2,2024-05-26,2024-06-07,2.2
240692,Reinildo Mandava,Atlético de Madrid,2023-24,DF,30,723,2,1,2024-05-26,2024-06-07,9.0
245078,Nemanja Radonjic,RCD Mallorca,2023-24,FW,28,350,0,0,2024-05-26,2024-06-07,2.8
246204,Salvi Sánchez,Rayo Vallecano,2023-24,FW,33,27,0,0,2024-05-26,2024-06-24,1.2
246968,Ayoze Pérez,Real Betis Balompié,2023-24,FW,30,2307,9,1,2024-05-26,2024-06-07,7.0
247250,Rubén Alcaraz,Cádiz CF,2023-24,MF,33,3140,3,1,2024-05-26,2024-06-07,1.5
247652,Shon Weissman,Granada CF,2023-24,FW,28,77,0,0,2024-05-26,2024-06-05,1.7
248738,Sergio Herrera,CA Osasuna,2023-24,GK,30,2870,0,0,2024-05-26,2024-06-07,6.0
249513,Diego Rico,Getafe CF,2023-24,DF,31,2536,0,7,2024-05-26,2024-06-07,1.5
250845,José María Giménez,Atlético de Madrid,2023-24,DF,29,1323,0,0,2024-05-26,2024-06-07,22.0
251106,Enes Ünal,Getafe CF,2023-24,FW,27,138,0,1,2024-05-26,2024-05-27,18.0
251845,Sergi Canós,Valencia CF,2023-24,FW,27,1235,1,2,2024-05-26,2024-06-07,2.5
251876,Pablo Maffeo,RCD Mallorca,2023-24,DF,26,1455,1,2,2024-05-26,2024-06-07,5.0
251896,Jesús Vallejo,Granada CF,2023-24,DF,27,106,0,0,2024-05-26,2024-06-07,1.0
251897,Asier Villalibre,Athletic Bilbao,2023-24,FW,26,503,2,1,2024-05-26,2024-06-07,2.5
252667,Fali,Cádiz CF,2023-24,DF,30,2551,0,0,2024-05-26,2024-06-07,2.0
252677,José Luis Morales,Villarreal CF,2023-24,FW,36,1036,7,0,2024-05-26,2024-06-07,1.5
254037,Iza Carcelén,Cádiz CF,2023-24,DF,31,2610,0,0,2024-05-26,2024-06-07,1.5
255488,Yeray Álvarez,Athletic Bilbao,2023-24,DF,29,1155,0,0,2024-05-26,2024-06-07,8.0
255501,Iñigo Lekue,Athletic Bilbao,2023-24,DF,31,2001,0,3,2024-05-26,2024-06-07,3.0
255508,Iñaki Williams,Athletic Bilbao,2023-24,FW,29,2856,12,3,2024-05-26,2024-06-07,25.0
255901,Rodrigo De Paul,Atlético de Madrid,2023-24,MF,30,2085,3,5,2024-05-26,2024-06-07,30.0
256267,Vedat Muriqi,RCD Mallorca,2023-24,FW,30,2330,7,2,2024-05-26,2024-06-07,12.0
256429,Sergi Guardiola,Cádiz CF,2023-24,FW,32,465,1,1,2024-05-26,2024-06-07,0.8
257062,Álvaro García,Rayo Vallecano,2023-24,FW,31,2498,6,1,2024-05-26,2024-06-07,3.0
257376,Domingos Duarte,Getafe CF,2023-24,DF,29,908,0,0,2024-05-26,2024-06-07,2.0
257388,Wilson Manafá,Granada CF,2023-24,DF,29,241,0,0,2024-05-26,2024-06-04,1.3
258987,Carl Starfelt,Celta de Vigo,2023-24,DF,28,2219,1,0,2024-05-26,2024-06-07,6.0
261504,Aleix García,Girona FC,2023-24,MF,26,3201,3,6,2024-05-26,2024-06-07,25.0
262365,Antonio Puertas,Granada CF,2023-24,FW,32,719,0,2,2024-05-26,2024-06-07,2.0
262396,Unai Simón,Athletic Bilbao,2023-24,GK,26,3184,0,0,2024-05-26,2024-06-07,30.0
262939,Johan Mojica,CA Osasuna,2023-24,DF,31,2041,0,3,2024-05-26,2024-06-07,2.2
263727,Joan Jordán,Sevilla FC,2023-24,MF,29,378,0,0,2024-05-26,2024-06-07,3.5
264372,Viktor Tsygankov,Girona FC,2023-24,FW,26,2067,8,7,2024-05-26,2024-06-07,30.0
266795,Gonzalo Escalante,Cádiz CF,2023-24,MF,31,1691,1,2,2024-05-26,2024-06-07,1.5
266807,Ángel Correa,Atlético de Madrid,2023-24,FW,29,1525,9,2,2024-05-26,2024-06-07,18.0
268506,Fabrizio Angileri,Getafe CF,2023-24,DF,30,160,0,0,2024-05-26,2024-06-07,1.0
268670,Gerard Gumbau,Granada CF,2023-24,MF,29,2685,0,3,2024-05-26,2024-06-07,3.0
271455,Mihailo Ristic,Celta de Vigo,2023-24,DF,28,808,0,0,2024-05-26,2024-06-07,1.0
273152,Nemanja Maksimovic,Getafe CF,2023-24,MF,29,3273,4,0,2024-05-26,2024-06-07,6.0
275218,Augusto Batalla,Granada CF,2023-24,GK,28,1530,0,0,2024-05-26,2024-06-07,5.0
277137,Renato Tapia,Celta de Vigo,2023-24,MF,28,1337,0,0,2024-05-26,2024-06-07,5.0
277384,Martin Valjent,RCD Mallorca,2023-24,DF,28,2354,0,1,2024-05-26,2024-06-07,6.0
277635,Rominigue Kouamé,Cádiz CF,2023-24,MF,27,832,0,0,2024-05-26,2024-06-07,2.0
278296,Antonio Raíllo,RCD Mallorca,2023-24,DF,32,2198,3,2,2024-05-26,2024-06-07,2.0
278359,Borja Iglesias,Real Betis Balompié,2023-24,FW,31,404,0,1,2024-05-26,2024-05-29,5.0
278837,Luis Rioja,Deportivo Alavés,2023-24,FW,30,2516,5,4,2024-05-26,2024-06-07,4.0
280730,Álvaro Odriozola,Real Sociedad,2023-24,DF,28,397,0,0,2024-05-26,2024-06-07,2.5
281755,Iván Alejo,Cádiz CF,2023-24,FW,29,1690,0,2,2024-05-26,2024-06-07,1.5
281769,Mario Hermoso,Atlético de Madrid,2023-24,DF,28,2556,0,1,2024-05-26,2024-06-07,25.0
281989,Luis Milla,Getafe CF,2023-24,MF,29,2123,0,1,2024-05-26,2024-06-07,3.5
282076,Ianis Hagi,Deportivo Alavés,2023-24,MF,25,796,0,2,2024-05-26,2024-06-07,2.0
282411,Marcos Llorente,Atlético de Madrid,2023-24,DF,29,2570,6,4,2024-05-26,2024-06-07,30.0
282421,Javi Muñoz,UD Las Palmas,2023-24,MF,29,2646,2,3,2024-05-26,2024-06-07,3.0
282672,Benito Ramírez,UD Las Palmas,2023-24,FW,28,367,1,1,2024-05-26,2024-06-07,0.6
282810,Carles Pérez,Celta de Vigo,2023-24,FW,26,768,1,1,2024-05-26,2024-06-07,2.5
283170,Iñaki Peña,FC Barcelona,2023-24,GK,25,900,0,0,2024-05-26,2024-06-07,8.0
284342,Conan Ledesma,Cádiz CF,2023-24,GK,31,3049,0,0,2024-05-26,2024-06-07,5.0
284430,Aarón Escandell,UD Las Palmas,2023-24,GK,28,152,0,0,2024-05-26,2024-06-07,1.0
284854,Carles Aleñá,Getafe CF,2023-24,MF,26,1007,1,1,2024-05-26,2024-06-07,3.0
284884,Óscar Rodríguez,Getafe CF,2023-24,MF,25,964,2,1,2024-05-26,2024-06-07,2.5
286384,Eric Bailly,Villarreal CF,2023-24,DF,30,838,0,0,2024-05-26,2024-06-07,3.0
286779,Jorge Meré,Cádiz CF,2023-24,DF,27,676,0,0,2024-05-26,2024-06-07,1.0
288318,Adrián Embarba,UD Almería,2023-24,FW,32,2485,3,2,2024-05-26,2024-06-07,1.8
289167,Kamil Jóźwiak,Granada CF,2023-24,FW,26,573,0,1,2024-05-26,2024-06-07,2.0
289255,Andoni Gorosabel,Deportivo Alavés,2023-24,DF,27,2869,1,0,2024-05-26,2024-06-07,5.0
289257,Jon Guridi,Deportivo Alavés,2023-24,MF,29,2700,3,4,2024-05-26,2024-06-07,4.0
290249,Mauro Arambarri,Getafe CF,2023-24,MF,28,337,0,0,2024-05-26,2024-06-07,5.0
290346,André Ferreira,Granada CF,2023-24,GK,27,1339,0,0,2024-05-26,2024-06-24,0.8
291417,Ferland Mendy,Real Madrid,2023-24,DF,28,1726,0,0,2024-05-26,2024-06-07,22.0
292818,Jonathan Bamba,Celta de Vigo,2023-24,FW,28,1993,3,2,2024-05-26,2024-06-07,9.0
297070,Hamari Traoré,Real Sociedad,2023-24,DF,32,2296,0,2,2024-05-26,2024-06-07,6.0
297194,Iván Villar,Celta de Vigo,2023-24,GK,26,1015,0,0,2024-05-26,2024-06-07,1.2
298197,Antonio Sivera,Deportivo Alavés,2023-24,GK,27,3060,0,0,2024-05-26,2024-06-07,6.0
298575,Kike Barja,CA Osasuna,2023-24,FW,27,294,0,0,2024-05-26,2024-06-07,2.0
298589,David García,CA Osasuna,2023-24,DF,30,2336,0,1,2024-05-26,2024-06-07,10.0
298976,Borja Mayoral,Getafe CF,2023-24,FW,27,2165,15,1,2024-05-26,2024-06-07,15.0
300168,Mikel Vesga,Athletic Bilbao,2023-24,MF,31,1535,3,1,2024-05-26,2024-06-07,4.0
300716,Kieran Tierney,Real Sociedad,2023-24,DF,26,1246,0,2,2024-05-26,2024-06-07,12.0
303259,Dodi Lukébakio,Sevilla FC,2023-24,FW,26,1124,5,1,2024-05-26,2024-06-07,12.0
307519,Fede San Emeterio,Cádiz CF,2023-24,MF,27,155,1,0,2024-05-26,2024-06-07,1.5
309110,Brais Méndez,Real Sociedad,2023-24,MF,27,2419,5,6,2024-05-26,2024-06-07,40.0
311044,Alfonso Espino,Rayo Vallecano,2023-24,DF,32,2513,0,1,2024-05-26,2024-06-07,2.4
314678,Brahim Díaz,Real Madrid,2023-24,FW,24,1551,8,7,2024-05-26,2024-06-07,40.0
315289,Myrto Uzuni,Granada CF,2023-24,FW,28,2461,11,1,2024-05-26,2024-06-07,8.0
315604,Diadié Samassékou,Cádiz CF,2023-24,MF,28,88,0,0,2024-05-26,2024-06-07,2.0
315762,Luca de la Torre,Celta de Vigo,2023-24,MF,26,1958,1,5,2024-05-26,2024-06-07,3.0
316884,Dominik Greif,RCD Mallorca,2023-24,GK,27,90,0,0,2024-05-26,2024-06-07,2.5
319745,Dani Ceballos,Real Madrid,2023-24,MF,27,587,0,2,2024-05-26,2024-06-07,6.0
320141,Çağlar Söyüncü,Atlético de Madrid,2023-24,DF,28,110,0,0,2024-05-26,2024-05-31,10.0
320271,Toni Lato,RCD Mallorca,2023-24,DF,26,1546,0,1,2024-05-26,2024-06-07,3.5
323167,Matteo Gabbia,Villarreal CF,2023-24,DF,24,479,0,0,2024-05-26,2024-06-05,8.0
326330,Frenkie de Jong,FC Barcelona,2023-24,MF,27,1637,2,0,2024-05-26,2024-06-07,70.0
328480,Pepelu,Valencia CF,2023-24,MF,25,3305,7,1,2024-05-26,2024-06-07,22.0
331496,Valery Fernández,Girona FC,2023-24,FW,24,486,2,0,2024-05-26,2024-06-07,2.5
331505,Óscar Mingueza,Celta de Vigo,2023-24,DF,25,3002,2,2,2024-05-26,2024-06-07,8.0
333361,Chumi,UD Almería,2023-24,DF,25,2432,0,1,2024-05-26,2024-06-07,2.0
334222,Lucas Boyé,Granada CF,2023-24,FW,28,2556,6,3,2024-05-26,2024-06-07,7.0
335225,Manu Morlanes,RCD Mallorca,2023-24,MF,25,1610,0,2,2024-05-26,2024-06-07,2.5
336869,Marc Roca,Real Betis Balompié,2023-24,MF,27,1987,2,2,2024-05-26,2024-06-07,9.0
337066,Toni Villa,Girona FC,2023-24,FW,29,11,0,0,2024-05-26,2024-06-07,1.5
337715,Umar Sadiq,Real Sociedad,2023-24,FW,27,1074,3,1,2024-05-26,2024-06-07,10.0
338285,Unai Núñez,Celta de Vigo,2023-24,DF,27,2803,1,0,2024-05-26,2024-06-07,7.0
338424,Mikel Merino,Real Sociedad,2023-24,MF,27,2485,5,3,2024-05-26,2024-06-07,50.0
338425,Álex Berenguer,Athletic Bilbao,2023-24,FW,28,1580,7,3,2024-05-26,2024-06-07,12.0
339501,Aleksandar Radovanovic,UD Almería,2023-24,DF,30,571,0,0,2024-05-26,2024-06-07,0.9
339699,Giovanni González,RCD Mallorca,2023-24,DF,29,2464,1,1,2024-05-26,2024-06-07,3.0
339820,Amath Ndiaye,RCD Mallorca,2023-24,FW,27,388,0,0,2024-05-26,2024-06-24,1.5
340205,Gorka Guruzeta,Athletic Bilbao,2023-24,FW,27,2241,14,5,2024-05-26,2024-06-07,18.0
341110,Franco Cervi,Celta de Vigo,2023-24,FW,30,538,0,1,2024-05-26,2024-06-07,1.5
341227,Juan Miranda,Real Betis Balompié,2023-24,DF,24,1860,1,1,2024-05-26,2024-06-07,9.0
341264,Fran García,Real Madrid,2023-24,DF,24,1395,1,5,2024-05-26,2024-06-07,15.0
341272,Álex Pozo,UD Almería,2023-24,FW,25,962,0,0,2024-05-26,2024-06-07,2.0
341278,Iván Martín,Girona FC,2023-24,MF,25,2747,5,4,2024-05-26,2024-06-07,15.0
342385,Guido Rodríguez,Real Betis Balompié,2023-24,MF,30,1850,2,0,2024-05-26,2024-06-07,20.0
343463,Cyle Larin,RCD Mallorca,2023-24,FW,29,1824,3,2,2024-05-26,2024-06-07,4.0
343537,Artem Dovbyk,Girona FC,2023-24,FW,26,2605,24,8,2024-05-26,2024-06-07,35.0
344605,Boubakary Soumaré,Sevilla FC,2023-24,MF,25,2287,0,1,2024-05-26,2024-06-07,14.0
345449,Kamil Piątkowski,Granada CF,2023-24,DF,23,507,0,0,2024-05-26,2024-06-07,2.5
346289,Mouctar Diakhaby,Valencia CF,2023-24,DF,27,1073,1,0,2024-05-26,2024-06-07,2.0
351478,Mikel Oyarzabal,Real Sociedad,2023-24,FW,27,2160,9,3,2024-05-26,2024-06-07,45.0
351809,Robin Le Normand,Real Sociedad,2023-24,DF,27,2472,2,0,2024-05-26,2024-06-07,40.0
353032,Omar Alderete,Getafe CF,2023-24,DF,27,2193,0,1,2024-05-26,2024-06-07,5.0
355627,Sergio Akieme,UD Almería,2023-24,DF,26,1676,2,0,2024-05-26,2024-06-03,7.0
355628,Igor Zubeldia,Real Sociedad,2023-24,DF,27,2524,0,2,2024-05-26,2024-06-07,22.0
355689,Sory Kaba,UD Las Palmas,2023-24,FW,28,719,1,1,2024-05-26,2024-06-07,1.5
356197,Alfonso Pedraza,Villarreal CF,2023-24,DF,28,1118,1,3,2024-05-26,2024-06-07,5.0
357072,Faitout Maouassa,Granada CF,2023-24,DF,25,244,0,1,2024-05-26,2024-06-07,4.0
357885,Pablo Fornals,Real Betis Balompié,2023-24,MF,28,1154,3,2,2024-05-26,2024-06-07,14.0
358250,Joseph Aidoo,Celta de Vigo,2023-24,DF,28,406,0,1,2024-05-26,2024-06-07,4.0
361254,Rafa Mir,Sevilla FC,2023-24,FW,26,382,2,0,2024-05-26,2024-06-07,2.5
362086,Isi Palazón,Rayo Vallecano,2023-24,FW,29,2820,4,1,2024-05-26,2024-06-07,8.0
364603,José Manuel Arnáiz,CA Osasuna,2023-24,FW,29,922,2,1,2024-05-26,2024-06-07,2.0
366948,Jailson,Celta de Vigo,2023-24,MF,28,893,0,1,2024-05-26,2024-06-07,1.5
367464,Luís Maximiano,UD Almería,2023-24,GK,25,2970,0,0,2024-05-26,2024-06-07,5.0
367466,Thierry Correia,Valencia CF,2023-24,DF,25,2160,0,2,2024-05-26,2024-06-07,6.0
369081,Federico Valverde,Real Madrid,2023-24,MF,25,2911,2,7,2024-05-26,2024-06-07,120.0
371998,Vinicius Junior,Real Madrid,2023-24,FW,23,1875,15,6,2024-05-26,2024-06-07,180.0
375382,André Almeida,Valencia CF,2023-24,MF,23,969,2,1,2024-05-26,2024-06-07,15.0
376588,Njegos Petrovic,Granada CF,2023-24,MF,24,148,0,0,2024-05-26,2024-06-10,2.5
377219,Selim Amallah,Valencia CF,2023-24,MF,27,598,0,1,2024-05-26,2024-06-07,1.5
378139,Aitor Ruibal,Real Betis Balompié,2023-24,FW,28,1016,2,1,2024-05-26,2024-06-07,3.5
378293,Yangel Herrera,Girona FC,2023-24,MF,26,2122,5,0,2024-05-26,2024-06-07,25.0
380598,Santi Comesaña,Villarreal CF,2023-24,MF,27,1655,2,0,2024-05-26,2024-06-07,6.0
387687,César Montes,UD Almería,2023-24,DF,27,1792,0,0,2024-05-26,2024-06-07,3.0
388545,Ricard Sánchez,Granada CF,2023-24,DF,24,2300,3,1,2024-05-26,2024-06-07,2.5
390688,Juan Iglesias,Getafe CF,2023-24,DF,25,1416,0,2,2024-05-26,2024-06-07,2.5
390823,Eric Curbelo,UD Las Palmas,2023-24,DF,30,101,0,0,2024-05-26,2024-06-07,0.8
394694,Sergio Ruiz,Granada CF,2023-24,MF,29,2504,0,4,2024-05-26,2024-06-07,2.0
396894,Maxi Gómez,Cádiz CF,2023-24,FW,27,1167,0,0,2024-05-26,2024-06-07,2.0
397676,Dani Cárdenas,Rayo Vallecano,2023-24,GK,27,90,0,0,2024-05-26,2024-06-07,1.8
398131,Cristian Rivero,Valencia CF,2023-24,GK,26,56,0,0,2024-05-26,2024-06-07,0.2
398163,Gonzalo Villar,Granada CF,2023-24,MF,26,1785,1,3,2024-05-26,2024-06-07,3.0
398184,Ferran Torres,FC Barcelona,2023-24,FW,24,1204,7,3,2024-05-26,2024-06-07,30.0
398808,Martin Hongla,Granada CF,2023-24,MF,26,559,0,0,2024-05-26,2024-06-07,2.5
400131,Siebe Van der Heyden,RCD Mallorca,2023-24,DF,25,285,0,0,2024-05-26,2024-06-07,2.0
401530,Éder Militão,Real Madrid,2023-24,DF,26,497,0,0,2024-05-26,2024-06-07,60.0
401624,Edgar González,UD Almería,2023-24,DF,27,2528,2,0,2024-05-26,2024-06-07,3.0
404839,Andriy Lunin,Real Madrid,2023-24,GK,25,1890,0,0,2024-05-26,2024-06-07,25.0
405398,Takefusa Kubo,Real Sociedad,2023-24,FW,22,2156,7,4,2024-05-26,2024-06-07,50.0
411295,Raphinha,FC Barcelona,2023-24,FW,27,1371,6,9,2024-05-26,2024-06-07,50.0
411975,Jules Koundé,FC Barcelona,2023-24,DF,25,2899,1,2,2024-05-26,2024-06-07,45.0
412363,Rodrygo,Real Madrid,2023-24,FW,23,2391,10,5,2024-05-26,2024-06-07,110.0
413112,Aurélien Tchouaméni,Real Madrid,2023-24,MF,24,1986,3,1,2024-05-26,2024-06-07,100.0
417913,Álvaro Valles,UD Las Palmas,2023-24,GK,26,3264,0,0,2024-05-26,2024-06-07,12.0
422466,Javi Hernández,Cádiz CF,2023-24,DF,26,2518,1,2,2024-05-26,2024-06-07,2.5
423440,Martín Zubimendi,Real Sociedad,2023-24,MF,25,2655,4,1,2024-05-26,2024-06-07,50.0
423443,Álex Centelles,UD Almería,2023-24,DF,24,979,0,1,2024-05-26,2024-06-07,1.2
423444,Fran Beltrán,Celta de Vigo,2023-24,MF,25,2437,0,0,2024-05-26,2024-06-07,6.0
424042,Nahuel Molina,Atlético de Madrid,2023-24,DF,26,1858,2,3,2024-05-26,2024-06-07,28.0
424784,Luis Suárez (424784),UD Almería,2023-24,FW,26,920,6,0,2024-05-26,2024-06-07,3.5
426192,Ben Brereton Díaz,Villarreal CF,2023-24,FW,25,260,0,0,2024-05-26,2024-05-27,8.0
429901,Paul Akouokou,Real Betis Balompié,2023-24,MF,26,26,0,0,2024-05-26,2024-06-03,1.5
429983,Jørgen Strand Larsen,Celta de Vigo,2023-24,FW,24,2888,13,3,2024-05-26,2024-06-07,25.0
431190,Carlos Protesoni,Deportivo Alavés,2023-24,MF,26,1122,3,1,2024-05-26,2024-06-07,1.5
433049,Youssef En-Nesyri,Sevilla FC,2023-24,FW,26,2576,16,2,2024-05-26,2024-06-07,20.0
434990,Álex Sola,Deportivo Alavés,2023-24,FW,24,1286,0,3,2024-05-26,2024-06-07,4.0
438682,Daniel Fuzato,Getafe CF,2023-24,GK,26,6,0,0,2024-05-26,2024-06-07,0.9
439022,Marcão,Sevilla FC,2023-24,DF,27,354,0,0,2024-05-26,2024-06-07,4.0
442552,Houboulang Mendes,UD Almería,2023-24,DF,26,396,0,0,2024-05-26,2024-06-24,0.7
442805,Iddrisu Baba,UD Almería,2023-24,MF,28,1424,0,0,2024-05-26,2024-06-07,2.2
443222,Marc Cardona,UD Las Palmas,2023-24,FW,28,724,4,1,2024-05-26,2024-06-07,1.4
447052,Peru Nolaskoain,Athletic Bilbao,2023-24,MF,25,8,0,0,2024-05-26,2024-06-24,1.0
448344,Óscar Melendo,Granada CF,2023-24,MF,26,1127,0,0,2024-05-26,2024-06-07,2.0
448628,Javi Galán,Real Sociedad,2023-24,DF,29,1159,0,1,2024-05-26,2024-06-07,7.0
448844,Carlos Neva,Granada CF,2023-24,DF,27,3156,0,2,2024-05-26,2024-06-07,2.5
449796,Alejandro Catena,CA Osasuna,2023-24,DF,29,2536,1,3,2024-05-26,2024-06-07,4.0
451801,Abdul Mumin,Rayo Vallecano,2023-24,DF,25,1695,1,0,2024-05-26,2024-06-07,2.5
455181,Jorge de Frutos,Rayo Vallecano,2023-24,FW,27,1534,2,0,2024-05-26,2024-06-07,4.0
457221,Lucas Robertone,UD Almería,2023-24,MF,27,2391,0,5,2024-05-26,2024-06-07,7.0
457931,Luiz Felipe,Real Betis Balompié,2023-24,DF,27,360,0,0,2024-05-26,2024-06-04,13.0
461617,Rodrigo Riquelme,Atlético de Madrid,2023-24,FW,24,1521,3,5,2024-05-26,2024-06-07,25.0
462250,João Félix,FC Barcelona,2023-24,FW,24,1542,7,3,2024-05-26,2024-06-07,30.0
465967,Ander Guevara,Deportivo Alavés,2023-24,MF,26,2933,1,1,2024-05-26,2024-06-07,5.0
466794,Eric García,Girona FC,2023-24,DF,23,2697,5,0,2024-05-26,2024-06-07,20.0
466801,Sergi Altimira,Real Betis Balompié,2023-24,MF,22,566,1,0,2024-05-26,2024-06-07,2.5
466807,Adrià Altimira,Villarreal CF,2023-24,DF,23,778,0,0,2024-05-26,2024-06-07,2.0
466810,Ansu Fati,FC Barcelona,2023-24,FW,21,47,0,0,2024-05-26,2024-05-27,25.0
480267,Ronald Araujo,FC Barcelona,2023-24,DF,25,1994,1,2,2024-05-26,2024-06-07,70.0
480763,Juan Foyth,Villarreal CF,2023-24,DF,26,1062,1,1,2024-05-26,2024-06-07,15.0
480883,Miguel de la Fuente,Deportivo Alavés,2023-24,FW,24,64,0,0,2024-05-26,2024-06-24,2.5
487688,Alberto Soro,Granada CF,2023-24,FW,25,7,0,0,2024-05-26,2024-06-06,0.7
488626,Jesús Areso,CA Osasuna,2023-24,DF,24,2661,1,6,2024-05-26,2024-06-07,7.5
490223,Ibrahima Koné,UD Almería,2023-24,FW,24,273,0,0,2024-05-26,2024-06-07,2.5
490421,Momo Mbaye,Cádiz CF,2023-24,DF,25,286,0,0,2024-05-26,2024-06-07,0.4
494880,Jorge Cuenca,Villarreal CF,2023-24,DF,24,1960,3,1,2024-05-26,2024-06-07,6.0
495621,Antonio Blanco,Deportivo Alavés,2023-24,MF,23,2436,0,1,2024-05-26,2024-06-07,7.5
495625,Víctor Chust,Cádiz CF,2023-24,DF,24,1869,0,1,2024-05-26,2024-06-07,2.0
495629,Hugo Guillamón,Valencia CF,2023-24,MF,24,1305,1,0,2024-05-26,2024-06-07,8.0
498529,Miguel Crespo,Rayo Vallecano,2023-24,MF,27,523,0,0,2024-05-26,2024-06-07,4.0
501418,Adrià Pedrosa,Sevilla FC,2023-24,DF,26,1749,1,4,2024-05-26,2024-06-07,6.0
502676,Giorgi Mamardashvili,Valencia CF,2023-24,GK,23,3285,0,0,2024-05-26,2024-06-07,35.0
505674,Sergio Camello,Rayo Vallecano,2023-24,FW,23,1646,3,1,2024-05-26,2024-06-07,3.0
510396,Álex Suárez,UD Las Palmas,2023-24,DF,31,2569,2,0,2024-05-26,2024-06-07,1.2
513031,Antonio Sánchez,RCD Mallorca,2023-24,MF,27,1464,3,1,2024-05-26,2024-06-07,2.5
513970,Julián Araujo,UD Las Palmas,2023-24,DF,22,1463,1,0,2024-05-26,2024-06-07,8.0
517753,Óscar Valentín,Rayo Vallecano,2023-24,MF,29,2719,1,0,2024-05-26,2024-06-07,4.0
517842,Aihen Muñoz,Real Sociedad,2023-24,DF,26,1110,0,1,2024-05-26,2024-06-07,8.0
518644,Largie Ramazani,UD Almería,2023-24,FW,23,1568,3,5,2024-05-26,2024-06-07,5.0
520840,José Copete,RCD Mallorca,2023-24,DF,24,1336,1,1,2024-05-26,2024-06-07,2.8
523318,Anastasios Douvikas,Celta de Vigo,2023-24,FW,24,886,7,1,2024-05-26,2024-06-07,6.0
524000,Dani Vivian,Athletic Bilbao,2023-24,DF,24,2879,0,0,2024-05-26,2024-06-07,25.0
525299,Miguel Gutiérrez,Girona FC,2023-24,DF,22,3037,2,7,2024-05-26,2024-06-07,25.0
525578,Pathé Ciss,Rayo Vallecano,2023-24,MF,30,1649,1,0,2024-05-26,2024-06-07,2.5
527698,Kike Pérez,Rayo Vallecano,2023-24,MF,27,817,1,0,2024-05-26,2024-06-07,3.0
527966,Andrei Rațiu,Rayo Vallecano,2023-24,DF,25,628,0,0,2024-05-26,2024-06-07,1.4
531062,Fabio González,UD Las Palmas,2023-24,MF,27,121,0,0,2024-05-26,2024-06-07,0.5
532826,Mason Greenwood,Getafe CF,2023-24,FW,22,2668,8,6,2024-05-26,2024-06-07,25.0
533568,Nahuel Tenaglia,Deportivo Alavés,2023-24,DF,28,1131,1,0,2024-05-26,2024-06-07,2.0
534379,Pejiño,UD Las Palmas,2023-24,FW,27,498,2,0,2024-05-26,2024-06-07,1.2
536030,Arnau Puigmal,UD Almería,2023-24,MF,23,249,0,0,2024-05-26,2024-06-24,1.8
537762,Sergio Arribas (537762),UD Almería,2023-24,MF,22,2057,9,4,2024-05-26,2024-06-07,10.0
537763,Jordi Martín,Getafe CF,2023-24,DF,23,574,0,0,2024-05-26,2024-06-07,0.6
538810,Chris Ramos,Cádiz CF,2023-24,FW,27,2617,5,2,2024-05-26,2024-06-07,4.0
538996,Tanguy Nianzou,Sevilla FC,2023-24,DF,21,315,0,0,2024-05-26,2024-06-07,3.0
540536,Carlos Vicente,Deportivo Alavés,2023-24,FW,25,1118,2,4,2024-05-26,2024-06-07,4.0
548111,Álex Baena,Villarreal CF,2023-24,FW,22,2601,2,14,2024-05-26,2024-06-07,40.0
551182,Fran Vieites,Real Betis Balompié,2023-24,GK,25,315,0,0,2024-05-26,2024-06-24,0.5
552425,Jon Moncayola,CA Osasuna,2023-24,MF,26,1803,1,3,2024-05-26,2024-06-07,7.0
552912,Bruno Méndez,Granada CF,2023-24,DF,24,1336,2,0,2024-05-26,2024-06-07,5.0
555143,Arsen Zakharyan,Real Sociedad,2023-24,MF,21,1230,1,2,2024-05-26,2024-06-07,18.0
555500,Jorge Herrando,CA Osasuna,2023-24,DF,23,1644,0,1,2024-05-26,2024-06-07,6.0
559979,Abdel Abqar,Deportivo Alavés,2023-24,DF,25,2315,0,0,2024-05-26,2024-06-07,7.5
560483,Randy Nteka,Rayo Vallecano,2023-24,MF,26,564,1,1,2024-05-26,2024-06-07,1.5
563137,Robert Navarro,Cádiz CF,2023-24,FW,22,1912,1,1,2024-05-26,2024-06-07,6.0
566574,Kirian Rodríguez,UD Las Palmas,2023-24,MF,28,3220,6,2,2024-05-26,2024-06-07,12.0
568157,Yéremy Pino,Villarreal CF,2023-24,FW,21,480,0,0,2024-05-26,2024-06-07,30.0
568158,Javi López,Deportivo Alavés,2023-24,DF,22,2387,1,3,2024-05-26,2024-06-07,7.5
568535,Theo Corbeanu,Granada CF,2023-24,FW,22,196,1,0,2024-05-26,2024-06-07,1.5
569384,Lucien Agoumé,Sevilla FC,2023-24,MF,22,777,0,0,2024-05-26,2024-06-07,6.0
571020,Oihan Sancet,Athletic Bilbao,2023-24,MF,24,1993,4,5,2024-05-26,2024-06-07,35.0
572271,Xeber Alkain,Deportivo Alavés,2023-24,FW,26,300,0,0,2024-05-26,2024-06-07,1.5
573775,Hugo Duro,Valencia CF,2023-24,FW,24,2996,13,4,2024-05-26,2024-06-07,16.0
574772,Lázaro,UD Almería,2023-24,FW,22,273,0,0,2024-05-26,2024-06-17,3.5
577486,Gastón Álvarez,Getafe CF,2023-24,DF,24,2536,2,0,2024-05-26,2024-06-07,15.0
580560,Jon Pacheco,Real Sociedad,2023-24,DF,23,1521,1,1,2024-05-26,2024-06-07,15.0
581678,Jude Bellingham,Real Madrid,2023-24,MF,20,2324,19,6,2024-05-26,2024-06-07,180.0
581781,Enzo Loiodice,UD Las Palmas,2023-24,MF,23,1793,0,1,2024-05-26,2024-06-07,4.0
583510,Miguel Rubio,Granada CF,2023-24,DF,26,1561,1,0,2024-05-26,2024-06-07,1.5
585068,Aiham Ousou,Cádiz CF,2023-24,DF,24,429,0,0,2024-05-26,2024-06-07,1.8
585323,Filip Jørgensen,Villarreal CF,2023-24,GK,22,3240,0,0,2024-05-26,2024-06-07,20.0
585700,Juan Cruz (585700),Real Betis Balompié,2023-24,FW,24,71,0,0,2024-05-26,2024-06-24,1.5
588426,Saúl Coco,UD Las Palmas,2023-24,DF,25,2293,1,0,2024-05-26,2024-06-07,8.0
591916,Aitor Paredes,Athletic Bilbao,2023-24,DF,24,2706,1,0,2024-05-26,2024-06-07,22.0
591957,Victor Parada,Deportivo Alavés,2023-24,DF,22,2,0,0,2024-05-26,2024-06-24,0.2
596122,Pep Chavarría,Rayo Vallecano,2023-24,DF,26,1156,1,1,2024-05-26,2024-06-07,2.0
598765,Brian Ocampo,Cádiz CF,2023-24,FW,24,237,1,0,2024-05-26,2024-06-07,0.9
603940,Marvin Park,UD Las Palmas,2023-24,DF,23,1854,0,2,2024-05-26,2024-06-07,2.0
607224,Hannibal,Sevilla FC,2023-24,MF,21,101,0,0,2024-05-26,2024-06-07,9.0
611426,Matías Arezo,Granada CF,2023-24,FW,21,359,0,0,2024-05-26,2024-06-07,7.0
615350,Cenk Özkacar,Valencia CF,2023-24,DF,23,1595,0,0,2024-05-26,2024-06-07,4.0
616369,Ander Barrenetxea,Real Sociedad,2023-24,FW,22,1437,4,1,2024-05-26,2024-06-07,20.0
617060,Mika Mármol,UD Las Palmas,2023-24,DF,22,3181,0,1,2024-05-26,2024-06-07,15.0
617074,Ilaix Moriba,Getafe CF,2023-24,MF,21,608,0,2,2024-05-26,2024-06-07,3.0
617081,Diego López (617081),Valencia CF,2023-24,FW,22,2672,3,6,2024-05-26,2024-06-07,14.0
618809,Manu Sánchez,Celta de Vigo,2023-24,DF,23,1776,0,5,2024-05-26,2024-06-07,8.0
622988,Fran Pérez,Valencia CF,2023-24,FW,21,2069,1,4,2024-05-26,2024-06-07,8.0
622992,Pablo Gozálbez,Valencia CF,2023-24,MF,23,99,0,0,2024-05-26,2024-06-07,0.8
623024,Jesús Vázquez,Valencia CF,2023-24,DF,21,705,1,0,2024-05-26,2024-06-07,3.0
623521,Juanmi Latasa,Getafe CF,2023-24,FW,23,1553,2,0,2024-05-26,2024-06-07,2.8
623524,Carlos Dotor,Celta de Vigo,2023-24,MF,23,703,0,0,2024-05-26,2024-06-07,2.0
625014,Julen Agirrezabala,Athletic Bilbao,2023-24,GK,23,236,0,0,2024-05-26,2024-06-07,5.0
625047,Beñat Prados,Athletic Bilbao,2023-24,MF,23,1450,0,0,2024-05-26,2024-06-07,15.0
625651,Urko González de Zárate,Real Sociedad,2023-24,MF,23,154,0,0,2024-05-26,2024-06-07,1.2
625655,Jon Magunazelaia,Real Sociedad,2023-24,MF,22,119,0,0,2024-05-26,2024-06-07,1.0
625657,Unai Marrero,Real Sociedad,2023-24,GK,22,141,0,0,2024-05-26,2024-06-07,0.3
625660,Jon Ander Olasagasti,Real Sociedad,2023-24,MF,23,351,0,1,2024-05-26,2024-06-07,1.2
626954,Imanol García de Albéniz,Athletic Bilbao,2023-24,DF,23,523,0,0,2024-05-26,2024-06-07,1.2
627228,Yan Couto,Girona FC,2023-24,DF,21,2244,1,10,2024-05-26,2024-06-07,25.0
630989,Ricardo Visus,Real Betis Balompié,2023-24,DF,23,165,0,0,2024-05-26,2024-06-24,0.15
630995,Rodri Sánchez,Real Betis Balompié,2023-24,FW,24,1038,0,0,2024-05-26,2024-06-07,3.0
631002,Raúl García (631002),CA Osasuna,2023-24,FW,23,1346,6,2,2024-05-26,2024-06-07,4.0
631222,Raúl Torrente,Granada CF,2023-24,DF,22,1251,0,0,2024-05-26,2024-06-07,3.0
631472,Bruno Langa,UD Almería,2023-24,DF,26,819,1,0,2024-05-26,2024-06-07,1.5
631693,Jesús Owono,Deportivo Alavés,2023-24,GK,23,360,0,0,2024-05-26,2024-06-07,1.0
634105,Alberto Marí,Valencia CF,2023-24,FW,22,264,1,1,2024-05-26,2024-06-07,1.5
634125,Xabi Huarte,CA Osasuna,2023-24,MF,23,8,0,0,2024-05-26,2024-06-24,0.2
634131,Aimar Oroz,CA Osasuna,2023-24,MF,22,2350,2,1,2024-05-26,2024-06-07,15.0
634427,Miguel Rodríguez,Celta de Vigo,2023-24,FW,21,291,0,0,2024-05-26,2024-06-07,0.8
634431,Beñat Turrientes,Real Sociedad,2023-24,MF,22,1690,0,1,2024-05-26,2024-06-07,20.0
636093,Carlos Domínguez,Celta de Vigo,2023-24,DF,23,1586,0,0,2024-05-26,2024-06-07,3.0
636688,Alejandro Balde,FC Barcelona,2023-24,DF,20,1378,0,1,2024-05-26,2024-06-07,40.0
636695,Marc Casadó,FC Barcelona,2023-24,MF,20,13,0,0,2024-05-26,2024-06-24,2.5
636703,Fermín López,FC Barcelona,2023-24,MF,21,1444,8,0,2024-05-26,2024-06-07,30.0
640428,Eduardo Camavinga,Real Madrid,2023-24,MF,21,1823,0,2,2024-05-26,2024-06-07,100.0
646402,Abner,Real Betis Balompié,2023-24,DF,23,1397,0,1,2024-05-26,2024-06-07,7.0
646734,Tomás Mendes,Deportivo Alavés,2023-24,MF,19,5,0,0,2024-05-26,2024-06-24,0.2
646740,Gavi,FC Barcelona,2023-24,MF,19,943,1,1,2024-05-26,2024-06-07,90.0
646750,Cristhian Mosquera,Valencia CF,2023-24,DF,19,3075,0,0,2024-05-26,2024-06-07,30.0
649033,Dion Lopy,UD Almería,2023-24,MF,22,1918,0,0,2024-05-26,2024-06-07,10.0
652331,Javi Rueda,Celta de Vigo,2023-24,DF,22,19,0,0,2024-05-26,2024-06-24,0.25
657430,Samú Costa,RCD Mallorca,2023-24,MF,23,2305,1,1,2024-05-26,2024-06-07,10.0
660735,Federico Gattoni,Sevilla FC,2023-24,DF,25,9,0,0,2024-05-26,2024-06-04,3.5
661145,Jon Aramburu,Real Sociedad,2023-24,DF,21,540,0,0,2024-05-26,2024-06-17,2.5
662261,Rafa Marín,Deportivo Alavés,2023-24,DF,22,2442,0,0,2024-05-26,2024-06-07,7.5
668212,Rubén Iranzo,Valencia CF,2023-24,DF,21,10,0,0,2024-05-26,2024-06-24,0.3
668547,Máximo Perrone,UD Las Palmas,2023-24,MF,21,1627,0,0,2024-05-26,2024-06-07,9.0
669511,Jorge Pascual,Villarreal CF,2023-24,FW,21,13,0,0,2024-05-26,2024-06-07,1.0
670847,Mohamed-Ali Cho,Real Sociedad,2023-24,FW,20,239,0,0,2024-05-26,2024-06-03,10.0
676042,Juanlu Sánchez,Sevilla FC,2023-24,DF,20,1173,0,2,2024-05-26,2024-06-07,15.0
676318,Facundo Pellistri,Granada CF,2023-24,FW,22,1222,2,2,2024-05-26,2024-06-07,8.0
678406,Sergi Cardona,UD Las Palmas,2023-24,DF,24,2816,1,2,2024-05-26,2024-06-07,6.0
683840,Pedri,FC Barcelona,2023-24,MF,21,1482,4,2,2024-05-26,2024-06-07,80.0
687609,Isaac Romero,Sevilla FC,2023-24,FW,24,1050,4,4,2024-05-26,2024-06-07,18.0
689505,Johnny Cardoso,Real Betis Balompié,2023-24,MF,22,1332,1,2,2024-05-26,2024-06-07,25.0
689637,Chadi Riad,Real Betis Balompié,2023-24,DF,20,2164,0,0,2024-05-26,2024-06-07,15.0
694928,Samuel Lino,Atlético de Madrid,2023-24,FW,24,2087,4,5,2024-05-26,2024-06-07,30.0
699704,Gabri Veiga,Celta de Vigo,2023-24,MF,21,17,0,0,2024-05-26,2024-06-04,25.0
705808,Max Svensson,CA Osasuna,2023-24,FW,22,2,0,0,2024-05-26,2024-06-24,0.4
706138,Javi Llabrés,RCD Mallorca,2023-24,FW,21,234,1,0,2024-05-26,2024-06-07,0.7
707274,César Tárrega,Valencia CF,2023-24,DF,22,7,0,0,2024-05-26,2024-06-24,1.5
707276,Miki Bosch,Granada CF,2023-24,DF,22,25,0,0,2024-05-26,2024-06-24,0.1
707279,Hugo González,Valencia CF,2023-24,FW,21,79,0,1,2024-05-26,2024-06-07,0.3
709187,Nico Williams,Athletic Bilbao,2023-24,FW,21,2282,5,14,2024-05-26,2024-06-07,60.0
709372,Carlos Romero,Villarreal CF,2023-24,DF,22,260,0,0,2024-05-26,2024-06-07,1.5
709969,Ilias Akhomach,Villarreal CF,2023-24,FW,20,1511,2,2,2024-05-26,2024-06-07,15.0
710004,Peter Federico,Valencia CF,2023-24,FW,21,646,0,1,2024-05-26,2024-06-07,3.0
710677,Iker Muñoz,CA Osasuna,2023-24,MF,21,1856,4,0,2024-05-26,2024-06-07,5.0
711377,Alberto Dadie,Real Sociedad,2023-24,FW,21,27,0,0,2024-05-26,2024-06-24,0.25
711382,Jon Karrikaburu,Deportivo Alavés,2023-24,FW,21,14,0,0,2024-05-26,2024-06-24,2.5
711625,José Ángel Carmona,Getafe CF,2023-24,DF,22,1312,1,1,2024-05-26,2024-06-07,3.5
713644,Bryan Zaragoza,Granada CF,2023-24,FW,22,1639,6,2,2024-05-26,2024-05-29,12.0
713649,Miguel Ángel Brau,Granada CF,2023-24,DF,22,30,0,0,2024-05-26,2024-06-24,0.15
715628,Damián Rodríguez,Celta de Vigo,2023-24,MF,21,257,0,2,2024-05-26,2024-06-07,0.5
716276,Yerson Mosquera,Villarreal CF,2023-24,DF,23,1228,2,1,2024-05-26,2024-06-07,6.0
717957,Jorge Moreno,CA Osasuna,2023-24,DF,22,13,0,0,2024-05-26,2024-06-24,0.5
718029,Unai Ropero,Deportivo Alavés,2023-24,FW,22,4,0,0,2024-05-26,2024-06-24,0.5
718034,Abde Rebbach,Deportivo Alavés,2023-24,FW,25,713,1,0,2024-05-26,2024-06-07,0.8
720038,Pablo Torre,Girona FC,2023-24,MF,21,689,0,2,2024-05-26,2024-06-07,3.0
724520,Abde Ezzalzouli,Real Betis Balompié,2023-24,FW,22,921,1,0,2024-05-26,2024-06-07,9.0
730581,Loïc Badé,Sevilla FC,2023-24,DF,24,2283,0,1,2024-05-26,2024-06-07,14.0
732096,Santi García,Getafe CF,2023-24,MF,22,24,0,0,2024-05-26,2024-06-24,0.2
733576,Alberto Moleiro,UD Las Palmas,2023-24,FW,20,1809,3,3,2024-05-26,2024-06-07,15.0
742201,Giuliano Simeone,Deportivo Alavés,2023-24,FW,21,628,1,2,2024-05-26,2024-06-07,3.0
742521,Jhon Solís,Girona FC,2023-24,MF,19,370,0,0,2024-05-26,2024-06-07,3.0
743589,Kaiky,UD Almería,2023-24,DF,20,520,1,0,2024-05-26,2024-06-24,2.0
743591,Savinho,Girona FC,2023-24,FW,20,2993,9,10,2024-05-26,2024-06-07,50.0
764859,Williot Swedberg,Celta de Vigo,2023-24,FW,20,434,5,0,2024-05-26,2024-06-07,5.0
766583,Kike Salas,Sevilla FC,2023-24,DF,22,1606,3,0,2024-05-26,2024-06-07,10.0
766723,Manu Bueno,Sevilla FC,2023-24,MF,19,116,0,0,2024-05-26,2024-06-07,0.3
767229,Diego Hormigo,Sevilla FC,2023-24,DF,21,36,0,0,2024-05-26,2024-06-24,0.2
769063,Luka Romero,UD Almería,2023-24,FW,19,434,3,0,2024-05-26,2024-06-07,5.0
775605,Pablo Barrios,Atlético de Madrid,2023-24,MF,20,1555,0,1,2024-05-26,2024-06-07,25.0
783396,Ramón Terrats,Villarreal CF,2023-24,MF,23,781,0,2,2024-05-26,2024-06-07,4.0
785353,Pablo Ibáñez,CA Osasuna,2023-24,MF,25,1142,1,2,2024-05-26,2024-06-07,2.5
785967,Ibrahima Kébé,Girona FC,2023-24,MF,23,7,0,0,2024-05-26,2024-06-24,0.5
797572,Stefan Lekovic,Villarreal CF,2023-24,DF,20,28,0,0,2024-05-26,2024-06-24,1.8
800175,Luiz Henrique,Real Betis Balompié,2023-24,FW,23,611,0,3,2024-05-26,2024-06-17,12.0
811778,Álvaro Carreras,Granada CF,2023-24,DF,21,473,0,0,2024-05-26,2024-06-06,7.0
821820,Pablo Sáenz,Granada CF,2023-24,FW,23,18,0,0,2024-05-26,2024-06-24,0.15
826224,Arnau Martínez,Girona FC,2023-24,DF,21,1242,0,2,2024-05-26,2024-06-07,10.0
834752,Unai Gómez,Athletic Bilbao,2023-24,MF,21,867,2,0,2024-05-26,2024-06-07,6.0
834764,Javi Guerra,Valencia CF,2023-24,MF,21,2502,4,1,2024-05-26,2024-06-07,20.0
844637,Marc Pubill,UD Almería,2023-24,DF,20,1890,1,3,2024-05-26,2024-06-07,4.0
845568,Marko Milovanović,UD Almería,2023-24,FW,20,302,1,0,2024-05-26,2024-06-07,0.9
860062,Abde Raihani,Atlético de Madrid,2023-24,FW,20,9,0,0,2024-05-26,2024-06-24,0.3
861410,Arda Güler,Real Madrid,2023-24,MF,19,373,6,0,2024-05-26,2024-06-07,30.0
872184,Tadeo Allende,Celta de Vigo,2023-24,FW,25,330,1,0,2024-05-26,2024-06-07,4.0
888493,Alejo Veliz,Sevilla FC,2023-24,FW,20,31,0,0,2024-05-26,2024-06-07,9.0
892217,Eneko Ortiz,Deportivo Alavés,2023-24,DF,21,13,0,0,2024-05-26,2024-06-24,0.15
892221,Hugo Sotelo,Celta de Vigo,2023-24,MF,20,718,0,1,2024-05-26,2024-06-07,2.5
892929,Hugo Álvarez,Celta de Vigo,2023-24,FW,20,763,1,1,2024-05-26,2024-06-07,1.5
895334,Yarek Gasiorowski,Valencia CF,2023-24,DF,19,733,0,0,2024-05-26,2024-06-07,15.0
895480,Adu Ares,Athletic Bilbao,2023-24,FW,22,257,0,0,2024-05-26,2024-06-07,2.0
908621,Nabil Aberdin,Getafe CF,2023-24,DF,21,180,0,0,2024-05-26,2024-06-24,0.1
926694,Arthur Vermeeren,Atlético de Madrid,2023-24,MF,19,160,0,0,2024-05-26,2024-06-07,25.0
927768,Lucas Pires,Cádiz CF,2023-24,DF,23,1527,1,0,2024-05-26,2024-06-07,2.0
935230,Gonzalo García,Real Madrid,2023-24,FW,20,17,0,0,2024-05-26,2024-06-24,1.0
935457,Salim El Jebari,Atlético de Madrid,2023-24,FW,20,12,0,0,2024-05-26,2024-06-24,1.0
937955,Héctor Fort,FC Barcelona,2023-24,DF,17,319,0,2,2024-05-26,2024-06-07,10.0
937958,Lamine Yamal,FC Barcelona,2023-24,FW,16,2196,5,7,2024-05-26,2024-06-07,90.0
938158,Marc Guiu,FC Barcelona,2023-24,FW,18,73,1,0,2024-05-26,2024-06-07,7.5
938729,Mikel Jauregizar,Athletic Bilbao,2023-24,MF,20,145,0,0,2024-05-26,2024-06-07,0.8
939374,Yoel Lago,Celta de Vigo,2023-24,DF,20,90,0,0,2024-05-26,2024-06-24,0.2
941867,Mario Domínguez,Valencia CF,2023-24,FW,20,23,0,0,2024-05-26,2024-06-24,0.2
941869,Yellu Santiago,Getafe CF,2023-24,MF,20,657,1,0,2024-05-26,2024-06-07,1.0
943837,Vitor Roque,FC Barcelona,2023-24,FW,19,319,2,0,2024-05-26,2024-06-07,30.0
948273,Mario Martín,Real Madrid,2023-24,MF,20,16,0,0,2024-05-26,2024-06-24,0.3
948275,Álvaro Rodríguez,Real Madrid,2023-24,FW,19,1,0,0,2024-05-26,2024-06-24,3.5
948294,Nico Paz,Real Madrid,2023-24,MF,19,19,0,0,2024-05-26,2024-06-07,10.0
962110,Pau Cubarsí,FC Barcelona,2023-24,DF,17,1562,0,0,2024-05-26,2024-06-07,30.0
979235,Moussa Diakité,Cádiz CF,2023-24,MF,20,1,0,0,2024-05-26,2024-06-24,0.15
991268,Samu Aghehowa,Deportivo Alavés,2023-24,FW,20,2006,9,1,2024-05-26,2024-06-07,35.0
1000136,Gorka Rivera,Getafe CF,2023-24,DF,19,2,0,0,2024-05-26,2024-06-24,0.1
1013774,Marciano Sanca,UD Almería,2023-24,FW,20,36,0,0,2024-05-26,2024-06-24,0.8
1018938,Jon Martín,Real Sociedad,2023-24,DF,18,23,0,0,2024-05-26,2024-06-24,2.0
1038512,Asier Osambela,CA Osasuna,2023-24,MF,19,8,0,0,2024-05-26,2024-06-24,0.5
1038950,Karl Etta Eyong,Cádiz CF,2023-24,FW,20,20,0,0,2024-05-26,2024-06-24,0.3
1041934,Jeremy Jorge,Getafe CF,2023-24,FW,21,1,0,0,2024-05-26,2024-06-24,0.2
1054909,Pablo Busto,Real Betis Balompié,2023-24,DF,18,42,0,0,2024-05-26,2024-06-24,0.5
1056971,Aingeru Olabarrieta,Athletic Bilbao,2023-24,FW,18,8,0,0,2024-05-26,2024-06-24,0.5
1061282,Assane Diao,Real Betis Balompié,2023-24,FW,18,1052,2,0,2024-05-26,2024-06-07,12.0
1064103,Sergio Rodelas,Granada CF,2023-24,FW,19,122,0,1,2024-05-26,2024-06-24,0.2
1064121,Marcos Peña,UD Almería,2023-24,MF,19,439,0,0,2024-05-26,2024-06-07,1.0
1064871,Joaquín Panichelli,Deportivo Alavés,2023-24,FW,21,222,0,0,2024-05-26,2024-06-07,0.3
1065442,Iñigo Arguibide,CA Osasuna,2023-24,DF,19,16,0,0,2024-05-26,2024-06-24,0.15
1146029,Juanma Herzog,UD Las Palmas,2023-24,DF,20,291,2,0,2024-05-26,2024-06-07,1.0
1184137,Yassin Tallal,Getafe CF,2023-24,FW,19,2,0,0,2024-05-26,2024-06-24,0.05
1230202,Borja Vázquez,Cádiz CF,2023-24,FW,19,3,0,0,2024-05-26,2024-06-24,0.05
12282,Daley Blind,Girona FC,2024-25,DF,35,2780,0,3,2025-05-25,2025-06-09,1.5
15452,Raúl Albiol,Villarreal CF,2024-25,DF,39,1189,0,0,2025-05-25,2025-06-09,1.0
27992,Luka Modrić,Real Madrid,2024-25,MF,39,1820,2,6,2025-05-25,2025-06-09,4.0
30321,Óscar Trejo,Rayo Vallecano,2024-25,MF,37,489,1,0,2025-05-25,2025-06-09,0.5
35047,Axel Witsel,Atlético de Madrid,2024-25,MF,36,848,0,1,2025-05-25,2025-06-09,2.0
38253,Robert Lewandowski,FC Barcelona,2024-25,FW,36,2682,27,2,2025-05-25,2025-06-09,12.0
39125,Borna Barisic,CD Leganés,2024-25,DF,32,10,0,0,2025-05-25,2025-06-09,0.8
44058,Wojciech Szczesny,FC Barcelona,2024-25,GK,35,1350,0,0,2025-05-25,2025-06-09,1.0
46413,Ante Budimir,CA Osasuna,2024-25,FW,33,2967,21,4,2025-05-25,2025-06-09,5.0
57500,César Azpilicueta,Atlético de Madrid,2024-25,DF,35,877,1,0,2025-05-25,2025-06-09,1.5
59016,David Alaba,Real Madrid,2024-25,DF,32,316,0,0,2025-05-25,2025-06-09,6.0
59323,Cristhian Stuani,Girona FC,2024-25,FW,38,1059,11,2,2025-05-25,2025-06-09,1.0
59561,Dani Parejo,Villarreal CF,2024-25,MF,36,2278,3,3,2025-05-25,2025-06-09,1.5
61812,Yuri Berchiche,Athletic Bilbao,2024-25,DF,35,2041,0,2,2025-05-25,2025-06-09,1.4
64399,Vicente Guaita,Celta de Vigo,2024-25,GK,38,3060,0,0,2025-05-25,2025-06-09,0.7
66100,Oriol Romeu,Girona FC,2024-25,MF,33,1359,0,0,2025-05-25,2025-06-09,1.2
71271,Adrián San Miguel,Real Betis Balompié,2024-25,GK,38,1710,0,0,2025-05-25,2025-06-09,0.5
72047,Iago Aspas,Celta de Vigo,2024-25,FW,37,1744,10,5,2025-05-25,2025-06-09,2.0
73517,Ørjan Nyland,Sevilla FC,2024-25,GK,34,2674,0,0,2025-05-25,2025-06-09,0.9
74229,Koke,Atlético de Madrid,2024-25,MF,33,1926,1,1,2025-05-25,2025-06-09,8.0
74294,Nemanja Gudelj,Sevilla FC,2024-25,MF,33,2496,1,1,2025-05-25,2025-06-09,3.0
74857,Marc-André ter Stegen,FC Barcelona,2024-25,GK,33,675,0,0,2025-05-25,2025-06-09,12.0
76467,Kiko Femenía,Villarreal CF,2024-25,DF,34,2229,0,1,2025-05-25,2025-06-09,0.9
85288,Isco,Real Betis Balompié,2024-25,MF,33,1552,9,8,2025-05-25,2025-06-09,6.0
85295,Iván Balliu,Rayo Vallecano,2024-25,DF,33,1190,0,0,2025-05-25,2025-06-09,1.4
86202,Antonio Rüdiger,Real Madrid,2024-25,DF,32,2291,0,1,2025-05-25,2025-06-09,20.0
86784,Ricardo Rodríguez,Real Betis Balompié,2024-25,DF,32,1279,0,1,2025-05-25,2025-06-09,2.0
88103,James Rodríguez,Rayo Vallecano,2024-25,MF,33,136,0,0,2025-05-25,2025-05-26,2.5
92947,Sergi Gómez,RCD Espanyol Barcelona,2024-25,DF,33,661,0,0,2025-05-25,2025-06-09,0.6
93936,Kike García,Deportivo Alavés,2024-25,FW,35,2555,13,0,2025-05-25,2025-06-09,0.9
94308,Marko Dmitrovic,CD Leganés,2024-25,GK,33,2880,0,0,2025-05-25,2025-06-09,0.8
95641,Darko Brasanac,CD Leganés,2024-25,MF,33,1613,1,2,2025-05-25,2025-06-09,0.5
96718,Óscar de Marcos,Athletic Bilbao,2024-25,DF,36,1561,0,4,2025-05-25,2025-06-09,1.5
99343,Ander Herrera,Athletic Bilbao,2024-25,MF,35,269,0,0,2025-05-25,2025-06-02,0.8
99353,Portu,Girona FC,2024-25,FW,33,767,1,2,2025-05-25,2025-06-09,1.8
99922,Marc Bartra,Real Betis Balompié,2024-25,DF,34,2101,2,1,2025-05-25,2025-06-09,1.0
100131,William Carvalho,Real Betis Balompié,2024-25,MF,33,481,0,0,2025-05-25,2025-06-09,1.5
102423,Leandro Cabrera,RCD Espanyol Barcelona,2024-25,DF,33,2870,4,2,2025-05-25,2025-06-09,1.0
108390,Thibaut Courtois,Real Madrid,2024-25,GK,33,2700,0,0,2025-05-25,2025-06-09,20.0
111508,Allan Nyom,Getafe CF,2024-25,DF,37,884,1,2,2025-05-25,2025-06-09,0.3
112515,Marcos Alonso,Celta de Vigo,2024-25,DF,34,2649,3,0,2025-05-25,2025-06-09,1.5
115333,Juanpe,Girona FC,2024-25,DF,34,725,0,0,2025-05-25,2025-06-09,0.6
118997,Aitor Fernández,CA Osasuna,2024-25,GK,34,90,0,0,2025-05-25,2025-06-09,0.7
120095,José Campaña,UD Las Palmas,2024-25,MF,31,1192,0,3,2025-05-25,2025-06-09,0.9
121483,Jan Oblak,Atlético de Madrid,2024-25,GK,32,3240,0,0,2025-05-25,2025-06-09,20.0
125781,Antoine Griezmann,Atlético de Madrid,2024-25,FW,34,2482,8,7,2025-05-25,2025-06-09,18.0
126719,Juan Bernat,Getafe CF,2024-25,DF,32,907,0,2,2025-05-25,2025-06-09,2.0
126737,Juanmi,Getafe CF,2024-25,FW,32,935,0,0,2025-05-25,2025-06-09,2.0
126751,Iñigo Ruiz de Galarreta,Athletic Bilbao,2024-25,MF,31,1488,0,4,2025-05-25,2025-06-09,3.0
127048,Cédric Bakambu,Real Betis Balompié,2024-25,FW,34,696,2,2,2025-05-25,2025-06-09,1.5
127108,Florian Lejeune,Rayo Vallecano,2024-25,DF,34,3326,2,3,2025-05-25,2025-06-09,2.5
129444,David López (129444),Girona FC,2024-25,DF,35,2431,1,1,2025-05-25,2025-06-09,1.0
138927,Daniel Carvajal,Real Madrid,2024-25,DF,33,610,1,0,2025-05-25,2025-06-09,8.0
139435,Dani Rodríguez (139435),RCD Mallorca,2024-25,MF,36,2175,4,7,2025-05-25,2025-06-09,0.8
142021,Sergi Darder,RCD Mallorca,2024-25,MF,31,2763,2,6,2025-05-25,2025-06-09,4.0
142031,Omar Mascarell,RCD Mallorca,2024-25,MF,32,1990,1,0,2025-05-25,2025-06-09,0.9
146227,Jasper Cillessen,UD Las Palmas,2024-25,GK,36,2337,0,0,2025-05-25,2025-06-09,0.8
148928,Saúl Ñíguez,Sevilla FC,2024-25,MF,30,1555,1,6,2025-05-25,2025-06-09,3.0
158863,Iñigo Martínez,FC Barcelona,2024-25,DF,34,2493,0,5,2025-05-25,2025-06-09,5.0
162038,Raúl de Tomás,Rayo Vallecano,2024-25,FW,30,20,0,0,2025-05-25,2025-06-09,0.7
165007,Denis Suárez,Villarreal CF,2024-25,MF,31,600,1,1,2025-05-25,2025-06-09,1.2
165467,Stole Dimitrievski,Valencia CF,2024-25,GK,31,360,0,0,2025-05-25,2025-06-09,2.5
166683,Mamadou Sylla,Real Valladolid CF,2024-25,FW,31,1583,5,1,2025-05-25,2025-06-09,1.2
167721,Chimy Ávila,Real Betis Balompié,2024-25,FW,31,670,2,0,2025-05-25,2025-06-09,2.0
169497,Juan Cruz (169497),CA Osasuna,2024-25,DF,32,1497,0,0,2025-05-25,2025-06-09,1.5
170472,Dimitri Foulquier,Valencia CF,2024-25,DF,32,2297,0,1,2025-05-25,2025-06-09,1.5
175449,Moi Gómez,CA Osasuna,2024-25,MF,30,778,0,0,2025-05-25,2025-06-09,2.0
177452,Abdón Prats,RCD Mallorca,2024-25,FW,32,438,2,0,2025-05-25,2025-06-09,1.2
177467,Gerard Moreno,Villarreal CF,2024-25,FW,33,718,3,2,2025-05-25,2025-06-09,4.0
177847,Adnan Januzaj,UD Las Palmas,2024-25,FW,30,592,2,1,2025-05-25,2025-06-09,1.2
181375,Sébastien Haller,CD Leganés,2024-25,FW,30,405,0,0,2025-05-25,2025-05-28,3.0
182904,Clément Lenglet,Atlético de Madrid,2024-25,DF,29,1976,2,1,2025-05-25,2025-06-09,7.5
188888,Sheraldo Becker,Real Sociedad,2024-25,FW,30,994,2,1,2025-05-25,2025-06-09,2.5
189441,Lucas Ocampos,Sevilla FC,2024-25,FW,30,176,0,1,2025-05-25,2025-05-26,6.0
191217,Héctor Bellerín,Real Betis Balompié,2024-25,DF,30,578,0,2,2025-05-25,2025-06-09,2.0
192009,Unai López,Rayo Vallecano,2024-25,MF,29,1719,3,1,2025-05-25,2025-06-09,2.5
195488,Paulo Gazzaniga,Girona FC,2024-25,GK,33,3195,0,0,2025-05-25,2025-06-09,2.5
195736,Florian Grillitsch,Real Valladolid CF,2024-25,MF,29,622,0,0,2025-05-25,2025-06-09,2.0
196948,Andreas Christensen,FC Barcelona,2024-25,DF,29,252,0,0,2025-05-25,2025-06-09,12.0
197122,Unai García,CA Osasuna,2024-25,DF,33,65,0,0,2025-05-25,2025-06-09,0.8
205562,Thomas Lemar,Atlético de Madrid,2024-25,MF,29,80,0,0,2025-05-25,2025-06-09,5.0
211251,Darwin Machís,Real Valladolid CF,2024-25,FW,32,636,0,1,2025-05-25,2025-06-09,0.6
212723,Djibril Sow,Sevilla FC,2024-25,MF,28,2070,2,1,2025-05-25,2025-06-09,7.5
212862,Álex Remiro,Real Sociedad,2024-25,GK,30,3240,0,0,2025-05-25,2025-06-09,18.0
213260,Rubén García,CA Osasuna,2024-25,FW,31,2433,5,5,2025-05-25,2025-06-09,2.0
213670,Lucas Torró,CA Osasuna,2024-25,MF,30,2963,3,0,2025-05-25,2025-06-09,3.0
215099,Daley Sinkgraven,UD Las Palmas,2024-25,DF,29,90,0,0,2025-05-25,2025-05-28,0.6
216870,Nacho Vidal,CA Osasuna,2024-25,DF,30,120,0,0,2025-05-25,2025-06-24,1.8
221150,Dakonam Djené,Getafe CF,2024-25,DF,33,2553,0,0,2025-05-25,2025-06-09,1.8
221311,Iván Sánchez,Real Valladolid CF,2024-25,FW,32,1396,2,1,2025-05-25,2025-06-09,0.6
221316,Lucas Vázquez,Real Madrid,2024-25,DF,33,2193,1,5,2025-05-25,2025-06-09,3.0
221322,José Gayà,Valencia CF,2024-25,DF,30,1810,0,1,2025-05-25,2025-06-09,9.0
225593,Pere Milla,RCD Espanyol Barcelona,2024-25,FW,32,443,3,0,2025-05-25,2025-06-09,1.2
226012,David Soria,Getafe CF,2024-25,GK,32,3420,0,0,2025-05-25,2025-06-09,3.0
229804,Aritz Elustondo,Real Sociedad,2024-25,DF,31,1456,0,0,2025-05-25,2025-06-09,3.0
234811,Rui Silva,Real Betis Balompié,2024-25,GK,31,1350,0,0,2025-05-25,2025-05-30,7.0
237499,Aleksandar Sedlar,Deportivo Alavés,2024-25,DF,33,594,0,0,2025-05-25,2025-06-09,0.3
238407,Alexander Sørloth,Atlético de Madrid,2024-25,FW,29,1561,20,2,2025-05-25,2025-06-09,25.0
238868,Rubén Peña,CA Osasuna,2024-25,DF,33,764,0,0,2025-05-25,2025-06-09,1.2
240692,Reinildo Mandava,Atlético de Madrid,2024-25,DF,31,935,0,0,2025-05-25,2025-06-09,5.0
242359,Juan Musso,Atlético de Madrid,2024-25,GK,31,180,0,0,2025-05-25,2025-06-09,3.5
243760,Álex Muñoz,UD Las Palmas,2024-25,DF,30,1420,3,0,2025-05-25,2025-06-09,1.0
245744,Takuma Asano,RCD Mallorca,2024-25,FW,30,1059,2,1,2025-05-25,2025-06-09,2.5
246291,Diego Llorente,Real Betis Balompié,2024-25,DF,31,2521,2,0,2025-05-25,2025-06-09,6.0
246968,Ayoze Pérez,Villarreal CF,2024-25,FW,31,1976,19,2,2025-05-25,2025-06-09,10.0
248738,Sergio Herrera,CA Osasuna,2024-25,GK,31,3330,0,0,2025-05-25,2025-06-09,3.0
249513,Diego Rico,Getafe CF,2024-25,DF,32,2820,0,3,2025-05-25,2025-06-09,1.2
250845,José María Giménez,Atlético de Madrid,2024-25,DF,30,1994,0,1,2025-05-25,2025-06-09,20.0
251876,Pablo Maffeo,RCD Mallorca,2024-25,DF,27,2375,0,2,2025-05-25,2025-06-09,5.0
251892,Juan Soriano,CD Leganés,2024-25,GK,27,540,0,0,2025-05-25,2025-06-09,1.0
255488,Yeray Álvarez,Athletic Bilbao,2024-25,DF,30,1781,1,0,2025-05-25,2025-06-09,7.0
255501,Iñigo Lekue,Athletic Bilbao,2024-25,DF,32,768,0,0,2025-05-25,2025-06-09,2.0
255508,Iñaki Williams,Athletic Bilbao,2024-25,FW,30,2653,6,8,2025-05-25,2025-06-09,15.0
255901,Rodrigo De Paul,Atlético de Madrid,2024-25,MF,31,2112,3,5,2025-05-25,2025-06-09,25.0
255906,Scott McKenna,UD Las Palmas,2024-25,DF,28,2467,0,0,2025-05-25,2025-06-09,4.0
256267,Vedat Muriqi,RCD Mallorca,2024-25,FW,31,2067,7,2,2025-05-25,2025-06-09,5.0
257062,Álvaro García,Rayo Vallecano,2024-25,FW,32,2565,4,5,2025-05-25,2025-06-09,2.0
257376,Domingos Duarte,Getafe CF,2024-25,DF,30,1861,1,0,2025-05-25,2025-06-09,0.8
258987,Carl Starfelt,Celta de Vigo,2024-25,DF,29,2271,1,0,2025-05-25,2025-06-09,6.0
262396,Unai Simón,Athletic Bilbao,2024-25,GK,27,1890,0,0,2025-05-25,2025-06-09,28.0
262939,Johan Mojica,RCD Mallorca,2024-25,DF,32,2753,1,2,2025-05-25,2025-06-09,2.0
263727,Joan Jordán,Deportivo Alavés,2024-25,MF,30,1414,5,2,2025-05-25,2025-06-09,2.5
264372,Viktor Tsygankov,Girona FC,2024-25,FW,27,1921,2,5,2025-05-25,2025-06-09,18.0
266807,Ángel Correa,Atlético de Madrid,2024-25,FW,30,784,4,1,2025-05-25,2025-06-09,10.0
268670,Gerard Gumbau,Rayo Vallecano,2024-25,MF,30,843,0,1,2025-05-25,2025-06-09,1.5
271455,Mihailo Ristic,Celta de Vigo,2024-25,DF,29,430,0,1,2025-05-25,2025-06-09,0.9
275218,Augusto Batalla,Rayo Vallecano,2024-25,GK,29,2880,0,0,2025-05-25,2025-06-09,6.0
277137,Renato Tapia,CD Leganés,2024-25,MF,29,2428,1,0,2025-05-25,2025-06-09,2.0
277384,Martin Valjent,RCD Mallorca,2024-25,DF,29,2765,3,0,2025-05-25,2025-06-09,6.0
278296,Antonio Raíllo,RCD Mallorca,2024-25,DF,33,3209,2,0,2025-05-25,2025-06-09,1.8
278359,Borja Iglesias,Celta de Vigo,2024-25,FW,32,1964,11,3,2025-05-25,2025-06-09,3.0
278837,Luis Rioja,Valencia CF,2024-25,FW,31,2868,5,3,2025-05-25,2025-06-09,2.0
280730,Álvaro Odriozola,Real Sociedad,2024-25,DF,29,40,0,0,2025-05-25,2025-06-09,1.0
281404,Kenedy,Real Valladolid CF,2024-25,FW,29,7,0,0,2025-05-25,2025-06-09,0.3
281989,Luis Milla,Getafe CF,2024-25,MF,30,2878,1,4,2025-05-25,2025-06-09,3.5
282411,Marcos Llorente,Atlético de Madrid,2024-25,DF,30,2513,2,4,2025-05-25,2025-06-09,25.0
282421,Javi Muñoz,UD Las Palmas,2024-25,MF,30,2589,1,3,2025-05-25,2025-06-09,2.0
282810,Carles Pérez,Getafe CF,2024-25,FW,27,1430,3,0,2025-05-25,2025-06-09,2.0
283170,Iñaki Peña,FC Barcelona,2024-25,GK,26,1395,0,0,2025-05-25,2025-06-09,8.0
284854,Carles Aleñá,Deportivo Alavés,2024-25,MF,27,1549,0,2,2025-05-25,2025-06-09,2.5
284884,Óscar Rodríguez,CD Leganés,2024-25,MF,26,1323,1,4,2025-05-25,2025-06-09,2.0
286384,Eric Bailly,Villarreal CF,2024-25,DF,31,618,0,0,2025-05-25,2025-06-09,2.0
286415,Pau López,Girona FC,2024-25,GK,30,45,0,0,2025-05-25,2025-05-26,2.5
288255,Donny van de Beek,Girona FC,2024-25,MF,28,1424,2,2,2025-05-25,2025-06-09,5.0
288318,Adrián Embarba,Rayo Vallecano,2024-25,FW,33,1607,1,1,2025-05-25,2025-06-09,1.2
289255,Andoni Gorosabel,Athletic Bilbao,2024-25,DF,28,1490,0,2,2025-05-25,2025-06-09,5.0
289257,Jon Guridi,Deportivo Alavés,2024-25,MF,30,2097,3,1,2025-05-25,2025-06-09,3.0
290249,Mauro Arambarri,Getafe CF,2024-25,MF,29,2664,10,0,2025-05-25,2025-06-09,12.0
290273,Álvaro Tejero,RCD Espanyol Barcelona,2024-25,DF,28,1234,1,4,2025-05-25,2025-06-09,1.8
290346,André Ferreira,Real Valladolid CF,2024-25,GK,28,540,0,0,2025-05-25,2025-06-09,0.7
291417,Ferland Mendy,Real Madrid,2024-25,DF,29,1007,0,1,2025-05-25,2025-06-09,14.0
292818,Jonathan Bamba,Celta de Vigo,2024-25,FW,29,814,0,1,2025-05-25,2025-06-05,3.5
293385,Dani Olmo,FC Barcelona,2024-25,MF,27,1216,10,4,2025-05-25,2025-06-09,60.0
295330,Kelechi Iheanacho,Sevilla FC,2024-25,FW,28,401,0,0,2025-05-25,2025-05-27,4.5
297070,Hamari Traoré,Real Sociedad,2024-25,DF,33,706,0,1,2025-05-25,2025-06-09,2.0
297194,Iván Villar,Celta de Vigo,2024-25,GK,27,360,0,0,2025-05-25,2025-06-09,0.9
298197,Antonio Sivera,Deportivo Alavés,2024-25,GK,28,2812,0,0,2025-05-25,2025-06-09,6.0
298477,Oli McBurnie,UD Las Palmas,2024-25,FW,28,1839,3,6,2025-05-25,2025-06-09,2.5
298575,Kike Barja,CA Osasuna,2024-25,FW,28,307,0,1,2025-05-25,2025-06-09,1.5
298583,Eray Cömert,Real Valladolid CF,2024-25,DF,27,1783,0,0,2025-05-25,2025-06-09,2.0
298976,Borja Mayoral,Getafe CF,2024-25,FW,28,1105,5,1,2025-05-25,2025-06-09,7.5
300168,Mikel Vesga,Athletic Bilbao,2024-25,MF,32,981,0,0,2025-05-25,2025-06-09,2.5
302371,Toni Martínez,Deportivo Alavés,2024-25,FW,27,1004,4,0,2025-05-25,2025-06-09,2.5
303259,Dodi Lukébakio,Sevilla FC,2024-25,FW,27,3103,11,2,2025-05-25,2025-06-09,20.0
308989,Sergio González,CD Leganés,2024-25,DF,33,2961,2,0,2025-05-25,2025-06-09,0.8
309110,Brais Méndez,Real Sociedad,2024-25,MF,28,1540,3,2,2025-05-25,2025-06-09,22.0
311044,Alfonso Espino,Rayo Vallecano,2024-25,DF,33,833,0,1,2025-05-25,2025-06-09,1.2
314678,Brahim Díaz,Real Madrid,2024-25,FW,25,1382,4,2,2025-05-25,2025-06-09,40.0
315762,Luca de la Torre,Celta de Vigo,2024-25,MF,27,3,0,0,2025-05-25,2025-06-05,2.0
316884,Dominik Greif,RCD Mallorca,2024-25,GK,28,2790,0,0,2025-05-25,2025-06-09,6.0
318523,Romain Perraud,Real Betis Balompié,2024-25,DF,27,1999,2,2,2025-05-25,2025-06-09,5.0
319745,Dani Ceballos,Real Madrid,2024-25,MF,28,1218,0,0,2025-05-25,2025-06-09,10.0
320271,Toni Lato,RCD Mallorca,2024-25,DF,27,618,0,0,2025-05-25,2025-06-09,1.8
326330,Frenkie de Jong,FC Barcelona,2024-25,MF,28,1136,2,2,2025-05-25,2025-06-09,45.0
327126,Anuar,Real Valladolid CF,2024-25,FW,30,1728,2,0,2025-05-25,2025-06-09,0.9
328480,Pepelu,Valencia CF,2024-25,MF,26,1731,2,1,2025-05-25,2025-06-09,9.0
331496,Valery Fernández,RCD Mallorca,2024-25,FW,25,295,2,0,2025-05-25,2025-06-09,2.0
331505,Óscar Mingueza,Celta de Vigo,2024-25,DF,26,2739,4,6,2025-05-25,2025-06-09,20.0
335225,Manu Morlanes,RCD Mallorca,2024-25,MF,26,1340,0,0,2025-05-25,2025-06-09,2.5
336869,Marc Roca,Real Betis Balompié,2024-25,MF,28,909,2,2,2025-05-25,2025-06-09,6.0
337333,Alex Král,RCD Espanyol Barcelona,2024-25,MF,27,2711,0,1,2025-05-25,2025-06-09,6.0
337715,Umar Sadiq,Valencia CF,2024-25,FW,28,1049,5,0,2025-05-25,2025-06-09,5.0
338285,Unai Núñez,Athletic Bilbao,2024-25,DF,28,645,0,0,2025-05-25,2025-06-09,3.0
338425,Álex Berenguer,Athletic Bilbao,2024-25,FW,29,2353,6,8,2025-05-25,2025-06-09,9.0
340205,Gorka Guruzeta,Athletic Bilbao,2024-25,FW,28,1842,7,2,2025-05-25,2025-06-09,9.0
340376,Abel Ruiz,Girona FC,2024-25,FW,25,1358,4,0,2025-05-25,2025-06-09,4.0
340853,Javi Sánchez,Real Valladolid CF,2024-25,DF,28,2031,2,0,2025-05-25,2025-06-09,1.5
341110,Franco Cervi,Celta de Vigo,2024-25,FW,30,272,0,0,2025-05-25,2025-06-09,0.8
341264,Fran García,Real Madrid,2024-25,DF,25,2174,0,2,2025-05-25,2025-06-09,18.0
341278,Iván Martín,Girona FC,2024-25,MF,26,2043,1,1,2025-05-25,2025-06-09,6.0
341713,Diego Conde,Villarreal CF,2024-25,GK,26,1963,0,1,2025-05-25,2025-06-09,7.5
342226,Irvin Cardona,RCD Espanyol Barcelona,2024-25,FW,27,601,1,1,2025-05-25,2025-06-03,2.5
342229,Kylian Mbappé,Real Madrid,2024-25,FW,26,2917,31,3,2025-05-25,2025-06-09,180.0
343052,Nicolas Pépé,Villarreal CF,2024-25,FW,29,1496,3,6,2025-05-25,2025-06-09,6.0
343463,Cyle Larin,RCD Mallorca,2024-25,FW,30,1772,7,2,2025-05-25,2025-06-09,3.5
345886,Rubén Vargas,Sevilla FC,2024-25,FW,26,678,2,1,2025-05-25,2025-06-09,7.0
345911,Ladislav Krejci,Girona FC,2024-25,DF,26,2439,2,1,2025-05-25,2025-06-09,12.0
346289,Mouctar Diakhaby,Valencia CF,2024-25,DF,28,651,2,0,2025-05-25,2025-06-09,2.0
348795,Giovani Lo Celso,Real Betis Balompié,2024-25,MF,29,1454,8,3,2025-05-25,2025-06-09,15.0
351478,Mikel Oyarzabal,Real Sociedad,2024-25,FW,28,2263,9,3,2025-05-25,2025-06-09,25.0
351809,Robin Le Normand,Atlético de Madrid,2024-25,DF,28,2149,1,0,2025-05-25,2025-06-09,40.0
353032,Omar Alderete,Getafe CF,2024-25,DF,28,2978,1,0,2025-05-25,2025-06-09,8.0
355628,Igor Zubeldia,Real Sociedad,2024-25,DF,28,2273,0,0,2025-05-25,2025-06-09,12.0
355861,Arnaut Danjuma,Girona FC,2024-25,FW,28,1538,4,0,2025-05-25,2025-06-09,4.0
356197,Alfonso Pedraza,Villarreal CF,2024-25,DF,29,455,0,2,2025-05-25,2025-06-09,2.5
357628,Alfon González,Celta de Vigo,2024-25,FW,26,1372,5,2,2025-05-25,2025-06-09,5.0
357884,Fernando Calero,RCD Espanyol Barcelona,2024-25,DF,29,702,1,0,2025-05-25,2025-06-09,1.5
357885,Pablo Fornals,Real Betis Balompié,2024-25,MF,29,1838,2,0,2025-05-25,2025-06-09,6.0
358115,Luis Pérez,Real Valladolid CF,2024-25,DF,30,2558,0,0,2025-05-25,2025-06-09,1.4
358250,Joseph Aidoo,Real Valladolid CF,2024-25,DF,29,583,0,0,2025-05-25,2025-06-09,1.2
361254,Rafa Mir,Valencia CF,2024-25,FW,27,743,1,2,2025-05-25,2025-06-09,0.8
361914,Nayef Aguerd,Real Sociedad,2024-25,DF,29,1763,0,0,2025-05-25,2025-06-09,18.0
362086,Isi Palazón,Rayo Vallecano,2024-25,FW,30,2166,4,4,2025-05-25,2025-06-09,3.5
362842,Arthur Melo,Girona FC,2024-25,MF,28,942,0,0,2025-05-25,2025-06-09,5.0
363057,Pedro Díaz,Rayo Vallecano,2024-25,MF,26,1205,3,0,2025-05-25,2025-06-09,3.0
364603,José Manuel Arnáiz,CA Osasuna,2024-25,FW,30,121,0,0,2025-05-25,2025-06-09,1.5
366930,Sergio Gómez,Real Sociedad,2024-25,DF,24,2745,2,5,2025-05-25,2025-06-09,20.0
367466,Thierry Correia,Valencia CF,2024-25,DF,26,771,0,0,2025-05-25,2025-06-09,3.0
369081,Federico Valverde,Real Madrid,2024-25,MF,26,3034,6,4,2025-05-25,2025-06-09,130.0
369267,Maximiliano Caufriez,Valencia CF,2024-25,DF,28,90,0,0,2025-05-25,2025-06-06,1.0
371371,Marash Kumbulla,RCD Espanyol Barcelona,2024-25,DF,25,2976,3,0,2025-05-25,2025-06-09,7.5
371998,Vinicius Junior,Real Madrid,2024-25,FW,24,2258,11,10,2025-05-25,2025-06-09,170.0
375382,André Almeida,Valencia CF,2024-25,MF,24,1988,0,4,2025-05-25,2025-06-09,10.0
377219,Selim Amallah,Real Valladolid CF,2024-25,MF,28,1385,3,2,2025-05-25,2025-06-09,1.6
378139,Aitor Ruibal,Real Betis Balompié,2024-25,FW,29,1303,1,3,2025-05-25,2025-06-09,3.5
378293,Yangel Herrera,Girona FC,2024-25,MF,27,2265,4,3,2025-05-25,2025-06-09,15.0
380598,Santi Comesaña,Villarreal CF,2024-25,MF,28,2565,4,2,2025-05-25,2025-06-09,8.0
381967,Albert Sambi Lokonga,Sevilla FC,2024-25,MF,25,1474,0,2,2025-05-25,2025-06-09,8.0
388125,Stanko Juric,Real Valladolid CF,2024-25,MF,28,1735,0,0,2025-05-25,2025-06-09,1.2
388513,Mateu Morey,RCD Mallorca,2024-25,DF,25,740,0,0,2025-05-25,2025-06-09,0.8
390688,Juan Iglesias,Getafe CF,2024-25,DF,26,2890,0,1,2025-05-25,2025-06-09,3.5
392881,Antonio Candela,Real Valladolid CF,2024-25,DF,25,911,0,0,2025-05-25,2025-06-09,1.8
397676,Dani Cárdenas,Rayo Vallecano,2024-25,GK,28,540,0,0,2025-05-25,2025-06-09,1.8
398184,Ferran Torres,FC Barcelona,2024-25,FW,25,1101,10,6,2025-05-25,2025-06-09,40.0
400131,Siebe Van der Heyden,RCD Mallorca,2024-25,DF,26,96,0,0,2025-05-25,2025-06-05,2.5
401530,Éder Militão,Real Madrid,2024-25,DF,27,939,1,1,2025-05-25,2025-06-09,30.0
401571,Tomás Conechny,Deportivo Alavés,2024-25,FW,27,846,1,0,2025-05-25,2025-06-09,1.8
401583,Julián Chicco,CD Leganés,2024-25,MF,27,293,0,1,2025-05-25,2025-06-09,0.5
402733,Gonzalo Montiel,Sevilla FC,2024-25,DF,28,111,0,0,2025-05-25,2025-06-02,5.0
404839,Andriy Lunin,Real Madrid,2024-25,GK,26,630,0,1,2025-05-25,2025-06-09,18.0
405398,Takefusa Kubo,Real Sociedad,2024-25,FW,23,2381,5,0,2025-05-25,2025-06-09,30.0
408471,Javi Puado,RCD Espanyol Barcelona,2024-25,FW,27,2989,12,4,2025-05-25,2025-06-09,10.0
411295,Raphinha,FC Barcelona,2024-25,FW,28,2845,18,12,2025-05-25,2025-06-09,90.0
411975,Jules Koundé,FC Barcelona,2024-25,DF,26,2606,2,3,2025-05-25,2025-06-09,65.0
412045,Pol Lozano,RCD Espanyol Barcelona,2024-25,MF,25,1958,0,1,2025-05-25,2025-06-09,5.0
412363,Rodrygo,Real Madrid,2024-25,FW,24,1938,6,6,2025-05-25,2025-06-09,90.0
413112,Aurélien Tchouaméni,Real Madrid,2024-25,MF,25,2692,0,0,2025-05-25,2025-06-09,75.0
413262,Dani Raba,CD Leganés,2024-25,FW,29,1890,8,5,2025-05-25,2025-06-09,2.5
422466,Javi Hernández,CD Leganés,2024-25,DF,27,2391,2,1,2025-05-25,2025-06-09,2.5
423440,Martín Zubimendi,Real Sociedad,2024-25,MF,26,2962,2,2,2025-05-25,2025-06-09,60.0
423444,Fran Beltrán,Celta de Vigo,2024-25,MF,26,2428,2,1,2025-05-25,2025-06-09,8.0
424042,Nahuel Molina,Atlético de Madrid,2024-25,DF,27,1581,0,3,2025-05-25,2025-06-09,20.0
431190,Carlos Protesoni,Deportivo Alavés,2024-25,MF,27,478,1,1,2025-05-25,2025-06-09,1.2
434602,Aritz Arambarri,CD Leganés,2024-25,DF,27,178,0,0,2025-05-25,2025-06-24,0.6
434990,Álex Sola,Getafe CF,2024-25,FW,25,1037,0,1,2025-05-25,2025-06-09,2.5
439022,Marcão,Sevilla FC,2024-25,DF,28,552,0,0,2025-05-25,2025-06-09,2.0
441170,Valentin Rosier,CD Leganés,2024-25,DF,28,2592,1,2,2025-05-25,2025-06-09,3.0
448628,Javi Galán,Atlético de Madrid,2024-25,DF,30,1781,0,3,2025-05-25,2025-06-09,4.0
449796,Alejandro Catena,CA Osasuna,2024-25,DF,30,3076,1,3,2025-05-25,2025-06-09,3.0
451801,Abdul Mumin,Rayo Vallecano,2024-25,DF,26,2020,2,1,2025-05-25,2025-06-09,5.0
455181,Jorge de Frutos,Rayo Vallecano,2024-25,FW,28,2513,6,3,2025-05-25,2025-06-09,4.0
459463,Cucho Hernández,Real Betis Balompié,2024-25,FW,26,1150,5,1,2025-05-25,2025-06-09,18.0
461617,Rodrigo Riquelme,Atlético de Madrid,2024-25,FW,25,507,0,1,2025-05-25,2025-06-09,12.0
461843,Juan Berrocal,Getafe CF,2024-25,DF,26,1061,0,0,2025-05-25,2025-06-09,1.5
465967,Ander Guevara,Deportivo Alavés,2024-25,MF,27,1944,0,1,2025-05-25,2025-06-09,3.5
466794,Eric García,FC Barcelona,2024-25,DF,24,1557,2,3,2025-05-25,2025-06-09,18.0
466801,Sergi Altimira,Real Betis Balompié,2024-25,MF,23,1973,0,1,2025-05-25,2025-06-09,15.0
466810,Ansu Fati,FC Barcelona,2024-25,FW,22,232,0,0,2025-05-25,2025-06-09,5.0
468309,Lucas Rosa,Real Valladolid CF,2024-25,DF,25,1890,0,1,2025-05-25,2025-05-28,3.0
469669,Yvan Neyou,CD Leganés,2024-25,MF,28,2322,1,1,2025-05-25,2025-06-09,3.0
471474,Javi Martínez,CA Osasuna,2024-25,MF,25,5,0,0,2025-05-25,2025-06-24,0.8
471690,Max Aarons,Valencia CF,2024-25,DF,25,118,0,0,2025-05-25,2025-06-09,6.0
476219,Bojan Miovski,Girona FC,2024-25,FW,25,876,2,2,2025-05-25,2025-06-09,2.5
480267,Ronald Araujo,FC Barcelona,2024-25,DF,26,757,1,1,2025-05-25,2025-06-09,35.0
480763,Juan Foyth,Villarreal CF,2024-25,DF,27,1517,1,0,2025-05-25,2025-06-09,15.0
480883,Miguel de la Fuente,CD Leganés,2024-25,FW,25,1719,1,3,2025-05-25,2025-06-09,2.0
481084,Marcos André,Real Valladolid CF,2024-25,FW,28,1193,1,2,2025-05-25,2025-06-09,1.0
484988,Logan Costa,Villarreal CF,2024-25,DF,24,2586,2,1,2025-05-25,2025-06-09,18.0
485963,Pape Gueye,Villarreal CF,2024-25,MF,26,2230,4,0,2025-05-25,2025-06-09,15.0
488362,Conor Gallagher,Atlético de Madrid,2024-25,MF,25,1633,3,3,2025-05-25,2025-06-09,40.0
488626,Jesús Areso,CA Osasuna,2024-25,DF,25,3089,0,3,2025-05-25,2025-06-09,12.0
493513,Karl Hein,Real Valladolid CF,2024-25,GK,23,2790,0,0,2025-05-25,2025-06-09,3.0
494236,Andy Pelmard,UD Las Palmas,2024-25,DF,25,205,0,0,2025-05-25,2025-06-09,2.0
495621,Antonio Blanco,Deportivo Alavés,2024-25,MF,24,2739,0,1,2025-05-25,2025-06-09,10.0
495629,Hugo Guillamón,Valencia CF,2024-25,MF,25,360,0,0,2025-05-25,2025-06-09,2.5
500067,Chidera Ejuke,Sevilla FC,2024-25,FW,27,957,2,1,2025-05-25,2025-06-09,4.0
501418,Adrià Pedrosa,Sevilla FC,2024-25,DF,27,2304,1,1,2025-05-25,2025-06-09,7.0
502676,Giorgi Mamardashvili,Valencia CF,2024-25,GK,24,3060,0,0,2025-05-25,2025-06-09,30.0
502722,Luka Sucic,Real Sociedad,2024-25,MF,22,1794,1,2,2025-05-25,2025-06-09,15.0
505653,Fábio Silva,UD Las Palmas,2024-25,FW,22,1878,10,3,2025-05-25,2025-06-09,20.0
505674,Sergio Camello,Rayo Vallecano,2024-25,FW,24,1139,3,2,2025-05-25,2025-06-09,3.0
506248,Edu Expósito,RCD Espanyol Barcelona,2024-25,MF,28,1045,0,2,2025-05-25,2025-06-09,3.0
508639,Naci Ünüvar,RCD Espanyol Barcelona,2024-25,FW,21,29,0,0,2025-05-25,2025-05-28,2.0
511021,Manu Fuster,UD Las Palmas,2024-25,FW,27,990,2,1,2025-05-25,2025-06-09,1.5
513031,Antonio Sánchez,RCD Mallorca,2024-25,MF,28,1387,0,0,2025-05-25,2025-06-09,2.5
517753,Óscar Valentín,Rayo Vallecano,2024-25,MF,30,1829,0,0,2025-05-25,2025-06-09,2.5
517842,Aihen Muñoz,Real Sociedad,2024-25,DF,27,1098,0,0,2025-05-25,2025-06-09,4.0
520840,José Copete,RCD Mallorca,2024-25,DF,25,1523,0,0,2025-05-25,2025-06-09,3.0
521407,Walid Cheddira,RCD Espanyol Barcelona,2024-25,FW,27,631,1,1,2025-05-25,2025-06-09,2.5
523318,Anastasios Douvikas,Celta de Vigo,2024-25,FW,25,692,3,1,2025-05-25,2025-06-17,10.0
524000,Dani Vivian,Athletic Bilbao,2024-25,DF,25,2605,4,0,2025-05-25,2025-06-09,40.0
525299,Miguel Gutiérrez,Girona FC,2024-25,DF,23,2464,1,5,2025-05-25,2025-06-09,20.0
525578,Pathé Ciss,Rayo Vallecano,2024-25,MF,31,2147,4,1,2025-05-25,2025-06-09,2.0
527698,Kike Pérez,Real Valladolid CF,2024-25,MF,28,1198,2,0,2025-05-25,2025-06-17,2.8
527966,Andrei Rațiu,Rayo Vallecano,2024-25,DF,26,3067,2,3,2025-05-25,2025-06-09,12.0
531062,Fabio González,UD Las Palmas,2024-25,MF,28,52,0,0,2025-05-25,2025-06-24,0.5
533354,Facundo Garcés,Deportivo Alavés,2024-25,DF,25,675,0,0,2025-05-25,2025-06-09,2.0
533568,Nahuel Tenaglia,Deportivo Alavés,2024-25,DF,29,2923,2,1,2025-05-25,2025-06-09,3.0
535959,Duk,CD Leganés,2024-25,FW,25,171,0,0,2025-05-25,2025-06-09,1.0
537382,Bryan Gil,Girona FC,2024-25,FW,24,1734,3,3,2025-05-25,2025-06-09,15.0
538996,Tanguy Nianzou,Sevilla FC,2024-25,DF,22,520,0,0,2025-05-25,2025-06-09,1.5
541555,Enzo Boyomo,CA Osasuna,2024-25,DF,23,3258,2,0,2025-05-25,2025-06-09,20.0
545647,Sergio Carreira,Celta de Vigo,2024-25,DF,24,1657,0,4,2025-05-25,2025-06-09,4.0
548111,Álex Baena,Villarreal CF,2024-25,FW,23,2608,7,10,2025-05-25,2025-06-09,55.0
548188,Germán Valera,Valencia CF,2024-25,FW,23,142,0,0,2025-05-25,2025-06-24,1.5
552425,Jon Moncayola,CA Osasuna,2024-25,MF,27,2113,0,0,2025-05-25,2025-06-09,7.0
555143,Arsen Zakharyan,Real Sociedad,2024-25,MF,21,71,1,0,2025-05-25,2025-06-09,9.0
555500,Jorge Herrando,CA Osasuna,2024-25,DF,24,1364,1,0,2025-05-25,2025-06-09,4.0
557147,José Gragera,RCD Espanyol Barcelona,2024-25,MF,25,569,0,0,2025-05-25,2025-06-09,2.0
559979,Abdel Abqar,Deportivo Alavés,2024-25,DF,26,2467,0,1,2025-05-25,2025-06-09,7.5
560483,Randy Nteka,Rayo Vallecano,2024-25,MF,27,1137,3,0,2025-05-25,2025-06-09,1.5
561613,Joan García,RCD Espanyol Barcelona,2024-25,GK,24,3420,0,0,2025-05-25,2025-06-09,25.0
562742,Leo Román,RCD Mallorca,2024-25,GK,24,630,0,0,2025-05-25,2025-06-09,5.0
563137,Robert Navarro,RCD Mallorca,2024-25,FW,23,1286,1,0,2025-05-25,2025-06-09,6.0
566574,Kirian Rodríguez,UD Las Palmas,2024-25,MF,29,1770,0,3,2025-05-25,2025-06-09,1.0
568157,Yéremy Pino,Villarreal CF,2024-25,FW,22,1950,4,8,2025-05-25,2025-06-09,30.0
568158,Javi López,Real Sociedad,2024-25,DF,23,1935,0,0,2025-05-25,2025-06-09,7.5
569384,Lucien Agoumé,Sevilla FC,2024-25,MF,23,2117,1,3,2025-05-25,2025-06-09,8.0
569866,Roberto López,CD Leganés,2024-25,MF,25,389,0,1,2025-05-25,2025-06-09,1.0
571020,Oihan Sancet,Athletic Bilbao,2024-25,MF,25,1626,15,1,2025-05-25,2025-06-09,60.0
573775,Hugo Duro,Valencia CF,2024-25,FW,25,2172,11,3,2025-05-25,2025-06-09,14.0
576024,Julián Alvarez,Atlético de Madrid,2024-25,FW,25,2519,17,4,2025-05-25,2025-06-09,100.0
580560,Jon Pacheco,Real Sociedad,2024-25,DF,24,851,0,0,2025-05-25,2025-06-09,6.0
581678,Jude Bellingham,Real Madrid,2024-25,MF,21,2493,9,9,2025-05-25,2025-06-09,180.0
581781,Enzo Loiodice,UD Las Palmas,2024-25,MF,24,677,0,0,2025-05-25,2025-06-09,1.2
585700,Juan Cruz (585700),CD Leganés,2024-25,FW,25,2265,5,4,2025-05-25,2025-06-09,5.0
591916,Aitor Paredes,Athletic Bilbao,2024-25,DF,25,1814,3,0,2025-05-25,2025-06-09,22.0
596122,Pep Chavarría,Rayo Vallecano,2024-25,DF,27,2583,0,1,2025-05-25,2025-06-09,5.0
602105,Antony,Real Betis Balompié,2024-25,FW,25,1365,5,2,2025-05-25,2025-06-09,35.0
603940,Marvin Park,UD Las Palmas,2024-25,DF,24,1029,0,0,2025-05-25,2025-06-09,1.2
607034,Akor Adams,Sevilla FC,2024-25,FW,25,131,0,0,2025-05-25,2025-06-09,5.0
608382,Adrián Rodríguez,Deportivo Alavés,2024-25,GK,24,121,0,0,2025-05-25,2025-06-09,0.2
610335,Iván Jaime,Valencia CF,2024-25,MF,24,292,0,0,2025-05-25,2025-06-09,5.0
615350,Cenk Özkacar,Real Valladolid CF,2024-25,DF,24,756,0,0,2025-05-25,2025-06-09,1.2
616369,Ander Barrenetxea,Real Sociedad,2024-25,FW,23,1258,1,3,2025-05-25,2025-06-09,15.0
617074,Ilaix Moriba,Celta de Vigo,2024-25,MF,22,2133,1,1,2025-05-25,2025-06-09,6.0
617081,Diego López (617081),Valencia CF,2024-25,FW,23,2760,8,5,2025-05-25,2025-06-09,15.0
618809,Manu Sánchez,Deportivo Alavés,2024-25,DF,24,2640,1,0,2025-05-25,2025-06-09,6.0
618813,Carlos Martín,Deportivo Alavés,2024-25,FW,23,1335,2,2,2025-05-25,2025-06-09,2.8
622988,Fran Pérez,Valencia CF,2024-25,FW,22,552,0,0,2025-05-25,2025-06-09,3.0
623024,Jesús Vázquez,Valencia CF,2024-25,DF,22,917,0,0,2025-05-25,2025-06-09,3.0
623521,Juanmi Latasa,Real Valladolid CF,2024-25,FW,24,1391,3,0,2025-05-25,2025-06-09,2.0
624942,Raúl Moro,Real Valladolid CF,2024-25,FW,22,2346,4,5,2025-05-25,2025-06-09,7.5
625014,Julen Agirrezabala,Athletic Bilbao,2024-25,GK,24,1207,0,0,2025-05-25,2025-06-09,15.0
625047,Beñat Prados,Athletic Bilbao,2024-25,MF,24,1721,1,0,2025-05-25,2025-06-09,18.0
625651,Urko González de Zárate,RCD Espanyol Barcelona,2024-25,MF,24,1427,0,2,2025-05-25,2025-06-09,5.0
625655,Jon Magunazelaia,Real Sociedad,2024-25,MF,23,6,0,0,2025-05-25,2025-06-24,0.6
625657,Unai Marrero,Real Sociedad,2024-25,GK,23,180,0,0,2025-05-25,2025-06-09,0.6
625660,Jon Ander Olasagasti,Real Sociedad,2024-25,MF,24,852,1,1,2025-05-25,2025-06-09,4.0
628498,Jofre Carreras,RCD Espanyol Barcelona,2024-25,FW,23,2178,3,4,2025-05-25,2025-06-09,3.0
630995,Rodri Sánchez,Real Betis Balompié,2024-25,FW,25,117,0,0,2025-05-25,2025-05-28,2.7
631002,Raúl García (631002),CA Osasuna,2024-25,FW,24,731,4,0,2025-05-25,2025-06-09,3.0
632741,Iker Losada,Celta de Vigo,2024-25,FW,23,687,1,0,2025-05-25,2025-06-09,1.5
632896,Alejandro Francés,Girona FC,2024-25,DF,22,1176,0,0,2025-05-25,2025-06-09,2.0
633056,Tamás Nikitscher,Real Valladolid CF,2024-25,MF,25,855,0,0,2025-05-25,2025-06-09,1.0
634131,Aimar Oroz,CA Osasuna,2024-25,MF,23,2983,5,4,2025-05-25,2025-06-09,15.0
634431,Beñat Turrientes,Real Sociedad,2024-25,MF,23,940,0,0,2025-05-25,2025-06-09,10.0
636093,Carlos Domínguez,Celta de Vigo,2024-25,DF,24,1180,0,0,2025-05-25,2025-06-09,3.0
636686,Arnau Rafús,Real Valladolid CF,2024-25,GK,22,90,0,0,2025-05-25,2025-06-25,0.2
636688,Alejandro Balde,FC Barcelona,2024-25,DF,21,2293,0,4,2025-05-25,2025-06-09,60.0
636695,Marc Casadó,FC Barcelona,2024-25,MF,21,1616,1,3,2025-05-25,2025-06-09,30.0
636697,Arnau Solà,Villarreal CF,2024-25,DF,22,12,0,0,2025-05-25,2025-06-25,0.4
636703,Fermín López,FC Barcelona,2024-25,MF,22,1245,6,5,2025-05-25,2025-06-09,50.0
638793,Tajon Buchanan,Villarreal CF,2024-25,FW,26,412,1,2,2025-05-25,2025-06-09,6.0
639733,Peque Fernández,Sevilla FC,2024-25,FW,22,1134,1,1,2025-05-25,2025-06-09,3.5
640428,Eduardo Camavinga,Real Madrid,2024-25,MF,22,1098,1,2,2025-05-25,2025-06-09,60.0
646698,Gabriel Misehouy,Girona FC,2024-25,MF,19,250,1,0,2025-05-25,2025-06-09,1.0
646740,Gavi,FC Barcelona,2024-25,MF,20,1083,1,1,2025-05-25,2025-06-09,60.0
646750,Cristhian Mosquera,Valencia CF,2024-25,DF,20,3320,1,0,2025-05-25,2025-06-09,30.0
657430,Samú Costa,RCD Mallorca,2024-25,MF,24,2655,0,2,2025-05-25,2025-06-09,15.0
658115,Abel Bretones,CA Osasuna,2024-25,DF,24,2068,2,0,2025-05-25,2025-06-09,4.0
658269,Víctor Meseguer,Real Valladolid CF,2024-25,MF,25,410,0,0,2025-05-25,2025-06-24,1.5
660438,Orri Óskarsson,Real Sociedad,2024-25,FW,20,937,3,0,2025-05-25,2025-06-09,15.0
661145,Jon Aramburu,Real Sociedad,2024-25,DF,22,2462,1,1,2025-05-25,2025-06-09,15.0
668183,Nico Serrano,Athletic Bilbao,2024-25,FW,22,110,0,0,2025-05-25,2025-06-24,1.2
668276,Hugo Novoa,Deportivo Alavés,2024-25,DF,22,234,0,0,2025-05-25,2025-06-09,1.5
670717,Dário Essugo,UD Las Palmas,2024-25,MF,20,1952,1,0,2025-05-25,2025-06-09,20.0
671649,Álvaro Djaló,Athletic Bilbao,2024-25,FW,25,658,1,0,2025-05-25,2025-06-09,5.0
671915,Enzo Barrenechea,Valencia CF,2024-25,MF,24,2206,1,2,2025-05-25,2025-06-09,10.0
672803,Bertuğ Yıldırım,Getafe CF,2024-25,FW,22,1087,1,0,2025-05-25,2025-06-09,2.0
676042,Juanlu Sánchez,Sevilla FC,2024-25,DF,21,1724,4,4,2025-05-25,2025-06-09,12.0
678406,Sergi Cardona,Villarreal CF,2024-25,DF,25,2955,1,7,2025-05-25,2025-06-09,10.0
683840,Pedri,FC Barcelona,2024-25,MF,22,2895,4,5,2025-05-25,2025-06-09,140.0
687609,Isaac Romero,Sevilla FC,2024-25,FW,25,2171,4,2,2025-05-25,2025-06-09,6.0
689505,Johnny Cardoso,Real Betis Balompié,2024-25,MF,23,2145,3,1,2025-05-25,2025-06-09,25.0
694509,Moussa Diarra,Deportivo Alavés,2024-25,DF,24,1863,0,0,2025-05-25,2025-06-09,1.8
694928,Samuel Lino,Atlético de Madrid,2024-25,FW,25,1560,3,4,2025-05-25,2025-06-09,22.0
695454,Chiquinho,RCD Mallorca,2024-25,FW,25,141,0,0,2025-05-25,2025-06-09,2.0
705395,Gerard Martín,FC Barcelona,2024-25,DF,23,1028,1,3,2025-05-25,2025-06-09,12.0
706138,Javi Llabrés,RCD Mallorca,2024-25,FW,22,58,0,0,2025-05-25,2025-06-24,0.8
707274,César Tárrega,Valencia CF,2024-25,DF,23,3027,2,1,2025-05-25,2025-06-09,10.0
707572,Pau Víctor,FC Barcelona,2024-25,FW,23,307,2,1,2025-05-25,2025-06-09,4.0
709187,Nico Williams,Athletic Bilbao,2024-25,FW,22,1998,5,5,2025-05-25,2025-06-09,70.0
709372,Carlos Romero,RCD Espanyol Barcelona,2024-25,DF,23,2555,2,1,2025-05-25,2025-06-09,5.0
709969,Ilias Akhomach,Villarreal CF,2024-25,FW,21,587,1,0,2025-05-25,2025-06-09,15.0
709971,Xavi Moreno,Real Valladolid CF,2024-25,FW,20,45,0,0,2025-05-25,2025-06-25,0.25
710004,Peter Federico,Getafe CF,2024-25,FW,22,465,0,0,2025-05-25,2025-06-09,1.2
710484,Mario Maroto,Real Valladolid CF,2024-25,MF,21,63,0,1,2025-05-25,2025-06-25,0.2
710671,Adama Boiro,Athletic Bilbao,2024-25,DF,22,1104,0,0,2025-05-25,2025-06-09,2.5
710677,Iker Muñoz,CA Osasuna,2024-25,MF,22,598,0,1,2025-05-25,2025-06-09,3.0
710679,Iker Benito,CA Osasuna,2024-25,FW,22,35,0,0,2025-05-25,2025-06-24,1.5
711625,José Ángel Carmona,Sevilla FC,2024-25,DF,23,2954,0,0,2025-05-25,2025-06-09,12.0
711626,Darío Benavides,Sevilla FC,2024-25,DF,22,4,0,0,2025-05-25,2025-06-25,0.3
712107,Luiz Júnior,Villarreal CF,2024-25,GK,24,1457,0,0,2025-05-25,2025-06-09,10.0
713644,Bryan Zaragoza,CA Osasuna,2024-25,FW,23,1852,1,6,2025-05-25,2025-06-09,12.0
718034,Abde Rebbach,Deportivo Alavés,2024-25,FW,26,385,0,0,2025-05-25,2025-06-24,0.7
719720,David Argüelles,Getafe CF,2024-25,DF,23,6,0,0,2025-05-25,2025-06-25,0.1
720038,Pablo Torre,FC Barcelona,2024-25,MF,22,308,3,1,2025-05-25,2025-06-09,6.0
720518,Roberto Fernández,RCD Espanyol Barcelona,2024-25,FW,22,1509,6,1,2025-05-25,2025-06-09,6.0
724520,Abde Ezzalzouli,Real Betis Balompié,2024-25,FW,23,1995,2,3,2025-05-25,2025-06-09,12.0
730581,Loïc Badé,Sevilla FC,2024-25,DF,25,2687,1,1,2025-05-25,2025-06-09,25.0
733576,Alberto Moleiro,UD Las Palmas,2024-25,FW,21,2728,6,1,2025-05-25,2025-06-09,25.0
735568,Natan,Real Betis Balompié,2024-25,DF,24,2171,1,1,2025-05-25,2025-06-09,9.0
741258,Sergi Domínguez,FC Barcelona,2024-25,DF,20,173,0,0,2025-05-25,2025-06-25,1.0
742201,Giuliano Simeone,Atlético de Madrid,2024-25,FW,22,1941,2,6,2025-05-25,2025-06-09,35.0
742521,Jhon Solís,Girona FC,2024-25,MF,20,524,1,0,2025-05-25,2025-06-09,2.5
743387,Stanis Idumbo,Sevilla FC,2024-25,MF,19,278,1,1,2025-05-25,2025-06-09,2.5
764859,Williot Swedberg,Celta de Vigo,2024-25,FW,21,1347,4,5,2025-05-25,2025-06-09,5.0
766583,Kike Salas,Sevilla FC,2024-25,DF,23,2237,3,2,2025-05-25,2025-06-09,8.0
766723,Manu Bueno,Sevilla FC,2024-25,MF,20,134,1,0,2025-05-25,2025-06-09,1.5
767229,Diego Hormigo,Sevilla FC,2024-25,DF,22,38,0,0,2025-05-25,2025-06-25,0.3
769063,Luka Romero,Deportivo Alavés,2024-25,FW,20,197,0,0,2025-05-25,2025-05-26,4.0
775605,Pablo Barrios,Atlético de Madrid,2024-25,MF,21,2337,1,4,2025-05-25,2025-06-09,55.0
780630,Willy Kambwala,Villarreal CF,2024-25,DF,20,1114,0,0,2025-05-25,2025-06-09,4.0
783396,Ramón Terrats,Getafe CF,2024-25,MF,24,1353,4,1,2025-05-25,2025-06-09,4.0
785353,Pablo Ibáñez,CA Osasuna,2024-25,MF,26,1289,1,1,2025-05-25,2025-06-09,2.0
822331,Omar El Hilali,RCD Espanyol Barcelona,2024-25,DF,21,3159,0,2,2025-05-25,2025-06-09,15.0
826224,Arnau Martínez,Girona FC,2024-25,DF,22,2627,2,2,2025-05-25,2025-06-09,10.0
834463,Iker Córdoba,Valencia CF,2024-25,DF,19,13,0,0,2025-05-25,2025-06-25,0.1
834483,Álex Padilla,Athletic Bilbao,2024-25,GK,21,320,0,0,2025-05-25,2025-05-26,3.0
834744,Antoniu Roca,RCD Espanyol Barcelona,2024-25,FW,22,1021,0,1,2025-05-25,2025-06-09,1.8
834752,Unai Gómez,Athletic Bilbao,2024-25,MF,22,1278,1,3,2025-05-25,2025-06-09,6.0
834764,Javi Guerra,Valencia CF,2024-25,MF,22,2593,3,3,2025-05-25,2025-06-09,25.0
841121,John Patrick,Getafe CF,2024-25,MF,21,45,0,0,2025-05-25,2025-06-03,1.2
849410,Valentín Barco,Sevilla FC,2024-25,MF,20,286,0,0,2025-05-25,2025-06-03,12.0
852727,Diego García,CD Leganés,2024-25,FW,25,1190,3,0,2025-05-25,2025-06-09,1.5
857818,Yáser Asprilla,Girona FC,2024-25,FW,21,1402,3,1,2025-05-25,2025-06-09,15.0
857830,Daniel Luna,RCD Mallorca,2024-25,MF,22,18,0,0,2025-05-25,2025-06-24,0.5
861410,Arda Güler,Real Madrid,2024-25,MF,20,1249,3,5,2025-05-25,2025-06-09,45.0
864799,Stefan Bajcetic,UD Las Palmas,2024-25,MF,20,975,1,0,2025-05-25,2025-06-09,9.0
872184,Tadeo Allende,Celta de Vigo,2024-25,FW,26,1,0,0,2025-05-25,2025-06-05,2.0
882710,Ramón Martínez,Sevilla FC,2024-25,DF,22,258,1,0,2025-05-25,2025-06-09,1.0
888493,Alejo Veliz,RCD Espanyol Barcelona,2024-25,FW,21,1123,1,0,2025-05-25,2025-06-09,2.5
892221,Hugo Sotelo,Celta de Vigo,2024-25,MF,21,1256,0,0,2025-05-25,2025-06-09,4.0
892926,Leandro Antonetti,Sevilla FC,2024-25,FW,22,26,0,0,2025-05-25,2025-06-25,0.3
892929,Hugo Álvarez,Celta de Vigo,2024-25,FW,21,1570,4,3,2025-05-25,2025-06-09,7.5
895334,Yarek Gasiorowski,Valencia CF,2024-25,DF,20,946,0,0,2025-05-25,2025-06-09,7.5
895458,Adrián Pica,Deportivo Alavés,2024-25,DF,23,496,0,0,2025-05-25,2025-06-09,1.2
905997,Pablo Durán,Celta de Vigo,2024-25,FW,24,1394,4,4,2025-05-25,2025-06-09,3.5
907813,Pablo Marín,Real Sociedad,2024-25,MF,21,1236,1,2,2025-05-25,2025-06-09,8.0
908621,Nabil Aberdin,Getafe CF,2024-25,DF,22,264,0,0,2025-05-25,2025-06-02,0.7
916014,Isra Domínguez,Sevilla FC,2024-25,FW,22,17,0,0,2025-05-25,2025-06-25,0.2
926763,Chuki,Real Valladolid CF,2024-25,MF,21,727,2,0,2025-05-25,2025-06-09,1.5
933908,Ángel Ortiz,Real Betis Balompié,2024-25,DF,20,353,0,1,2025-05-25,2025-06-09,2.5
935230,Gonzalo García,Real Madrid,2024-25,FW,21,53,0,1,2025-05-25,2025-06-25,8.0
935231,Víctor Muñoz,Real Madrid,2024-25,FW,21,34,0,0,2025-05-25,2025-06-25,1.0
935245,Raúl Asencio,Real Madrid,2024-25,DF,22,1673,0,1,2025-05-25,2025-06-09,40.0
937941,Thierno Barry,Villarreal CF,2024-25,FW,22,2325,11,4,2025-05-25,2025-06-09,20.0
937945,Dani Díaz,Real Sociedad,2024-25,FW,18,9,0,0,2025-05-25,2025-06-25,0.3
937955,Héctor Fort,FC Barcelona,2024-25,DF,18,578,0,0,2025-05-25,2025-06-09,10.0
937958,Lamine Yamal,FC Barcelona,2024-25,FW,17,2864,9,15,2025-05-25,2025-06-09,200.0
938146,Adam Aznou,Real Valladolid CF,2024-25,DF,18,874,0,0,2025-05-25,2025-06-09,4.0
938729,Mikel Jauregizar,Athletic Bilbao,2024-25,MF,21,2243,2,2,2025-05-25,2025-06-09,30.0
939374,Yoel Lago,Celta de Vigo,2024-25,DF,21,583,0,1,2025-05-25,2025-06-09,1.0
941869,Yellu Santiago,Getafe CF,2024-25,MF,21,364,0,0,2025-05-25,2025-06-09,0.9
941883,Martín Tejón,Valencia CF,2024-25,FW,21,45,0,0,2025-05-25,2025-06-09,0.5
943837,Vitor Roque,Real Betis Balompié,2024-25,FW,20,1237,4,2,2025-05-25,2025-06-06,20.0
947431,David López (947431),RCD Mallorca,2024-25,DF,22,170,0,0,2025-05-25,2025-06-09,0.5
948273,Mario Martín,Real Valladolid CF,2024-25,MF,21,1750,0,1,2025-05-25,2025-06-09,1.5
948275,Álvaro Rodríguez,Getafe CF,2024-25,FW,20,847,2,0,2025-05-25,2025-06-09,2.5
948278,Jacobo Ramón,Real Madrid,2024-25,DF,20,203,1,0,2025-05-25,2025-06-25,1.0
948279,Chema Andrés,Real Madrid,2024-25,MF,20,10,0,0,2025-05-25,2025-06-25,0.8
949116,Ro Abajas,Valencia CF,2024-25,DF,22,66,0,0,2025-05-25,2025-06-25,0.1
949489,Abdoulaye Keita,Getafe CF,2024-25,FW,22,94,0,0,2025-05-25,2025-06-25,0.2
953901,Santiago Mouriño,Deportivo Alavés,2024-25,DF,23,1848,0,1,2025-05-25,2025-06-09,3.0
961087,Pablo García,Real Betis Balompié,2024-25,FW,18,36,0,0,2025-05-25,2025-06-25,5.0
962110,Pau Cubarsí,FC Barcelona,2024-25,DF,18,2621,0,3,2025-05-25,2025-06-09,80.0
962145,Arkaitz Mariezkurrena,Real Sociedad,2024-25,FW,20,236,2,0,2025-05-25,2025-06-09,0.7
964190,Luken Beitia,Real Sociedad,2024-25,DF,20,7,0,0,2025-05-25,2025-06-25,0.3
971570,Endrick,Real Madrid,2024-25,FW,18,352,1,1,2025-05-25,2025-06-09,35.0
1000136,Gorka Rivera,Getafe CF,2024-25,DF,20,19,0,0,2025-05-25,2025-06-25,0.1
1018920,Marc Bernal,FC Barcelona,2024-25,MF,17,244,0,0,2025-05-25,2025-06-09,5.0
1018938,Jon Martín,Real Sociedad,2024-25,DF,19,900,0,1,2025-05-25,2025-06-09,8.0
1033005,Coba da Costa,Getafe CF,2024-25,FW,22,1008,1,1,2025-05-25,2025-06-09,3.0
1034853,Nobel Mendy,Real Betis Balompié,2024-25,DF,20,107,0,0,2025-05-25,2025-06-25,4.0
1038950,Karl Etta Eyong,Villarreal CF,2024-25,FW,21,33,1,0,2025-05-25,2025-06-25,5.0
1054429,Carlos Guirao,Real Betis Balompié,2024-25,MF,22,112,0,0,2025-05-25,2025-06-25,0.3
1054934,Maroan Sannadi,Athletic Bilbao,2024-25,FW,24,752,1,2,2025-05-25,2025-06-09,10.0
1055220,Fran González,Real Madrid,2024-25,GK,19,90,0,0,2025-05-25,2025-06-25,0.4
1061260,Iago Parente,Real Valladolid CF,2024-25,DF,19,72,0,0,2025-05-25,2025-06-25,0.15
1061282,Assane Diao,Real Betis Balompié,2024-25,FW,19,272,1,2,2025-05-25,2025-06-17,30.0
1061283,Mateo Flores,Real Betis Balompié,2024-25,MF,21,149,0,0,2025-05-25,2025-06-09,1.0
1061336,Pau Navarro,Villarreal CF,2024-25,DF,20,917,0,0,2025-05-25,2025-06-09,3.0
1061656,Iker Almena,Girona FC,2024-25,FW,21,46,0,1,2025-05-25,2025-05-27,1.3
1061660,Selvi Clua,Girona FC,2024-25,MF,20,163,0,0,2025-05-25,2025-06-24,0.3
1063553,Pau Cabanes,Deportivo Alavés,2024-25,FW,20,341,1,1,2025-05-25,2025-06-09,0.8
1063574,Jan Salas,RCD Mallorca,2024-25,MF,19,39,0,0,2025-05-25,2025-06-25,0.1
1064471,Fer López,Celta de Vigo,2024-25,MF,21,625,2,0,2025-05-25,2025-06-09,5.0
1076815,Javi Rodríguez,Celta de Vigo,2024-25,DF,21,2513,3,2,2025-05-25,2025-06-09,15.0
1108203,Min-su Kim,Girona FC,2024-25,FW,19,20,0,0,2025-05-25,2025-06-09,0.3
1121298,Juma Bah,Real Valladolid CF,2024-25,DF,19,863,0,0,2025-05-25,2025-06-03,6.0
1124005,Christantus Uche,Getafe CF,2024-25,FW,22,2504,4,6,2025-05-25,2025-06-09,15.0
1164331,Ismael Bekhoucha,Getafe CF,2024-25,DF,20,65,0,0,2025-05-25,2025-06-09,0.3
1169436,Vladyslav Krapyvtsov,Girona FC,2024-25,GK,19,180,0,0,2025-05-25,2025-06-09,0.2
1190411,Jesús Rodríguez,Real Betis Balompié,2024-25,FW,19,1120,2,1,2025-05-25,2025-06-09,30.0
1255616,Alberto Risco,Getafe CF,2024-25,MF,19,64,0,0,2025-05-25,2025-06-09,0.2
1296876,Marc Domènech,RCD Mallorca,2024-25,FW,18,298,0,0,2025-05-25,2025-06-09,1.0
1305792,Álvaro García Pascual,Sevilla FC,2024-25,FW,22,409,1,0,2025-05-25,2025-06-09,1.0
1367276,Ibrahim Alani,Real Valladolid CF,2024-25,MF,18,159,0,0,2025-05-25,2025-06-09,0.5
1390649,Yan Diomande,CD Leganés,2024-25,FW,18,542,2,1,2025-05-25,2025-06-09,1.5
12282,Daley Blind,Girona FC,2025-26,DF,36,2610,0,0,2026-05-24,2026-06-05,1.2
15799,Santi Cazorla,Real Oviedo,2025-26,MF,41,924,0,1,2026-05-24,2026-06-05,0.2
30321,Óscar Trejo,Rayo Vallecano,2025-26,MF,38,139,0,1,2026-05-24,2026-06-05,0.3
35047,Axel Witsel,Girona FC,2025-26,MF,37,2533,1,2,2026-05-24,2026-06-05,1.2
38253,Robert Lewandowski,FC Barcelona,2025-26,FW,37,1656,14,3,2026-05-24,2026-06-05,7.0
40433,Alexis Sánchez,Sevilla FC,2025-26,FW,37,1300,4,2,2026-05-24,2026-06-05,1.2
44058,Wojciech Szczesny,FC Barcelona,2025-26,GK,36,720,0,0,2026-05-24,2026-06-05,0.8
46413,Ante Budimir,CA Osasuna,2025-26,FW,34,2953,17,0,2026-05-24,2026-06-05,2.8
57500,César Azpilicueta,Sevilla FC,2025-26,DF,36,1218,0,1,2026-05-24,2026-06-05,1.0
59016,David Alaba,Real Madrid,2025-26,DF,33,421,0,0,2026-05-24,2026-06-05,3.0
59323,Cristhian Stuani,Girona FC,2025-26,FW,39,396,5,0,2026-05-24,2026-06-05,0.7
59561,Dani Parejo,Villarreal CF,2025-26,MF,37,1390,1,0,2026-05-24,2026-06-05,1.0
61812,Yuri Berchiche,Athletic Bilbao,2025-26,DF,36,2709,0,7,2026-05-24,2026-06-05,1.0
71271,Adrián San Miguel,Real Betis Balompié,2025-26,GK,39,90,0,0,2026-05-24,2026-06-05,0.3
72047,Iago Aspas,Celta de Vigo,2025-26,FW,38,1130,5,3,2026-05-24,2026-06-05,1.6
73517,Ørjan Nyland,Sevilla FC,2025-26,GK,35,450,0,0,2026-05-24,2026-06-05,0.8
74229,Koke,Atlético de Madrid,2025-26,MF,34,2220,2,2,2026-05-24,2026-06-05,5.0
74294,Nemanja Gudelj,Sevilla FC,2025-26,MF,34,2348,2,0,2026-05-24,2026-06-05,2.0
74857,Marc-André ter Stegen,Girona FC,2025-26,GK,34,180,0,0,2026-05-24,2026-06-05,3.0
76467,Kiko Femenía,Getafe CF,2025-26,DF,35,2021,1,1,2026-05-24,2026-06-05,0.7
85288,Isco,Real Betis Balompié,2025-26,MF,34,228,1,1,2026-05-24,2026-06-05,3.5
85295,Iván Balliu,Rayo Vallecano,2025-26,DF,34,578,0,0,2026-05-24,2026-06-05,1.0
86202,Antonio Rüdiger,Real Madrid,2025-26,DF,33,1491,1,0,2026-05-24,2026-06-05,6.0
86784,Ricardo Rodríguez,Real Betis Balompié,2025-26,DF,33,1546,0,1,2026-05-24,2026-06-05,1.4
93936,Kike García,RCD Espanyol Barcelona,2025-26,FW,36,1727,8,1,2026-05-24,2026-06-05,0.7
94308,Marko Dmitrovic,RCD Espanyol Barcelona,2025-26,GK,34,3330,0,0,2026-05-24,2026-06-05,0.7
99353,Portu,Girona FC,2025-26,FW,34,473,0,0,2026-05-24,2026-06-05,1.2
99922,Marc Bartra,Real Betis Balompié,2025-26,DF,35,1978,1,0,2026-05-24,2026-06-05,0.9
102423,Leandro Cabrera,RCD Espanyol Barcelona,2025-26,DF,34,3330,3,0,2026-05-24,2026-06-05,0.9
108390,Thibaut Courtois,Real Madrid,2025-26,GK,34,2880,0,0,2026-05-24,2026-06-05,15.0
111508,Allan Nyom,Getafe CF,2025-26,DF,38,524,0,1,2026-05-24,2026-06-05,0.1
112515,Marcos Alonso,Celta de Vigo,2025-26,DF,35,2770,1,0,2026-05-24,2026-06-05,1.2
118997,Aitor Fernández,CA Osasuna,2025-26,GK,35,135,0,0,2026-05-24,2026-06-05,0.5
121483,Jan Oblak,Atlético de Madrid,2025-26,GK,33,2700,0,0,2026-05-24,2026-06-05,15.0
124419,Odysseas Vlachodimos,Sevilla FC,2025-26,GK,32,2970,0,0,2026-05-24,2026-06-05,3.0
125781,Antoine Griezmann,Atlético de Madrid,2025-26,FW,35,1468,7,4,2026-05-24,2026-06-05,8.0
126737,Juanmi,Getafe CF,2025-26,FW,33,171,1,0,2026-05-24,2026-06-05,1.0
126751,Iñigo Ruiz de Galarreta,Athletic Bilbao,2025-26,MF,32,2231,1,2,2026-05-24,2026-06-05,2.0
127048,Cédric Bakambu,Real Betis Balompié,2025-26,FW,35,562,3,1,2026-05-24,2026-06-05,1.2
127108,Florian Lejeune,Rayo Vallecano,2025-26,DF,35,3231,2,1,2026-05-24,2026-06-05,1.8
128969,Mathew Ryan,Levante UD,2025-26,GK,34,3240,0,0,2026-05-24,2026-06-05,1.8
129444,David López (129444),Girona FC,2025-26,DF,36,293,0,0,2026-05-24,2026-06-05,0.6
129674,Jeremy Toljan,Levante UD,2025-26,DF,31,3173,1,4,2026-05-24,2026-06-05,2.0
138927,Daniel Carvajal,Real Madrid,2025-26,DF,34,976,0,1,2026-05-24,2026-06-05,4.0
142021,Sergi Darder,RCD Mallorca,2025-26,MF,32,2689,1,5,2026-05-24,2026-06-05,3.0
142031,Omar Mascarell,RCD Mallorca,2025-26,MF,33,2245,2,2,2026-05-24,2026-06-05,0.7
143812,Matías Vecino,Celta de Vigo,2025-26,MF,34,134,0,0,2026-05-24,2026-06-05,1.0
144128,Matías Dituro,Elche CF,2025-26,GK,39,1980,0,0,2026-05-24,2026-06-05,0.1
155025,Fábio Cardoso,Sevilla FC,2025-26,DF,32,298,0,0,2026-05-24,2026-06-05,1.5
165007,Denis Suárez,Deportivo Alavés,2025-26,MF,32,1407,1,2,2026-05-24,2026-06-05,1.0
165467,Stole Dimitrievski,Valencia CF,2025-26,GK,32,1800,0,0,2026-05-24,2026-06-05,2.0
167721,Chimy Ávila,Real Betis Balompié,2025-26,FW,32,371,1,0,2026-05-24,2026-06-05,1.2
168157,Leander Dendoncker,Real Oviedo,2025-26,MF,31,1333,1,0,2026-05-24,2026-06-05,1.8
169497,Juan Cruz (169497),CA Osasuna,2025-26,DF,33,646,0,0,2026-05-24,2026-06-05,1.0
170472,Dimitri Foulquier,Valencia CF,2025-26,DF,33,1148,0,0,2026-05-24,2026-06-05,0.9
175446,Jonny Otto,Deportivo Alavés,2025-26,DF,32,2998,0,0,2026-05-24,2026-06-05,2.2
175449,Moi Gómez,CA Osasuna,2025-26,MF,31,1197,0,2,2026-05-24,2026-06-05,1.5
176553,Aymeric Laporte,Athletic Bilbao,2025-26,DF,31,2060,0,2,2026-05-24,2026-06-05,8.0
177452,Abdón Prats,RCD Mallorca,2025-26,FW,33,131,0,0,2026-05-24,2026-06-05,0.8
177467,Gerard Moreno,Villarreal CF,2025-26,FW,34,1350,10,0,2026-05-24,2026-06-05,2.5
177847,Adnan Januzaj,Sevilla FC,2025-26,FW,31,315,0,0,2026-05-24,2026-06-05,1.0
182712,João Cancelo,FC Barcelona,2025-26,DF,31,953,2,3,2026-05-24,2026-06-05,8.0
182904,Clément Lenglet,Atlético de Madrid,2025-26,DF,30,1393,0,1,2026-05-24,2026-06-05,4.0
188888,Sheraldo Becker,CA Osasuna,2025-26,FW,31,150,0,0,2026-05-24,2026-05-27,1.5
191217,Héctor Bellerín,Real Betis Balompié,2025-26,DF,31,1821,2,3,2026-05-24,2026-06-05,2.4
192009,Unai López,Rayo Vallecano,2025-26,MF,30,1619,0,4,2026-05-24,2026-06-05,2.5
193098,Álex Moreno,Girona FC,2025-26,DF,32,2558,0,3,2026-05-24,2026-06-05,3.0
195488,Paulo Gazzaniga,Girona FC,2025-26,GK,34,3103,0,0,2026-05-24,2026-06-05,1.8
196948,Andreas Christensen,FC Barcelona,2025-26,DF,30,404,0,0,2026-05-24,2026-06-05,8.0
198008,André Silva,Elche CF,2025-26,FW,30,1853,10,0,2026-05-24,2026-06-05,3.0
203043,Pedro Bigas,Elche CF,2025-26,DF,36,2069,1,3,2026-05-24,2026-06-05,0.3
205562,Thomas Lemar,Girona FC,2025-26,MF,30,1259,3,1,2026-05-24,2026-06-05,1.8
212723,Djibril Sow,Sevilla FC,2025-26,MF,29,2195,5,4,2026-05-24,2026-06-05,7.5
212862,Álex Remiro,Real Sociedad,2025-26,GK,31,3330,0,0,2026-05-24,2026-06-05,9.0
213260,Rubén García,CA Osasuna,2025-26,FW,32,2247,2,5,2026-05-24,2026-06-05,1.6
213670,Lucas Torró,CA Osasuna,2025-26,MF,31,2307,0,1,2026-05-24,2026-06-05,2.5
216870,Nacho Vidal,Real Oviedo,2025-26,DF,31,2272,0,0,2026-05-24,2026-06-05,1.2
217115,Neal Maupay,Sevilla FC,2025-26,FW,29,871,2,1,2026-05-24,2026-06-05,4.0
217144,Aleix Febas,Elche CF,2025-26,MF,30,3166,2,2,2026-05-24,2026-06-05,5.0
221150,Dakonam Djené,Getafe CF,2025-26,DF,34,2585,0,0,2026-05-24,2026-06-05,1.4
221322,José Gayà,Valencia CF,2025-26,DF,30,2462,1,2,2026-05-24,2026-06-05,4.0
225020,Mariano Díaz,Deportivo Alavés,2025-26,FW,32,282,0,0,2026-05-24,2026-06-05,0.3
225122,Gonçalo Guedes,Real Sociedad,2025-26,FW,29,1832,8,4,2026-05-24,2026-06-05,6.0
225593,Pere Milla,RCD Espanyol Barcelona,2025-26,FW,33,1988,7,1,2026-05-24,2026-06-05,1.0
226012,David Soria,Getafe CF,2025-26,GK,33,3420,0,0,2026-05-24,2026-06-05,2.8
229804,Aritz Elustondo,Real Sociedad,2025-26,DF,32,718,0,1,2026-05-24,2026-06-05,1.5
230784,Thomas Partey,Villarreal CF,2025-26,MF,32,923,0,0,2026-05-24,2026-06-05,2.0
238266,Duje Caleta-Car,Real Sociedad,2025-26,DF,29,2150,1,0,2026-05-24,2026-06-05,2.8
238407,Alexander Sørloth,Atlético de Madrid,2025-26,FW,30,1981,13,0,2026-05-24,2026-06-05,18.0
242359,Juan Musso,Atlético de Madrid,2025-26,GK,32,720,0,0,2026-05-24,2026-06-05,3.0
243879,Charles Pickel,RCD Espanyol Barcelona,2025-26,MF,29,693,1,0,2026-05-24,2026-06-05,2.5
245744,Takuma Asano,RCD Mallorca,2025-26,FW,31,659,1,0,2026-05-24,2026-06-05,1.5
246291,Diego Llorente,Real Betis Balompié,2025-26,DF,32,1227,1,0,2026-05-24,2026-06-05,2.5
246968,Ayoze Pérez,Villarreal CF,2025-26,FW,32,1122,5,4,2026-05-24,2026-06-05,5.0
248738,Sergio Herrera,CA Osasuna,2025-26,GK,32,3285,0,0,2026-05-24,2026-06-05,2.8
249513,Diego Rico,Getafe CF,2025-26,DF,33,1754,0,0,2026-05-24,2026-06-05,1.0
250845,José María Giménez,Atlético de Madrid,2025-26,DF,31,1177,0,1,2026-05-24,2026-06-05,9.0
251876,Pablo Maffeo,RCD Mallorca,2025-26,DF,28,2672,1,2,2026-05-24,2026-06-05,3.0
252677,José Luis Morales,Levante UD,2025-26,FW,38,346,1,1,2026-05-24,2026-06-05,0.2
255488,Yeray Álvarez,Athletic Bilbao,2025-26,DF,31,514,0,0,2026-05-24,2026-06-05,0.9
255495,Unai Elgezabal,Levante UD,2025-26,DF,33,958,1,0,2026-05-24,2026-06-05,0.5
255501,Iñigo Lekue,Athletic Bilbao,2025-26,DF,33,600,0,0,2026-05-24,2026-06-05,1.0
255508,Iñaki Williams,Athletic Bilbao,2025-26,FW,31,2168,3,6,2026-05-24,2026-06-05,8.0
256267,Vedat Muriqi,RCD Mallorca,2025-26,FW,32,3137,23,1,2026-05-24,2026-06-05,4.5
257062,Álvaro García,Rayo Vallecano,2025-26,FW,33,2108,4,6,2026-05-24,2026-06-05,1.5
257376,Domingos Duarte,Getafe CF,2025-26,DF,31,2929,1,1,2026-05-24,2026-06-05,0.8
258923,Marcus Rashford,FC Barcelona,2025-26,FW,28,1762,8,9,2026-05-24,2026-06-05,40.0
258987,Carl Starfelt,Celta de Vigo,2025-26,DF,30,1492,0,0,2026-05-24,2026-06-05,4.5
261503,Álvaro Fidalgo,Real Betis Balompié,2025-26,MF,29,547,1,0,2026-05-24,2026-06-05,6.0
262396,Unai Simón,Athletic Bilbao,2025-26,GK,28,3330,0,0,2026-05-24,2026-06-05,22.0
262939,Johan Mojica,RCD Mallorca,2025-26,DF,33,2726,0,4,2026-05-24,2026-06-05,1.5
263727,Joan Jordán,Sevilla FC,2025-26,MF,31,22,0,0,2026-05-24,2026-06-05,1.0
264372,Viktor Tsygankov,Girona FC,2025-26,FW,28,2642,6,5,2026-05-24,2026-06-05,15.0
268642,Renzo Saravia,Valencia CF,2025-26,DF,32,354,0,0,2026-05-24,2026-06-05,1.4
268670,Gerard Gumbau,Rayo Vallecano,2025-26,MF,31,1172,0,3,2026-05-24,2026-06-05,1.2
271455,Mihailo Ristic,Celta de Vigo,2025-26,DF,30,256,0,0,2026-05-24,2026-06-05,0.8
275218,Augusto Batalla,Rayo Vallecano,2025-26,GK,30,3060,0,0,2026-05-24,2026-06-05,6.0
276111,David Costas,Real Oviedo,2025-26,DF,31,2064,1,0,2026-05-24,2026-06-05,1.2
277384,Martin Valjent,RCD Mallorca,2025-26,DF,30,3309,0,0,2026-05-24,2026-06-05,3.0
277533,Josan,Elche CF,2025-26,FW,36,554,0,3,2026-05-24,2026-06-05,0.1
278296,Antonio Raíllo,RCD Mallorca,2025-26,DF,34,2070,0,1,2026-05-24,2026-06-05,1.0
278359,Borja Iglesias,Celta de Vigo,2025-26,FW,33,1902,14,2,2026-05-24,2026-06-05,2.8
278837,Luis Rioja,Valencia CF,2025-26,FW,32,2636,3,6,2026-05-24,2026-06-05,1.8
280730,Álvaro Odriozola,Real Sociedad,2025-26,DF,30,202,1,0,2026-05-24,2026-06-05,0.8
281989,Luis Milla,Getafe CF,2025-26,MF,31,3277,1,10,2026-05-24,2026-06-05,3.5
282411,Marcos Llorente,Atlético de Madrid,2025-26,DF,31,2184,0,4,2026-05-24,2026-06-05,20.0
282421,Javi Muñoz,Getafe CF,2025-26,MF,31,545,0,0,2026-05-24,2026-06-05,1.2
283170,Iñaki Peña,Elche CF,2025-26,GK,27,1440,0,0,2026-05-24,2026-06-05,4.0
284430,Aarón Escandell,Real Oviedo,2025-26,GK,30,3240,0,1,2026-05-24,2026-06-05,3.0
284854,Carles Aleñá,Deportivo Alavés,2025-26,MF,28,1997,0,4,2026-05-24,2026-06-05,3.0
285323,Baptiste Santamaria,Valencia CF,2025-26,MF,31,743,1,1,2026-05-24,2026-06-05,2.5
286384,Eric Bailly,Real Oviedo,2025-26,DF,32,1236,1,0,2026-05-24,2026-06-05,1.2
286415,Pau López,Real Betis Balompié,2025-26,GK,31,810,0,0,2026-05-24,2026-06-05,2.5
287579,Sofyan Amrabat,Real Betis Balompié,2025-26,MF,29,1296,0,0,2026-05-24,2026-06-05,10.0
288255,Donny van de Beek,Girona FC,2025-26,MF,29,41,0,0,2026-05-24,2026-06-05,1.8
289255,Andoni Gorosabel,Athletic Bilbao,2025-26,DF,29,1358,0,1,2026-05-24,2026-06-05,3.0
289257,Jon Guridi,Deportivo Alavés,2025-26,MF,31,1240,0,0,2026-05-24,2026-06-05,1.8
290249,Mauro Arambarri,Getafe CF,2025-26,MF,30,3255,6,2,2026-05-24,2026-06-05,8.0
291417,Ferland Mendy,Real Madrid,2025-26,DF,30,206,0,0,2026-05-24,2026-06-05,4.0
293385,Dani Olmo,FC Barcelona,2025-26,MF,28,2077,7,8,2026-05-24,2026-06-05,60.0
293388,Oriol Rey,Levante UD,2025-26,MF,28,1319,0,1,2026-05-24,2026-06-05,1.8
298197,Antonio Sivera,Deportivo Alavés,2025-26,GK,29,3420,0,0,2026-05-24,2026-06-05,6.0
298575,Kike Barja,CA Osasuna,2025-26,FW,29,424,2,2,2026-05-24,2026-06-05,1.5
298583,Eray Cömert,Valencia CF,2025-26,DF,28,1339,2,1,2026-05-24,2026-06-05,2.5
298976,Borja Mayoral,Getafe CF,2025-26,FW,29,1059,4,1,2026-05-24,2026-06-05,6.0
300168,Mikel Vesga,Athletic Bilbao,2025-26,MF,33,444,0,0,2026-05-24,2026-06-05,1.2
302371,Toni Martínez,Deportivo Alavés,2025-26,FW,28,2730,14,3,2026-05-24,2026-06-05,7.5
303259,Dodi Lukébakio,Sevilla FC,2025-26,FW,28,180,1,0,2026-05-24,2026-05-28,15.0
303657,Ionuț Radu,Celta de Vigo,2025-26,GK,28,3420,0,0,2026-05-24,2026-06-05,9.0
309110,Brais Méndez,Real Sociedad,2025-26,MF,29,1671,6,2,2026-05-24,2026-06-05,8.0
311044,Alfonso Espino,Rayo Vallecano,2025-26,DF,34,1481,2,0,2026-05-24,2026-06-05,0.9
314353,Trent Alexander-Arnold,Real Madrid,2025-26,DF,27,1164,0,4,2026-05-24,2026-06-05,60.0
314678,Brahim Díaz,Real Madrid,2025-26,FW,26,1252,1,8,2026-05-24,2026-06-05,35.0
319745,Dani Ceballos,Real Madrid,2025-26,MF,29,482,0,0,2026-05-24,2026-06-05,7.0
320271,Toni Lato,RCD Mallorca,2025-26,DF,28,585,0,1,2026-05-24,2026-06-05,1.4
326330,Frenkie de Jong,FC Barcelona,2025-26,MF,29,1631,1,5,2026-05-24,2026-06-05,35.0
326416,Dani Calvo,Real Oviedo,2025-26,DF,32,1609,0,0,2026-05-24,2026-06-05,0.9
328480,Pepelu,Valencia CF,2025-26,MF,27,2234,2,0,2026-05-24,2026-06-05,8.0
331505,Óscar Mingueza,Celta de Vigo,2025-26,DF,27,1968,1,4,2026-05-24,2026-06-05,18.0
334222,Lucas Boyé,Deportivo Alavés,2025-26,FW,30,1959,11,1,2026-05-24,2026-06-05,5.0
335225,Manu Morlanes,RCD Mallorca,2025-26,MF,27,1775,3,0,2026-05-24,2026-06-05,2.4
336869,Marc Roca,Real Betis Balompié,2025-26,MF,29,2025,1,1,2026-05-24,2026-06-05,4.0
337284,Ovie Ejaria,Real Oviedo,2025-26,FW,28,196,0,0,2026-05-24,2026-06-05,0.4
337715,Umar Sadiq,Valencia CF,2025-26,FW,29,1055,4,4,2026-05-24,2026-06-05,4.0
338285,Unai Núñez,Valencia CF,2025-26,DF,29,912,0,1,2026-05-24,2026-06-05,3.5
338425,Álex Berenguer,Athletic Bilbao,2025-26,FW,30,2164,2,3,2026-05-24,2026-06-05,4.0
339816,Tete Morente,Elche CF,2025-26,FW,29,933,1,1,2026-05-24,2026-06-05,1.8
340205,Gorka Guruzeta,Athletic Bilbao,2025-26,FW,29,2370,10,3,2026-05-24,2026-06-05,5.0
340376,Abel Ruiz,Girona FC,2025-26,FW,26,178,0,0,2026-05-24,2026-06-05,2.0
341263,Adrián Dela,Levante UD,2025-26,DF,27,2710,3,1,2026-05-24,2026-06-05,4.0
341264,Fran García,Real Madrid,2025-26,DF,26,930,1,1,2026-05-24,2026-06-05,10.0
341277,Sergio Lozano,Levante UD,2025-26,MF,27,11,0,0,2026-05-24,2026-06-04,1.5
341278,Iván Martín,Girona FC,2025-26,MF,27,2540,0,1,2026-05-24,2026-06-05,5.0
342048,Grady Diangana,Elche CF,2025-26,FW,28,929,1,0,2026-05-24,2026-06-05,2.0
342229,Kylian Mbappé,Real Madrid,2025-26,FW,27,2606,25,5,2026-05-24,2026-06-05,180.0
342385,Guido Rodríguez,Valencia CF,2025-26,MF,32,1308,4,0,2026-05-24,2026-06-05,4.0
343052,Nicolas Pépé,Villarreal CF,2025-26,FW,30,2397,8,10,2026-05-24,2026-06-05,6.0
345886,Rubén Vargas,Sevilla FC,2025-26,FW,27,1610,3,6,2026-05-24,2026-06-05,12.0
345911,Ladislav Krejci,Girona FC,2025-26,DF,27,180,0,0,2026-05-24,2026-06-03,22.0
346289,Mouctar Diakhaby,Valencia CF,2025-26,DF,29,544,1,0,2026-05-24,2026-06-05,1.5
348795,Giovani Lo Celso,Real Betis Balompié,2025-26,MF,30,1397,2,3,2026-05-24,2026-06-05,8.0
349884,Lucas Ahijado,Real Oviedo,2025-26,DF,31,1092,0,1,2026-05-24,2026-06-05,0.6
351478,Mikel Oyarzabal,Real Sociedad,2025-26,FW,29,2715,15,4,2026-05-24,2026-06-05,25.0
351809,Robin Le Normand,Atlético de Madrid,2025-26,DF,29,1783,1,1,2026-05-24,2026-06-05,20.0
355628,Igor Zubeldia,Real Sociedad,2025-26,DF,29,2082,0,1,2026-05-24,2026-06-05,6.0
355861,Arnaut Danjuma,Valencia CF,2025-26,FW,29,1627,3,2,2026-05-24,2026-06-05,3.0
356197,Alfonso Pedraza,Villarreal CF,2025-26,DF,30,1690,1,3,2026-05-24,2026-06-05,2.5
357628,Alfon González,Villarreal CF,2025-26,FW,27,639,2,0,2026-05-24,2026-06-05,3.0
357884,Fernando Calero,RCD Espanyol Barcelona,2025-26,DF,30,2150,0,0,2026-05-24,2026-06-05,2.0
357885,Pablo Fornals,Real Betis Balompié,2025-26,MF,30,2866,9,6,2026-05-24,2026-06-05,8.0
358032,Cyril Ngonge,RCD Espanyol Barcelona,2025-26,FW,25,426,0,2,2026-05-24,2026-06-05,7.0
358250,Joseph Aidoo,Celta de Vigo,2025-26,DF,30,639,0,0,2026-05-24,2026-06-05,1.0
361254,Rafa Mir,Elche CF,2025-26,FW,28,1810,8,0,2026-05-24,2026-06-05,4.0
362086,Isi Palazón,Rayo Vallecano,2025-26,FW,31,2263,3,3,2026-05-24,2026-06-05,2.8
363057,Pedro Díaz,Rayo Vallecano,2025-26,MF,27,1870,0,1,2026-05-24,2026-06-05,3.0
366930,Sergio Gómez,Real Sociedad,2025-26,DF,25,2706,0,6,2026-05-24,2026-06-05,15.0
367466,Thierry Correia,Valencia CF,2025-26,DF,27,1394,0,2,2026-05-24,2026-06-05,2.5
369081,Federico Valverde,Real Madrid,2025-26,MF,27,2747,5,8,2026-05-24,2026-06-05,90.0
371371,Marash Kumbulla,RCD Mallorca,2025-26,DF,26,438,0,0,2026-05-24,2026-06-05,3.0
371998,Vinicius Junior,Real Madrid,2025-26,FW,25,2825,16,6,2026-05-24,2026-06-05,140.0
372246,Carlos Soler,Real Sociedad,2025-26,MF,29,2326,4,3,2026-05-24,2026-06-05,7.0
374139,Junior Firpo,Real Betis Balompié,2025-26,DF,29,832,0,1,2026-05-24,2026-06-05,3.5
375382,André Almeida,Valencia CF,2025-26,MF,25,1016,0,2,2026-05-24,2026-06-05,6.0
378139,Aitor Ruibal,Real Betis Balompié,2025-26,FW,30,1814,4,2,2026-05-24,2026-06-05,4.0
378293,Yangel Herrera,Real Sociedad,2025-26,MF,28,638,0,1,2026-05-24,2026-06-05,6.0
380598,Santi Comesaña,Villarreal CF,2025-26,MF,29,2413,3,6,2026-05-24,2026-06-05,8.0
385105,Gabriel Suazo,Sevilla FC,2025-26,DF,28,2096,0,2,2026-05-24,2026-06-05,6.0
388513,Mateu Morey,RCD Mallorca,2025-26,DF,26,700,1,0,2026-05-24,2026-06-05,1.4
390688,Juan Iglesias,Getafe CF,2025-26,DF,27,3189,1,2,2026-05-24,2026-06-05,5.0
394236,Filip Ugrinic,Valencia CF,2025-26,MF,27,1507,0,3,2026-05-24,2026-06-05,6.0
395122,Santiago Colombatto,Real Oviedo,2025-26,MF,29,2070,0,1,2026-05-24,2026-06-05,2.5
395234,Batista Mendy,Sevilla FC,2025-26,MF,26,1619,1,0,2026-05-24,2026-06-05,7.5
396638,Manor Solomon,Villarreal CF,2025-26,FW,26,146,1,1,2026-05-24,2026-05-29,8.0
397676,Dani Cárdenas,Rayo Vallecano,2025-26,GK,29,360,0,0,2026-05-24,2026-06-05,1.8
398163,Gonzalo Villar,Elche CF,2025-26,MF,28,718,1,0,2026-05-24,2026-06-05,1.8
398184,Ferran Torres,FC Barcelona,2025-26,FW,26,1975,16,2,2026-05-24,2026-06-05,50.0
401530,Éder Militão,Real Madrid,2025-26,DF,28,1142,2,1,2026-05-24,2026-06-05,20.0
404418,Dávid Hancko,Atlético de Madrid,2025-26,DF,28,2433,0,2,2026-05-24,2026-06-05,35.0
404839,Andriy Lunin,Real Madrid,2025-26,GK,27,540,0,0,2026-05-24,2026-06-05,12.0
405398,Takefusa Kubo,Real Sociedad,2025-26,FW,24,1509,2,4,2026-05-24,2026-06-05,20.0
405885,Giacomo Raspadori,Atlético de Madrid,2025-26,FW,26,226,0,2,2026-05-24,2026-05-29,22.0
406040,Ademola Lookman,Atlético de Madrid,2025-26,FW,28,622,4,0,2026-05-24,2026-06-05,40.0
408471,Javi Puado,RCD Espanyol Barcelona,2025-26,FW,27,678,2,0,2026-05-24,2026-06-05,7.5
411295,Raphinha,FC Barcelona,2025-26,FW,29,1389,13,3,2026-05-24,2026-06-05,70.0
411975,Jules Koundé,FC Barcelona,2025-26,DF,27,2261,1,3,2026-05-24,2026-06-05,60.0
412045,Pol Lozano,RCD Espanyol Barcelona,2025-26,MF,26,2170,2,1,2026-05-24,2026-06-05,6.0
412363,Rodrygo,Real Madrid,2025-26,FW,25,676,1,4,2026-05-24,2026-06-05,45.0
412829,Léo Pétrot,Elche CF,2025-26,DF,29,1568,0,0,2026-05-24,2026-06-05,1.5
413112,Aurélien Tchouaméni,Real Madrid,2025-26,MF,26,2623,1,0,2026-05-24,2026-06-05,70.0
413262,Dani Raba,Valencia CF,2025-26,FW,30,264,0,1,2026-05-24,2026-06-05,1.2
417913,Álvaro Valles,Real Betis Balompié,2025-26,GK,28,2520,0,0,2026-05-24,2026-06-05,7.0
419648,Veljko Birmancevic,Getafe CF,2025-26,FW,28,138,0,0,2026-05-24,2026-06-05,3.5
423444,Fran Beltrán,Girona FC,2025-26,MF,27,1544,1,0,2026-05-24,2026-06-05,4.0
424042,Nahuel Molina,Atlético de Madrid,2025-26,DF,28,1321,2,2,2026-05-24,2026-06-05,15.0
429790,Luka Ilic,Real Oviedo,2025-26,MF,26,738,1,0,2026-05-24,2026-06-05,1.4
431190,Carlos Protesoni,Deportivo Alavés,2025-26,MF,28,318,0,0,2026-05-24,2026-06-05,1.0
439022,Marcão,Sevilla FC,2025-26,DF,29,937,1,0,2026-05-24,2026-06-05,2.5
441170,Valentin Rosier,CA Osasuna,2025-26,DF,29,2554,1,1,2026-05-24,2026-06-05,3.0
448628,Javi Galán,CA Osasuna,2025-26,DF,31,1807,0,1,2026-05-24,2026-06-05,1.8
449796,Alejandro Catena,CA Osasuna,2025-26,DF,31,3073,3,2,2026-05-24,2026-06-05,2.6
451801,Abdul Mumin,Rayo Vallecano,2025-26,DF,27,78,0,0,2026-05-24,2026-06-05,3.0
452483,David Affengruber,Elche CF,2025-26,DF,25,2953,1,1,2026-05-24,2026-06-05,20.0
455181,Jorge de Frutos,Rayo Vallecano,2025-26,FW,29,2485,10,1,2026-05-24,2026-06-05,12.0
457931,Luiz Felipe,Rayo Vallecano,2025-26,DF,29,470,0,0,2026-05-24,2026-06-05,2.0
459463,Cucho Hernández,Real Betis Balompié,2025-26,FW,27,2595,11,3,2026-05-24,2026-06-05,18.0
461617,Rodrigo Riquelme,Real Betis Balompié,2025-26,FW,26,811,1,1,2026-05-24,2026-06-05,4.0
462070,Nicolás Fonseca,Real Oviedo,2025-26,MF,27,1020,0,0,2026-05-24,2026-06-05,3.0
465967,Ander Guevara,Deportivo Alavés,2025-26,MF,28,635,1,1,2026-05-24,2026-06-05,2.5
466783,Arnau Tenas,Villarreal CF,2025-26,GK,24,900,0,0,2026-05-24,2026-06-05,4.0
466794,Eric García,FC Barcelona,2025-26,DF,25,2730,1,2,2026-05-24,2026-06-05,40.0
466801,Sergi Altimira,Real Betis Balompié,2025-26,MF,24,1182,1,2,2026-05-24,2026-06-05,20.0
469669,Yvan Neyou,Getafe CF,2025-26,MF,29,65,0,0,2026-05-24,2026-06-04,2.0
480267,Ronald Araujo,FC Barcelona,2025-26,DF,27,1061,3,0,2026-05-24,2026-06-05,20.0
480763,Juan Foyth,Villarreal CF,2025-26,DF,28,936,0,0,2026-05-24,2026-06-05,8.0
484988,Logan Costa,Villarreal CF,2025-26,DF,25,28,0,0,2026-05-24,2026-06-05,15.0
485963,Pape Gueye,Villarreal CF,2025-26,MF,27,2143,5,2,2026-05-24,2026-06-05,40.0
486031,Nico González (486031),Atlético de Madrid,2025-26,FW,28,1454,5,0,2026-05-24,2026-06-05,22.0
488362,Conor Gallagher,Atlético de Madrid,2025-26,MF,26,665,2,0,2026-05-24,2026-06-03,32.0
488626,Jesús Areso,Athletic Bilbao,2025-26,DF,26,1504,0,1,2026-05-24,2026-06-05,5.0
490606,Lucas Bergström,RCD Mallorca,2025-26,GK,23,450,0,0,2026-05-24,2026-06-05,1.4
495621,Antonio Blanco,Deportivo Alavés,2025-26,MF,25,3117,2,3,2026-05-24,2026-06-05,10.0
495625,Víctor Chust,Elche CF,2025-26,DF,26,2165,1,0,2026-05-24,2026-06-05,3.5
498237,David Carmo,Real Oviedo,2025-26,DF,26,1787,1,0,2026-05-24,2026-06-05,5.0
500067,Chidera Ejuke,Sevilla FC,2025-26,FW,28,922,1,1,2026-05-24,2026-06-05,4.0
501418,Adrià Pedrosa,Elche CF,2025-26,DF,28,1084,1,1,2026-05-24,2026-06-05,2.8
502722,Luka Sucic,Real Sociedad,2025-26,MF,23,1019,3,1,2026-05-24,2026-06-05,10.0
505493,Diego Pampín,Levante UD,2025-26,DF,26,534,0,0,2026-05-24,2026-06-05,1.0
505674,Sergio Camello,Rayo Vallecano,2025-26,FW,25,818,5,1,2026-05-24,2026-06-05,3.0
506248,Edu Expósito,RCD Espanyol Barcelona,2025-26,MF,29,2542,1,6,2026-05-24,2026-06-05,5.0
513031,Antonio Sánchez,RCD Mallorca,2025-26,MF,29,1061,0,0,2026-05-24,2026-06-05,2.0
517753,Óscar Valentín,Rayo Vallecano,2025-26,MF,31,2115,1,0,2026-05-24,2026-06-05,2.0
517842,Aihen Muñoz,Real Sociedad,2025-26,DF,28,843,1,0,2026-05-24,2026-06-05,2.5
518644,Largie Ramazani,Valencia CF,2025-26,FW,25,1226,6,1,2026-05-24,2026-06-05,8.0
520840,José Copete,Valencia CF,2025-26,DF,26,1761,0,0,2026-05-24,2026-06-05,5.0
524000,Dani Vivian,Athletic Bilbao,2025-26,DF,26,2563,1,0,2026-05-24,2026-06-05,20.0
525140,Goduine Koyalipou,Levante UD,2025-26,FW,26,239,1,0,2026-05-24,2026-06-01,2.5
525438,Horațiu Moldovan,Real Oviedo,2025-26,GK,28,180,0,0,2026-05-24,2026-06-05,1.8
525578,Pathé Ciss,Rayo Vallecano,2025-26,MF,32,1994,2,1,2026-05-24,2026-06-05,1.8
526050,Kervin Arriaga,Levante UD,2025-26,MF,28,1526,3,3,2026-05-24,2026-06-05,2.0
527966,Andrei Rațiu,Rayo Vallecano,2025-26,DF,27,2804,0,4,2026-05-24,2026-06-05,18.0
531404,Marc Aguado,Elche CF,2025-26,MF,26,2514,1,2,2026-05-24,2026-06-05,3.5
533568,Nahuel Tenaglia,Deportivo Alavés,2025-26,DF,30,3240,2,1,2026-05-24,2026-06-05,3.0
537382,Bryan Gil,Girona FC,2025-26,FW,25,1587,0,3,2026-05-24,2026-06-05,8.0
538006,Kwasi Sibo,Real Oviedo,2025-26,MF,27,1686,0,0,2026-05-24,2026-06-05,1.4
538996,Tanguy Nianzou,Sevilla FC,2025-26,DF,23,646,0,0,2026-05-24,2026-06-05,1.2
541555,Enzo Boyomo,CA Osasuna,2025-26,DF,24,2545,1,2,2026-05-24,2026-06-05,15.0
545647,Sergio Carreira,Celta de Vigo,2025-26,DF,25,2693,2,1,2026-05-24,2026-06-05,12.0
548111,Álex Baena,Atlético de Madrid,2025-26,FW,24,1572,2,3,2026-05-24,2026-06-05,40.0
548188,Germán Valera,Elche CF,2025-26,FW,24,2871,4,5,2026-05-24,2026-06-05,6.0
549027,Martim Neto,Elche CF,2025-26,MF,23,1351,2,5,2026-05-24,2026-06-05,4.0
552425,Jon Moncayola,CA Osasuna,2025-26,MF,28,3029,0,4,2026-05-24,2026-06-05,7.0
555143,Arsen Zakharyan,Real Sociedad,2025-26,MF,22,448,0,0,2026-05-24,2026-06-05,9.0
555500,Jorge Herrando,CA Osasuna,2025-26,DF,25,1598,0,2,2026-05-24,2026-06-05,3.5
557057,Roger Brugué,Levante UD,2025-26,FW,29,1007,1,1,2026-05-24,2026-06-05,2.0
559979,Abdel Abqar,Getafe CF,2025-26,DF,27,1441,0,2,2026-05-24,2026-06-05,3.5
560417,Alemão,Rayo Vallecano,2025-26,FW,28,1133,4,0,2026-05-24,2026-06-05,4.0
560483,Randy Nteka,Rayo Vallecano,2025-26,MF,28,367,3,0,2026-05-24,2026-06-05,1.0
560705,Álex Sancris,Getafe CF,2025-26,FW,29,705,0,1,2026-05-24,2026-06-05,1.5
561613,Joan García,FC Barcelona,2025-26,GK,25,2700,0,0,2026-05-24,2026-06-05,45.0
562742,Leo Román,RCD Mallorca,2025-26,GK,25,2970,0,0,2026-05-24,2026-06-05,6.0
563137,Robert Navarro,Athletic Bilbao,2025-26,FW,24,1293,6,1,2026-05-24,2026-06-05,6.0
568157,Yéremy Pino,Villarreal CF,2025-26,FW,23,160,0,1,2026-05-24,2026-06-03,30.0
568158,Javi López,Real Oviedo,2025-26,DF,24,1713,0,1,2026-05-24,2026-06-05,5.0
568835,Pablo Martínez,Levante UD,2025-26,MF,28,1864,1,5,2026-05-24,2026-06-05,3.0
569384,Lucien Agoumé,Sevilla FC,2025-26,MF,24,2693,1,3,2026-05-24,2026-06-05,15.0
571020,Oihan Sancet,Athletic Bilbao,2025-26,MF,26,1804,4,0,2026-05-24,2026-06-05,25.0
573775,Hugo Duro,Valencia CF,2025-26,FW,26,1982,10,0,2026-05-24,2026-06-05,12.0
576024,Julián Alvarez,Atlético de Madrid,2025-26,FW,26,1903,8,4,2026-05-24,2026-06-05,100.0
576028,Thiago Almada,Atlético de Madrid,2025-26,FW,25,1312,3,1,2026-05-24,2026-06-05,15.0
578419,Federico Viñas,Real Oviedo,2025-26,FW,27,2451,9,1,2026-05-24,2026-06-05,4.0
580560,Jon Pacheco,Deportivo Alavés,2025-26,DF,25,1734,0,0,2026-05-24,2026-06-05,5.0
581326,Ville Koski,Deportivo Alavés,2025-26,DF,24,281,0,0,2026-05-24,2026-06-05,1.5
581678,Jude Bellingham,Real Madrid,2025-26,MF,22,1918,6,4,2026-05-24,2026-06-05,130.0
583510,Miguel Rubio,RCD Espanyol Barcelona,2025-26,DF,28,198,1,0,2026-05-24,2026-06-05,1.5
590690,Víctor García,Levante UD,2025-26,FW,28,1040,2,1,2026-05-24,2026-06-05,1.5
591916,Aitor Paredes,Athletic Bilbao,2025-26,DF,26,1629,2,0,2026-05-24,2026-06-05,7.5
591957,Victor Parada,Deportivo Alavés,2025-26,DF,24,2152,0,3,2026-05-24,2026-06-05,4.0
593412,Ilyas Chaira,Real Oviedo,2025-26,FW,25,2461,6,2,2026-05-24,2026-06-05,4.0
593482,Azzedine Ounahi,Girona FC,2025-26,MF,26,1766,5,3,2026-05-24,2026-06-05,10.0
596122,Pep Chavarría,Rayo Vallecano,2025-26,DF,28,2681,1,2,2026-05-24,2026-06-05,10.0
599231,Ferran Jutglà,Celta de Vigo,2025-26,FW,27,1663,9,3,2026-05-24,2026-06-05,10.0
602105,Antony,Real Betis Balompié,2025-26,FW,26,2460,8,6,2026-05-24,2026-06-05,40.0
603696,Alberto Reina,Real Oviedo,2025-26,MF,28,2480,4,1,2026-05-24,2026-06-05,2.0
607034,Akor Adams,Sevilla FC,2025-26,FW,26,2060,10,3,2026-05-24,2026-06-05,15.0
610083,Unai Vencedor,Levante UD,2025-26,MF,25,818,0,0,2026-05-24,2026-06-05,1.6
610622,Urko Izeta,Athletic Bilbao,2025-26,FW,26,182,1,0,2026-05-24,2026-06-05,1.4
616369,Ander Barrenetxea,Real Sociedad,2025-26,FW,24,1769,3,5,2026-05-24,2026-06-05,18.0
616631,Matteo Ruggeri,Atlético de Madrid,2025-26,DF,23,1775,0,3,2026-05-24,2026-06-05,28.0
617059,Pablo Campos,Levante UD,2025-26,GK,24,180,0,0,2026-05-24,2026-06-05,1.5
617074,Ilaix Moriba,Celta de Vigo,2025-26,MF,23,2489,2,3,2026-05-24,2026-06-05,15.0
617081,Diego López (617081),Valencia CF,2025-26,FW,24,1763,4,1,2026-05-24,2026-06-05,9.0
618809,Manu Sánchez,Levante UD,2025-26,DF,25,2818,1,2,2026-05-24,2026-06-05,6.0
618813,Carlos Martín,Rayo Vallecano,2025-26,FW,24,452,0,0,2026-05-24,2026-06-05,1.5
620164,Haissem Hassan,Real Oviedo,2025-26,FW,24,1943,0,3,2026-05-24,2026-06-05,3.5
620696,Ibrahim Diabate,Deportivo Alavés,2025-26,FW,26,581,2,0,2026-05-24,2026-06-05,1.5
622988,Fran Pérez,Rayo Vallecano,2025-26,FW,23,1233,2,1,2026-05-24,2026-06-05,2.5
623024,Jesús Vázquez,Valencia CF,2025-26,DF,23,961,0,0,2026-05-24,2026-06-05,4.0
624942,Raúl Moro,CA Osasuna,2025-26,FW,23,623,0,2,2026-05-24,2026-06-05,3.5
625014,Julen Agirrezabala,Valencia CF,2025-26,GK,25,1620,0,0,2026-05-24,2026-06-05,9.0
625047,Beñat Prados,Athletic Bilbao,2025-26,MF,25,85,0,0,2026-05-24,2026-06-05,15.0
625651,Urko González de Zárate,RCD Espanyol Barcelona,2025-26,MF,25,2631,0,1,2026-05-24,2026-06-05,12.0
625657,Unai Marrero,Real Sociedad,2025-26,GK,24,90,0,0,2026-05-24,2026-06-05,1.0
625660,Jon Ander Olasagasti,Levante UD,2025-26,MF,25,1730,1,5,2026-05-24,2026-06-05,2.5
626953,Álvaro Núñez,Elche CF,2025-26,DF,25,1984,0,2,2026-05-24,2026-06-05,4.0
627290,John Donald,Elche CF,2025-26,DF,25,652,1,0,2026-05-24,2026-06-05,1.0
628366,Lucas Beltrán,Valencia CF,2025-26,FW,25,1366,1,2,2026-05-24,2026-06-05,8.0
628487,Ángel Fortuño,RCD Espanyol Barcelona,2025-26,GK,24,90,0,0,2026-05-24,2026-06-05,0.3
628498,Jofre Carreras,RCD Espanyol Barcelona,2025-26,FW,24,921,1,0,2026-05-24,2026-06-05,3.0
628886,Iván Romero,Levante UD,2025-26,FW,25,2280,7,2,2026-05-24,2026-06-05,8.0
631002,Raúl García (631002),CA Osasuna,2025-26,FW,25,1013,7,1,2026-05-24,2026-06-05,3.0
631821,Vladyslav Vanat,Girona FC,2025-26,FW,24,1960,9,1,2026-05-24,2026-06-05,15.0
632741,Iker Losada,Levante UD,2025-26,FW,24,898,3,1,2026-05-24,2026-06-05,1.8
632896,Alejandro Francés,Girona FC,2025-26,DF,23,1110,0,2,2026-05-24,2026-06-05,3.0
634131,Aimar Oroz,CA Osasuna,2025-26,MF,24,2154,0,2,2026-05-24,2026-06-05,7.5
634431,Beñat Turrientes,Real Sociedad,2025-26,MF,24,1347,0,3,2026-05-24,2026-06-05,10.0
636093,Carlos Domínguez,Celta de Vigo,2025-26,DF,25,610,0,0,2026-05-24,2026-06-05,2.0
636688,Alejandro Balde,FC Barcelona,2025-26,DF,22,1875,0,2,2026-05-24,2026-06-05,50.0
636695,Marc Casadó,FC Barcelona,2025-26,MF,22,981,0,1,2026-05-24,2026-06-05,18.0
636703,Fermín López,FC Barcelona,2025-26,MF,23,1798,6,9,2026-05-24,2026-06-05,100.0
638124,Manu Fernández,Celta de Vigo,2025-26,DF,25,759,0,0,2026-05-24,2026-06-05,1.5
638793,Tajon Buchanan,Villarreal CF,2025-26,FW,27,1821,7,1,2026-05-24,2026-06-05,12.0
639733,Peque Fernández,Sevilla FC,2025-26,FW,23,978,2,1,2026-05-24,2026-06-05,3.0
640109,Martín Satriano,Getafe CF,2025-26,FW,25,1607,6,1,2026-05-24,2026-06-05,10.0
640428,Eduardo Camavinga,Real Madrid,2025-26,MF,23,1526,1,0,2026-05-24,2026-06-05,50.0
646740,Gavi,FC Barcelona,2025-26,MF,21,574,0,1,2026-05-24,2026-06-05,30.0
646824,Manuel Ángel,Real Madrid,2025-26,MF,22,95,0,0,2026-05-24,2026-06-05,5.0
647435,Tyrhys Dolan,RCD Espanyol Barcelona,2025-26,FW,24,2433,2,6,2026-05-24,2026-06-05,10.0
652331,Javi Rueda,Celta de Vigo,2025-26,DF,24,1405,2,6,2026-05-24,2026-06-05,6.0
657430,Samú Costa,RCD Mallorca,2025-26,MF,25,2707,7,2,2026-05-24,2026-06-05,15.0
658115,Abel Bretones,CA Osasuna,2025-26,DF,25,1619,1,2,2026-05-24,2026-06-05,3.5
660438,Orri Óskarsson,Real Sociedad,2025-26,FW,21,830,9,0,2026-05-24,2026-06-05,20.0
660735,Federico Gattoni,Sevilla FC,2025-26,DF,27,9,0,0,2026-05-24,2026-06-05,0.8
661145,Jon Aramburu,Real Sociedad,2025-26,DF,23,2779,1,0,2026-05-24,2026-06-05,15.0
662261,Rafa Marín,Villarreal CF,2025-26,DF,24,1980,1,0,2026-05-24,2026-06-05,12.0
666547,Zito Luvumbo,RCD Mallorca,2025-26,FW,24,509,0,2,2026-05-24,2026-06-05,3.0
668179,Carlos Álvarez,Levante UD,2025-26,MF,22,1898,3,1,2026-05-24,2026-06-05,15.0
668183,Nico Serrano,Athletic Bilbao,2025-26,FW,23,357,1,0,2026-05-24,2026-06-05,1.5
676042,Juanlu Sánchez,Sevilla FC,2025-26,DF,22,1994,0,3,2026-05-24,2026-06-05,10.0
678406,Sergi Cardona,Villarreal CF,2025-26,DF,26,1965,1,4,2026-05-24,2026-06-05,9.0
683840,Pedri,FC Barcelona,2025-26,MF,23,2110,2,9,2026-05-24,2026-06-05,150.0
687609,Isaac Romero,Sevilla FC,2025-26,FW,26,1490,4,2,2026-05-24,2026-06-05,5.0
689505,Johnny Cardoso,Atlético de Madrid,2025-26,MF,24,892,0,0,2026-05-24,2026-06-05,20.0
692070,Clemens Riedel,RCD Espanyol Barcelona,2025-26,DF,22,1397,0,1,2026-05-24,2026-06-05,4.0
694509,Moussa Diarra,Deportivo Alavés,2025-26,DF,25,219,0,0,2026-05-24,2026-06-04,2.0
696764,Abu Kamara,Getafe CF,2025-26,FW,22,248,0,0,2026-05-24,2026-06-05,2.5
705395,Gerard Martín,FC Barcelona,2025-26,DF,24,2122,0,0,2026-05-24,2026-06-05,35.0
705813,Rubén Sánchez,RCD Espanyol Barcelona,2025-26,DF,25,805,0,1,2026-05-24,2026-06-05,1.8
706138,Javi Llabrés,RCD Mallorca,2025-26,FW,23,175,0,0,2026-05-24,2026-06-05,0.8
706947,Yago Santiago,Elche CF,2025-26,FW,23,278,0,0,2026-05-24,2026-06-05,1.0
707230,Ugo Raghouber,Levante UD,2025-26,MF,22,705,0,0,2026-05-24,2026-06-05,3.0
707274,César Tárrega,Valencia CF,2025-26,DF,24,2596,0,0,2026-05-24,2026-06-05,9.0
709187,Nico Williams,Athletic Bilbao,2025-26,FW,23,1689,6,4,2026-05-24,2026-06-05,40.0
709372,Carlos Romero,RCD Espanyol Barcelona,2025-26,DF,24,3195,6,3,2026-05-24,2026-06-05,25.0
709380,Álex Forés,Real Oviedo,2025-26,FW,25,349,0,1,2026-05-24,2026-06-05,0.7
709969,Ilias Akhomach,Rayo Vallecano,2025-26,FW,22,894,0,1,2026-05-24,2026-06-05,12.0
710671,Adama Boiro,Athletic Bilbao,2025-26,DF,23,810,0,0,2026-05-24,2026-06-05,2.5
710677,Iker Muñoz,CA Osasuna,2025-26,MF,23,949,0,0,2026-05-24,2026-06-05,2.0
710679,Iker Benito,CA Osasuna,2025-26,FW,23,155,1,0,2026-05-24,2026-06-05,1.4
711374,Jon Gorrotxategi,Real Sociedad,2025-26,MF,24,2215,1,3,2026-05-24,2026-06-05,25.0
711382,Jon Karrikaburu,Real Sociedad,2025-26,FW,23,129,0,0,2026-05-24,2026-06-05,1.8
711625,José Ángel Carmona,Sevilla FC,2025-26,DF,24,2564,1,3,2026-05-24,2026-06-05,12.0
712107,Luiz Júnior,Villarreal CF,2025-26,GK,25,2520,0,0,2026-05-24,2026-06-05,12.0
713644,Bryan Zaragoza,Celta de Vigo,2025-26,FW,24,1135,1,1,2026-05-24,2026-05-29,8.0
718034,Abde Rebbach,Deportivo Alavés,2025-26,FW,27,1493,1,4,2026-05-24,2026-06-05,2.5
719999,Andrés Castrín,Sevilla FC,2025-26,DF,22,1276,1,0,2026-05-24,2026-06-05,6.0
720038,Pablo Torre,RCD Mallorca,2025-26,MF,23,1603,4,4,2026-05-24,2026-06-05,5.0
720518,Roberto Fernández,RCD Espanyol Barcelona,2025-26,FW,23,2387,7,4,2026-05-24,2026-06-05,10.0
724520,Abde Ezzalzouli,Real Betis Balompié,2025-26,FW,24,2255,10,9,2026-05-24,2026-06-05,40.0
729814,Georges Mikautadze,Villarreal CF,2025-26,FW,25,2117,13,6,2026-05-24,2026-06-05,30.0
733576,Alberto Moleiro,Villarreal CF,2025-26,FW,22,2491,10,6,2026-05-24,2026-06-05,50.0
735568,Natan,Real Betis Balompié,2025-26,DF,25,2810,0,0,2026-05-24,2026-06-05,25.0
741142,Zaid Romero,Getafe CF,2025-26,DF,26,1350,1,0,2026-05-24,2026-06-05,2.5
741289,Youssef Enríquez,Deportivo Alavés,2025-26,DF,20,1332,0,1,2026-05-24,2026-06-05,4.0
742201,Giuliano Simeone,Atlético de Madrid,2025-26,FW,23,2110,4,6,2026-05-24,2026-06-05,40.0
743387,Stanis Idumbo,Sevilla FC,2025-26,MF,20,45,0,0,2026-05-24,2026-06-01,4.0
743951,Thiago Borbas,Real Oviedo,2025-26,FW,24,168,0,0,2026-05-24,2026-06-05,3.5
745461,Luca Koleosho,RCD Espanyol Barcelona,2025-26,FW,21,60,0,0,2026-05-24,2026-06-01,6.0
764859,Williot Swedberg,Celta de Vigo,2025-26,FW,22,1268,5,5,2026-05-24,2026-06-05,20.0
765467,Jozhua Vertrouwd,Rayo Vallecano,2025-26,DF,21,441,0,0,2026-05-24,2026-06-05,2.0
766583,Kike Salas,Sevilla FC,2025-26,DF,24,2203,2,0,2026-05-24,2026-06-05,14.0
766723,Manu Bueno,Sevilla FC,2025-26,MF,21,270,0,0,2026-05-24,2026-06-05,1.5
775605,Pablo Barrios,Atlético de Madrid,2025-26,MF,22,1666,1,1,2026-05-24,2026-06-05,55.0
780630,Willy Kambwala,Villarreal CF,2025-26,DF,21,86,0,0,2026-05-24,2026-06-05,3.0
783396,Ramón Terrats,RCD Espanyol Barcelona,2025-26,MF,25,1023,1,2,2026-05-24,2026-06-05,3.0
785353,Pablo Ibáñez,Deportivo Alavés,2025-26,MF,27,2248,1,1,2026-05-24,2026-06-05,4.0
792331,Roony Bardghji,FC Barcelona,2025-26,FW,20,640,1,1,2026-05-24,2026-06-05,15.0
798114,Calebe,Deportivo Alavés,2025-26,MF,26,753,0,0,2026-05-24,2026-06-05,1.8
805714,Renato Veiga,Villarreal CF,2025-26,DF,22,2478,0,0,2026-05-24,2026-06-05,25.0
811778,Álvaro Carreras,Real Madrid,2025-26,DF,23,2334,2,3,2026-05-24,2026-06-05,50.0
819590,José Salinas,RCD Espanyol Barcelona,2025-26,DF,25,249,0,0,2026-05-24,2026-06-05,2.0
822331,Omar El Hilali,RCD Espanyol Barcelona,2025-26,DF,22,2828,0,2,2026-05-24,2026-06-05,15.0
826224,Arnau Martínez,Girona FC,2025-26,DF,23,2678,2,3,2026-05-24,2026-06-05,10.0
834483,Álex Padilla,Athletic Bilbao,2025-26,GK,22,90,0,0,2026-05-24,2026-06-05,3.0
834487,Hugo Rincón,Girona FC,2025-26,DF,23,1741,1,2,2026-05-24,2026-06-05,3.5
834491,Alejandro Rego,Athletic Bilbao,2025-26,MF,22,1265,1,1,2026-05-24,2026-06-05,5.0
834742,Mateo Joseph,RCD Mallorca,2025-26,FW,22,1704,2,4,2026-05-24,2026-06-05,3.5
834744,Antoniu Roca,RCD Espanyol Barcelona,2025-26,FW,23,280,0,0,2026-05-24,2026-06-05,1.8
834752,Unai Gómez,Athletic Bilbao,2025-26,MF,22,933,1,1,2026-05-24,2026-06-05,5.0
834764,Javi Guerra,Valencia CF,2025-26,MF,23,2070,4,6,2026-05-24,2026-06-05,25.0
844516,Luis Vázquez,Getafe CF,2025-26,FW,25,1205,3,1,2026-05-24,2026-06-05,2.5
844637,Marc Pubill,Atlético de Madrid,2025-26,DF,22,1382,1,1,2026-05-24,2026-06-05,35.0
861410,Arda Güler,Real Madrid,2025-26,MF,21,2027,4,9,2026-05-24,2026-06-05,90.0
861981,Alan Matturro,Levante UD,2025-26,DF,21,941,1,1,2026-05-24,2026-06-05,4.0
889435,Obed Vargas,Atlético de Madrid,2025-26,MF,20,739,0,1,2026-05-24,2026-06-05,10.0
890290,Dean Huijsen,Real Madrid,2025-26,DF,21,2037,2,2,2026-05-24,2026-06-05,60.0
892221,Hugo Sotelo,Celta de Vigo,2025-26,MF,22,1342,0,2,2026-05-24,2026-06-05,5.0
892929,Hugo Álvarez,Celta de Vigo,2025-26,FW,22,1337,4,2,2026-05-24,2026-06-05,8.0
892932,Miguel Román,Celta de Vigo,2025-26,MF,23,1310,1,0,2026-05-24,2026-06-05,15.0
895326,Joel Roca,Girona FC,2025-26,FW,20,1468,3,1,2026-05-24,2026-06-05,6.0
898352,Sebastián Boselli,Getafe CF,2025-26,DF,22,374,0,0,2026-05-24,2026-06-05,1.5
905997,Pablo Durán,Celta de Vigo,2025-26,FW,24,1425,2,2,2026-05-24,2026-06-05,4.0
907559,Nelson Deossa,Real Betis Balompié,2025-26,MF,26,735,0,0,2026-05-24,2026-06-05,9.0
907813,Pablo Marín,Real Sociedad,2025-26,MF,22,1494,0,1,2026-05-24,2026-06-05,7.0
909758,Federico Redondo,Elche CF,2025-26,MF,23,171,0,0,2026-05-24,2026-06-05,2.5
912392,Lucas Cepeda,Elche CF,2025-26,FW,23,399,1,0,2026-05-24,2026-06-05,2.5
921345,Tay Abed,Levante UD,2025-26,FW,21,87,0,0,2026-05-24,2026-06-05,1.0
929899,Rahim Alhassane,Real Oviedo,2025-26,DF,24,1710,0,0,2026-05-24,2026-06-05,1.5
933908,Ángel Ortiz,Real Betis Balompié,2025-26,DF,21,582,0,0,2026-05-24,2026-06-05,4.0
935230,Gonzalo García,Real Madrid,2025-26,FW,22,952,6,1,2026-05-24,2026-06-05,30.0
935231,Víctor Muñoz,CA Osasuna,2025-26,FW,22,2670,6,2,2026-05-24,2026-06-05,30.0
935232,Aitor Mañas,Deportivo Alavés,2025-26,FW,23,115,0,0,2026-05-24,2026-06-05,0.6
935245,Raúl Asencio,Real Madrid,2025-26,DF,23,1708,2,0,2026-05-24,2026-06-05,20.0
937955,Héctor Fort,Elche CF,2025-26,DF,19,482,2,2,2026-05-24,2026-06-05,12.0
937958,Lamine Yamal,FC Barcelona,2025-26,FW,18,2270,16,12,2026-05-24,2026-06-05,200.0
938729,Mikel Jauregizar,Athletic Bilbao,2025-26,MF,22,2843,2,0,2026-05-24,2026-06-05,30.0
939374,Yoel Lago,Celta de Vigo,2025-26,DF,22,940,0,0,2026-05-24,2026-06-05,4.0
947431,David López (947431),RCD Mallorca,2025-26,DF,23,833,0,0,2026-05-24,2026-06-05,1.2
948272,César Palacios,Real Madrid,2025-26,MF,21,81,0,0,2026-05-24,2026-06-05,7.5
948273,Mario Martín,Getafe CF,2025-26,MF,22,2135,2,1,2026-05-24,2026-06-05,10.0
948275,Álvaro Rodríguez,Elche CF,2025-26,FW,21,2201,7,5,2026-05-24,2026-06-05,10.0
953901,Santiago Mouriño,Villarreal CF,2025-26,DF,24,2384,1,2,2026-05-24,2026-06-05,20.0
960571,Jones El-Abdellaoui,Celta de Vigo,2025-26,FW,20,668,2,0,2026-05-24,2026-06-05,8.0
961087,Pablo García,Real Betis Balompié,2025-26,FW,19,378,0,0,2026-05-24,2026-06-05,8.0
961297,Rodrigo Mendoza,Elche CF,2025-26,MF,21,1232,1,1,2026-05-24,2026-06-05,20.0
962110,Pau Cubarsí,FC Barcelona,2025-26,DF,19,2706,1,0,2026-05-24,2026-06-05,80.0
962125,Buba Sangaré,Elche CF,2025-26,DF,18,541,0,0,2026-05-24,2026-06-05,4.5
971570,Endrick,Real Madrid,2025-26,FW,19,11,0,0,2026-05-24,2026-06-01,40.0
972465,Tani Oluwaseyi,Villarreal CF,2025-26,FW,26,892,2,2,2026-05-24,2026-06-05,7.0
974251,Lass Kourouma,Girona FC,2025-26,MF,22,39,0,0,2026-05-24,2026-06-08,0.5
985383,Valentín Gómez,Real Betis Balompié,2025-26,DF,22,1875,1,0,2026-05-24,2026-06-05,12.0
985806,Alex Freeman,Villarreal CF,2025-26,DF,21,340,0,0,2026-05-24,2026-06-05,3.5
994536,Claudio Echeverri,Girona FC,2025-26,MF,20,618,1,1,2026-05-24,2026-06-05,15.0
1005575,Vitor Reis,Girona FC,2025-26,DF,20,3138,1,1,2026-05-24,2026-06-05,30.0
1007378,Wesley,Real Sociedad,2025-26,FW,21,84,0,0,2026-05-24,2026-06-05,4.0
1018912,Xavi Espart,FC Barcelona,2025-26,DF,19,164,0,0,2026-05-24,2026-06-08,5.0
1018920,Marc Bernal,FC Barcelona,2025-26,MF,18,787,2,1,2026-05-24,2026-06-05,30.0
1018938,Jon Martín,Real Sociedad,2025-26,DF,20,2250,2,0,2026-05-24,2026-06-05,25.0
1032280,Oso,Sevilla FC,2025-26,DF,22,1409,2,3,2026-05-24,2026-06-05,10.0
1033005,Coba da Costa,Getafe CF,2025-26,FW,23,339,0,0,2026-05-24,2026-06-04,1.5
1034853,Nobel Mendy,Rayo Vallecano,2025-26,DF,21,1804,2,0,2026-05-24,2026-06-05,7.5
1038512,Asier Osambela,CA Osasuna,2025-26,MF,21,333,1,0,2026-05-24,2026-06-05,1.0
1038950,Karl Etta Eyong,Levante UD,2025-26,FW,22,1668,7,4,2026-05-24,2026-06-05,15.0
1054934,Maroan Sannadi,Athletic Bilbao,2025-26,FW,25,281,1,0,2026-05-24,2026-06-05,3.0
1057316,Franco Mastantuono,Real Madrid,2025-26,FW,18,1037,1,0,2026-05-24,2026-06-05,45.0
1061122,Adrián Liso,Getafe CF,2025-26,FW,21,1712,3,1,2026-05-24,2026-06-05,3.0
1061336,Pau Navarro,Villarreal CF,2025-26,DF,21,1924,0,0,2026-05-24,2026-06-05,15.0
1063338,Carlos Espí,Levante UD,2025-26,FW,20,1339,11,0,2026-05-24,2026-06-05,20.0
1063340,Kareem Tunde,Levante UD,2025-26,FW,20,1143,0,1,2026-05-24,2026-06-05,2.0
1063574,Jan Salas,RCD Mallorca,2025-26,MF,20,15,0,0,2026-05-24,2026-06-05,0.5
1064471,Fer López,Celta de Vigo,2025-26,MF,22,1175,1,1,2026-05-24,2026-06-05,16.0
1064506,Adam Boayar,Elche CF,2025-26,FW,20,98,1,0,2026-05-24,2026-06-05,0.8
1065442,Iñigo Arguibide,CA Osasuna,2025-26,DF,21,186,0,0,2026-05-24,2026-06-05,0.8
1071596,Dro Fernández,FC Barcelona,2025-26,MF,18,89,0,0,2026-05-24,2026-06-01,10.0
1076815,Javi Rodríguez,Celta de Vigo,2025-26,DF,22,2561,0,1,2026-05-24,2026-06-05,18.0
1081496,Pablo Agudín,Real Oviedo,2025-26,MF,18,84,0,0,2026-05-24,2026-06-08,1.0
1101641,Justin Kalumba,RCD Mallorca,2025-26,FW,21,79,0,0,2026-05-24,2026-06-05,0.8
1124005,Christantus Uche,Getafe CF,2025-26,FW,23,270,1,1,2026-05-24,2026-06-03,12.0
1124136,Ángel Pérez,Deportivo Alavés,2025-26,FW,23,1291,1,3,2026-05-24,2026-06-05,3.0
1127730,Thiago Fernández,Real Oviedo,2025-26,FW,22,822,0,4,2026-05-24,2026-06-05,4.5
1144700,Matías Moreno,Levante UD,2025-26,DF,22,2256,0,0,2026-05-24,2026-06-05,6.0
1164331,Ismael Bekhoucha,Getafe CF,2025-26,DF,21,120,0,1,2026-05-24,2026-06-05,0.3
1169436,Vladyslav Krapyvtsov,Girona FC,2025-26,GK,20,137,0,0,2026-05-24,2026-06-05,0.3
1186235,Jorge Cestero,Real Madrid,2025-26,MF,20,12,0,0,2026-05-24,2026-06-05,7.5
1232057,Paco Cortés,Levante UD,2025-26,FW,18,471,0,0,2026-05-24,2026-06-05,1.5
1268764,Davinchi,Getafe CF,2025-26,DF,18,698,0,0,2026-05-24,2026-06-05,1.0
1301775,Jan Virgili,RCD Mallorca,2025-26,FW,19,1796,2,6,2026-05-24,2026-06-05,15.0
1312698,Selton Sánchez,Athletic Bilbao,2025-26,MF,19,193,0,1,2026-05-24,2026-06-05,2.8
1371830,Nacho Pérez,Levante UD,2025-26,DF,17,147,0,0,2026-05-24,2026-06-05,0.3
1375227,Thiago Pitarch,Real Madrid,2025-26,MF,18,597,0,2,2026-05-24,2026-06-05,20.0
1384911,Samu Becerra,Rayo Vallecano,2025-26,MF,19,11,0,0,2026-05-24,2026-06-08,0.3
1453066,Carlos Macià,Villarreal CF,2025-26,MF,17,78,0,0,2026-05-24,2026-06-05,3.0
