player_id,player,team,season,position,age,minutes,goals,assists,feature_cutoff,valuation_date,market_value_eur_m
3333,James Milner,Liverpool FC,2021-22,MF,36,850,0,1,2022-05-22,2022-06-15,2.0
8198,Cristiano Ronaldo,Manchester United,2021-22,FW,37,2459,18,3,2022-05-22,2022-06-15,30.0
13572,Ben Foster,Watford FC,2021-22,GK,39,2340,0,1,2022-05-22,2022-06-15,0.3
14086,Ashley Young,Aston Villa,2021-22,DF,36,1238,0,2,2022-05-22,2022-06-15,1.0
14221,Aaron Lennon,Burnley FC,2021-22,FW,35,1549,2,0,2022-05-22,2022-06-15,1.0
16911,Kasper Schmeichel,Leicester City,2021-22,GK,35,3330,0,0,2022-05-22,2022-06-15,4.0
17965,Hugo Lloris,Tottenham Hotspur,2021-22,GK,35,3420,0,0,2022-05-22,2022-06-15,7.0
19948,Willy Caballero,Southampton FC,2021-22,GK,40,180,0,0,2022-05-22,2022-06-15,0.25
26267,Fernandinho,Manchester City,2021-22,MF,37,958,2,1,2022-05-22,2022-06-15,1.5
29241,Thiago Silva,Chelsea FC,2021-22,DF,37,2651,3,1,2022-05-22,2022-06-15,2.5
29364,João Moutinho,Wolverhampton Wanderers,2021-22,MF,35,2976,2,1,2022-05-22,2022-06-15,2.5
29692,Lukasz Fabianski,West Ham United,2021-22,GK,37,3330,0,0,2022-05-22,2022-06-15,1.0
29712,John Ruddy,Wolverhampton Wanderers,2021-22,GK,35,135,0,0,2022-05-22,2022-06-15,0.3
31835,Mark Noble,West Ham United,2021-22,MF,35,327,1,0,2022-05-22,2022-06-15,1.0
33027,Tim Krul,Norwich City,2021-22,GK,34,2610,0,0,2022-05-22,2022-06-15,2.0
33713,Theo Walcott,Southampton FC,2021-22,FW,33,379,0,0,2022-05-22,2022-06-15,1.8
33873,Asmir Begovic,Everton FC,2021-22,GK,34,270,0,0,2022-05-22,2022-06-15,1.0
37304,Shane Long,Southampton FC,2021-22,FW,35,303,1,0,2022-05-22,2022-06-15,0.8
40611,Ryan Bertrand,Leicester City,2021-22,DF,32,338,0,0,2022-05-22,2022-06-15,3.0
40613,Jack Cork,Burnley FC,2021-22,MF,32,1676,1,0,2022-05-22,2022-06-15,1.8
41416,James McArthur,Crystal Palace,2021-22,MF,34,1437,0,4,2022-05-22,2022-06-15,1.2
42412,Jonny Evans,Leicester City,2021-22,DF,34,1350,1,1,2022-05-22,2022-06-15,4.0
43530,Adam Lallana,Brighton & Hove Albion,2021-22,MF,34,1561,0,1,2022-05-22,2022-06-15,2.0
43763,Erik Pieters,Burnley FC,2021-22,DF,33,727,0,1,2022-05-22,2022-06-15,0.9
44068,Juan Mata,Manchester United,2021-22,MF,34,232,0,0,2022-05-22,2022-06-15,2.5
44983,Dan Gosling,Watford FC,2021-22,MF,32,164,1,0,2022-05-22,2022-06-15,1.0
45494,Wayne Hennessey,Burnley FC,2021-22,GK,35,180,0,0,2022-05-22,2022-06-15,0.5
45671,Cenk Tosun,Everton FC,2021-22,FW,30,6,0,0,2022-05-22,2022-06-15,2.0
46001,Moussa Sissoko,Watford FC,2021-22,MF,32,3221,2,1,2022-05-22,2022-06-15,4.5
46972,Teemu Pukki,Norwich City,2021-22,FW,32,3261,11,3,2022-05-22,2022-06-15,4.0
48002,Angelo Ogbonna,West Ham United,2021-22,DF,33,922,1,0,2022-05-22,2022-06-15,1.2
48280,Edinson Cavani,Manchester United,2021-22,FW,35,765,2,1,2022-05-22,2022-06-15,4.0
48870,Jonas Lössl,Brentford FC,2021-22,GK,33,180,0,0,2022-05-22,2022-06-15,1.0
49755,Dale Stephens,Burnley FC,2021-22,MF,32,123,0,0,2022-05-22,2022-06-15,1.0
50174,Danny Rose,Watford FC,2021-22,DF,31,689,0,0,2022-05-22,2022-06-15,2.2
50201,Christian Benteke,Crystal Palace,2021-22,FW,31,1137,4,1,2022-05-22,2022-06-15,6.0
50362,Fabian Delph,Everton FC,2021-22,MF,32,666,0,0,2022-05-22,2022-06-15,1.8
51471,Mateo Kovacic,Chelsea FC,2021-22,MF,28,1556,2,5,2022-05-22,2022-06-15,42.0
52059,Zanka,Brentford FC,2021-22,DF,32,517,1,0,2022-05-22,2022-06-15,1.2
52570,Fraser Forster,Southampton FC,2021-22,GK,34,1710,0,0,2022-05-22,2022-06-15,2.0
53360,Jay Rodríguez,Burnley FC,2021-22,FW,32,1371,2,2,2022-05-22,2022-06-15,2.0
53622,İlkay Gündoğan,Manchester City,2021-22,MF,31,1855,8,3,2022-05-22,2022-06-15,25.0
57500,César Azpilicueta,Chelsea FC,2021-22,DF,32,2074,1,2,2022-05-22,2022-06-15,9.0
58864,Pierre-Emerick Aubameyang,Arsenal FC,2021-22,FW,32,1040,4,1,2022-05-22,2022-06-03,15.0
59377,David de Gea,Manchester United,2021-22,GK,31,3420,0,0,2022-05-22,2022-06-15,15.0
59606,Craig Cathcart,Watford FC,2021-22,DF,33,2396,0,1,2022-05-22,2022-06-15,1.2
60444,Thiago Alcántara,Liverpool FC,2021-22,MF,31,1537,1,4,2022-05-22,2022-06-15,20.0
60577,Nicolas N'Koulou,Watford FC,2021-22,DF,32,168,0,0,2022-05-22,2022-06-15,2.5
61560,Marc Albrighton,Leicester City,2021-22,MF,32,1127,1,2,2022-05-22,2022-06-15,2.5
61592,James Tomkins,Crystal Palace,2021-22,DF,33,546,1,0,2022-05-22,2022-06-15,1.5
61651,Jordan Henderson,Liverpool FC,2021-22,MF,31,2603,2,5,2022-05-22,2022-06-15,15.0
61842,Andros Townsend,Everton FC,2021-22,FW,30,1458,3,2,2022-05-22,2022-06-15,5.0
63200,Ashley Barnes,Burnley FC,2021-22,FW,32,799,1,0,2022-05-22,2022-06-15,1.5
64399,Vicente Guaita,Crystal Palace,2021-22,GK,35,2655,0,0,2022-05-22,2022-06-15,1.5
66100,Oriol Romeu,Southampton FC,2021-22,MF,30,2899,2,2,2022-05-22,2022-06-15,5.0
66934,Cheikhou Kouyaté,Crystal Palace,2021-22,MF,32,1978,0,1,2022-05-22,2022-06-15,4.0
67063,Danny Welbeck,Brighton & Hove Albion,2021-22,FW,31,1476,6,3,2022-05-22,2022-06-15,4.0
67420,Luke Ayling,Leeds United,2021-22,DF,30,2275,2,2,2022-05-22,2022-06-15,4.0
68390,Séamus Coleman,Everton FC,2021-22,DF,33,2658,1,1,2022-05-22,2022-06-15,3.0
69015,Andriy Yarmolenko,West Ham United,2021-22,FW,32,304,1,0,2022-05-22,2022-06-15,2.5
69633,Christian Eriksen,Brentford FC,2021-22,MF,30,938,1,4,2022-05-22,2022-06-15,20.0
71292,Jonjo Shelvey,Newcastle United,2021-22,MF,30,1986,2,1,2022-05-22,2022-06-15,10.0
72476,Bernd Leno,Arsenal FC,2021-22,GK,30,360,0,0,2022-05-22,2022-06-15,9.0
73484,Tom Cleverley,Watford FC,2021-22,MF,32,1623,0,2,2022-05-22,2022-06-15,1.8
73564,Jason Steele,Brighton & Hove Albion,2021-22,GK,31,90,0,0,2022-05-22,2022-06-15,0.6
74300,Luka Milivojevic,Crystal Palace,2021-22,MF,31,776,0,0,2022-05-22,2022-06-15,4.0
74683,Nemanja Matić,Manchester United,2021-22,MF,33,1383,0,4,2022-05-22,2022-06-15,5.0
74810,Ben Mee,Burnley FC,2021-22,DF,32,1840,3,0,2022-05-22,2022-06-15,2.5
74943,Juraj Kucka,Watford FC,2021-22,MF,35,1923,1,1,2022-05-22,2022-06-15,1.8
74960,Martin Dúbravka,Newcastle United,2021-22,GK,33,2340,0,0,2022-05-22,2022-06-15,4.0
75067,Liam Cooper,Leeds United,2021-22,DF,30,1815,0,1,2022-05-22,2022-06-15,7.0
75458,Robin Olsen,Aston Villa,2021-22,GK,32,90,0,0,2022-05-22,2022-06-15,2.0
76467,Kiko Femenía,Watford FC,2021-22,DF,31,2150,0,5,2022-05-22,2022-06-15,2.5
77100,Lucas Moura,Tottenham Hotspur,2021-22,FW,29,1774,2,6,2022-05-22,2022-06-15,20.0
77812,Christoph Zimmermann,Norwich City,2021-22,DF,29,157,0,0,2022-05-22,2022-06-15,1.0
80197,Salomón Rondón,Everton FC,2021-22,FW,32,783,1,1,2022-05-22,2022-06-15,2.5
80444,Philippe Coutinho,Aston Villa,2021-22,MF,29,1338,5,3,2022-05-22,2022-06-15,20.0
81512,Christian Kabasele,Watford FC,2021-22,DF,31,1190,0,0,2022-05-22,2022-06-15,3.0
82105,Joel Matip,Liverpool FC,2021-22,DF,30,2790,3,3,2022-05-22,2022-06-15,18.0
82863,Lukas Rupp,Norwich City,2021-22,MF,31,762,0,0,2022-05-22,2022-06-15,1.2
82873,Pascal Groß,Brighton & Hove Albion,2021-22,MF,30,2043,2,4,2022-05-22,2022-06-15,6.0
85177,Nathaniel Clyne,Crystal Palace,2021-22,DF,31,1351,0,1,2022-05-22,2022-06-15,2.0
85475,Federico Fernández,Newcastle United,2021-22,DF,33,522,0,0,2022-05-22,2022-06-15,1.5
86202,Antonio Rüdiger,Chelsea FC,2021-22,DF,29,3036,3,2,2022-05-22,2022-06-15,40.0
88755,Kevin De Bruyne,Manchester City,2021-22,MF,30,2206,15,8,2022-05-22,2022-06-15,85.0
89231,Jóhann Berg Gudmundsson,Burnley FC,2021-22,FW,31,1105,0,1,2022-05-22,2022-06-15,2.0
91059,Joshua King,Watford FC,2021-22,FW,30,2249,5,3,2022-05-22,2022-06-15,8.0
91317,Ashley Westwood,Burnley FC,2021-22,MF,32,2289,0,3,2022-05-22,2022-06-15,2.0
91845,Heung-min Son,Tottenham Hotspur,2021-22,FW,29,3022,23,9,2022-05-22,2022-06-15,75.0
92469,Matt Ritchie,Newcastle United,2021-22,MF,32,1334,0,2,2022-05-22,2022-06-15,1.8
92571,Aaron Cresswell,West Ham United,2021-22,DF,32,2728,2,3,2022-05-22,2022-06-15,3.0
92572,Joel Ward,Crystal Palace,2021-22,DF,32,2486,0,0,2022-05-22,2022-06-15,2.0
92738,Mateusz Klich,Leeds United,2021-22,MF,31,2082,1,2,2022-05-22,2022-06-15,3.0
93720,Alexandre Lacazette,Arsenal FC,2021-22,FW,30,1787,4,7,2022-05-22,2022-06-15,15.0
94005,Sead Kolasinac,Arsenal FC,2021-22,DF,28,91,0,0,2022-05-22,2022-05-30,3.0
95424,Kyle Walker,Manchester City,2021-22,DF,31,1755,0,2,2022-05-22,2022-06-15,18.0
95810,Kieran Trippier,Newcastle United,2021-22,DF,31,430,2,0,2022-05-22,2022-06-15,15.0
95976,Alex McCarthy,Southampton FC,2021-22,GK,32,1530,0,0,2022-05-22,2022-06-15,3.0
96341,Romelu Lukaku,Chelsea FC,2021-22,FW,29,1586,8,1,2022-05-22,2022-06-15,70.0
98240,Ciaran Clark,Newcastle United,2021-22,DF,32,1014,0,1,2022-05-22,2022-06-15,1.8
99331,Jannik Vestergaard,Leicester City,2021-22,DF,29,564,0,0,2022-05-22,2022-06-15,13.0
99397,Karl Darlow,Newcastle United,2021-22,GK,31,720,0,0,2022-05-22,2022-06-15,2.5
101500,Matej Vydra,Burnley FC,2021-22,FW,30,668,2,3,2022-05-22,2022-06-15,2.0
102017,Jorginho,Chelsea FC,2021-22,MF,30,2279,6,2,2022-05-22,2022-06-15,40.0
102258,Matthew Lowton,Burnley FC,2021-22,DF,32,1773,1,2,2022-05-22,2022-06-15,1.2
104124,Michail Antonio,West Ham United,2021-22,FW,32,2980,10,8,2022-05-22,2022-06-15,10.0
105470,Alisson,Liverpool FC,2021-22,GK,29,3240,0,1,2022-05-22,2022-06-15,50.0
108354,Jordan Ayew,Crystal Palace,2021-22,FW,30,2025,3,3,2022-05-22,2022-06-15,6.0
108725,Chris Wood,Burnley FC,2021-22,FW,30,2707,5,0,2022-05-22,2022-06-15,10.0
111051,Nampalys Mendy,Leicester City,2021-22,MF,29,1035,0,0,2022-05-22,2022-06-15,4.0
111114,Kevin Long,Burnley FC,2021-22,DF,31,408,0,0,2022-05-22,2022-06-15,1.0
111195,Joël Veltman,Brighton & Hove Albion,2021-22,DF,30,2881,1,1,2022-05-22,2022-06-15,10.0
111455,Granit Xhaka,Arsenal FC,2021-22,MF,29,2331,1,2,2022-05-22,2022-06-15,20.0
111873,Emiliano Martínez,Aston Villa,2021-22,GK,29,3240,0,0,2022-05-22,2022-06-15,28.0
112515,Marcos Alonso,Chelsea FC,2021-22,DF,31,2172,4,5,2022-05-22,2022-06-15,12.0
112988,Cédric Soares,Arsenal FC,2021-22,DF,30,1484,1,1,2022-05-22,2022-06-15,6.0
117996,Phil Jones,Manchester United,2021-22,DF,30,161,0,0,2022-05-22,2022-06-15,3.0
118534,Michael Keane,Everton FC,2021-22,DF,29,2792,3,2,2022-05-22,2022-06-15,20.0
119269,Shane Duffy,Brighton & Hove Albion,2021-22,DF,30,1434,1,0,2022-05-22,2022-06-15,5.0
120186,Daniel Bachmann,Watford FC,2021-22,GK,27,1080,0,0,2022-05-22,2022-06-15,2.5
120629,Alphonse Areola,West Ham United,2021-22,GK,29,90,0,0,2022-05-22,2022-06-15,8.0
121257,Adam Forshaw,Leeds United,2021-22,MF,30,1530,0,1,2022-05-22,2022-06-15,2.0
121385,Grant Hanley,Norwich City,2021-22,DF,30,2899,1,0,2022-05-22,2022-06-15,3.5
121477,Craig Dawson,West Ham United,2021-22,DF,32,2754,2,2,2022-05-22,2022-06-15,3.0
122153,Paul Pogba,Manchester United,2021-22,MF,29,1354,1,9,2022-05-22,2022-06-15,48.0
123682,Callum Wilson,Newcastle United,2021-22,FW,30,1389,8,0,2022-05-22,2022-06-15,18.0
125314,Pontus Jansson,Brentford FC,2021-22,DF,31,3322,3,2,2022-05-22,2022-06-15,7.0
126422,Allan,Everton FC,2021-22,MF,31,2187,0,2,2022-05-22,2022-06-15,15.0
126600,Kenny McLean,Norwich City,2021-22,MF,30,2707,1,0,2022-05-22,2022-06-15,2.5
126664,Lucas Digne,Aston Villa,2021-22,DF,28,2443,0,4,2022-05-22,2022-06-15,25.0
127187,Abdoulaye Doucouré,Everton FC,2021-22,MF,29,2538,2,4,2022-05-22,2022-06-15,22.0
128899,Jack Butland,Crystal Palace,2021-22,GK,29,765,0,0,2022-05-22,2022-06-15,1.8
128901,Conor Coady,Wolverhampton Wanderers,2021-22,DF,29,3363,4,0,2022-05-22,2022-06-15,25.0
128904,Ben Gibson,Norwich City,2021-22,DF,29,2495,0,0,2022-05-22,2022-06-15,6.0
129078,Nathan Redmond,Southampton FC,2021-22,FW,28,1832,1,5,2022-05-22,2022-06-15,18.0
130164,Jordan Pickford,Everton FC,2021-22,GK,28,3150,0,0,2022-05-22,2022-06-15,20.0
130765,Stuart Armstrong,Southampton FC,2021-22,MF,30,1470,2,1,2022-05-22,2022-06-15,6.0
131505,Rodrigo,Leeds United,2021-22,FW,31,2270,6,1,2022-05-22,2022-06-15,12.0
131789,Roberto Firmino,Liverpool FC,2021-22,FW,30,985,5,4,2022-05-22,2022-06-15,32.0
131978,Ross Barkley,Chelsea FC,2021-22,MF,28,175,1,0,2022-05-22,2022-06-15,12.0
131996,Bertrand Traoré,Aston Villa,2021-22,FW,26,213,0,0,2022-05-22,2022-06-15,16.0
132098,Harry Kane,Tottenham Hotspur,2021-22,FW,28,3232,17,9,2022-05-22,2022-06-15,90.0
134270,Dan Burn,Newcastle United,2021-22,DF,30,2462,1,1,2022-05-22,2022-06-15,12.0
134294,Danny Ings,Aston Villa,2021-22,FW,29,1905,7,6,2022-05-22,2022-06-15,20.0
134425,Raheem Sterling,Manchester City,2021-22,FW,27,2127,13,6,2022-05-22,2022-06-15,70.0
135343,Fabian Schär,Newcastle United,2021-22,DF,30,2161,2,2,2022-05-22,2022-06-15,7.0
135853,Manuel Lanzini,West Ham United,2021-22,MF,29,1788,5,3,2022-05-22,2022-06-15,12.0
137745,Marçal,Wolverhampton Wanderers,2021-22,DF,33,1453,0,0,2022-05-22,2022-06-15,1.5
139208,Virgil van Dijk,Liverpool FC,2021-22,DF,30,3060,3,4,2022-05-22,2022-06-15,55.0
140191,Ryan Fredericks,West Ham United,2021-22,DF,29,303,0,0,2022-05-22,2022-06-15,1.5
141660,Jesse Lingard,Manchester United,2021-22,MF,29,356,2,0,2022-05-22,2022-06-15,18.0
142310,Willy Boly,Wolverhampton Wanderers,2021-22,DF,31,900,0,0,2022-05-22,2022-06-15,6.0
143424,Alex Oxlade-Chamberlain,Liverpool FC,2021-22,MF,28,787,2,1,2022-05-22,2022-06-15,16.0
144028,Leandro Trossard,Brighton & Hove Albion,2021-22,FW,27,2809,8,3,2022-05-22,2022-06-15,20.0
145988,Wilfried Zaha,Crystal Palace,2021-22,FW,29,2762,14,1,2022-05-22,2022-06-15,38.0
146795,Ryan Fraser,Newcastle United,2021-22,FW,28,1472,2,3,2022-05-22,2022-06-15,10.0
148153,Lewis Dunk,Brighton & Hove Albion,2021-22,DF,30,2574,1,0,2022-05-22,2022-06-15,20.0
148367,Christian Nørgaard,Brentford FC,2021-22,MF,28,3059,3,4,2022-05-22,2022-06-15,14.0
148368,Divock Origi,Liverpool FC,2021-22,FW,27,126,3,1,2022-05-22,2022-06-15,12.0
148455,Mohamed Salah,Liverpool FC,2021-22,FW,29,2762,23,14,2022-05-22,2022-06-15,90.0
148928,Saúl Ñíguez,Chelsea FC,2021-22,MF,27,478,0,0,2022-05-22,2022-06-15,25.0
157506,Jeffrey Schlupp,Crystal Palace,2021-22,MF,29,1846,4,2,2022-05-22,2022-06-15,8.0
157509,Kurt Zouma,West Ham United,2021-22,DF,27,2080,1,0,2022-05-22,2022-06-15,28.0
157672,Vladimír Coufal,West Ham United,2021-22,DF,29,2211,0,4,2022-05-22,2022-06-15,12.0
158764,Stuart Dallas,Leeds United,2021-22,DF,31,2922,1,1,2022-05-22,2022-06-15,4.0
160438,Mohamed Elneny,Arsenal FC,2021-22,MF,29,801,0,2,2022-05-22,2022-06-15,11.0
162029,Javier Manquillo,Newcastle United,2021-22,DF,28,1262,1,2,2022-05-22,2022-06-15,3.0
163744,Jack Stephens,Southampton FC,2021-22,DF,28,811,0,0,2022-05-22,2022-06-15,7.0
164770,Raphaël Varane,Manchester United,2021-22,DF,29,1829,1,1,2022-05-22,2022-06-15,48.0
165793,Takumi Minamino,Liverpool FC,2021-22,FW,27,178,3,0,2022-05-22,2022-06-15,12.0
166240,Jürgen Locadia,Brighton & Hove Albion,2021-22,FW,28,22,0,0,2022-05-22,2022-06-09,2.0
167799,Pierre-Emile Højbjerg,Tottenham Hotspur,2021-22,MF,26,3199,2,2,2022-05-22,2022-06-15,40.0
168157,Leander Dendoncker,Wolverhampton Wanderers,2021-22,MF,27,1948,2,2,2022-05-22,2022-06-15,28.0
170321,Paul Dummett,Newcastle United,2021-22,DF,30,198,0,0,2022-05-22,2022-06-15,1.5
170527,Timo Werner,Chelsea FC,2021-22,FW,26,1286,4,1,2022-05-22,2022-06-15,35.0
171424,Riyad Mahrez,Manchester City,2021-22,FW,31,1491,11,5,2022-05-22,2022-06-15,35.0
171679,Matt Doherty,Tottenham Hotspur,2021-22,DF,30,874,2,4,2022-05-22,2022-06-15,12.0
173504,James Tarkowski,Burnley FC,2021-22,DF,29,3107,1,2,2022-05-22,2022-06-15,22.0
173900,Hélder Costa,Leeds United,2021-22,FW,28,21,0,0,2022-05-22,2022-06-03,5.0
174094,Morgan Sanson,Aston Villa,2021-22,MF,27,352,0,0,2022-05-22,2022-06-15,10.0
175446,Jonny Otto,Wolverhampton Wanderers,2021-22,DF,28,1023,2,0,2022-05-22,2022-06-15,15.0
175722,Eric Dier,Tottenham Hotspur,2021-22,DF,28,3072,0,0,2022-05-22,2022-06-15,28.0
176553,Aymeric Laporte,Manchester City,2021-22,DF,27,2834,4,0,2022-05-22,2022-06-15,45.0
177476,Nathan Aké,Manchester City,2021-22,DF,27,920,2,0,2022-05-22,2022-06-15,25.0
177907,Harry Maguire,Manchester United,2021-22,DF,29,2515,1,0,2022-05-22,2022-06-15,38.0
181380,Arthur Masuaku,West Ham United,2021-22,DF,28,647,1,1,2022-05-22,2022-06-15,5.0
181579,James Ward-Prowse,Southampton FC,2021-22,MF,27,3217,10,5,2022-05-22,2022-06-15,32.0
181778,Emerson,Chelsea FC,2021-22,DF,27,4,0,0,2022-05-22,2022-05-30,14.0
182712,João Cancelo,Manchester City,2021-22,DF,27,3228,1,7,2022-05-22,2022-06-15,65.0
182877,Anthony Martial,Manchester United,2021-22,FW,26,211,1,0,2022-05-22,2022-06-03,16.0
182894,Jean-Philippe Gbamin,Everton FC,2021-22,DF,26,65,0,0,2022-05-22,2022-06-02,9.0
183288,Luke Shaw,Manchester United,2021-22,DF,26,1604,0,3,2022-05-22,2022-06-15,38.0
183318,Jamaal Lascelles,Newcastle United,2021-22,DF,28,2056,1,0,2022-05-22,2022-06-15,10.0
183334,Patrick Bamford,Leeds United,2021-22,FW,28,559,2,2,2022-05-22,2022-06-15,16.0
183720,Anwar El Ghazi,Aston Villa,2021-22,FW,27,394,1,1,2022-05-22,2022-06-15,9.0
184528,Emil Krafth,Newcastle United,2021-22,DF,27,1639,0,1,2022-05-22,2022-06-15,5.0
184573,Victor Lindelöf,Manchester United,2021-22,DF,27,2354,0,2,2022-05-22,2022-06-15,22.0
186590,John Stones,Manchester City,2021-22,DF,27,1118,1,0,2022-05-22,2022-06-15,28.0
186644,Mohamed Elyounoussi,Southampton FC,2021-22,FW,27,2045,4,2,2022-05-22,2022-06-15,12.0
191614,Fred,Manchester United,2021-22,MF,29,2035,4,5,2022-05-22,2022-06-15,20.0
192080,Nick Pope,Burnley FC,2021-22,GK,30,3240,0,0,2022-05-22,2022-06-15,15.0
192279,Kepa Arrizabalaga,Chelsea FC,2021-22,GK,27,360,0,0,2022-05-22,2022-06-15,10.0
192765,Ben Davies,Tottenham Hotspur,2021-22,DF,29,2539,1,1,2022-05-22,2022-06-15,20.0
192875,William Troost-Ekong,Watford FC,2021-22,DF,28,1388,0,0,2022-05-22,2022-06-15,4.0
193116,John McGinn,Aston Villa,2021-22,MF,27,3093,3,4,2022-05-22,2022-06-15,32.0
195633,Charlie Taylor,Burnley FC,2021-22,DF,28,2730,0,3,2022-05-22,2022-06-15,3.0
196522,Dwight Gayle,Newcastle United,2021-22,FW,32,34,0,0,2022-05-22,2022-06-15,1.5
196948,Andreas Christensen,Chelsea FC,2021-22,DF,26,1494,0,0,2022-05-22,2022-06-15,35.0
197838,Jamie Vardy,Leicester City,2021-22,FW,35,1805,15,2,2022-05-22,2022-06-15,5.0
199527,Jacob Murphy,Newcastle United,2021-22,FW,27,1460,1,2,2022-05-22,2022-06-15,5.0
200512,Sadio Mané,Liverpool FC,2021-22,FW,30,2825,16,4,2022-05-22,2022-06-15,70.0
201574,Angus Gunn,Norwich City,2021-22,GK,26,810,0,0,2022-05-22,2022-06-15,3.0
202886,Ruben Loftus-Cheek,Chelsea FC,2021-22,MF,26,1387,0,3,2022-05-22,2022-06-15,20.0
203026,Danny Ward,Leicester City,2021-22,GK,28,90,0,0,2022-05-22,2022-06-15,6.0
203460,Jack Grealish,Manchester City,2021-22,FW,26,1916,3,3,2022-05-22,2022-06-15,70.0
203853,Oleksandr Zinchenko,Manchester City,2021-22,DF,25,1044,0,4,2022-05-22,2022-06-15,25.0
204103,Adama Traoré,Wolverhampton Wanderers,2021-22,FW,26,1063,1,0,2022-05-22,2022-06-03,20.0
204198,Romain Saïss,Wolverhampton Wanderers,2021-22,DF,32,2709,2,0,2022-05-22,2022-06-15,8.0
204294,Saman Ghoddos,Brentford FC,2021-22,MF,28,528,1,2,2022-05-22,2022-06-15,2.5
206040,Raúl Jiménez,Wolverhampton Wanderers,2021-22,FW,31,2638,6,4,2022-05-22,2022-06-15,18.0
206225,Isaac Hayden,Newcastle United,2021-22,MF,27,1001,1,0,2022-05-22,2022-06-15,8.0
207014,Will Hughes,Crystal Palace,2021-22,MF,27,1058,0,1,2022-05-22,2022-06-15,6.0
207929,Dele Alli,Tottenham Hotspur,2021-22,MF,26,988,1,0,2022-05-22,2022-06-15,16.0
209212,Solly March,Brighton & Hove Albion,2021-22,FW,27,1740,0,2,2022-05-22,2022-06-15,9.0
210178,Pablo Marí,Arsenal FC,2021-22,DF,28,180,0,0,2022-05-22,2022-06-07,5.0
212847,Adam Webster,Brighton & Hove Albion,2021-22,DF,27,1432,2,0,2022-05-22,2022-06-15,17.0
214056,Daniel Amartey,Leicester City,2021-22,DF,27,2118,0,0,2022-05-22,2022-06-15,10.0
214666,Connor Roberts,Burnley FC,2021-22,DF,26,1690,1,1,2022-05-22,2022-06-15,2.5
215118,Calum Chambers,Aston Villa,2021-22,DF,27,1001,1,0,2022-05-22,2022-06-15,10.0
215876,Ricardo Pereira,Leicester City,2021-22,DF,28,992,1,3,2022-05-22,2022-06-15,20.0
217111,Hakim Ziyech,Chelsea FC,2021-22,FW,29,1316,4,3,2022-05-22,2022-06-15,28.0
217115,Neal Maupay,Brighton & Hove Albion,2021-22,FW,25,2274,8,2,2022-05-22,2022-06-15,18.0
221025,André Gomes,Everton FC,2021-22,MF,28,618,0,1,2022-05-22,2022-06-15,18.0
221624,Zack Steffen,Manchester City,2021-22,GK,27,90,0,0,2022-05-22,2022-06-15,6.0
225083,N'Golo Kanté,Chelsea FC,2021-22,MF,31,1778,2,4,2022-05-22,2022-06-15,40.0
225161,Rúben Neves,Wolverhampton Wanderers,2021-22,MF,25,2662,4,2,2022-05-22,2022-06-15,40.0
225693,Fabinho,Liverpool FC,2021-22,MF,28,2316,5,1,2022-05-22,2022-06-15,60.0
228645,Wout Weghorst,Burnley FC,2021-22,FW,29,1458,2,3,2022-05-22,2022-06-15,14.0
230784,Thomas Partey,Arsenal FC,2021-22,MF,28,2033,2,1,2022-05-22,2022-06-15,38.0
231572,Nélson Semedo,Wolverhampton Wanderers,2021-22,DF,28,2137,0,1,2022-05-22,2022-06-15,22.0
233124,Kortney Hause,Aston Villa,2021-22,DF,26,397,1,0,2022-05-22,2022-06-15,4.0
234189,Trezeguet,Aston Villa,2021-22,FW,27,10,0,0,2022-05-22,2022-06-01,10.0
234781,Maxwel Cornet,Burnley FC,2021-22,FW,25,1776,9,1,2022-05-22,2022-06-15,15.0
234803,Andrew Robertson,Liverpool FC,2021-22,DF,28,2541,3,10,2022-05-22,2022-06-15,65.0
236471,Ozan Tufan,Watford FC,2021-22,MF,27,338,0,0,2022-05-22,2022-06-01,3.8
236953,Sam Byram,Norwich City,2021-22,DF,28,1024,0,0,2022-05-22,2022-06-15,2.0
238223,Ederson,Manchester City,2021-22,GK,28,3330,0,0,2022-05-22,2022-06-15,45.0
240306,Bruno Fernandes,Manchester United,2021-22,MF,27,3118,10,6,2022-05-22,2022-06-15,85.0
241481,Jaïro Riedewald,Crystal Palace,2021-22,MF,25,117,0,0,2022-05-22,2022-06-15,5.0
241641,Bernardo Silva,Manchester City,2021-22,MF,27,2860,8,4,2022-05-22,2022-06-15,80.0
242631,Alex Iwobi,Everton FC,2021-22,FW,26,2035,2,2,2022-05-22,2022-06-15,18.0
243028,Jan Bednarek,Southampton FC,2021-22,DF,26,2631,4,0,2022-05-22,2022-06-15,22.0
246291,Diego Llorente,Leeds United,2021-22,DF,28,2343,3,0,2022-05-22,2022-06-15,18.0
246968,Ayoze Pérez,Leicester City,2021-22,FW,28,442,2,3,2022-05-22,2022-06-15,10.0
249126,Harry Winks,Tottenham Hotspur,2021-22,MF,26,907,0,1,2022-05-22,2022-06-15,15.0
249565,Youri Tielemans,Leicester City,2021-22,MF,25,2634,6,4,2022-05-22,2022-06-15,55.0
249873,Tariqe Fosu,Brentford FC,2021-22,FW,26,16,0,0,2022-05-22,2022-06-15,2.0
249994,José Sá,Wolverhampton Wanderers,2021-22,GK,29,3285,0,1,2022-05-22,2022-06-15,18.0
250426,Adam Armstrong,Southampton FC,2021-22,FW,25,1415,2,3,2022-05-22,2022-06-15,15.0
250478,Matt Targett,Newcastle United,2021-22,DF,26,2873,1,1,2022-05-22,2022-06-15,17.0
251664,Ivan Toney,Brentford FC,2021-22,FW,26,2908,12,5,2022-05-22,2022-06-15,35.0
251845,Sergi Canós,Brentford FC,2021-22,FW,25,2094,3,2,2022-05-22,2022-06-15,14.0
252345,Ken Sema,Watford FC,2021-22,DF,28,846,0,0,2022-05-22,2022-06-15,2.5
253341,Rob Holding,Arsenal FC,2021-22,DF,26,841,1,0,2022-05-22,2022-06-15,10.0
253677,Tyrone Mings,Aston Villa,2021-22,DF,29,3188,1,3,2022-05-22,2022-06-15,30.0
255744,Samir Caetano,Watford FC,2021-22,DF,27,1676,0,0,2022-05-22,2022-06-15,5.0
255755,Alex Telles,Manchester United,2021-22,DF,29,1660,0,4,2022-05-22,2022-06-15,18.0
256178,Joe Gomez,Liverpool FC,2021-22,DF,24,330,0,1,2022-05-22,2022-06-15,18.0
256977,Daniel Podence,Wolverhampton Wanderers,2021-22,FW,26,1484,2,3,2022-05-22,2022-06-15,20.0
257805,Mathias Normann,Norwich City,2021-22,MF,25,1651,1,2,2022-05-22,2022-06-15,10.0
258004,Rúben Dias,Manchester City,2021-22,DF,25,2403,2,4,2022-05-22,2022-06-15,75.0
258883,Jonjoe Kenny,Everton FC,2021-22,DF,25,1017,0,1,2022-05-22,2022-06-15,4.0
258916,Kieran Dowell,Norwich City,2021-22,MF,24,912,1,1,2022-05-22,2022-06-15,2.5
258923,Marcus Rashford,Manchester United,2021-22,FW,24,1233,4,2,2022-05-22,2022-06-15,60.0
260827,Joachim Andersen,Crystal Palace,2021-22,DF,25,2915,0,3,2022-05-22,2022-06-15,25.0
262226,Timothy Castagne,Leicester City,2021-22,DF,26,2126,1,0,2022-05-22,2022-06-15,28.0
262749,David Raya,Brentford FC,2021-22,GK,26,2160,0,0,2022-05-22,2022-06-15,22.0
270171,Vitaly Janelt,Brentford FC,2021-22,MF,24,2308,4,0,2022-05-22,2022-06-15,14.0
272622,Issa Diop,West Ham United,2021-22,DF,25,962,0,1,2022-05-22,2022-06-15,10.0
272642,Allan Saint-Maximin,Newcastle United,2021-22,FW,25,2812,5,5,2022-05-22,2022-06-15,32.0
272999,Miguel Almirón,Newcastle United,2021-22,FW,28,1720,1,0,2022-05-22,2022-06-15,16.0
274839,Wilfred Ndidi,Leicester City,2021-22,MF,25,1619,0,0,2022-05-22,2022-06-15,60.0
281404,Kenedy,Chelsea FC,2021-22,FW,26,59,0,1,2022-05-22,2022-06-15,7.0
282429,Sergio Reguilón,Tottenham Hotspur,2021-22,DF,25,1922,2,3,2022-05-22,2022-06-15,25.0
283628,Tomáš Souček,West Ham United,2021-22,MF,27,3062,5,1,2022-05-22,2022-06-15,45.0
284165,Steven Bergwijn,Tottenham Hotspur,2021-22,FW,24,550,3,1,2022-05-22,2022-06-15,18.0
284857,Marc Cucurella,Brighton & Hove Albion,2021-22,DF,23,3092,1,1,2022-05-22,2022-06-15,28.0
285845,Ainsley Maitland-Niles,Arsenal FC,2021-22,DF,24,264,0,0,2022-05-22,2022-06-07,10.0
286384,Eric Bailly,Manchester United,2021-22,DF,28,217,0,0,2022-05-22,2022-06-15,6.0
286949,Adam Masina,Watford FC,2021-22,DF,28,1076,0,1,2022-05-22,2022-06-15,3.0
288255,Donny van de Beek,Everton FC,2021-22,MF,25,553,2,0,2022-05-22,2022-06-15,25.0
289446,Yerry Mina,Everton FC,2021-22,DF,27,847,0,0,2022-05-22,2022-06-15,20.0
290017,Hassane Kamara,Watford FC,2021-22,DF,28,1626,1,0,2022-05-22,2022-06-15,4.0
290532,Saïd Benrahma,West Ham United,2021-22,FW,26,2184,8,6,2022-05-22,2022-06-15,25.0
291739,Milot Rashica,Norwich City,2021-22,FW,25,2239,1,2,2022-05-22,2022-06-15,7.0
292246,Hee-chan Hwang,Wolverhampton Wanderers,2021-22,FW,26,1822,5,1,2022-05-22,2022-06-15,16.0
292417,Demarai Gray,Everton FC,2021-22,FW,25,2351,5,4,2022-05-22,2022-06-15,22.0
293200,Nikola Vlašić,West Ham United,2021-22,MF,24,554,1,0,2022-05-22,2022-06-15,22.0
293569,Josh Brownhill,Burnley FC,2021-22,MF,26,2953,2,3,2022-05-22,2022-06-15,7.0
294057,James Maddison,Leicester City,2021-22,MF,25,2467,12,8,2022-05-22,2022-06-15,50.0
295330,Kelechi Iheanacho,Leicester City,2021-22,FW,25,1260,4,5,2022-05-22,2022-06-15,20.0
295630,Dimitrios Giannoulis,Norwich City,2021-22,DF,26,1166,0,1,2022-05-22,2022-06-15,5.0
296986,Tyler Roberts,Leeds United,2021-22,FW,23,978,1,1,2022-05-22,2022-06-15,8.0
297212,Joe Rodon,Tottenham Hotspur,2021-22,DF,24,87,0,0,2022-05-22,2022-06-15,8.0
300716,Kieran Tierney,Arsenal FC,2021-22,DF,24,1919,1,3,2022-05-22,2022-06-15,32.0
302215,Naby Keïta,Liverpool FC,2021-22,MF,27,1175,3,1,2022-05-22,2022-06-15,25.0
306024,Dominic Calvert-Lewin,Everton FC,2021-22,FW,25,1287,5,2,2022-05-22,2022-06-15,40.0
309400,Kai Havertz,Chelsea FC,2021-22,FW,22,1811,8,4,2022-05-22,2022-06-15,70.0
314210,Tom Davies,Everton FC,2021-22,MF,23,233,1,0,2022-05-22,2022-06-15,18.0
314353,Trent Alexander-Arnold,Liverpool FC,2021-22,DF,23,2854,2,12,2022-05-22,2022-06-15,80.0
314875,Jarrod Bowen,West Ham United,2021-22,FW,25,2993,12,12,2022-05-22,2022-06-15,42.0
315779,Christian Pulisic,Chelsea FC,2021-22,FW,23,1286,6,2,2022-05-22,2022-06-15,42.0
315969,Scott McTominay,Manchester United,2021-22,MF,25,2391,1,1,2022-05-22,2022-06-15,32.0
316125,Ben Chilwell,Chelsea FC,2021-22,DF,25,541,3,1,2022-05-22,2022-06-15,38.0
316264,Martin Ødegaard,Arsenal FC,2021-22,MF,23,2793,7,4,2022-05-22,2022-06-15,45.0
318523,Romain Perraud,Southampton FC,2021-22,DF,24,1625,0,1,2022-05-22,2022-06-15,8.0
319301,Daniel James,Leeds United,2021-22,FW,24,2499,4,5,2022-05-22,2022-06-15,18.0
319859,Mathias Jensen,Brentford FC,2021-22,MF,26,1600,0,1,2022-05-22,2022-06-15,10.0
320141,Çağlar Söyüncü,Leicester City,2021-22,DF,25,2498,1,0,2022-05-22,2022-06-15,40.0
321247,Emiliano Buendía,Aston Villa,2021-22,FW,25,1901,4,6,2022-05-22,2022-06-15,32.0
324358,Ollie Watkins,Aston Villa,2021-22,FW,26,2955,11,2,2022-05-22,2022-06-15,35.0
324882,Marvelous Nakamba,Aston Villa,2021-22,MF,28,904,0,0,2022-05-22,2022-06-15,7.0
328658,Kristoffer Ajer,Brentford FC,2021-22,DF,24,1987,1,2,2022-05-22,2022-06-15,18.0
328784,Robin Koch,Leeds United,2021-22,DF,25,1574,0,0,2022-05-22,2022-06-15,16.0
331560,Takehiro Tomiyasu,Arsenal FC,2021-22,DF,23,1684,0,1,2022-05-22,2022-06-15,25.0
333241,Joelinton,Newcastle United,2021-22,MF,25,2559,4,1,2022-05-22,2022-06-15,20.0
335721,Ben White,Arsenal FC,2021-22,DF,24,2880,0,0,2022-05-22,2022-06-15,40.0
337333,Alex Král,West Ham United,2021-22,MF,24,1,0,0,2022-05-22,2022-06-15,7.0
338070,Konstantinos Tsimikas,Liverpool FC,2021-22,DF,26,874,0,2,2022-05-22,2022-06-15,15.0
339556,Rico Henry,Brentford FC,2021-22,DF,24,2784,3,0,2022-05-22,2022-06-15,20.0
340321,Josh Dasilva,Brentford FC,2021-22,MF,23,252,0,0,2022-05-22,2022-06-15,10.0
340322,Nathan Tella,Southampton FC,2021-22,FW,22,811,0,1,2022-05-22,2022-06-15,1.8
340324,Eddie Nketiah,Arsenal FC,2021-22,FW,22,826,5,1,2022-05-22,2022-06-15,16.0
340325,Reiss Nelson,Arsenal FC,2021-22,FW,22,19,0,0,2022-05-22,2022-06-08,6.5
340329,Joe Willock,Newcastle United,2021-22,MF,22,2045,2,0,2022-05-22,2022-06-15,22.0
340918,Caoimhín Kelleher,Liverpool FC,2021-22,GK,23,180,0,0,2022-05-22,2022-06-15,8.0
340950,Diogo Jota,Liverpool FC,2021-22,FW,25,2374,15,6,2022-05-22,2022-06-15,60.0
341051,Kyle Walker-Peters,Southampton FC,2021-22,DF,25,2632,1,2,2022-05-22,2022-06-15,22.0
341429,Davinson Sánchez,Tottenham Hotspur,2021-22,DF,25,1626,2,0,2022-05-22,2022-06-15,28.0
341501,Hamza Choudhury,Leicester City,2021-22,MF,24,287,0,0,2022-05-22,2022-06-15,4.0
342046,Axel Tuanzebe,Aston Villa,2021-22,DF,24,505,0,0,2022-05-22,2022-06-07,7.0
343052,Nicolas Pépé,Arsenal FC,2021-22,FW,26,681,1,2,2022-05-22,2022-06-15,25.0
343475,Ben Godfrey,Everton FC,2021-22,DF,24,2031,0,0,2022-05-22,2022-06-15,20.0
344152,Odsonne Édouard,Crystal Palace,2021-22,FW,24,1566,6,3,2022-05-22,2022-06-15,17.0
344596,Malang Sarr,Chelsea FC,2021-22,DF,23,546,0,0,2022-05-22,2022-06-15,8.0
344605,Boubakary Soumaré,Leicester City,2021-22,MF,23,1100,0,1,2022-05-22,2022-06-15,25.0
346018,Jamal Lewis,Newcastle United,2021-22,DF,24,263,0,0,2022-05-22,2022-06-15,10.0
346314,Trevoh Chalobah,Chelsea FC,2021-22,DF,22,1448,3,1,2022-05-22,2022-06-15,20.0
346478,Japhet Tanganga,Tottenham Hotspur,2021-22,DF,23,739,0,0,2022-05-22,2022-06-15,12.0
346483,Mason Mount,Chelsea FC,2021-22,MF,23,2364,11,10,2022-05-22,2022-06-15,75.0
346707,Sean Longstaff,Newcastle United,2021-22,MF,24,1460,1,1,2022-05-22,2022-06-15,13.0
346779,Ché Adams,Southampton FC,2021-22,FW,25,2042,7,3,2022-05-22,2022-06-15,18.0
348623,Mason Holgate,Everton FC,2021-22,DF,25,2134,2,1,2022-05-22,2022-06-15,18.0
348795,Giovani Lo Celso,Tottenham Hotspur,2021-22,MF,26,233,0,0,2022-05-22,2022-06-03,22.0
351749,Kalvin Phillips,Leeds United,2021-22,MF,26,1595,0,1,2022-05-22,2022-06-15,50.0
354362,Rodrigo Bentancur,Tottenham Hotspur,2021-22,MF,24,1365,0,4,2022-05-22,2022-06-15,28.0
355915,Cristian Romero,Tottenham Hotspur,2021-22,DF,24,1846,1,0,2022-05-22,2022-06-15,48.0
357119,Ibrahima Konaté,Liverpool FC,2021-22,DF,22,990,0,0,2022-05-22,2022-06-15,40.0
357147,Diogo Dalot,Manchester United,2021-22,DF,23,1797,0,0,2022-05-22,2022-06-15,20.0
357565,Rodri,Manchester City,2021-22,MF,25,2888,7,2,2022-05-22,2022-06-15,80.0
357662,Declan Rice,West Ham United,2021-22,MF,23,3178,1,4,2022-05-22,2022-06-15,80.0
357885,Pablo Fornals,West Ham United,2021-22,MF,26,2802,6,4,2022-05-22,2022-06-15,22.0
361260,Ozan Kabak,Norwich City,2021-22,DF,22,924,0,0,2022-05-22,2022-06-15,10.0
363205,Gabriel Jesus,Manchester City,2021-22,FW,25,1878,8,9,2022-05-22,2022-06-15,50.0
364135,Moise Kean,Everton FC,2021-22,FW,22,1,0,0,2022-05-22,2022-06-07,24.0
365172,Patson Daka,Leicester City,2021-22,FW,23,1161,5,3,2022-05-22,2022-06-15,20.0
371436,Francisco Sierralta,Watford FC,2021-22,DF,25,428,0,0,2022-05-22,2022-06-15,1.5
372240,Mads Bech Sørensen,Brentford FC,2021-22,DF,23,833,0,0,2022-05-22,2022-06-15,5.0
374139,Junior Firpo,Leeds United,2021-22,DF,25,1716,0,2,2022-05-22,2022-06-15,12.0
377393,Pierre Lees-Melou,Norwich City,2021-22,MF,28,2272,1,1,2022-05-22,2022-06-15,5.0
378710,Richarlison,Everton FC,2021-22,FW,25,2528,10,5,2022-05-22,2022-06-15,48.0
379807,Lyanco,Southampton FC,2021-22,DF,25,906,0,0,2022-05-22,2022-06-15,5.0
381967,Albert Sambi Lokonga,Arsenal FC,2021-22,MF,22,1132,0,0,2022-05-22,2022-06-15,14.0
383109,Przemyslaw Placheta,Norwich City,2021-22,FW,24,506,0,0,2022-05-22,2022-06-15,1.8
384461,Jakub Moder,Brighton & Hove Albion,2021-22,MF,23,1703,0,3,2022-05-22,2022-06-15,12.0
387626,Leon Bailey,Aston Villa,2021-22,FW,24,755,1,2,2022-05-22,2022-06-15,25.0
388165,Yoane Wissa,Brentford FC,2021-22,FW,25,1273,7,1,2022-05-22,2022-06-15,12.0
390664,Jacob Lungi Sørensen,Norwich City,2021-22,MF,24,601,0,0,2022-05-22,2022-06-15,1.5
391005,Mads Roerslev,Brentford FC,2021-22,DF,22,1233,1,1,2022-05-22,2022-06-15,2.5
392757,Marc Guéhi,Crystal Palace,2021-22,DF,21,3223,2,1,2022-05-22,2022-06-15,32.0
392765,Emile Smith Rowe,Arsenal FC,2021-22,MF,21,1920,10,2,2022-05-22,2022-06-15,40.0
392768,Callum Hudson-Odoi,Chelsea FC,2021-22,FW,21,966,1,3,2022-05-22,2022-06-15,25.0
392775,Ryan Sessegnon,Tottenham Hotspur,2021-22,DF,22,1053,0,2,2022-05-22,2022-06-15,18.0
393325,Josh Sargent,Norwich City,2021-22,FW,22,1579,2,1,2022-05-22,2022-06-15,7.0
398065,Harvey Barnes,Leicester City,2021-22,FW,24,2105,6,10,2022-05-22,2022-06-15,32.0
398184,Ferran Torres,Manchester City,2021-22,FW,22,305,2,1,2022-05-22,2022-06-03,45.0
401173,Jadon Sancho,Manchester United,2021-22,FW,22,1901,3,3,2022-05-22,2022-06-15,75.0
403151,Robert Sánchez,Brighton & Hove Albion,2021-22,GK,24,3330,0,0,2022-05-22,2022-06-15,16.0
404842,Vitaliy Mykolenko,Everton FC,2021-22,DF,22,1056,1,0,2022-05-22,2022-06-15,18.0
406008,Yan Valery,Southampton FC,2021-22,DF,23,369,0,0,2022-05-22,2022-06-15,2.5
406040,Ademola Lookman,Leicester City,2021-22,FW,24,1457,6,0,2022-05-22,2022-06-15,10.0
406635,Phil Foden,Manchester City,2021-22,MF,21,2134,9,5,2022-05-22,2022-06-15,90.0
406638,Oliver Skipp,Tottenham Hotspur,2021-22,MF,21,1349,0,0,2022-05-22,2022-06-15,18.0
410225,Ismaïla Sarr,Watford FC,2021-22,FW,24,1865,5,2,2022-05-22,2022-06-15,27.0
410425,Yves Bissouma,Brighton & Hove Albion,2021-22,MF,25,2116,1,2,2022-05-22,2022-06-15,35.0
410708,Pascal Struijk,Leeds United,2021-22,DF,22,2051,1,0,2022-05-22,2022-06-15,15.0
411295,Raphinha,Leeds United,2021-22,FW,25,2923,11,3,2022-05-22,2022-06-15,45.0
412669,Francisco Trincão,Wolverhampton Wanderers,2021-22,MF,22,1342,2,1,2022-05-22,2022-06-15,20.0
413032,Ibrahima Diallo,Southampton FC,2021-22,MF,23,1018,0,2,2022-05-22,2022-06-15,10.0
413039,Bryan Mbeumo,Brentford FC,2021-22,FW,22,2916,4,7,2022-05-22,2022-06-15,22.0
413220,James Justin,Leicester City,2021-22,DF,24,997,0,0,2022-05-22,2022-06-15,25.0
413403,Ezri Konsa,Aston Villa,2021-22,DF,24,2481,2,0,2022-05-22,2022-06-15,22.0
417346,Jack Harrison,Leeds United,2021-22,FW,25,2647,8,1,2022-05-22,2022-06-15,18.0
418561,Kristoffer Klaesson,Leeds United,2021-22,GK,21,35,0,0,2022-05-22,2022-06-15,2.0
420002,Jean-Philippe Mateta,Crystal Palace,2021-22,FW,24,1149,5,1,2022-05-22,2022-06-15,10.0
421637,Frank Onyeka,Brentford FC,2021-22,MF,24,1051,0,0,2022-05-22,2022-06-15,9.0
423744,Billy Gilmour,Norwich City,2021-22,MF,20,1858,0,1,2022-05-22,2022-06-15,12.0
424051,Samuel Kalu,Watford FC,2021-22,FW,24,222,0,0,2022-05-22,2022-06-15,3.0
425334,Matty Cash,Aston Villa,2021-22,DF,24,3380,4,3,2022-05-22,2022-06-15,25.0
427568,Aaron Ramsdale,Arsenal FC,2021-22,GK,24,3060,0,0,2022-05-22,2022-06-15,28.0
431755,Dejan Kulusevski,Tottenham Hotspur,2021-22,MF,22,1267,5,8,2022-05-22,2022-06-15,40.0
433177,Bukayo Saka,Arsenal FC,2021-22,FW,20,2994,11,7,2022-05-22,2022-06-15,65.0
433188,Curtis Jones,Liverpool FC,2021-22,MF,21,856,1,1,2022-05-22,2022-06-15,28.0
434223,Adam Idah,Norwich City,2021-22,FW,21,620,1,1,2022-05-22,2022-06-15,3.0
435338,Gabriel,Arsenal FC,2021-22,DF,24,3067,5,0,2022-05-22,2022-06-15,38.0
442248,Ethan Pinnock,Brentford FC,2021-22,DF,28,2697,1,1,2022-05-22,2022-06-15,12.0
442531,Edouard Mendy,Chelsea FC,2021-22,GK,30,3060,0,0,2022-05-22,2022-06-15,32.0
444211,Will Smallbone,Southampton FC,2021-22,MF,22,133,0,0,2022-05-22,2022-06-15,2.0
447661,Douglas Luiz,Aston Villa,2021-22,MF,24,2722,2,3,2022-05-22,2022-06-15,38.0
448854,Emmanuel Dennis,Watford FC,2021-22,FW,24,2590,10,6,2022-05-22,2022-06-15,14.0
450936,Tanguy Ndombélé,Tottenham Hotspur,2021-22,MF,25,486,1,1,2022-05-22,2022-05-30,30.0
451677,Christos Tzolis,Norwich City,2021-22,FW,20,328,0,0,2022-05-22,2022-06-15,8.0
453704,Álvaro Fernández,Brentford FC,2021-22,GK,24,1080,0,0,2022-05-22,2022-06-15,4.0
459463,Cucho Hernández,Watford FC,2021-22,FW,23,1141,5,2,2022-05-22,2022-06-15,9.0
462832,Mads Bidstrup,Brentford FC,2021-22,MF,21,36,0,0,2022-05-22,2022-06-20,1.0
468002,Ben Johnson,West Ham United,2021-22,DF,22,1398,1,0,2022-05-22,2022-06-15,9.0
469050,Nathan Collins,Burnley FC,2021-22,DF,21,1670,2,0,2022-05-22,2022-06-15,10.0
471690,Max Aarons,Norwich City,2021-22,DF,22,2882,0,2,2022-05-22,2022-06-15,22.0
472423,Reece James,Chelsea FC,2021-22,DF,22,1865,5,9,2022-05-22,2022-06-15,60.0
474701,Crysencio Summerville,Leeds United,2021-22,FW,20,126,0,0,2022-05-22,2022-06-15,2.0
475188,Kiernan Dewsbury-Hall,Leicester City,2021-22,MF,23,2105,1,2,2022-05-22,2022-06-15,8.0
475411,Wesley Fofana,Leicester City,2021-22,DF,21,630,0,0,2022-05-22,2022-06-15,40.0
476237,Steven Alzate,Brighton & Hove Albion,2021-22,MF,23,405,0,0,2022-05-22,2022-06-15,5.0
476344,Emerson Royal,Tottenham Hotspur,2021-22,DF,23,2289,1,1,2022-05-22,2022-06-15,25.0
477758,Aaron Wan-Bissaka,Manchester United,2021-22,DF,24,1794,0,0,2022-05-22,2022-06-15,25.0
479999,Eberechi Eze,Crystal Palace,2021-22,MF,23,602,1,1,2022-05-22,2022-06-15,22.0
480692,Luis Díaz,Liverpool FC,2021-22,FW,25,963,4,3,2022-05-22,2022-06-15,65.0
485424,Moussa Djenepo,Southampton FC,2021-22,FW,23,455,0,0,2022-05-22,2022-06-15,10.0
485583,Ki-Jana Hoever,Wolverhampton Wanderers,2021-22,DF,20,307,0,0,2022-05-22,2022-06-15,6.0
486477,Edo Kayembe,Watford FC,2021-22,MF,23,799,0,0,2022-05-22,2022-06-15,3.0
487465,Pedro Neto,Wolverhampton Wanderers,2021-22,FW,22,464,1,1,2022-05-22,2022-06-15,32.0
490307,Enock Mwepu,Brighton & Hove Albion,2021-22,MF,24,994,2,5,2022-05-22,2022-06-15,18.0
503688,Dominic Thompson,Brentford FC,2021-22,DF,21,148,0,0,2022-05-22,2022-06-15,0.8
503733,Anthony Gordon,Everton FC,2021-22,FW,21,2286,4,2,2022-05-22,2022-06-15,20.0
503749,Jacob Ramsey,Aston Villa,2021-22,MF,20,2479,6,1,2022-05-22,2022-06-15,25.0
503795,Jeremy Ngakia,Watford FC,2021-22,DF,21,900,0,0,2022-05-22,2022-06-15,3.5
503980,Joe Gelhardt,Leeds United,2021-22,FW,20,736,2,4,2022-05-22,2022-06-15,6.0
503981,Tino Livramento,Southampton FC,2021-22,DF,19,2203,1,2,2022-05-22,2022-06-15,25.0
504148,Tariq Lamptey,Brighton & Hove Albion,2021-22,DF,21,1556,0,2,2022-05-22,2022-06-15,18.0
505194,Luke Thomas,Leicester City,2021-22,DF,20,1912,0,1,2022-05-22,2022-06-15,12.0
505653,Fábio Silva,Wolverhampton Wanderers,2021-22,FW,19,564,0,0,2022-05-22,2022-06-15,15.0
507254,Nathan Ferguson,Crystal Palace,2021-22,DF,21,8,0,0,2022-05-22,2022-06-15,2.5
507700,Brandon Williams,Norwich City,2021-22,DF,21,2123,0,1,2022-05-22,2022-06-15,12.0
520624,Bruno Guimarães,Newcastle United,2021-22,MF,24,1034,5,1,2022-05-22,2022-06-15,40.0
525247,Maximilian Kilman,Wolverhampton Wanderers,2021-22,DF,24,2689,1,0,2022-05-22,2022-06-15,16.0
532178,Sam Greenwood,Leeds United,2021-22,MF,20,232,0,2,2022-05-22,2022-06-15,2.5
532541,Luke Cundle,Wolverhampton Wanderers,2021-22,MF,20,180,0,0,2022-05-22,2022-06-15,0.8
533916,Shandon Baptiste,Brentford FC,2021-22,MF,24,905,1,0,2022-05-22,2022-06-15,3.0
534033,Alexis Mac Allister,Brighton & Hove Albion,2021-22,MF,23,2115,5,2,2022-05-22,2022-06-15,16.0
534700,Jamie Shackleton,Leeds United,2021-22,MF,22,707,0,0,2022-05-22,2022-06-15,2.5
535955,Nuno Tavares,Arsenal FC,2021-22,DF,22,1171,1,1,2022-05-22,2022-06-15,15.0
537382,Bryan Gil,Tottenham Hotspur,2021-22,FW,21,87,0,0,2022-05-22,2022-06-03,18.0
542586,Illan Meslier,Leeds United,2021-22,GK,22,3385,0,0,2022-05-22,2022-06-15,20.0
563963,Mohammed Salisu,Southampton FC,2021-22,DF,23,2972,0,0,2022-05-22,2022-06-15,18.0
565822,Harvey Elliott,Liverpool FC,2021-22,MF,19,345,0,0,2022-05-22,2022-06-15,22.0
566723,Michael Olise,Crystal Palace,2021-22,FW,20,1135,2,5,2022-05-22,2022-06-15,22.0
568005,Jeremy Sarmiento,Brighton & Hove Albion,2021-22,FW,19,45,0,0,2022-05-22,2022-06-15,3.0
568177,Cole Palmer,Manchester City,2021-22,MF,20,122,0,0,2022-05-22,2022-06-15,6.0
578391,Rayan Aït-Nouri,Wolverhampton Wanderers,2021-22,DF,20,1828,1,4,2022-05-22,2022-06-15,20.0
583189,Anthony Elanga,Manchester United,2021-22,FW,20,1214,2,2,2022-05-22,2022-06-15,20.0
584769,Dwight McNeil,Burnley FC,2021-22,FW,22,3112,0,1,2022-05-22,2022-06-15,18.0
587019,Fin Stevens,Brentford FC,2021-22,DF,19,14,0,0,2022-05-22,2022-06-15,0.4
597659,Charlie Cresswell,Leeds United,2021-22,DF,19,140,0,0,2022-05-22,2022-06-15,3.0
606718,Toti,Wolverhampton Wanderers,2021-22,DF,23,360,0,0,2022-05-22,2022-06-15,1.5
607224,Hannibal,Manchester United,2021-22,MF,19,68,0,0,2022-05-22,2022-06-15,6.0
614082,Liam McCarron,Leeds United,2021-22,DF,21,9,0,0,2022-05-22,2022-06-15,0.5
621993,Andrew Omobamidele,Norwich City,2021-22,DF,19,381,1,0,2022-05-22,2022-06-15,1.2
626724,João Pedro,Watford FC,2021-22,FW,20,1638,3,1,2022-05-22,2022-06-15,14.0
635336,Imrân Louza,Watford FC,2021-22,MF,23,1420,0,0,2022-05-22,2022-06-15,9.0
640026,Shola Shoretire,Manchester United,2021-22,FW,18,15,0,0,2022-05-22,2022-06-15,4.0
648046,Evan Ferguson,Brighton & Hove Albion,2021-22,FW,17,22,0,0,2022-05-22,2022-06-15,0.6
655488,Gabriel Martinelli,Arsenal FC,2021-22,FW,20,1867,6,6,2022-05-22,2022-06-15,40.0
659459,Carney Chukwuemeka,Aston Villa,2021-22,MF,18,294,0,1,2022-05-22,2022-06-15,6.0
661053,Jarrad Branthwaite,Everton FC,2021-22,DF,19,388,1,0,2022-05-22,2022-06-15,3.0
661208,Leo Hjelde,Leeds United,2021-22,DF,18,148,0,0,2022-05-22,2022-06-15,0.8
672381,Jonathan Rowe,Norwich City,2021-22,FW,19,208,0,1,2022-05-22,2022-06-15,0.8
687626,Moisés Caicedo,Brighton & Hove Albion,2021-22,MF,20,664,1,1,2022-05-22,2022-06-15,6.0
695454,Chiquinho,Wolverhampton Wanderers,2021-22,FW,22,203,0,3,2022-05-22,2022-06-15,3.0
696589,Tim Iroegbunam,Aston Villa,2021-22,MF,18,91,0,0,2022-05-22,2022-06-15,2.5
730893,Tyrick Mitchell,Crystal Palace,2021-22,DF,22,3103,0,2,2022-05-22,2022-06-15,25.0
811779,Alejandro Garnacho,Manchester United,2021-22,FW,17,12,0,0,2022-05-22,2022-07-01,2.0
3333,James Milner,Liverpool FC,2022-23,MF,37,893,0,1,2023-05-28,2023-06-20,1.5
8198,Cristiano Ronaldo,Manchester United,2022-23,FW,38,520,1,0,2023-05-28,2023-06-12,15.0
14086,Ashley Young,Aston Villa,2022-23,DF,37,2038,1,0,2023-05-28,2023-06-20,0.6
16306,Casemiro,Manchester United,2022-23,MF,31,2127,4,3,2023-05-28,2023-06-20,40.0
17965,Hugo Lloris,Tottenham Hotspur,2022-23,GK,36,2205,0,0,2023-05-28,2023-06-20,3.0
29241,Thiago Silva,Chelsea FC,2022-23,DF,38,2352,0,2,2023-05-28,2023-06-20,2.0
29364,João Moutinho,Wolverhampton Wanderers,2022-23,MF,36,1783,0,2,2023-05-28,2023-06-20,1.5
29692,Lukasz Fabianski,West Ham United,2022-23,GK,38,3113,0,0,2023-05-28,2023-06-20,0.9
33713,Theo Walcott,Southampton FC,2022-23,FW,34,1133,2,2,2023-05-28,2023-06-20,1.0
33873,Asmir Begovic,Everton FC,2022-23,GK,35,90,0,0,2023-05-28,2023-06-20,0.8
41416,James McArthur,Crystal Palace,2022-23,MF,35,50,0,0,2023-05-28,2023-06-20,0.4
42412,Jonny Evans,Leicester City,2022-23,DF,35,1053,0,0,2023-05-28,2023-06-20,2.0
42460,Ivan Perišić,Tottenham Hotspur,2022-23,FW,34,2111,1,8,2023-05-28,2023-06-20,7.0
43530,Adam Lallana,Brighton & Hove Albion,2022-23,MF,35,728,2,1,2023-05-28,2023-06-20,1.2
44779,Diego Costa,Wolverhampton Wanderers,2022-23,FW,34,1247,1,0,2023-05-28,2023-06-20,2.0
45403,André Ayew,Nottingham Forest,2022-23,FW,33,307,0,0,2023-05-28,2023-06-20,1.8
45494,Wayne Hennessey,Nottingham Forest,2022-23,GK,36,271,0,0,2023-05-28,2023-06-20,0.4
48002,Angelo Ogbonna,West Ham United,2022-23,DF,35,1236,0,0,2023-05-28,2023-06-20,0.9
51152,Aleksandar Mitrović,Fulham FC,2022-23,FW,28,2016,14,2,2023-05-28,2023-06-20,28.0
51471,Mateo Kovacic,Chelsea FC,2022-23,MF,29,1705,1,2,2023-05-28,2023-06-20,38.0
52059,Zanka,Brentford FC,2022-23,DF,33,1099,0,0,2023-05-28,2023-06-20,1.5
52570,Fraser Forster,Tottenham Hotspur,2022-23,GK,35,1215,0,0,2023-05-28,2023-06-20,1.5
52769,Willian,Fulham FC,2022-23,FW,34,2144,5,6,2023-05-28,2023-06-20,3.0
53622,İlkay Gündoğan,Manchester City,2022-23,MF,32,2359,8,5,2023-05-28,2023-06-20,20.0
57500,César Azpilicueta,Chelsea FC,2022-23,DF,33,1522,0,0,2023-05-28,2023-06-20,5.0
58864,Pierre-Emerick Aubameyang,Chelsea FC,2022-23,FW,33,551,1,0,2023-05-28,2023-06-20,4.0
59377,David de Gea,Manchester United,2022-23,GK,32,3420,0,0,2023-05-28,2023-06-20,13.0
60444,Thiago Alcántara,Liverpool FC,2022-23,MF,32,1256,0,0,2023-05-28,2023-06-20,15.0
61560,Marc Albrighton,Leicester City,2022-23,MF,33,233,1,0,2023-05-28,2023-06-01,1.0
61592,James Tomkins,Crystal Palace,2022-23,DF,34,336,1,0,2023-05-28,2023-06-20,0.8
61644,Jack Colback,Nottingham Forest,2022-23,MF,33,494,0,0,2023-05-28,2023-06-20,0.6
61651,Jordan Henderson,Liverpool FC,2022-23,MF,32,2072,0,2,2023-05-28,2023-06-20,10.0
61841,Adam Smith,AFC Bournemouth,2022-23,DF,32,2948,0,1,2023-05-28,2023-06-20,1.2
64399,Vicente Guaita,Crystal Palace,2022-23,GK,36,2430,0,0,2023-05-28,2023-06-20,1.0
66100,Oriol Romeu,Southampton FC,2022-23,MF,31,75,0,0,2023-05-28,2023-06-13,5.0
66934,Cheikhou Kouyaté,Nottingham Forest,2022-23,MF,33,878,1,0,2023-05-28,2023-06-20,2.0
67063,Danny Welbeck,Brighton & Hove Albion,2022-23,FW,32,1856,6,4,2023-05-28,2023-06-20,7.0
67420,Luke Ayling,Leeds United,2022-23,DF,31,2049,2,1,2023-05-28,2023-06-20,1.8
68390,Séamus Coleman,Everton FC,2022-23,DF,34,1663,1,0,2023-05-28,2023-06-20,1.0
69633,Christian Eriksen,Manchester United,2022-23,MF,31,2063,1,8,2023-05-28,2023-06-20,22.0
71292,Jonjo Shelvey,Nottingham Forest,2022-23,MF,31,576,0,0,2023-05-28,2023-06-20,5.0
72476,Bernd Leno,Fulham FC,2022-23,GK,31,3240,0,0,2023-05-28,2023-06-20,12.0
73564,Jason Steele,Brighton & Hove Albion,2022-23,GK,32,1350,0,1,2023-05-28,2023-06-20,4.0
74230,Pablo Sarabia,Wolverhampton Wanderers,2022-23,MF,31,770,1,0,2023-05-28,2023-06-20,14.0
74300,Luka Milivojevic,Crystal Palace,2022-23,MF,32,504,0,0,2023-05-28,2023-06-20,2.0
74810,Ben Mee,Brentford FC,2022-23,DF,33,3272,3,2,2023-05-28,2023-06-20,2.0
74960,Martin Dúbravka,Newcastle United,2022-23,GK,34,156,0,0,2023-05-28,2023-06-20,1.5
75067,Liam Cooper,Leeds United,2022-23,DF,31,1427,1,0,2023-05-28,2023-06-20,3.0
75458,Robin Olsen,Aston Villa,2022-23,GK,33,280,0,0,2023-05-28,2023-06-20,1.5
77100,Lucas Moura,Tottenham Hotspur,2022-23,FW,30,145,1,0,2023-05-28,2023-06-20,6.0
79422,Keylor Navas,Nottingham Forest,2022-23,GK,36,1530,0,0,2023-05-28,2023-06-20,4.0
80197,Salomón Rondón,Everton FC,2022-23,FW,33,104,0,0,2023-05-28,2023-07-04,1.5
80444,Philippe Coutinho,Aston Villa,2022-23,MF,30,781,1,0,2023-05-28,2023-06-20,10.0
82105,Joel Matip,Liverpool FC,2022-23,DF,31,1093,1,0,2023-05-28,2023-06-20,12.0
82873,Pascal Groß,Brighton & Hove Albion,2022-23,MF,31,3246,9,8,2023-05-28,2023-06-20,8.0
85177,Nathaniel Clyne,Crystal Palace,2022-23,DF,32,1643,0,0,2023-05-28,2023-06-20,2.0
85941,Stefan Ortega,Manchester City,2022-23,GK,30,270,0,0,2023-05-28,2023-06-20,9.0
87672,Junior Stanislas,AFC Bournemouth,2022-23,FW,33,58,0,0,2023-05-28,2023-06-20,0.5
88755,Kevin De Bruyne,Manchester City,2022-23,MF,31,2425,7,18,2023-05-28,2023-06-20,70.0
90836,Steve Cook,Nottingham Forest,2022-23,DF,32,959,0,0,2023-05-28,2023-06-20,1.8
91845,Heung-min Son,Tottenham Hotspur,2022-23,FW,30,2899,10,6,2023-05-28,2023-06-20,50.0
92469,Matt Ritchie,Newcastle United,2022-23,MF,33,35,0,0,2023-05-28,2023-06-20,1.0
92571,Aaron Cresswell,West Ham United,2022-23,DF,33,2237,0,1,2023-05-28,2023-06-20,1.2
92572,Joel Ward,Crystal Palace,2022-23,DF,33,2255,1,0,2023-05-28,2023-06-20,1.2
92738,Mateusz Klich,Leeds United,2022-23,MF,32,266,0,0,2023-05-28,2023-08-22,2.0
93128,Kalidou Koulibaly,Chelsea FC,2022-23,DF,31,1800,2,1,2023-05-28,2023-06-20,15.0
95424,Kyle Walker,Manchester City,2022-23,DF,33,1956,0,0,2023-05-28,2023-06-20,13.0
95810,Kieran Trippier,Newcastle United,2022-23,DF,32,3348,1,7,2023-05-28,2023-06-20,11.0
95976,Alex McCarthy,Southampton FC,2022-23,GK,33,540,0,0,2023-05-28,2023-06-20,1.2
101118,Joel Robles,Leeds United,2022-23,GK,32,360,0,0,2023-05-28,2023-06-20,1.0
102017,Jorginho,Chelsea FC,2022-23,MF,31,2134,2,1,2023-05-28,2023-06-20,25.0
104124,Michail Antonio,West Ham United,2022-23,FW,33,1838,5,3,2023-05-28,2023-06-20,7.0
105470,Alisson,Liverpool FC,2022-23,GK,30,3330,0,1,2023-05-28,2023-06-20,35.0
106987,Marcel Sabitzer,Manchester United,2022-23,MF,29,627,0,1,2023-05-28,2023-06-20,20.0
108354,Jordan Ayew,Crystal Palace,2022-23,FW,31,2722,4,3,2023-05-28,2023-06-20,5.0
108725,Chris Wood,Newcastle United,2022-23,FW,31,816,3,0,2023-05-28,2023-06-20,8.0
110864,Sam Johnstone,Crystal Palace,2022-23,GK,30,810,0,0,2023-05-28,2023-06-20,6.0
111051,Nampalys Mendy,Leicester City,2022-23,MF,30,751,1,0,2023-05-28,2023-06-20,2.5
111195,Joël Veltman,Brighton & Hove Albion,2022-23,DF,31,2193,1,1,2023-05-28,2023-06-20,10.0
111422,Neeskens Kebano,Fulham FC,2022-23,FW,31,766,0,3,2023-05-28,2023-06-20,2.0
111455,Granit Xhaka,Arsenal FC,2022-23,MF,30,3004,7,7,2023-05-28,2023-06-20,20.0
111819,Neto,AFC Bournemouth,2022-23,GK,33,2385,0,0,2023-05-28,2023-06-20,2.5
111873,Emiliano Martínez,Aston Villa,2022-23,GK,30,3140,0,0,2023-05-28,2023-06-20,28.0
112988,Cédric Soares,Fulham FC,2022-23,DF,31,224,0,0,2023-05-28,2023-06-20,3.0
118534,Michael Keane,Everton FC,2022-23,DF,30,983,1,2,2023-05-28,2023-06-20,10.0
119150,Mislav Orsic,Southampton FC,2022-23,FW,30,6,0,0,2023-05-28,2023-06-20,5.0
119269,Shane Duffy,Fulham FC,2022-23,DF,31,17,0,0,2023-05-28,2023-06-20,2.0
120629,Alphonse Areola,West Ham United,2022-23,GK,30,307,0,0,2023-05-28,2023-06-20,8.0
121257,Adam Forshaw,Leeds United,2022-23,MF,31,476,0,0,2023-05-28,2023-06-20,1.2
121477,Craig Dawson,Wolverhampton Wanderers,2022-23,DF,33,2135,1,0,2023-05-28,2023-06-20,2.0
123275,Tom Cairney,Fulham FC,2022-23,MF,32,972,2,0,2023-05-28,2023-06-20,2.0
123682,Callum Wilson,Newcastle United,2022-23,FW,31,1887,18,5,2023-05-28,2023-06-20,16.0
125314,Pontus Jansson,Brentford FC,2022-23,DF,32,724,1,0,2023-05-28,2023-06-20,2.5
126664,Lucas Digne,Aston Villa,2022-23,DF,29,1500,1,0,2023-05-28,2023-06-20,15.0
126665,Idrissa Gueye,Everton FC,2022-23,MF,33,2593,0,1,2023-05-28,2023-06-20,5.0
126710,Layvin Kurzawa,Fulham FC,2022-23,DF,30,136,0,0,2023-05-28,2023-06-20,3.0
127032,Serge Aurier,Nottingham Forest,2022-23,DF,30,1949,1,0,2023-05-28,2023-06-20,8.0
127187,Abdoulaye Doucouré,Everton FC,2022-23,MF,30,1530,5,2,2023-05-28,2023-06-20,12.0
128900,Nathaniel Chalobah,Fulham FC,2022-23,MF,28,12,0,0,2023-05-28,2023-06-01,1.8
128901,Conor Coady,Everton FC,2022-23,DF,30,2095,1,1,2023-05-28,2023-06-20,12.0
129078,Nathan Redmond,Southampton FC,2022-23,FW,29,1,0,0,2023-05-28,2023-06-08,10.0
129588,Dennis Praet,Leicester City,2022-23,MF,29,640,1,0,2023-05-28,2023-06-20,7.0
130164,Jordan Pickford,Everton FC,2022-23,GK,29,3330,0,1,2023-05-28,2023-06-20,22.0
130765,Stuart Armstrong,Southampton FC,2022-23,MF,31,1405,2,1,2023-05-28,2023-06-20,4.5
131505,Rodrigo,Leeds United,2022-23,FW,32,1943,13,1,2023-05-28,2023-06-20,6.0
131789,Roberto Firmino,Liverpool FC,2022-23,FW,31,1212,11,4,2023-05-28,2023-06-20,18.0
131996,Bertrand Traoré,Aston Villa,2022-23,FW,27,226,2,0,2023-05-28,2023-06-20,12.0
132098,Harry Kane,Tottenham Hotspur,2022-23,FW,29,3408,30,3,2023-05-28,2023-06-20,90.0
134270,Dan Burn,Newcastle United,2022-23,DF,31,3116,1,0,2023-05-28,2023-06-20,10.0
134294,Danny Ings,Aston Villa,2022-23,FW,30,1589,8,2,2023-05-28,2023-06-20,12.0
134425,Raheem Sterling,Chelsea FC,2022-23,FW,28,1902,6,3,2023-05-28,2023-06-20,55.0
135343,Fabian Schär,Newcastle United,2022-23,DF,31,3210,1,3,2023-05-28,2023-06-20,10.0
135853,Manuel Lanzini,West Ham United,2022-23,MF,30,244,1,0,2023-05-28,2023-06-20,6.0
136401,Daniel Bentley,Wolverhampton Wanderers,2022-23,GK,29,180,0,0,2023-05-28,2023-06-20,2.0
139208,Virgil van Dijk,Liverpool FC,2022-23,DF,31,2835,3,1,2023-05-28,2023-06-20,35.0
140191,Ryan Fredericks,AFC Bournemouth,2022-23,DF,30,531,0,0,2023-05-28,2023-06-20,1.5
141660,Jesse Lingard,Nottingham Forest,2022-23,MF,30,927,0,0,2023-05-28,2023-06-20,8.0
142310,Willy Boly,Nottingham Forest,2022-23,DF,32,687,0,1,2023-05-28,2023-06-20,2.5
143424,Alex Oxlade-Chamberlain,Liverpool FC,2022-23,MF,29,335,1,0,2023-05-28,2023-06-20,7.0
144028,Leandro Trossard,Brighton & Hove Albion,2022-23,FW,28,2257,8,13,2023-05-28,2023-06-20,35.0
145466,Tim Ream,Fulham FC,2022-23,DF,35,2900,1,0,2023-05-28,2023-06-20,1.0
145988,Wilfried Zaha,Crystal Palace,2022-23,FW,30,2294,7,2,2023-05-28,2023-06-20,22.0
146795,Ryan Fraser,Newcastle United,2022-23,FW,29,311,0,0,2023-05-28,2023-06-20,6.0
148153,Lewis Dunk,Brighton & Hove Albion,2022-23,DF,31,3240,1,0,2023-05-28,2023-06-20,16.0
148252,Remo Freuler,Nottingham Forest,2022-23,MF,31,2165,0,0,2023-05-28,2023-06-20,8.0
148367,Christian Nørgaard,Brentford FC,2022-23,MF,29,1770,1,4,2023-05-28,2023-06-20,16.0
148455,Mohamed Salah,Liverpool FC,2022-23,FW,30,3297,19,12,2023-05-28,2023-06-20,65.0
156501,Felipe,Nottingham Forest,2022-23,DF,34,1419,0,1,2023-05-28,2023-06-20,2.0
157506,Jeffrey Schlupp,Crystal Palace,2022-23,MF,30,2547,3,1,2023-05-28,2023-06-20,7.0
157509,Kurt Zouma,West Ham United,2022-23,DF,28,1990,2,0,2023-05-28,2023-06-20,22.0
157672,Vladimír Coufal,West Ham United,2022-23,DF,30,2139,0,1,2023-05-28,2023-06-20,9.0
160438,Mohamed Elneny,Arsenal FC,2022-23,MF,30,111,0,0,2023-05-28,2023-06-20,6.0
162029,Javier Manquillo,Newcastle United,2022-23,DF,29,34,0,0,2023-05-28,2023-06-20,2.5
163744,Jack Stephens,AFC Bournemouth,2022-23,DF,29,1218,0,0,2023-05-28,2023-06-20,3.5
164770,Raphaël Varane,Manchester United,2022-23,DF,30,1917,0,0,2023-05-28,2023-06-20,35.0
167799,Pierre-Emile Højbjerg,Tottenham Hotspur,2022-23,MF,27,3133,4,5,2023-05-28,2023-06-20,45.0
168157,Leander Dendoncker,Aston Villa,2022-23,MF,28,902,0,0,2023-05-28,2023-06-20,15.0
170646,Ludwig Augustinsson,Aston Villa,2022-23,DF,29,75,0,0,2023-05-28,2023-06-13,2.5
170934,Mario Lemina,Wolverhampton Wanderers,2022-23,MF,29,1303,0,1,2023-05-28,2023-06-20,10.0
171424,Riyad Mahrez,Manchester City,2022-23,FW,32,1924,5,10,2023-05-28,2023-06-20,20.0
171679,Matt Doherty,Tottenham Hotspur,2022-23,DF,31,668,1,0,2023-05-28,2023-06-13,5.0
173504,James Tarkowski,Everton FC,2022-23,DF,30,3420,1,1,2023-05-28,2023-06-20,18.0
174094,Morgan Sanson,Aston Villa,2022-23,MF,28,10,0,0,2023-05-28,2023-06-27,6.0
175446,Jonny Otto,Wolverhampton Wanderers,2022-23,DF,29,1262,1,0,2023-05-28,2023-06-20,13.0
175722,Eric Dier,Tottenham Hotspur,2022-23,DF,29,2816,2,1,2023-05-28,2023-06-20,18.0
176553,Aymeric Laporte,Manchester City,2022-23,DF,29,993,0,0,2023-05-28,2023-06-20,25.0
177476,Nathan Aké,Manchester City,2022-23,DF,28,1877,1,0,2023-05-28,2023-06-20,42.0
177907,Harry Maguire,Manchester United,2022-23,DF,30,762,0,0,2023-05-28,2023-06-20,20.0
181579,James Ward-Prowse,Southampton FC,2022-23,MF,28,3372,9,4,2023-05-28,2023-06-20,38.0
181778,Emerson,West Ham United,2022-23,DF,28,1322,1,0,2023-05-28,2023-06-20,12.0
182712,João Cancelo,Manchester City,2022-23,DF,29,1278,2,1,2023-05-28,2023-06-22,50.0
182877,Anthony Martial,Manchester United,2022-23,FW,27,980,6,2,2023-05-28,2023-06-20,15.0
182904,Clément Lenglet,Tottenham Hotspur,2022-23,DF,27,2027,0,2,2023-05-28,2023-06-20,10.0
183288,Luke Shaw,Manchester United,2022-23,DF,27,2556,1,2,2023-05-28,2023-06-20,42.0
183293,Joe Rothwell,AFC Bournemouth,2022-23,MF,28,1016,0,1,2023-05-28,2023-06-20,4.0
183302,Ben Pearson,AFC Bournemouth,2022-23,MF,28,284,0,0,2023-05-28,2023-06-01,2.2
183318,Jamaal Lascelles,Newcastle United,2022-23,DF,29,214,0,0,2023-05-28,2023-06-20,4.5
183321,Kevin Mbabu,Fulham FC,2022-23,DF,28,141,0,1,2023-05-28,2023-06-07,3.5
183334,Patrick Bamford,Leeds United,2022-23,FW,29,1523,4,2,2023-05-28,2023-06-20,9.0
184528,Emil Krafth,Newcastle United,2022-23,DF,28,1,0,0,2023-05-28,2023-06-20,3.0
184573,Victor Lindelöf,Manchester United,2022-23,DF,28,1360,0,0,2023-05-28,2023-06-20,18.0
186186,Bobby De Cordova-Reid,Fulham FC,2022-23,MF,30,2485,4,1,2023-05-28,2023-06-20,7.0
186590,John Stones,Manchester City,2022-23,DF,29,1848,2,2,2023-05-28,2023-06-20,40.0
186644,Mohamed Elyounoussi,Southampton FC,2022-23,FW,28,2179,1,1,2023-05-28,2023-06-20,9.0
186901,Marek Rodák,Fulham FC,2022-23,GK,26,180,0,0,2023-05-28,2023-06-20,3.0
188077,Ryan Christie,AFC Bournemouth,2022-23,MF,28,1841,1,1,2023-05-28,2023-06-20,10.0
191614,Fred,Manchester United,2022-23,MF,30,1233,2,2,2023-05-28,2023-06-20,20.0
192080,Nick Pope,Newcastle United,2022-23,GK,31,3262,0,0,2023-05-28,2023-06-20,20.0
192279,Kepa Arrizabalaga,Chelsea FC,2022-23,GK,28,2565,0,0,2023-05-28,2023-06-20,18.0
192765,Ben Davies,Tottenham Hotspur,2022-23,DF,30,2290,2,2,2023-05-28,2023-06-20,15.0
193098,Álex Moreno,Aston Villa,2022-23,DF,29,1335,0,3,2023-05-28,2023-06-20,15.0
193116,John McGinn,Aston Villa,2022-23,MF,28,2698,1,3,2023-05-28,2023-06-20,27.0
197838,Jamie Vardy,Leicester City,2022-23,FW,36,1852,3,4,2023-05-28,2023-06-20,2.5
198516,Harry Toffolo,Nottingham Forest,2022-23,DF,27,935,0,0,2023-05-28,2023-06-20,3.5
199527,Jacob Murphy,Newcastle United,2022-23,FW,28,1243,4,2,2023-05-28,2023-06-20,15.0
202886,Ruben Loftus-Cheek,Chelsea FC,2022-23,MF,27,1542,0,1,2023-05-28,2023-06-20,25.0
203026,Danny Ward,Leicester City,2022-23,GK,29,2340,0,0,2023-05-28,2023-06-20,6.0
203394,Andreas Pereira,Fulham FC,2022-23,MF,27,2718,4,6,2023-05-28,2023-06-20,18.0
203460,Jack Grealish,Manchester City,2022-23,FW,27,2063,5,7,2023-05-28,2023-06-20,75.0
203655,Cafú,Nottingham Forest,2022-23,MF,30,6,0,0,2023-05-28,2023-06-20,0.6
203853,Oleksandr Zinchenko,Arsenal FC,2022-23,DF,26,2136,1,2,2023-05-28,2023-06-20,42.0
204103,Adama Traoré,Wolverhampton Wanderers,2022-23,FW,27,1484,2,2,2023-05-28,2023-06-20,10.0
204294,Saman Ghoddos,Brentford FC,2022-23,MF,29,124,0,0,2023-05-28,2023-06-20,2.0
206040,Raúl Jiménez,Wolverhampton Wanderers,2022-23,FW,32,841,0,1,2023-05-28,2023-06-20,6.0
206746,Kenny Tete,Fulham FC,2022-23,DF,27,2575,1,5,2023-05-28,2023-06-20,15.0
207014,Will Hughes,Crystal Palace,2022-23,MF,28,828,1,1,2023-05-28,2023-06-20,5.0
207929,Dele Alli,Everton FC,2022-23,MF,27,38,0,0,2023-05-28,2023-06-08,8.0
209212,Solly March,Brighton & Hove Albion,2022-23,FW,28,2728,7,7,2023-05-28,2023-06-20,22.0
212847,Adam Webster,Brighton & Hove Albion,2022-23,DF,28,1987,0,0,2023-05-28,2023-06-20,25.0
214056,Daniel Amartey,Leicester City,2022-23,DF,28,1610,0,0,2023-05-28,2023-06-20,12.0
215118,Calum Chambers,Aston Villa,2022-23,DF,28,344,0,0,2023-05-28,2023-06-20,8.0
215876,Ricardo Pereira,Leicester City,2022-23,DF,29,453,1,1,2023-05-28,2023-06-20,10.0
217111,Hakim Ziyech,Chelsea FC,2022-23,FW,30,653,0,3,2023-05-28,2023-06-20,16.0
217115,Neal Maupay,Everton FC,2022-23,FW,26,1115,1,0,2023-05-28,2023-06-20,10.0
225083,N'Golo Kanté,Chelsea FC,2022-23,MF,32,520,0,1,2023-05-28,2023-06-20,15.0
225122,Gonçalo Guedes,Wolverhampton Wanderers,2022-23,FW,26,709,1,1,2023-05-28,2023-06-16,23.0
225161,Rúben Neves,Wolverhampton Wanderers,2022-23,MF,26,3023,6,1,2023-05-28,2023-06-20,40.0
225693,Fabinho,Liverpool FC,2022-23,MF,29,2677,0,2,2023-05-28,2023-06-20,42.0
226973,Harrison Reed,Fulham FC,2022-23,MF,28,2879,3,4,2023-05-28,2023-06-20,18.0
228645,Wout Weghorst,Manchester United,2022-23,FW,30,797,0,1,2023-05-28,2023-06-20,12.0
228948,Thilo Kehrer,West Ham United,2022-23,DF,26,2230,0,2,2023-05-28,2023-06-20,18.0
230784,Thomas Partey,Arsenal FC,2022-23,MF,29,2486,3,0,2023-05-28,2023-06-20,35.0
231572,Nélson Semedo,Wolverhampton Wanderers,2022-23,DF,29,2635,0,1,2023-05-28,2023-06-20,15.0
232964,Emiliano Marcondes,AFC Bournemouth,2022-23,MF,28,8,0,0,2023-05-28,2023-06-26,1.5
234781,Maxwel Cornet,West Ham United,2022-23,FW,26,234,0,0,2023-05-28,2023-06-20,12.0
234803,Andrew Robertson,Liverpool FC,2022-23,DF,29,2590,0,8,2023-05-28,2023-06-20,40.0
238223,Ederson,Manchester City,2022-23,GK,29,3150,0,1,2023-05-28,2023-06-20,40.0
238266,Duje Caleta-Car,Southampton FC,2022-23,DF,26,944,1,0,2023-05-28,2023-06-20,11.0
239949,Jamal Lowe,AFC Bournemouth,2022-23,FW,28,11,0,0,2023-05-28,2023-06-01,1.5
240306,Bruno Fernandes,Manchester United,2022-23,MF,28,3320,8,8,2023-05-28,2023-06-20,75.0
241481,Jaïro Riedewald,Crystal Palace,2022-23,MF,26,59,0,0,2023-05-28,2023-06-20,3.0
241641,Bernardo Silva,Manchester City,2022-23,MF,28,2202,4,6,2023-05-28,2023-06-20,80.0
242631,Alex Iwobi,Everton FC,2022-23,FW,27,3382,2,8,2023-05-28,2023-06-20,28.0
243028,Jan Bednarek,Southampton FC,2022-23,DF,27,1773,0,0,2023-05-28,2023-06-20,14.0
243589,Josh Onomah,Fulham FC,2022-23,MF,26,14,0,0,2023-05-28,2023-06-01,1.5
245056,Saša Lukić,Fulham FC,2022-23,MF,26,409,0,0,2023-05-28,2023-06-20,12.0
246291,Diego Llorente,Leeds United,2022-23,DF,29,648,0,0,2023-05-28,2023-06-15,12.0
246968,Ayoze Pérez,Leicester City,2022-23,FW,29,379,0,1,2023-05-28,2023-06-13,6.0
249089,Lewis Cook,AFC Bournemouth,2022-23,MF,26,1715,0,2,2023-05-28,2023-06-20,10.0
249356,Jack Stacey,AFC Bournemouth,2022-23,DF,27,293,0,0,2023-05-28,2023-06-20,2.0
249565,Youri Tielemans,Leicester City,2022-23,MF,26,2351,3,2,2023-05-28,2023-06-20,25.0
249994,José Sá,Wolverhampton Wanderers,2022-23,GK,30,3240,0,0,2023-05-28,2023-06-20,18.0
250426,Adam Armstrong,Southampton FC,2022-23,FW,26,1334,2,1,2023-05-28,2023-06-20,10.0
250478,Matt Targett,Newcastle United,2022-23,DF,27,603,0,0,2023-05-28,2023-06-20,13.0
251664,Ivan Toney,Brentford FC,2022-23,FW,27,2955,20,4,2023-05-28,2023-06-20,35.0
253341,Rob Holding,Arsenal FC,2022-23,DF,27,562,1,0,2023-05-28,2023-06-20,8.0
253677,Tyrone Mings,Aston Villa,2022-23,DF,30,3150,1,2,2023-05-28,2023-06-20,22.0
255906,Scott McKenna,Nottingham Forest,2022-23,DF,26,1573,0,0,2023-05-28,2023-06-20,10.0
256178,Joe Gomez,Liverpool FC,2022-23,DF,26,1461,0,0,2023-05-28,2023-06-20,22.0
256977,Daniel Podence,Wolverhampton Wanderers,2022-23,FW,27,1770,6,0,2023-05-28,2023-06-20,20.0
257455,João Palhinha,Fulham FC,2022-23,MF,27,3113,3,0,2023-05-28,2023-06-20,40.0
258004,Rúben Dias,Manchester City,2022-23,DF,26,1998,0,0,2023-05-28,2023-06-20,80.0
258878,Tosin Adarabioyo,Fulham FC,2022-23,DF,25,2084,1,0,2023-05-28,2023-06-20,16.0
258889,Dominic Solanke,AFC Bournemouth,2022-23,FW,25,2873,6,7,2023-05-28,2023-06-20,20.0
258919,Dean Henderson,Nottingham Forest,2022-23,GK,26,1620,0,0,2023-05-28,2023-06-20,18.0
258923,Marcus Rashford,Manchester United,2022-23,FW,25,2891,17,5,2023-05-28,2023-06-20,80.0
260827,Joachim Andersen,Crystal Palace,2022-23,DF,26,2783,1,0,2023-05-28,2023-06-20,30.0
260841,Daniel Iversen,Leicester City,2022-23,GK,25,1080,0,0,2023-05-28,2023-06-20,5.0
262226,Timothy Castagne,Leicester City,2022-23,DF,27,3257,2,3,2023-05-28,2023-06-20,25.0
262749,David Raya,Brentford FC,2022-23,GK,27,3420,0,0,2023-05-28,2023-06-20,30.0
262980,Jefferson Lerma,AFC Bournemouth,2022-23,MF,28,3255,5,0,2023-05-28,2023-06-20,20.0
263361,Maximilian Wöber,Leeds United,2022-23,DF,25,1265,0,0,2023-05-28,2023-06-20,14.0
270171,Vitaly Janelt,Brentford FC,2022-23,MF,25,2210,3,1,2023-05-28,2023-06-20,20.0
272622,Issa Diop,Fulham FC,2022-23,DF,26,2009,1,0,2023-05-28,2023-06-20,18.0
272642,Allan Saint-Maximin,Newcastle United,2022-23,FW,26,1117,1,5,2023-05-28,2023-06-20,32.0
272855,Paul Onuachu,Southampton FC,2022-23,FW,29,405,0,0,2023-05-28,2023-06-20,13.0
272999,Miguel Almirón,Newcastle United,2022-23,FW,29,2508,11,2,2023-05-28,2023-06-20,32.0
274839,Wilfred Ndidi,Leicester City,2022-23,MF,26,1682,0,0,2023-05-28,2023-06-20,25.0
275590,Kieffer Moore,AFC Bournemouth,2022-23,FW,30,1274,4,0,2023-05-28,2023-06-20,4.0
277033,David Brooks,AFC Bournemouth,2022-23,FW,25,172,0,0,2023-05-28,2023-06-20,12.0
279455,Harry Wilson,Fulham FC,2022-23,FW,26,1097,2,5,2023-05-28,2023-06-20,16.0
283628,Tomáš Souček,West Ham United,2022-23,MF,28,2819,2,3,2023-05-28,2023-06-20,35.0
284730,Manuel Akanji,Manchester City,2022-23,DF,27,2286,0,1,2023-05-28,2023-06-20,38.0
284857,Marc Cucurella,Chelsea FC,2022-23,DF,24,1678,0,2,2023-05-28,2023-06-20,35.0
285845,Ainsley Maitland-Niles,Southampton FC,2022-23,DF,25,1404,0,1,2023-05-28,2023-06-20,8.0
288255,Donny van de Beek,Manchester United,2022-23,MF,26,163,0,0,2023-05-28,2023-06-20,13.0
289446,Yerry Mina,Everton FC,2022-23,DF,28,596,2,0,2023-05-28,2023-06-20,10.0
289592,Orel Mangala,Nottingham Forest,2022-23,MF,25,1555,1,1,2023-05-28,2023-06-20,16.0
290532,Saïd Benrahma,West Ham United,2022-23,FW,27,2071,6,3,2023-05-28,2023-06-20,25.0
291200,Moussa Niakhaté,Nottingham Forest,2022-23,DF,27,1166,0,0,2023-05-28,2023-06-20,18.0
292246,Hee-chan Hwang,Wolverhampton Wanderers,2022-23,FW,27,1127,3,1,2023-05-28,2023-06-20,12.0
292417,Demarai Gray,Everton FC,2022-23,FW,26,2511,4,1,2023-05-28,2023-06-20,20.0
292808,Wout Faes,Leicester City,2022-23,DF,25,2787,1,2,2023-05-28,2023-06-20,20.0
294057,James Maddison,Leicester City,2022-23,MF,26,2486,10,9,2023-05-28,2023-06-20,60.0
295313,Taiwo Awoniyi,Nottingham Forest,2022-23,FW,25,1411,10,1,2023-05-28,2023-06-20,25.0
295330,Kelechi Iheanacho,Leicester City,2022-23,FW,26,1121,5,5,2023-05-28,2023-06-20,18.0
298091,Harry Souttar,Leicester City,2022-23,DF,24,991,0,1,2023-05-28,2023-06-20,15.0
300716,Kieran Tierney,Arsenal FC,2022-23,DF,25,777,0,1,2023-05-28,2023-06-20,25.0
302215,Naby Keïta,Liverpool FC,2022-23,MF,28,292,0,0,2023-05-28,2023-06-20,12.0
306024,Dominic Calvert-Lewin,Everton FC,2022-23,FW,26,1175,2,1,2023-05-28,2023-06-20,25.0
309400,Kai Havertz,Chelsea FC,2022-23,FW,23,2579,7,1,2023-05-28,2023-06-20,55.0
314210,Tom Davies,Everton FC,2022-23,MF,24,527,0,0,2023-05-28,2023-06-20,9.0
314353,Trent Alexander-Arnold,Liverpool FC,2022-23,DF,24,2931,2,9,2023-05-28,2023-06-20,65.0
314875,Jarrod Bowen,West Ham United,2022-23,FW,26,3237,6,6,2023-05-28,2023-06-20,38.0
315779,Christian Pulisic,Chelsea FC,2022-23,FW,24,813,1,1,2023-05-28,2023-06-20,25.0
315867,Gianluca Scamacca,West Ham United,2022-23,FW,24,928,3,0,2023-05-28,2023-06-20,22.0
315969,Scott McTominay,Manchester United,2022-23,MF,26,1151,1,0,2023-05-28,2023-06-20,25.0
316125,Ben Chilwell,Chelsea FC,2022-23,DF,26,1408,2,3,2023-05-28,2023-06-20,35.0
316264,Martin Ødegaard,Arsenal FC,2022-23,MF,24,3150,15,8,2023-05-28,2023-06-20,90.0
318523,Romain Perraud,Southampton FC,2022-23,DF,25,1837,2,2,2023-05-28,2023-06-20,12.0
319301,Daniel James,Fulham FC,2022-23,FW,25,807,2,1,2023-05-28,2023-06-20,12.0
319859,Mathias Jensen,Brentford FC,2022-23,MF,27,2831,5,6,2023-05-28,2023-06-20,22.0
320141,Çağlar Söyüncü,Leicester City,2022-23,DF,27,529,1,0,2023-05-28,2023-06-20,15.0
320411,Philip Billing,AFC Bournemouth,2022-23,MF,26,2787,7,1,2023-05-28,2023-06-20,20.0
321247,Emiliano Buendía,Aston Villa,2022-23,FW,26,2422,5,2,2023-05-28,2023-06-20,28.0
324223,James Bree,Southampton FC,2022-23,DF,25,368,0,0,2023-05-28,2023-06-20,2.0
324358,Ollie Watkins,Aston Villa,2022-23,FW,27,3136,15,6,2023-05-28,2023-06-20,40.0
328658,Kristoffer Ajer,Brentford FC,2022-23,DF,25,766,0,0,2023-05-28,2023-06-20,16.0
328784,Robin Koch,Leeds United,2022-23,DF,26,3177,0,0,2023-05-28,2023-06-20,18.0
329145,Diego Carlos,Aston Villa,2022-23,DF,30,205,0,0,2023-05-28,2023-06-20,20.0
330085,Gustavo Scarpa,Nottingham Forest,2022-23,MF,29,179,0,0,2023-05-28,2023-06-20,10.0
331560,Takehiro Tomiyasu,Arsenal FC,2022-23,DF,24,653,0,1,2023-05-28,2023-06-20,25.0
332697,Weston McKennie,Leeds United,2022-23,MF,24,1441,0,1,2023-05-28,2023-06-20,18.0
332705,Tyler Adams,Leeds United,2022-23,MF,24,2157,0,0,2023-05-28,2023-06-20,18.0
333241,Joelinton,Newcastle United,2022-23,MF,26,2663,6,2,2023-05-28,2023-06-20,42.0
334526,Denis Zakaria,Chelsea FC,2022-23,MF,26,413,0,0,2023-05-28,2023-06-20,18.0
335721,Ben White,Arsenal FC,2022-23,DF,25,3067,2,5,2023-05-28,2023-06-20,55.0
336869,Marc Roca,Leeds United,2022-23,MF,26,2330,1,2,2023-05-28,2023-06-20,10.0
337787,Connor Ronan,Wolverhampton Wanderers,2022-23,MF,25,1,0,0,2023-05-28,2023-08-22,1.0
338070,Konstantinos Tsimikas,Liverpool FC,2022-23,DF,27,767,0,4,2023-05-28,2023-06-20,18.0
339314,Deniz Undav,Brighton & Hove Albion,2022-23,FW,26,619,5,0,2023-05-28,2023-06-20,10.0
339340,Tyrell Malacia,Manchester United,2022-23,DF,23,1393,0,0,2023-05-28,2023-06-20,22.0
339556,Rico Henry,Brentford FC,2022-23,DF,25,3246,0,2,2023-05-28,2023-06-20,28.0
340321,Josh Dasilva,Brentford FC,2022-23,MF,24,1383,4,2,2023-05-28,2023-06-20,16.0
340324,Eddie Nketiah,Arsenal FC,2022-23,FW,23,1071,4,2,2023-05-28,2023-06-20,25.0
340325,Reiss Nelson,Arsenal FC,2022-23,FW,23,202,3,2,2023-05-28,2023-06-20,12.0
340329,Joe Willock,Newcastle United,2022-23,MF,23,2578,3,6,2023-05-28,2023-06-20,38.0
340918,Caoimhín Kelleher,Liverpool FC,2022-23,GK,24,90,0,0,2023-05-28,2023-06-20,12.0
340950,Diogo Jota,Liverpool FC,2022-23,FW,26,1133,7,4,2023-05-28,2023-06-20,50.0
341051,Kyle Walker-Peters,Southampton FC,2022-23,DF,26,2653,1,0,2023-05-28,2023-06-20,25.0
341429,Davinson Sánchez,Tottenham Hotspur,2022-23,DF,26,852,0,0,2023-05-28,2023-06-20,15.0
343475,Ben Godfrey,Everton FC,2022-23,DF,25,803,0,1,2023-05-28,2023-06-20,13.0
344152,Odsonne Édouard,Crystal Palace,2022-23,FW,25,1806,5,2,2023-05-28,2023-06-20,15.0
344605,Boubakary Soumaré,Leicester City,2022-23,MF,24,1634,0,0,2023-05-28,2023-06-20,20.0
346018,Jamal Lewis,Newcastle United,2022-23,DF,25,9,0,0,2023-05-28,2023-06-20,6.0
346314,Trevoh Chalobah,Chelsea FC,2022-23,DF,23,1603,0,0,2023-05-28,2023-06-20,18.0
346478,Japhet Tanganga,Tottenham Hotspur,2022-23,DF,24,147,0,0,2023-05-28,2023-06-20,7.0
346483,Mason Mount,Chelsea FC,2022-23,MF,24,1655,3,2,2023-05-28,2023-06-20,60.0
346707,Sean Longstaff,Newcastle United,2022-23,MF,25,2516,1,4,2023-05-28,2023-06-20,25.0
346779,Ché Adams,Southampton FC,2022-23,FW,26,1997,5,3,2023-05-28,2023-06-20,20.0
348623,Mason Holgate,Everton FC,2022-23,DF,26,509,0,0,2023-05-28,2023-06-20,9.0
349066,Alexander Isak,Newcastle United,2022-23,FW,23,1526,10,2,2023-05-28,2023-06-20,70.0
349599,Pervis Estupiñán,Brighton & Hove Albion,2022-23,DF,25,2684,1,6,2023-05-28,2023-06-20,32.0
349701,Antonee Robinson,Fulham FC,2022-23,DF,25,3089,0,1,2023-05-28,2023-06-20,15.0
351749,Kalvin Phillips,Manchester City,2022-23,MF,27,291,0,0,2023-05-28,2023-06-20,32.0
354362,Rodrigo Bentancur,Tottenham Hotspur,2022-23,MF,25,1506,5,2,2023-05-28,2023-06-20,40.0
355861,Arnaut Danjuma,Tottenham Hotspur,2022-23,FW,26,163,1,0,2023-05-28,2023-06-20,25.0
355915,Cristian Romero,Tottenham Hotspur,2022-23,DF,25,2365,0,1,2023-05-28,2023-06-20,60.0
357119,Ibrahima Konaté,Liverpool FC,2022-23,DF,24,1551,0,0,2023-05-28,2023-06-20,38.0
357147,Diogo Dalot,Manchester United,2022-23,DF,24,2155,1,2,2023-05-28,2023-06-20,40.0
357158,Rúben Vinagre,Everton FC,2022-23,MF,24,24,0,0,2023-05-28,2023-06-20,4.0
357565,Rodri,Manchester City,2022-23,MF,26,2921,2,6,2023-05-28,2023-06-20,90.0
357658,Mark Travers,AFC Bournemouth,2022-23,GK,24,1035,0,0,2023-05-28,2023-06-20,2.0
357662,Declan Rice,West Ham United,2022-23,MF,24,3272,4,2,2023-05-28,2023-06-20,90.0
357885,Pablo Fornals,West Ham United,2022-23,MF,27,1503,3,1,2023-05-28,2023-06-20,22.0
361093,Sven Botman,Newcastle United,2022-23,DF,23,3129,0,0,2023-05-28,2023-06-20,45.0
361914,Nayef Aguerd,West Ham United,2022-23,DF,27,1595,2,0,2023-05-28,2023-06-20,35.0
363205,Gabriel Jesus,Arsenal FC,2022-23,FW,26,2075,11,7,2023-05-28,2023-06-20,75.0
365172,Patson Daka,Leicester City,2022-23,FW,24,1179,4,4,2023-05-28,2023-06-20,18.0
366930,Sergio Gómez,Manchester City,2022-23,DF,22,341,0,1,2023-05-28,2023-06-20,13.0
369567,Sasa Kalajdzic,Wolverhampton Wanderers,2022-23,FW,25,45,0,0,2023-05-28,2023-06-20,15.0
369684,Rasmus Nissen Kristensen,Leeds United,2022-23,DF,25,1961,3,1,2023-05-28,2023-06-20,13.0
371256,Tetê,Leicester City,2022-23,FW,23,738,1,0,2023-05-28,2023-06-20,25.0
371814,Nathaniel Phillips,Liverpool FC,2022-23,DF,26,66,0,0,2023-05-28,2023-06-20,4.0
372240,Mads Bech Sørensen,Brentford FC,2022-23,DF,24,19,0,0,2023-05-28,2023-06-23,2.5
374139,Junior Firpo,Leeds United,2022-23,DF,26,1367,1,1,2023-05-28,2023-06-20,10.0
378710,Richarlison,Tottenham Hotspur,2022-23,FW,26,1006,1,4,2023-05-28,2023-06-20,48.0
379807,Lyanco,Southampton FC,2022-23,DF,26,1175,1,1,2023-05-28,2023-06-20,3.5
381967,Albert Sambi Lokonga,Crystal Palace,2022-23,MF,23,732,0,0,2023-05-28,2023-06-20,15.0
387626,Leon Bailey,Aston Villa,2022-23,FW,25,1984,4,4,2023-05-28,2023-06-20,28.0
388165,Yoane Wissa,Brentford FC,2022-23,FW,26,1600,7,3,2023-05-28,2023-06-20,18.0
391005,Mads Roerslev,Brentford FC,2022-23,DF,23,1102,0,0,2023-05-28,2023-06-20,6.0
391065,Hamed Traoré,AFC Bournemouth,2022-23,FW,23,429,0,0,2023-05-28,2023-06-20,22.0
392757,Marc Guéhi,Crystal Palace,2022-23,DF,22,3330,1,0,2023-05-28,2023-06-20,35.0
392765,Emile Smith Rowe,Arsenal FC,2022-23,MF,22,162,0,2,2023-05-28,2023-06-20,35.0
392775,Ryan Sessegnon,Tottenham Hotspur,2022-23,DF,23,811,2,0,2023-05-28,2023-06-20,18.0
393323,Brenden Aaronson,Leeds United,2022-23,MF,22,2383,1,3,2023-05-28,2023-06-20,25.0
394327,Boubacar Kamara,Aston Villa,2022-23,MF,23,1781,0,1,2023-05-28,2023-06-20,30.0
396638,Manor Solomon,Fulham FC,2022-23,FW,23,563,4,0,2023-05-28,2023-06-20,18.0
398065,Harvey Barnes,Leicester City,2022-23,FW,25,2718,13,1,2023-05-28,2023-06-20,35.0
398402,Sam Surridge,Nottingham Forest,2022-23,FW,24,307,1,0,2023-05-28,2023-06-20,5.0
399434,Marcus Tavernier,AFC Bournemouth,2022-23,MF,24,1749,5,4,2023-05-28,2023-06-20,17.0
401173,Jadon Sancho,Manchester United,2022-23,FW,23,1700,6,3,2023-05-28,2023-06-20,45.0
403151,Robert Sánchez,Brighton & Hove Albion,2022-23,GK,25,2070,0,0,2023-05-28,2023-06-20,22.0
404842,Vitaliy Mykolenko,Everton FC,2022-23,DF,23,2655,0,0,2023-05-28,2023-06-20,25.0
406008,Yan Valery,Southampton FC,2022-23,DF,24,45,0,0,2023-05-28,2023-06-27,2.0
406635,Phil Foden,Manchester City,2022-23,MF,23,1842,11,5,2023-05-28,2023-06-20,110.0
406638,Oliver Skipp,Tottenham Hotspur,2022-23,MF,22,1496,1,0,2023-05-28,2023-06-20,15.0
410425,Yves Bissouma,Tottenham Hotspur,2022-23,MF,26,1004,0,0,2023-05-28,2023-06-20,18.0
410708,Pascal Struijk,Leeds United,2022-23,DF,23,2203,2,1,2023-05-28,2023-06-20,18.0
413032,Ibrahima Diallo,Southampton FC,2022-23,MF,24,816,0,0,2023-05-28,2023-06-20,7.0
413039,Bryan Mbeumo,Brentford FC,2022-23,FW,23,2928,9,8,2023-05-28,2023-06-20,35.0
413220,James Justin,Leicester City,2022-23,DF,25,1254,0,1,2023-05-28,2023-06-20,20.0
413403,Ezri Konsa,Aston Villa,2022-23,DF,25,3323,0,0,2023-05-28,2023-06-20,25.0
415970,Joe Worrall,Nottingham Forest,2022-23,DF,26,2216,1,0,2023-05-28,2023-06-20,12.0
417346,Jack Harrison,Leeds United,2022-23,FW,26,2727,5,7,2023-05-28,2023-06-20,22.0
418560,Erling Haaland,Manchester City,2022-23,FW,22,2777,36,8,2023-05-28,2023-06-20,180.0
419025,Conor Coventry,West Ham United,2022-23,MF,23,1,0,0,2023-05-28,2023-06-01,1.8
420002,Jean-Philippe Mateta,Crystal Palace,2022-23,FW,25,754,2,0,2023-05-28,2023-06-20,7.0
421637,Frank Onyeka,Brentford FC,2022-23,MF,25,843,0,2,2023-05-28,2023-06-20,8.0
423744,Billy Gilmour,Brighton & Hove Albion,2022-23,MF,21,507,0,1,2023-05-28,2023-06-20,12.0
424015,Nathan Patterson,Everton FC,2022-23,DF,21,1277,0,0,2023-05-28,2023-06-20,16.0
425334,Matty Cash,Aston Villa,2022-23,DF,25,1821,0,1,2023-05-28,2023-06-20,25.0
425902,Ryan Yates,Nottingham Forest,2022-23,MF,25,1839,0,2,2023-05-28,2023-06-20,11.0
425918,Jakub Kiwior,Arsenal FC,2022-23,DF,23,427,1,0,2023-05-28,2023-06-20,25.0
427568,Aaron Ramsdale,Arsenal FC,2022-23,GK,25,3420,0,0,2023-05-28,2023-06-20,40.0
429014,Morgan Gibbs-White,Nottingham Forest,2022-23,MF,23,3159,5,8,2023-05-28,2023-06-20,40.0
431755,Dejan Kulusevski,Tottenham Hotspur,2022-23,MF,23,2079,2,7,2023-05-28,2023-06-20,50.0
433177,Bukayo Saka,Arsenal FC,2022-23,FW,21,3194,14,11,2023-05-28,2023-06-20,120.0
433188,Curtis Jones,Liverpool FC,2022-23,MF,22,1039,3,1,2023-05-28,2023-06-20,22.0
434675,Cody Gakpo,Liverpool FC,2022-23,FW,24,1465,7,3,2023-05-28,2023-06-20,55.0
435338,Gabriel,Arsenal FC,2022-23,DF,25,3411,3,0,2023-05-28,2023-06-20,55.0
439072,Matías Viña,AFC Bournemouth,2022-23,DF,25,455,2,0,2023-05-28,2023-06-20,8.0
442248,Ethan Pinnock,Brentford FC,2022-23,DF,29,2700,3,0,2023-05-28,2023-06-20,14.0
442531,Edouard Mendy,Chelsea FC,2022-23,GK,31,855,0,0,2023-05-28,2023-06-20,12.0
444523,Lucas Paquetá,West Ham United,2022-23,MF,25,2172,4,3,2023-05-28,2023-06-20,45.0
447661,Douglas Luiz,Aston Villa,2022-23,MF,25,2932,6,6,2023-05-28,2023-06-20,40.0
448854,Emmanuel Dennis,Nottingham Forest,2022-23,FW,25,716,2,2,2023-05-28,2023-06-20,8.0
462250,João Félix,Chelsea FC,2022-23,FW,23,942,4,0,2023-05-28,2023-06-20,50.0
463603,Benoît Badiashile,Chelsea FC,2022-23,DF,22,904,1,0,2023-05-28,2023-06-20,40.0
465606,Halil Dervişoğlu,Brentford FC,2022-23,FW,23,7,0,0,2023-05-28,2023-06-01,2.0
467563,Armel Bella-Kotchap,Southampton FC,2022-23,DF,21,1885,0,2,2023-05-28,2023-06-20,20.0
468002,Ben Johnson,West Ham United,2022-23,DF,23,861,0,0,2023-05-28,2023-06-20,10.0
468198,Joe Aribo,Southampton FC,2022-23,MF,26,1229,2,0,2023-05-28,2023-06-20,11.0
469050,Nathan Collins,Wolverhampton Wanderers,2022-23,DF,22,1812,0,0,2023-05-28,2023-06-20,22.0
469781,Marcos Senesi,AFC Bournemouth,2022-23,DF,26,2495,2,0,2023-05-28,2023-06-20,22.0
470607,Brennan Johnson,Nottingham Forest,2022-23,FW,22,2941,8,3,2023-05-28,2023-06-20,38.0
472423,Reece James,Chelsea FC,2022-23,DF,23,1244,1,1,2023-05-28,2023-06-20,65.0
473050,Kevin Schade,Brentford FC,2022-23,FW,21,729,0,1,2023-05-28,2023-06-20,25.0
474701,Crysencio Summerville,Leeds United,2022-23,FW,21,1415,4,2,2023-05-28,2023-06-20,15.0
475188,Kiernan Dewsbury-Hall,Leicester City,2022-23,MF,24,2316,2,2,2023-05-28,2023-06-20,25.0
475411,Wesley Fofana,Chelsea FC,2022-23,DF,22,1367,1,0,2023-05-28,2023-06-20,55.0
476344,Emerson Royal,Tottenham Hotspur,2022-23,DF,24,1736,2,1,2023-05-28,2023-06-20,20.0
476352,Renan Lodi,Nottingham Forest,2022-23,DF,25,2220,0,1,2023-05-28,2023-06-20,20.0
477758,Aaron Wan-Bissaka,Manchester United,2022-23,DF,25,1436,0,0,2023-05-28,2023-06-20,25.0
479999,Eberechi Eze,Crystal Palace,2022-23,MF,24,2645,10,4,2023-05-28,2023-06-20,40.0
480116,Lloyd Kelly,AFC Bournemouth,2022-23,DF,24,2041,0,2,2023-05-28,2023-06-20,18.0
480692,Luis Díaz,Liverpool FC,2022-23,FW,26,997,4,2,2023-05-28,2023-06-20,75.0
480762,Lisandro Martínez,Manchester United,2022-23,DF,25,2117,1,0,2023-05-28,2023-06-20,50.0
480987,Chris Mepham,AFC Bournemouth,2022-23,DF,25,2198,0,0,2023-05-28,2023-06-20,8.0
483348,Djed Spence,Tottenham Hotspur,2022-23,DF,22,5,0,0,2023-05-28,2023-06-27,10.0
485424,Moussa Djenepo,Southampton FC,2022-23,FW,24,705,0,2,2023-05-28,2023-06-20,8.0
485706,Amadou Onana,Everton FC,2022-23,MF,21,2496,1,2,2023-05-28,2023-06-20,45.0
487465,Pedro Neto,Wolverhampton Wanderers,2022-23,FW,23,970,0,1,2023-05-28,2023-06-20,28.0
488362,Conor Gallagher,Chelsea FC,2022-23,MF,23,1616,3,1,2023-05-28,2023-06-20,32.0
488656,Siriki Dembélé,AFC Bournemouth,2022-23,FW,26,104,0,0,2023-05-28,2023-06-27,2.0
495666,William Saliba,Arsenal FC,2022-23,DF,22,2416,2,1,2023-05-28,2023-06-20,65.0
503680,Neco Williams,Nottingham Forest,2022-23,DF,22,1876,1,0,2023-05-28,2023-06-20,20.0
503733,Anthony Gordon,Everton FC,2022-23,FW,22,1578,4,0,2023-05-28,2023-06-20,35.0
503749,Jacob Ramsey,Aston Villa,2022-23,MF,22,2646,6,7,2023-05-28,2023-06-20,42.0
503975,Joe Hodge,Wolverhampton Wanderers,2022-23,MF,20,173,0,0,2023-05-28,2023-06-20,2.0
503980,Joe Gelhardt,Leeds United,2022-23,FW,21,202,0,2,2023-05-28,2023-06-01,8.0
503981,Tino Livramento,Southampton FC,2022-23,DF,20,26,0,0,2023-05-28,2023-06-20,25.0
503987,Noni Madueke,Chelsea FC,2022-23,FW,21,646,1,0,2023-05-28,2023-06-20,30.0
503988,Alex Mighten,Nottingham Forest,2022-23,FW,21,7,0,0,2023-05-28,2023-06-20,0.6
504148,Tariq Lamptey,Brighton & Hove Albion,2022-23,DF,22,441,0,0,2023-05-28,2023-06-20,12.0
504849,Kaoru Mitoma,Brighton & Hove Albion,2022-23,FW,26,2318,7,6,2023-05-28,2023-06-20,32.0
505194,Luke Thomas,Leicester City,2022-23,DF,21,1071,0,0,2023-05-28,2023-06-20,12.0
505219,James Garner,Everton FC,2022-23,MF,22,796,0,1,2023-05-28,2023-06-20,14.0
506189,Flynn Downes,West Ham United,2022-23,MF,24,757,0,0,2023-05-28,2023-06-20,9.0
511550,Ellis Simms,Everton FC,2022-23,FW,22,219,1,0,2023-05-28,2023-06-20,4.0
512354,Malcolm Ebiowei,Crystal Palace,2022-23,FW,19,31,0,0,2023-05-28,2023-06-01,3.0
512385,Luis Sinisterra,Leeds United,2022-23,FW,23,876,5,0,2023-05-28,2023-06-20,22.0
517894,Matheus Cunha,Wolverhampton Wanderers,2022-23,FW,24,972,2,0,2023-05-28,2023-06-20,25.0
520624,Bruno Guimarães,Newcastle United,2022-23,MF,25,2734,4,5,2023-05-28,2023-06-20,70.0
525247,Maximilian Kilman,Wolverhampton Wanderers,2022-23,DF,26,3308,0,0,2023-05-28,2023-06-20,30.0
525287,Carlos Vinícius,Fulham FC,2022-23,FW,28,1101,5,2,2023-05-28,2023-06-20,6.0
528888,Tyrese Francois,Fulham FC,2022-23,MF,22,1,0,0,2023-05-28,2023-06-20,0.5
531957,Cody Drameh,Leeds United,2022-23,DF,21,70,0,0,2023-05-28,2023-06-01,3.5
532178,Sam Greenwood,Leeds United,2022-23,MF,21,411,1,2,2023-05-28,2023-06-20,5.0
533662,Cameron Archer,Aston Villa,2022-23,FW,21,44,0,0,2023-05-28,2023-06-01,12.0
533916,Shandon Baptiste,Brentford FC,2022-23,MF,25,603,0,1,2023-05-28,2023-06-20,3.0
534033,Alexis Mac Allister,Brighton & Hove Albion,2022-23,MF,24,2886,10,2,2023-05-28,2023-06-20,65.0
536507,Giulian Biancone,Nottingham Forest,2022-23,DF,23,16,0,0,2023-05-28,2023-06-20,6.0
537382,Bryan Gil,Tottenham Hotspur,2022-23,FW,22,148,0,1,2023-05-28,2023-06-13,15.0
537598,Fábio Vieira,Arsenal FC,2022-23,MF,22,501,1,2,2023-05-28,2023-06-20,25.0
537860,Mykhaylo Mudryk,Chelsea FC,2022-23,FW,22,655,0,2,2023-05-28,2023-06-20,50.0
538971,Naouirou Ahamada,Crystal Palace,2022-23,MF,21,86,0,0,2023-05-28,2023-06-20,10.0
538977,Georginio Rutter,Leeds United,2022-23,FW,21,264,0,1,2023-05-28,2023-06-20,18.0
540941,Mikkel Damsgaard,Brentford FC,2022-23,MF,22,979,0,0,2023-05-28,2023-06-20,13.0
542586,Illan Meslier,Leeds United,2022-23,GK,23,3060,0,0,2023-05-28,2023-06-20,20.0
543387,Cheick Doucouré,Crystal Palace,2022-23,MF,23,2786,0,3,2023-05-28,2023-06-20,35.0
546543,Darwin Núñez,Liverpool FC,2022-23,FW,23,1698,9,3,2023-05-28,2023-06-20,65.0
553875,Pedro Porro,Tottenham Hotspur,2022-23,DF,23,1136,3,3,2023-05-28,2023-06-20,40.0
557612,Sékou Mara,Southampton FC,2022-23,FW,20,542,1,2,2023-05-28,2023-06-20,10.0
559263,Fábio Carvalho,Liverpool FC,2022-23,MF,20,341,2,0,2023-05-28,2023-06-20,16.0
563963,Mohammed Salisu,Southampton FC,2022-23,DF,24,1973,0,1,2023-05-28,2023-06-20,18.0
564529,Victor Kristiansen,Leicester City,2022-23,DF,20,894,0,1,2023-05-28,2023-06-20,12.0
565822,Harvey Elliott,Liverpool FC,2022-23,MF,20,1611,1,2,2023-05-28,2023-06-20,35.0
566723,Michael Olise,Crystal Palace,2022-23,FW,21,2756,2,11,2023-05-28,2023-06-20,38.0
567576,Elliot Anderson,Newcastle United,2022-23,MF,20,398,0,1,2023-05-28,2023-06-20,8.0
568005,Jeremy Sarmiento,Brighton & Hove Albion,2022-23,FW,20,169,0,1,2023-05-28,2023-06-20,5.0
568177,Cole Palmer,Manchester City,2022-23,MF,21,358,0,1,2023-05-28,2023-06-20,15.0
568693,Pape Matar Sarr,Tottenham Hotspur,2022-23,MF,20,213,0,1,2023-05-28,2023-06-20,15.0
571743,Armando Broja,Chelsea FC,2022-23,FW,21,287,1,1,2023-05-28,2023-06-20,28.0
576024,Julián Alvarez,Manchester City,2022-23,FW,23,1454,9,1,2023-05-28,2023-06-20,60.0
576314,Jan Paul van Hecke,Brighton & Hove Albion,2022-23,DF,22,292,0,0,2023-05-28,2023-06-20,5.0
578391,Rayan Aït-Nouri,Wolverhampton Wanderers,2022-23,DF,21,1070,1,0,2023-05-28,2023-06-20,22.0
578539,Chris Richards,Crystal Palace,2022-23,DF,23,443,0,0,2023-05-28,2023-06-20,10.0
583189,Anthony Elanga,Manchester United,2022-23,FW,21,421,0,1,2023-05-28,2023-06-20,18.0
583255,Antoine Semenyo,AFC Bournemouth,2022-23,FW,23,251,1,0,2023-05-28,2023-06-20,9.0
584769,Dwight McNeil,Everton FC,2022-23,FW,23,2499,7,3,2023-05-28,2023-06-20,20.0
585550,Gavin Bazunu,Southampton FC,2022-23,GK,21,2880,0,0,2023-05-28,2023-06-20,15.0
591949,Aaron Hickey,Brentford FC,2022-23,DF,20,1931,0,1,2023-05-28,2023-06-20,25.0
601883,Matheus Nunes,Wolverhampton Wanderers,2022-23,DF,24,2478,1,1,2023-05-28,2023-06-20,45.0
602105,Antony,Manchester United,2022-23,FW,23,1818,4,2,2023-05-28,2023-06-20,60.0
606718,Toti,Wolverhampton Wanderers,2022-23,DF,24,981,1,0,2023-05-28,2023-06-20,6.0
614258,Levi Colwill,Brighton & Hove Albion,2022-23,DF,20,1220,0,2,2023-05-28,2023-06-20,30.0
627626,Wilfried Gnonto,Leeds United,2022-23,FW,19,1351,2,4,2023-05-28,2023-06-20,18.0
628451,Roméo Lavia,Southampton FC,2022-23,MF,19,2231,1,0,2023-05-28,2023-06-20,32.0
633530,Jordan Zemura,AFC Bournemouth,2022-23,DF,23,1456,0,1,2023-05-28,2023-06-20,6.0
644401,Keane Lewis-Potter,Brentford FC,2022-23,MF,22,316,0,1,2023-05-28,2023-06-20,12.0
646738,Juan Larios,Southampton FC,2022-23,DF,19,152,0,0,2023-05-28,2023-06-20,7.0
648046,Evan Ferguson,Brighton & Hove Albion,2022-23,FW,18,950,6,2,2023-05-28,2023-06-20,30.0
648195,Enzo Fernández,Chelsea FC,2022-23,MF,22,1551,0,2,2023-05-28,2023-06-20,80.0
649020,Boubacar Traoré,Wolverhampton Wanderers,2022-23,MF,21,407,0,1,2023-05-28,2023-06-20,5.0
649317,Jhon Durán,Aston Villa,2022-23,FW,19,126,0,0,2023-05-28,2023-06-20,12.0
655488,Gabriel Martinelli,Arsenal FC,2022-23,FW,21,2805,15,5,2023-05-28,2023-06-20,80.0
659089,Ilya Zabarnyi,AFC Bournemouth,2022-23,DF,20,297,0,0,2023-05-28,2023-06-20,20.0
659459,Carney Chukwuemeka,Chelsea FC,2022-23,MF,19,345,0,0,2023-05-28,2023-06-20,15.0
660867,Julio Enciso,Brighton & Hove Albion,2022-23,MF,19,800,4,2,2023-05-28,2023-06-20,22.0
667287,Yasin Ayari,Brighton & Hove Albion,2022-23,MF,19,65,0,0,2023-05-28,2023-06-20,6.0
668268,Marquinhos,Arsenal FC,2022-23,FW,20,1,0,0,2023-05-28,2023-06-01,12.0
668547,Máximo Perrone,Manchester City,2022-23,MF,20,18,0,0,2023-05-28,2023-06-20,10.0
669366,Tom Cannon,Everton FC,2022-23,FW,20,23,0,0,2023-05-28,2023-06-01,5.0
670840,Joe Whitworth,Crystal Palace,2022-23,GK,19,180,0,0,2023-05-28,2023-06-20,0.9
670858,Lewis Hall,Chelsea FC,2022-23,DF,18,658,0,0,2023-05-28,2023-06-20,10.0
676318,Facundo Pellistri,Manchester United,2022-23,FW,21,60,0,0,2023-05-28,2023-06-20,6.0
680806,Samuel Edozie,Southampton FC,2022-23,FW,20,559,0,0,2023-05-28,2023-06-20,8.0
684210,Jaidon Anthony,AFC Bournemouth,2022-23,FW,23,1247,3,1,2023-05-28,2023-06-20,9.0
687626,Moisés Caicedo,Brighton & Hove Albion,2022-23,MF,21,3141,1,1,2023-05-28,2023-06-20,75.0
698678,Hugo Bueno,Wolverhampton Wanderers,2022-23,DF,20,1315,0,1,2023-05-28,2023-06-20,6.0
701057,Rico Lewis,Manchester City,2022-23,DF,18,903,0,0,2023-05-28,2023-06-20,20.0
719673,Ben Gannon-Doak,Liverpool FC,2022-23,FW,17,24,0,0,2023-05-28,2023-08-22,3.0
730893,Tyrick Mitchell,Crystal Palace,2022-23,DF,23,2896,0,2,2023-05-28,2023-06-20,22.0
735570,João Gomes,Wolverhampton Wanderers,2022-23,MF,22,651,1,0,2023-05-28,2023-06-20,18.0
746695,Kamaldeen Sulemana,Southampton FC,2022-23,FW,21,967,2,1,2023-05-28,2023-06-20,22.0
747951,Shea Charles,Manchester City,2022-23,MF,19,27,0,0,2023-05-28,2023-07-13,8.0
748319,Carlos Alcaraz,Southampton FC,2022-23,MF,20,1034,4,2,2023-05-28,2023-06-20,15.0
787232,David Datro Fofana,Chelsea FC,2022-23,FW,20,68,0,0,2023-05-28,2023-06-20,10.0
808509,Danilo,Nottingham Forest,2022-23,MF,22,981,3,2,2023-05-28,2023-06-20,28.0
811779,Alejandro Garnacho,Manchester United,2022-23,FW,18,561,3,2,2023-05-28,2023-06-20,25.0
820374,Kobbie Mainoo,Manchester United,2022-23,MF,18,10,0,0,2023-05-28,2023-06-20,0.8
823231,Dango Ouattara,AFC Bournemouth,2022-23,FW,21,1245,1,3,2023-05-28,2023-06-20,25.0
864799,Stefan Bajcetic,Liverpool FC,2022-23,MF,18,529,1,0,2023-05-28,2023-06-20,13.0
983989,Facundo Buonanotte,Brighton & Hove Albion,2022-23,MF,18,562,1,1,2023-05-28,2023-06-20,12.0
3333,James Milner,Brighton & Hove Albion,2023-24,MF,38,778,0,2,2024-05-19,2024-05-27,1.0
14086,Ashley Young,Everton FC,2023-24,DF,38,2290,0,0,2024-05-19,2024-05-27,0.5
16306,Casemiro,Manchester United,2023-24,MF,32,1985,1,2,2024-05-19,2024-05-27,20.0
29241,Thiago Silva,Chelsea FC,2023-24,DF,39,2528,3,1,2024-05-19,2024-05-27,1.0
29692,Lukasz Fabianski,West Ham United,2023-24,GK,39,721,0,0,2024-05-19,2024-05-27,0.7
40613,Jack Cork,Burnley FC,2023-24,MF,34,25,0,0,2024-05-19,2024-05-27,0.8
42412,Jonny Evans,Manchester United,2023-24,DF,36,1396,0,1,2024-05-19,2024-05-27,2.0
42460,Ivan Perišić,Tottenham Hotspur,2023-24,FW,35,98,0,1,2024-05-19,2024-06-04,2.0
43530,Adam Lallana,Brighton & Hove Albion,2023-24,MF,36,846,0,1,2024-05-19,2024-05-27,1.0
48002,Angelo Ogbonna,West Ham United,2023-24,DF,35,634,0,0,2024-05-19,2024-05-27,0.7
51152,Aleksandar Mitrović,Fulham FC,2023-24,FW,29,32,0,0,2024-05-19,2024-06-04,28.0
51471,Mateo Kovacic,Manchester City,2023-24,MF,30,1548,1,0,2024-05-19,2024-05-27,30.0
52059,Zanka,Brentford FC,2023-24,DF,34,1087,1,0,2024-05-19,2024-05-27,1.0
52495,Chris Basham,Sheffield United,2023-24,DF,35,318,0,0,2024-05-19,2024-05-27,0.3
52769,Willian,Fulham FC,2023-24,FW,35,2056,4,2,2024-05-19,2024-05-27,3.0
53360,Jay Rodríguez,Burnley FC,2023-24,FW,34,813,2,1,2024-05-19,2024-05-27,1.0
54383,John Fleck,Sheffield United,2023-24,MF,32,89,0,0,2024-05-19,2024-05-24,0.9
60444,Thiago Alcántara,Liverpool FC,2023-24,MF,33,5,0,0,2024-05-19,2024-05-27,10.0
61592,James Tomkins,Crystal Palace,2023-24,DF,35,8,0,0,2024-05-19,2024-05-27,0.7
61697,Wes Foderingham,Sheffield United,2023-24,GK,33,2648,0,0,2024-05-19,2024-05-27,0.9
61841,Adam Smith,AFC Bournemouth,2023-24,DF,33,2157,0,2,2024-05-19,2024-05-27,1.0
61842,Andros Townsend,Luton Town,2023-24,FW,32,1209,1,3,2024-05-19,2024-05-27,1.8
66934,Cheikhou Kouyaté,Nottingham Forest,2023-24,MF,34,208,0,0,2024-05-19,2024-05-27,1.0
67063,Danny Welbeck,Brighton & Hove Albion,2023-24,FW,33,1703,5,1,2024-05-19,2024-05-27,5.0
68390,Séamus Coleman,Everton FC,2023-24,DF,35,662,0,0,2024-05-19,2024-05-27,0.5
69633,Christian Eriksen,Manchester United,2023-24,MF,32,1140,1,2,2024-05-19,2024-05-27,8.0
72476,Bernd Leno,Fulham FC,2023-24,GK,32,3420,0,0,2024-05-19,2024-05-27,13.0
73547,Oliver Norwood,Sheffield United,2023-24,MF,33,1433,1,0,2024-05-19,2024-05-27,1.0
73564,Jason Steele,Brighton & Hove Albion,2023-24,GK,33,1530,0,0,2024-05-19,2024-05-27,3.5
74230,Pablo Sarabia,Wolverhampton Wanderers,2023-24,MF,32,1751,4,7,2024-05-19,2024-05-27,10.0
74810,Ben Mee,Brentford FC,2023-24,DF,34,1276,2,0,2024-05-19,2024-05-27,1.0
74960,Martin Dúbravka,Newcastle United,2023-24,GK,35,1984,0,0,2024-05-19,2024-05-27,1.0
75458,Robin Olsen,Aston Villa,2023-24,GK,34,405,0,0,2024-05-19,2024-05-27,1.5
77757,Thomas Kaminski,Luton Town,2023-24,GK,31,3406,0,0,2024-05-19,2024-05-27,3.0
82105,Joel Matip,Liverpool FC,2023-24,DF,32,782,0,0,2024-05-19,2024-05-27,8.0
82873,Pascal Groß,Brighton & Hove Albion,2023-24,MF,32,3114,4,10,2024-05-19,2024-05-27,8.0
85177,Nathaniel Clyne,Crystal Palace,2023-24,DF,33,1338,0,0,2024-05-19,2024-05-27,1.5
85864,Loris Karius,Newcastle United,2023-24,GK,30,90,0,0,2024-05-19,2024-05-27,1.0
85941,Stefan Ortega,Manchester City,2023-24,GK,31,632,0,0,2024-05-19,2024-05-27,9.0
88755,Kevin De Bruyne,Manchester City,2023-24,MF,32,1228,4,10,2024-05-19,2024-05-27,50.0
89231,Jóhann Berg Gudmundsson,Burnley FC,2023-24,FW,33,1192,1,3,2024-05-19,2024-05-27,1.0
91340,James Shea,Luton Town,2023-24,GK,32,14,0,0,2024-05-19,2024-05-27,0.2
91845,Heung-min Son,Tottenham Hotspur,2023-24,FW,31,2948,17,10,2024-05-19,2024-05-27,45.0
92469,Matt Ritchie,Newcastle United,2023-24,MF,34,120,1,0,2024-05-19,2024-05-27,1.0
92571,Aaron Cresswell,West Ham United,2023-24,DF,34,432,0,0,2024-05-19,2024-05-27,0.9
92572,Joel Ward,Crystal Palace,2023-24,DF,34,1982,0,1,2024-05-19,2024-05-27,1.0
95424,Kyle Walker,Manchester City,2023-24,DF,33,2768,0,4,2024-05-19,2024-05-27,13.0
95810,Kieran Trippier,Newcastle United,2023-24,DF,33,2240,1,10,2024-05-19,2024-05-27,10.0
102017,Jorginho,Arsenal FC,2023-24,MF,32,920,0,2,2024-05-19,2024-05-27,12.0
104124,Michail Antonio,West Ham United,2023-24,FW,34,1711,6,2,2024-05-19,2024-05-27,4.0
105470,Alisson,Liverpool FC,2023-24,GK,31,2520,0,0,2024-05-19,2024-05-27,28.0
108354,Jordan Ayew,Crystal Palace,2023-24,FW,32,2551,4,7,2024-05-19,2024-05-27,4.0
108725,Chris Wood,Nottingham Forest,2023-24,FW,32,1807,14,1,2024-05-19,2024-05-27,7.0
110864,Sam Johnstone,Crystal Palace,2023-24,GK,31,1797,0,0,2024-05-19,2024-05-27,10.0
111195,Joël Veltman,Brighton & Hove Albion,2023-24,DF,32,1582,1,1,2024-05-19,2024-05-27,10.0
111819,Neto,AFC Bournemouth,2023-24,GK,34,2880,0,0,2024-05-19,2024-05-27,2.5
111873,Emiliano Martínez,Aston Villa,2023-24,GK,31,3015,0,0,2024-05-19,2024-05-27,28.0
112988,Cédric Soares,Arsenal FC,2023-24,DF,32,59,0,0,2024-05-19,2024-05-27,2.0
118534,Michael Keane,Everton FC,2023-24,DF,31,438,1,0,2024-05-19,2024-05-27,6.0
120629,Alphonse Areola,West Ham United,2023-24,GK,31,2700,0,0,2024-05-19,2024-05-27,10.0
121324,John Egan,Sheffield United,2023-24,DF,31,484,0,0,2024-05-19,2024-05-27,4.0
121477,Craig Dawson,Wolverhampton Wanderers,2023-24,DF,34,2211,1,1,2024-05-19,2024-05-27,2.0
123275,Tom Cairney,Fulham FC,2023-24,MF,33,1478,1,4,2024-05-19,2024-05-27,2.0
123682,Callum Wilson,Newcastle United,2023-24,FW,32,985,9,1,2024-05-19,2024-05-27,13.0
124419,Odysseas Vlachodimos,Nottingham Forest,2023-24,GK,30,450,0,0,2024-05-19,2024-05-27,7.0
125685,Luke Berry,Luton Town,2023-24,MF,31,311,2,1,2024-05-19,2024-05-27,0.4
125714,Mark Flekken,Brentford FC,2023-24,GK,30,3285,0,1,2024-05-19,2024-05-27,12.0
126664,Lucas Digne,Aston Villa,2023-24,DF,30,2413,1,3,2024-05-19,2024-05-27,12.0
126665,Idrissa Gueye,Everton FC,2023-24,MF,34,1893,4,0,2024-05-19,2024-05-27,3.0
127032,Serge Aurier,Nottingham Forest,2023-24,DF,31,834,0,2,2024-05-19,2024-05-31,3.7
127187,Abdoulaye Doucouré,Everton FC,2023-24,MF,31,2642,7,2,2024-05-19,2024-05-27,10.0
127202,Matz Sels,Nottingham Forest,2023-24,GK,32,1440,0,0,2024-05-19,2024-05-27,7.0
128909,Jack Robinson,Sheffield United,2023-24,DF,30,2886,1,1,2024-05-19,2024-05-27,1.0
129078,Nathan Redmond,Burnley FC,2023-24,FW,30,132,0,0,2024-05-19,2024-05-27,5.0
130164,Jordan Pickford,Everton FC,2023-24,GK,30,3420,0,0,2024-05-19,2024-05-27,22.0
131978,Ross Barkley,Luton Town,2023-24,MF,30,2622,5,4,2024-05-19,2024-05-27,8.0
131996,Bertrand Traoré,Aston Villa,2023-24,FW,28,10,0,0,2024-05-19,2024-06-07,9.0
134270,Dan Burn,Newcastle United,2023-24,DF,32,2732,2,2,2024-05-19,2024-05-27,8.0
134294,Danny Ings,West Ham United,2023-24,FW,31,390,1,0,2024-05-19,2024-05-27,8.0
134425,Raheem Sterling,Chelsea FC,2023-24,FW,29,1983,8,4,2024-05-19,2024-05-27,35.0
135343,Fabian Schär,Newcastle United,2023-24,DF,32,3056,4,1,2024-05-19,2024-05-27,10.0
136401,Daniel Bentley,Wolverhampton Wanderers,2023-24,GK,30,382,0,0,2024-05-19,2024-05-27,2.0
139208,Virgil van Dijk,Liverpool FC,2023-24,DF,32,3178,2,2,2024-05-19,2024-05-27,30.0
142310,Willy Boly,Nottingham Forest,2023-24,DF,33,1443,2,1,2024-05-19,2024-05-27,2.5
144028,Leandro Trossard,Arsenal FC,2023-24,FW,29,1646,12,1,2024-05-19,2024-05-27,35.0
145466,Tim Ream,Fulham FC,2023-24,DF,36,1505,1,0,2024-05-19,2024-05-27,0.8
146310,Wataru Endo,Liverpool FC,2023-24,MF,31,1720,1,0,2024-05-19,2024-05-27,13.0
146690,George Baldock,Sheffield United,2023-24,DF,31,970,0,1,2024-05-19,2024-05-27,2.5
148153,Lewis Dunk,Brighton & Hove Albion,2023-24,DF,32,2872,3,1,2024-05-19,2024-05-27,12.0
148367,Christian Nørgaard,Brentford FC,2023-24,MF,30,2514,2,1,2024-05-19,2024-05-27,18.0
148368,Divock Origi,Nottingham Forest,2023-24,FW,29,600,0,1,2024-05-19,2024-05-27,5.0
148455,Mohamed Salah,Liverpool FC,2023-24,FW,31,2536,18,10,2024-05-19,2024-05-27,55.0
156501,Felipe,Nottingham Forest,2023-24,DF,35,373,0,0,2024-05-19,2024-05-27,1.5
157506,Jeffrey Schlupp,Crystal Palace,2023-24,MF,31,1354,2,2,2024-05-19,2024-05-27,7.0
157509,Kurt Zouma,West Ham United,2023-24,DF,29,2839,3,0,2024-05-19,2024-05-27,25.0
157672,Vladimír Coufal,West Ham United,2023-24,DF,31,3139,0,7,2024-05-19,2024-05-27,8.0
160438,Mohamed Elneny,Arsenal FC,2023-24,MF,31,25,0,0,2024-05-19,2024-05-27,3.5
164770,Raphaël Varane,Manchester United,2023-24,DF,31,1371,1,0,2024-05-19,2024-05-27,20.0
167799,Pierre-Emile Højbjerg,Tottenham Hotspur,2023-24,MF,28,1293,0,0,2024-05-19,2024-05-27,18.0
168157,Leander Dendoncker,Aston Villa,2023-24,MF,29,119,1,0,2024-05-19,2024-06-05,7.0
169801,Cauley Woodrow,Luton Town,2023-24,FW,29,408,1,1,2024-05-19,2024-05-27,1.0
170321,Paul Dummett,Newcastle United,2023-24,DF,32,18,0,0,2024-05-19,2024-05-27,0.9
170527,Timo Werner,Tottenham Hotspur,2023-24,FW,28,815,2,3,2024-05-19,2024-05-27,17.0
170934,Mario Lemina,Wolverhampton Wanderers,2023-24,MF,30,2975,4,1,2024-05-19,2024-05-27,10.0
171679,Matt Doherty,Wolverhampton Wanderers,2023-24,DF,32,1141,1,0,2024-05-19,2024-05-27,3.0
173504,James Tarkowski,Everton FC,2023-24,DF,31,3420,1,1,2024-05-19,2024-05-27,13.0
175446,Jonny Otto,Wolverhampton Wanderers,2023-24,DF,30,4,0,0,2024-05-19,2024-05-30,5.0
175722,Eric Dier,Tottenham Hotspur,2023-24,DF,30,199,0,0,2024-05-19,2024-05-29,12.0
176553,Aymeric Laporte,Manchester City,2023-24,DF,29,11,0,0,2024-05-19,2024-06-04,20.0
177476,Nathan Aké,Manchester City,2023-24,DF,29,2044,2,2,2024-05-19,2024-05-27,40.0
177907,Harry Maguire,Manchester United,2023-24,DF,31,1650,2,3,2024-05-19,2024-05-27,18.0
181579,James Ward-Prowse,West Ham United,2023-24,MF,29,3004,7,7,2024-05-19,2024-05-27,30.0
181778,Emerson,West Ham United,2023-24,DF,29,3143,1,2,2024-05-19,2024-05-27,12.0
182877,Anthony Martial,Manchester United,2023-24,FW,28,444,1,0,2024-05-19,2024-05-27,10.0
182904,Clément Lenglet,Aston Villa,2023-24,DF,28,1155,0,1,2024-05-19,2024-05-27,10.0
183288,Luke Shaw,Manchester United,2023-24,DF,28,963,0,0,2024-05-19,2024-05-27,32.0
183293,Joe Rothwell,AFC Bournemouth,2023-24,MF,29,381,0,0,2024-05-19,2024-05-24,2.5
183318,Jamaal Lascelles,Newcastle United,2023-24,DF,30,1081,1,0,2024-05-19,2024-05-27,7.0
184129,Jordan Clark,Luton Town,2023-24,MF,30,1306,1,1,2024-05-19,2024-05-27,1.0
184528,Emil Krafth,Newcastle United,2023-24,DF,29,910,0,0,2024-05-19,2024-05-27,2.5
184573,Victor Lindelöf,Manchester United,2023-24,DF,29,1332,1,1,2024-05-19,2024-05-27,15.0
186186,Bobby De Cordova-Reid,Fulham FC,2023-24,MF,31,1423,6,2,2024-05-19,2024-05-27,5.0
186590,John Stones,Manchester City,2023-24,DF,29,1064,1,0,2024-05-19,2024-05-27,38.0
188077,Ryan Christie,AFC Bournemouth,2023-24,MF,29,2920,0,5,2024-05-19,2024-05-27,12.0
191422,Mahmoud Dahoud,Brighton & Hove Albion,2023-24,MF,28,454,0,1,2024-05-19,2024-05-29,6.0
192080,Nick Pope,Newcastle United,2023-24,GK,32,1346,0,0,2024-05-19,2024-05-27,16.0
192765,Ben Davies,Tottenham Hotspur,2023-24,DF,31,1086,1,0,2024-05-19,2024-05-27,10.0
193098,Álex Moreno,Aston Villa,2023-24,DF,30,1030,2,0,2024-05-19,2024-05-27,13.0
193116,John McGinn,Aston Villa,2023-24,MF,29,3010,6,4,2024-05-19,2024-05-27,30.0
195633,Charlie Taylor,Burnley FC,2023-24,DF,30,2332,1,1,2024-05-19,2024-05-27,3.0
196722,Remi Matthews,Crystal Palace,2023-24,GK,30,3,0,0,2024-05-19,2024-05-27,0.5
198516,Harry Toffolo,Nottingham Forest,2023-24,DF,28,1455,1,3,2024-05-19,2024-05-27,5.0
199527,Jacob Murphy,Newcastle United,2023-24,FW,29,1193,3,7,2024-05-19,2024-05-27,15.0
203394,Andreas Pereira,Fulham FC,2023-24,MF,28,2639,3,7,2024-05-19,2024-05-27,20.0
203460,Jack Grealish,Manchester City,2023-24,FW,28,1001,3,1,2024-05-19,2024-05-27,60.0
203853,Oleksandr Zinchenko,Arsenal FC,2023-24,DF,27,1725,1,2,2024-05-19,2024-05-27,38.0
204103,Adama Traoré,Fulham FC,2023-24,FW,28,364,2,3,2024-05-19,2024-05-27,9.0
204294,Saman Ghoddos,Brentford FC,2023-24,MF,30,730,1,0,2024-05-19,2024-05-27,2.0
206040,Raúl Jiménez,Fulham FC,2023-24,FW,33,1402,7,0,2024-05-19,2024-05-27,5.0
206746,Kenny Tete,Fulham FC,2023-24,DF,28,868,1,0,2024-05-19,2024-05-27,15.0
207014,Will Hughes,Crystal Palace,2023-24,MF,29,1900,0,1,2024-05-19,2024-05-27,9.0
207742,Tom Lockyer,Luton Town,2023-24,DF,29,1172,1,1,2024-05-19,2024-05-27,2.5
209212,Solly March,Brighton & Hove Albion,2023-24,FW,29,559,3,1,2024-05-19,2024-05-27,18.0
212847,Adam Webster,Brighton & Hove Albion,2023-24,DF,29,1143,0,0,2024-05-19,2024-05-27,20.0
214666,Connor Roberts,Burnley FC,2023-24,DF,28,819,0,0,2024-05-19,2024-05-24,7.0
215118,Calum Chambers,Aston Villa,2023-24,DF,29,150,0,1,2024-05-19,2024-05-27,4.0
217115,Neal Maupay,Brentford FC,2023-24,FW,27,1424,6,3,2024-05-19,2024-05-27,12.0
218087,Ben Osborn,Sheffield United,2023-24,MF,29,1363,0,2,2024-05-19,2024-05-27,1.0
221025,André Gomes,Everton FC,2023-24,MF,30,504,1,0,2024-05-19,2024-05-27,10.0
222209,Thomas Strakosha,Brentford FC,2023-24,GK,29,135,0,0,2024-05-19,2024-05-27,3.0
226073,Ivo Grbic,Sheffield United,2023-24,GK,28,772,0,0,2024-05-19,2024-05-27,3.5
226973,Harrison Reed,Fulham FC,2023-24,MF,29,1326,0,2,2024-05-19,2024-05-27,15.0
228948,Thilo Kehrer,West Ham United,2023-24,DF,27,19,0,0,2024-05-19,2024-06-03,10.0
230784,Thomas Partey,Arsenal FC,2023-24,MF,30,789,0,0,2024-05-19,2024-05-27,18.0
231572,Nélson Semedo,Wolverhampton Wanderers,2023-24,DF,30,3093,0,1,2024-05-19,2024-05-27,12.0
234509,André Onana,Manchester United,2023-24,GK,28,3420,0,0,2024-05-19,2024-05-27,35.0
234781,Maxwel Cornet,West Ham United,2023-24,FW,27,110,1,0,2024-05-19,2024-05-27,9.0
234803,Andrew Robertson,Liverpool FC,2023-24,DF,30,1692,3,2,2024-05-19,2024-05-27,30.0
236490,Ola Aina,Nottingham Forest,2023-24,DF,27,1701,1,1,2024-05-19,2024-05-27,12.0
238223,Ederson,Manchester City,2023-24,GK,30,2788,0,0,2024-05-19,2024-05-27,35.0
240306,Bruno Fernandes,Manchester United,2023-24,MF,29,3120,10,8,2024-05-19,2024-05-27,70.0
241481,Jaïro Riedewald,Crystal Palace,2023-24,MF,27,230,0,0,2024-05-19,2024-05-27,3.0
241641,Bernardo Silva,Manchester City,2023-24,MF,29,2582,6,9,2024-05-19,2024-05-27,70.0
242606,Josh Cullen,Burnley FC,2023-24,MF,28,2060,2,3,2024-05-19,2024-05-27,10.0
242631,Alex Iwobi,Fulham FC,2023-24,FW,28,2346,5,2,2024-05-19,2024-05-27,25.0
244338,Pelly Ruddock Mpanzu,Luton Town,2023-24,MF,30,1093,0,0,2024-05-19,2024-05-27,1.5
245056,Saša Lukić,Fulham FC,2023-24,MF,27,1120,1,0,2024-05-19,2024-05-27,10.0
246963,Carlton Morris,Luton Town,2023-24,FW,28,2868,11,4,2024-05-19,2024-05-27,13.0
249089,Lewis Cook,AFC Bournemouth,2023-24,MF,27,2792,0,3,2024-05-19,2024-05-27,12.0
249565,Youri Tielemans,Aston Villa,2023-24,MF,27,1621,2,6,2024-05-19,2024-05-27,25.0
249994,José Sá,Wolverhampton Wanderers,2023-24,GK,31,3038,0,0,2024-05-19,2024-05-27,14.0
250478,Matt Targett,Newcastle United,2023-24,DF,28,78,0,0,2024-05-19,2024-05-27,10.0
251106,Enes Ünal,AFC Bournemouth,2023-24,FW,27,319,2,2,2024-05-19,2024-05-27,18.0
251664,Ivan Toney,Brentford FC,2023-24,FW,28,1449,4,2,2024-05-19,2024-05-27,50.0
253677,Tyrone Mings,Aston Villa,2023-24,DF,31,31,0,0,2024-05-19,2024-05-27,13.0
255906,Scott McKenna,Nottingham Forest,2023-24,DF,27,417,0,0,2024-05-19,2024-06-10,9.0
256178,Joe Gomez,Liverpool FC,2023-24,DF,26,1776,0,1,2024-05-19,2024-05-27,28.0
257455,João Palhinha,Fulham FC,2023-24,MF,28,2709,4,1,2024-05-19,2024-05-27,55.0
258004,Rúben Dias,Manchester City,2023-24,DF,27,2557,0,0,2024-05-19,2024-05-27,80.0
258878,Tosin Adarabioyo,Fulham FC,2023-24,DF,26,1617,2,0,2024-05-19,2024-05-27,20.0
258885,Max Lowe,Sheffield United,2023-24,DF,27,500,0,1,2024-05-19,2024-05-27,2.5
258889,Dominic Solanke,AFC Bournemouth,2023-24,FW,26,3333,19,3,2024-05-19,2024-05-27,40.0
258919,Dean Henderson,Crystal Palace,2023-24,GK,27,1620,0,0,2024-05-19,2024-05-27,12.0
258923,Marcus Rashford,Manchester United,2023-24,FW,26,2278,7,3,2024-05-19,2024-05-27,60.0
260827,Joachim Andersen,Crystal Palace,2023-24,DF,27,3417,2,3,2024-05-19,2024-05-27,35.0
262226,Timothy Castagne,Fulham FC,2023-24,DF,28,2634,1,3,2024-05-19,2024-05-27,17.0
262749,David Raya,Arsenal FC,2023-24,GK,28,2880,0,0,2024-05-19,2024-05-27,35.0
262980,Jefferson Lerma,Crystal Palace,2023-24,MF,29,2404,1,1,2024-05-19,2024-05-27,20.0
264220,Reece Burke,Luton Town,2023-24,DF,27,1664,0,4,2024-05-19,2024-05-27,1.8
270171,Vitaly Janelt,Brentford FC,2023-24,MF,26,3073,1,3,2024-05-19,2024-05-27,22.0
272622,Issa Diop,Fulham FC,2023-24,DF,27,1425,0,0,2024-05-19,2024-05-27,20.0
272999,Miguel Almirón,Newcastle United,2023-24,FW,30,1947,3,1,2024-05-19,2024-05-27,20.0
275590,Kieffer Moore,AFC Bournemouth,2023-24,FW,31,100,1,0,2024-05-19,2024-05-24,2.0
277033,David Brooks,AFC Bournemouth,2023-24,FW,26,273,1,1,2024-05-19,2024-05-24,8.0
278166,Amari'i Bell,Luton Town,2023-24,DF,30,1723,0,0,2024-05-19,2024-05-27,2.5
279455,Harry Wilson,Fulham FC,2023-24,FW,27,1614,4,6,2024-05-19,2024-05-27,17.0
282429,Sergio Reguilón,Brentford FC,2023-24,DF,27,1536,0,4,2024-05-19,2024-05-27,12.0
283628,Tomáš Souček,West Ham United,2023-24,MF,29,2874,7,2,2024-05-19,2024-05-27,30.0
284730,Manuel Akanji,Manchester City,2023-24,DF,28,2514,2,0,2024-05-19,2024-05-27,45.0
284857,Marc Cucurella,Chelsea FC,2023-24,DF,25,1785,0,2,2024-05-19,2024-05-27,25.0
286047,Guglielmo Vicario,Tottenham Hotspur,2023-24,GK,27,3420,0,0,2024-05-19,2024-05-27,35.0
287579,Sofyan Amrabat,Manchester United,2023-24,MF,27,932,0,0,2024-05-19,2024-05-27,22.0
288255,Donny van de Beek,Manchester United,2023-24,MF,27,2,0,0,2024-05-19,2024-05-29,5.0
289592,Orel Mangala,Nottingham Forest,2023-24,MF,26,1570,1,0,2024-05-19,2024-06-03,20.0
290532,Saïd Benrahma,West Ham United,2023-24,FW,28,615,0,1,2024-05-19,2024-06-03,20.0
291200,Moussa Niakhaté,Nottingham Forest,2023-24,DF,28,1457,1,0,2024-05-19,2024-05-27,16.0
292246,Hee-chan Hwang,Wolverhampton Wanderers,2023-24,FW,28,2124,12,3,2024-05-19,2024-05-27,25.0
293281,Jacob Bruun Larsen,Burnley FC,2023-24,FW,25,1247,6,0,2024-05-19,2024-05-27,8.0
293569,Josh Brownhill,Burnley FC,2023-24,MF,28,2252,4,2,2024-05-19,2024-05-27,15.0
294057,James Maddison,Tottenham Hotspur,2023-24,MF,27,2154,4,9,2024-05-19,2024-05-27,70.0
295313,Taiwo Awoniyi,Nottingham Forest,2023-24,FW,26,1046,6,3,2024-05-19,2024-05-27,28.0
296422,Fodé Ballo-Touré,Fulham FC,2023-24,DF,27,65,0,0,2024-05-19,2024-05-27,3.0
298477,Oli McBurnie,Sheffield United,2023-24,FW,27,1285,6,3,2024-05-19,2024-05-27,4.5
303657,Ionuț Radu,AFC Bournemouth,2023-24,GK,26,180,0,0,2024-05-19,2024-05-27,3.0
305274,Fred Onyedinma,Luton Town,2023-24,MF,27,407,0,0,2024-05-19,2024-05-27,0.5
306024,Dominic Calvert-Lewin,Everton FC,2023-24,FW,27,2186,7,2,2024-05-19,2024-05-27,22.0
309400,Kai Havertz,Arsenal FC,2023-24,FW,24,2640,13,7,2024-05-19,2024-05-27,70.0
314210,Tom Davies,Sheffield United,2023-24,MF,25,214,0,0,2024-05-19,2024-05-27,5.0
314353,Trent Alexander-Arnold,Liverpool FC,2023-24,DF,25,2163,3,4,2024-05-19,2024-05-27,70.0
314875,Jarrod Bowen,West Ham United,2023-24,FW,27,3022,16,6,2024-05-19,2024-05-27,50.0
315969,Scott McTominay,Manchester United,2023-24,MF,27,1892,7,1,2024-05-19,2024-05-27,32.0
316125,Ben Chilwell,Chelsea FC,2023-24,DF,27,757,0,1,2024-05-19,2024-05-27,28.0
316264,Martin Ødegaard,Arsenal FC,2023-24,MF,25,3104,8,10,2024-05-19,2024-05-27,110.0
319859,Mathias Jensen,Brentford FC,2023-24,MF,28,2221,3,3,2024-05-19,2024-05-27,28.0
319900,Elijah Adebayo,Luton Town,2023-24,FW,26,1416,10,0,2024-05-19,2024-05-27,12.0
320411,Philip Billing,AFC Bournemouth,2023-24,MF,27,1393,2,2,2024-05-19,2024-05-27,22.0
322702,Benson Manuel,Burnley FC,2023-24,FW,27,110,0,0,2024-05-19,2024-05-27,5.0
322985,Gustavo Hamer,Sheffield United,2023-24,MF,26,2924,4,6,2024-05-19,2024-05-27,15.0
324358,Ollie Watkins,Aston Villa,2023-24,FW,28,3226,19,13,2024-05-19,2024-05-27,65.0
324882,Marvelous Nakamba,Luton Town,2023-24,MF,30,1133,0,0,2024-05-19,2024-05-27,5.0
328658,Kristoffer Ajer,Brentford FC,2023-24,DF,26,1833,2,1,2024-05-19,2024-05-27,15.0
329145,Diego Carlos,Aston Villa,2023-24,DF,31,1811,0,0,2024-05-19,2024-05-27,16.0
330659,Justin Kluivert,AFC Bournemouth,2023-24,MF,25,1935,7,1,2024-05-19,2024-05-27,14.0
331560,Takehiro Tomiyasu,Arsenal FC,2023-24,DF,25,1143,2,1,2024-05-19,2024-05-27,35.0
332705,Tyler Adams,AFC Bournemouth,2023-24,MF,25,118,0,0,2024-05-19,2024-05-27,15.0
333014,Sander Berge,Burnley FC,2023-24,MF,26,3006,1,2,2024-05-19,2024-05-27,20.0
333241,Joelinton,Newcastle United,2023-24,MF,27,1282,2,1,2024-05-19,2024-05-27,40.0
335721,Ben White,Arsenal FC,2023-24,DF,26,2995,4,4,2024-05-19,2024-05-27,55.0
338070,Konstantinos Tsimikas,Liverpool FC,2023-24,DF,28,677,0,3,2024-05-19,2024-05-27,22.0
338635,Hannes Delcroix,Burnley FC,2023-24,DF,25,585,0,0,2024-05-19,2024-05-27,4.0
339556,Rico Henry,Brentford FC,2023-24,DF,26,402,0,1,2024-05-19,2024-05-27,20.0
340321,Josh Dasilva,Brentford FC,2023-24,MF,25,23,0,0,2024-05-19,2024-05-27,10.0
340324,Eddie Nketiah,Arsenal FC,2023-24,FW,24,1072,5,2,2024-05-19,2024-05-27,30.0
340325,Reiss Nelson,Arsenal FC,2023-24,FW,24,257,0,0,2024-05-19,2024-05-27,15.0
340329,Joe Willock,Newcastle United,2023-24,MF,24,419,1,0,2024-05-19,2024-05-27,30.0
340918,Caoimhín Kelleher,Liverpool FC,2023-24,GK,25,900,0,0,2024-05-19,2024-05-27,20.0
340950,Diogo Jota,Liverpool FC,2023-24,FW,27,1151,10,3,2024-05-19,2024-05-27,50.0
341429,Davinson Sánchez,Tottenham Hotspur,2023-24,DF,27,76,0,0,2024-05-19,2024-05-31,17.0
343475,Ben Godfrey,Everton FC,2023-24,DF,26,1123,0,0,2024-05-19,2024-05-27,10.0
344152,Odsonne Édouard,Crystal Palace,2023-24,FW,26,1555,7,0,2024-05-19,2024-05-27,18.0
344381,Christopher Nkunku,Chelsea FC,2023-24,FW,26,439,3,0,2024-05-19,2024-05-27,65.0
344830,Tahith Chong,Luton Town,2023-24,MF,24,1987,4,0,2024-05-19,2024-05-27,6.0
346314,Trevoh Chalobah,Chelsea FC,2023-24,DF,24,950,1,0,2024-05-19,2024-05-27,13.0
346483,Mason Mount,Manchester United,2023-24,MF,25,514,1,0,2024-05-19,2024-05-27,35.0
346707,Sean Longstaff,Newcastle United,2023-24,MF,26,2747,6,2,2024-05-19,2024-05-27,25.0
348623,Mason Holgate,Sheffield United,2023-24,DF,27,714,0,0,2024-05-19,2024-05-27,5.0
348795,Giovani Lo Celso,Tottenham Hotspur,2023-24,MF,28,494,2,2,2024-05-19,2024-05-27,16.0
349066,Alexander Isak,Newcastle United,2023-24,FW,24,2266,21,2,2024-05-19,2024-05-27,75.0
349599,Pervis Estupiñán,Brighton & Hove Albion,2023-24,DF,26,1245,2,3,2024-05-19,2024-05-27,30.0
349701,Antonee Robinson,Fulham FC,2023-24,DF,26,3270,0,6,2024-05-19,2024-05-27,25.0
351749,Kalvin Phillips,West Ham United,2023-24,MF,28,396,0,0,2024-05-19,2024-05-27,25.0
354362,Rodrigo Bentancur,Tottenham Hotspur,2023-24,MF,26,1007,1,1,2024-05-19,2024-05-27,35.0
355861,Arnaut Danjuma,Everton FC,2023-24,FW,27,589,1,0,2024-05-19,2024-05-27,13.0
355915,Cristian Romero,Tottenham Hotspur,2023-24,DF,26,2792,5,0,2024-05-19,2024-05-27,60.0
357119,Ibrahima Konaté,Liverpool FC,2023-24,DF,24,1573,0,0,2024-05-19,2024-05-27,45.0
357147,Diogo Dalot,Manchester United,2023-24,DF,25,3174,2,3,2024-05-19,2024-05-27,35.0
357565,Rodri,Manchester City,2023-24,MF,27,2938,8,9,2024-05-19,2024-05-27,120.0
357658,Mark Travers,AFC Bournemouth,2023-24,GK,25,360,0,0,2024-05-19,2024-05-27,3.5
357662,Declan Rice,Arsenal FC,2023-24,MF,25,3231,7,9,2024-05-19,2024-05-27,120.0
357885,Pablo Fornals,West Ham United,2023-24,MF,28,419,0,0,2024-05-19,2024-06-07,14.0
361093,Sven Botman,Newcastle United,2023-24,DF,24,1378,2,2,2024-05-19,2024-05-27,45.0
361914,Nayef Aguerd,West Ham United,2023-24,DF,28,1859,1,0,2024-05-19,2024-05-27,35.0
363205,Gabriel Jesus,Arsenal FC,2023-24,FW,27,1483,4,5,2024-05-19,2024-05-27,65.0
364409,Gabriel Osho,Luton Town,2023-24,DF,25,1848,2,0,2024-05-19,2024-05-27,3.0
366930,Sergio Gómez,Manchester City,2023-24,DF,23,48,0,1,2024-05-19,2024-05-27,10.0
369567,Sasa Kalajdzic,Wolverhampton Wanderers,2023-24,FW,26,159,2,0,2024-05-19,2024-05-29,5.0
371021,Arijanet Murić,Burnley FC,2023-24,GK,25,900,0,0,2024-05-19,2024-05-27,7.0
375885,Ibrahim Sangaré,Nottingham Forest,2023-24,MF,26,1038,0,0,2024-05-19,2024-05-27,30.0
377468,Anel Ahmedhodzic,Sheffield United,2023-24,DF,25,2650,2,0,2024-05-19,2024-05-27,18.0
378710,Richarlison,Tottenham Hotspur,2023-24,FW,27,1492,11,4,2024-05-19,2024-05-27,38.0
380350,Igor Julio,Brighton & Hove Albion,2023-24,DF,26,1636,0,0,2024-05-19,2024-05-27,17.0
381963,Mike Tresor,Burnley FC,2023-24,MF,24,413,0,0,2024-05-19,2024-05-27,12.0
381967,Albert Sambi Lokonga,Luton Town,2023-24,MF,24,1310,1,3,2024-05-19,2024-05-27,15.0
384461,Jakub Moder,Brighton & Hove Albion,2023-24,MF,25,613,0,0,2024-05-19,2024-05-27,10.0
386047,Axel Disasi,Chelsea FC,2023-24,DF,26,2581,2,0,2024-05-19,2024-05-27,40.0
387191,Daiki Hashioka,Luton Town,2023-24,DF,25,595,0,0,2024-05-19,2024-05-27,2.0
387626,Leon Bailey,Aston Villa,2023-24,FW,26,2076,10,9,2024-05-19,2024-05-27,42.0
388165,Yoane Wissa,Brentford FC,2023-24,FW,27,2508,12,3,2024-05-19,2024-05-27,28.0
389253,Auston Trusty,Sheffield United,2023-24,DF,25,2572,0,0,2024-05-19,2024-05-27,7.0
391005,Mads Roerslev,Brentford FC,2023-24,DF,24,1988,1,2,2024-05-19,2024-05-27,10.0
391065,Hamed Traoré,AFC Bournemouth,2023-24,FW,24,44,0,0,2024-05-19,2024-06-05,17.0
392085,Nicolò Zaniolo,Aston Villa,2023-24,FW,24,830,2,0,2024-05-19,2024-05-27,20.0
392179,Hjalmar Ekdal,Burnley FC,2023-24,DF,25,438,0,0,2024-05-19,2024-05-27,7.0
392591,Chiedozie Ogbene,Luton Town,2023-24,FW,27,1992,4,1,2024-05-19,2024-05-27,8.0
392757,Marc Guéhi,Crystal Palace,2023-24,DF,23,2023,0,1,2024-05-19,2024-05-27,38.0
392765,Emile Smith Rowe,Arsenal FC,2023-24,MF,23,346,0,2,2024-05-19,2024-05-27,22.0
392768,Callum Hudson-Odoi,Nottingham Forest,2023-24,FW,23,1857,8,1,2024-05-19,2024-05-27,18.0
394327,Boubacar Kamara,Aston Villa,2023-24,MF,24,1661,0,1,2024-05-19,2024-05-27,38.0
395516,Moussa Diaby,Aston Villa,2023-24,FW,24,2186,6,8,2024-05-19,2024-05-27,55.0
396638,Manor Solomon,Tottenham Hotspur,2023-24,FW,24,198,0,2,2024-05-19,2024-05-27,13.0
397033,Sandro Tonali,Newcastle United,2023-24,MF,24,440,1,0,2024-05-19,2024-05-27,38.0
398065,Harvey Barnes,Newcastle United,2023-24,FW,26,794,5,3,2024-05-19,2024-05-27,35.0
399434,Marcus Tavernier,AFC Bournemouth,2023-24,MF,25,2133,3,4,2024-05-19,2024-05-27,20.0
399776,Pau Torres,Aston Villa,2023-24,DF,27,2463,2,0,2024-05-19,2024-05-27,45.0
401173,Jadon Sancho,Manchester United,2023-24,FW,24,76,0,0,2024-05-19,2024-05-29,30.0
401320,Dara O'Shea,Burnley FC,2023-24,DF,25,2895,3,4,2024-05-19,2024-05-27,7.0
401356,Edson Álvarez,West Ham United,2023-24,MF,26,2383,1,1,2024-05-19,2024-05-27,35.0
402733,Gonzalo Montiel,Nottingham Forest,2023-24,DF,27,802,0,2,2024-05-19,2024-05-27,10.0
403151,Robert Sánchez,Chelsea FC,2023-24,GK,26,1434,0,0,2024-05-19,2024-05-27,20.0
403898,Jordan Beyer,Burnley FC,2023-24,DF,24,1238,0,1,2024-05-19,2024-05-27,13.0
404842,Vitaliy Mykolenko,Everton FC,2023-24,DF,24,2471,2,0,2024-05-19,2024-05-27,28.0
406560,Rhian Brewster,Sheffield United,2023-24,FW,24,340,0,0,2024-05-19,2024-05-27,3.0
406635,Phil Foden,Manchester City,2023-24,MF,23,2871,19,8,2024-05-19,2024-05-27,150.0
406638,Oliver Skipp,Tottenham Hotspur,2023-24,MF,23,694,0,0,2024-05-19,2024-05-27,15.0
407021,Mads Andersen,Luton Town,2023-24,DF,26,399,1,0,2024-05-19,2024-05-27,3.0
410425,Yves Bissouma,Tottenham Hotspur,2023-24,MF,27,2083,0,0,2024-05-19,2024-05-27,35.0
413039,Bryan Mbeumo,Brentford FC,2023-24,FW,24,1961,9,6,2024-05-19,2024-05-27,40.0
413403,Ezri Konsa,Aston Villa,2023-24,DF,26,3074,1,0,2024-05-19,2024-05-27,35.0
415912,Konstantinos Mavropanos,West Ham United,2023-24,DF,26,1501,1,0,2024-05-19,2024-05-27,20.0
415970,Joe Worrall,Nottingham Forest,2023-24,DF,27,440,0,0,2024-05-19,2024-05-31,7.5
417346,Jack Harrison,Everton FC,2023-24,FW,27,2219,3,3,2024-05-19,2024-05-27,18.0
418560,Erling Haaland,Manchester City,2023-24,FW,23,2558,27,4,2024-05-19,2024-05-27,180.0
420002,Jean-Philippe Mateta,Crystal Palace,2023-24,FW,26,2285,16,5,2024-05-19,2024-05-27,20.0
420243,Jurriën Timber,Arsenal FC,2023-24,DF,22,71,0,0,2024-05-19,2024-05-27,38.0
421637,Frank Onyeka,Brentford FC,2023-24,MF,26,1153,1,2,2024-05-19,2024-05-27,9.0
423744,Billy Gilmour,Brighton & Hove Albion,2023-24,MF,22,2126,0,1,2024-05-19,2024-05-27,18.0
424015,Nathan Patterson,Everton FC,2023-24,DF,22,1000,0,2,2024-05-19,2024-05-27,15.0
425306,Matt Turner,Nottingham Forest,2023-24,GK,29,1530,0,0,2024-05-19,2024-05-27,7.0
425334,Matty Cash,Aston Villa,2023-24,DF,26,2143,2,2,2024-05-19,2024-05-27,28.0
425902,Ryan Yates,Nottingham Forest,2023-24,MF,26,1986,1,1,2024-05-19,2024-05-27,12.0
425918,Jakub Kiwior,Arsenal FC,2023-24,DF,24,945,1,3,2024-05-19,2024-05-27,30.0
426192,Ben Brereton Díaz,Sheffield United,2023-24,FW,25,1110,6,1,2024-05-19,2024-05-27,8.0
427568,Aaron Ramsdale,Arsenal FC,2023-24,GK,26,540,0,0,2024-05-19,2024-05-27,25.0
429014,Morgan Gibbs-White,Nottingham Forest,2023-24,MF,24,3162,5,10,2024-05-19,2024-05-27,40.0
431755,Dejan Kulusevski,Tottenham Hotspur,2023-24,MF,24,2766,8,3,2024-05-19,2024-05-27,55.0
433177,Bukayo Saka,Arsenal FC,2023-24,FW,22,2936,16,9,2024-05-19,2024-05-27,140.0
433183,Tommy Doyle,Wolverhampton Wanderers,2023-24,MF,22,1214,0,0,2024-05-19,2024-05-27,10.0
433188,Curtis Jones,Liverpool FC,2023-24,MF,23,1166,1,1,2024-05-19,2024-05-27,35.0
434675,Cody Gakpo,Liverpool FC,2023-24,FW,25,1646,8,5,2024-05-19,2024-05-27,50.0
435338,Gabriel,Arsenal FC,2023-24,DF,26,3044,4,0,2024-05-19,2024-05-27,70.0
438001,Santiago Bueno,Wolverhampton Wanderers,2023-24,DF,25,820,0,0,2024-05-19,2024-05-27,8.0
442248,Ethan Pinnock,Brentford FC,2023-24,DF,30,2521,2,0,2024-05-19,2024-05-27,12.0
444208,Michael Obafemi,Burnley FC,2023-24,FW,23,18,0,0,2024-05-19,2024-05-24,2.2
444523,Lucas Paquetá,West Ham United,2023-24,MF,26,2639,4,6,2024-05-19,2024-05-27,65.0
447661,Douglas Luiz,Aston Villa,2023-24,MF,26,3002,9,5,2024-05-19,2024-05-27,70.0
450050,Jean-Ricner Bellegarde,Wolverhampton Wanderers,2023-24,MF,25,957,2,1,2024-05-19,2024-05-27,15.0
451276,Dominik Szoboszlai,Liverpool FC,2023-24,MF,23,2111,3,2,2024-05-19,2024-05-27,75.0
461883,Calvin Bassey,Fulham FC,2023-24,DF,24,2300,1,0,2024-05-19,2024-05-27,16.0
463603,Benoît Badiashile,Chelsea FC,2023-24,DF,23,1338,0,1,2024-05-19,2024-05-27,30.0
465555,Djordje Petrovic,Chelsea FC,2023-24,GK,24,1986,0,0,2024-05-19,2024-05-27,20.0
465717,Jayden Bogle,Sheffield United,2023-24,DF,23,2793,3,0,2024-05-19,2024-05-27,3.8
466810,Ansu Fati,Brighton & Hove Albion,2023-24,FW,21,511,2,0,2024-05-19,2024-05-27,25.0
467623,Lyle Foster,Burnley FC,2023-24,FW,23,1909,5,3,2024-05-19,2024-05-27,13.0
468002,Ben Johnson,West Ham United,2023-24,DF,24,539,0,0,2024-05-19,2024-05-27,8.0
468249,Vitinho,Burnley FC,2023-24,DF,24,2318,0,2,2024-05-19,2024-05-27,5.0
469050,Nathan Collins,Brentford FC,2023-24,DF,23,2650,1,1,2024-05-19,2024-05-27,25.0
469781,Marcos Senesi,AFC Bournemouth,2023-24,DF,27,2247,4,5,2024-05-19,2024-05-27,22.0
469958,Jacob Brown,Luton Town,2023-24,FW,26,1020,2,0,2024-05-19,2024-05-27,4.0
470607,Brennan Johnson,Tottenham Hotspur,2023-24,FW,22,2333,5,10,2024-05-19,2024-05-27,48.0
471690,Max Aarons,AFC Bournemouth,2023-24,DF,24,1234,0,1,2024-05-19,2024-05-27,16.0
472423,Reece James,Chelsea FC,2023-24,DF,24,421,0,2,2024-05-19,2024-05-27,40.0
473050,Kevin Schade,Brentford FC,2023-24,FW,22,330,2,1,2024-05-19,2024-05-27,22.0
475959,Josko Gvardiol,Manchester City,2023-24,DF,22,2329,4,2,2024-05-19,2024-05-27,75.0
476344,Emerson Royal,Tottenham Hotspur,2023-24,DF,25,1155,1,0,2024-05-19,2024-05-27,18.0
477758,Aaron Wan-Bissaka,Manchester United,2023-24,DF,26,1782,0,2,2024-05-19,2024-05-27,20.0
478573,Ryan Gravenberch,Liverpool FC,2023-24,MF,22,1121,1,0,2024-05-19,2024-05-27,35.0
479999,Eberechi Eze,Crystal Palace,2023-24,MF,25,2066,11,4,2024-05-19,2024-05-27,55.0
480116,Lloyd Kelly,AFC Bournemouth,2023-24,DF,25,1556,0,1,2024-05-19,2024-05-27,18.0
480692,Luis Díaz,Liverpool FC,2023-24,FW,27,2646,8,5,2024-05-19,2024-05-27,75.0
480762,Lisandro Martínez,Manchester United,2023-24,DF,26,648,0,1,2024-05-19,2024-05-27,45.0
480987,Chris Mepham,AFC Bournemouth,2023-24,DF,26,613,0,1,2024-05-19,2024-05-27,6.0
485585,Ian Maatsen,Chelsea FC,2023-24,DF,22,201,0,0,2024-05-19,2024-05-29,40.0
485706,Amadou Onana,Everton FC,2023-24,MF,22,2090,2,0,2024-05-19,2024-05-27,50.0
486049,Jérémy Doku,Manchester City,2023-24,FW,21,1594,3,10,2024-05-19,2024-05-27,65.0
487465,Pedro Neto,Wolverhampton Wanderers,2023-24,FW,24,1519,2,9,2024-05-19,2024-05-27,55.0
488362,Conor Gallagher,Chelsea FC,2023-24,MF,24,3136,5,7,2024-05-19,2024-05-27,50.0
491296,Anass Zaroury,Burnley FC,2023-24,FW,23,149,0,0,2024-05-19,2024-05-24,9.0
493003,Daniel Muñoz,Crystal Palace,2023-24,DF,27,1440,0,4,2024-05-19,2024-05-27,18.0
495666,William Saliba,Arsenal FC,2023-24,DF,23,3420,2,1,2024-05-19,2024-05-27,80.0
497291,Nicolás Domínguez,Nottingham Forest,2023-24,MF,25,1503,2,2,2024-05-19,2024-05-27,17.0
503680,Neco Williams,Nottingham Forest,2023-24,DF,23,1634,0,1,2024-05-19,2024-05-27,17.0
503733,Anthony Gordon,Newcastle United,2023-24,FW,23,2906,11,10,2024-05-19,2024-05-27,60.0
503743,Morgan Rogers,Aston Villa,2023-24,MF,21,641,3,1,2024-05-19,2024-05-27,15.0
503749,Jacob Ramsey,Aston Villa,2023-24,MF,22,851,1,1,2024-05-19,2024-05-27,35.0
503981,Tino Livramento,Newcastle United,2023-24,DF,21,1306,1,0,2024-05-19,2024-05-27,35.0
503987,Noni Madueke,Chelsea FC,2023-24,FW,22,1053,5,2,2024-05-19,2024-05-27,28.0
504148,Tariq Lamptey,Brighton & Hove Albion,2023-24,DF,23,914,0,3,2024-05-19,2024-05-27,12.0
504215,Giovanni Reyna,Nottingham Forest,2023-24,MF,21,230,0,1,2024-05-19,2024-05-27,18.0
504581,Ryan Giles,Luton Town,2023-24,DF,24,501,0,0,2024-05-19,2024-05-24,4.5
504849,Kaoru Mitoma,Brighton & Hove Albion,2023-24,FW,26,1488,3,4,2024-05-19,2024-05-27,45.0
505194,Luke Thomas,Sheffield United,2023-24,DF,22,919,0,0,2024-05-19,2024-05-24,6.0
505219,James Garner,Everton FC,2023-24,MF,23,3005,1,2,2024-05-19,2024-05-27,22.0
505653,Fábio Silva,Wolverhampton Wanderers,2023-24,FW,21,262,0,0,2024-05-19,2024-05-30,11.0
512385,Luis Sinisterra,AFC Bournemouth,2023-24,FW,24,691,2,2,2024-05-19,2024-05-27,17.0
517894,Matheus Cunha,Wolverhampton Wanderers,2023-24,FW,24,2454,12,7,2024-05-19,2024-05-27,45.0
520624,Bruno Guimarães,Newcastle United,2023-24,MF,26,3269,7,8,2024-05-19,2024-05-27,85.0
525247,Maximilian Kilman,Wolverhampton Wanderers,2023-24,DF,26,3420,2,0,2024-05-19,2024-05-27,32.0
525287,Carlos Vinícius,Fulham FC,2023-24,FW,29,306,2,0,2024-05-19,2024-05-31,4.0
533662,Cameron Archer,Sheffield United,2023-24,FW,22,1840,4,1,2024-05-19,2024-05-27,13.0
533916,Shandon Baptiste,Brentford FC,2023-24,MF,26,224,1,1,2024-05-19,2024-05-27,2.5
534033,Alexis Mac Allister,Liverpool FC,2023-24,MF,25,2612,5,5,2024-05-19,2024-05-27,75.0
535955,Nuno Tavares,Nottingham Forest,2023-24,DF,24,455,0,0,2024-05-19,2024-05-27,15.0
536508,Han-Noah Massengo,Burnley FC,2023-24,MF,22,14,0,0,2024-05-19,2024-05-27,4.0
536835,Amad Diallo,Manchester United,2023-24,FW,21,388,1,1,2024-05-19,2024-05-27,18.0
537382,Bryan Gil,Tottenham Hotspur,2023-24,FW,23,201,0,0,2024-05-19,2024-05-27,14.0
537598,Fábio Vieira,Arsenal FC,2023-24,MF,23,292,1,2,2024-05-19,2024-05-27,22.0
537860,Mykhaylo Mudryk,Chelsea FC,2023-24,FW,23,1579,5,2,2024-05-19,2024-05-27,35.0
538971,Naouirou Ahamada,Crystal Palace,2023-24,MF,22,331,0,0,2024-05-19,2024-05-27,8.0
540941,Mikkel Damsgaard,Brentford FC,2023-24,MF,23,836,0,2,2024-05-19,2024-05-27,10.0
543164,Rhys Norrington-Davies,Sheffield United,2023-24,DF,25,111,0,0,2024-05-19,2024-05-27,2.5
543387,Cheick Doucouré,Crystal Palace,2023-24,MF,24,922,0,0,2024-05-19,2024-05-27,35.0
543499,Mohammed Kudus,West Ham United,2023-24,FW,23,2489,8,6,2024-05-19,2024-05-27,50.0
546543,Darwin Núñez,Liverpool FC,2023-24,FW,24,2045,11,8,2024-05-19,2024-05-27,70.0
546712,Anis Ben Slimane,Sheffield United,2023-24,MF,23,412,0,0,2024-05-19,2024-05-27,2.5
548470,Teden Mengi,Luton Town,2023-24,DF,22,2470,1,0,2024-05-19,2024-05-27,12.0
548729,Zeki Amdouni,Burnley FC,2023-24,FW,23,1973,5,1,2024-05-19,2024-05-27,12.0
551001,Owen Beck,Liverpool FC,2023-24,DF,21,7,0,0,2024-05-19,2024-05-30,1.25
553875,Pedro Porro,Tottenham Hotspur,2023-24,DF,24,3093,3,7,2024-05-19,2024-05-27,45.0
554251,Yasser Larouci,Sheffield United,2023-24,DF,23,533,0,0,2024-05-19,2024-05-27,3.0
555076,Romain Faivre,AFC Bournemouth,2023-24,MF,25,37,0,0,2024-05-19,2024-05-27,15.0
556385,Destiny Udogie,Tottenham Hotspur,2023-24,DF,21,2398,2,3,2024-05-19,2024-05-27,45.0
557459,Micky van de Ven,Tottenham Hotspur,2023-24,DF,23,2343,3,0,2024-05-19,2024-05-27,55.0
565093,Bart Verbruggen,Brighton & Hove Albion,2023-24,GK,21,1890,0,0,2024-05-19,2024-05-27,18.0
565822,Harvey Elliott,Liverpool FC,2023-24,MF,21,1335,3,6,2024-05-19,2024-05-27,35.0
566723,Michael Olise,Crystal Palace,2023-24,FW,22,1278,10,6,2024-05-19,2024-05-27,55.0
566799,James Trafford,Burnley FC,2023-24,GK,21,2520,0,0,2024-05-19,2024-05-27,18.0
567576,Elliot Anderson,Newcastle United,2023-24,MF,21,1024,0,2,2024-05-19,2024-05-27,15.0
568177,Cole Palmer,Chelsea FC,2023-24,MF,22,2628,22,11,2024-05-19,2024-05-27,80.0
568559,Radu Drăgușin,Tottenham Hotspur,2023-24,DF,22,424,0,0,2024-05-19,2024-05-27,25.0
568693,Pape Matar Sarr,Tottenham Hotspur,2023-24,MF,21,2085,3,3,2024-05-19,2024-05-27,45.0
571743,Armando Broja,Chelsea FC,2023-24,FW,22,534,1,2,2024-05-19,2024-05-27,22.0
576024,Julián Alvarez,Manchester City,2023-24,FW,24,2659,11,9,2024-05-19,2024-05-27,90.0
576314,Jan Paul van Hecke,Brighton & Hove Albion,2023-24,DF,23,2368,0,0,2024-05-19,2024-05-27,18.0
578391,Rayan Aït-Nouri,Wolverhampton Wanderers,2023-24,DF,22,2343,2,1,2024-05-19,2024-05-27,35.0
578539,Chris Richards,Crystal Palace,2023-24,DF,24,2091,1,1,2024-05-19,2024-05-27,12.0
583189,Anthony Elanga,Nottingham Forest,2023-24,FW,22,2434,5,9,2024-05-19,2024-05-27,22.0
583199,James McAtee,Sheffield United,2023-24,MF,21,1828,3,3,2024-05-19,2024-05-27,12.0
583255,Antoine Semenyo,AFC Bournemouth,2023-24,FW,24,2113,8,2,2024-05-19,2024-05-27,10.0
584769,Dwight McNeil,Everton FC,2023-24,FW,24,2898,3,6,2024-05-19,2024-05-27,22.0
586834,Jesurun Rak-Sakyi,Crystal Palace,2023-24,FW,21,132,0,0,2024-05-19,2024-05-27,2.0
591949,Aaron Hickey,Brentford FC,2023-24,DF,21,720,0,0,2024-05-19,2024-05-27,28.0
595809,Beto,Everton FC,2023-24,FW,26,941,3,0,2024-05-19,2024-05-27,20.0
601883,Matheus Nunes,Manchester City,2023-24,DF,25,834,0,2,2024-05-19,2024-05-27,50.0
602105,Antony,Manchester United,2023-24,FW,24,1323,1,1,2024-05-19,2024-05-27,25.0
606718,Toti,Wolverhampton Wanderers,2023-24,DF,25,2776,1,3,2024-05-19,2024-05-27,20.0
607224,Hannibal,Manchester United,2023-24,MF,21,131,1,0,2024-05-19,2024-06-07,9.0
608175,Alfie Doughty,Luton Town,2023-24,MF,24,2937,2,8,2024-05-19,2024-05-27,10.0
609556,William Osula,Sheffield United,2023-24,FW,20,784,0,0,2024-05-19,2024-05-27,3.0
610442,Rasmus Højlund,Manchester United,2023-24,FW,21,2171,10,2,2024-05-19,2024-05-27,65.0
611793,James Hill,AFC Bournemouth,2023-24,DF,22,75,0,0,2024-05-19,2024-05-27,2.0
614258,Levi Colwill,Chelsea FC,2023-24,DF,21,1798,1,1,2024-05-19,2024-05-27,50.0
620322,Malo Gusto,Chelsea FC,2023-24,DF,21,1756,0,6,2024-05-19,2024-05-27,35.0
620598,Ameen Al-Dakhil,Burnley FC,2023-24,DF,22,1055,1,0,2024-05-19,2024-05-27,12.0
621993,Andrew Omobamidele,Nottingham Forest,2023-24,DF,21,782,0,0,2024-05-19,2024-05-27,11.0
622380,Cesare Casadei,Chelsea FC,2023-24,MF,21,71,0,0,2024-05-19,2024-05-27,10.0
624258,Conor Bradley,Liverpool FC,2023-24,DF,20,760,1,3,2024-05-19,2024-05-27,15.0
626724,João Pedro,Brighton & Hove Albion,2023-24,FW,22,2047,9,3,2024-05-19,2024-05-27,45.0
626888,Kaine Kesler-Hayden,Aston Villa,2023-24,DF,21,5,0,0,2024-05-19,2024-05-27,2.2
627248,Lewis Dobbin,Everton FC,2023-24,FW,21,227,1,0,2024-05-19,2024-05-27,2.5
628451,Roméo Lavia,Chelsea FC,2023-24,MF,20,32,0,0,2024-05-19,2024-05-27,35.0
631996,Brandon Aguilera,Nottingham Forest,2023-24,MF,20,4,0,0,2024-05-19,2024-06-17,0.3
632349,Jarell Quansah,Liverpool FC,2023-24,DF,21,1190,2,0,2024-05-19,2024-05-27,22.0
644401,Keane Lewis-Potter,Brentford FC,2023-24,MF,23,1441,3,1,2024-05-19,2024-05-27,15.0
646658,Aaron Ramsey,Burnley FC,2023-24,MF,21,526,0,0,2024-05-19,2024-05-27,15.0
648046,Evan Ferguson,Brighton & Hove Albion,2023-24,FW,19,1365,6,0,2024-05-19,2024-05-27,50.0
648195,Enzo Fernández,Chelsea FC,2023-24,MF,23,2215,3,2,2024-05-19,2024-05-27,75.0
649020,Boubacar Traoré,Wolverhampton Wanderers,2023-24,MF,22,803,0,0,2024-05-19,2024-05-27,6.0
649317,Jhon Durán,Aston Villa,2023-24,FW,20,462,5,0,2024-05-19,2024-05-27,20.0
649452,Issa Kaboré,Luton Town,2023-24,DF,23,1732,0,2,2024-05-19,2024-05-27,10.0
655488,Gabriel Martinelli,Arsenal FC,2023-24,FW,22,2029,6,4,2024-05-19,2024-05-27,70.0
658536,Simon Adingra,Brighton & Hove Albion,2023-24,FW,22,2232,6,1,2024-05-19,2024-05-27,30.0
659089,Ilya Zabarnyi,AFC Bournemouth,2023-24,DF,21,3330,1,0,2024-05-19,2024-05-27,32.0
659459,Carney Chukwuemeka,Chelsea FC,2023-24,MF,20,223,1,1,2024-05-19,2024-05-27,15.0
660867,Julio Enciso,Brighton & Hove Albion,2023-24,MF,20,472,0,2,2024-05-19,2024-05-27,22.0
661053,Jarrad Branthwaite,Everton FC,2023-24,DF,21,3117,3,1,2024-05-19,2024-05-27,42.0
661207,Oscar Bobb,Manchester City,2023-24,FW,20,295,1,1,2024-05-19,2024-05-27,25.0
663225,Tyler Onyango,Everton FC,2023-24,MF,21,1,0,0,2024-05-19,2024-05-27,0.5
663581,Vini Souza,Sheffield United,2023-24,MF,24,2672,1,0,2024-05-19,2024-05-27,12.0
665390,Jaden Philogene,Aston Villa,2023-24,FW,22,3,0,0,2024-05-19,2024-05-24,15.0
669366,Tom Cannon,Everton FC,2023-24,FW,21,1,0,0,2024-05-19,2024-05-24,4.0
670688,Youssef Chermiti,Everton FC,2023-24,FW,19,196,0,0,2024-05-19,2024-05-27,9.0
670845,Omari Forson,Manchester United,2023-24,FW,19,68,0,1,2024-05-19,2024-05-27,2.0
670848,Divin Mubama,West Ham United,2023-24,FW,19,75,0,0,2024-05-19,2024-05-27,1.0
670850,Alex Matos,Chelsea FC,2023-24,MF,19,1,0,0,2024-05-19,2024-05-24,1.2
670858,Lewis Hall,Newcastle United,2023-24,DF,19,775,1,0,2024-05-19,2024-05-27,18.0
676318,Facundo Pellistri,Manchester United,2023-24,FW,22,165,0,1,2024-05-19,2024-06-07,8.0
684210,Jaidon Anthony,AFC Bournemouth,2023-24,FW,24,153,0,0,2024-05-19,2024-05-24,6.0
687626,Moisés Caicedo,Chelsea FC,2023-24,MF,22,2874,1,3,2024-05-19,2024-05-27,75.0
696589,Tim Iroegbunam,Aston Villa,2023-24,MF,20,158,0,0,2024-05-19,2024-05-27,4.0
697280,George Earthy,West Ham United,2023-24,MF,19,32,1,0,2024-05-19,2024-05-27,1.0
698678,Hugo Bueno,Wolverhampton Wanderers,2023-24,DF,21,732,0,0,2024-05-19,2024-05-27,6.0
701057,Rico Lewis,Manchester City,2023-24,DF,19,807,2,0,2024-05-19,2024-05-27,38.0
711969,Lorenz Assignon,Burnley FC,2023-24,DF,23,1238,1,2,2024-05-19,2024-05-27,10.0
711999,Lesley Ugochukwu,Chelsea FC,2023-24,MF,20,297,0,0,2024-05-19,2024-05-27,25.0
712117,Bobby Clark,Liverpool FC,2023-24,MF,19,87,0,0,2024-05-19,2024-05-27,1.0
717411,Yegor Yarmolyuk,Brentford FC,2023-24,MF,20,674,0,0,2024-05-19,2024-05-27,10.0
719673,Ben Gannon-Doak,Liverpool FC,2023-24,FW,18,13,0,0,2024-05-19,2024-05-27,10.0
726701,Rodrigo Ribeiro,Nottingham Forest,2023-24,FW,19,14,0,0,2024-05-19,2024-05-27,3.0
730861,Milos Kerkez,AFC Bournemouth,2023-24,DF,20,1976,0,1,2024-05-19,2024-05-27,20.0
730893,Tyrick Mitchell,Crystal Palace,2023-24,DF,24,3210,2,3,2024-05-19,2024-05-27,25.0
735570,João Gomes,Wolverhampton Wanderers,2023-24,MF,23,2659,2,1,2024-05-19,2024-05-27,35.0
735571,Rodrigo Muniz,Fulham FC,2023-24,FW,23,1599,9,1,2024-05-19,2024-05-27,20.0
743498,Wilson Odobert,Burnley FC,2023-24,FW,19,2108,3,3,2024-05-19,2024-05-27,10.0
743597,Matheus França,Crystal Palace,2023-24,MF,20,225,0,1,2024-05-19,2024-05-27,15.0
743600,Andrey Santos,Nottingham Forest,2023-24,MF,20,7,0,0,2024-05-19,2024-06-03,15.0
744149,Adam Wharton,Crystal Palace,2023-24,MF,20,1305,0,3,2024-05-19,2024-05-27,30.0
745461,Luca Koleosho,Burnley FC,2023-24,FW,19,986,1,1,2024-05-19,2024-05-27,7.0
746739,Andre Brooks,Sheffield United,2023-24,MF,20,942,0,0,2024-05-19,2024-05-27,2.5
746740,Daniel Jebbison,Sheffield United,2023-24,FW,20,20,0,0,2024-05-19,2024-05-27,1.0
776890,Nicolas Jackson,Chelsea FC,2023-24,FW,22,2810,14,5,2024-05-19,2024-05-27,35.0
780630,Willy Kambwala,Manchester United,2023-24,DF,19,326,0,0,2024-05-19,2024-05-27,5.0
787232,David Datro Fofana,Burnley FC,2023-24,FW,21,879,4,1,2024-05-19,2024-05-27,12.0
790992,Alfie Gilchrist,Chelsea FC,2023-24,DF,20,202,1,0,2024-05-19,2024-05-27,5.0
808509,Danilo,Nottingham Forest,2023-24,MF,23,1797,2,2,2024-05-19,2024-05-27,28.0
811779,Alejandro Garnacho,Manchester United,2023-24,FW,19,2576,7,4,2024-05-19,2024-05-27,45.0
820374,Kobbie Mainoo,Manchester United,2023-24,MF,19,1940,3,1,2024-05-19,2024-05-27,50.0
823231,Dango Ouattara,AFC Bournemouth,2023-24,FW,22,1220,1,2,2024-05-19,2024-05-27,20.0
842341,Maxime Estève,Burnley FC,2023-24,DF,21,1312,0,0,2024-05-19,2024-05-27,7.0
849410,Valentín Barco,Brighton & Hove Albion,2023-24,MF,19,308,0,0,2024-05-19,2024-05-27,13.0
852024,Bénie Traoré,Sheffield United,2023-24,FW,21,385,0,0,2024-05-19,2024-06-03,4.0
855256,Alex Scott,AFC Bournemouth,2023-24,MF,20,1010,1,1,2024-05-19,2024-05-27,20.0
863741,Nathan Fraser,Wolverhampton Wanderers,2023-24,FW,19,184,0,0,2024-05-19,2024-05-27,1.0
864799,Stefan Bajcetic,Liverpool FC,2023-24,MF,19,25,0,0,2024-05-19,2024-05-27,11.0
867688,Jack Hinshelwood,Brighton & Hove Albion,2023-24,MF,19,871,3,0,2024-05-19,2024-05-27,16.0
874066,Oliver Arblaster,Sheffield United,2023-24,MF,20,946,0,0,2024-05-19,2024-05-27,0.45
874080,Mason Burstow,Chelsea FC,2023-24,FW,20,8,0,0,2024-05-19,2024-05-24,1.8
888493,Alejo Veliz,Tottenham Hotspur,2023-24,FW,20,45,1,0,2024-05-19,2024-06-07,9.0
922769,Lewis Miley,Newcastle United,2023-24,MF,18,1208,1,3,2024-05-19,2024-05-27,22.0
973085,Carlos Baleba,Brighton & Hove Albion,2023-24,MF,20,1320,0,0,2024-05-19,2024-05-27,22.0
983989,Facundo Buonanotte,Brighton & Hove Albion,2023-24,MF,19,1369,3,1,2024-05-19,2024-05-27,18.0
1005649,Murillo,Nottingham Forest,2023-24,DF,21,2793,0,2,2024-05-19,2024-05-27,35.0
1043634,Leon Chiwome,Wolverhampton Wanderers,2023-24,FW,18,175,0,0,2024-05-19,2024-05-27,1.0
1060740,Enso González,Wolverhampton Wanderers,2023-24,FW,19,1,0,0,2024-05-19,2024-05-27,4.0
1082850,Deivid Washington,Chelsea FC,2023-24,FW,18,11,0,0,2024-05-19,2024-05-27,9.0
3333,James Milner,Brighton & Hove Albion,2024-25,MF,39,173,0,0,2025-05-25,2025-05-30,1.0
14086,Ashley Young,Everton FC,2024-25,DF,39,1870,1,3,2025-05-25,2025-05-30,0.5
16306,Casemiro,Manchester United,2024-25,MF,33,1498,1,0,2025-05-25,2025-05-30,10.0
29692,Lukasz Fabianski,West Ham United,2024-25,GK,40,1161,0,0,2025-05-25,2025-05-30,0.5
43530,Adam Lallana,Southampton FC,2024-25,MF,37,355,0,2,2025-05-25,2025-05-30,0.75
51471,Mateo Kovacic,Manchester City,2024-25,MF,31,2203,6,2,2025-05-25,2025-05-30,20.0
52570,Fraser Forster,Tottenham Hotspur,2024-25,GK,37,630,0,0,2025-05-25,2025-05-30,1.0
52769,Willian,Fulham FC,2024-25,FW,36,252,0,0,2025-05-25,2025-05-30,0.75
53622,İlkay Gündoğan,Manchester City,2024-25,MF,34,2229,1,7,2025-05-25,2025-05-30,5.0
61841,Adam Smith,AFC Bournemouth,2024-25,DF,34,1595,0,0,2025-05-25,2025-05-30,0.75
67063,Danny Welbeck,Brighton & Hove Albion,2024-25,FW,34,2121,10,4,2025-05-25,2025-05-30,5.0
68390,Séamus Coleman,Everton FC,2024-25,DF,36,215,0,0,2025-05-25,2025-05-30,0.5
69633,Christian Eriksen,Manchester United,2024-25,MF,33,1056,1,2,2025-05-25,2025-05-30,4.0
72476,Bernd Leno,Fulham FC,2024-25,GK,33,3420,0,1,2025-05-25,2025-05-30,10.0
73564,Jason Steele,Brighton & Hove Albion,2024-25,GK,34,180,0,0,2025-05-25,2025-05-30,1.5
74230,Pablo Sarabia,Wolverhampton Wanderers,2024-25,MF,33,805,3,2,2025-05-25,2025-05-30,5.0
74960,Martin Dúbravka,Newcastle United,2024-25,GK,36,900,0,0,2025-05-25,2025-05-30,1.0
75458,Robin Olsen,Aston Villa,2024-25,GK,35,225,0,0,2025-05-25,2025-05-30,1.0
75489,Niclas Füllkrug,West Ham United,2024-25,FW,32,788,3,2,2025-05-25,2025-05-30,10.0
85177,Nathaniel Clyne,Crystal Palace,2024-25,DF,34,481,0,0,2025-05-25,2025-05-30,1.0
85941,Stefan Ortega,Manchester City,2024-25,GK,32,1099,0,0,2025-05-25,2025-05-30,8.0
88755,Kevin De Bruyne,Manchester City,2024-25,MF,33,1705,4,7,2025-05-25,2025-05-30,20.0
91845,Heung-min Son,Tottenham Hotspur,2024-25,FW,32,2117,7,10,2025-05-25,2025-05-30,20.0
92571,Aaron Cresswell,West Ham United,2024-25,DF,35,823,0,0,2025-05-25,2025-05-30,0.5
92572,Joel Ward,Crystal Palace,2024-25,DF,35,72,0,0,2025-05-25,2025-05-30,0.5
95424,Kyle Walker,Manchester City,2024-25,DF,34,967,0,0,2025-05-25,2025-06-17,4.0
95810,Kieran Trippier,Newcastle United,2024-25,DF,34,1309,0,3,2025-05-25,2025-05-30,4.0
95976,Alex McCarthy,Southampton FC,2024-25,GK,35,450,0,0,2025-05-25,2025-05-30,0.35
99331,Jannik Vestergaard,Leicester City,2024-25,DF,32,1395,0,0,2025-05-25,2025-05-30,2.0
102017,Jorginho,Arsenal FC,2024-25,MF,33,705,0,0,2025-05-25,2025-05-30,6.0
104124,Michail Antonio,West Ham United,2024-25,FW,35,844,1,1,2025-05-25,2025-05-30,0.7
105470,Alisson,Liverpool FC,2024-25,GK,32,2509,0,0,2025-05-25,2025-05-30,20.0
108354,Jordan Ayew,Leicester City,2024-25,FW,33,1663,5,0,2025-05-25,2025-05-30,2.5
108725,Chris Wood,Nottingham Forest,2024-25,FW,33,2979,20,3,2025-05-25,2025-05-30,10.0
110864,Sam Johnstone,Wolverhampton Wanderers,2024-25,GK,32,630,0,0,2025-05-25,2025-05-30,6.0
111195,Joël Veltman,Brighton & Hove Albion,2024-25,DF,33,1699,0,0,2025-05-25,2025-05-30,4.0
111819,Neto,AFC Bournemouth,2024-25,GK,35,180,0,0,2025-05-25,2025-05-30,1.5
111873,Emiliano Martínez,Aston Villa,2024-25,GK,32,3195,0,0,2025-05-25,2025-05-30,20.0
118534,Michael Keane,Everton FC,2024-25,DF,32,1046,3,0,2025-05-25,2025-05-30,5.0
120629,Alphonse Areola,West Ham United,2024-25,GK,32,2259,0,0,2025-05-25,2025-05-30,9.0
121477,Craig Dawson,Wolverhampton Wanderers,2024-25,DF,35,970,0,0,2025-05-25,2025-05-30,1.5
123275,Tom Cairney,Fulham FC,2024-25,MF,34,613,2,0,2025-05-25,2025-05-30,1.5
123551,Sam Morsy,Ipswich Town,2024-25,MF,33,2757,1,1,2025-05-25,2025-05-30,0.5
123682,Callum Wilson,Newcastle United,2024-25,FW,33,357,0,0,2025-05-25,2025-05-30,8.0
125714,Mark Flekken,Brentford FC,2024-25,GK,31,3276,0,2,2025-05-25,2025-05-30,10.0
126664,Lucas Digne,Aston Villa,2024-25,DF,31,2360,0,5,2025-05-25,2025-05-30,10.0
126665,Idrissa Gueye,Everton FC,2024-25,MF,35,3070,0,3,2025-05-25,2025-05-30,1.5
127187,Abdoulaye Doucouré,Everton FC,2024-25,MF,32,2577,3,2,2025-05-25,2025-05-30,7.0
127202,Matz Sels,Nottingham Forest,2024-25,GK,33,3420,0,0,2025-05-25,2025-05-30,7.0
128901,Conor Coady,Leicester City,2024-25,DF,32,1714,1,0,2025-05-25,2025-05-30,2.2
130164,Jordan Pickford,Everton FC,2024-25,GK,31,3420,0,1,2025-05-25,2025-05-30,18.0
131978,Ross Barkley,Aston Villa,2024-25,MF,31,567,3,1,2025-05-25,2025-05-30,6.0
134270,Dan Burn,Newcastle United,2024-25,DF,33,3330,1,1,2025-05-25,2025-05-30,6.0
134294,Danny Ings,West Ham United,2024-25,FW,32,270,1,2,2025-05-25,2025-05-30,6.0
134425,Raheem Sterling,Arsenal FC,2024-25,FW,30,496,0,2,2025-05-25,2025-05-30,10.0
135343,Fabian Schär,Newcastle United,2024-25,DF,33,2938,4,0,2025-05-25,2025-05-30,7.0
136401,Daniel Bentley,Wolverhampton Wanderers,2024-25,GK,31,180,0,0,2025-05-25,2025-05-30,1.5
139208,Virgil van Dijk,Liverpool FC,2024-25,DF,33,3330,3,1,2025-05-25,2025-05-30,23.0
142310,Willy Boly,Nottingham Forest,2024-25,DF,34,146,0,0,2025-05-25,2025-05-30,1.5
144028,Leandro Trossard,Arsenal FC,2024-25,FW,30,2551,8,8,2025-05-25,2025-05-30,22.0
146310,Wataru Endo,Liverpool FC,2024-25,MF,32,260,0,0,2025-05-25,2025-05-30,8.0
146509,Conor Townsend,Ipswich Town,2024-25,DF,32,335,0,1,2025-05-25,2025-05-30,0.8
146795,Ryan Fraser,Southampton FC,2024-25,FW,31,306,0,0,2025-05-25,2025-05-30,2.0
148153,Lewis Dunk,Brighton & Hove Albion,2024-25,DF,33,2083,0,0,2025-05-25,2025-05-30,6.0
148367,Christian Nørgaard,Brentford FC,2024-25,MF,31,2830,5,4,2025-05-25,2025-05-30,11.0
148455,Mohamed Salah,Liverpool FC,2024-25,FW,32,3380,29,18,2025-05-25,2025-05-30,50.0
157506,Jeffrey Schlupp,Crystal Palace,2024-25,MF,32,94,0,0,2025-05-25,2025-06-17,3.0
157672,Vladimír Coufal,West Ham United,2024-25,DF,32,1061,0,0,2025-05-25,2025-05-30,5.0
163744,Jack Stephens,Southampton FC,2024-25,DF,31,1394,1,0,2025-05-25,2025-05-30,1.5
170527,Timo Werner,Tottenham Hotspur,2024-25,FW,29,508,0,3,2025-05-25,2025-05-30,7.0
170934,Mario Lemina,Wolverhampton Wanderers,2024-25,MF,31,1363,1,3,2025-05-25,2025-06-18,7.5
171679,Matt Doherty,Wolverhampton Wanderers,2024-25,DF,33,2112,2,1,2025-05-25,2025-05-30,2.0
173504,James Tarkowski,Everton FC,2024-25,DF,32,2924,1,1,2025-05-25,2025-05-30,9.0
177476,Nathan Aké,Manchester City,2024-25,DF,30,683,0,0,2025-05-25,2025-05-30,25.0
177907,Harry Maguire,Manchester United,2024-25,DF,32,1756,1,0,2025-05-25,2025-05-30,13.0
181579,James Ward-Prowse,West Ham United,2024-25,MF,30,1440,1,2,2025-05-25,2025-05-30,8.0
181687,Massimo Luongo,Ipswich Town,2024-25,MF,32,196,0,0,2025-05-25,2025-05-30,0.4
181778,Emerson,West Ham United,2024-25,DF,30,2125,2,1,2025-05-25,2025-05-30,10.0
183288,Luke Shaw,Manchester United,2024-25,DF,29,348,0,0,2025-05-25,2025-05-30,12.0
184528,Emil Krafth,Newcastle United,2024-25,DF,30,334,0,0,2025-05-25,2025-05-30,2.0
184573,Victor Lindelöf,Manchester United,2024-25,DF,30,697,0,0,2025-05-25,2025-05-30,8.0
186186,Bobby De Cordova-Reid,Leicester City,2024-25,MF,32,741,1,3,2025-05-25,2025-05-30,2.5
186590,John Stones,Manchester City,2024-25,DF,30,545,2,0,2025-05-25,2025-05-30,25.0
188077,Ryan Christie,AFC Bournemouth,2024-25,MF,30,2131,2,3,2025-05-25,2025-05-30,10.0
192080,Nick Pope,Newcastle United,2024-25,GK,33,2520,0,0,2025-05-25,2025-05-30,8.0
192279,Kepa Arrizabalaga,AFC Bournemouth,2024-25,GK,30,2790,0,0,2025-05-25,2025-05-30,10.0
192765,Ben Davies,Tottenham Hotspur,2024-25,DF,32,1330,0,0,2025-05-25,2025-05-30,6.0
193098,Álex Moreno,Nottingham Forest,2024-25,DF,31,960,0,1,2025-05-25,2025-05-30,7.0
193116,John McGinn,Aston Villa,2024-25,MF,30,2231,1,4,2025-05-25,2025-05-30,16.0
195633,Charlie Taylor,Southampton FC,2024-25,DF,31,353,0,0,2025-05-25,2025-05-30,2.2
197838,Jamie Vardy,Leicester City,2024-25,FW,38,2839,9,4,2025-05-25,2025-05-30,1.0
198516,Harry Toffolo,Nottingham Forest,2024-25,DF,29,135,0,0,2025-05-25,2025-05-30,3.0
199527,Jacob Murphy,Newcastle United,2024-25,FW,30,2382,8,12,2025-05-25,2025-05-30,16.0
203026,Danny Ward,Leicester City,2024-25,GK,31,135,0,0,2025-05-25,2025-05-30,1.2
203394,Andreas Pereira,Fulham FC,2024-25,MF,29,2026,2,6,2025-05-25,2025-05-30,18.0
203460,Jack Grealish,Manchester City,2024-25,FW,29,715,1,1,2025-05-25,2025-05-30,28.0
203853,Oleksandr Zinchenko,Arsenal FC,2024-25,DF,28,522,0,1,2025-05-25,2025-05-30,20.0
204103,Adama Traoré,Fulham FC,2024-25,FW,29,1770,2,7,2025-05-25,2025-05-30,9.0
206040,Raúl Jiménez,Fulham FC,2024-25,FW,34,2507,12,3,2025-05-25,2025-05-30,5.0
206746,Kenny Tete,Fulham FC,2024-25,DF,29,1779,0,2,2025-05-25,2025-05-30,13.0
207014,Will Hughes,Crystal Palace,2024-25,MF,30,2120,0,4,2025-05-25,2025-05-30,7.0
209212,Solly March,Brighton & Hove Albion,2024-25,FW,30,163,0,0,2025-05-25,2025-05-30,6.0
212847,Adam Webster,Brighton & Hove Albion,2024-25,DF,30,888,0,0,2025-05-25,2025-05-30,11.0
215810,Tom King,Wolverhampton Wanderers,2024-25,GK,30,1,0,0,2025-05-25,2025-05-30,0.2
215876,Ricardo Pereira,Leicester City,2024-25,DF,31,385,0,0,2025-05-25,2025-05-30,4.5
225122,Gonçalo Guedes,Wolverhampton Wanderers,2024-25,FW,28,987,2,4,2025-05-25,2025-05-30,11.0
226973,Harrison Reed,Fulham FC,2024-25,MF,30,98,0,0,2025-05-25,2025-05-30,6.0
230784,Thomas Partey,Arsenal FC,2024-25,MF,31,2800,4,2,2025-05-25,2025-05-30,14.0
231572,Nélson Semedo,Wolverhampton Wanderers,2024-25,DF,31,2896,0,4,2025-05-25,2025-05-30,9.0
234509,André Onana,Manchester United,2024-25,GK,29,3060,0,0,2025-05-25,2025-05-30,25.0
234781,Maxwel Cornet,Southampton FC,2024-25,FW,28,71,0,0,2025-05-25,2025-06-17,8.0
234803,Andrew Robertson,Liverpool FC,2024-25,DF,31,2492,0,1,2025-05-25,2025-05-30,18.0
236490,Ola Aina,Nottingham Forest,2024-25,DF,28,3002,2,1,2025-05-25,2025-05-30,22.0
238223,Ederson,Manchester City,2024-25,GK,31,2321,0,4,2025-05-25,2025-05-30,20.0
240306,Bruno Fernandes,Manchester United,2024-25,MF,30,3023,8,11,2025-05-25,2025-05-30,50.0
241641,Bernardo Silva,Manchester City,2024-25,MF,30,2668,4,4,2025-05-25,2025-05-30,38.0
242631,Alex Iwobi,Fulham FC,2024-25,FW,29,2998,9,6,2025-05-25,2025-05-30,28.0
243028,Jan Bednarek,Southampton FC,2024-25,DF,29,2535,2,0,2025-05-25,2025-05-30,9.0
245056,Saša Lukić,Fulham FC,2024-25,MF,28,2360,0,2,2025-05-25,2025-05-30,14.0
249089,Lewis Cook,AFC Bournemouth,2024-25,MF,28,2978,1,3,2025-05-25,2025-05-30,15.0
249126,Harry Winks,Leicester City,2024-25,MF,29,1540,0,2,2025-05-25,2025-05-30,9.0
249565,Youri Tielemans,Aston Villa,2024-25,MF,28,3032,3,7,2025-05-25,2025-05-30,38.0
249994,José Sá,Wolverhampton Wanderers,2024-25,GK,32,2610,0,0,2025-05-25,2025-05-30,7.0
250426,Adam Armstrong,Southampton FC,2024-25,FW,28,1254,2,2,2025-05-25,2025-05-27,12.0
250478,Matt Targett,Newcastle United,2024-25,DF,29,19,0,0,2025-05-25,2025-05-30,5.0
251106,Enes Ünal,AFC Bournemouth,2024-25,FW,28,332,2,1,2025-05-25,2025-05-30,10.0
253677,Tyrone Mings,Aston Villa,2024-25,DF,32,1121,0,0,2025-05-25,2025-05-30,5.0
255788,Cameron Burgess,Ipswich Town,2024-25,DF,29,1540,0,2,2025-05-25,2025-05-30,2.0
256178,Joe Gomez,Liverpool FC,2024-25,DF,28,519,0,0,2025-05-25,2025-05-30,20.0
256977,Daniel Podence,Wolverhampton Wanderers,2024-25,FW,29,46,0,0,2025-05-25,2025-05-27,5.5
258004,Rúben Dias,Manchester City,2024-25,DF,28,2269,0,0,2025-05-25,2025-05-30,65.0
258878,Tosin Adarabioyo,Chelsea FC,2024-25,DF,27,1405,1,1,2025-05-25,2025-05-30,20.0
258889,Dominic Solanke,Tottenham Hotspur,2024-25,FW,27,2206,9,3,2025-05-25,2025-05-30,40.0
258919,Dean Henderson,Crystal Palace,2024-25,GK,28,3420,0,0,2025-05-25,2025-05-30,20.0
258923,Marcus Rashford,Manchester United,2024-25,FW,27,1426,6,4,2025-05-25,2025-05-30,50.0
260827,Joachim Andersen,Fulham FC,2024-25,DF,28,2674,0,0,2025-05-25,2025-05-30,27.0
262226,Timothy Castagne,Fulham FC,2024-25,DF,29,1643,0,1,2025-05-25,2025-05-30,13.0
262300,Ryan Manning,Southampton FC,2024-25,DF,28,1468,0,1,2025-05-25,2025-05-30,3.0
262749,David Raya,Arsenal FC,2024-25,GK,29,3420,0,0,2025-05-25,2025-05-30,40.0
262980,Jefferson Lerma,Crystal Palace,2024-25,MF,30,2277,0,1,2025-05-25,2025-05-30,10.0
263236,Kevin Danso,Tottenham Hotspur,2024-25,DF,26,843,0,0,2025-05-25,2025-05-30,25.0
270171,Vitaly Janelt,Brentford FC,2024-25,MF,27,2267,1,3,2025-05-25,2025-05-30,20.0
272622,Issa Diop,Fulham FC,2024-25,DF,28,1335,0,0,2025-05-25,2025-05-30,14.0
272855,Paul Onuachu,Southampton FC,2024-25,FW,30,1045,4,1,2025-05-25,2025-05-30,6.0
272999,Miguel Almirón,Newcastle United,2024-25,FW,31,150,0,0,2025-05-25,2025-06-05,10.0
274839,Wilfred Ndidi,Leicester City,2024-25,MF,28,2337,0,5,2025-05-25,2025-05-30,15.0
277033,David Brooks,AFC Bournemouth,2024-25,FW,27,948,2,0,2025-05-25,2025-05-30,10.0
279455,Harry Wilson,Fulham FC,2024-25,FW,28,1159,6,2,2025-05-25,2025-05-30,15.0
282429,Sergio Reguilón,Tottenham Hotspur,2024-25,DF,28,195,0,0,2025-05-25,2025-05-30,6.0
283628,Tomáš Souček,West Ham United,2024-25,MF,30,2571,9,2,2025-05-25,2025-05-30,18.0
284730,Manuel Akanji,Manchester City,2024-25,DF,29,2014,0,0,2025-05-25,2025-05-30,28.0
284857,Marc Cucurella,Chelsea FC,2024-25,DF,26,2992,5,2,2025-05-25,2025-05-30,35.0
286047,Guglielmo Vicario,Tottenham Hotspur,2024-25,GK,28,2160,0,0,2025-05-25,2025-05-30,32.0
288323,Marcus Harness,Ipswich Town,2024-25,MF,29,43,0,0,2025-05-25,2025-05-27,0.8
289592,Orel Mangala,Everton FC,2024-25,MF,27,1261,1,0,2025-05-25,2025-05-30,18.0
292139,Sammie Szmodics,Ipswich Town,2024-25,MF,29,1002,4,0,2025-05-25,2025-05-30,10.0
292246,Hee-chan Hwang,Wolverhampton Wanderers,2024-25,FW,29,649,2,0,2025-05-25,2025-05-30,12.0
292808,Wout Faes,Leicester City,2024-25,DF,27,2812,1,0,2025-05-25,2025-05-30,15.0
294057,James Maddison,Tottenham Hotspur,2024-25,MF,28,1817,9,7,2025-05-25,2025-05-30,42.0
295313,Taiwo Awoniyi,Nottingham Forest,2024-25,FW,27,399,1,0,2025-05-25,2025-05-30,16.0
296622,Marco Asensio,Aston Villa,2024-25,MF,29,745,3,1,2025-05-25,2025-05-30,20.0
300716,Kieran Tierney,Arsenal FC,2024-25,DF,27,252,1,0,2025-05-25,2025-05-30,9.0
306024,Dominic Calvert-Lewin,Everton FC,2024-25,FW,28,1613,3,2,2025-05-25,2025-05-30,16.0
309400,Kai Havertz,Arsenal FC,2024-25,FW,25,1875,9,3,2025-05-25,2025-05-30,65.0
314353,Trent Alexander-Arnold,Liverpool FC,2024-25,DF,26,2377,3,7,2025-05-25,2025-05-30,75.0
314875,Jarrod Bowen,West Ham United,2024-25,FW,28,2980,13,10,2025-05-25,2025-05-30,40.0
315969,Scott McTominay,Manchester United,2024-25,MF,28,17,0,0,2025-05-25,2025-06-17,50.0
316125,Ben Chilwell,Crystal Palace,2024-25,DF,28,254,1,0,2025-05-25,2025-05-30,15.0
316264,Martin Ødegaard,Arsenal FC,2024-25,MF,26,2332,3,8,2025-05-25,2025-05-30,85.0
319859,Mathias Jensen,Brentford FC,2024-25,MF,29,852,0,2,2025-05-25,2025-05-30,14.0
320411,Philip Billing,AFC Bournemouth,2024-25,MF,28,176,0,0,2025-05-25,2025-06-17,10.0
321247,Emiliano Buendía,Aston Villa,2024-25,FW,28,89,0,0,2025-05-25,2025-06-05,15.0
324223,James Bree,Southampton FC,2024-25,DF,27,1073,0,1,2025-05-25,2025-05-30,2.5
324358,Ollie Watkins,Aston Villa,2024-25,FW,29,2610,16,8,2025-05-25,2025-05-30,40.0
326029,Donyell Malen,Aston Villa,2024-25,FW,26,298,3,0,2025-05-25,2025-05-30,25.0
326031,Matthijs de Ligt,Manchester United,2024-25,DF,25,2128,2,0,2025-05-25,2025-05-30,38.0
328658,Kristoffer Ajer,Brentford FC,2024-25,DF,27,1443,0,0,2025-05-25,2025-05-30,18.0
329145,Diego Carlos,Aston Villa,2024-25,DF,32,828,0,0,2025-05-25,2025-06-18,9.5
330659,Justin Kluivert,AFC Bournemouth,2024-25,MF,26,2356,12,6,2025-05-25,2025-05-30,35.0
331560,Takehiro Tomiyasu,Arsenal FC,2024-25,DF,26,6,0,0,2025-05-25,2025-05-30,18.0
332705,Tyler Adams,AFC Bournemouth,2024-25,MF,26,1965,0,3,2025-05-25,2025-05-30,18.0
333014,Sander Berge,Fulham FC,2024-25,MF,27,2227,0,0,2025-05-25,2025-05-30,25.0
333241,Joelinton,Newcastle United,2024-25,MF,28,2404,4,3,2025-05-25,2025-05-30,35.0
335721,Ben White,Arsenal FC,2024-25,DF,27,1198,0,2,2025-05-25,2025-05-30,45.0
336077,Altay Bayındır,Manchester United,2024-25,GK,27,360,0,0,2025-05-25,2025-05-30,8.0
336367,Joe Lumley,Southampton FC,2024-25,GK,30,270,0,0,2025-05-25,2025-05-30,0.5
338070,Konstantinos Tsimikas,Liverpool FC,2024-25,DF,29,833,0,1,2025-05-25,2025-05-30,18.0
338424,Mikel Merino,Arsenal FC,2024-25,MF,28,1581,7,2,2025-05-25,2025-05-30,35.0
339340,Tyrell Malacia,Manchester United,2024-25,DF,25,99,0,0,2025-05-25,2025-05-28,8.0
339556,Rico Henry,Brentford FC,2024-25,DF,27,95,0,0,2025-05-25,2025-05-30,15.0
340324,Eddie Nketiah,Crystal Palace,2024-25,FW,25,1025,3,2,2025-05-25,2025-05-30,18.0
340325,Reiss Nelson,Fulham FC,2024-25,FW,25,488,1,1,2025-05-25,2025-05-30,16.0
340328,Stephy Mavididi,Leicester City,2024-25,FW,26,1617,4,1,2025-05-25,2025-05-30,10.0
340329,Joe Willock,Newcastle United,2024-25,MF,25,1073,0,2,2025-05-25,2025-05-30,22.0
340456,Noussair Mazraoui,Manchester United,2024-25,DF,27,2849,0,2,2025-05-25,2025-05-30,25.0
340918,Caoimhín Kelleher,Liverpool FC,2024-25,GK,26,900,0,0,2025-05-25,2025-05-30,20.0
340950,Diogo Jota,Liverpool FC,2024-25,FW,28,1194,6,4,2025-05-25,2025-05-30,40.0
341051,Kyle Walker-Peters,Southampton FC,2024-25,DF,28,2922,0,2,2025-05-25,2025-05-30,15.0
341092,Federico Chiesa,Liverpool FC,2024-25,FW,27,104,0,0,2025-05-25,2025-05-30,14.0
341501,Hamza Choudhury,Leicester City,2024-25,MF,27,130,0,0,2025-05-25,2025-05-27,4.5
342046,Axel Tuanzebe,Ipswich Town,2024-25,DF,27,1717,0,1,2025-05-25,2025-05-30,5.0
342385,Guido Rodríguez,West Ham United,2024-25,MF,31,1155,0,1,2025-05-25,2025-05-30,10.0
343475,Ben Godfrey,Ipswich Town,2024-25,DF,27,159,0,0,2025-05-25,2025-05-30,6.0
344009,Nathan Broadhead,Ipswich Town,2024-25,FW,27,697,2,0,2025-05-25,2025-05-30,4.5
344152,Odsonne Édouard,Crystal Palace,2024-25,FW,27,142,0,0,2025-05-25,2025-05-30,8.0
344381,Christopher Nkunku,Chelsea FC,2024-25,FW,27,910,3,2,2025-05-25,2025-05-30,35.0
346314,Trevoh Chalobah,Crystal Palace,2024-25,DF,25,1974,3,1,2025-05-25,2025-05-30,25.0
346483,Mason Mount,Manchester United,2024-25,MF,26,621,1,0,2025-05-25,2025-05-30,28.0
346707,Sean Longstaff,Newcastle United,2024-25,MF,27,787,0,0,2025-05-25,2025-05-30,20.0
348623,Mason Holgate,Everton FC,2024-25,DF,28,5,0,0,2025-05-25,2025-05-27,4.0
349066,Alexander Isak,Newcastle United,2024-25,FW,25,2774,23,6,2025-05-25,2025-05-30,120.0
349503,Conor Chaplin,Ipswich Town,2024-25,FW,28,854,1,1,2025-05-25,2025-05-30,6.0
349599,Pervis Estupiñán,Brighton & Hove Albion,2024-25,DF,27,2403,1,1,2025-05-25,2025-05-30,30.0
349701,Antonee Robinson,Fulham FC,2024-25,DF,27,3167,0,10,2025-05-25,2025-05-30,35.0
351749,Kalvin Phillips,Ipswich Town,2024-25,MF,29,1240,0,0,2025-05-25,2025-05-30,12.0
354362,Rodrigo Bentancur,Tottenham Hotspur,2024-25,MF,27,1653,2,0,2025-05-25,2025-05-30,30.0
355915,Cristian Romero,Tottenham Hotspur,2024-25,DF,27,1420,1,1,2025-05-25,2025-05-30,50.0
356141,Daichi Kamada,Crystal Palace,2024-25,MF,28,1553,0,0,2025-05-25,2025-05-30,12.0
357119,Ibrahima Konaté,Liverpool FC,2024-25,DF,26,2565,1,2,2025-05-25,2025-05-30,60.0
357147,Diogo Dalot,Manchester United,2024-25,DF,26,2813,0,3,2025-05-25,2025-05-30,30.0
357565,Rodri,Manchester City,2024-25,MF,28,73,0,0,2025-05-25,2025-05-30,110.0
357658,Mark Travers,AFC Bournemouth,2024-25,GK,26,450,0,0,2025-05-25,2025-05-27,4.0
357662,Declan Rice,Arsenal FC,2024-25,MF,26,2833,4,7,2025-05-25,2025-05-30,120.0
361093,Sven Botman,Newcastle United,2024-25,DF,25,415,0,0,2025-05-25,2025-05-30,42.0
363205,Gabriel Jesus,Arsenal FC,2024-25,FW,28,603,3,0,2025-05-25,2025-05-30,32.0
369316,Ferdi Kadıoğlu,Brighton & Hove Albion,2024-25,DF,25,387,1,0,2025-05-25,2025-05-30,25.0
371021,Arijanet Murić,Ipswich Town,2024-25,GK,26,1620,0,0,2025-05-25,2025-05-30,5.0
372246,Carlos Soler,West Ham United,2024-25,MF,28,1404,1,1,2025-05-25,2025-05-30,18.0
375885,Ibrahim Sangaré,Nottingham Forest,2024-25,MF,27,590,0,1,2025-05-25,2025-05-30,24.0
378710,Richarlison,Tottenham Hotspur,2024-25,FW,28,500,4,1,2025-05-25,2025-05-30,20.0
380350,Igor Julio,Brighton & Hove Albion,2024-25,DF,27,960,0,0,2025-05-25,2025-05-30,20.0
384461,Jakub Moder,Brighton & Hove Albion,2024-25,MF,26,9,0,0,2025-05-25,2025-05-28,12.0
385848,George Edmundson,Ipswich Town,2024-25,DF,27,1,0,0,2025-05-25,2025-05-27,0.8
386047,Axel Disasi,Aston Villa,2024-25,DF,27,852,1,0,2025-05-25,2025-05-30,22.0
387626,Leon Bailey,Aston Villa,2024-25,FW,27,1144,1,2,2025-05-25,2025-05-30,28.0
388165,Yoane Wissa,Brentford FC,2024-25,FW,28,2929,19,5,2025-05-25,2025-05-30,32.0
391005,Mads Roerslev,Brentford FC,2024-25,DF,25,1097,0,2,2025-05-25,2025-06-05,6.0
392591,Chiedozie Ogbene,Ipswich Town,2024-25,FW,28,239,0,0,2025-05-25,2025-05-30,7.0
392757,Marc Guéhi,Crystal Palace,2024-25,DF,24,3060,3,2,2025-05-25,2025-05-30,45.0
392765,Emile Smith Rowe,Fulham FC,2024-25,MF,24,2060,6,3,2025-05-25,2025-05-30,30.0
392768,Callum Hudson-Odoi,Nottingham Forest,2024-25,FW,24,2205,5,3,2025-05-25,2025-05-30,25.0
392775,Ryan Sessegnon,Fulham FC,2024-25,DF,25,580,4,2,2025-05-25,2025-05-30,15.0
394327,Boubacar Kamara,Aston Villa,2024-25,MF,25,1728,1,0,2025-05-25,2025-05-30,40.0
397033,Sandro Tonali,Newcastle United,2024-25,MF,25,2629,4,2,2025-05-25,2025-05-30,60.0
398065,Harvey Barnes,Newcastle United,2024-25,FW,27,1754,9,5,2025-05-25,2025-05-30,35.0
399434,Marcus Tavernier,AFC Bournemouth,2024-25,MF,26,1940,3,6,2025-05-25,2025-05-30,18.0
399776,Pau Torres,Aston Villa,2024-25,DF,28,2020,0,0,2025-05-25,2025-05-30,32.0
400536,Mads Hermansen,Leicester City,2024-25,GK,24,2385,0,0,2025-05-25,2025-05-30,15.0
401173,Jadon Sancho,Chelsea FC,2024-25,FW,25,1765,3,5,2025-05-25,2025-05-30,28.0
401320,Dara O'Shea,Ipswich Town,2024-25,DF,26,3123,0,2,2025-05-25,2025-05-30,14.0
401356,Edson Álvarez,West Ham United,2024-25,MF,27,1782,0,1,2025-05-25,2025-05-30,25.0
403151,Robert Sánchez,Chelsea FC,2024-25,GK,27,2880,0,0,2025-05-25,2025-05-30,20.0
404842,Vitaliy Mykolenko,Everton FC,2024-25,DF,25,3084,1,2,2025-05-25,2025-05-30,28.0
405385,Yukinari Sugawara,Southampton FC,2024-25,DF,24,1557,1,1,2025-05-25,2025-05-30,11.0
406634,Matt O'Riley,Brighton & Hove Albion,2024-25,MF,24,938,2,3,2025-05-25,2025-05-30,22.0
406635,Phil Foden,Manchester City,2024-25,MF,24,1781,7,2,2025-05-25,2025-05-30,100.0
406638,Oliver Skipp,Leicester City,2024-25,MF,24,1122,0,0,2025-05-25,2025-05-30,10.0
410225,Ismaïla Sarr,Crystal Palace,2024-25,FW,27,2721,8,7,2025-05-25,2025-05-30,25.0
410425,Yves Bissouma,Tottenham Hotspur,2024-25,MF,28,1406,2,0,2025-05-25,2025-05-30,25.0
413039,Bryan Mbeumo,Brentford FC,2024-25,FW,25,3417,20,8,2025-05-25,2025-05-30,55.0
413220,James Justin,Leicester City,2024-25,DF,27,2921,2,2,2025-05-25,2025-05-30,13.0
413403,Ezri Konsa,Aston Villa,2024-25,DF,27,2937,2,0,2025-05-25,2025-05-30,35.0
413507,Nikola Milenković,Nottingham Forest,2024-25,DF,27,3330,5,2,2025-05-25,2025-05-30,35.0
414908,Marshall Munetsi,Wolverhampton Wanderers,2024-25,MF,28,1079,2,1,2025-05-25,2025-05-30,15.0
415381,Mats Wieffer,Brighton & Hove Albion,2024-25,DF,25,1008,1,5,2025-05-25,2025-05-30,25.0
415912,Konstantinos Mavropanos,West Ham United,2024-25,DF,27,2037,0,0,2025-05-25,2025-05-30,17.0
417346,Jack Harrison,Everton FC,2024-25,FW,28,2083,1,1,2025-05-25,2025-05-30,14.0
418560,Erling Haaland,Manchester City,2024-25,FW,24,2743,22,3,2025-05-25,2025-05-30,180.0
420002,Jean-Philippe Mateta,Crystal Palace,2024-25,FW,27,2656,14,2,2025-05-25,2025-05-30,30.0
420243,Jurriën Timber,Arsenal FC,2024-25,DF,23,2423,1,3,2025-05-25,2025-05-30,55.0
420808,George Hirst,Ipswich Town,2024-25,FW,26,647,3,1,2025-05-25,2025-05-30,4.0
421637,Frank Onyeka,Brentford FC,2024-25,MF,27,23,0,0,2025-05-25,2025-06-05,7.0
423744,Billy Gilmour,Brighton & Hove Albion,2024-25,MF,23,98,0,0,2025-05-25,2025-06-17,20.0
424015,Nathan Patterson,Everton FC,2024-25,DF,23,345,0,1,2025-05-25,2025-05-30,15.0
425334,Matty Cash,Aston Villa,2024-25,DF,27,2077,1,1,2025-05-25,2025-05-30,25.0
425902,Ryan Yates,Nottingham Forest,2024-25,MF,27,1904,2,1,2025-05-25,2025-05-30,12.0
425918,Jakub Kiwior,Arsenal FC,2024-25,DF,25,1117,1,0,2025-05-25,2025-05-30,28.0
426192,Ben Brereton Díaz,Southampton FC,2024-25,FW,26,448,0,0,2025-05-25,2025-05-27,7.5
427568,Aaron Ramsdale,Southampton FC,2024-25,GK,27,2700,0,0,2025-05-25,2025-05-30,16.0
428016,Brandon Austin,Tottenham Hotspur,2024-25,GK,26,90,0,0,2025-05-25,2025-05-30,0.6
429014,Morgan Gibbs-White,Nottingham Forest,2024-25,MF,25,2824,7,10,2025-05-25,2025-05-30,50.0
429983,Jørgen Strand Larsen,Wolverhampton Wanderers,2024-25,FW,25,2603,14,4,2025-05-25,2025-05-30,30.0
430310,Andrew Irving,West Ham United,2024-25,MF,25,162,0,0,2025-05-25,2025-05-30,4.0
431755,Dejan Kulusevski,Tottenham Hotspur,2024-25,MF,25,2391,7,4,2025-05-25,2025-05-30,50.0
433177,Bukayo Saka,Arsenal FC,2024-25,FW,23,1736,6,11,2025-05-25,2025-05-30,150.0
433183,Tommy Doyle,Wolverhampton Wanderers,2024-25,MF,23,476,0,1,2025-05-25,2025-05-30,10.0
433188,Curtis Jones,Liverpool FC,2024-25,MF,24,1711,3,4,2025-05-25,2025-05-30,45.0
434224,Maxence Lacroix,Crystal Palace,2024-25,DF,25,3119,1,1,2025-05-25,2025-05-30,25.0
434675,Cody Gakpo,Liverpool FC,2024-25,FW,26,1938,10,5,2025-05-25,2025-05-30,70.0
435338,Gabriel,Arsenal FC,2024-25,DF,27,2365,3,3,2025-05-25,2025-05-30,75.0
435648,Joshua Zirkzee,Manchester United,2024-25,FW,24,1394,3,2,2025-05-25,2025-05-30,30.0
438001,Santiago Bueno,Wolverhampton Wanderers,2024-25,DF,26,1682,0,0,2025-05-25,2025-05-30,10.0
442248,Ethan Pinnock,Brentford FC,2024-25,DF,31,1913,2,0,2025-05-25,2025-05-30,7.0
444211,Will Smallbone,Southampton FC,2024-25,MF,25,682,1,0,2025-05-25,2025-05-30,6.0
444523,Lucas Paquetá,West Ham United,2024-25,MF,27,2385,4,0,2025-05-25,2025-05-30,28.0
445939,Omar Marmoush,Manchester City,2024-25,FW,26,1183,7,2,2025-05-25,2025-05-30,75.0
447995,Ross Stewart,Southampton FC,2024-25,FW,28,385,1,0,2025-05-25,2025-05-30,4.0
450050,Jean-Ricner Bellegarde,Wolverhampton Wanderers,2024-25,MF,26,1684,2,7,2025-05-25,2025-05-30,18.0
451276,Dominik Szoboszlai,Liverpool FC,2024-25,MF,24,2497,6,7,2025-05-25,2025-05-30,80.0
458178,Jack Taylor,Ipswich Town,2024-25,MF,26,838,1,0,2025-05-25,2025-05-30,3.0
461883,Calvin Bassey,Fulham FC,2024-25,DF,25,3074,1,0,2025-05-25,2025-05-30,25.0
462250,João Félix,Chelsea FC,2024-25,FW,25,363,1,1,2025-05-25,2025-06-17,20.0
463603,Benoît Badiashile,Chelsea FC,2024-25,DF,24,333,0,0,2025-05-25,2025-05-30,22.0
466805,Nico González,Manchester City,2024-25,MF,23,764,1,0,2025-05-25,2025-05-30,40.0
467563,Armel Bella-Kotchap,Southampton FC,2024-25,DF,23,329,0,0,2025-05-25,2025-05-30,9.0
468002,Ben Johnson,Ipswich Town,2024-25,DF,25,1349,1,2,2025-05-25,2025-05-30,8.0
468066,Jens Cajuste,Ipswich Town,2024-25,MF,25,1978,1,1,2025-05-25,2025-05-30,12.0
468198,Joe Aribo,Southampton FC,2024-25,MF,28,2020,3,0,2025-05-25,2025-05-30,6.0
469050,Nathan Collins,Brentford FC,2024-25,DF,24,3420,2,5,2025-05-25,2025-05-30,28.0
469781,Marcos Senesi,AFC Bournemouth,2024-25,DF,28,1107,0,0,2025-05-25,2025-05-30,22.0
470607,Brennan Johnson,Tottenham Hotspur,2024-25,FW,24,2179,11,5,2025-05-25,2025-05-30,40.0
471690,Max Aarons,AFC Bournemouth,2024-25,DF,25,85,0,0,2025-05-25,2025-06-09,6.0
472423,Reece James,Chelsea FC,2024-25,DF,25,1063,1,1,2025-05-25,2025-05-30,30.0
473050,Kevin Schade,Brentford FC,2024-25,FW,23,2301,11,2,2025-05-25,2025-05-30,30.0
474701,Crysencio Summerville,West Ham United,2024-25,FW,23,780,1,1,2025-05-25,2025-05-30,22.0
475188,Kiernan Dewsbury-Hall,Chelsea FC,2024-25,MF,26,258,0,1,2025-05-25,2025-05-30,20.0
475411,Wesley Fofana,Chelsea FC,2024-25,DF,24,1176,0,0,2025-05-25,2025-05-30,25.0
475959,Josko Gvardiol,Manchester City,2024-25,DF,23,3280,5,0,2025-05-25,2025-05-30,75.0
476701,Manuel Ugarte,Manchester United,2024-25,MF,24,1792,1,2,2025-05-25,2025-05-30,45.0
477758,Aaron Wan-Bissaka,West Ham United,2024-25,DF,27,3155,2,5,2025-05-25,2025-05-30,24.0
478573,Ryan Gravenberch,Liverpool FC,2024-25,MF,23,3169,0,4,2025-05-25,2025-05-30,75.0
479999,Eberechi Eze,Crystal Palace,2024-25,MF,26,2603,8,8,2025-05-25,2025-05-30,55.0
480116,Lloyd Kelly,Newcastle United,2024-25,DF,26,301,0,1,2025-05-25,2025-06-17,16.0
480692,Luis Díaz,Liverpool FC,2024-25,FW,28,2413,13,7,2025-05-25,2025-05-30,70.0
480762,Lisandro Martínez,Manchester United,2024-25,DF,27,1754,2,1,2025-05-25,2025-05-30,40.0
483348,Djed Spence,Tottenham Hotspur,2024-25,DF,24,1791,1,2,2025-05-25,2025-05-30,20.0
485585,Ian Maatsen,Aston Villa,2024-25,DF,23,1127,1,2,2025-05-25,2025-05-30,28.0
485706,Amadou Onana,Aston Villa,2024-25,MF,23,1624,3,0,2025-05-25,2025-05-30,50.0
486049,Jérémy Doku,Manchester City,2024-25,FW,22,1514,3,6,2025-05-25,2025-05-30,50.0
486604,Vitezslav Jaros,Liverpool FC,2024-25,GK,23,11,0,0,2025-05-25,2025-05-30,4.0
487465,Pedro Neto,Chelsea FC,2024-25,FW,25,2269,4,6,2025-05-25,2025-05-30,50.0
488935,Hákon Valdimarsson,Brentford FC,2024-25,GK,23,144,0,0,2025-05-25,2025-05-30,2.5
493003,Daniel Muñoz,Crystal Palace,2024-25,DF,28,3232,4,6,2025-05-25,2025-05-30,25.0
494880,Jorge Cuenca,Fulham FC,2024-25,DF,25,350,0,0,2025-05-25,2025-05-30,5.0
495666,William Saliba,Arsenal FC,2024-25,DF,24,3041,2,0,2025-05-25,2025-05-30,80.0
497291,Nicolás Domínguez,Nottingham Forest,2024-25,MF,26,1971,0,1,2025-05-25,2025-05-30,18.0
502821,Riccardo Calafiori,Arsenal FC,2024-25,DF,23,985,2,1,2025-05-25,2025-05-30,35.0
503680,Neco Williams,Nottingham Forest,2024-25,DF,24,2592,1,3,2025-05-25,2025-05-30,20.0
503733,Anthony Gordon,Newcastle United,2024-25,FW,24,2446,6,6,2025-05-25,2025-05-30,65.0
503743,Morgan Rogers,Aston Villa,2024-25,MF,22,3131,8,11,2025-05-25,2025-05-30,55.0
503749,Jacob Ramsey,Aston Villa,2024-25,MF,23,1628,1,5,2025-05-25,2025-05-30,32.0
503866,Albert Grønbaek,Southampton FC,2024-25,MF,24,143,0,0,2025-05-25,2025-05-30,11.0
503977,Taylor Harwood-Bellis,Southampton FC,2024-25,DF,23,2828,1,0,2025-05-25,2025-05-30,22.0
503981,Tino Livramento,Newcastle United,2024-25,DF,22,2843,0,1,2025-05-25,2025-05-30,40.0
503987,Noni Madueke,Chelsea FC,2024-25,FW,23,2047,7,4,2025-05-25,2025-05-30,40.0
503990,Nathan Wood,Southampton FC,2024-25,DF,22,772,0,0,2025-05-25,2025-05-30,3.5
504148,Tariq Lamptey,Brighton & Hove Albion,2024-25,DF,24,860,2,2,2025-05-25,2025-05-30,11.0
504849,Kaoru Mitoma,Brighton & Hove Albion,2024-25,FW,28,2609,10,4,2025-05-25,2025-05-30,40.0
505194,Luke Thomas,Leicester City,2024-25,DF,23,1113,0,0,2025-05-25,2025-05-30,6.0
505219,James Garner,Everton FC,2024-25,MF,24,1595,0,1,2025-05-25,2025-05-30,18.0
506189,Flynn Downes,Southampton FC,2024-25,MF,26,2155,1,0,2025-05-25,2025-05-30,13.0
512385,Luis Sinisterra,AFC Bournemouth,2024-25,FW,25,230,1,1,2025-05-25,2025-05-30,15.0
513245,Jesper Lindstrøm,Everton FC,2024-25,FW,25,1241,0,1,2025-05-25,2025-05-30,18.0
513970,Julián Araujo,AFC Bournemouth,2024-25,DF,23,498,0,0,2025-05-25,2025-05-30,10.0
517894,Matheus Cunha,Wolverhampton Wanderers,2024-25,FW,25,2603,15,6,2025-05-25,2025-05-30,60.0
520624,Bruno Guimarães,Newcastle United,2024-25,MF,27,3287,5,6,2025-05-25,2025-05-30,80.0
525247,Maximilian Kilman,West Ham United,2024-25,DF,28,3349,0,2,2025-05-25,2025-05-30,25.0
525287,Carlos Vinícius,Fulham FC,2024-25,FW,30,13,0,0,2025-05-25,2025-05-30,3.5
527425,Luke Woolfenden,Ipswich Town,2024-25,DF,26,1187,0,0,2025-05-25,2025-05-30,2.0
528892,Harry Clarke,Ipswich Town,2024-25,DF,24,378,0,0,2025-05-25,2025-05-27,4.5
533662,Cameron Archer,Southampton FC,2024-25,FW,23,1433,2,0,2025-05-25,2025-05-30,12.0
534033,Alexis Mac Allister,Liverpool FC,2024-25,MF,26,2609,5,5,2025-05-25,2025-05-30,100.0
536835,Amad Diallo,Manchester United,2024-25,FW,22,1903,8,8,2025-05-25,2025-05-30,45.0
537860,Mykhaylo Mudryk,Chelsea FC,2024-25,FW,24,146,0,0,2025-05-25,2025-05-30,18.0
538977,Georginio Rutter,Brighton & Hove Albion,2024-25,FW,23,1666,5,3,2025-05-25,2025-05-30,32.0
540941,Mikkel Damsgaard,Brentford FC,2024-25,MF,24,2930,2,11,2025-05-25,2025-05-30,28.0
541231,Sepp van den Berg,Brentford FC,2024-25,DF,23,2588,0,1,2025-05-25,2025-05-30,22.0
543387,Cheick Doucouré,Crystal Palace,2024-25,MF,25,445,0,0,2025-05-25,2025-05-30,25.0
543499,Mohammed Kudus,West Ham United,2024-25,FW,24,2603,5,3,2025-05-25,2025-05-30,45.0
546543,Darwin Núñez,Liverpool FC,2024-25,FW,25,1118,5,3,2025-05-25,2025-05-30,45.0
553875,Pedro Porro,Tottenham Hotspur,2024-25,DF,25,2609,2,6,2025-05-25,2025-05-30,38.0
556385,Destiny Udogie,Tottenham Hotspur,2024-25,DF,22,1932,0,1,2025-05-25,2025-05-30,40.0
557459,Micky van de Ven,Tottenham Hotspur,2024-25,DF,24,1018,0,2,2025-05-25,2025-05-30,50.0
559263,Fábio Carvalho,Brentford FC,2024-25,MF,22,445,2,1,2025-05-25,2025-05-30,14.0
559794,Jack Clarke,Ipswich Town,2024-25,FW,24,1170,0,4,2025-05-25,2025-05-30,15.0
564529,Victor Kristiansen,Leicester City,2024-25,DF,22,2489,0,1,2025-05-25,2025-05-30,15.0
565093,Bart Verbruggen,Brighton & Hove Albion,2024-25,GK,22,3240,0,1,2025-05-25,2025-05-30,30.0
565822,Harvey Elliott,Liverpool FC,2024-25,MF,22,360,1,2,2025-05-25,2025-05-30,30.0
567576,Elliot Anderson,Nottingham Forest,2024-25,MF,22,2743,2,6,2025-05-25,2025-05-30,32.0
568005,Jeremy Sarmiento,Brighton & Hove Albion,2024-25,FW,22,8,0,0,2025-05-25,2025-05-27,7.0
568177,Cole Palmer,Chelsea FC,2024-25,MF,23,3200,15,9,2025-05-25,2025-05-30,120.0
568559,Radu Drăgușin,Tottenham Hotspur,2024-25,DF,23,1251,0,0,2025-05-25,2025-05-30,25.0
568693,Pape Matar Sarr,Tottenham Hotspur,2024-25,MF,22,1914,3,2,2025-05-25,2025-05-30,32.0
571743,Armando Broja,Everton FC,2024-25,FW,23,332,0,0,2025-05-25,2025-05-30,12.0
576314,Jan Paul van Hecke,Brighton & Hove Albion,2024-25,DF,24,2961,1,1,2025-05-25,2025-05-30,32.0
578391,Rayan Aït-Nouri,Wolverhampton Wanderers,2024-25,DF,23,3128,4,7,2025-05-25,2025-05-30,35.0
578539,Chris Richards,Crystal Palace,2024-25,DF,25,1925,1,0,2025-05-25,2025-05-30,14.0
581330,Eiran Cashin,Brighton & Hove Albion,2024-25,DF,23,19,0,0,2025-05-25,2025-05-30,8.0
583189,Anthony Elanga,Nottingham Forest,2024-25,FW,23,2510,6,11,2025-05-25,2025-05-30,42.0
583199,James McAtee,Manchester City,2024-25,MF,22,342,3,0,2025-05-25,2025-05-30,20.0
583255,Antoine Semenyo,AFC Bournemouth,2024-25,FW,25,3210,11,6,2025-05-25,2025-05-30,40.0
584769,Dwight McNeil,Everton FC,2024-25,FW,25,1371,4,8,2025-05-25,2025-05-30,25.0
585323,Filip Jørgensen,Chelsea FC,2024-25,GK,23,540,0,0,2025-05-25,2025-05-30,18.0
592975,Woyo Coulibaly,Leicester City,2024-25,DF,25,107,0,0,2025-05-25,2025-05-30,2.0
595809,Beto,Everton FC,2024-25,FW,27,1528,8,0,2025-05-25,2025-05-30,22.0
596446,Leif Davis,Ipswich Town,2024-25,DF,25,2746,1,3,2025-05-25,2025-05-30,22.0
601883,Matheus Nunes,Manchester City,2024-25,DF,26,1672,1,6,2025-05-25,2025-05-30,35.0
602105,Antony,Manchester United,2024-25,FW,25,135,0,0,2025-05-25,2025-06-09,35.0
605184,Jean-Clair Todibo,West Ham United,2024-25,DF,25,1833,0,0,2025-05-25,2025-05-30,25.0
606718,Toti,Wolverhampton Wanderers,2024-25,DF,26,2615,0,1,2025-05-25,2025-05-30,28.0
609556,William Osula,Newcastle United,2024-25,FW,21,124,1,0,2025-05-25,2025-05-30,7.0
610442,Rasmus Højlund,Manchester United,2024-25,FW,22,2014,4,1,2025-05-25,2025-05-30,35.0
610581,Ali Al-Hamadi,Ipswich Town,2024-25,FW,23,125,0,0,2025-05-25,2025-05-27,2.5
610849,Liam Delap,Ipswich Town,2024-25,FW,22,2616,12,2,2025-05-25,2025-05-30,40.0
611793,James Hill,AFC Bournemouth,2024-25,DF,23,449,0,1,2025-05-25,2025-05-30,3.0
614258,Levi Colwill,Chelsea FC,2024-25,DF,22,3150,2,1,2025-05-25,2025-05-30,55.0
620322,Malo Gusto,Chelsea FC,2024-25,DF,22,1858,0,1,2025-05-25,2025-05-30,35.0
621193,Kasey McAteer,Leicester City,2024-25,MF,23,853,1,1,2025-05-25,2025-05-30,2.0
623570,Iliman Ndiaye,Everton FC,2024-25,FW,25,2440,9,0,2025-05-25,2025-05-30,22.0
624258,Conor Bradley,Liverpool FC,2024-25,DF,21,748,0,2,2025-05-25,2025-05-30,30.0
626724,João Pedro,Brighton & Hove Albion,2024-25,FW,23,1953,10,6,2025-05-25,2025-05-30,50.0
628451,Roméo Lavia,Chelsea FC,2024-25,MF,21,802,0,1,2025-05-25,2025-05-30,40.0
632349,Jarell Quansah,Liverpool FC,2024-25,DF,22,488,0,0,2025-05-25,2025-05-30,20.0
638964,Nathan Butler-Oyedeji,Arsenal FC,2024-25,FW,22,6,0,0,2025-05-25,2025-05-30,1.0
644401,Keane Lewis-Potter,Brentford FC,2024-25,MF,24,3100,1,4,2025-05-25,2025-05-30,23.0
645686,Lamare Bogarde,Aston Villa,2024-25,MF,21,475,0,0,2025-05-25,2025-05-30,6.0
648046,Evan Ferguson,Brighton & Hove Albion,2024-25,FW,20,388,1,0,2025-05-25,2025-05-30,25.0
648195,Enzo Fernández,Chelsea FC,2024-25,MF,24,2949,6,7,2025-05-25,2025-05-30,75.0
649020,Boubacar Traoré,Wolverhampton Wanderers,2024-25,MF,23,1,0,0,2025-05-25,2025-05-30,5.0
649317,Jhon Durán,Aston Villa,2024-25,FW,21,626,7,0,2025-05-25,2025-05-27,35.0
654253,Toby Collyer,Manchester United,2024-25,MF,21,174,0,0,2025-05-25,2025-05-30,5.0
654982,Bilal El Khannouss,Leicester City,2024-25,MF,21,2197,2,3,2025-05-25,2025-05-30,28.0
655488,Gabriel Martinelli,Arsenal FC,2024-25,FW,23,2299,8,4,2025-05-25,2025-05-30,55.0
658536,Simon Adingra,Brighton & Hove Albion,2024-25,FW,23,1093,2,2,2025-05-25,2025-05-30,28.0
659089,Ilya Zabarnyi,AFC Bournemouth,2024-25,DF,22,3114,0,1,2025-05-25,2025-05-30,42.0
660867,Julio Enciso,Ipswich Town,2024-25,MF,21,1165,2,3,2025-05-25,2025-05-30,22.0
661053,Jarrad Branthwaite,Everton FC,2024-25,DF,22,2510,0,1,2025-05-25,2025-05-30,50.0
661207,Oscar Bobb,Manchester City,2024-25,FW,21,14,0,0,2025-05-25,2025-05-30,25.0
663244,Jota Silva,Nottingham Forest,2024-25,FW,25,840,3,2,2025-05-25,2025-05-30,15.0
665390,Jaden Philogene,Ipswich Town,2024-25,FW,23,800,2,0,2025-05-25,2025-05-30,16.0
667121,Rodrigo Gomes,Wolverhampton Wanderers,2024-25,MF,21,799,2,0,2025-05-25,2025-05-30,15.0
667287,Yasin Ayari,Brighton & Hove Albion,2024-25,MF,21,1968,2,1,2025-05-25,2025-05-30,22.0
670688,Youssef Chermiti,Everton FC,2024-25,FW,21,42,0,0,2025-05-25,2025-05-30,8.0
670848,Divin Mubama,Manchester City,2024-25,FW,20,27,0,0,2025-05-25,2025-05-30,4.0
670858,Lewis Hall,Newcastle United,2024-25,DF,20,2193,0,5,2025-05-25,2025-05-30,32.0
670883,Dane Scarlett,Tottenham Hotspur,2024-25,FW,21,31,0,1,2025-05-25,2025-05-30,2.0
673492,Morato,Nottingham Forest,2024-25,DF,23,893,0,0,2025-05-25,2025-05-30,14.0
680806,Samuel Edozie,Southampton FC,2024-25,FW,22,64,0,0,2025-05-25,2025-06-12,6.0
683895,Emmanuel Agbadou,Wolverhampton Wanderers,2024-25,DF,27,1411,1,0,2025-05-25,2025-05-30,20.0
687626,Moisés Caicedo,Chelsea FC,2024-25,MF,23,3356,1,4,2025-05-25,2025-05-30,90.0
689637,Chadi Riad,Crystal Palace,2024-25,DF,21,90,0,0,2025-05-25,2025-05-30,15.0
693095,Jacob Greaves,Ipswich Town,2024-25,DF,24,2205,1,0,2025-05-25,2025-05-30,18.0
695454,Chiquinho,Wolverhampton Wanderers,2024-25,FW,25,6,0,0,2025-05-25,2025-06-09,2.0
696346,Jay Stansfield,Fulham FC,2024-25,FW,22,1,0,0,2025-05-25,2025-06-18,11.0
696589,Tim Iroegbunam,Everton FC,2024-25,MF,21,564,0,1,2025-05-25,2025-05-30,9.0
700106,Brajan Gruda,Brighton & Hove Albion,2024-25,MF,20,681,1,4,2025-05-25,2025-05-30,25.0
701057,Rico Lewis,Manchester City,2024-25,DF,20,1893,1,2,2025-05-25,2025-05-30,40.0
709767,Ji-soo Kim,Brentford FC,2024-25,DF,20,28,0,0,2025-05-25,2025-05-30,0.6
711337,Evanilson,AFC Bournemouth,2024-25,FW,25,2336,10,5,2025-05-25,2025-05-30,35.0
711544,Jake O'Brien,Everton FC,2024-25,DF,24,1569,2,0,2025-05-25,2025-05-30,18.0
711999,Lesley Ugochukwu,Southampton FC,2024-25,MF,21,1663,1,1,2025-05-25,2025-05-30,18.0
716276,Yerson Mosquera,Wolverhampton Wanderers,2024-25,DF,24,442,0,0,2025-05-25,2025-05-30,8.0
717411,Yegor Yarmolyuk,Brentford FC,2024-25,MF,21,1443,0,0,2025-05-25,2025-05-30,15.0
725912,Antonín Kinský,Tottenham Hotspur,2024-25,GK,22,540,0,0,2025-05-25,2025-05-30,15.0
729264,Welington,Southampton FC,2024-25,DF,24,480,0,0,2025-05-25,2025-05-30,3.0
730861,Milos Kerkez,AFC Bournemouth,2024-25,DF,21,3342,2,6,2025-05-25,2025-05-30,45.0
730893,Tyrick Mitchell,Crystal Palace,2024-25,DF,25,3103,0,5,2025-05-25,2025-05-30,25.0
732165,Ronnie Edwards,Southampton FC,2024-25,DF,22,12,0,0,2025-05-25,2025-05-27,3.8
735570,João Gomes,Wolverhampton Wanderers,2024-25,MF,24,2989,3,1,2025-05-25,2025-05-30,40.0
735571,Rodrigo Muniz,Fulham FC,2024-25,FW,24,950,8,1,2025-05-25,2025-05-30,20.0
739443,Igor Thiago,Brentford FC,2024-25,FW,23,169,0,0,2025-05-25,2025-05-30,18.0
741238,Omari Hutchinson,Ipswich Town,2024-25,MF,21,2593,3,2,2025-05-25,2025-05-30,22.0
742451,Carlos Forbs,Wolverhampton Wanderers,2024-25,FW,21,233,0,1,2025-05-25,2025-05-30,8.0
743413,Nico O'Reilly,Manchester City,2024-25,DF,20,527,2,0,2025-05-25,2025-05-30,18.0
743498,Wilson Odobert,Tottenham Hotspur,2024-25,FW,20,849,1,0,2025-05-25,2025-05-30,20.0
743591,Savinho,Manchester City,2024-25,FW,21,1772,1,10,2025-05-25,2025-05-30,50.0
743597,Matheus França,Crystal Palace,2024-25,MF,21,52,1,0,2025-05-25,2025-05-30,10.0
744149,Adam Wharton,Crystal Palace,2024-25,MF,21,1327,0,2,2025-05-25,2025-05-30,45.0
745191,Ramón Sosa,Nottingham Forest,2024-25,FW,25,280,1,0,2025-05-25,2025-05-30,12.0
746695,Kamaldeen Sulemana,Southampton FC,2024-25,FW,23,1406,1,1,2025-05-25,2025-05-30,13.0
746740,Daniel Jebbison,AFC Bournemouth,2024-25,FW,21,105,1,0,2025-05-25,2025-05-30,4.0
747009,Justin Devenny,Crystal Palace,2024-25,MF,21,496,1,1,2025-05-25,2025-05-30,6.0
748319,Carlos Alcaraz,Everton FC,2024-25,MF,22,771,2,3,2025-05-25,2025-05-30,14.0
763079,Abdukodir Khusanov,Manchester City,2024-25,DF,21,504,0,0,2025-05-25,2025-05-30,35.0
776890,Nicolas Jackson,Chelsea FC,2024-25,FW,23,2240,10,5,2025-05-25,2025-05-30,50.0
777308,Zain Silcott-Duberry,AFC Bournemouth,2024-25,MF,19,1,0,0,2025-05-25,2025-05-30,0.2
800176,André,Wolverhampton Wanderers,2024-25,MF,23,2485,0,0,2025-05-25,2025-05-30,28.0
801734,Mathys Tel,Tottenham Hotspur,2024-25,FW,20,913,2,2,2025-05-25,2025-05-30,35.0
805714,Renato Veiga,Chelsea FC,2024-25,DF,21,176,0,0,2025-05-25,2025-06-17,25.0
808509,Danilo,Nottingham Forest,2024-25,MF,24,276,0,0,2025-05-25,2025-05-30,28.0
811779,Alejandro Garnacho,Manchester United,2024-25,FW,20,2196,6,2,2025-05-25,2025-05-30,45.0
820374,Kobbie Mainoo,Manchester United,2024-25,MF,20,1656,0,0,2025-05-25,2025-05-30,50.0
821522,Alfie Pond,Wolverhampton Wanderers,2024-25,DF,21,1,0,0,2025-05-25,2025-05-30,0.25
823231,Dango Ouattara,AFC Bournemouth,2024-25,FW,23,2011,7,4,2025-05-25,2025-05-30,28.0
823486,Michael Kayode,Brentford FC,2024-25,DF,20,528,0,1,2025-05-25,2025-05-30,18.0
845321,Kaelan Casey,West Ham United,2024-25,DF,20,1,0,0,2025-05-25,2025-05-30,1.0
845809,Lewis Orford,West Ham United,2024-25,MF,19,47,0,0,2025-05-25,2025-05-30,0.4
848682,Kosta Nedeljkovic,Aston Villa,2024-25,DF,19,121,0,0,2025-05-25,2025-06-05,10.0
854721,Ben Winterburn,AFC Bournemouth,2024-25,MF,20,22,0,0,2025-05-25,2025-05-30,0.5
855256,Alex Scott,AFC Bournemouth,2024-25,MF,21,751,0,0,2025-05-25,2025-05-30,20.0
856479,Roman Dixon,Everton FC,2024-25,DF,20,90,0,0,2025-05-25,2025-05-30,0.2
862297,Nasser Djiga,Wolverhampton Wanderers,2024-25,DF,22,65,0,0,2025-05-25,2025-05-30,10.0
864121,Abdul Fatawu,Leicester City,2024-25,FW,21,577,0,2,2025-05-25,2025-05-30,11.0
866246,Lucas Bergvall,Tottenham Hotspur,2024-25,MF,19,1205,0,1,2025-05-25,2025-05-30,38.0
866655,Tyler Dibling,Southampton FC,2024-25,FW,19,1874,2,1,2025-05-25,2025-05-30,25.0
867688,Jack Hinshelwood,Brighton & Hove Albion,2024-25,MF,20,1848,5,3,2025-05-25,2025-05-30,24.0
874538,Ryan Trevitt,Brentford FC,2024-25,MF,22,3,0,0,2025-05-25,2025-06-18,0.275
880245,Mateus Fernandes,Southampton FC,2024-25,MF,20,2922,2,4,2025-05-25,2025-05-30,15.0
890290,Dean Huijsen,AFC Bournemouth,2024-25,DF,20,2422,3,2,2025-05-25,2025-05-30,60.0
890719,Ethan Nwaneri,Arsenal FC,2024-25,MF,18,889,4,2,2025-05-25,2025-05-30,55.0
890721,Myles Lewis-Skelly,Arsenal FC,2024-25,DF,18,1371,1,0,2025-05-25,2025-05-30,45.0
897481,Eric da Silva Moreira,Nottingham Forest,2024-25,DF,19,28,0,0,2025-05-25,2025-05-30,1.0
911424,Tyler Fredricson,Manchester United,2024-25,DF,20,166,0,0,2025-05-25,2025-05-30,3.0
922563,Oliver Scarles,West Ham United,2024-25,DF,19,663,0,0,2025-05-25,2025-05-30,8.0
922693,Archie Gray,Tottenham Hotspur,2024-25,MF,19,1744,0,0,2025-05-25,2025-05-30,38.0
922769,Lewis Miley,Newcastle United,2024-25,MF,19,304,1,0,2025-05-25,2025-05-30,22.0
923831,Leny Yoro,Manchester United,2024-25,DF,19,1164,0,0,2025-05-25,2025-05-30,55.0
926952,Patrick Dorgu,Manchester United,2024-25,FW,20,843,0,0,2025-05-25,2025-05-30,25.0
933900,Samuel Amo-Ameyaw,Southampton FC,2024-25,FW,18,26,0,0,2025-05-25,2025-06-03,4.0
936842,Michael Golding,Leicester City,2024-25,MF,19,1,0,0,2025-05-25,2025-05-30,2.0
936874,Tyrique George,Chelsea FC,2024-25,FW,19,178,1,1,2025-05-25,2025-05-30,10.0
938158,Marc Guiu,Chelsea FC,2024-25,FW,19,70,0,0,2025-05-25,2025-05-30,8.0
939290,Jayden Danns,Liverpool FC,2024-25,FW,19,10,0,0,2025-05-25,2025-05-27,0.8
942497,Jahmai Simpson-Pusey,Manchester City,2024-25,DF,19,95,0,0,2025-05-25,2025-05-30,5.0
954104,Jayden Meghoma,Brentford FC,2024-25,DF,18,4,0,0,2025-05-25,2025-05-27,0.5
967319,Romain Esse,Crystal Palace,2024-25,FW,20,136,1,1,2025-05-25,2025-05-30,12.0
973085,Carlos Baleba,Brighton & Hove Albion,2024-25,MF,21,2673,3,1,2025-05-25,2025-05-30,40.0
982097,Shumaira Mheuka,Chelsea FC,2024-25,FW,17,1,0,0,2025-05-25,2025-05-30,0.8
983989,Facundo Buonanotte,Leicester City,2024-25,MF,20,1514,5,2,2025-05-25,2025-05-30,20.0
986298,Joachim Kayi Sanda,Southampton FC,2024-25,DF,18,12,0,0,2025-05-25,2025-05-30,1.5
991800,Luís Guilherme,West Ham United,2024-25,FW,19,139,0,0,2025-05-25,2025-05-30,15.0
992686,Martial Godo,Fulham FC,2024-25,FW,22,21,0,0,2025-05-25,2025-05-30,0.6
994536,Claudio Echeverri,Manchester City,2024-25,MF,19,5,0,0,2025-05-25,2025-05-30,18.0
996897,Diego Gómez,Brighton & Hove Albion,2024-25,MF,22,511,1,1,2025-05-25,2025-05-30,14.0
1004708,Josh Acheampong,Chelsea FC,2024-25,DF,19,169,0,0,2025-05-25,2025-05-30,8.0
1005575,Vitor Reis,Manchester City,2024-25,DF,19,1,0,0,2025-05-25,2025-05-30,30.0
1005649,Murillo,Nottingham Forest,2024-25,DF,22,3191,2,0,2025-05-25,2025-05-30,55.0
1009658,Julio Soler,AFC Bournemouth,2024-25,DF,20,9,0,0,2025-05-25,2025-05-30,8.0
1010854,Mathis Amougou,Chelsea FC,2024-25,MF,19,7,0,0,2025-05-25,2025-05-30,10.0
1011131,Josh King,Fulham FC,2024-25,MF,18,127,0,0,2025-05-25,2025-05-30,1.0
1011147,Mikey Moore,Tottenham Hotspur,2024-25,FW,17,361,0,1,2025-05-25,2025-05-30,18.0
1011738,Harry Amass,Manchester United,2024-25,DF,18,346,0,0,2025-05-25,2025-05-30,5.0
1012534,Yankuba Minteh,Brighton & Hove Albion,2024-25,FW,20,1844,6,4,2025-05-25,2025-05-30,30.0
1042886,Chido Obi,Manchester United,2024-25,FW,17,160,0,0,2025-05-25,2025-05-30,5.0
1045124,Jay Robinson,Southampton FC,2024-25,FW,18,135,0,0,2025-05-25,2025-08-11,1.0
1047256,Asher Agbinone,Crystal Palace,2024-25,FW,19,4,0,0,2025-05-25,2025-06-30,0.075
1047261,Caleb Kporha,Crystal Palace,2024-25,DF,18,11,0,0,2025-05-25,2025-05-30,1.0
1063329,Andrés García,Aston Villa,2024-25,DF,22,317,0,0,2025-05-25,2025-05-30,7.0
1078163,Ayden Heaven,Manchester United,2024-25,DF,18,171,0,0,2025-05-25,2025-05-30,5.0
1089802,Remy Rees-Dottin,AFC Bournemouth,2024-25,FW,19,1,0,0,2025-05-25,2025-05-30,0.3
1107733,Harrison Armstrong,Everton FC,2024-25,MF,18,47,0,0,2025-05-25,2025-05-27,0.8
1141628,Yunus Konak,Brentford FC,2024-25,MF,19,37,0,0,2025-05-25,2025-05-30,4.5
1193867,Pedro Lima,Wolverhampton Wanderers,2024-25,DF,18,70,0,0,2025-05-25,2025-05-30,5.0
1230661,Mateus Mané,Wolverhampton Wanderers,2024-25,MF,17,1,0,0,2025-05-25,2025-05-30,0.2
3333,James Milner,Brighton & Hove Albion,2025-26,MF,40,778,1,1,2026-05-24,2026-06-03,0.5
16306,Casemiro,Manchester United,2025-26,MF,34,2589,9,2,2026-05-24,2026-06-03,6.0
51471,Mateo Kovacic,Manchester City,2025-26,MF,32,126,0,1,2026-05-24,2026-06-03,10.0
61651,Jordan Henderson,Brentford FC,2025-26,MF,35,1921,1,3,2026-05-24,2026-06-03,1.2
61841,Adam Smith,AFC Bournemouth,2025-26,DF,35,1080,0,2,2026-05-24,2026-06-03,0.3
63200,Ashley Barnes,Burnley FC,2025-26,FW,36,41,0,0,2026-05-24,2026-06-03,0.15
67063,Danny Welbeck,Brighton & Hove Albion,2025-26,FW,35,2266,13,1,2026-05-24,2026-06-03,3.0
68390,Séamus Coleman,Everton FC,2025-26,DF,37,20,0,0,2026-05-24,2026-06-03,0.2
72476,Bernd Leno,Fulham FC,2025-26,GK,34,3420,0,0,2026-05-24,2026-06-03,6.0
74960,Martin Dúbravka,Burnley FC,2025-26,GK,37,3150,0,0,2026-05-24,2026-06-03,0.5
75489,Niclas Füllkrug,West Ham United,2025-26,FW,33,409,0,0,2026-05-24,2026-05-29,3.5
82873,Pascal Groß,Brighton & Hove Albion,2025-26,MF,34,1637,1,3,2026-05-24,2026-06-03,2.5
85177,Nathaniel Clyne,Crystal Palace,2025-26,DF,35,597,0,1,2026-05-24,2026-06-03,0.3
85941,Stefan Ortega,Nottingham Forest,2025-26,GK,33,270,0,0,2026-05-24,2026-06-03,4.0
95424,Kyle Walker,Burnley FC,2025-26,DF,35,3097,0,2,2026-05-24,2026-06-03,1.5
95810,Kieran Trippier,Newcastle United,2025-26,DF,35,1592,0,1,2026-05-24,2026-06-03,1.5
99397,Karl Darlow,Leeds United,2025-26,GK,35,1980,0,0,2026-05-24,2026-06-03,0.2
105470,Alisson,Liverpool FC,2025-26,GK,33,2340,0,0,2026-05-24,2026-06-03,15.0
108725,Chris Wood,Nottingham Forest,2025-26,FW,34,907,3,0,2026-05-24,2026-06-03,5.0
110864,Sam Johnstone,Wolverhampton Wanderers,2025-26,GK,33,1080,0,0,2026-05-24,2026-06-03,2.0
111195,Joël Veltman,Brighton & Hove Albion,2025-26,DF,34,1050,1,0,2026-05-24,2026-06-03,1.5
111455,Granit Xhaka,Sunderland AFC,2025-26,MF,33,2901,1,6,2026-05-24,2026-06-03,8.0
111873,Emiliano Martínez,Aston Villa,2025-26,GK,33,2835,0,1,2026-05-24,2026-06-03,12.0
118534,Michael Keane,Everton FC,2025-26,DF,33,2590,3,1,2026-05-24,2026-06-03,3.0
120629,Alphonse Areola,West Ham United,2025-26,GK,33,1800,0,1,2026-05-24,2026-06-03,4.0
123275,Tom Cairney,Fulham FC,2025-26,MF,35,765,2,0,2026-05-24,2026-06-03,0.5
123682,Callum Wilson,West Ham United,2025-26,FW,34,1242,7,1,2026-05-24,2026-06-03,4.0
124884,Marco Bizot,Aston Villa,2025-26,GK,35,585,0,0,2026-05-24,2026-06-03,1.5
126664,Lucas Digne,Aston Villa,2025-26,DF,32,1852,0,6,2026-05-24,2026-06-03,6.0
126665,Idrissa Gueye,Everton FC,2025-26,MF,36,2102,2,3,2026-05-24,2026-06-03,0.5
127202,Matz Sels,Nottingham Forest,2025-26,GK,34,2667,0,0,2026-05-24,2026-06-03,3.5
130164,Jordan Pickford,Everton FC,2025-26,GK,32,3420,0,0,2026-05-24,2026-06-03,13.0
131978,Ross Barkley,Aston Villa,2025-26,MF,32,852,3,1,2026-05-24,2026-06-03,4.0
131996,Bertrand Traoré,Sunderland AFC,2025-26,FW,30,639,1,0,2026-05-24,2026-06-03,4.0
134270,Dan Burn,Newcastle United,2025-26,DF,34,2199,1,3,2026-05-24,2026-06-03,4.0
135343,Fabian Schär,Newcastle United,2025-26,DF,34,1091,0,0,2026-05-24,2026-06-03,4.0
136401,Daniel Bentley,Wolverhampton Wanderers,2025-26,GK,32,270,0,0,2026-05-24,2026-06-03,0.8
139208,Virgil van Dijk,Liverpool FC,2025-26,DF,34,3420,6,0,2026-05-24,2026-06-03,15.0
144028,Leandro Trossard,Arsenal FC,2025-26,FW,31,2008,6,6,2026-05-24,2026-06-03,18.0
146310,Wataru Endo,Liverpool FC,2025-26,MF,33,170,0,1,2026-05-24,2026-06-03,4.0
148153,Lewis Dunk,Brighton & Hove Albion,2025-26,DF,34,2837,1,0,2026-05-24,2026-06-03,3.5
148367,Christian Nørgaard,Arsenal FC,2025-26,MF,32,101,0,0,2026-05-24,2026-06-03,5.0
148455,Mohamed Salah,Liverpool FC,2025-26,FW,33,2150,7,7,2026-05-24,2026-06-03,22.0
171679,Matt Doherty,Wolverhampton Wanderers,2025-26,DF,34,792,0,0,2026-05-24,2026-06-03,1.0
173504,James Tarkowski,Everton FC,2025-26,DF,33,3330,2,3,2026-05-24,2026-06-03,5.0
177476,Nathan Aké,Manchester City,2025-26,DF,31,688,0,0,2026-05-24,2026-06-03,12.0
177907,Harry Maguire,Manchester United,2025-26,DF,33,1655,1,2,2026-05-24,2026-06-03,8.0
181380,Arthur Masuaku,Sunderland AFC,2025-26,DF,32,127,0,0,2026-05-24,2026-06-01,2.0
181579,James Ward-Prowse,Burnley FC,2025-26,MF,31,1097,0,1,2026-05-24,2026-06-03,5.0
183288,Luke Shaw,Manchester United,2025-26,DF,30,3233,1,1,2026-05-24,2026-06-03,8.0
184528,Emil Krafth,Newcastle United,2025-26,DF,31,45,0,0,2026-05-24,2026-06-03,0.75
184573,Victor Lindelöf,Aston Villa,2025-26,DF,31,944,0,1,2026-05-24,2026-06-03,5.0
186590,John Stones,Manchester City,2025-26,DF,31,439,0,0,2026-05-24,2026-06-03,12.0
188077,Ryan Christie,AFC Bournemouth,2025-26,MF,31,986,2,0,2026-05-24,2026-06-03,8.0
192080,Nick Pope,Newcastle United,2025-26,GK,34,2417,0,0,2026-05-24,2026-06-03,5.0
192279,Kepa Arrizabalaga,Arsenal FC,2025-26,GK,31,90,0,0,2026-05-24,2026-06-03,5.0
192765,Ben Davies,Tottenham Hotspur,2025-26,DF,33,138,1,0,2026-05-24,2026-06-03,3.0
193116,John McGinn,Aston Villa,2025-26,MF,31,2158,5,5,2026-05-24,2026-06-03,13.0
199527,Jacob Murphy,Newcastle United,2025-26,FW,31,1620,3,2,2026-05-24,2026-06-03,12.0
201574,Angus Gunn,Nottingham Forest,2025-26,GK,30,45,0,0,2026-05-24,2026-06-03,1.0
203460,Jack Grealish,Everton FC,2025-26,FW,30,1632,2,6,2026-05-24,2026-06-03,20.0
203853,Oleksandr Zinchenko,Nottingham Forest,2025-26,DF,29,353,0,0,2026-05-24,2026-05-28,8.0
204103,Adama Traoré,Fulham FC,2025-26,FW,30,377,0,0,2026-05-24,2026-06-03,6.0
206040,Raúl Jiménez,Fulham FC,2025-26,FW,35,2199,9,3,2026-05-24,2026-06-03,3.0
206746,Kenny Tete,Fulham FC,2025-26,DF,30,1795,1,0,2026-05-24,2026-06-03,8.0
207014,Will Hughes,Crystal Palace,2025-26,MF,31,1568,0,0,2026-05-24,2026-06-03,5.0
209212,Solly March,Brighton & Hove Albion,2025-26,FW,31,38,0,0,2026-05-24,2026-06-03,1.0
226049,Freddie Woodman,Liverpool FC,2025-26,GK,29,212,0,0,2026-05-24,2026-06-03,3.0
226973,Harrison Reed,Fulham FC,2025-26,MF,31,89,1,0,2026-05-24,2026-06-03,2.0
234803,Andrew Robertson,Liverpool FC,2025-26,DF,32,1172,1,0,2026-05-24,2026-06-03,7.0
236490,Ola Aina,Nottingham Forest,2025-26,DF,29,1590,0,0,2026-05-24,2026-06-03,18.0
236953,Sam Byram,Leeds United,2025-26,DF,32,8,0,0,2026-05-24,2026-06-03,0.4
240306,Bruno Fernandes,Manchester United,2025-26,MF,31,3068,9,21,2026-05-24,2026-06-03,35.0
240692,Reinildo Mandava,Sunderland AFC,2025-26,DF,32,1969,0,2,2026-05-24,2026-06-03,4.0
241641,Bernardo Silva,Manchester City,2025-26,MF,31,2888,2,4,2026-05-24,2026-06-03,22.0
242606,Josh Cullen,Burnley FC,2025-26,MF,30,1520,2,2,2026-05-24,2026-06-03,4.0
242631,Alex Iwobi,Fulham FC,2025-26,FW,30,2436,4,3,2026-05-24,2026-06-03,20.0
245056,Saša Lukić,Fulham FC,2025-26,MF,29,1734,1,3,2026-05-24,2026-06-03,10.0
249089,Lewis Cook,AFC Bournemouth,2025-26,MF,29,872,0,1,2026-05-24,2026-06-03,11.0
249565,Youri Tielemans,Aston Villa,2025-26,MF,29,1863,0,4,2026-05-24,2026-06-03,30.0
249994,José Sá,Wolverhampton Wanderers,2025-26,GK,33,2070,0,0,2026-05-24,2026-06-03,3.5
250426,Adam Armstrong,Wolverhampton Wanderers,2025-26,FW,29,1147,2,2,2026-05-24,2026-06-03,6.0
251106,Enes Ünal,AFC Bournemouth,2025-26,FW,29,214,1,0,2026-05-24,2026-06-03,7.0
253677,Tyrone Mings,Aston Villa,2025-26,DF,33,1323,0,1,2026-05-24,2026-06-03,3.0
256178,Joe Gomez,Liverpool FC,2025-26,DF,29,600,0,2,2026-05-24,2026-06-03,13.0
257455,João Palhinha,Tottenham Hotspur,2025-26,MF,30,2198,5,2,2026-05-24,2026-06-03,15.0
258004,Rúben Dias,Manchester City,2025-26,DF,29,2140,2,0,2026-05-24,2026-06-03,55.0
258878,Tosin Adarabioyo,Chelsea FC,2025-26,DF,28,789,0,0,2026-05-24,2026-06-03,16.0
258889,Dominic Solanke,Tottenham Hotspur,2025-26,FW,28,1001,3,0,2026-05-24,2026-06-03,28.0
258919,Dean Henderson,Crystal Palace,2025-26,GK,29,3330,0,0,2026-05-24,2026-06-03,28.0
260827,Joachim Andersen,Fulham FC,2025-26,DF,29,2877,0,1,2026-05-24,2026-06-03,20.0
262226,Timothy Castagne,Fulham FC,2025-26,DF,30,1842,0,0,2026-05-24,2026-06-03,8.0
262749,David Raya,Arsenal FC,2025-26,GK,30,3330,0,0,2026-05-24,2026-06-03,30.0
262980,Jefferson Lerma,Crystal Palace,2025-26,MF,31,1724,0,4,2026-05-24,2026-06-03,6.0
263236,Kevin Danso,Tottenham Hotspur,2025-26,DF,27,1491,0,0,2026-05-24,2026-06-03,20.0
270171,Vitaly Janelt,Brentford FC,2025-26,MF,28,1437,1,4,2026-05-24,2026-06-03,16.0
272622,Issa Diop,Fulham FC,2025-26,DF,29,814,1,0,2026-05-24,2026-06-03,8.0
277033,David Brooks,AFC Bournemouth,2025-26,FW,28,1199,1,3,2026-05-24,2026-06-03,12.0
279455,Harry Wilson,Fulham FC,2025-26,FW,29,2694,10,7,2026-05-24,2026-06-03,25.0
282939,Luke O'Nien,Sunderland AFC,2025-26,DF,31,564,0,1,2026-05-24,2026-06-03,0.7
283628,Tomáš Souček,West Ham United,2025-26,MF,31,2199,5,0,2026-05-24,2026-06-03,10.0
284857,Marc Cucurella,Chelsea FC,2025-26,DF,27,2710,1,4,2026-05-24,2026-06-03,50.0
286047,Guglielmo Vicario,Tottenham Hotspur,2025-26,GK,29,2790,0,0,2026-05-24,2026-06-03,18.0
292246,Hee-chan Hwang,Wolverhampton Wanderers,2025-26,FW,30,1455,2,2,2026-05-24,2026-06-03,6.0
293194,Borna Sosa,Crystal Palace,2025-26,DF,28,99,0,0,2026-05-24,2026-06-03,3.0
293281,Jacob Bruun Larsen,Burnley FC,2025-26,FW,27,1023,0,1,2026-05-24,2026-06-03,4.0
294057,James Maddison,Tottenham Hotspur,2025-26,MF,29,34,0,0,2026-05-24,2026-06-03,20.0
295313,Taiwo Awoniyi,Nottingham Forest,2025-26,FW,28,481,4,2,2026-05-24,2026-06-03,8.0
296802,Walter Benítez,Crystal Palace,2025-26,GK,33,90,0,0,2026-05-24,2026-06-03,4.0
297212,Joe Rodon,Leeds United,2025-26,DF,28,2954,2,0,2026-05-24,2026-06-03,18.0
306024,Dominic Calvert-Lewin,Leeds United,2025-26,FW,29,2730,14,1,2026-05-24,2026-06-03,22.0
309400,Kai Havertz,Arsenal FC,2025-26,FW,26,583,2,3,2026-05-24,2026-06-03,55.0
314241,Josh Laurent,Burnley FC,2025-26,MF,31,1759,1,0,2026-05-24,2026-06-03,1.5
314288,Lukas Nmecha,Leeds United,2025-26,FW,27,1073,6,1,2026-05-24,2026-06-03,10.0
314367,Marcus Edwards,Burnley FC,2025-26,FW,27,1065,1,3,2026-05-24,2026-06-03,6.0
314875,Jarrod Bowen,West Ham United,2025-26,FW,29,3409,9,11,2026-05-24,2026-06-03,30.0
315858,Gianluigi Donnarumma,Manchester City,2025-26,GK,27,3060,0,0,2026-05-24,2026-06-03,45.0
316264,Martin Ødegaard,Arsenal FC,2025-26,MF,27,1371,1,7,2026-05-24,2026-06-03,65.0
318508,Olivier Boscagli,Brighton & Hove Albion,2025-26,DF,28,800,0,1,2026-05-24,2026-06-03,15.0
319301,Daniel James,Leeds United,2025-26,FW,28,553,0,0,2026-05-24,2026-06-03,10.0
319859,Mathias Jensen,Brentford FC,2025-26,MF,30,2252,3,1,2026-05-24,2026-06-03,10.0
321247,Emiliano Buendía,Aston Villa,2025-26,FW,29,1760,6,2,2026-05-24,2026-06-03,16.0
324358,Ollie Watkins,Aston Villa,2025-26,FW,30,2854,16,3,2026-05-24,2026-06-03,25.0
325443,Viktor Gyökeres,Arsenal FC,2025-26,FW,27,2231,14,1,2026-05-24,2026-06-03,65.0
326029,Donyell Malen,Aston Villa,2025-26,FW,27,645,4,1,2026-05-24,2026-05-29,45.0
326031,Matthijs de Ligt,Manchester United,2025-26,DF,26,1170,1,0,2026-05-24,2026-06-03,30.0
328658,Kristoffer Ajer,Brentford FC,2025-26,DF,28,1809,0,1,2026-05-24,2026-06-03,18.0
330659,Justin Kluivert,AFC Bournemouth,2025-26,MF,27,953,2,0,2026-05-24,2026-06-03,25.0
331726,Tammy Abraham,Aston Villa,2025-26,FW,28,277,2,0,2026-05-24,2026-06-03,18.0
332705,Tyler Adams,AFC Bournemouth,2025-26,MF,27,1779,2,2,2026-05-24,2026-06-03,25.0
333014,Sander Berge,Fulham FC,2025-26,MF,28,2911,0,1,2026-05-24,2026-06-03,25.0
333241,Joelinton,Newcastle United,2025-26,MF,29,1956,2,1,2026-05-24,2026-06-03,25.0
335721,Ben White,Arsenal FC,2025-26,DF,28,704,0,1,2026-05-24,2026-06-03,30.0
336077,Altay Bayındır,Manchester United,2025-26,GK,28,540,0,0,2026-05-24,2026-06-03,5.0
338424,Mikel Merino,Arsenal FC,2025-26,MF,29,1027,4,3,2026-05-24,2026-06-03,25.0
338629,Sebastiaan Bornauw,Leeds United,2025-26,DF,27,433,0,0,2026-05-24,2026-06-03,8.0
339340,Tyrell Malacia,Manchester United,2025-26,DF,26,15,0,0,2026-05-24,2026-06-03,4.0
339556,Rico Henry,Brentford FC,2025-26,DF,28,1329,0,0,2026-05-24,2026-06-03,13.0
340321,Josh Dasilva,Brentford FC,2025-26,MF,27,2,0,0,2026-05-24,2026-06-03,1.5
340324,Eddie Nketiah,Crystal Palace,2025-26,FW,26,416,2,0,2026-05-24,2026-06-03,10.0
340325,Reiss Nelson,Brentford FC,2025-26,FW,26,118,0,1,2026-05-24,2026-06-03,8.0
340329,Joe Willock,Newcastle United,2025-26,MF,26,980,0,2,2026-05-24,2026-06-03,14.0
340456,Noussair Mazraoui,Manchester United,2025-26,DF,28,984,0,0,2026-05-24,2026-06-03,18.0
340918,Caoimhín Kelleher,Brentford FC,2025-26,GK,27,3330,0,0,2026-05-24,2026-06-03,28.0
341051,Kyle Walker-Peters,West Ham United,2025-26,DF,29,1380,1,0,2026-05-24,2026-06-03,12.0
341092,Federico Chiesa,Liverpool FC,2025-26,FW,28,318,2,1,2026-05-24,2026-06-03,13.0
342046,Axel Tuanzebe,Burnley FC,2025-26,DF,28,1202,1,0,2026-05-24,2026-06-03,5.0
342385,Guido Rodríguez,West Ham United,2025-26,MF,32,177,0,0,2026-05-24,2026-06-05,4.0
344069,Anton Stach,Leeds United,2025-26,MF,27,2378,5,3,2026-05-24,2026-06-03,28.0
344152,Odsonne Édouard,Crystal Palace,2025-26,FW,28,2,0,0,2026-05-24,2026-06-01,12.0
345911,Ladislav Krejci,Wolverhampton Wanderers,2025-26,DF,27,2361,2,1,2026-05-24,2026-06-03,22.0
346314,Trevoh Chalobah,Chelsea FC,2025-26,DF,26,2782,3,0,2026-05-24,2026-06-03,40.0
346483,Mason Mount,Manchester United,2025-26,MF,27,1017,3,0,2026-05-24,2026-06-03,25.0
346707,Sean Longstaff,Leeds United,2025-26,MF,28,1006,2,2,2026-05-24,2026-06-03,15.0
346890,Noah Okafor,Leeds United,2025-26,FW,26,1569,8,1,2026-05-24,2026-06-03,25.0
348026,Nordi Mukiele,Sunderland AFC,2025-26,DF,28,2787,3,4,2026-05-24,2026-06-03,16.0
349066,Alexander Isak,Liverpool FC,2025-26,FW,26,702,3,1,2026-05-24,2026-06-03,85.0
349701,Antonee Robinson,Fulham FC,2025-26,DF,28,1492,1,0,2026-05-24,2026-06-03,22.0
352041,Lucas Perri,Leeds United,2025-26,GK,28,1440,0,0,2026-05-24,2026-06-03,10.0
353032,Omar Alderete,Sunderland AFC,2025-26,DF,29,2802,1,1,2026-05-24,2026-06-03,13.0
354362,Rodrigo Bentancur,Tottenham Hotspur,2025-26,MF,28,1892,1,1,2026-05-24,2026-06-03,20.0
355915,Cristian Romero,Tottenham Hotspur,2025-26,DF,28,1873,4,1,2026-05-24,2026-06-03,45.0
356141,Daichi Kamada,Crystal Palace,2025-26,MF,29,1909,0,1,2026-05-24,2026-06-03,10.0
357119,Ibrahima Konaté,Liverpool FC,2025-26,DF,26,3100,1,0,2026-05-24,2026-06-03,45.0
357147,Diogo Dalot,Manchester United,2025-26,DF,27,2616,1,3,2026-05-24,2026-06-03,30.0
357162,Florentino,Burnley FC,2025-26,MF,26,2114,0,2,2026-05-24,2026-06-03,16.0
357565,Rodri,Manchester City,2025-26,MF,29,1514,1,0,2026-05-24,2026-06-03,50.0
357662,Declan Rice,Arsenal FC,2025-26,MF,27,3099,4,7,2026-05-24,2026-06-03,120.0
361093,Sven Botman,Newcastle United,2025-26,DF,26,1839,1,1,2026-05-24,2026-06-03,35.0
361914,Nayef Aguerd,West Ham United,2025-26,DF,30,180,0,0,2026-05-24,2026-06-01,15.0
362108,Gabriel Gudmundsson,Leeds United,2025-26,DF,27,2639,0,0,2026-05-24,2026-06-03,20.0
363205,Gabriel Jesus,Arsenal FC,2025-26,FW,29,421,3,0,2026-05-24,2026-06-03,17.0
365108,Dan Ndoye,Nottingham Forest,2025-26,FW,25,1176,1,1,2026-05-24,2026-06-03,32.0
369316,Ferdi Kadıoğlu,Brighton & Hove Albion,2025-26,DF,26,3134,1,0,2026-05-24,2026-06-03,35.0
369567,Sasa Kalajdzic,Wolverhampton Wanderers,2025-26,FW,28,14,0,0,2026-05-24,2026-05-26,4.0
369962,Joël Piroe,Leeds United,2025-26,FW,26,246,0,0,2026-05-24,2026-06-03,10.0
371851,Jaka Bijol,Leeds United,2025-26,DF,27,1893,1,2,2026-05-24,2026-06-03,20.0
375885,Ibrahim Sangaré,Nottingham Forest,2025-26,MF,28,2080,2,2,2026-05-24,2026-06-03,20.0
378710,Richarlison,Tottenham Hotspur,2025-26,FW,29,1960,11,4,2026-05-24,2026-06-03,25.0
380350,Igor Julio,West Ham United,2025-26,DF,28,103,0,0,2026-05-24,2026-06-03,10.0
381753,Ilia Gruev,Leeds United,2025-26,MF,26,1324,0,3,2026-05-24,2026-06-03,12.0
381963,Mike Tresor,Burnley FC,2025-26,MF,26,37,0,0,2026-05-24,2026-06-03,2.0
386047,Axel Disasi,West Ham United,2025-26,DF,28,1255,0,0,2026-05-24,2026-06-03,15.0
387626,Leon Bailey,Aston Villa,2025-26,FW,28,452,0,1,2026-05-24,2026-06-03,14.0
388165,Yoane Wissa,Newcastle United,2025-26,FW,29,521,1,1,2026-05-24,2026-06-03,25.0
391065,Hamed Traoré,AFC Bournemouth,2025-26,FW,26,16,0,1,2026-05-24,2026-06-01,15.0
392179,Hjalmar Ekdal,Burnley FC,2025-26,DF,27,1540,0,0,2026-05-24,2026-06-03,5.0
392757,Marc Guéhi,Crystal Palace,2025-26,DF,25,3150,3,4,2026-05-24,2026-06-03,70.0
392765,Emile Smith Rowe,Fulham FC,2025-26,MF,25,1928,3,0,2026-05-24,2026-06-03,20.0
392768,Callum Hudson-Odoi,Nottingham Forest,2025-26,FW,25,1848,3,4,2026-05-24,2026-06-03,30.0
392770,Angel Gomes,Wolverhampton Wanderers,2025-26,MF,25,465,0,0,2026-05-24,2026-06-03,10.0
392771,Ethan Ampadu,Leeds United,2025-26,MF,25,3123,1,1,2026-05-24,2026-06-03,30.0
392775,Ryan Sessegnon,Fulham FC,2025-26,DF,26,1822,3,3,2026-05-24,2026-06-03,22.0
393323,Brenden Aaronson,Leeds United,2025-26,MF,25,2470,4,5,2026-05-24,2026-06-03,22.0
394327,Boubacar Kamara,Aston Villa,2025-26,MF,26,1418,1,3,2026-05-24,2026-06-03,40.0
397033,Sandro Tonali,Newcastle United,2025-26,MF,26,2545,0,2,2026-05-24,2026-06-03,80.0
398065,Harvey Barnes,Newcastle United,2025-26,FW,28,1961,7,1,2026-05-24,2026-06-03,32.0
399434,Marcus Tavernier,AFC Bournemouth,2025-26,MF,27,2743,7,4,2026-05-24,2026-06-03,25.0
399776,Pau Torres,Aston Villa,2025-26,DF,29,1676,0,0,2026-05-24,2026-06-03,20.0
400536,Mads Hermansen,West Ham United,2025-26,GK,25,1620,0,1,2026-05-24,2026-06-03,15.0
401173,Jadon Sancho,Aston Villa,2025-26,FW,26,873,0,2,2026-05-24,2026-06-03,18.0
401922,Samuel Chukwueze,Fulham FC,2025-26,FW,27,1074,3,4,2026-05-24,2026-06-03,18.0
403151,Robert Sánchez,Chelsea FC,2025-26,GK,28,3041,0,1,2026-05-24,2026-06-03,22.0
404842,Vitaliy Mykolenko,Everton FC,2025-26,DF,26,2961,0,1,2026-05-24,2026-06-03,25.0
406634,Matt O'Riley,Brighton & Hove Albion,2025-26,MF,25,203,1,0,2026-05-24,2026-06-03,18.0
406635,Phil Foden,Manchester City,2025-26,MF,25,2085,7,5,2026-05-24,2026-06-03,70.0
410225,Ismaïla Sarr,Crystal Palace,2025-26,FW,28,2177,9,1,2026-05-24,2026-06-03,40.0
410425,Yves Bissouma,Tottenham Hotspur,2025-26,MF,29,605,0,0,2026-05-24,2026-06-03,10.0
410708,Pascal Struijk,Leeds United,2025-26,DF,26,2937,0,1,2026-05-24,2026-06-03,22.0
411537,Zian Flemming,Burnley FC,2025-26,FW,27,1776,11,0,2026-05-24,2026-06-03,12.0
413039,Bryan Mbeumo,Manchester United,2025-26,FW,26,2625,11,3,2026-05-24,2026-06-03,75.0
413220,James Justin,Leeds United,2025-26,DF,28,1896,2,1,2026-05-24,2026-06-03,12.0
413403,Ezri Konsa,Aston Villa,2025-26,DF,28,3036,0,0,2026-05-24,2026-06-03,40.0
413507,Nikola Milenković,Nottingham Forest,2025-26,DF,28,3375,0,0,2026-05-24,2026-06-03,28.0
414908,Marshall Munetsi,Wolverhampton Wanderers,2025-26,MF,29,874,1,1,2026-05-24,2026-06-01,15.0
415381,Mats Wieffer,Brighton & Hove Albion,2025-26,DF,26,1908,2,3,2026-05-24,2026-06-03,25.0
415912,Konstantinos Mavropanos,West Ham United,2025-26,DF,28,2532,3,0,2026-05-24,2026-06-03,18.0
415970,Joe Worrall,Burnley FC,2025-26,DF,29,497,0,0,2026-05-24,2026-06-03,2.0
417346,Jack Harrison,Leeds United,2025-26,FW,29,263,0,0,2026-05-24,2026-05-29,6.5
418560,Erling Haaland,Manchester City,2025-26,FW,25,2959,27,8,2026-05-24,2026-06-03,200.0
420002,Jean-Philippe Mateta,Crystal Palace,2025-26,FW,28,2223,12,0,2026-05-24,2026-06-03,30.0
420210,Lutsharel Geertruida,Sunderland AFC,2025-26,DF,25,1685,0,0,2026-05-24,2026-06-03,20.0
420243,Jurriën Timber,Arsenal FC,2025-26,DF,24,2457,3,6,2026-05-24,2026-06-03,70.0
421637,Frank Onyeka,Brentford FC,2025-26,MF,28,88,0,1,2026-05-24,2026-05-28,8.0
423440,Martín Zubimendi,Arsenal FC,2025-26,MF,27,3002,5,1,2026-05-24,2026-06-03,75.0
424015,Nathan Patterson,Everton FC,2025-26,DF,24,240,0,0,2026-05-24,2026-06-03,10.0
425334,Matty Cash,Aston Villa,2025-26,DF,28,3022,3,3,2026-05-24,2026-06-03,22.0
425902,Ryan Yates,Nottingham Forest,2025-26,MF,28,603,0,2,2026-05-24,2026-06-03,7.0
427568,Aaron Ramsdale,Newcastle United,2025-26,GK,28,1003,0,0,2026-05-24,2026-06-03,12.0
429014,Morgan Gibbs-White,Nottingham Forest,2025-26,MF,26,3113,15,4,2026-05-24,2026-06-03,70.0
429915,Maxim De Cuyper,Brighton & Hove Albion,2025-26,DF,25,1414,2,3,2026-05-24,2026-06-03,22.0
429983,Jørgen Strand Larsen,Wolverhampton Wanderers,2025-26,FW,26,2315,4,1,2026-05-24,2026-06-03,40.0
432164,Igor Jesus,Nottingham Forest,2025-26,FW,25,2315,6,4,2026-05-24,2026-06-03,25.0
432914,John Victor,Nottingham Forest,2025-26,GK,30,438,0,0,2026-05-24,2026-06-03,5.0
433177,Bukayo Saka,Arsenal FC,2025-26,FW,24,2226,7,7,2026-05-24,2026-06-03,110.0
433188,Curtis Jones,Liverpool FC,2025-26,MF,25,1930,1,2,2026-05-24,2026-06-03,35.0
434224,Maxence Lacroix,Crystal Palace,2025-26,DF,26,3087,1,2,2026-05-24,2026-06-03,50.0
434675,Cody Gakpo,Liverpool FC,2025-26,FW,27,2749,7,5,2026-05-24,2026-06-03,60.0
435338,Gabriel,Arsenal FC,2025-26,DF,28,2751,3,4,2026-05-24,2026-06-03,75.0
435648,Joshua Zirkzee,Manchester United,2025-26,FW,25,609,2,1,2026-05-24,2026-06-03,20.0
438001,Santiago Bueno,Wolverhampton Wanderers,2025-26,DF,27,2553,3,2,2026-05-24,2026-06-03,10.0
442248,Ethan Pinnock,Brentford FC,2025-26,DF,32,321,0,0,2026-05-24,2026-06-03,3.0
444523,Lucas Paquetá,West Ham United,2025-26,MF,28,1522,4,1,2026-05-24,2026-05-26,32.0
445939,Omar Marmoush,Manchester City,2025-26,FW,27,699,3,3,2026-05-24,2026-06-03,50.0
447661,Douglas Luiz,Aston Villa,2025-26,MF,28,922,1,0,2026-05-24,2026-06-03,18.0
450050,Jean-Ricner Bellegarde,Wolverhampton Wanderers,2025-26,MF,27,1250,1,1,2026-05-24,2026-06-03,16.0
451276,Dominik Szoboszlai,Liverpool FC,2025-26,MF,25,3233,6,7,2026-05-24,2026-06-03,100.0
455661,Nick Woltemade,Newcastle United,2025-26,FW,24,1914,8,3,2026-05-24,2026-06-03,55.0
460939,Tijjani Reijnders,Manchester City,2025-26,MF,27,1636,5,2,2026-05-24,2026-06-03,50.0
461883,Calvin Bassey,Fulham FC,2025-26,DF,26,2532,1,1,2026-05-24,2026-06-03,28.0
463603,Benoît Badiashile,Chelsea FC,2025-26,DF,25,471,0,0,2026-05-24,2026-06-03,15.0
463605,Bafodé Diakité,AFC Bournemouth,2025-26,DF,25,1275,0,0,2026-05-24,2026-06-03,25.0
465555,Djordje Petrovic,AFC Bournemouth,2025-26,GK,26,3420,0,0,2026-05-24,2026-06-03,28.0
465717,Jayden Bogle,Leeds United,2025-26,DF,25,2805,1,4,2026-05-24,2026-06-03,15.0
466805,Nico González,Manchester City,2025-26,MF,24,1567,1,0,2026-05-24,2026-06-03,40.0
467623,Lyle Foster,Burnley FC,2025-26,FW,25,1372,3,2,2026-05-24,2026-06-03,8.0
469050,Nathan Collins,Brentford FC,2025-26,DF,25,2972,1,2,2026-05-24,2026-06-03,30.0
469781,Marcos Senesi,AFC Bournemouth,2025-26,DF,29,3290,0,5,2026-05-24,2026-06-03,25.0
470607,Brennan Johnson,Crystal Palace,2025-26,FW,25,1723,2,1,2026-05-24,2026-06-03,30.0
472423,Reece James,Chelsea FC,2025-26,DF,26,1960,2,5,2026-05-24,2026-06-03,60.0
473050,Kevin Schade,Brentford FC,2025-26,FW,24,2758,8,4,2026-05-24,2026-06-03,35.0
473169,Brian Brobbey,Sunderland AFC,2025-26,FW,24,1934,7,1,2026-05-24,2026-06-03,30.0
474701,Crysencio Summerville,West Ham United,2025-26,FW,24,2484,5,4,2026-05-24,2026-06-03,35.0
475188,Kiernan Dewsbury-Hall,Everton FC,2025-26,MF,27,2638,8,6,2026-05-24,2026-06-03,35.0
475411,Wesley Fofana,Chelsea FC,2025-26,DF,25,1726,0,1,2026-05-24,2026-06-03,28.0
475959,Josko Gvardiol,Manchester City,2025-26,DF,24,1374,2,2,2026-05-24,2026-06-03,70.0
476701,Manuel Ugarte,Manchester United,2025-26,MF,25,881,0,0,2026-05-24,2026-06-03,25.0
477758,Aaron Wan-Bissaka,West Ham United,2025-26,DF,28,2084,0,3,2026-05-24,2026-06-03,15.0
478573,Ryan Gravenberch,Liverpool FC,2025-26,MF,24,2996,5,3,2026-05-24,2026-06-03,80.0
479999,Eberechi Eze,Arsenal FC,2025-26,MF,27,1900,7,2,2026-05-24,2026-06-03,65.0
480762,Lisandro Martínez,Manchester United,2025-26,DF,28,1231,0,0,2026-05-24,2026-06-03,40.0
483348,Djed Spence,Tottenham Hotspur,2025-26,DF,25,2056,0,0,2026-05-24,2026-06-03,30.0
484547,Jeremie Frimpong,Liverpool FC,2025-26,DF,25,1040,0,2,2026-05-24,2026-06-03,35.0
485583,Ki-Jana Hoever,Wolverhampton Wanderers,2025-26,DF,24,428,0,0,2026-05-24,2026-05-28,3.5
485585,Ian Maatsen,Aston Villa,2025-26,DF,24,1599,0,2,2026-05-24,2026-06-03,30.0
485706,Amadou Onana,Aston Villa,2025-26,MF,24,1764,2,0,2026-05-24,2026-06-03,45.0
486049,Jérémy Doku,Manchester City,2025-26,FW,23,1786,5,7,2026-05-24,2026-06-03,75.0
487465,Pedro Neto,Chelsea FC,2025-26,FW,26,2643,5,6,2026-05-24,2026-06-03,60.0
487969,Randal Kolo Muani,Tottenham Hotspur,2025-26,FW,27,1669,1,1,2026-05-24,2026-06-03,20.0
488362,Conor Gallagher,Tottenham Hotspur,2025-26,MF,26,1191,1,1,2026-05-24,2026-06-03,32.0
488935,Hákon Valdimarsson,Brentford FC,2025-26,GK,24,90,0,0,2026-05-24,2026-06-03,2.5
489359,Ao Tanaka,Leeds United,2025-26,MF,27,1318,2,0,2026-05-24,2026-06-03,13.0
493003,Daniel Muñoz,Crystal Palace,2025-26,DF,29,2404,4,3,2026-05-24,2026-06-03,22.0
494237,Wilson Isidor,Sunderland AFC,2025-26,FW,25,1159,6,0,2026-05-24,2026-06-03,18.0
494880,Jorge Cuenca,Fulham FC,2025-26,DF,26,938,0,0,2026-05-24,2026-06-03,8.0
495666,William Saliba,Arsenal FC,2025-26,DF,25,2615,1,0,2026-05-24,2026-06-03,100.0
497291,Nicolás Domínguez,Nottingham Forest,2025-26,MF,27,1177,1,1,2026-05-24,2026-06-03,15.0
500689,Evann Guessand,Aston Villa,2025-26,FW,24,916,1,1,2026-05-24,2026-06-03,25.0
502676,Giorgi Mamardashvili,Liverpool FC,2025-26,GK,25,868,0,0,2026-05-24,2026-06-03,28.0
502821,Riccardo Calafiori,Arsenal FC,2025-26,DF,24,1708,1,2,2026-05-24,2026-06-03,55.0
503680,Neco Williams,Nottingham Forest,2025-26,DF,25,3206,2,3,2026-05-24,2026-06-03,28.0
503686,Dan Ballard,Sunderland AFC,2025-26,DF,26,2148,2,2,2026-05-24,2026-06-03,20.0
503733,Anthony Gordon,Newcastle United,2025-26,FW,25,1814,6,2,2026-05-24,2026-06-03,65.0
503743,Morgan Rogers,Aston Villa,2025-26,MF,23,3285,10,7,2026-05-24,2026-06-03,90.0
503749,Jacob Ramsey,Newcastle United,2025-26,MF,24,1445,2,3,2026-05-24,2026-06-03,35.0
503883,Senne Lammens,Manchester United,2025-26,GK,23,2880,0,0,2026-05-24,2026-06-03,35.0
503981,Tino Livramento,Newcastle United,2025-26,DF,23,1328,0,1,2026-05-24,2026-06-03,45.0
503987,Noni Madueke,Arsenal FC,2025-26,FW,24,1217,3,1,2026-05-24,2026-06-03,50.0
504849,Kaoru Mitoma,Brighton & Hove Albion,2025-26,FW,29,1722,3,1,2026-05-24,2026-06-03,22.0
505219,James Garner,Everton FC,2025-26,MF,25,3414,2,7,2026-05-24,2026-06-03,45.0
514285,Quilindschy Hartman,Burnley FC,2025-26,DF,24,1830,0,5,2026-05-24,2026-06-03,16.0
515544,Trai Hume,Sunderland AFC,2025-26,DF,24,3039,2,1,2026-05-24,2026-06-03,22.0
517894,Matheus Cunha,Manchester United,2025-26,FW,26,2503,10,4,2026-05-24,2026-06-03,75.0
520624,Bruno Guimarães,Newcastle United,2025-26,MF,28,2460,9,6,2026-05-24,2026-06-03,70.0
521964,Malick Thiaw,Newcastle United,2025-26,DF,24,2964,4,0,2026-05-24,2026-06-03,45.0
522784,Taty Castellanos,West Ham United,2025-26,FW,27,1396,6,0,2026-05-24,2026-06-03,28.0
524285,Luca Netz,Nottingham Forest,2025-26,DF,23,355,0,0,2026-05-24,2026-06-03,8.0
525247,Maximilian Kilman,West Ham United,2025-26,DF,29,1558,0,0,2026-05-24,2026-06-03,13.0
532776,Amine Adli,AFC Bournemouth,2025-26,FW,26,1082,3,2,2026-05-24,2026-06-03,20.0
534033,Alexis Mac Allister,Liverpool FC,2025-26,MF,27,2663,2,4,2026-05-24,2026-06-03,70.0
536835,Amad Diallo,Manchester United,2025-26,FW,23,2346,2,4,2026-05-24,2026-06-03,45.0
538977,Georginio Rutter,Brighton & Hove Albion,2025-26,FW,24,1791,3,4,2026-05-24,2026-06-03,30.0
540664,Dilane Bakwa,Nottingham Forest,2025-26,FW,23,552,0,2,2026-05-24,2026-06-03,28.0
540941,Mikkel Damsgaard,Brentford FC,2025-26,MF,25,2058,4,4,2026-05-24,2026-06-03,30.0
541231,Sepp van den Berg,Brentford FC,2025-26,DF,24,2761,0,2,2026-05-24,2026-06-03,32.0
543499,Mohammed Kudus,Tottenham Hotspur,2025-26,FW,25,1546,2,6,2026-05-24,2026-06-03,50.0
548729,Zeki Amdouni,Burnley FC,2025-26,FW,25,69,0,0,2026-05-24,2026-06-03,7.0
553875,Pedro Porro,Tottenham Hotspur,2025-26,DF,26,2798,1,2,2026-05-24,2026-06-03,35.0
556385,Destiny Udogie,Tottenham Hotspur,2025-26,DF,23,1342,0,1,2026-05-24,2026-06-03,30.0
557459,Micky van de Ven,Tottenham Hotspur,2025-26,DF,25,3043,4,1,2026-05-24,2026-06-03,50.0
559263,Fábio Carvalho,Brentford FC,2025-26,MF,23,100,1,0,2026-05-24,2026-06-03,8.0
565093,Bart Verbruggen,Brighton & Hove Albion,2025-26,GK,23,3420,0,0,2026-05-24,2026-06-03,40.0
565822,Harvey Elliott,Aston Villa,2025-26,MF,23,110,0,0,2026-05-24,2026-06-03,20.0
566799,James Trafford,Manchester City,2025-26,GK,23,360,0,0,2026-05-24,2026-06-03,25.0
566931,Xavi Simons,Tottenham Hotspur,2025-26,MF,23,1757,2,5,2026-05-24,2026-06-03,40.0
567576,Elliot Anderson,Nottingham Forest,2025-26,MF,23,3335,4,4,2026-05-24,2026-06-03,75.0
568006,Dennis Cirkin,Sunderland AFC,2025-26,DF,24,320,0,0,2026-05-24,2026-06-03,6.0
568157,Yéremy Pino,Crystal Palace,2025-26,FW,23,2092,2,2,2026-05-24,2026-06-03,30.0
568177,Cole Palmer,Chelsea FC,2025-26,MF,24,1965,10,1,2026-05-24,2026-06-03,100.0
568559,Radu Drăgușin,Tottenham Hotspur,2025-26,DF,24,516,0,0,2026-05-24,2026-06-03,16.0
568693,Pape Matar Sarr,Tottenham Hotspur,2025-26,MF,23,1389,2,4,2026-05-24,2026-06-03,30.0
571743,Armando Broja,Burnley FC,2025-26,FW,24,849,1,1,2026-05-24,2026-06-03,5.0
572265,Lorenzo Lucca,Nottingham Forest,2025-26,FW,25,127,1,0,2026-05-24,2026-06-03,20.0
576314,Jan Paul van Hecke,Brighton & Hove Albion,2025-26,DF,25,3211,3,3,2026-05-24,2026-06-03,45.0
578391,Rayan Aït-Nouri,Manchester City,2025-26,DF,24,976,0,2,2026-05-24,2026-06-03,40.0
578539,Chris Richards,Crystal Palace,2025-26,DF,26,2826,1,0,2026-05-24,2026-06-03,28.0
583189,Anthony Elanga,Newcastle United,2025-26,FW,24,1313,0,1,2026-05-24,2026-06-03,32.0
583199,James McAtee,Nottingham Forest,2025-26,MF,23,289,0,1,2026-05-24,2026-06-03,18.0
583255,Antoine Semenyo,AFC Bournemouth,2025-26,FW,26,3205,17,4,2026-05-24,2026-06-03,80.0
584769,Dwight McNeil,Everton FC,2025-26,FW,26,1169,0,1,2026-05-24,2026-06-03,18.0
585323,Filip Jørgensen,Chelsea FC,2025-26,GK,24,378,0,0,2026-05-24,2026-06-03,15.0
585959,Arnaud Kalimuendo,Nottingham Forest,2025-26,FW,24,88,0,0,2026-05-24,2026-05-27,25.0
588989,Jhon Arias,Wolverhampton Wanderers,2025-26,FW,28,1124,1,0,2026-05-24,2026-05-26,15.0
591949,Aaron Hickey,Brentford FC,2025-26,DF,23,686,0,0,2026-05-24,2026-06-03,16.0
595809,Beto,Everton FC,2025-26,FW,28,1565,9,1,2026-05-24,2026-06-03,18.0
598577,Florian Wirtz,Liverpool FC,2025-26,MF,23,2390,5,4,2026-05-24,2026-06-03,100.0
601883,Matheus Nunes,Manchester City,2025-26,DF,27,2865,1,7,2026-05-24,2026-06-03,50.0
605184,Jean-Clair Todibo,West Ham United,2025-26,DF,26,1819,0,1,2026-05-24,2026-06-03,22.0
605426,Melker Ellborg,Sunderland AFC,2025-26,GK,23,270,0,0,2026-05-24,2026-06-03,3.0
606718,Toti,Wolverhampton Wanderers,2025-26,DF,27,1427,0,0,2026-05-24,2026-06-03,18.0
607223,Rayan Cherki,Manchester City,2025-26,MF,22,1786,4,12,2026-05-24,2026-06-03,90.0
607224,Hannibal,Burnley FC,2025-26,MF,23,1231,1,4,2026-05-24,2026-06-03,15.0
607226,Loum Tchaouna,Burnley FC,2025-26,FW,22,1270,2,1,2026-05-24,2026-06-03,13.0
608832,Merlin Röhl,Everton FC,2025-26,MF,23,678,1,0,2026-05-24,2026-06-03,16.0
609556,William Osula,Newcastle United,2025-26,FW,22,811,7,0,2026-05-24,2026-06-03,28.0
610849,Liam Delap,Chelsea FC,2025-26,FW,23,1101,1,1,2026-05-24,2026-06-03,28.0
611793,James Hill,AFC Bournemouth,2025-26,DF,24,2104,0,3,2026-05-24,2026-06-03,23.0
612517,Bashir Humphreys,Burnley FC,2025-26,DF,23,1578,0,2,2026-05-24,2026-06-03,12.0
614258,Levi Colwill,Chelsea FC,2025-26,DF,23,225,0,0,2026-05-24,2026-06-03,50.0
617755,Jenson Seelt,Sunderland AFC,2025-26,DF,23,134,0,0,2026-05-24,2026-05-27,5.0
620322,Malo Gusto,Chelsea FC,2025-26,DF,23,2268,2,3,2026-05-24,2026-06-03,35.0
623570,Iliman Ndiaye,Everton FC,2025-26,FW,26,2789,6,3,2026-05-24,2026-06-03,55.0
624258,Conor Bradley,Liverpool FC,2025-26,DF,22,933,0,2,2026-05-24,2026-06-03,25.0
626724,João Pedro,Chelsea FC,2025-26,FW,24,2674,15,8,2026-05-24,2026-06-03,80.0
627442,Benjamin Sesko,Manchester United,2025-26,FW,22,1637,11,1,2026-05-24,2026-06-03,75.0
627626,Wilfried Gnonto,Leeds United,2025-26,FW,22,524,0,3,2026-05-24,2026-06-03,16.0
628451,Roméo Lavia,Chelsea FC,2025-26,MF,22,377,0,0,2026-05-24,2026-06-03,22.0
633992,Enzo Le Fée,Sunderland AFC,2025-26,MF,26,2936,5,6,2026-05-24,2026-06-03,28.0
644401,Keane Lewis-Potter,Brentford FC,2025-26,MF,25,1970,3,3,2026-05-24,2026-06-03,25.0
645686,Lamare Bogarde,Aston Villa,2025-26,MF,22,1048,0,0,2026-05-24,2026-06-03,18.0
646750,Cristhian Mosquera,Arsenal FC,2025-26,DF,21,989,0,0,2026-05-24,2026-06-03,40.0
646991,Robin Roefs,Sunderland AFC,2025-26,GK,23,3150,0,0,2026-05-24,2026-06-03,28.0
648195,Enzo Fernández,Chelsea FC,2025-26,MF,25,3121,10,4,2026-05-24,2026-06-03,90.0
654539,Adrien Truffert,AFC Bournemouth,2025-26,DF,24,3380,1,5,2026-05-24,2026-06-03,30.0
655488,Gabriel Martinelli,Arsenal FC,2025-26,FW,24,1073,1,4,2026-05-24,2026-06-03,45.0
658536,Simon Adingra,Sunderland AFC,2025-26,FW,24,658,1,1,2026-05-24,2026-06-01,22.0
659813,Piero Hincapié,Arsenal FC,2025-26,DF,24,1792,1,2,2026-05-24,2026-06-03,50.0
660860,Diego Coppola,Brighton & Hove Albion,2025-26,DF,22,194,0,0,2026-05-24,2026-06-01,18.0
661053,Jarrad Branthwaite,Everton FC,2025-26,DF,23,681,1,1,2026-05-24,2026-06-03,40.0
661207,Oscar Bobb,Fulham FC,2025-26,FW,22,1037,0,1,2026-05-24,2026-06-03,28.0
661427,David Møller Wolfe,Wolverhampton Wanderers,2025-26,DF,24,1048,0,2,2026-05-24,2026-06-03,8.0
667121,Rodrigo Gomes,Wolverhampton Wanderers,2025-26,MF,22,958,3,0,2026-05-24,2026-06-03,15.0
667287,Yasin Ayari,Brighton & Hove Albion,2025-26,MF,22,1925,3,3,2026-05-24,2026-06-03,35.0
670717,Dário Essugo,Chelsea FC,2025-26,MF,21,26,0,0,2026-05-24,2026-06-03,15.0
670858,Lewis Hall,Newcastle United,2025-26,DF,21,2180,1,1,2026-05-24,2026-06-03,40.0
670882,Jamie Gittens,Chelsea FC,2025-26,FW,21,490,0,2,2026-05-24,2026-06-03,30.0
673492,Morato,Nottingham Forest,2025-26,DF,24,1341,1,0,2026-05-24,2026-06-03,14.0
683571,Tolu Arokodare,Wolverhampton Wanderers,2025-26,FW,25,1408,3,1,2026-05-24,2026-06-03,20.0
683620,Antoni Milambo,Brentford FC,2025-26,MF,21,45,0,0,2026-05-24,2026-06-03,15.0
684210,Jaidon Anthony,Burnley FC,2025-26,FW,26,2735,8,4,2026-05-24,2026-06-03,20.0
687626,Moisés Caicedo,Chelsea FC,2025-26,MF,24,2802,3,1,2026-05-24,2026-06-03,100.0
689637,Chadi Riad,Crystal Palace,2025-26,DF,22,554,0,1,2026-05-24,2026-06-03,15.0
696181,Romaine Mundle,Sunderland AFC,2025-26,FW,23,401,0,0,2026-05-24,2026-06-03,7.0
696589,Tim Iroegbunam,Everton FC,2025-26,MF,22,1486,0,3,2026-05-24,2026-06-03,18.0
698164,Freddie Potts,West Ham United,2025-26,MF,22,1167,0,1,2026-05-24,2026-06-03,10.0
698678,Hugo Bueno,Wolverhampton Wanderers,2025-26,DF,23,2366,1,2,2026-05-24,2026-06-03,12.0
700106,Brajan Gruda,Brighton & Hove Albion,2025-26,MF,21,716,1,1,2026-05-24,2026-05-27,28.0
701057,Rico Lewis,Manchester City,2025-26,DF,21,402,0,1,2026-05-24,2026-06-03,28.0
708072,Nicolò Savona,Nottingham Forest,2025-26,DF,23,1026,2,0,2026-05-24,2026-06-03,15.0
709726,Hugo Ekitiké,Liverpool FC,2025-26,FW,23,1811,11,4,2026-05-24,2026-06-03,80.0
711337,Evanilson,AFC Bournemouth,2025-26,FW,26,2762,6,3,2026-05-24,2026-06-03,35.0
711544,Jake O'Brien,Everton FC,2025-26,DF,25,3124,1,1,2026-05-24,2026-06-03,18.0
711999,Lesley Ugochukwu,Burnley FC,2025-26,MF,22,2351,3,2,2026-05-24,2026-06-03,22.0
716276,Yerson Mosquera,Wolverhampton Wanderers,2025-26,DF,25,2143,0,0,2026-05-24,2026-06-03,12.0
717411,Yegor Yarmolyuk,Brentford FC,2025-26,MF,22,2667,1,2,2026-05-24,2026-06-03,32.0
719673,Ben Gannon-Doak,AFC Bournemouth,2025-26,FW,20,105,0,1,2026-05-24,2026-06-03,15.0
725912,Antonín Kinský,Tottenham Hotspur,2025-26,GK,23,630,0,0,2026-05-24,2026-06-03,15.0
727089,Noah Sadiki,Sunderland AFC,2025-26,MF,21,2896,0,1,2026-05-24,2026-06-03,35.0
730861,Milos Kerkez,Liverpool FC,2025-26,DF,22,2261,2,1,2026-05-24,2026-06-03,35.0
730893,Tyrick Mitchell,Crystal Palace,2025-26,DF,26,3255,1,2,2026-05-24,2026-06-03,25.0
735570,João Gomes,Wolverhampton Wanderers,2025-26,MF,25,2835,1,1,2026-05-24,2026-06-03,40.0
735571,Rodrigo Muniz,Fulham FC,2025-26,FW,25,997,1,1,2026-05-24,2026-06-03,20.0
739443,Igor Thiago,Brentford FC,2025-26,FW,24,3287,22,1,2026-05-24,2026-06-03,65.0
741238,Omari Hutchinson,Nottingham Forest,2025-26,MF,22,1684,1,7,2026-05-24,2026-06-03,30.0
741257,Álex Jiménez,AFC Bournemouth,2025-26,DF,21,2327,1,0,2026-05-24,2026-06-03,22.0
743384,Chemsdine Talbi,Sunderland AFC,2025-26,FW,21,1564,4,2,2026-05-24,2026-06-03,25.0
743413,Nico O'Reilly,Manchester City,2025-26,DF,21,2649,5,3,2026-05-24,2026-06-03,70.0
743498,Wilson Odobert,Tottenham Hotspur,2025-26,FW,21,981,0,2,2026-05-24,2026-06-03,18.0
743591,Savinho,Manchester City,2025-26,FW,22,821,1,2,2026-05-24,2026-06-03,35.0
743600,Andrey Santos,Chelsea FC,2025-26,MF,22,1255,1,0,2026-05-24,2026-06-03,40.0
744149,Adam Wharton,Crystal Palace,2025-26,MF,22,2563,1,5,2026-05-24,2026-06-03,70.0
745181,Soungoutou Magassa,West Ham United,2025-26,MF,22,979,1,0,2026-05-24,2026-06-03,17.0
747009,Justin Devenny,Crystal Palace,2025-26,MF,22,789,1,0,2026-05-24,2026-06-03,12.0
748319,Carlos Alcaraz,Everton FC,2025-26,MF,23,685,0,1,2026-05-24,2026-06-03,15.0
763079,Abdukodir Khusanov,Manchester City,2025-26,DF,22,1429,0,0,2026-05-24,2026-06-03,50.0
800176,André,Wolverhampton Wanderers,2025-26,MF,24,2766,1,0,2026-05-24,2026-06-03,25.0
801734,Mathys Tel,Tottenham Hotspur,2025-26,FW,21,1342,4,1,2026-05-24,2026-06-03,22.0
811779,Alejandro Garnacho,Chelsea FC,2025-26,FW,21,1268,1,4,2026-05-24,2026-06-03,28.0
817665,Pablo,West Ham United,2025-26,FW,22,828,0,1,2026-05-24,2026-06-03,18.0
820374,Kobbie Mainoo,Manchester United,2025-26,MF,21,1654,1,2,2026-05-24,2026-06-03,70.0
823231,Dango Ouattara,Brentford FC,2025-26,FW,24,2282,7,8,2026-05-24,2026-06-03,35.0
823486,Michael Kayode,Brentford FC,2025-26,DF,21,3264,1,1,2026-05-24,2026-06-03,40.0
829299,Max Weiß,Burnley FC,2025-26,GK,21,270,0,0,2026-05-24,2026-06-03,4.0
842341,Maxime Estève,Burnley FC,2025-26,DF,23,2938,0,0,2026-05-24,2026-06-03,28.0
843595,Max Alleyne,Manchester City,2025-26,DF,20,135,0,0,2026-05-24,2026-06-03,8.0
848509,Jackson Tchatchoua,Wolverhampton Wanderers,2025-26,DF,24,1837,0,1,2026-05-24,2026-06-03,12.0
855256,Alex Scott,AFC Bournemouth,2025-26,MF,22,2860,3,1,2026-05-24,2026-06-03,50.0
860078,Kaden Rodney,Crystal Palace,2025-26,MF,21,3,0,0,2026-05-24,2026-06-03,0.2
866246,Lucas Bergvall,Tottenham Hotspur,2025-26,MF,20,967,1,3,2026-05-24,2026-06-03,35.0
866655,Tyler Dibling,Everton FC,2025-26,FW,20,350,0,0,2026-05-24,2026-06-03,17.0
867688,Jack Hinshelwood,Brighton & Hove Albion,2025-26,MF,21,1751,4,4,2026-05-24,2026-06-03,28.0
876631,Habib Diarra,Sunderland AFC,2025-26,MF,22,1409,2,3,2026-05-24,2026-06-03,35.0
880245,Mateus Fernandes,West Ham United,2025-26,MF,21,3026,3,4,2026-05-24,2026-06-03,50.0
890719,Ethan Nwaneri,Arsenal FC,2025-26,MF,19,165,0,0,2026-05-24,2026-06-01,35.0
890721,Myles Lewis-Skelly,Arsenal FC,2025-26,DF,19,698,0,0,2026-05-24,2026-06-03,45.0
900195,Kevin,Fulham FC,2025-26,FW,23,1038,1,2,2026-05-24,2026-06-03,25.0
900601,Alex Murphy,Newcastle United,2025-26,DF,21,7,0,0,2026-05-24,2026-06-03,1.5
903611,Nilson Angulo,Sunderland AFC,2025-26,FW,22,406,0,0,2026-05-24,2026-06-03,17.0
904802,Jorrel Hato,Chelsea FC,2025-26,DF,20,1143,0,0,2026-05-24,2026-06-03,40.0
910905,Mamadou Sarr,Chelsea FC,2025-26,DF,20,101,0,0,2026-05-24,2026-06-03,22.0
911424,Tyler Fredricson,Manchester United,2025-26,DF,21,2,0,0,2026-05-24,2026-06-03,3.0
922563,Oliver Scarles,West Ham United,2025-26,DF,20,660,0,1,2026-05-24,2026-06-03,10.0
922693,Archie Gray,Tottenham Hotspur,2025-26,MF,20,1480,2,2,2026-05-24,2026-06-03,35.0
922769,Lewis Miley,Newcastle United,2025-26,MF,20,1494,1,4,2026-05-24,2026-06-03,25.0
923831,Leny Yoro,Manchester United,2025-26,DF,20,1739,0,2,2026-05-24,2026-06-03,50.0
926952,Patrick Dorgu,Manchester United,2025-26,FW,21,1445,4,4,2026-05-24,2026-06-03,35.0
927768,Lucas Pires,Burnley FC,2025-26,DF,25,1406,0,0,2026-05-24,2026-06-03,4.0
933017,Zach Abbott,Nottingham Forest,2025-26,DF,20,166,0,0,2026-05-24,2026-06-03,4.0
933018,Tom Watson,Brighton & Hove Albion,2025-26,FW,20,56,0,0,2026-05-24,2026-05-28,7.0
936874,Tyrique George,Everton FC,2025-26,FW,20,353,0,0,2026-05-24,2026-06-03,20.0
937941,Thierno Barry,Everton FC,2025-26,FW,23,1915,8,0,2026-05-24,2026-06-03,30.0
938158,Marc Guiu,Chelsea FC,2025-26,FW,20,266,0,1,2026-05-24,2026-06-03,12.0
947411,Chris Rigg,Sunderland AFC,2025-26,MF,18,766,1,1,2026-05-24,2026-06-03,25.0
950091,Stefanos Tzimas,Brighton & Hove Albion,2025-26,FW,20,132,1,1,2026-05-24,2026-06-03,18.0
953135,Callum Marshall,West Ham United,2025-26,FW,21,58,0,0,2026-05-24,2026-06-01,2.0
955357,Junior Kroupi,AFC Bournemouth,2025-26,FW,19,1683,13,0,2026-05-24,2026-06-03,70.0
967319,Romain Esse,Crystal Palace,2025-26,FW,21,40,0,0,2026-05-24,2026-05-28,10.0
967346,Eliezer Mayenda,Sunderland AFC,2025-26,FW,21,756,2,0,2026-05-24,2026-06-03,16.0
973085,Carlos Baleba,Brighton & Hove Albion,2025-26,MF,22,1662,0,0,2026-05-24,2026-06-03,55.0
983989,Facundo Buonanotte,Chelsea FC,2025-26,MF,21,81,0,0,2026-05-24,2026-06-03,12.0
984096,Jair Cunha,Nottingham Forest,2025-26,DF,21,516,0,0,2026-05-24,2026-06-03,15.0
989112,Veljko Milosavljevic,AFC Bournemouth,2025-26,DF,18,367,0,0,2026-05-24,2026-06-03,20.0
991800,Luís Guilherme,West Ham United,2025-26,FW,20,121,0,0,2026-05-24,2026-05-28,12.0
996897,Diego Gómez,Brighton & Hove Albion,2025-26,MF,23,2139,5,1,2026-05-24,2026-06-03,25.0
998101,Alex Tóth,AFC Bournemouth,2025-26,MF,20,137,0,0,2026-05-24,2026-06-03,12.0
1004708,Josh Acheampong,Chelsea FC,2025-26,DF,20,663,1,0,2026-05-24,2026-06-03,25.0
1005583,Alysson,Aston Villa,2025-26,FW,20,47,0,0,2026-05-24,2026-06-03,10.0
1005649,Murillo,Nottingham Forest,2025-26,DF,23,2133,1,0,2026-05-24,2026-06-03,50.0
1006411,Jaydee Canvot,Crystal Palace,2025-26,DF,19,1334,0,0,2026-05-24,2026-06-03,28.0
1009658,Julio Soler,AFC Bournemouth,2025-26,DF,21,34,0,0,2026-05-24,2026-06-03,8.0
1011131,Josh King,Fulham FC,2025-26,MF,19,1304,1,2,2026-05-24,2026-06-03,25.0
1011936,Kaye Furo,Brentford FC,2025-26,FW,19,1,0,0,2026-05-24,2026-06-03,8.0
1012534,Yankuba Minteh,Brighton & Hove Albion,2025-26,FW,21,2401,3,4,2026-05-24,2026-06-03,45.0
1012564,Rayan,AFC Bournemouth,2025-26,FW,19,1120,5,2,2026-05-24,2026-06-03,60.0
1045123,Trey Nyoni,Liverpool FC,2025-26,MF,18,21,0,0,2026-05-24,2026-06-03,8.0
1047257,Rio Cardines,Crystal Palace,2025-26,DF,19,90,0,0,2026-05-24,2026-06-03,0.3
1056993,Estêvão,Chelsea FC,2025-26,FW,19,846,2,2,2026-05-24,2026-06-03,80.0
1060087,Charalampos Kostoulas,Brighton & Hove Albion,2025-26,FW,18,353,2,1,2026-05-24,2026-06-03,25.0
1063329,Andrés García,Aston Villa,2025-26,DF,23,83,0,0,2026-05-24,2026-06-03,6.0
1064471,Fer López,Wolverhampton Wanderers,2025-26,MF,22,230,0,1,2026-05-24,2026-06-05,16.0
1069512,Jonah Kusi-Asare,Fulham FC,2025-26,FW,18,49,0,0,2026-05-24,2026-06-03,3.0
1078163,Ayden Heaven,Manchester United,2025-26,DF,19,923,0,1,2026-05-24,2026-06-03,30.0
1081995,Mohamadou Kanté,West Ham United,2025-26,MF,20,66,0,0,2026-05-24,2026-06-03,1.0
1086258,Souza,Tottenham Hotspur,2025-26,DF,19,144,0,0,2026-05-24,2026-06-03,12.0
1091562,Romelle Donovan,Brentford FC,2025-26,FW,19,38,0,1,2026-05-24,2026-06-03,3.5
1107726,Ezra Mayers,West Ham United,2025-26,DF,19,113,0,0,2026-05-24,2026-06-03,2.0
1107733,Harrison Armstrong,Everton FC,2025-26,MF,19,528,0,0,2026-05-24,2026-06-03,12.0
1108466,Rio Ngumoha,Liverpool FC,2025-26,FW,17,551,2,1,2026-05-24,2026-06-03,30.0
1111589,El Hadji Malick Diouf,West Ham United,2025-26,DF,21,2711,0,5,2026-05-24,2026-06-03,28.0
1124005,Christantus Uche,Crystal Palace,2025-26,FW,23,159,0,1,2026-05-24,2026-06-03,12.0
1187629,Max Dowman,Arsenal FC,2025-26,FW,16,153,1,1,2026-05-24,2026-06-03,30.0
1193867,Pedro Lima,Wolverhampton Wanderers,2025-26,DF,19,259,0,0,2026-05-24,2026-06-03,4.0
1230661,Mateus Mané,Wolverhampton Wanderers,2025-26,MF,18,1790,3,2,2026-05-24,2026-06-03,20.0
1322090,Jocelin Ta Bi,Sunderland AFC,2025-26,FW,21,39,0,0,2026-05-24,2026-06-03,2.5
