player_id,player,team,season,position,age,minutes,goals,assists,feature_cutoff,valuation_date,market_value_eur_m
3455,Zlatan Ibrahimović,AC Milan,2021-22,FW,40,1007,8,3,2022-05-22,2022-06-07,3.0
7093,Francesco Magnanelli,US Sassuolo,2021-22,MF,37,266,0,0,2022-05-22,2022-06-07,0.4
7825,Pepe Reina,Società Sportiva Lazio S.p.A.,2021-22,GK,39,1350,0,1,2022-05-22,2022-06-07,0.7
8198,Cristiano Ronaldo,Juventus FC,2021-22,FW,37,30,0,0,2022-05-22,2022-06-15,30.0
12359,Niki Mäenpää,Venezia FC,2021-22,GK,37,1485,0,1,2022-05-22,2022-06-07,0.2
12907,Alessio Cragno,Cagliari Calcio,2021-22,GK,27,3150,0,0,2022-05-22,2022-06-07,10.0
21763,Federico Peluso,US Sassuolo,2021-22,DF,38,9,0,0,2022-05-22,2022-06-07,0.3
21872,Gianluca Pegolo,US Sassuolo,2021-22,GK,41,90,0,0,2022-05-22,2022-06-07,0.1
21972,Cristian Molinaro,Venezia FC,2021-22,DF,38,549,0,1,2022-05-22,2022-06-07,0.25
22068,Franck Ribéry,US Salernitana 1919,2021-22,FW,39,1425,0,3,2022-05-22,2022-06-07,1.0
22328,Fabio Quagliarella,UC Sampdoria,2021-22,FW,39,1660,4,3,2022-05-22,2022-06-07,1.0
25488,Antonio Candreva,UC Sampdoria,2021-22,MF,35,3132,7,12,2022-05-22,2022-06-07,2.5
25508,Salvatore Sirigu,Genoa CFC,2021-22,GK,35,3330,0,0,2022-05-22,2022-06-07,1.5
27807,Daniele Padelli,Udinese Calcio,2021-22,GK,36,270,0,0,2022-05-22,2022-06-07,0.4
28021,Samir Handanovic,Inter Milan,2021-22,GK,37,3330,0,0,2022-05-22,2022-06-07,2.0
28396,Edin Dzeko,Inter Milan,2021-22,FW,36,2476,13,7,2022-05-22,2022-06-07,4.0
29260,Giorgio Chiellini,Juventus FC,2021-22,DF,37,1352,0,0,2022-05-22,2022-06-07,1.5
30690,Sergio Romero,Venezia FC,2021-22,GK,35,1440,0,0,2022-05-22,2022-06-07,0.7
32113,Armando Izzo,Torino FC,2021-22,DF,30,526,0,0,2022-05-22,2022-06-07,2.8
33571,Lorenzo De Silvestri,Bologna Football Club 1909,2021-22,DF,33,2297,3,2,2022-05-22,2022-06-07,1.5
33706,Nani,Venezia FC,2021-22,FW,35,283,0,1,2022-05-22,2022-06-07,0.7
34198,Andrea Masiello,Genoa CFC,2021-22,DF,36,516,0,0,2022-05-22,2022-06-07,0.4
35249,Stefano Okaka,Udinese Calcio,2021-22,FW,32,20,0,1,2022-05-22,2022-06-01,2.9
35865,Andrea Consigli,US Sassuolo,2021-22,GK,35,3323,0,0,2022-05-22,2022-06-07,1.5
37666,Arturo Vidal,Inter Milan,2021-22,MF,35,717,1,1,2022-05-22,2022-06-07,2.0
37834,Felipe Caicedo,Genoa CFC,2021-22,FW,33,298,1,3,2022-05-22,2022-06-07,1.5
38607,Federico Di Francesco,FC Empoli,2021-22,FW,27,1374,5,2,2022-05-22,2022-06-07,2.0
39983,Leonardo Bonucci,Juventus FC,2021-22,DF,35,2004,5,0,2022-05-22,2022-06-07,6.0
40433,Alexis Sánchez,Inter Milan,2021-22,FW,33,866,5,3,2022-05-22,2022-06-07,3.5
40633,Milan Badelj,Genoa CFC,2021-22,MF,33,2853,1,1,2022-05-22,2022-06-07,1.0
41384,Marko Arnautovic,Bologna Football Club 1909,2021-22,FW,33,2705,14,1,2022-05-22,2022-06-07,6.0
41414,Lucas Leiva,Società Sportiva Lazio S.p.A.,2021-22,MF,35,1696,0,1,2022-05-22,2022-06-07,1.0
42460,Ivan Perišić,Inter Milan,2021-22,FW,33,2839,8,7,2022-05-22,2022-06-07,10.0
42796,Nicola Ravaglia,UC Sampdoria,2021-22,GK,33,4,0,0,2022-05-22,2022-06-07,0.2
43848,Miguel Veloso,Hellas Verona,2021-22,MF,36,1346,0,3,2022-05-22,2022-06-07,0.9
44058,Wojciech Szczesny,Juventus FC,2021-22,GK,32,2970,0,0,2022-05-22,2022-06-07,15.0
44136,Domenico Criscito,Genoa CFC,2021-22,DF,35,1620,6,1,2022-05-22,2022-06-07,0.6
44327,Andrea Ranocchia,Inter Milan,2021-22,DF,34,338,0,0,2022-05-22,2022-06-07,0.8
44420,Stefan Radu,Società Sportiva Lazio S.p.A.,2021-22,DF,35,555,0,0,2022-05-22,2022-06-07,0.6
45026,Rui Patrício,Associazione Sportiva Roma,2021-22,GK,34,3420,0,0,2022-05-22,2022-06-07,6.0
45314,Federico Fazio,US Salernitana 1919,2021-22,DF,35,1435,1,0,2022-05-22,2022-06-07,0.6
45581,Joel Obi,US Salernitana 1919,2021-22,MF,31,1148,0,1,2022-05-22,2022-06-07,0.5
46105,Ivan Radovanovic,US Salernitana 1919,2021-22,MF,33,1067,1,1,2022-05-22,2022-06-07,0.6
46156,Aleksandar Kolarov,Inter Milan,2021-22,DF,36,39,0,0,2022-05-22,2022-06-07,0.5
47513,Mato Jajalo,Udinese Calcio,2021-22,MF,33,620,0,1,2022-05-22,2022-06-07,0.4
48859,Simon Kjær,AC Milan,2021-22,DF,33,804,0,0,2022-05-22,2022-06-07,6.0
49275,Albin Ekdal,UC Sampdoria,2021-22,MF,32,1640,1,0,2022-05-22,2022-06-07,1.0
50057,Aaron Ramsey,Juventus FC,2021-22,MF,31,98,0,0,2022-05-22,2022-06-07,3.0
50617,Stefan Strandberg,US Salernitana 1919,2021-22,DF,31,934,0,0,2022-05-22,2022-06-07,0.5
52312,Sebastian Giovinco,UC Sampdoria,2021-22,FW,35,37,0,0,2022-05-22,2022-06-07,0.5
53536,Tolgay Arslan,Udinese Calcio,2021-22,MF,31,1669,1,2,2022-05-22,2022-06-07,2.3
54581,Ilija Nestorovski,Udinese Calcio,2021-22,FW,32,184,1,1,2022-05-22,2022-06-07,0.7
54906,Matteo Darmian,Inter Milan,2021-22,DF,32,1507,2,1,2022-05-22,2022-06-07,5.0
54935,Martín Cáceres,Cagliari Calcio,2021-22,DF,35,833,1,1,2022-05-22,2022-06-03,0.9
54984,Diego Perotti,US Salernitana 1919,2021-22,FW,33,279,0,0,2022-05-22,2022-06-07,0.5
55000,Vincenzo Fiorillo,US Salernitana 1919,2021-22,GK,32,90,0,0,2022-05-22,2022-06-07,0.3
55282,Ciprian Tatarusanu,AC Milan,2021-22,GK,36,540,0,0,2022-05-22,2022-06-07,0.6
55735,Henrikh Mkhitaryan,Associazione Sportiva Roma,2021-22,MF,33,2502,5,6,2022-05-22,2022-06-07,8.0
55769,Danilo D'Ambrosio,Inter Milan,2021-22,DF,33,993,1,1,2022-05-22,2022-06-07,3.0
55854,Cristian Ansaldi,Torino FC,2021-22,DF,35,680,0,3,2022-05-22,2022-06-07,0.7
56416,Dries Mertens,SSC Napoli,2021-22,FW,35,1384,11,2,2022-05-22,2022-06-07,4.0
57280,Giacomo Bonaventura,ACF Fiorentina,2021-22,MF,32,2280,4,8,2022-05-22,2022-06-07,3.0
60889,Gary Medel,Bologna Football Club 1909,2021-22,MF,34,2830,0,1,2022-05-22,2022-06-07,1.0
61253,José Callejón,ACF Fiorentina,2021-22,FW,35,1300,1,2,2022-05-22,2022-06-07,1.0
63186,Roberto Soriano,Bologna Football Club 1909,2021-22,MF,31,2637,0,4,2022-05-22,2022-06-07,5.0
64793,Leonardo Pavoletti,Cagliari Calcio,2021-22,FW,33,1508,5,2,2022-05-22,2022-06-07,1.6
65278,Pedro,Società Sportiva Lazio S.p.A.,2021-22,FW,34,2041,9,4,2022-05-22,2022-06-07,3.0
67556,Milan Djuric,US Salernitana 1919,2021-22,FW,32,2172,5,5,2022-05-22,2022-06-07,1.5
68864,Kevin Strootman,Cagliari Calcio,2021-22,MF,32,644,0,0,2022-05-22,2022-06-07,1.5
69646,Jens Stryger,Udinese Calcio,2021-22,DF,31,687,0,1,2022-05-22,2022-06-07,2.0
70411,Darko Lazović,Hellas Verona,2021-22,MF,31,2779,1,7,2022-05-22,2022-06-07,4.0
72441,Rafael Tolói,Atalanta BC,2021-22,DF,31,1441,1,1,2022-05-22,2022-06-07,8.0
73090,Vid Belec,US Salernitana 1919,2021-22,GK,31,1936,0,0,2022-05-22,2022-06-07,0.5
73396,David Ospina,SSC Napoli,2021-22,GK,33,2790,0,0,2022-05-22,2022-06-07,5.0
73794,Duván Zapata,Atalanta BC,2021-22,FW,31,1732,10,5,2022-05-22,2022-06-07,28.0
73926,Davide Faraoni,Hellas Verona,2021-22,DF,30,2578,4,6,2022-05-22,2022-06-07,5.0
75411,Carlo Pinsoglio,Juventus FC,2021-22,GK,32,45,0,0,2022-05-22,2022-06-07,0.4
75942,Tomás Rincón,UC Sampdoria,2021-22,MF,34,1331,0,0,2022-05-22,2022-06-07,1.0
77825,Etrit Berisha,Torino FC,2021-22,GK,33,900,0,0,2022-05-22,2022-06-07,0.8
79045,Jeroen Zoet,Spezia Calcio,2021-22,GK,31,630,0,0,2022-05-22,2022-06-07,0.85
79960,Alex Sandro,Juventus FC,2021-22,DF,31,1774,0,2,2022-05-22,2022-06-07,6.0
80351,Josip Ilicic,Atalanta BC,2021-22,MF,34,837,3,4,2022-05-22,2022-06-07,1.0
80894,Lukasz Skorupski,Bologna Football Club 1909,2021-22,GK,31,3240,0,0,2022-05-22,2022-06-07,4.0
81789,Maya Yoshida,UC Sampdoria,2021-22,DF,33,1823,2,3,2022-05-22,2022-06-07,1.5
82048,Nicola Sansone,Bologna Football Club 1909,2021-22,FW,30,881,2,5,2022-05-22,2022-06-07,2.0
82070,Diego Demme,SSC Napoli,2021-22,MF,30,686,1,0,2022-05-22,2022-06-07,8.0
82442,Olivier Giroud,AC Milan,2021-22,FW,35,1901,11,4,2022-05-22,2022-06-07,3.5
84442,Leonardo Capezzi,US Salernitana 1919,2021-22,MF,27,174,0,0,2022-05-22,2022-06-07,0.6
84765,Francesco Caputo,UC Sampdoria,2021-22,FW,34,2957,11,7,2022-05-22,2022-06-07,2.5
84766,Francesco Di Tacchio,US Salernitana 1919,2021-22,MF,32,1255,0,0,2022-05-22,2022-06-07,0.4
85393,Nicolas Viola,Bologna Football Club 1909,2021-22,MF,32,99,0,0,2022-05-22,2022-06-07,0.6
85528,Marco Silvestri,Udinese Calcio,2021-22,GK,31,3150,0,0,2022-05-22,2022-06-07,5.0
86784,Ricardo Rodríguez,Torino FC,2021-22,DF,29,2472,0,1,2022-05-22,2022-06-07,3.4
87884,Mário Rui,SSC Napoli,2021-22,DF,30,3002,0,6,2022-05-22,2022-06-07,8.0
88682,Mattia De Sciglio,Juventus FC,2021-22,DF,29,1166,1,2,2022-05-22,2022-06-07,6.0
88683,Mattia Destro,Genoa CFC,2021-22,FW,31,1753,9,1,2022-05-22,2022-06-07,3.0
88706,Simone Romagnoli,FC Empoli,2021-22,DF,32,1497,2,0,2022-05-22,2022-06-07,1.0
88909,Riccardo Saponara,ACF Fiorentina,2021-22,MF,30,1285,3,3,2022-05-22,2022-06-07,2.5
89086,Aleksandr Kokorin,ACF Fiorentina,2021-22,FW,31,49,0,0,2022-05-22,2022-06-07,0.8
91970,Juan Cuadrado,Juventus FC,2021-22,MF,33,2494,4,5,2022-05-22,2022-06-07,8.0
92899,Marvin Zeegelaar,Udinese Calcio,2021-22,DF,31,638,0,0,2022-05-22,2022-06-07,0.8
93128,Kalidou Koulibaly,SSC Napoli,2021-22,DF,30,2407,3,3,2022-05-22,2022-06-07,35.0
94307,Filip Djuricic,US Sassuolo,2021-22,MF,30,677,2,1,2022-05-22,2022-06-07,4.0
94529,Stephan El Shaarawy,Associazione Sportiva Roma,2021-22,FW,29,1048,3,0,2022-05-22,2022-06-07,6.0
96254,Pietro Terracciano,ACF Fiorentina,2021-22,GK,32,2860,0,0,2022-05-22,2022-06-07,1.5
96806,Jacopo Sala,Spezia Calcio,2021-22,MF,30,890,1,0,2022-05-22,2022-06-07,0.5
96828,Simone Zaza,Torino FC,2021-22,FW,30,115,0,0,2022-05-22,2022-06-07,1.0
99180,Federico Santander,Bologna Football Club 1909,2021-22,FW,30,61,1,0,2022-05-22,2022-06-07,0.6
99254,Luigi Sepe,US Salernitana 1919,2021-22,GK,31,1394,0,0,2022-05-22,2022-06-07,1.4
102745,Luca Ceppitelli,Cagliari Calcio,2021-22,DF,32,1446,1,0,2022-05-22,2022-06-07,0.8
102984,Antonio Junior Vacca,Venezia FC,2021-22,MF,32,1073,0,1,2022-05-22,2022-06-07,0.7
103427,Chris Smalling,Associazione Sportiva Roma,2021-22,DF,32,2089,3,0,2022-05-22,2022-06-07,8.0
104597,Bram Nuytinck,Udinese Calcio,2021-22,DF,32,2034,1,1,2022-05-22,2022-06-07,3.5
104752,Konstantinos Manolas,SSC Napoli,2021-22,DF,30,312,0,0,2022-05-22,2022-06-09,4.5
105521,Ciro Immobile,Società Sportiva Lazio S.p.A.,2021-22,FW,32,2716,27,3,2022-05-22,2022-06-07,27.0
110923,Mattia Perin,Juventus FC,2021-22,GK,29,405,0,0,2022-05-22,2022-06-07,4.0
110925,Francesco Bardi,Bologna Football Club 1909,2021-22,GK,30,178,0,0,2022-05-22,2022-06-07,0.6
111196,Stefan de Vrij,Inter Milan,2021-22,DF,30,2412,0,0,2022-05-22,2022-06-07,28.0
111227,Andrea Conti,UC Sampdoria,2021-22,DF,28,240,1,0,2022-05-22,2022-06-07,2.5
111347,Lorenzo Tonelli,FC Empoli,2021-22,DF,32,868,0,0,2022-05-22,2022-06-07,1.0
111433,Frédéric Veseli,US Salernitana 1919,2021-22,DF,29,597,0,0,2022-05-22,2022-06-07,0.4
112302,Roberto Pereyra,Udinese Calcio,2021-22,MF,31,1801,3,5,2022-05-22,2022-06-07,6.5
112343,Manolo Gabbiadini,UC Sampdoria,2021-22,FW,30,1147,6,3,2022-05-22,2022-06-07,4.0
112465,Sérgio Oliveira,Associazione Sportiva Roma,2021-22,MF,29,899,2,1,2022-05-22,2022-06-07,12.0
115763,Koray Günter,Hellas Verona,2021-22,DF,27,2413,0,0,2022-05-22,2022-06-07,5.0
118689,Leonardo Spinazzola,Associazione Sportiva Roma,2021-22,DF,29,129,0,0,2022-05-22,2022-06-07,20.0
119031,Kaan Ayhan,US Sassuolo,2021-22,MF,27,1348,1,0,2022-05-22,2022-06-07,5.0
119115,Diego Falcinelli,Bologna Football Club 1909,2021-22,FW,30,61,0,0,2022-05-22,2022-06-07,0.8
119228,Luis Muriel,Atalanta BC,2021-22,FW,31,1544,9,9,2022-05-22,2022-06-07,20.0
121985,Juan Jesus,SSC Napoli,2021-22,DF,30,1274,1,0,2022-05-22,2022-06-07,4.0
123261,Vlad Chiricheș,US Sassuolo,2021-22,MF,32,2302,0,0,2022-05-22,2022-06-07,1.8
124555,Cristiano Biraghi,ACF Fiorentina,2021-22,DF,29,3165,4,1,2022-05-22,2022-06-07,10.0
124715,Nikola Maksimović,Genoa CFC,2021-22,DF,30,1116,0,0,2022-05-22,2022-06-07,2.5
125020,José Luis Palomino,Atalanta BC,2021-22,DF,32,2672,1,0,2022-05-22,2022-06-07,7.5
126414,Hakan Çalhanoğlu,Inter Milan,2021-22,MF,28,2505,7,13,2022-05-22,2022-06-07,35.0
126634,Francesco Rossi,Atalanta BC,2021-22,GK,31,36,0,0,2022-05-22,2022-06-07,0.1
126656,Faouzi Ghoulam,SSC Napoli,2021-22,DF,31,323,0,0,2022-05-22,2022-06-07,1.4
126673,Adama Soumaoro,Bologna Football Club 1909,2021-22,DF,29,2267,0,0,2022-05-22,2022-06-07,4.0
126711,Kévin Malcuit,SSC Napoli,2021-22,DF,30,286,0,1,2022-05-22,2022-06-07,1.0
126729,Patric,Società Sportiva Lazio S.p.A.,2021-22,DF,29,1651,1,2,2022-05-22,2022-06-07,5.5
127217,Alessandro Berardi,Hellas Verona,2021-22,GK,31,90,0,0,2022-05-22,2022-06-07,0.05
128220,Luis Alberto,Società Sportiva Lazio S.p.A.,2021-22,MF,29,2362,5,11,2022-05-22,2022-06-07,28.0
128223,Álvaro Morata,Juventus FC,2021-22,FW,29,2312,9,7,2022-05-22,2022-06-07,25.0
129129,João Pedro,Cagliari Calcio,2021-22,FW,30,3325,13,4,2022-05-22,2022-06-07,12.0
129476,Gerard Deulofeu,Udinese Calcio,2021-22,FW,28,2629,13,5,2022-05-22,2022-06-07,15.0
129588,Dennis Praet,Torino FC,2021-22,MF,28,1535,2,2,2022-05-22,2022-06-07,13.0
129674,Jeremy Toljan,US Sassuolo,2021-22,DF,27,1399,0,0,2022-05-22,2022-06-07,5.0
130360,Simone Verdi,US Salernitana 1919,2021-22,MF,29,878,6,0,2022-05-22,2022-06-07,5.0
130365,Alessandro Florenzi,AC Milan,2021-22,DF,31,1151,2,0,2022-05-22,2022-06-07,5.5
131075,Francesco Acerbi,Società Sportiva Lazio S.p.A.,2021-22,DF,34,2537,4,1,2022-05-22,2022-06-07,4.0
131731,Mehdi Bourabia,Spezia Calcio,2021-22,MF,30,277,1,0,2022-05-22,2022-06-07,0.9
131951,Kevin Lasagna,Hellas Verona,2021-22,FW,29,1173,2,4,2022-05-22,2022-06-07,3.5
133179,Marten de Roon,Atalanta BC,2021-22,MF,31,2548,3,0,2022-05-22,2022-06-07,17.0
133964,Lorenzo Insigne,SSC Napoli,2021-22,FW,30,2309,11,9,2022-05-22,2022-06-07,25.0
134883,Daniele Baselli,Cagliari Calcio,2021-22,MF,30,439,0,1,2022-05-22,2022-06-07,1.4
134983,Andrea La Mantia,FC Empoli,2021-22,FW,31,478,2,1,2022-05-22,2022-06-07,1.3
135747,Luca Lezzerini,Venezia FC,2021-22,GK,27,495,0,0,2022-05-22,2022-06-07,0.5
136133,Andrea Schiavone,US Salernitana 1919,2021-22,MF,29,565,1,0,2022-05-22,2022-06-07,0.4
136514,Charalampos Lykogiannis,Cagliari Calcio,2021-22,DF,28,1821,1,0,2022-05-22,2022-06-07,2.2
140757,Daniel Bessa,Hellas Verona,2021-22,MF,29,758,1,1,2022-05-22,2022-06-07,2.5
143559,Matija Nastasić,ACF Fiorentina,2021-22,DF,29,217,0,0,2022-05-22,2022-06-07,1.5
143812,Matías Vecino,Inter Milan,2021-22,MF,30,364,1,0,2022-05-22,2022-06-07,3.5
144143,Bartosz Bereszyński,UC Sampdoria,2021-22,DF,29,2956,0,3,2022-05-22,2022-06-07,4.0
145707,Danilo,Juventus FC,2021-22,DF,30,1895,1,2,2022-05-22,2022-06-07,13.0
146752,Gianluca Caprari,Hellas Verona,2021-22,FW,28,2754,12,7,2022-05-22,2022-06-07,10.0
148252,Remo Freuler,Atalanta BC,2021-22,MF,30,2377,1,3,2022-05-22,2022-06-07,20.0
156617,Marcelo Brozović,Inter Milan,2021-22,MF,29,2949,2,1,2022-05-22,2022-06-07,40.0
157507,Adrien Tamèze,Hellas Verona,2021-22,MF,28,2573,4,2,2022-05-22,2022-06-07,10.0
159372,Felipe Anderson,Società Sportiva Lazio S.p.A.,2021-22,FW,29,2902,6,8,2022-05-22,2022-06-07,13.0
162959,Daniele Rugani,Juventus FC,2021-22,DF,27,879,0,0,2022-05-22,2022-06-07,3.5
162961,Valerio Verre,UC Sampdoria,2021-22,MF,28,730,0,1,2022-05-22,2022-06-07,2.5
163222,Grégoire Defrel,US Sassuolo,2021-22,FW,30,1345,2,2,2022-05-22,2022-06-07,3.0
163639,Federico Ceccherini,Hellas Verona,2021-22,DF,30,2367,1,0,2022-05-22,2022-06-07,4.0
164771,Jordan Veretout,Associazione Sportiva Roma,2021-22,MF,29,2327,4,8,2022-05-22,2022-06-07,17.0
165513,Berat Djimsiti,Atalanta BC,2021-22,DF,29,2257,1,1,2022-05-22,2022-06-07,17.0
165895,Matteo Politano,SSC Napoli,2021-22,FW,28,1655,3,4,2022-05-22,2022-06-07,20.0
167727,Andrea Belotti,Torino FC,2021-22,FW,28,1376,8,1,2022-05-22,2022-06-07,20.0
167859,Stefano Sturaro,Genoa CFC,2021-22,MF,29,1777,0,0,2022-05-22,2022-06-07,3.0
169880,Giovanni Di Lorenzo,SSC Napoli,2021-22,DF,28,2873,1,5,2022-05-22,2022-06-07,25.0
170481,Jean-Daniel Akpa Akpro,Società Sportiva Lazio S.p.A.,2021-22,MF,29,312,0,0,2022-05-22,2022-06-07,2.0
171159,Leo Stulac,FC Empoli,2021-22,MF,27,823,2,2,2022-05-22,2022-06-07,2.2
171399,Nicola Murru,UC Sampdoria,2021-22,DF,27,984,1,0,2022-05-22,2022-06-07,2.0
173859,Davide Zappacosta,Atalanta BC,2021-22,MF,29,2355,1,6,2022-05-22,2022-06-07,9.0
174733,Omar Colley,UC Sampdoria,2021-22,DF,29,2749,0,0,2022-05-22,2022-06-07,4.5
176139,Mattia Bani,Genoa CFC,2021-22,DF,28,1212,0,0,2022-05-22,2022-06-07,1.8
177843,Domenico Berardi,US Sassuolo,2021-22,FW,27,2836,15,17,2022-05-22,2022-06-07,35.0
181136,Piotr Zielinski,SSC Napoli,2021-22,MF,28,2099,6,5,2022-05-22,2022-06-07,40.0
181382,Abdoulaye Touré,Genoa CFC,2021-22,MF,28,433,0,0,2022-05-22,2022-06-01,2.5
181768,Hernani,Genoa CFC,2021-22,MF,28,680,0,0,2022-05-22,2022-06-07,3.0
182618,Tiemoué Bakayoko,AC Milan,2021-22,MF,27,494,0,0,2022-05-22,2022-06-07,10.0
182906,Mike Maignan,AC Milan,2021-22,GK,26,2880,0,1,2022-05-22,2022-06-07,35.0
182913,Adrien Rabiot,Juventus FC,2021-22,MF,27,2292,0,2,2022-05-22,2022-06-07,17.0
183031,Koffi Djidji,Torino FC,2021-22,DF,29,1737,0,0,2022-05-22,2022-06-07,3.0
183841,Petar Stojanović,FC Empoli,2021-22,MF,26,2741,1,1,2022-05-22,2022-06-07,3.0
184894,Alfred Duncan,ACF Fiorentina,2021-22,MF,29,1934,2,2,2022-05-22,2022-06-07,8.5
187245,Mitchell Dijks,Bologna Football Club 1909,2021-22,DF,29,688,0,2,2022-05-22,2022-06-07,2.0
187587,Ante Rebić,AC Milan,2021-22,FW,28,876,2,2,2022-05-22,2022-06-07,17.0
192638,Nicolas Haas,FC Empoli,2021-22,MF,26,1004,0,2,2022-05-22,2022-06-07,3.0
192735,Stanislav Lobotka,SSC Napoli,2021-22,MF,27,1688,1,0,2022-05-22,2022-06-07,20.0
193867,Liam Henderson,FC Empoli,2021-22,MF,26,2018,2,4,2022-05-22,2022-06-07,2.8
195171,Samu Castillejo,AC Milan,2021-22,FW,27,124,0,2,2022-05-22,2022-06-07,4.0
197300,Federico Bernardeschi,Juventus FC,2021-22,FW,28,1478,1,3,2022-05-22,2022-06-07,10.0
197470,Mattia Caldara,Venezia FC,2021-22,DF,28,2703,1,1,2022-05-22,2022-06-07,3.5
197471,Roberto Gagliardini,Inter Milan,2021-22,MF,28,641,2,2,2022-05-22,2022-06-07,8.0
197473,Alberto Grassi,Cagliari Calcio,2021-22,MF,27,2183,0,2,2022-05-22,2022-06-07,2.5
197491,Alex Ferrari,UC Sampdoria,2021-22,DF,27,1651,1,0,2022-05-22,2022-06-07,1.8
197745,Riccardo Fiamozzi,FC Empoli,2021-22,DF,29,620,0,1,2022-05-22,2022-06-07,0.5
197747,Alessio Romagnoli,AC Milan,2021-22,DF,27,1407,1,0,2022-05-22,2022-06-07,17.0
197929,Ivan Provedel,Spezia Calcio,2021-22,GK,28,2762,0,0,2022-05-22,2022-06-07,3.5
198116,Federico Dimarco,Inter Milan,2021-22,DF,24,1422,2,4,2022-05-22,2022-06-07,18.0
198873,Marco Modolo,Venezia FC,2021-22,DF,33,390,0,0,2022-05-22,2022-06-07,0.4
199248,Bryan Cristante,Associazione Sportiva Roma,2021-22,MF,27,2674,2,0,2022-05-22,2022-06-07,20.0
199258,Andrea Petagna,SSC Napoli,2021-22,FW,26,574,3,1,2022-05-22,2022-06-07,12.0
199733,Danilo Cataldi,Società Sportiva Lazio S.p.A.,2021-22,MF,27,1712,1,2,2022-05-22,2022-06-07,5.0
199927,Davide Biraschi,Genoa CFC,2021-22,DF,27,934,0,0,2022-05-22,2022-06-01,2.0
199953,Caleb Ekuban,Genoa CFC,2021-22,FW,28,1716,1,2,2022-05-22,2022-06-07,1.8
199976,Marco Sportiello,Atalanta BC,2021-22,GK,30,450,0,0,2022-05-22,2022-06-07,1.5
200056,Elseid Hysaj,Società Sportiva Lazio S.p.A.,2021-22,DF,28,2031,1,0,2022-05-22,2022-06-07,5.0
200188,Mattia Aramu,Venezia FC,2021-22,MF,27,2110,7,5,2022-05-22,2022-06-07,4.0
201040,Marco Benassi,FC Empoli,2021-22,MF,27,531,0,0,2022-05-22,2022-06-07,2.4
203842,Viktor Kovalenko,Spezia Calcio,2021-22,MF,26,1324,1,4,2022-05-22,2022-06-07,3.0
204069,Milan Škriniar,Inter Milan,2021-22,DF,27,3150,3,0,2022-05-22,2022-06-07,65.0
204987,Dor Peretz,Venezia FC,2021-22,MF,27,576,0,1,2022-05-22,2022-06-07,1.4
205006,Rick Karsdorp,Associazione Sportiva Roma,2021-22,DF,27,2891,0,2,2022-05-22,2022-06-07,13.0
205054,Norbert Gyömbér,US Salernitana 1919,2021-22,DF,29,2568,0,0,2022-05-22,2022-06-07,1.0
205938,Mario Pašalić,Atalanta BC,2021-22,MF,27,2008,13,7,2022-05-22,2022-06-07,28.0
205940,Marko Pjaca,Torino FC,2021-22,FW,27,1148,3,0,2022-05-22,2022-06-07,3.5
206050,Paulo Dybala,Juventus FC,2021-22,FW,28,2072,10,5,2022-05-22,2022-06-07,35.0
207715,Ibrahima Mbaye,Bologna Football Club 1909,2021-22,DF,27,104,0,0,2022-05-22,2022-06-07,0.7
207877,Ruslan Malinovskyi,Atalanta BC,2021-22,MF,29,1597,6,5,2022-05-22,2022-06-07,28.0
208166,Bartłomiej Drągowski,ACF Fiorentina,2021-22,GK,24,557,0,0,2022-05-22,2022-06-07,6.0
210178,Pablo Marí,Udinese Calcio,2021-22,DF,28,1342,2,0,2022-05-22,2022-06-07,5.0
215616,Erick Pulgar,ACF Fiorentina,2021-22,MF,28,341,0,1,2022-05-22,2022-06-01,6.5
216179,Stefano Sensi,UC Sampdoria,2021-22,MF,26,917,1,0,2022-05-22,2022-06-07,7.0
216569,Jérémie Boga,Atalanta BC,2021-22,FW,25,1436,0,3,2022-05-22,2022-06-07,19.0
216599,Domen Crnigoj,Venezia FC,2021-22,MF,26,1887,3,1,2022-05-22,2022-06-07,1.5
222209,Thomas Strakosha,Società Sportiva Lazio S.p.A.,2021-22,GK,27,2070,0,0,2022-05-22,2022-06-07,7.0
225055,Jean-Pierre Nsame,Venezia FC,2021-22,FW,29,235,0,1,2022-05-22,2022-06-07,4.0
225873,Karol Linetty,Torino FC,2021-22,MF,27,899,0,2,2022-05-22,2022-06-07,3.5
226524,Morten Thorsby,UC Sampdoria,2021-22,MF,26,2954,3,1,2022-05-22,2022-06-07,7.0
227081,Joaquín Correa,Inter Milan,2021-22,FW,27,1023,6,1,2022-05-22,2022-06-07,23.0
228444,Ridgeciano Haps,Venezia FC,2021-22,DF,28,2060,1,1,2022-05-22,2022-06-07,1.8
232454,Nadiem Amiri,Genoa CFC,2021-22,MF,25,684,0,2,2022-05-22,2022-06-07,8.0
234523,Antonio Sanabria,Torino FC,2021-22,FW,26,1812,6,5,2022-05-22,2022-06-07,7.5
235931,Alessandro Deiola,Cagliari Calcio,2021-22,MF,26,2144,4,1,2022-05-22,2022-06-07,2.0
236490,Ola Aina,Torino FC,2021-22,DF,25,1443,0,0,2022-05-22,2022-06-07,3.5
237658,Michel Aebischer,Bologna Football Club 1909,2021-22,MF,25,437,0,0,2022-05-22,2022-06-07,3.5
237666,Silvan Hefti,Genoa CFC,2021-22,DF,24,1290,0,0,2022-05-22,2022-06-07,5.0
238537,Wladimiro Falcone,UC Sampdoria,2021-22,GK,27,855,0,0,2022-05-22,2022-06-07,3.0
238752,Keita Baldé,Cagliari Calcio,2021-22,FW,27,1231,3,2,2022-05-22,2022-06-07,3.0
239099,Pietro Ceccaroni,Venezia FC,2021-22,DF,26,3123,2,2,2022-05-22,2022-06-07,2.4
239802,Adam Marusic,Società Sportiva Lazio S.p.A.,2021-22,DF,29,2722,1,0,2022-05-22,2022-06-07,7.5
239934,Maximilian Ullmann,Venezia FC,2021-22,DF,25,244,0,0,2022-05-22,2022-06-07,2.0
239962,Denis Vavro,Società Sportiva Lazio S.p.A.,2021-22,DF,26,7,0,0,2022-05-22,2022-06-20,3.0
240219,Lorenzo Venuti,ACF Fiorentina,2021-22,DF,27,1576,0,0,2022-05-22,2022-06-07,3.0
240414,Alex Meret,SSC Napoli,2021-22,GK,25,620,0,0,2022-05-22,2022-06-07,10.0
240786,Riccardo Gagliolo,US Salernitana 1919,2021-22,DF,32,1135,0,1,2022-05-22,2022-06-07,0.8
240934,Filippo Bandinelli,FC Empoli,2021-22,MF,27,1966,2,3,2022-05-22,2022-06-07,3.0
241076,Emmanuel Gyasi,Spezia Calcio,2021-22,MF,28,3044,6,0,2022-05-22,2022-06-07,2.5
241527,Federico Bonazzoli,US Salernitana 1919,2021-22,FW,25,1865,10,0,2022-05-22,2022-06-07,5.0
241923,Lorenzo Montipò,Hellas Verona,2021-22,GK,26,3060,0,0,2022-05-22,2022-06-07,4.5
242078,Ales Mateju,Venezia FC,2021-22,DF,25,730,0,1,2022-05-22,2022-06-07,1.0
242359,Juan Musso,Atalanta BC,2021-22,GK,28,2933,0,0,2022-05-22,2022-06-07,18.0
242940,Edoardo Goldaniga,Cagliari Calcio,2021-22,DF,28,938,0,0,2022-05-22,2022-06-07,1.0
245056,Saša Lukić,Torino FC,2021-22,MF,25,2985,5,4,2022-05-22,2022-06-07,15.0
247377,Kevin Bonifazi,Bologna Football Club 1909,2021-22,DF,26,1208,0,0,2022-05-22,2022-06-07,3.8
248732,Paweł Dawidowicz,Hellas Verona,2021-22,DF,27,1195,0,0,2022-05-22,2022-06-07,4.5
250153,Pasquale Mazzocchi,US Salernitana 1919,2021-22,DF,26,2518,0,2,2022-05-22,2022-06-07,1.5
255450,Aleksey Miranchuk,Atalanta BC,2021-22,MF,26,765,2,4,2022-05-22,2022-06-07,10.0
255744,Samir Caetano,Udinese Calcio,2021-22,DF,27,1426,0,0,2022-05-22,2022-06-15,5.0
255942,Nicolò Barella,Inter Milan,2021-22,MF,25,2933,3,13,2022-05-22,2022-06-07,70.0
256267,Vedat Muriqi,Società Sportiva Lazio S.p.A.,2021-22,FW,28,207,0,1,2022-05-22,2022-06-03,7.0
256339,Emil Audero,UC Sampdoria,2021-22,GK,25,2561,0,0,2022-05-22,2022-06-07,6.0
256361,Daniele Verde,Spezia Calcio,2021-22,FW,25,1957,8,6,2022-05-22,2022-06-07,5.0
256448,Gianluca Mancini,Associazione Sportiva Roma,2021-22,DF,26,2883,0,0,2022-05-22,2022-06-07,21.0
257474,Vanja Milinković-Savić,Torino FC,2021-22,GK,25,2430,0,0,2022-05-22,2022-06-07,2.5
257732,Amir Rrahmani,SSC Napoli,2021-22,DF,28,2928,4,0,2022-05-22,2022-06-07,25.0
257751,Simone Bastoni,Spezia Calcio,2021-22,MF,25,2292,3,4,2022-05-22,2022-06-07,7.5
258482,Boris Radunović,Cagliari Calcio,2021-22,GK,25,270,0,0,2022-05-22,2022-06-07,0.4
259953,Rade Krunic,AC Milan,2021-22,MF,28,1413,0,1,2022-05-22,2022-06-07,9.0
262523,Davide Calabria,AC Milan,2021-22,DF,25,2124,2,3,2022-05-22,2022-06-07,25.0
264116,Gastón Pereiro,Cagliari Calcio,2021-22,MF,26,961,4,2,2022-05-22,2022-06-07,3.0
265078,Patrick Cutrone,FC Empoli,2021-22,FW,24,1401,3,1,2022-05-22,2022-06-07,3.5
265088,Manuel Locatelli,Juventus FC,2021-22,MF,24,2163,3,4,2022-05-22,2022-06-07,35.0
266302,Sergej Milinković-Savić,Società Sportiva Lazio S.p.A.,2021-22,MF,27,3110,11,11,2022-05-22,2022-06-07,70.0
266795,Gonzalo Escalante,Società Sportiva Lazio S.p.A.,2021-22,MF,29,8,0,0,2022-05-22,2022-06-03,2.5
268178,Arkadiusz Reca,Spezia Calcio,2021-22,MF,26,1778,0,2,2022-05-22,2022-06-07,3.0
272261,Antonín Barák,Hellas Verona,2021-22,MF,27,2345,11,4,2022-05-22,2022-06-07,20.0
273132,Robin Gosens,Atalanta BC,2021-22,DF,27,626,1,2,2022-05-22,2022-06-07,28.0
275303,Hans Hateboer,Atalanta BC,2021-22,DF,28,1389,0,0,2022-05-22,2022-06-07,13.0
277167,Gian Marco Ferrari,US Sassuolo,2021-22,DF,30,3126,1,1,2022-05-22,2022-06-07,7.0
278531,Sebastiano Luperto,FC Empoli,2021-22,DF,25,1958,0,2,2022-05-22,2022-06-07,3.0
280730,Álvaro Odriozola,ACF Fiorentina,2021-22,DF,26,1731,1,1,2022-05-22,2022-06-07,12.0
282388,Giovanni Simeone,Hellas Verona,2021-22,FW,26,2672,17,6,2022-05-22,2022-06-07,17.0
282810,Carles Pérez,Associazione Sportiva Roma,2021-22,FW,24,542,1,1,2022-05-22,2022-06-07,6.0
283528,Ignacio Pussetto,Udinese Calcio,2021-22,FW,26,1198,4,4,2022-05-22,2022-06-07,3.0
283735,Mattia Zaccagni,Società Sportiva Lazio S.p.A.,2021-22,FW,26,2058,6,6,2022-05-22,2022-06-07,18.0
284595,Tommaso Augello,UC Sampdoria,2021-22,DF,27,2396,1,1,2022-05-22,2022-06-07,3.5
285845,Ainsley Maitland-Niles,Associazione Sportiva Roma,2021-22,DF,24,491,0,0,2022-05-22,2022-06-07,10.0
286047,Guglielmo Vicario,FC Empoli,2021-22,GK,25,3420,0,0,2022-05-22,2022-06-07,10.0
286297,Lorenzo Pellegrini,Associazione Sportiva Roma,2021-22,MF,25,2300,9,5,2022-05-22,2022-06-07,45.0
287579,Sofyan Amrabat,ACF Fiorentina,2021-22,MF,25,931,1,0,2022-05-22,2022-06-07,10.0
287600,Paweł Jaroszyński,US Salernitana 1919,2021-22,DF,27,510,0,0,2022-05-22,2022-06-07,0.6
287700,Mohamed Fares,Genoa CFC,2021-22,DF,26,587,2,1,2022-05-22,2022-06-07,4.0
287875,Luca Fiordilino,Venezia FC,2021-22,MF,25,655,0,0,2022-05-22,2022-06-07,1.0
290862,Maxime Lopez,US Sassuolo,2021-22,MF,24,2939,2,2,2022-05-22,2022-06-07,15.0
291422,Lys Mousset,US Salernitana 1919,2021-22,FW,26,157,0,1,2022-05-22,2022-06-07,6.0
292772,Dimitrios Nikolaou,Spezia Calcio,2021-22,DF,23,3240,0,0,2022-05-22,2022-06-07,4.0
293168,Filip Benkovic,Udinese Calcio,2021-22,DF,24,6,0,0,2022-05-22,2022-06-07,1.8
293169,Josip Brekalo,Torino FC,2021-22,FW,23,2293,7,2,2022-05-22,2022-06-07,15.0
294808,Franck Kessié,AC Milan,2021-22,MF,25,2312,6,0,2022-05-22,2022-06-07,45.0
295183,Răzvan Marin,Cagliari Calcio,2021-22,MF,25,2815,0,6,2022-05-22,2022-06-07,12.0
295331,Isaac Success,Udinese Calcio,2021-22,FW,26,911,2,7,2022-05-22,2022-06-07,3.0
296422,Fodé Ballo-Touré,AC Milan,2021-22,DF,25,443,0,0,2022-05-22,2022-06-07,3.5
297645,Riccardo Marchizza,FC Empoli,2021-22,DF,24,1351,0,1,2022-05-22,2022-06-07,2.0
298635,Grigoris Kastanos,US Salernitana 1919,2021-22,MF,24,1348,1,2,2022-05-22,2022-06-07,1.5
298976,Borja Mayoral,Associazione Sportiva Roma,2021-22,FW,25,93,0,0,2022-05-22,2022-06-03,9.0
303116,Gaetano Castrovilli,ACF Fiorentina,2021-22,MF,25,1398,1,2,2022-05-22,2022-06-07,12.0
303219,Jeff Chabot,UC Sampdoria,2021-22,DF,24,483,0,0,2022-05-22,2022-06-09,2.0
303254,Fikayo Tomori,AC Milan,2021-22,DF,24,2719,0,0,2022-05-22,2022-06-07,50.0
303657,Ionuț Radu,Inter Milan,2021-22,GK,24,90,0,0,2022-05-22,2022-06-07,3.5
305947,Albert Gudmundsson,Genoa CFC,2021-22,FW,24,604,1,0,2022-05-22,2022-06-07,2.4
308278,Rey Manaj,Spezia Calcio,2021-22,FW,25,1769,5,0,2022-05-22,2022-06-07,1.5
308279,Rolando Mandragora,Torino FC,2021-22,MF,24,1320,0,2,2022-05-22,2022-06-07,10.0
309944,Tyronne Ebuehi,Venezia FC,2021-22,DF,26,1142,0,0,2022-05-22,2022-06-07,1.4
310458,Giangiacomo Magnani,Hellas Verona,2021-22,DF,26,764,0,0,2022-05-22,2022-06-07,3.6
311178,Georgios Kyriakopoulos,US Sassuolo,2021-22,DF,26,1973,0,6,2022-05-22,2022-06-07,5.0
312862,Dalbert,Cagliari Calcio,2021-22,DF,28,2104,0,2,2022-05-22,2022-06-07,2.5
313477,Paolo Ghiglione,Genoa CFC,2021-22,DF,25,598,0,1,2022-05-22,2022-06-07,2.0
313830,Pablo Galdames,Genoa CFC,2021-22,MF,25,1028,0,0,2022-05-22,2022-06-07,3.0
314678,Brahim Díaz,AC Milan,2021-22,FW,22,1871,3,3,2022-05-22,2022-06-07,18.0
315063,Nahitan Nández,Cagliari Calcio,2021-22,MF,26,1520,0,2,2022-05-22,2022-06-07,13.0
315853,Alessandro Bastoni,Inter Milan,2021-22,DF,23,2321,1,3,2022-05-22,2022-06-07,60.0
315862,Filippo Melegoni,Genoa CFC,2021-22,MF,23,974,1,0,2022-05-22,2022-06-07,2.0
315865,Andrea Pinamonti,FC Empoli,2021-22,FW,23,2872,13,2,2022-05-22,2022-06-07,20.0
315867,Gianluca Scamacca,US Sassuolo,2021-22,FW,23,2152,16,0,2022-05-22,2022-06-07,30.0
316889,Hirving Lozano,SSC Napoli,2021-22,FW,26,1623,5,6,2022-05-22,2022-06-07,30.0
317057,Adrian Semper,Genoa CFC,2021-22,GK,24,90,0,0,2022-05-22,2022-06-07,1.5
317482,Marko Rog,Cagliari Calcio,2021-22,MF,26,308,0,1,2022-05-22,2022-06-07,6.0
318077,Lucas Torreira,ACF Fiorentina,2021-22,MF,26,2204,5,2,2022-05-22,2022-06-07,20.0
321528,Denzel Dumfries,Inter Milan,2021-22,DF,26,2026,5,5,2022-05-22,2022-06-07,25.0
322305,Jean-Victor Makengo,Udinese Calcio,2021-22,MF,23,2360,1,3,2022-05-22,2022-06-07,7.5
323167,Matteo Gabbia,AC Milan,2021-22,DF,22,537,0,0,2022-05-22,2022-06-07,6.0
323255,Giacomo Satalino,US Sassuolo,2021-22,GK,23,7,0,0,2022-05-22,2022-06-07,0.2
323954,Walace,Udinese Calcio,2021-22,MF,27,2972,1,0,2022-05-22,2022-06-07,5.0
324282,Fabio Depaoli,Hellas Verona,2021-22,DF,25,805,1,1,2022-05-22,2022-06-07,2.8
324351,Panagiotis Retsos,Hellas Verona,2021-22,DF,23,52,0,0,2022-05-22,2022-06-07,2.8
324377,Youssef Maleh,ACF Fiorentina,2021-22,MF,23,1013,2,3,2022-05-22,2022-06-07,5.0
324690,Jonathan Ikoné,ACF Fiorentina,2021-22,FW,24,644,1,1,2022-05-22,2022-06-07,18.0
326031,Matthijs de Ligt,Juventus FC,2021-22,DF,22,2674,3,1,2022-05-22,2022-06-07,70.0
327757,Krzysztof Piatek,ACF Fiorentina,2021-22,FW,26,735,3,0,2022-05-22,2022-06-07,12.0
331401,Manuel Lazzari,Società Sportiva Lazio S.p.A.,2021-22,DF,28,1658,3,3,2022-05-22,2022-06-07,15.0
331560,Takehiro Tomiyasu,Bologna Football Club 1909,2021-22,DF,23,9,0,0,2022-05-22,2022-06-15,25.0
331726,Tammy Abraham,Associazione Sportiva Roma,2021-22,FW,24,3097,17,4,2022-05-22,2022-06-07,50.0
332179,Matteo Pessina,Atalanta BC,2021-22,MF,25,1445,1,1,2022-05-22,2022-06-07,16.0
332697,Weston McKennie,Juventus FC,2021-22,MF,23,1370,3,0,2022-05-22,2022-06-07,25.0
334526,Denis Zakaria,Juventus FC,2021-22,MF,25,596,1,1,2022-05-22,2022-06-07,27.0
334835,Toma Bašić,Società Sportiva Lazio S.p.A.,2021-22,MF,25,969,0,2,2022-05-22,2022-06-07,8.0
336125,Mërgim Vojvoda,Torino FC,2021-22,DF,27,1980,0,3,2022-05-22,2022-06-07,5.5
336960,Giuseppe Pezzella,Atalanta BC,2021-22,DF,24,1068,0,3,2022-05-22,2022-06-07,5.0
338672,Zinho Vanheusden,Genoa CFC,2021-22,DF,22,989,0,0,2022-05-22,2022-06-07,8.0
339808,Theo Hernández,AC Milan,2021-22,DF,24,2714,5,6,2022-05-22,2022-06-07,55.0
340394,Abdelhamid Sabiri,UC Sampdoria,2021-22,MF,25,892,3,2,2022-05-22,2022-06-07,3.0
340879,Merih Demiral,Atalanta BC,2021-22,DF,24,1915,1,2,2022-05-22,2022-06-07,25.0
341092,Federico Chiesa,Juventus FC,2021-22,FW,24,867,2,3,2022-05-22,2022-06-07,65.0
342046,Axel Tuanzebe,SSC Napoli,2021-22,DF,24,10,0,0,2022-05-22,2022-06-07,7.0
342405,Mattias Svanberg,Bologna Football Club 1909,2021-22,MF,23,2574,3,3,2022-05-22,2022-06-07,15.0
344072,Kelvin Amian,Spezia Calcio,2021-22,DF,24,2649,1,1,2022-05-22,2022-06-07,3.5
344595,Aurélien Nguiamba,Spezia Calcio,2021-22,MF,23,48,0,0,2022-05-22,2022-06-07,0.4
344600,Michaël Cuisance,Venezia FC,2021-22,MF,22,928,0,0,2022-05-22,2022-06-07,4.0
345458,Sebastian Walukiewicz,Cagliari Calcio,2021-22,DF,22,302,0,0,2022-05-22,2022-06-07,5.0
346561,Luca Ranieri,US Salernitana 1919,2021-22,DF,23,2115,1,0,2022-05-22,2022-06-07,2.5
346567,Luca Pellegrini,Juventus FC,2021-22,DF,23,1114,0,1,2022-05-22,2022-06-07,9.0
347900,Jerdy Schouten,Bologna Football Club 1909,2021-22,MF,25,1393,1,1,2022-05-22,2022-06-07,9.0
350219,Fabián Ruiz,SSC Napoli,2021-22,MF,26,2397,7,4,2022-05-22,2022-06-07,55.0
351816,Ismaël Bennacer,AC Milan,2021-22,MF,24,1520,2,1,2022-05-22,2022-06-07,33.0
353796,Giulio Maggiore,Spezia Calcio,2021-22,MF,24,2833,2,3,2022-05-22,2022-06-07,8.5
353922,Mert Müldür,US Sassuolo,2021-22,DF,23,2046,0,1,2022-05-22,2022-06-07,7.0
354361,Frank Anguissa,SSC Napoli,2021-22,MF,26,1925,0,2,2022-05-22,2022-06-07,30.0
354362,Rodrigo Bentancur,Juventus FC,2021-22,MF,24,1156,0,2,2022-05-22,2022-06-15,28.0
354814,M'Bala Nzola,Spezia Calcio,2021-22,FW,25,1061,2,1,2022-05-22,2022-06-07,2.0
354909,Giorgio Altare,Cagliari Calcio,2021-22,DF,23,1468,1,0,2022-05-22,2022-06-07,2.0
355501,Amadou Diawara,Associazione Sportiva Roma,2021-22,MF,24,168,0,0,2022-05-22,2022-06-07,6.0
357003,Martin Erlić,Spezia Calcio,2021-22,DF,24,2578,2,1,2022-05-22,2022-06-07,5.5
357164,Rafael Leão,AC Milan,2021-22,FW,22,2621,11,10,2022-05-22,2022-06-07,70.0
357498,Dušan Vlahović,ACF Fiorentina,2021-22,FW,22,2940,24,5,2022-05-22,2022-06-07,85.0
357992,Raoul Bellanova,Cagliari Calcio,2021-22,MF,22,2500,1,2,2022-05-22,2022-06-07,7.0
358166,Eldor Shomurodov,Associazione Sportiva Roma,2021-22,FW,26,767,3,4,2022-05-22,2022-06-07,8.0
360518,Teun Koopmeiners,Atalanta BC,2021-22,MF,24,2128,4,1,2022-05-22,2022-06-07,25.0
362842,Arthur Melo,Juventus FC,2021-22,MF,25,958,0,0,2022-05-22,2022-06-07,18.0
364133,Pietro Pellegri,Torino FC,2021-22,FW,21,339,1,0,2022-05-22,2022-06-07,4.5
364135,Moise Kean,Juventus FC,2021-22,FW,22,1090,5,3,2022-05-22,2022-06-07,24.0
367284,Leo Østigård,Genoa CFC,2021-22,DF,22,1128,0,0,2022-05-22,2022-06-07,5.0
368482,Riccardo Orsolini,Bologna Football Club 1909,2021-22,FW,25,1793,6,3,2022-05-22,2022-06-07,10.0
368891,Arthur Theate,Bologna Football Club 1909,2021-22,DF,21,2427,2,1,2022-05-22,2022-06-07,15.0
369674,Joakim Maehle,Atalanta BC,2021-22,DF,25,1466,1,1,2022-05-22,2022-06-07,14.0
371013,Ivor Pandur,Hellas Verona,2021-22,GK,22,270,0,0,2022-05-22,2022-06-07,1.0
371371,Marash Kumbulla,Associazione Sportiva Roma,2021-22,DF,22,1028,0,0,2022-05-22,2022-06-07,16.0
372809,Petko Hristov,Spezia Calcio,2021-22,DF,23,1244,1,1,2022-05-22,2022-06-07,1.0
373373,Lucas Martínez Quarta,ACF Fiorentina,2021-22,DF,26,1431,1,0,2022-05-22,2022-06-07,12.0
374418,Mateusz Praszelik,Hellas Verona,2021-22,MF,21,23,0,0,2022-05-22,2022-06-07,1.4
377665,Arnór Sigurdsson,Venezia FC,2021-22,FW,23,175,0,0,2022-05-22,2022-06-07,2.3
380350,Igor Julio,ACF Fiorentina,2021-22,DF,24,2239,0,0,2022-05-22,2022-06-07,14.0
381950,Alexis Saelemaekers,AC Milan,2021-22,MF,22,1865,1,3,2022-05-22,2022-06-07,17.0
386446,Alessandro Buongiorno,Torino FC,2021-22,DF,22,1180,0,2,2022-05-22,2022-06-07,4.0
386455,Riccardo Sottil,ACF Fiorentina,2021-22,FW,22,1241,3,2,2022-05-22,2022-06-07,9.0
386552,Lassana Coulibaly,US Salernitana 1919,2021-22,MF,26,2338,0,0,2022-05-22,2022-06-07,3.0
386755,Gianluca Frabotta,Hellas Verona,2021-22,DF,22,18,0,0,2022-05-22,2022-06-07,2.0
386914,Sam Lammers,Atalanta BC,2021-22,FW,25,36,0,0,2022-05-22,2022-06-09,3.0
387234,Szymon Żurkowski,FC Empoli,2021-22,MF,24,2318,6,3,2022-05-22,2022-06-07,7.0
389837,Nicolò Casale,Hellas Verona,2021-22,DF,24,2593,0,2,2022-05-22,2022-06-07,7.5
390177,Nedim Bajrami,FC Empoli,2021-22,MF,23,2062,6,7,2022-05-22,2022-06-07,10.0
390638,Arthur Cabral,ACF Fiorentina,2021-22,FW,24,751,2,2,2022-05-22,2022-06-07,14.0
391065,Hamed Traoré,US Sassuolo,2021-22,FW,22,1781,7,4,2022-05-22,2022-06-07,22.0
391498,Mert Çetin,Hellas Verona,2021-22,DF,25,46,0,0,2022-05-22,2022-06-01,1.7
392085,Nicolò Zaniolo,Associazione Sportiva Roma,2021-22,FW,22,1983,2,5,2022-05-22,2022-06-07,33.0
392538,Tommaso Pobega,Torino FC,2021-22,MF,22,2238,4,3,2022-05-22,2022-06-07,16.0
392569,Gabriele Zappa,Cagliari Calcio,2021-22,DF,22,1138,0,0,2022-05-22,2022-06-07,3.8
392771,Ethan Ampadu,Venezia FC,2021-22,MF,21,2289,0,3,2022-05-22,2022-06-07,13.0
392966,Nadir Zortea,US Salernitana 1919,2021-22,DF,22,1404,1,2,2022-05-22,2022-06-07,1.4
393804,Sofian Kiyine,Venezia FC,2021-22,MF,24,1238,1,0,2022-05-22,2022-06-07,2.1
393904,Filippo Delli Carri,US Salernitana 1919,2021-22,DF,23,333,0,0,2022-05-22,2022-06-07,0.35
394300,Davide Frattesi,US Sassuolo,2021-22,MF,22,2883,4,4,2022-05-22,2022-06-07,20.0
394304,Manolo Portanova,Genoa CFC,2021-22,MF,21,1327,1,0,2022-05-22,2022-06-07,2.5
394346,Emanuel Vignato,Bologna Football Club 1909,2021-22,FW,21,576,0,1,2022-05-22,2022-06-07,5.0
396682,Luca Gagliano,Cagliari Calcio,2021-22,FW,21,2,0,0,2022-05-22,2022-06-07,0.25
397033,Sandro Tonali,AC Milan,2021-22,MF,22,2607,5,3,2022-05-22,2022-06-07,50.0
397225,Alessandro Zanoli,SSC Napoli,2021-22,DF,21,452,0,0,2022-05-22,2022-06-07,4.0
398808,Martin Hongla,Hellas Verona,2021-22,MF,24,649,1,0,2022-05-22,2022-06-07,4.0
400485,Adam Ounas,SSC Napoli,2021-22,FW,25,312,0,0,2022-05-22,2022-06-07,7.0
400489,Eljif Elmas,SSC Napoli,2021-22,MF,22,1601,3,5,2022-05-22,2022-06-07,24.0
401527,Rogério,US Sassuolo,2021-22,DF,24,1733,0,1,2022-05-22,2022-06-07,6.0
401920,Kingsley Michael,Bologna Football Club 1909,2021-22,MF,22,77,0,0,2022-05-22,2022-06-07,0.4
401923,Victor Osimhen,SSC Napoli,2021-22,FW,23,1993,14,5,2022-05-22,2022-06-07,65.0
404260,Aleksa Terzic,ACF Fiorentina,2021-22,DF,22,262,0,1,2022-05-22,2022-06-07,1.5
405885,Giacomo Raspadori,US Sassuolo,2021-22,FW,22,2754,10,6,2022-05-22,2022-06-07,28.0
406042,Dennis Johnsen,Venezia FC,2021-22,FW,24,1448,1,2,2022-05-22,2022-06-07,1.4
406625,Lautaro Martínez,Inter Milan,2021-22,FW,24,2298,21,3,2022-05-22,2022-06-07,75.0
406806,Emil Bohinen,US Salernitana 1919,2021-22,MF,23,699,0,1,2022-05-22,2022-06-07,4.0
407885,Wajdi Kechrida,US Salernitana 1919,2021-22,DF,26,948,0,1,2022-05-22,2022-06-07,0.8
410158,Rodrigo Becão,Udinese Calcio,2021-22,DF,26,3132,2,1,2022-05-22,2022-06-07,6.0
412513,Thomas Henry,Venezia FC,2021-22,FW,27,2121,9,3,2022-05-22,2022-06-07,5.0
413507,Nikola Milenković,ACF Fiorentina,2021-22,DF,24,2929,1,0,2022-05-22,2022-06-07,20.0
413605,David Okereke,Venezia FC,2021-22,FW,24,2061,7,1,2022-05-22,2022-06-07,4.5
416386,Abdou Harroui,US Sassuolo,2021-22,MF,24,434,0,0,2022-05-22,2022-06-07,3.0
417414,Davide Marfella,SSC Napoli,2021-22,GK,22,10,0,0,2022-05-22,2022-06-07,0.05
419061,Vladyslav Supryaga,UC Sampdoria,2021-22,FW,22,24,0,0,2022-05-22,2022-06-07,3.0
421780,Edoardo Vergani,US Salernitana 1919,2021-22,FW,21,98,0,0,2022-05-22,2022-06-07,0.6
424042,Nahuel Molina,Udinese Calcio,2021-22,DF,24,2650,7,5,2022-05-22,2022-06-07,20.0
425918,Jakub Kiwior,Spezia Calcio,2021-22,DF,22,1963,0,0,2022-05-22,2022-06-07,3.0
431698,Bosko Sutalo,Hellas Verona,2021-22,DF,22,910,0,0,2022-05-22,2022-06-07,3.0
431755,Dejan Kulusevski,Juventus FC,2021-22,MF,22,760,1,3,2022-05-22,2022-06-15,40.0
432092,Roberto Piccoli,Genoa CFC,2021-22,FW,21,400,1,0,2022-05-22,2022-06-07,4.0
432982,Andreas Skov Olsen,Bologna Football Club 1909,2021-22,FW,22,740,0,2,2022-05-22,2022-05-26,12.0
434676,Ronaldo Vieira,UC Sampdoria,2021-22,MF,23,489,0,0,2022-05-22,2022-06-07,3.5
435228,Ardian Ismajli,FC Empoli,2021-22,DF,25,1265,0,0,2022-05-22,2022-06-07,1.8
438961,Michael Svoboda,Venezia FC,2021-22,DF,23,1234,0,0,2022-05-22,2022-06-07,0.9
439072,Matías Viña,Associazione Sportiva Roma,2021-22,DF,24,1564,0,1,2022-05-22,2022-06-07,7.5
439292,Sydney van Hooijdonk,Bologna Football Club 1909,2021-22,FW,22,35,0,0,2022-05-22,2022-06-08,1.3
448466,Jovane Cabral,Società Sportiva Lazio S.p.A.,2021-22,FW,23,191,1,0,2022-05-22,2022-06-07,5.5
449151,Junior Messias,AC Milan,2021-22,FW,31,1431,5,2,2022-05-22,2022-06-07,6.0
457931,Luiz Felipe,Società Sportiva Lazio S.p.A.,2021-22,DF,25,2493,0,1,2022-05-22,2022-06-07,16.0
459655,Matteo Lovato,Cagliari Calcio,2021-22,DF,22,1544,0,1,2022-05-22,2022-06-07,7.0
459658,Andrea Cambiaso,Genoa CFC,2021-22,DF,22,1790,1,4,2022-05-22,2022-06-07,5.0
459661,Eddie Salcedo,Spezia Calcio,2021-22,FW,20,426,0,0,2022-05-22,2022-06-07,3.5
460898,Damir Ceter,Cagliari Calcio,2021-22,FW,24,5,0,0,2022-05-22,2022-06-07,0.6
463792,Luca Gemello,Torino FC,2021-22,GK,21,90,0,0,2022-05-22,2022-06-07,0.3
465565,Dimitrije Kamenovic,Società Sportiva Lazio S.p.A.,2021-22,DF,21,45,0,0,2022-05-22,2022-06-07,1.5
467992,Samuele Ricci,FC Empoli,2021-22,MF,20,2257,1,1,2022-05-22,2022-06-07,12.0
469211,Liberato Cacace,FC Empoli,2021-22,DF,21,464,0,0,2022-05-22,2022-06-07,2.5
470794,Ivan Ilić,Hellas Verona,2021-22,MF,21,2537,1,4,2022-05-22,2022-06-07,14.0
471004,Luis Binks,Bologna Football Club 1909,2021-22,DF,20,641,0,0,2022-05-22,2022-06-07,1.5
472161,Mamadou Coulibaly,US Salernitana 1919,2021-22,MF,23,796,2,0,2022-05-22,2022-06-07,2.5
481834,Andrea Carboni,Cagliari Calcio,2021-22,DF,21,2215,0,0,2022-05-22,2022-06-07,5.0
482107,Magnus Warming,Torino FC,2021-22,FW,21,54,0,0,2022-05-22,2022-06-07,0.9
482836,David Strelec,Spezia Calcio,2021-22,FW,21,505,1,0,2022-05-22,2022-06-07,1.4
486031,Nico González,ACF Fiorentina,2021-22,FW,24,2361,7,7,2022-05-22,2022-06-07,25.0
486624,Musa Barrow,Bologna Football Club 1909,2021-22,FW,23,2147,6,7,2022-05-22,2022-06-07,18.0
487839,Simone Trimboli,UC Sampdoria,2021-22,MF,20,60,0,0,2022-05-22,2022-06-07,0.6
491693,Nehuén Pérez,Udinese Calcio,2021-22,DF,21,1695,0,1,2022-05-22,2022-06-07,6.0
493702,Mattia Viti,FC Empoli,2021-22,DF,20,1489,0,0,2022-05-22,2022-06-07,7.0
497291,Nicolás Domínguez,Bologna Football Club 1909,2021-22,MF,23,2025,0,3,2022-05-22,2022-06-07,13.0
502821,Riccardo Calafiori,Associazione Sportiva Roma,2021-22,DF,20,252,0,1,2022-05-22,2022-06-07,3.5
503871,Morten Frendrup,Genoa CFC,2021-22,MF,21,694,0,0,2022-05-22,2022-06-07,3.7
504209,Gianluca Busio,Venezia FC,2021-22,MF,19,1956,1,2,2022-05-22,2022-06-07,8.5
508371,Emil Konradsen Ceide,US Sassuolo,2021-22,FW,20,49,0,0,2022-05-22,2022-06-07,2.0
516716,Bremer,Torino FC,2021-22,DF,25,2893,3,1,2022-05-22,2022-06-07,35.0
524481,Roger Ibañez,Associazione Sportiva Roma,2021-22,DF,23,2888,3,0,2022-05-22,2022-06-07,23.0
525704,Nicolò Rovella,Genoa CFC,2021-22,MF,20,1467,0,3,2022-05-22,2022-06-07,10.0
528833,Lazar Samardžić,Udinese Calcio,2021-22,MF,20,472,2,2,2022-05-22,2022-06-07,3.5
532937,Johan Vásquez,Genoa CFC,2021-22,DF,23,1302,0,0,2022-05-22,2022-06-07,4.0
535469,Valentin Mihăilă,Atalanta BC,2021-22,FW,22,74,0,0,2022-05-22,2022-06-07,5.5
538974,Janis Antiste,Spezia Calcio,2021-22,FW,19,795,1,0,2022-05-22,2022-06-07,4.0
539134,Daniel Maldini,AC Milan,2021-22,MF,20,144,1,0,2022-05-22,2022-06-07,2.0
540827,Suf Podgoreanu,Spezia Calcio,2021-22,FW,20,110,0,1,2022-05-22,2022-06-07,0.5
540941,Mikkel Damsgaard,UC Sampdoria,2021-22,MF,21,576,0,0,2022-05-22,2022-06-07,15.0
543771,Kristjan Asllani,FC Empoli,2021-22,MF,20,1346,1,1,2022-05-22,2022-06-07,10.0
544149,David Zima,Torino FC,2021-22,DF,21,1310,0,0,2022-05-22,2022-06-07,7.0
546176,Brian Oddei,US Sassuolo,2021-22,FW,19,7,0,0,2022-05-22,2022-06-07,0.9
546880,Brandon Soppy,Udinese Calcio,2021-22,MF,20,762,0,0,2022-05-22,2022-06-07,5.0
547985,Fabiano Parisi,FC Empoli,2021-22,DF,21,1475,0,1,2022-05-22,2022-06-07,4.5
550106,Matteo Cancellieri,Hellas Verona,2021-22,FW,20,218,1,0,2022-05-22,2022-06-07,3.0
550108,Nicola Zalewski,Associazione Sportiva Roma,2021-22,MF,20,797,0,0,2022-05-22,2022-06-07,12.0
551752,Demba Seck,Torino FC,2021-22,FW,21,143,0,0,2022-05-22,2022-06-07,3.0
552549,Matheus Henrique,US Sassuolo,2021-22,MF,24,1066,0,1,2022-05-22,2022-06-07,11.0
553757,Aleksander Buksa,Genoa CFC,2021-22,FW,19,61,0,0,2022-05-22,2022-06-07,1.2
555015,Ruan,US Sassuolo,2021-22,DF,22,207,0,0,2022-05-22,2022-06-07,5.0
556385,Destiny Udogie,Udinese Calcio,2021-22,DF,19,2484,5,3,2022-05-22,2022-06-07,17.0
562049,Edoardo Bove,Associazione Sportiva Roma,2021-22,MF,20,63,1,0,2022-05-22,2022-06-07,1.1
567217,Ebrima Colley,Spezia Calcio,2021-22,FW,22,390,0,1,2022-05-22,2022-06-07,3.2
568333,Adam Obert,Cagliari Calcio,2021-22,DF,19,273,0,0,2022-05-22,2022-06-07,0.9
568559,Radu Drăgușin,UC Sampdoria,2021-22,DF,20,1099,0,0,2022-05-22,2022-06-07,3.5
571604,Giorgio Scalvini,Atalanta BC,2021-22,DF,18,760,1,0,2022-05-22,2022-06-07,10.0
574495,Kristoffer Askildsen,UC Sampdoria,2021-22,MF,21,749,0,0,2022-05-22,2022-06-07,1.8
577394,Denso Kasius,Bologna Football Club 1909,2021-22,DF,19,177,0,0,2022-05-22,2022-06-07,2.0
579294,Aimar Sher,Spezia Calcio,2021-22,MF,19,45,0,0,2022-05-22,2022-06-07,1.0
585949,Pierre Kalulu,AC Milan,2021-22,DF,21,1939,1,2,2022-05-22,2022-06-07,28.0
587458,Kevin Agudelo,Spezia Calcio,2021-22,MF,23,1236,3,1,2022-05-22,2022-06-07,3.5
589737,Kelvin Yeboah,Genoa CFC,2021-22,FW,22,850,0,2,2022-05-22,2022-06-07,5.0
591949,Aaron Hickey,Bologna Football Club 1909,2021-22,DF,19,2834,5,1,2022-05-22,2022-06-07,18.0
595809,Beto,Udinese Calcio,2021-22,FW,24,2177,11,0,2022-05-22,2022-06-07,10.0
602299,Petar Zovko,Spezia Calcio,2021-22,GK,20,28,0,0,2022-05-22,2022-06-07,0.1
607854,Éderson,US Salernitana 1919,2021-22,MF,22,1152,2,1,2022-05-22,2022-06-07,13.0
616631,Matteo Ruggeri,US Salernitana 1919,2021-22,DF,19,675,0,0,2022-05-22,2022-06-07,2.0
620477,Kaio Jorge,Juventus FC,2021-22,FW,20,113,0,0,2022-05-22,2022-06-07,7.0
623040,Yayah Kallon,Genoa CFC,2021-22,FW,20,632,0,2,2022-05-22,2022-06-07,1.5
624548,Salva Ferrer,Spezia Calcio,2021-22,DF,24,1489,0,3,2022-05-22,2022-06-07,1.3
624942,Raúl Moro,Società Sportiva Lazio S.p.A.,2021-22,FW,19,191,0,1,2022-05-22,2022-06-07,2.8
628558,Riccardo Ciervo,UC Sampdoria,2021-22,FW,20,219,0,1,2022-05-22,2022-06-07,1.5
632831,Nicolò Bertola,Spezia Calcio,2021-22,DF,19,33,0,0,2022-05-22,2022-06-07,0.3
640109,Martín Satriano,Inter Milan,2021-22,FW,21,34,0,0,2022-05-22,2022-05-30,7.0
641537,Tommaso Baldanzi,FC Empoli,2021-22,MF,19,17,0,0,2022-05-22,2022-06-07,0.8
642689,Mikael,US Salernitana 1919,2021-22,FW,22,80,0,0,2022-05-22,2022-06-07,2.0
647484,Ebrima Darboe,Associazione Sportiva Roma,2021-22,MF,20,64,0,0,2022-05-22,2022-06-07,2.0
648779,Wilfried Singo,Torino FC,2021-22,DF,21,2621,3,4,2022-05-22,2022-06-07,15.0
660860,Diego Coppola,Hellas Verona,2021-22,DF,18,249,0,0,2022-05-22,2022-06-07,1.0
670096,Tanner Tessmann,Venezia FC,2021-22,MF,20,671,0,0,2022-05-22,2022-06-07,2.5
682032,Marley Aké,Juventus FC,2021-22,FW,21,73,0,0,2022-05-22,2022-06-07,2.5
769063,Luka Romero,Società Sportiva Lazio S.p.A.,2021-22,FW,17,77,0,0,2022-05-22,2022-06-07,1.0
872380,Felix Afena-Gyan,Associazione Sportiva Roma,2021-22,FW,19,664,2,0,2022-05-22,2022-06-07,6.0
3455,Zlatan Ibrahimović,AC Milan,2022-23,FW,41,144,1,0,2023-06-04,2023-06-15,2.0
12907,Alessio Cragno,AC Monza,2022-23,GK,28,90,0,0,2023-06-04,2023-06-15,3.0
16633,Alex Cordaz,Inter Milan,2022-23,GK,40,25,0,0,2023-06-04,2023-06-15,0.2
21872,Gianluca Pegolo,US Sassuolo,2022-23,GK,42,180,0,0,2023-06-04,2023-06-15,0.1
22141,Antonio Mirante,AC Milan,2022-23,GK,39,1,0,0,2023-06-04,2023-06-15,0.1
22318,Federico Marchetti,Spezia Calcio,2022-23,GK,40,65,0,0,2023-06-04,2023-06-15,0.05
22328,Fabio Quagliarella,UC Sampdoria,2022-23,FW,40,791,1,1,2023-06-04,2023-06-15,0.5
25488,Antonio Candreva,US Salernitana 1919,2022-23,MF,36,2734,7,5,2023-06-04,2023-06-15,1.5
25508,Salvatore Sirigu,ACF Fiorentina,2022-23,GK,36,90,0,0,2023-06-04,2023-06-15,0.5
28021,Samir Handanovic,Inter Milan,2022-23,GK,38,1235,0,0,2023-06-04,2023-06-15,0.5
28396,Edin Dzeko,Inter Milan,2022-23,FW,37,1724,9,4,2023-06-04,2023-06-15,4.0
29559,Guillermo Ochoa,US Salernitana 1919,2022-23,GK,37,1800,0,0,2023-06-04,2023-06-15,1.5
29605,Daniel Ciofani,US Cremonese,2022-23,FW,37,1051,8,0,2023-06-04,2023-06-15,0.2
32113,Armando Izzo,AC Monza,2022-23,DF,31,2476,1,1,2023-06-04,2023-06-15,3.0
33571,Lorenzo De Silvestri,Bologna Football Club 1909,2022-23,DF,35,667,1,0,2023-06-04,2023-06-15,0.4
35865,Andrea Consigli,US Sassuolo,2022-23,GK,36,3150,0,0,2023-06-04,2023-06-15,1.0
38607,Federico Di Francesco,US Lecce,2022-23,FW,28,2037,2,3,2023-06-04,2023-06-15,1.8
39983,Leonardo Bonucci,Juventus FC,2022-23,DF,36,873,1,0,2023-06-04,2023-06-15,1.5
41384,Marko Arnautovic,Bologna Football Club 1909,2022-23,FW,34,1536,10,1,2023-06-04,2023-06-15,5.0
42744,Samir Ujkani,FC Empoli,2022-23,GK,34,6,0,0,2023-06-04,2023-06-15,0.1
42796,Nicola Ravaglia,UC Sampdoria,2022-23,GK,34,810,0,0,2023-06-04,2023-06-15,0.1
43848,Miguel Veloso,Hellas Verona,2022-23,MF,37,1167,0,0,2023-06-04,2023-06-15,0.5
44058,Wojciech Szczesny,Juventus FC,2022-23,GK,33,2473,0,0,2023-06-04,2023-06-15,10.0
44420,Stefan Radu,Società Sportiva Lazio S.p.A.,2022-23,DF,36,1,0,0,2023-06-04,2023-06-15,0.3
45026,Rui Patrício,Associazione Sportiva Roma,2022-23,GK,35,3150,0,0,2023-06-04,2023-06-15,5.0
45314,Federico Fazio,US Salernitana 1919,2022-23,DF,36,1075,1,0,2023-06-04,2023-06-15,0.4
45320,Ángel Di María,Juventus FC,2022-23,FW,35,1364,4,4,2023-06-04,2023-06-15,8.0
45389,Samuel Di Carmine,US Cremonese,2022-23,FW,34,26,0,0,2023-06-04,2023-06-12,0.35
47513,Mato Jajalo,Udinese Calcio,2022-23,MF,35,60,0,0,2023-06-04,2023-06-12,0.25
48859,Simon Kjær,AC Milan,2022-23,DF,34,1007,0,0,2023-06-04,2023-06-15,3.5
49275,Albin Ekdal,Spezia Calcio,2022-23,MF,33,1731,0,2,2023-06-04,2023-06-15,0.8
49499,Georginio Wijnaldum,Associazione Sportiva Roma,2022-23,MF,32,773,2,1,2023-06-04,2023-06-15,8.0
53536,Tolgay Arslan,Udinese Calcio,2022-23,MF,32,1197,1,0,2023-06-04,2023-06-15,1.4
54581,Ilija Nestorovski,Udinese Calcio,2022-23,FW,33,626,2,2,2023-06-04,2023-06-15,0.4
54906,Matteo Darmian,Inter Milan,2022-23,DF,33,2031,1,2,2023-06-04,2023-06-15,4.0
55000,Vincenzo Fiorillo,US Salernitana 1919,2022-23,GK,33,90,0,0,2023-06-04,2023-06-15,0.2
55282,Ciprian Tatarusanu,AC Milan,2022-23,GK,37,1440,0,1,2023-06-04,2023-06-15,0.4
55735,Henrikh Mkhitaryan,Inter Milan,2022-23,MF,34,2000,3,2,2023-06-04,2023-06-15,6.0
55769,Danilo D'Ambrosio,Inter Milan,2022-23,DF,34,733,0,2,2023-06-04,2023-06-15,1.5
57280,Giacomo Bonaventura,ACF Fiorentina,2022-23,MF,33,1916,5,3,2023-06-04,2023-06-15,2.5
60889,Gary Medel,Bologna Football Club 1909,2022-23,MF,35,1477,0,1,2023-06-04,2023-06-15,0.8
63186,Roberto Soriano,Bologna Football Club 1909,2022-23,MF,32,1326,1,3,2023-06-04,2023-06-15,2.5
65278,Pedro,Società Sportiva Lazio S.p.A.,2022-23,FW,35,1895,4,5,2023-06-04,2023-06-15,1.5
67556,Milan Djuric,Hellas Verona,2022-23,FW,33,1362,1,1,2023-06-04,2023-06-15,1.0
70411,Darko Lazović,Hellas Verona,2022-23,MF,32,2253,4,6,2023-06-04,2023-06-15,2.5
72441,Rafael Tolói,Atalanta BC,2022-23,DF,32,2791,2,1,2023-06-04,2023-06-15,6.0
73794,Duván Zapata,Atalanta BC,2022-23,FW,32,1393,2,3,2023-06-04,2023-06-15,8.0
73926,Davide Faraoni,Hellas Verona,2022-23,DF,31,1489,2,3,2023-06-04,2023-06-15,3.0
73943,Alessandro Tuia,US Lecce,2022-23,DF,32,510,0,0,2023-06-04,2023-06-15,0.4
74683,Nemanja Matić,Associazione Sportiva Roma,2022-23,MF,34,1838,2,3,2023-06-04,2023-06-15,4.0
75942,Tomás Rincón,UC Sampdoria,2022-23,MF,35,2566,0,2,2023-06-04,2023-06-15,0.8
76274,Christian Gytkjaer,AC Monza,2022-23,FW,33,542,1,0,2023-06-04,2023-06-15,0.8
79045,Jeroen Zoet,Spezia Calcio,2022-23,GK,32,334,0,0,2023-06-04,2023-06-15,0.4
79960,Alex Sandro,Juventus FC,2022-23,DF,32,1787,0,1,2023-06-04,2023-06-15,3.0
80894,Lukasz Skorupski,Bologna Football Club 1909,2022-23,GK,32,3330,0,0,2023-06-04,2023-06-15,3.5
82048,Nicola Sansone,Bologna Football Club 1909,2022-23,FW,31,736,4,4,2023-06-04,2023-06-15,1.5
82070,Diego Demme,SSC Napoli,2022-23,MF,31,143,0,0,2023-06-04,2023-06-15,3.0
82442,Olivier Giroud,AC Milan,2022-23,FW,36,2145,13,5,2023-06-04,2023-06-15,4.0
84765,Francesco Caputo,FC Empoli,2022-23,FW,35,2822,6,4,2023-06-04,2023-06-15,1.5
85528,Marco Silvestri,Udinese Calcio,2022-23,GK,32,3420,0,0,2023-06-04,2023-06-15,5.0
86784,Ricardo Rodríguez,Torino FC,2022-23,DF,30,2675,0,0,2023-06-04,2023-06-15,3.5
87884,Mário Rui,SSC Napoli,2022-23,DF,32,1762,0,7,2023-06-04,2023-06-15,8.0
88680,Luca Caldirola,AC Monza,2022-23,DF,32,2360,2,0,2023-06-04,2023-06-15,1.5
88682,Mattia De Sciglio,Juventus FC,2022-23,DF,30,1045,0,0,2023-06-04,2023-06-15,3.0
88683,Mattia Destro,FC Empoli,2022-23,FW,32,566,1,0,2023-06-04,2023-06-15,1.3
88684,Giulio Donati,AC Monza,2022-23,DF,33,423,1,0,2023-06-04,2023-06-15,0.5
88706,Simone Romagnoli,US Lecce,2022-23,DF,33,163,0,0,2023-06-04,2023-06-15,0.75
88909,Riccardo Saponara,ACF Fiorentina,2022-23,MF,31,1207,4,4,2023-06-04,2023-06-15,2.0
91970,Juan Cuadrado,Juventus FC,2022-23,MF,35,2084,1,3,2023-06-04,2023-06-15,4.0
92899,Marvin Zeegelaar,Udinese Calcio,2022-23,DF,32,354,1,0,2023-06-04,2023-06-15,0.4
94307,Filip Djuricic,UC Sampdoria,2022-23,MF,31,2187,3,0,2023-06-04,2023-06-15,1.8
94529,Stephan El Shaarawy,Associazione Sportiva Roma,2022-23,FW,30,1520,7,3,2023-06-04,2023-06-15,5.0
96254,Pietro Terracciano,ACF Fiorentina,2022-23,GK,33,2610,0,0,2023-06-04,2023-06-15,2.0
96341,Romelu Lukaku,Inter Milan,2022-23,FW,30,1664,10,6,2023-06-04,2023-06-15,40.0
96806,Jacopo Sala,Spezia Calcio,2022-23,MF,31,109,0,0,2023-06-04,2023-06-15,0.4
99232,Marco D'Alessandro,AC Monza,2022-23,FW,32,286,0,0,2023-06-04,2023-06-15,0.7
99254,Luigi Sepe,US Salernitana 1919,2022-23,GK,32,1530,0,0,2023-06-04,2023-06-15,1.0
101213,Pedro Obiang,US Sassuolo,2022-23,MF,31,879,0,1,2023-06-04,2023-06-15,0.8
103427,Chris Smalling,Associazione Sportiva Roma,2022-23,DF,33,2807,3,1,2023-06-04,2023-06-15,8.0
104597,Bram Nuytinck,UC Sampdoria,2022-23,DF,33,1885,0,1,2023-06-04,2023-06-15,1.0
105521,Ciro Immobile,Società Sportiva Lazio S.p.A.,2022-23,FW,33,2225,12,5,2023-06-04,2023-06-15,15.0
110923,Mattia Perin,Juventus FC,2022-23,GK,30,947,0,0,2023-06-04,2023-06-15,4.0
110925,Francesco Bardi,Bologna Football Club 1909,2022-23,GK,31,90,0,0,2023-06-04,2023-06-15,0.4
111196,Stefan de Vrij,Inter Milan,2022-23,DF,31,1943,1,0,2023-06-04,2023-06-15,8.0
111227,Andrea Conti,UC Sampdoria,2022-23,DF,29,22,0,0,2023-06-04,2023-06-15,0.5
111347,Lorenzo Tonelli,FC Empoli,2022-23,DF,33,18,0,0,2023-06-04,2023-06-15,0.5
112302,Roberto Pereyra,Udinese Calcio,2022-23,MF,32,2829,5,8,2023-06-04,2023-06-15,6.0
112343,Manolo Gabbiadini,UC Sampdoria,2022-23,FW,31,2360,7,3,2023-06-04,2023-06-15,2.0
115763,Koray Günter,Hellas Verona,2022-23,DF,28,1777,1,1,2023-06-04,2023-06-15,3.5
118689,Leonardo Spinazzola,Associazione Sportiva Roma,2022-23,DF,30,1651,1,4,2023-06-04,2023-06-15,10.0
119031,Kaan Ayhan,US Sassuolo,2022-23,MF,28,542,0,0,2023-06-04,2023-06-08,3.7
119228,Luis Muriel,Atalanta BC,2022-23,FW,32,1069,3,4,2023-06-04,2023-06-15,5.0
121985,Juan Jesus,SSC Napoli,2022-23,DF,31,929,1,0,2023-06-04,2023-06-15,3.5
122153,Paul Pogba,Juventus FC,2022-23,MF,30,108,0,0,2023-06-04,2023-06-15,15.0
123261,Vlad Chiricheș,US Cremonese,2022-23,MF,33,987,0,0,2023-06-04,2023-06-15,0.9
124555,Cristiano Biraghi,ACF Fiorentina,2022-23,DF,30,2555,2,5,2023-06-04,2023-06-15,5.0
124769,Luca Marrone,AC Monza,2022-23,DF,33,135,0,0,2023-06-04,2023-06-15,0.2
125020,José Luis Palomino,Atalanta BC,2022-23,DF,33,756,1,0,2023-06-04,2023-06-15,2.5
126414,Hakan Çalhanoğlu,Inter Milan,2022-23,MF,29,2374,3,6,2023-06-04,2023-06-15,40.0
126540,Samuel Umtiti,US Lecce,2022-23,DF,29,2116,0,0,2023-06-04,2023-06-15,4.0
126634,Francesco Rossi,Atalanta BC,2022-23,GK,32,3,0,0,2023-06-04,2023-06-15,0.1
126673,Adama Soumaoro,Bologna Football Club 1909,2022-23,DF,30,1870,0,0,2023-06-04,2023-06-15,3.0
126729,Patric,Società Sportiva Lazio S.p.A.,2022-23,DF,30,1414,0,0,2023-06-04,2023-06-15,5.0
128220,Luis Alberto,Società Sportiva Lazio S.p.A.,2022-23,MF,30,2442,6,7,2023-06-04,2023-06-15,18.0
129476,Gerard Deulofeu,Udinese Calcio,2022-23,FW,29,1218,2,6,2023-06-04,2023-06-15,10.0
129674,Jeremy Toljan,US Sassuolo,2022-23,DF,28,2672,0,1,2023-06-04,2023-06-15,4.5
130360,Simone Verdi,Hellas Verona,2022-23,MF,30,1091,5,0,2023-06-04,2023-06-15,4.0
130365,Alessandro Florenzi,AC Milan,2022-23,DF,32,200,0,0,2023-06-04,2023-06-15,2.0
131075,Francesco Acerbi,Inter Milan,2022-23,DF,35,2420,0,1,2023-06-04,2023-06-15,4.0
131102,Jeison Murillo,UC Sampdoria,2022-23,DF,31,1056,0,0,2023-06-04,2023-06-15,1.0
131731,Mehdi Bourabia,Spezia Calcio,2022-23,MF,31,2791,1,3,2023-06-04,2023-06-15,1.3
131951,Kevin Lasagna,Hellas Verona,2022-23,FW,30,1577,1,1,2023-06-04,2023-06-15,1.8
133179,Marten de Roon,Atalanta BC,2022-23,MF,32,2964,3,3,2023-06-04,2023-06-15,10.0
134936,Jesé,UC Sampdoria,2022-23,FW,30,204,1,1,2023-06-04,2023-06-15,1.0
136514,Charalampos Lykogiannis,Bologna Football Club 1909,2022-23,DF,29,1106,2,0,2023-06-04,2023-06-15,1.0
143812,Matías Vecino,Società Sportiva Lazio S.p.A.,2022-23,MF,31,1684,2,0,2023-06-04,2023-06-15,4.5
144143,Bartosz Bereszyński,UC Sampdoria,2022-23,DF,30,1368,0,1,2023-06-04,2023-06-15,1.6
145707,Danilo,Juventus FC,2022-23,DF,31,3182,3,3,2023-06-04,2023-06-15,15.0
146680,Andrea Barberis,AC Monza,2022-23,MF,29,332,0,1,2023-06-04,2023-06-15,0.8
146752,Gianluca Caprari,AC Monza,2022-23,FW,29,2463,5,2,2023-06-04,2023-06-15,8.0
148368,Divock Origi,AC Milan,2022-23,FW,28,1018,2,1,2023-06-04,2023-06-15,6.0
156617,Marcelo Brozović,Inter Milan,2022-23,MF,30,1769,3,5,2023-06-04,2023-06-15,25.0
157507,Adrien Tamèze,Hellas Verona,2022-23,MF,29,3039,0,0,2023-06-04,2023-06-15,6.0
159372,Felipe Anderson,Società Sportiva Lazio S.p.A.,2022-23,FW,30,2966,9,6,2023-06-04,2023-06-15,15.0
160986,Matteo Bianchetti,US Cremonese,2022-23,DF,30,2131,1,0,2023-06-04,2023-06-15,0.8
161011,Filip Kostić,Juventus FC,2022-23,MF,30,2579,3,8,2023-06-04,2023-06-15,22.0
162959,Daniele Rugani,Juventus FC,2022-23,DF,28,563,0,0,2023-06-04,2023-06-15,2.0
162961,Valerio Verre,UC Sampdoria,2022-23,MF,29,671,0,0,2023-06-04,2023-06-12,1.8
163222,Grégoire Defrel,US Sassuolo,2022-23,FW,31,1166,2,1,2023-06-04,2023-06-15,1.5
163582,Salvatore Molina,AC Monza,2022-23,MF,31,229,0,0,2023-06-04,2023-06-12,0.65
163639,Federico Ceccherini,Hellas Verona,2022-23,DF,31,1425,2,0,2023-06-04,2023-06-15,1.5
163647,Kastriot Dermaku,US Lecce,2022-23,DF,31,33,0,0,2023-06-04,2023-06-15,0.4
164913,Soualiho Meïté,US Cremonese,2022-23,MF,29,2370,0,2,2023-06-04,2023-06-15,3.5
165513,Berat Djimsiti,Atalanta BC,2022-23,DF,30,1798,0,1,2023-06-04,2023-06-15,10.0
165895,Matteo Politano,SSC Napoli,2022-23,FW,29,1165,3,3,2023-06-04,2023-06-15,15.0
166237,Leandro Paredes,Juventus FC,2022-23,MF,28,966,1,0,2023-06-04,2023-06-15,12.0
167727,Andrea Belotti,Associazione Sportiva Roma,2022-23,FW,29,1136,0,2,2023-06-04,2023-06-15,8.0
167741,Mattia Valoti,AC Monza,2022-23,MF,29,444,0,0,2023-06-04,2023-06-15,1.5
169880,Giovanni Di Lorenzo,SSC Napoli,2022-23,DF,29,3257,3,4,2023-06-04,2023-06-15,25.0
170481,Jean-Daniel Akpa Akpro,FC Empoli,2022-23,MF,30,1360,1,1,2023-06-04,2023-06-15,1.5
171399,Nicola Murru,UC Sampdoria,2022-23,DF,28,774,0,0,2023-06-04,2023-06-15,1.0
173859,Davide Zappacosta,Atalanta BC,2022-23,MF,30,1476,4,2,2023-06-04,2023-06-15,7.0
174488,Marios Ikonomou,UC Sampdoria,2022-23,DF,30,219,0,0,2023-06-04,2023-06-15,0.3
174733,Omar Colley,UC Sampdoria,2022-23,DF,30,1385,1,0,2023-06-04,2023-06-08,3.0
177843,Domenico Berardi,US Sassuolo,2022-23,FW,28,1872,12,7,2023-06-04,2023-06-15,18.0
181136,Piotr Zielinski,SSC Napoli,2022-23,MF,29,2301,3,9,2023-06-04,2023-06-15,35.0
182581,Tonny Vilhena,US Salernitana 1919,2022-23,MF,28,2274,4,1,2023-06-04,2023-06-15,3.8
182618,Tiemoué Bakayoko,AC Milan,2022-23,MF,28,39,0,0,2023-06-04,2023-06-15,2.5
182906,Mike Maignan,AC Milan,2022-23,GK,27,1979,0,1,2023-06-04,2023-06-15,45.0
182913,Adrien Rabiot,Juventus FC,2022-23,MF,28,2751,8,4,2023-06-04,2023-06-15,40.0
183031,Koffi Djidji,Torino FC,2022-23,DF,30,2423,1,0,2023-06-04,2023-06-15,3.0
183841,Petar Stojanović,FC Empoli,2022-23,MF,27,1524,0,2,2023-06-04,2023-06-15,2.3
184892,Florian Thauvin,Udinese Calcio,2022-23,FW,30,542,0,0,2023-06-04,2023-06-15,3.5
184894,Alfred Duncan,ACF Fiorentina,2022-23,MF,30,1104,1,0,2023-06-04,2023-06-15,4.0
186368,Valentino Lazaro,Torino FC,2022-23,MF,27,1376,0,3,2023-06-04,2023-06-15,5.0
187384,Cristian Buonaiuto,US Cremonese,2022-23,FW,30,966,1,0,2023-06-04,2023-06-15,0.8
187587,Ante Rebić,AC Milan,2022-23,FW,29,976,3,2,2023-06-04,2023-06-15,6.0
191891,Arkadiusz Milik,Juventus FC,2022-23,FW,29,1590,7,1,2023-06-04,2023-06-15,8.0
192638,Nicolas Haas,FC Empoli,2022-23,MF,27,1156,1,1,2023-06-04,2023-06-15,2.0
192735,Stanislav Lobotka,SSC Napoli,2022-23,MF,28,3114,1,1,2023-06-04,2023-06-15,40.0
192875,William Troost-Ekong,US Salernitana 1919,2022-23,DF,29,441,1,0,2023-06-04,2023-06-15,2.5
193867,Liam Henderson,FC Empoli,2022-23,MF,27,1004,0,1,2023-06-04,2023-06-15,2.5
195335,Michele Castagnetti,US Cremonese,2022-23,MF,33,1410,0,1,2023-06-04,2023-06-15,0.7
197470,Mattia Caldara,Spezia Calcio,2022-23,DF,29,1251,0,0,2023-06-04,2023-06-15,2.0
197471,Roberto Gagliardini,Inter Milan,2022-23,MF,29,773,0,0,2023-06-04,2023-06-15,4.0
197473,Alberto Grassi,FC Empoli,2022-23,MF,28,1194,0,0,2023-06-04,2023-06-15,2.0
197491,Alex Ferrari,US Cremonese,2022-23,DF,28,1878,0,1,2023-06-04,2023-06-15,1.0
197747,Alessio Romagnoli,Società Sportiva Lazio S.p.A.,2022-23,DF,28,2925,2,0,2023-06-04,2023-06-15,18.0
197929,Ivan Provedel,Società Sportiva Lazio S.p.A.,2022-23,GK,29,3412,0,0,2023-06-04,2023-06-15,12.0
198116,Federico Dimarco,Inter Milan,2022-23,DF,25,2085,4,5,2023-06-04,2023-06-15,35.0
199248,Bryan Cristante,Associazione Sportiva Roma,2022-23,MF,28,2942,1,1,2023-06-04,2023-06-15,20.0
199258,Andrea Petagna,AC Monza,2022-23,FW,27,1668,4,7,2023-06-04,2023-06-15,10.0
199733,Danilo Cataldi,Società Sportiva Lazio S.p.A.,2022-23,MF,28,1941,0,1,2023-06-04,2023-06-15,10.0
199976,Marco Sportiello,Atalanta BC,2022-23,GK,31,1339,0,0,2023-06-04,2023-06-15,1.5
200056,Elseid Hysaj,Società Sportiva Lazio S.p.A.,2022-23,DF,29,1994,1,1,2023-06-04,2023-06-15,5.0
201040,Marco Benassi,US Cremonese,2022-23,MF,28,1091,0,0,2023-06-04,2023-06-15,1.5
203842,Viktor Kovalenko,Spezia Calcio,2022-23,MF,27,547,0,1,2023-06-04,2023-06-15,1.5
204069,Milan Škriniar,Inter Milan,2022-23,DF,28,1771,0,0,2023-06-04,2023-06-15,50.0
205006,Rick Karsdorp,Associazione Sportiva Roma,2022-23,DF,28,712,0,0,2023-06-04,2023-06-15,7.0
205054,Norbert Gyömbér,US Salernitana 1919,2022-23,DF,30,1751,0,1,2023-06-04,2023-06-15,1.5
205938,Mario Pašalić,Atalanta BC,2022-23,MF,28,1783,5,2,2023-06-04,2023-06-15,20.0
205940,Marko Pjaca,FC Empoli,2022-23,FW,28,520,0,0,2023-06-04,2023-06-15,1.7
206050,Paulo Dybala,Associazione Sportiva Roma,2022-23,FW,29,1749,12,7,2023-06-04,2023-06-15,30.0
207877,Ruslan Malinovskyi,Atalanta BC,2022-23,MF,30,549,1,2,2023-06-04,2023-06-27,15.0
208166,Bartłomiej Drągowski,Spezia Calcio,2022-23,GK,25,2948,0,1,2023-06-04,2023-06-15,4.5
210178,Pablo Marí,AC Monza,2022-23,DF,29,2489,1,0,2023-06-04,2023-06-15,5.0
216179,Stefano Sensi,AC Monza,2022-23,MF,27,1628,3,2,2023-06-04,2023-06-15,8.0
216569,Jérémie Boga,Atalanta BC,2022-23,FW,26,772,2,5,2023-06-04,2023-06-15,14.0
216599,Domen Crnigoj,US Salernitana 1919,2022-23,MF,27,295,0,0,2023-06-04,2023-06-15,1.5
223974,Stefan Posch,Bologna Football Club 1909,2022-23,DF,26,2540,6,2,2023-06-04,2023-06-15,14.0
225873,Karol Linetty,Torino FC,2022-23,MF,28,1889,1,0,2023-06-04,2023-06-15,3.5
227081,Joaquín Correa,Inter Milan,2022-23,FW,28,947,3,1,2023-06-04,2023-06-15,12.0
227347,Valentin Antov,AC Monza,2022-23,DF,22,299,0,0,2023-06-04,2023-06-15,0.8
232418,Ondrej Duda,Hellas Verona,2022-23,MF,28,1064,0,0,2023-06-04,2023-06-15,3.4
234509,André Onana,Inter Milan,2022-23,GK,27,2160,0,0,2023-06-04,2023-06-15,35.0
234523,Antonio Sanabria,Torino FC,2022-23,FW,27,2443,12,4,2023-06-04,2023-06-15,10.0
236041,Alexis Blin,US Lecce,2022-23,MF,26,2381,1,0,2023-06-04,2023-06-15,2.5
236490,Ola Aina,Torino FC,2022-23,DF,26,870,1,1,2023-06-04,2023-06-15,3.5
237658,Michel Aebischer,Bologna Football Club 1909,2022-23,MF,26,1540,1,1,2023-06-04,2023-06-15,4.0
238537,Wladimiro Falcone,US Lecce,2022-23,GK,28,3420,0,0,2023-06-04,2023-06-15,5.0
238654,Jaime Báez,US Cremonese,2022-23,FW,28,96,0,0,2023-06-04,2023-06-12,1.2
239099,Pietro Ceccaroni,US Lecce,2022-23,DF,27,41,0,0,2023-06-04,2023-06-15,1.6
239802,Adam Marusic,Società Sportiva Lazio S.p.A.,2022-23,DF,30,2766,0,2,2023-06-04,2023-06-15,8.0
240219,Lorenzo Venuti,ACF Fiorentina,2022-23,DF,28,922,0,1,2023-06-04,2023-06-15,2.0
240414,Alex Meret,SSC Napoli,2022-23,GK,26,3060,0,0,2023-06-04,2023-06-15,18.0
240675,Simone Perilli,Hellas Verona,2022-23,GK,28,90,0,0,2023-06-04,2023-06-15,0.2
240934,Filippo Bandinelli,FC Empoli,2022-23,MF,28,2280,2,0,2023-06-04,2023-06-15,3.5
241076,Emmanuel Gyasi,Spezia Calcio,2022-23,MF,29,2833,2,0,2023-06-04,2023-06-15,2.0
241527,Federico Bonazzoli,US Salernitana 1919,2022-23,FW,26,1116,2,2,2023-06-04,2023-06-15,4.0
241923,Lorenzo Montipò,Hellas Verona,2022-23,GK,27,3330,0,0,2023-06-04,2023-06-15,4.0
242359,Juan Musso,Atalanta BC,2022-23,GK,29,2078,0,0,2023-06-04,2023-06-15,8.0
243879,Charles Pickel,US Cremonese,2022-23,MF,26,2492,1,0,2023-06-04,2023-06-15,3.8
244192,Pierluigi Gollini,SSC Napoli,2022-23,GK,28,630,0,0,2023-06-04,2023-06-15,4.5
245056,Saša Lukić,Torino FC,2022-23,MF,26,1193,2,0,2023-06-04,2023-06-20,12.0
245078,Nemanja Radonjic,Torino FC,2022-23,FW,27,1464,2,2,2023-06-04,2023-06-15,4.0
246291,Diego Llorente,Associazione Sportiva Roma,2022-23,DF,29,574,0,0,2023-06-04,2023-06-15,12.0
247377,Kevin Bonifazi,Bologna Football Club 1909,2022-23,DF,27,901,0,0,2023-06-04,2023-06-15,2.8
248732,Paweł Dawidowicz,Hellas Verona,2022-23,DF,28,1634,1,1,2023-06-04,2023-06-15,3.0
249126,Harry Winks,UC Sampdoria,2022-23,MF,27,1719,0,0,2023-06-04,2023-06-15,10.0
250153,Pasquale Mazzocchi,US Salernitana 1919,2022-23,DF,27,1966,2,4,2023-06-04,2023-06-15,4.8
251075,Zeki Çelik,Associazione Sportiva Roma,2022-23,DF,26,1504,0,1,2023-06-04,2023-06-15,10.0
255450,Aleksey Miranchuk,Torino FC,2022-23,MF,27,2094,4,6,2023-06-04,2023-06-15,12.0
255838,Patrick Ciurria,AC Monza,2022-23,MF,28,2758,6,6,2023-06-04,2023-06-15,5.0
255942,Nicolò Barella,Inter Milan,2022-23,MF,26,2623,6,7,2023-06-04,2023-06-15,75.0
256339,Emil Audero,UC Sampdoria,2022-23,GK,26,2250,0,0,2023-06-04,2023-06-15,6.0
256361,Daniele Verde,Spezia Calcio,2022-23,FW,26,995,3,0,2023-06-04,2023-06-15,3.0
256448,Gianluca Mancini,Associazione Sportiva Roma,2022-23,DF,27,2864,1,2,2023-06-04,2023-06-15,18.0
256678,Filippo Romagna,US Sassuolo,2022-23,DF,26,46,0,0,2023-06-04,2023-06-15,0.4
257462,Luka Jović,ACF Fiorentina,2022-23,FW,25,1528,6,3,2023-06-04,2023-06-15,8.0
257474,Vanja Milinković-Savić,Torino FC,2022-23,GK,26,3420,0,0,2023-06-04,2023-06-15,3.5
257732,Amir Rrahmani,SSC Napoli,2022-23,DF,29,2449,2,1,2023-06-04,2023-06-15,25.0
257751,Simone Bastoni,Spezia Calcio,2022-23,MF,26,1197,2,5,2023-06-04,2023-06-15,6.5
259953,Rade Krunic,AC Milan,2022-23,MF,29,1659,0,1,2023-06-04,2023-06-15,10.0
262523,Davide Calabria,AC Milan,2022-23,DF,26,1695,1,5,2023-06-04,2023-06-15,20.0
265088,Manuel Locatelli,Juventus FC,2022-23,MF,25,2458,0,2,2023-06-04,2023-06-15,30.0
265625,Ajdin Hrustic,Hellas Verona,2022-23,MF,26,226,0,0,2023-06-04,2023-06-15,1.5
266302,Sergej Milinković-Savić,Società Sportiva Lazio S.p.A.,2022-23,MF,28,3029,9,8,2023-06-04,2023-06-15,50.0
266795,Gonzalo Escalante,US Cremonese,2022-23,MF,30,556,0,1,2023-06-04,2023-06-13,2.0
267614,Julian Kristoffersen,US Salernitana 1919,2022-23,FW,26,17,0,0,2023-06-04,2023-06-19,0.175
268178,Arkadiusz Reca,Spezia Calcio,2022-23,MF,27,2173,1,1,2023-06-04,2023-06-15,3.0
268429,Sandi Lovrić,Udinese Calcio,2022-23,MF,25,2349,5,6,2023-06-04,2023-06-15,10.0
272261,Antonín Barák,ACF Fiorentina,2022-23,MF,28,1831,2,0,2023-06-04,2023-06-15,10.0
272812,Kingsley Ehizibue,Udinese Calcio,2022-23,DF,28,1535,2,0,2023-06-04,2023-06-15,2.5
273132,Robin Gosens,Inter Milan,2022-23,DF,28,1173,3,0,2023-06-04,2023-06-15,15.0
273236,Marlon,AC Monza,2022-23,DF,27,1587,0,0,2023-06-04,2023-06-15,6.0
275303,Hans Hateboer,Atalanta BC,2022-23,DF,29,1401,1,1,2023-06-04,2023-06-15,6.0
277167,Gian Marco Ferrari,US Sassuolo,2022-23,DF,31,2220,1,0,2023-06-04,2023-06-15,2.0
278531,Sebastiano Luperto,FC Empoli,2022-23,DF,26,3138,2,0,2023-06-04,2023-06-15,3.0
282144,Marin Pongracic,US Lecce,2022-23,DF,25,791,0,0,2023-06-04,2023-06-15,4.0
282388,Giovanni Simeone,SSC Napoli,2022-23,FW,27,386,4,1,2023-06-04,2023-06-15,15.0
283528,Ignacio Pussetto,UC Sampdoria,2022-23,FW,27,150,0,0,2023-06-04,2023-06-15,2.5
283735,Mattia Zaccagni,Società Sportiva Lazio S.p.A.,2022-23,FW,27,2783,10,7,2023-06-04,2023-06-15,30.0
284595,Tommaso Augello,UC Sampdoria,2022-23,DF,28,3065,2,5,2023-06-04,2023-06-15,2.0
286047,Guglielmo Vicario,FC Empoli,2022-23,GK,26,2784,0,0,2023-06-04,2023-06-15,16.0
286297,Lorenzo Pellegrini,Associazione Sportiva Roma,2022-23,MF,26,2557,4,5,2023-06-04,2023-06-15,35.0
286949,Adam Masina,Udinese Calcio,2022-23,DF,29,787,2,0,2023-06-04,2023-06-15,2.5
287579,Sofyan Amrabat,ACF Fiorentina,2022-23,MF,26,2004,0,1,2023-06-04,2023-06-15,30.0
290862,Maxime Lopez,US Sassuolo,2022-23,MF,25,2297,0,0,2023-06-04,2023-06-15,15.0
291276,Marcin Listkowski,US Lecce,2022-23,MF,25,73,0,0,2023-06-04,2023-06-12,0.3
292772,Dimitrios Nikolaou,Spezia Calcio,2022-23,DF,24,2963,1,0,2023-06-04,2023-06-15,3.5
293169,Josip Brekalo,ACF Fiorentina,2022-23,FW,24,227,0,0,2023-06-04,2023-06-15,5.0
293200,Nikola Vlašić,Torino FC,2022-23,MF,25,2731,5,6,2023-06-04,2023-06-15,17.0
295183,Răzvan Marin,FC Empoli,2022-23,MF,27,2540,2,4,2023-06-04,2023-06-15,8.0
295331,Isaac Success,Udinese Calcio,2022-23,FW,27,1822,1,6,2023-06-04,2023-06-15,4.0
296422,Fodé Ballo-Touré,AC Milan,2022-23,DF,26,518,1,0,2023-06-04,2023-06-15,3.5
297645,Riccardo Marchizza,US Sassuolo,2022-23,DF,25,279,0,1,2023-06-04,2023-06-15,1.0
298635,Grigoris Kastanos,US Salernitana 1919,2022-23,MF,25,1281,2,1,2023-06-04,2023-06-15,1.8
301238,Michele Di Gregorio,AC Monza,2022-23,GK,25,3330,0,1,2023-06-04,2023-06-15,8.0
301240,Samuele Perisan,FC Empoli,2022-23,GK,25,630,0,0,2023-06-04,2023-06-15,0.8
303116,Gaetano Castrovilli,ACF Fiorentina,2022-23,MF,26,716,2,1,2023-06-04,2023-06-15,10.0
303254,Fikayo Tomori,AC Milan,2022-23,DF,25,2764,1,1,2023-06-04,2023-06-15,40.0
303657,Ionuț Radu,US Cremonese,2022-23,GK,26,810,0,0,2023-06-04,2023-06-27,3.5
308279,Rolando Mandragora,ACF Fiorentina,2022-23,MF,25,1954,2,4,2023-06-04,2023-06-15,10.0
309944,Tyronne Ebuehi,FC Empoli,2022-23,DF,27,1928,2,4,2023-06-04,2023-06-15,2.5
310458,Giangiacomo Magnani,Hellas Verona,2022-23,DF,27,1533,0,1,2023-06-04,2023-06-15,3.0
311178,Georgios Kyriakopoulos,US Sassuolo,2022-23,DF,27,1477,1,3,2023-06-04,2023-06-15,3.8
313477,Paolo Ghiglione,US Cremonese,2022-23,DF,26,709,1,1,2023-06-04,2023-06-15,1.3
313830,Pablo Galdames,US Cremonese,2022-23,MF,26,738,1,2,2023-06-04,2023-06-15,2.3
314678,Brahim Díaz,AC Milan,2022-23,FW,23,1946,6,7,2023-06-04,2023-06-15,20.0
315853,Alessandro Bastoni,Inter Milan,2022-23,DF,24,2165,0,2,2023-06-04,2023-06-15,60.0
315865,Andrea Pinamonti,US Sassuolo,2022-23,FW,24,2174,5,1,2023-06-04,2023-06-15,15.0
316889,Hirving Lozano,SSC Napoli,2022-23,FW,27,1612,3,3,2023-06-04,2023-06-15,25.0
316934,Nikola Moro,Bologna Football Club 1909,2022-23,MF,25,1221,1,5,2023-06-04,2023-06-15,6.5
317806,Cyriel Dessers,US Cremonese,2022-23,FW,28,1594,6,2,2023-06-04,2023-06-15,5.0
321528,Denzel Dumfries,Inter Milan,2022-23,DF,27,2223,1,7,2023-06-04,2023-06-15,28.0
322305,Jean-Victor Makengo,Udinese Calcio,2022-23,MF,24,810,0,1,2023-06-04,2023-06-27,10.0
322655,Flavius Daniliuc,US Salernitana 1919,2022-23,DF,22,2196,0,2,2023-06-04,2023-06-15,8.0
323167,Matteo Gabbia,AC Milan,2022-23,DF,23,610,0,0,2023-06-04,2023-06-15,5.0
323954,Walace,Udinese Calcio,2022-23,MF,28,3199,0,1,2023-06-04,2023-06-15,7.0
324282,Fabio Depaoli,Hellas Verona,2022-23,DF,26,2307,2,2,2023-06-04,2023-06-15,3.0
324377,Youssef Maleh,US Lecce,2022-23,MF,24,969,0,1,2023-06-04,2023-06-15,4.5
324690,Jonathan Ikoné,ACF Fiorentina,2022-23,FW,25,2007,4,5,2023-06-04,2023-06-15,16.0
324804,Yann Karamoh,Torino FC,2022-23,FW,24,707,4,0,2023-06-04,2023-06-15,3.5
325993,Oliver Abildgaard,Hellas Verona,2022-23,MF,26,586,0,0,2023-06-04,2023-06-15,4.5
327757,Krzysztof Piatek,US Salernitana 1919,2022-23,FW,27,2143,4,5,2023-06-04,2023-06-15,7.0
331401,Manuel Lazzari,Società Sportiva Lazio S.p.A.,2022-23,DF,29,1885,0,1,2023-06-04,2023-06-15,7.5
331726,Tammy Abraham,Associazione Sportiva Roma,2022-23,FW,25,2194,8,4,2023-06-04,2023-06-15,40.0
332179,Matteo Pessina,AC Monza,2022-23,MF,26,2939,5,3,2023-06-04,2023-06-15,15.0
332697,Weston McKennie,Juventus FC,2022-23,MF,24,1057,1,1,2023-06-04,2023-06-20,18.0
334526,Denis Zakaria,Juventus FC,2022-23,MF,26,122,0,0,2023-06-04,2023-06-20,18.0
334835,Toma Bašić,Società Sportiva Lazio S.p.A.,2022-23,MF,26,499,1,0,2023-06-04,2023-06-15,6.0
335147,Junior Sambia,US Salernitana 1919,2022-23,DF,26,690,0,1,2023-06-04,2023-06-15,3.5
336125,Mërgim Vojvoda,Torino FC,2022-23,DF,28,1714,0,5,2023-06-04,2023-06-15,4.0
336960,Giuseppe Pezzella,US Lecce,2022-23,DF,25,919,0,1,2023-06-04,2023-06-15,2.5
337725,Christian Kouamé,ACF Fiorentina,2022-23,FW,25,1871,4,4,2023-06-04,2023-06-15,12.0
338032,Deyovaisio Zeefuik,Hellas Verona,2022-23,DF,25,10,0,0,2023-06-04,2023-06-15,1.2
338101,Mouhamadou Sarr,US Cremonese,2022-23,GK,26,180,0,0,2023-06-04,2023-06-15,0.4
338670,Mile Svilar,Associazione Sportiva Roma,2022-23,GK,23,270,0,0,2023-06-04,2023-06-15,1.5
339808,Theo Hernández,AC Milan,2022-23,DF,25,2775,4,3,2023-06-04,2023-06-15,60.0
340394,Abdelhamid Sabiri,UC Sampdoria,2022-23,MF,26,1069,2,0,2023-06-04,2023-06-15,2.5
340707,Leonardo Sernicola,US Cremonese,2022-23,DF,25,2318,2,2,2023-06-04,2023-06-15,2.0
340879,Merih Demiral,Atalanta BC,2022-23,DF,25,1524,1,0,2023-06-04,2023-06-15,20.0
341092,Federico Chiesa,Juventus FC,2022-23,FW,25,844,2,5,2023-06-04,2023-06-15,40.0
342877,Enzo Ebosse,Udinese Calcio,2022-23,DF,24,919,0,0,2023-06-04,2023-06-15,4.5
344072,Kelvin Amian,Spezia Calcio,2022-23,DF,25,2373,0,1,2023-06-04,2023-06-15,3.8
344600,Michaël Cuisance,UC Sampdoria,2022-23,MF,23,623,0,0,2023-06-04,2023-06-15,3.0
345189,Luka Lochoshvili,US Cremonese,2022-23,DF,25,1848,1,2,2023-06-04,2023-06-15,1.8
345458,Sebastian Walukiewicz,FC Empoli,2022-23,DF,23,601,0,0,2023-06-04,2023-06-15,3.0
346561,Luca Ranieri,ACF Fiorentina,2022-23,DF,24,505,0,0,2023-06-04,2023-06-15,2.5
346567,Luca Pellegrini,Società Sportiva Lazio S.p.A.,2022-23,DF,24,174,0,0,2023-06-04,2023-06-15,7.0
347253,Dany Mota,AC Monza,2022-23,FW,25,1922,5,4,2023-06-04,2023-06-15,6.0
347900,Jerdy Schouten,Bologna Football Club 1909,2022-23,MF,26,2516,0,2,2023-06-04,2023-06-15,12.0
348601,Mehdi Léris,UC Sampdoria,2022-23,FW,25,2465,1,1,2023-06-04,2023-06-15,2.5
351816,Ismaël Bennacer,AC Milan,2022-23,MF,25,2012,2,2,2023-06-04,2023-06-15,40.0
351955,Federico Baschirotto,US Lecce,2022-23,DF,26,3330,3,1,2023-06-04,2023-06-15,8.0
353796,Giulio Maggiore,US Salernitana 1919,2022-23,MF,25,895,0,0,2023-06-04,2023-06-15,5.5
353922,Mert Müldür,US Sassuolo,2022-23,DF,24,13,0,0,2023-06-04,2023-06-15,4.0
354361,Frank Anguissa,SSC Napoli,2022-23,MF,27,3062,3,5,2023-06-04,2023-06-15,40.0
354814,M'Bala Nzola,Spezia Calcio,2022-23,FW,26,2653,13,2,2023-06-04,2023-06-15,8.0
355104,Pepín Machín,AC Monza,2022-23,MF,26,1117,0,2,2023-06-04,2023-06-15,1.5
357003,Martin Erlić,US Sassuolo,2022-23,DF,25,2332,0,0,2023-06-04,2023-06-15,5.0
357164,Rafael Leão,AC Milan,2022-23,FW,23,2430,15,10,2023-06-04,2023-06-15,90.0
357498,Dušan Vlahović,Juventus FC,2022-23,FW,23,1932,10,2,2023-06-04,2023-06-15,70.0
357796,Domagoj Bradarić,US Salernitana 1919,2022-23,DF,23,2254,0,3,2023-06-04,2023-06-15,7.0
357992,Raoul Bellanova,Inter Milan,2022-23,MF,23,485,0,1,2023-06-04,2023-06-15,5.0
358008,Gianluca Gaetano,SSC Napoli,2022-23,MF,23,70,1,1,2023-06-04,2023-06-15,4.5
358032,Cyril Ngonge,Hellas Verona,2022-23,FW,23,747,3,1,2023-06-04,2023-06-15,2.0
358166,Eldor Shomurodov,Spezia Calcio,2022-23,FW,27,922,1,1,2023-06-04,2023-06-15,6.0
360518,Teun Koopmeiners,Atalanta BC,2022-23,MF,25,2861,10,4,2023-06-04,2023-06-15,30.0
361104,Sergiño Dest,AC Milan,2022-23,DF,22,327,0,0,2023-06-04,2023-06-15,10.0
363223,Jack Hendry,US Cremonese,2022-23,DF,28,218,0,0,2023-06-04,2023-06-09,3.0
364133,Pietro Pellegri,Torino FC,2022-23,FW,22,456,2,1,2023-06-04,2023-06-15,3.5
364135,Moise Kean,Juventus FC,2022-23,FW,23,988,6,0,2023-06-04,2023-06-15,18.0
367284,Leo Østigård,SSC Napoli,2022-23,DF,23,417,0,0,2023-06-04,2023-06-15,7.0
367464,Luís Maximiano,Società Sportiva Lazio S.p.A.,2022-23,GK,24,6,0,0,2023-06-04,2023-06-15,6.0
368482,Riccardo Orsolini,Bologna Football Club 1909,2022-23,FW,26,2126,11,4,2023-06-04,2023-06-15,12.0
369674,Joakim Maehle,Atalanta BC,2022-23,DF,26,2212,3,3,2023-06-04,2023-06-15,14.0
370701,Michele Cerofolini,ACF Fiorentina,2022-23,GK,24,450,0,0,2023-06-04,2023-06-15,0.5
371371,Marash Kumbulla,Associazione Sportiva Roma,2022-23,DF,23,261,0,0,2023-06-04,2023-06-15,8.0
371851,Jaka Bijol,Udinese Calcio,2022-23,DF,24,2732,3,2,2023-06-04,2023-06-15,10.0
372809,Petko Hristov,Spezia Calcio,2022-23,DF,24,360,0,1,2023-06-04,2023-06-12,0.9
373373,Lucas Martínez Quarta,ACF Fiorentina,2022-23,DF,27,2172,1,1,2023-06-04,2023-06-15,10.0
373899,Jacopo Segre,Torino FC,2022-23,MF,26,20,0,0,2023-06-04,2023-06-12,1.7
375816,Manuel De Luca,UC Sampdoria,2022-23,FW,24,42,0,0,2023-06-04,2023-06-15,2.0
375857,Kristijan Bistrovic,US Lecce,2022-23,MF,25,459,0,0,2023-06-04,2023-06-23,2.5
376514,Mathías Olivera,SSC Napoli,2022-23,DF,25,1635,2,2,2023-06-04,2023-06-15,18.0
380350,Igor Julio,ACF Fiorentina,2022-23,DF,25,2059,0,0,2023-06-04,2023-06-15,10.0
381950,Alexis Saelemaekers,AC Milan,2022-23,MF,23,1399,2,3,2023-06-04,2023-06-15,15.0
386446,Alessandro Buongiorno,Torino FC,2022-23,DF,23,2725,1,2,2023-06-04,2023-06-15,10.0
386455,Riccardo Sottil,ACF Fiorentina,2022-23,FW,24,832,0,2,2023-06-04,2023-06-15,8.0
386552,Lassana Coulibaly,US Salernitana 1919,2022-23,MF,27,2901,3,3,2023-06-04,2023-06-15,5.0
386914,Sam Lammers,UC Sampdoria,2022-23,FW,26,1985,2,2,2023-06-04,2023-06-15,2.0
386967,Przemysław Wiśniewski,Spezia Calcio,2022-23,DF,24,1000,1,0,2023-06-04,2023-06-15,3.0
387234,Szymon Żurkowski,Spezia Calcio,2022-23,MF,25,454,0,1,2023-06-04,2023-06-15,3.5
388382,Assan Ceesay,US Lecce,2022-23,FW,29,1814,6,0,2023-06-04,2023-06-15,2.5
389837,Nicolò Casale,Società Sportiva Lazio S.p.A.,2022-23,DF,25,2436,1,1,2023-06-04,2023-06-15,22.0
390160,Salvatore Esposito,Spezia Calcio,2022-23,MF,22,971,1,0,2023-06-04,2023-06-15,3.3
390177,Nedim Bajrami,FC Empoli,2022-23,MF,24,1748,2,2,2023-06-04,2023-06-15,7.5
390638,Arthur Cabral,ACF Fiorentina,2022-23,FW,25,1427,8,2,2023-06-04,2023-06-15,20.0
391065,Hamed Traoré,US Sassuolo,2022-23,FW,23,593,0,3,2023-06-04,2023-06-20,22.0
391498,Mert Çetin,US Lecce,2022-23,DF,26,21,0,0,2023-06-04,2023-06-08,1.2
392085,Nicolò Zaniolo,Associazione Sportiva Roma,2022-23,FW,23,896,1,0,2023-06-04,2023-06-08,27.0
392516,Antonino Gallo,US Lecce,2022-23,DF,23,2486,0,2,2023-06-04,2023-06-15,2.5
392538,Tommaso Pobega,AC Milan,2022-23,MF,23,878,2,0,2023-06-04,2023-06-15,14.0
392545,Frank Tsadjout,US Cremonese,2022-23,FW,23,1057,3,1,2023-06-04,2023-06-15,1.2
392771,Ethan Ampadu,Spezia Calcio,2022-23,MF,22,2648,0,1,2023-06-04,2023-06-15,9.0
392959,Andrea Colpani,AC Monza,2022-23,MF,24,940,4,1,2023-06-04,2023-06-15,4.0
392966,Nadir Zortea,US Sassuolo,2022-23,DF,23,871,1,1,2023-06-04,2023-06-15,2.0
394152,Emanuel Aiwu,US Cremonese,2022-23,DF,22,1652,0,0,2023-06-04,2023-06-15,3.0
394300,Davide Frattesi,US Sassuolo,2022-23,MF,23,2891,7,0,2023-06-04,2023-06-15,25.0
394346,Emanuel Vignato,Bologna Football Club 1909,2022-23,FW,22,291,1,1,2023-06-04,2023-06-15,2.0
395083,Andreaw Gravillon,Torino FC,2022-23,DF,25,313,0,0,2023-06-04,2023-06-15,4.0
395236,Yacine Adli,AC Milan,2022-23,MF,22,140,0,0,2023-06-04,2023-06-15,8.0
397033,Sandro Tonali,AC Milan,2022-23,MF,23,2718,2,7,2023-06-04,2023-06-15,50.0
397225,Alessandro Zanoli,UC Sampdoria,2022-23,DF,22,1550,2,2,2023-06-04,2023-06-15,6.0
398163,Gonzalo Villar,UC Sampdoria,2022-23,MF,25,695,0,0,2023-06-04,2023-06-13,2.8
398808,Martin Hongla,Hellas Verona,2022-23,MF,25,523,0,0,2023-06-04,2023-06-13,3.0
399543,Rémi Oudin,US Lecce,2022-23,MF,26,1316,3,0,2023-06-04,2023-06-15,4.0
400485,Adam Ounas,SSC Napoli,2022-23,FW,26,13,0,0,2023-06-04,2023-06-27,7.0
400489,Eljif Elmas,SSC Napoli,2022-23,MF,23,1617,6,3,2023-06-04,2023-06-15,26.0
401527,Rogério,US Sassuolo,2022-23,DF,25,2998,0,3,2023-06-04,2023-06-15,5.5
401529,Dodô,ACF Fiorentina,2022-23,DF,24,2338,1,4,2023-06-04,2023-06-15,20.0
401923,Victor Osimhen,SSC Napoli,2022-23,FW,24,2581,26,5,2023-06-04,2023-06-15,120.0
404260,Aleksa Terzic,ACF Fiorentina,2022-23,DF,23,926,1,2,2023-06-04,2023-06-15,2.0
405885,Giacomo Raspadori,SSC Napoli,2022-23,FW,23,947,2,2,2023-06-04,2023-06-15,35.0
406040,Ademola Lookman,Atalanta BC,2022-23,FW,25,1732,13,8,2023-06-04,2023-06-15,30.0
406625,Lautaro Martínez,Inter Milan,2022-23,FW,25,2574,21,7,2023-06-04,2023-06-15,85.0
406806,Emil Bohinen,US Salernitana 1919,2022-23,MF,24,825,0,0,2023-06-04,2023-06-15,3.4
407265,Luca Zanimacchia,US Cremonese,2022-23,FW,24,748,0,0,2023-06-04,2023-06-12,1.8
410158,Rodrigo Becão,Udinese Calcio,2022-23,DF,27,2487,2,1,2023-06-04,2023-06-15,10.0
412513,Thomas Henry,Hellas Verona,2022-23,FW,28,1036,2,1,2023-06-04,2023-06-15,4.0
412649,Tommaso Cassandro,US Lecce,2022-23,DF,23,13,0,0,2023-06-04,2023-06-15,0.9
413507,Nikola Milenković,ACF Fiorentina,2022-23,DF,25,2136,2,1,2023-06-04,2023-06-15,18.0
413565,Jhon Lucumí,Bologna Football Club 1909,2022-23,DF,24,2901,0,2,2023-06-04,2023-06-15,12.0
413605,David Okereke,US Cremonese,2022-23,FW,25,2276,7,2,2023-06-04,2023-06-15,4.0
416386,Abdou Harroui,US Sassuolo,2022-23,MF,25,634,2,0,2023-06-04,2023-06-15,2.7
418543,Perr Schuurs,Torino FC,2022-23,DF,23,2329,0,2,2023-06-04,2023-06-15,25.0
418559,Erik Botheim,US Salernitana 1919,2022-23,FW,23,856,1,3,2023-06-04,2023-06-15,3.5
421768,Alessandro Cortinovis,Hellas Verona,2022-23,MF,22,5,0,0,2023-06-04,2023-06-12,0.7
423436,Santiago Ascacíbar,US Cremonese,2022-23,MF,26,727,0,0,2023-06-04,2023-07-04,5.5
425918,Jakub Kiwior,Spezia Calcio,2022-23,DF,23,1447,0,0,2023-06-04,2023-06-20,25.0
428563,Lewis Ferguson,Bologna Football Club 1909,2022-23,MF,23,2321,7,0,2023-06-04,2023-06-15,12.0
430280,Hans Nicolussi Caviglia,US Salernitana 1919,2022-23,MF,22,585,1,0,2023-06-04,2023-06-15,2.0
431811,Ola Solbakken,Associazione Sportiva Roma,2022-23,FW,24,505,1,2,2023-06-04,2023-06-15,3.5
432090,Nicolò Fagioli,Juventus FC,2022-23,MF,22,1521,3,4,2023-06-04,2023-06-15,35.0
432092,Roberto Piccoli,FC Empoli,2022-23,FW,22,703,2,0,2023-06-04,2023-06-15,3.5
433584,Alessio Zerbin,SSC Napoli,2022-23,MF,24,193,0,0,2023-06-04,2023-06-15,4.0
434676,Ronaldo Vieira,UC Sampdoria,2022-23,MF,24,830,0,0,2023-06-04,2023-06-15,2.0
435228,Ardian Ismajli,FC Empoli,2022-23,DF,26,2091,0,0,2023-06-04,2023-06-15,3.5
435648,Joshua Zirkzee,Bologna Football Club 1909,2022-23,FW,22,811,2,2,2023-06-04,2023-06-15,9.0
435772,Charles De Ketelaere,AC Milan,2022-23,MF,22,1101,0,1,2023-06-04,2023-06-15,22.0
439072,Matías Viña,Associazione Sportiva Roma,2022-23,DF,25,54,0,0,2023-06-04,2023-06-20,8.0
445126,Emanuele Valeri,US Cremonese,2022-23,DF,24,2791,2,3,2023-06-04,2023-06-15,3.5
449151,Junior Messias,AC Milan,2022-23,FW,32,1508,5,2,2023-06-04,2023-06-15,4.5
450417,Dylan Bronn,US Salernitana 1919,2022-23,DF,27,1683,0,0,2023-06-04,2023-06-15,2.5
450936,Tanguy Ndombélé,SSC Napoli,2022-23,MF,26,796,1,0,2023-06-04,2023-06-15,22.0
457673,Gabriel Strefezza,US Lecce,2022-23,FW,26,2462,8,4,2023-06-04,2023-06-15,10.0
458777,Giacomo Quagliata,US Cremonese,2022-23,DF,23,691,0,1,2023-06-04,2023-06-15,2.0
459151,Nicolò Cambiaghi,FC Empoli,2022-23,FW,22,1280,6,2,2023-06-04,2023-06-15,8.0
459655,Matteo Lovato,US Salernitana 1919,2022-23,DF,23,808,0,0,2023-06-04,2023-06-15,6.0
459658,Andrea Cambiaso,Bologna Football Club 1909,2022-23,DF,23,2170,0,3,2023-06-04,2023-06-15,8.0
459763,Marco Carnesecchi,US Cremonese,2022-23,GK,22,2430,0,1,2023-06-04,2023-06-15,13.0
461019,Samuele Birindelli,AC Monza,2022-23,DF,23,1391,0,2,2023-06-04,2023-06-15,2.3
461496,Morten Hjulmand,US Lecce,2022-23,MF,23,2964,0,4,2023-06-04,2023-06-15,15.0
461833,Caleb Okoli,Atalanta BC,2022-23,DF,21,953,0,0,2023-06-04,2023-06-15,10.0
461906,João Moutinho,Spezia Calcio,2022-23,DF,25,57,0,0,2023-06-04,2023-06-15,1.5
467992,Samuele Ricci,Torino FC,2022-23,MF,21,2073,2,1,2023-06-04,2023-06-15,20.0
468301,Marcos Antônio,Società Sportiva Lazio S.p.A.,2022-23,MF,22,589,1,1,2023-06-04,2023-06-15,8.0
469211,Liberato Cacace,FC Empoli,2022-23,DF,22,581,0,0,2023-06-04,2023-06-15,2.0
470391,Jayden Braaf,Hellas Verona,2022-23,FW,20,288,0,0,2023-06-04,2023-06-15,1.0
470794,Ivan Ilić,Torino FC,2022-23,MF,22,2033,2,4,2023-06-04,2023-06-15,19.0
481173,Mady Camara,Associazione Sportiva Roma,2022-23,MF,26,698,0,0,2023-06-04,2023-06-15,10.0
481344,Alessandro Russo,US Sassuolo,2022-23,GK,22,90,0,0,2023-06-04,2023-06-15,0.35
481834,Andrea Carboni,AC Monza,2022-23,DF,22,164,0,0,2023-06-04,2023-06-12,4.0
482836,David Strelec,Spezia Calcio,2022-23,FW,22,165,0,0,2023-06-04,2023-06-12,1.1
486031,Nico González,ACF Fiorentina,2022-23,FW,25,1354,6,1,2023-06-04,2023-06-15,30.0
486624,Musa Barrow,Bologna Football Club 1909,2022-23,FW,24,1969,3,8,2023-06-04,2023-06-15,11.0
487834,Lorenzo Pirola,US Salernitana 1919,2022-23,DF,21,1949,2,0,2023-06-04,2023-06-15,8.0
487843,Lorenzo Colombo,US Lecce,2022-23,FW,21,1517,5,2,2023-06-04,2023-06-15,5.0
488996,Thórir Jóhann Helgason,US Lecce,2022-23,MF,22,215,0,0,2023-06-04,2023-06-15,0.8
489611,Filippo Ranocchia,AC Monza,2022-23,MF,22,527,1,0,2023-06-04,2023-06-15,1.8
490384,Koni De Winter,FC Empoli,2022-23,DF,20,1024,0,0,2023-06-04,2023-06-15,4.0
491648,Diego Valencia,US Salernitana 1919,2022-23,FW,23,221,0,0,2023-06-04,2023-06-15,2.0
491693,Nehuén Pérez,Udinese Calcio,2022-23,DF,22,2826,2,0,2023-06-04,2023-06-15,10.0
496745,Emil Holm,Spezia Calcio,2022-23,DF,23,1399,1,2,2023-06-04,2023-06-15,5.0
497291,Nicolás Domínguez,Bologna Football Club 1909,2022-23,MF,24,2308,3,2,2023-06-04,2023-06-15,17.0
502670,Khvicha Kvaratskhelia,SSC Napoli,2022-23,FW,22,2539,12,13,2023-06-04,2023-06-15,85.0
503075,Isak Hien,Hellas Verona,2022-23,DF,24,2607,0,0,2023-06-04,2023-06-15,6.0
503482,Min-jae Kim,SSC Napoli,2022-23,DF,26,3054,2,2,2023-06-04,2023-06-15,60.0
503881,Aster Vranckx,AC Milan,2022-23,MF,20,235,0,1,2023-06-04,2023-06-15,8.5
508371,Emil Konradsen Ceide,US Sassuolo,2022-23,FW,21,504,0,2,2023-06-04,2023-06-15,2.5
509022,Federico Gatti,Juventus FC,2022-23,DF,24,1446,0,0,2023-06-04,2023-06-15,12.0
516716,Bremer,Juventus FC,2022-23,DF,26,2640,4,1,2023-06-04,2023-06-15,40.0
521964,Malick Thiaw,AC Milan,2022-23,DF,21,1363,0,0,2023-06-04,2023-06-15,20.0
524481,Roger Ibañez,Associazione Sportiva Roma,2022-23,DF,24,2796,3,0,2023-06-04,2023-06-15,30.0
525704,Nicolò Rovella,AC Monza,2022-23,MF,21,1772,1,2,2023-06-04,2023-06-15,18.0
528833,Lazar Samardžić,Udinese Calcio,2022-23,MF,21,1850,5,4,2023-06-04,2023-06-15,14.0
532937,Johan Vásquez,US Cremonese,2022-23,DF,24,1809,1,0,2023-06-04,2023-06-15,3.6
537765,Pablo Rodríguez,US Lecce,2022-23,MF,21,50,0,0,2023-06-04,2023-06-12,2.0
538569,Tommaso Milanese,US Cremonese,2022-23,MF,20,25,0,0,2023-06-04,2023-06-12,1.2
538974,Janis Antiste,US Sassuolo,2022-23,FW,20,50,1,0,2023-06-04,2023-06-16,3.0
539134,Daniel Maldini,Spezia Calcio,2022-23,MF,21,620,2,0,2023-06-04,2023-06-15,3.0
539154,Leandro Sanca,Spezia Calcio,2022-23,FW,23,28,0,0,2023-06-04,2023-06-16,0.4
543771,Kristjan Asllani,Inter Milan,2022-23,MF,21,580,0,0,2023-06-04,2023-06-15,12.0
544149,David Zima,Torino FC,2022-23,DF,22,402,0,0,2023-06-04,2023-06-15,5.0
545538,Lameck Banda,US Lecce,2022-23,FW,22,1634,2,1,2023-06-04,2023-06-15,4.0
546880,Brandon Soppy,Atalanta BC,2022-23,MF,21,735,0,4,2023-06-04,2023-06-15,9.0
547985,Fabiano Parisi,FC Empoli,2022-23,DF,22,2834,2,2,2023-06-04,2023-06-15,10.0
550106,Matteo Cancellieri,Società Sportiva Lazio S.p.A.,2022-23,FW,21,237,0,0,2023-06-04,2023-06-15,5.0
550108,Nicola Zalewski,Associazione Sportiva Roma,2022-23,MF,21,2206,2,1,2023-06-04,2023-06-15,20.0
551752,Demba Seck,Torino FC,2022-23,FW,22,513,0,0,2023-06-04,2023-06-15,2.7
552059,Lukas Vorlicky,Atalanta BC,2022-23,FW,21,22,0,0,2023-06-04,2023-06-15,0.1
552549,Matheus Henrique,US Sassuolo,2022-23,MF,25,1952,4,1,2023-06-04,2023-06-15,10.0
555015,Ruan,US Sassuolo,2022-23,DF,23,1717,0,0,2023-06-04,2023-06-15,4.5
556385,Destiny Udogie,Udinese Calcio,2022-23,DF,20,2711,3,4,2023-06-04,2023-06-15,25.0
562049,Edoardo Bove,Associazione Sportiva Roma,2022-23,MF,21,987,1,0,2023-06-04,2023-06-15,10.0
564305,Michel Adopo,Torino FC,2022-23,MF,22,262,0,0,2023-06-04,2023-06-15,0.5
564785,Kristian Thorstvedt,US Sassuolo,2022-23,MF,24,1128,2,1,2023-06-04,2023-06-15,7.5
566615,Mikael Egill Ellertsson,Spezia Calcio,2022-23,MF,21,164,0,0,2023-06-04,2023-06-12,1.5
567129,Josh Doig,Hellas Verona,2022-23,DF,21,1354,2,4,2023-06-04,2023-06-15,8.0
569387,Valentin Gendrey,US Lecce,2022-23,DF,22,3104,0,4,2023-06-04,2023-06-15,4.0
569939,Tommaso Barbieri,Juventus FC,2022-23,DF,20,109,0,0,2023-06-04,2023-06-19,1.2
571604,Giorgio Scalvini,Atalanta BC,2022-23,DF,19,2343,2,1,2023-06-04,2023-06-15,40.0
571607,Fabio Miretti,Juventus FC,2022-23,MF,19,1233,0,3,2023-06-04,2023-06-15,15.0
574495,Kristoffer Askildsen,US Lecce,2022-23,MF,22,722,0,0,2023-06-04,2023-06-15,2.0
577394,Denso Kasius,Bologna Football Club 1909,2022-23,DF,20,341,0,2,2023-06-04,2023-06-12,1.7
579930,Armand Laurienté,US Sassuolo,2022-23,FW,24,2190,7,6,2023-06-04,2023-06-15,18.0
581672,Samuel Iling-Junior,Juventus FC,2022-23,MF,19,311,1,1,2023-06-04,2023-06-15,9.0
582353,Mattia Zanotti,Inter Milan,2022-23,DF,20,26,0,0,2023-06-04,2023-06-15,0.8
585949,Pierre Kalulu,AC Milan,2022-23,DF,22,2543,1,0,2023-06-04,2023-06-15,30.0
585982,Carlos Augusto,AC Monza,2022-23,DF,24,3086,6,5,2023-06-04,2023-06-15,15.0
586756,Festy Ebosele,Udinese Calcio,2022-23,DF,20,401,0,1,2023-06-04,2023-06-15,3.5
587458,Kevin Agudelo,Spezia Calcio,2022-23,MF,24,2137,0,1,2023-06-04,2023-06-15,3.0
594505,Raimonds Krollis,Spezia Calcio,2022-23,FW,21,32,0,0,2023-06-04,2023-06-15,2.5
595809,Beto,Udinese Calcio,2022-23,FW,25,2131,10,1,2023-06-04,2023-06-15,25.0
602124,Alessandro Bianco,ACF Fiorentina,2022-23,MF,20,150,0,0,2023-06-04,2023-06-15,0.8
602299,Petar Zovko,Spezia Calcio,2022-23,GK,21,73,0,0,2023-06-04,2023-06-15,0.1
603891,Emmanuel Ekong,FC Empoli,2022-23,FW,20,18,0,0,2023-06-04,2023-06-12,0.25
606160,Herculano Nabian,FC Empoli,2022-23,FW,19,1,0,0,2023-06-04,2023-06-13,0.45
607854,Éderson,Atalanta BC,2022-23,MF,23,2221,1,1,2023-06-04,2023-06-15,20.0
608469,Adolfo Gaich,Hellas Verona,2022-23,FW,24,723,2,1,2023-06-04,2023-06-15,1.8
610442,Rasmus Højlund,Atalanta BC,2022-23,FW,20,1835,9,4,2023-06-04,2023-06-15,45.0
610881,Christian Acella,US Cremonese,2022-23,MF,20,14,0,0,2023-06-04,2023-06-15,0.15
612065,Karim Zedadka,SSC Napoli,2022-23,MF,22,18,0,0,2023-06-04,2023-06-15,0.2
613539,Marco Bertini,Società Sportiva Lazio S.p.A.,2022-23,MF,20,1,0,0,2023-06-04,2023-06-15,0.1
616169,Duccio Degli Innocenti,FC Empoli,2022-23,MF,20,2,0,0,2023-06-04,2023-06-15,0.5
616631,Matteo Ruggeri,Atalanta BC,2022-23,DF,20,825,0,1,2023-06-04,2023-06-15,4.0
618341,Mario Gila,Società Sportiva Lazio S.p.A.,2022-23,DF,22,87,0,0,2023-06-04,2023-06-15,3.0
622031,Tommaso De Nipoti,Atalanta BC,2022-23,FW,19,3,0,0,2023-06-04,2023-06-13,0.175
622801,Flavio Paoletti,UC Sampdoria,2022-23,MF,20,275,0,0,2023-06-04,2023-06-15,0.8
623040,Yayah Kallon,Hellas Verona,2022-23,FW,21,851,1,1,2023-06-04,2023-06-15,1.5
624436,Gerard Yepes,UC Sampdoria,2022-23,MF,20,197,0,0,2023-06-04,2023-06-15,0.5
624548,Salva Ferrer,Spezia Calcio,2022-23,DF,25,131,0,0,2023-06-04,2023-06-15,0.8
626913,Boulaye Dia,US Salernitana 1919,2022-23,FW,26,2526,16,6,2023-06-04,2023-06-15,25.0
631007,Filippo Terracciano,Hellas Verona,2022-23,DF,20,816,0,1,2023-06-04,2023-06-15,1.5
640109,Martín Satriano,FC Empoli,2022-23,FW,22,1708,2,1,2023-06-04,2023-06-15,7.0
641537,Tommaso Baldanzi,FC Empoli,2022-23,MF,20,1788,4,0,2023-06-04,2023-06-15,15.0
644676,Bruno Amione,UC Sampdoria,2022-23,DF,21,2151,1,1,2023-06-04,2023-06-15,2.7
647534,Joel Voelkerling Persson,US Lecce,2022-23,FW,20,92,0,0,2023-06-04,2023-06-15,0.6
648032,James Abankwah,Udinese Calcio,2022-23,DF,19,63,0,0,2023-06-04,2023-06-15,0.3
648779,Wilfried Singo,Torino FC,2022-23,DF,22,2055,2,2,2023-06-04,2023-06-15,12.0
650966,Samuele Vignato,AC Monza,2022-23,MF,19,58,0,1,2023-06-04,2023-06-15,0.6
650993,Filippo Missori,Associazione Sportiva Roma,2022-23,DF,19,181,0,0,2023-06-04,2023-06-13,0.8
653415,Leonardo Buta,Udinese Calcio,2022-23,DF,20,14,0,0,2023-06-04,2023-06-15,1.5
657742,Joaquín Sosa,Bologna Football Club 1909,2022-23,DF,21,686,0,0,2023-06-04,2023-06-15,3.0
659516,Warren Bondo,AC Monza,2022-23,MF,19,56,0,0,2023-06-04,2023-06-12,0.7
660860,Diego Coppola,Hellas Verona,2022-23,DF,19,1172,0,0,2023-06-04,2023-06-15,4.0
668951,Matías Soulé,Juventus FC,2022-23,FW,20,420,1,0,2023-06-04,2023-06-15,4.0
671915,Enzo Barrenechea,Juventus FC,2022-23,MF,22,158,0,0,2023-06-04,2023-06-15,0.9
678441,Daniele Montevago,UC Sampdoria,2022-23,FW,20,229,0,0,2023-06-04,2023-06-15,0.8
679754,Niklas Pyyhtiä,Bologna Football Club 1909,2022-23,MF,19,104,0,1,2023-06-04,2023-06-15,0.6
686965,Juan Cabal,Hellas Verona,2022-23,DF,22,439,0,0,2023-06-04,2023-06-15,2.5
691482,Jacopo Fazzini,FC Empoli,2022-23,MF,20,819,0,0,2023-06-04,2023-06-15,3.5
692209,Joan González,US Lecce,2022-23,MF,21,2207,1,3,2023-06-04,2023-06-15,6.0
698110,Lorenzo Malagrida,UC Sampdoria,2022-23,MF,19,105,0,0,2023-06-04,2023-06-15,0.4
698548,Marko Lazetić,AC Milan,2022-23,FW,19,8,0,0,2023-06-04,2023-06-12,2.0
700643,Martin Turk,UC Sampdoria,2022-23,GK,19,360,0,0,2023-06-04,2023-06-15,0.4
704347,Antonio Pio Iervolino,US Salernitana 1919,2022-23,MF,20,4,0,0,2023-06-04,2023-06-15,0.1
704692,Nicolò Cocetta,Udinese Calcio,2022-23,DF,19,31,0,0,2023-06-04,2023-06-13,0.075
715470,Brian Bayeye,Torino FC,2022-23,DF,22,63,0,0,2023-06-04,2023-06-15,0.5
725242,Luca D'Andrea,US Sassuolo,2022-23,FW,18,321,0,1,2023-06-04,2023-06-15,2.5
727865,Alberto Basso Ricci,US Cremonese,2022-23,FW,18,15,0,0,2023-06-04,2023-06-13,0.1
731491,Franco Carboni,AC Monza,2022-23,DF,20,64,0,0,2023-06-04,2023-06-15,1.0
743091,Emirhan İlkhan,UC Sampdoria,2022-23,MF,19,192,0,0,2023-06-04,2023-06-15,4.0
746891,Cristian Volpato,Associazione Sportiva Roma,2022-23,MF,19,223,1,1,2023-06-04,2023-06-15,3.0
769063,Luka Romero,Società Sportiva Lazio S.p.A.,2022-23,FW,18,149,1,0,2023-06-04,2023-06-15,3.0
787618,Valentín Carboni,Inter Milan,2022-23,MF,18,21,0,0,2023-06-04,2023-06-15,5.0
787907,Benjamin Tahirović,Associazione Sportiva Roma,2022-23,MF,20,352,0,0,2023-06-04,2023-06-15,1.5
795431,Tio Cipot,Spezia Calcio,2022-23,FW,20,132,0,0,2023-06-04,2023-06-15,0.7
798929,Gvidas Gineitis,Torino FC,2022-23,MF,19,136,0,0,2023-06-04,2023-06-15,0.9
802512,Julius Beck,Spezia Calcio,2022-23,MF,18,9,0,0,2023-06-04,2023-06-15,0.25
812625,Agustín Álvarez,US Sassuolo,2022-23,FW,22,350,1,1,2023-06-04,2023-06-15,8.0
813137,Niccolò Pisilli,Associazione Sportiva Roma,2022-23,MF,18,1,0,0,2023-06-04,2023-06-13,1.0
818888,Antonio Raimondo,Bologna Football Club 1909,2022-23,FW,19,13,0,0,2023-06-04,2023-06-15,0.8
846302,Jordan Majchrzak,Associazione Sportiva Roma,2022-23,FW,18,13,0,0,2023-06-04,2023-06-13,0.4
849865,Mihailo Ivanović,UC Sampdoria,2022-23,FW,18,3,0,0,2023-06-04,2023-06-13,0.15
858719,Telasco Segovia,UC Sampdoria,2022-23,MF,20,3,0,0,2023-06-04,2023-06-13,0.5
872380,Felix Afena-Gyan,US Cremonese,2022-23,FW,20,806,0,1,2023-06-04,2023-06-15,5.0
876400,Simone Pafundi,Udinese Calcio,2022-23,MF,17,77,0,0,2023-06-04,2023-06-15,8.0
925584,Axel Guessand,Udinese Calcio,2022-23,DF,18,80,0,0,2023-06-04,2023-06-15,0.25
982267,Ibrahim Sulemana,Hellas Verona,2022-23,MF,20,645,0,0,2023-06-04,2023-06-15,1.5
1014243,Vivaldo Semedo,Udinese Calcio,2022-23,FW,18,32,0,0,2023-06-04,2023-06-15,0.5
12907,Alessio Cragno,US Sassuolo,2023-24,GK,29,270,0,0,2024-06-02,2024-06-05,1.5
22141,Antonio Mirante,AC Milan,2023-24,GK,40,178,0,0,2024-06-02,2024-06-05,0.1
22628,Benoît Costil,US Salernitana 1919,2023-24,GK,36,1170,0,0,2024-06-02,2024-06-05,0.6
25488,Antonio Candreva,US Salernitana 1919,2023-24,MF,37,2757,6,6,2024-06-02,2024-06-05,1.0
26485,Jérôme Boateng,US Salernitana 1919,2023-24,DF,35,238,0,0,2024-06-02,2024-06-05,0.4
29559,Guillermo Ochoa,US Salernitana 1919,2023-24,GK,38,1890,0,0,2024-06-02,2024-06-05,1.0
32113,Armando Izzo,AC Monza,2023-24,DF,32,1652,0,0,2024-06-02,2024-06-05,2.5
33571,Lorenzo De Silvestri,Bologna Football Club 1909,2023-24,DF,36,673,2,0,2024-06-02,2024-06-05,0.4
35865,Andrea Consigli,US Sassuolo,2023-24,GK,37,3150,0,0,2024-06-02,2024-06-05,0.8
38607,Federico Di Francesco,US Lecce,2023-24,FW,29,14,1,0,2024-06-02,2024-06-03,1.4
40433,Alexis Sánchez,Inter Milan,2023-24,FW,35,750,2,5,2024-06-02,2024-06-05,2.5
40633,Milan Badelj,Genoa CFC,2023-24,MF,35,2556,1,3,2024-06-02,2024-06-05,0.8
41384,Marko Arnautovic,Inter Milan,2023-24,FW,35,781,5,3,2024-06-02,2024-06-05,4.0
41912,Simone Aresti,Cagliari Calcio,2023-24,GK,38,1,0,0,2024-06-02,2024-06-05,0.075
42205,Yann Sommer,Inter Milan,2023-24,GK,35,3060,0,0,2024-06-02,2024-06-05,5.0
44058,Wojciech Szczesny,Juventus FC,2023-24,GK,34,3150,0,0,2024-06-02,2024-06-05,6.0
45026,Rui Patrício,Associazione Sportiva Roma,2023-24,GK,36,2070,0,0,2024-06-02,2024-06-05,1.0
45314,Federico Fazio,US Salernitana 1919,2023-24,DF,37,1356,1,0,2024-06-02,2024-06-05,0.4
48859,Simon Kjær,AC Milan,2023-24,DF,35,1171,0,1,2024-06-02,2024-06-05,1.5
51736,Marco Mancosu,Cagliari Calcio,2023-24,MF,35,156,0,0,2024-06-02,2024-06-05,0.4
54906,Matteo Darmian,Inter Milan,2023-24,DF,34,2411,2,2,2024-06-02,2024-06-05,4.0
55000,Vincenzo Fiorillo,US Salernitana 1919,2023-24,GK,34,360,0,0,2024-06-02,2024-06-05,0.15
55735,Henrikh Mkhitaryan,Inter Milan,2023-24,MF,35,2804,2,10,2024-06-02,2024-06-05,6.0
55769,Danilo D'Ambrosio,AC Monza,2023-24,DF,35,1536,0,0,2024-06-02,2024-06-05,1.0
57280,Giacomo Bonaventura,ACF Fiorentina,2023-24,MF,34,2287,8,3,2024-06-02,2024-06-05,3.0
64793,Leonardo Pavoletti,Cagliari Calcio,2023-24,FW,35,621,4,1,2024-06-02,2024-06-05,0.8
65278,Pedro,Società Sportiva Lazio S.p.A.,2023-24,FW,36,797,1,1,2024-06-02,2024-06-05,1.0
67556,Milan Djuric,AC Monza,2023-24,FW,34,2464,9,3,2024-06-02,2024-06-05,1.5
68864,Kevin Strootman,Genoa CFC,2023-24,MF,34,1210,0,2,2024-06-02,2024-06-05,0.8
70411,Darko Lazović,Hellas Verona,2023-24,MF,33,1945,3,2,2024-06-02,2024-06-05,1.5
70580,Raffaele Di Gennaro,Inter Milan,2023-24,GK,30,22,0,0,2024-06-02,2024-06-05,0.3
72441,Rafael Tolói,Atalanta BC,2023-24,DF,33,963,0,0,2024-06-02,2024-06-05,2.5
73794,Duván Zapata,Torino FC,2023-24,FW,33,3005,13,4,2024-06-02,2024-06-05,8.0
73926,Davide Faraoni,Hellas Verona,2023-24,DF,32,993,0,2,2024-06-02,2024-06-05,1.5
75411,Carlo Pinsoglio,Juventus FC,2023-24,GK,34,45,0,0,2024-06-02,2024-06-05,0.2
77825,Etrit Berisha,FC Empoli,2023-24,GK,35,1260,0,0,2024-06-02,2024-06-05,0.5
79960,Alex Sandro,Juventus FC,2023-24,DF,33,716,1,0,2024-06-02,2024-06-05,2.0
80894,Lukasz Skorupski,Bologna Football Club 1909,2023-24,GK,33,2880,0,0,2024-06-02,2024-06-05,3.5
81512,Christian Kabasele,Udinese Calcio,2023-24,DF,33,861,1,1,2024-06-02,2024-06-05,1.0
82048,Nicola Sansone,US Lecce,2023-24,FW,32,750,2,2,2024-06-02,2024-06-05,1.0
82070,Diego Demme,SSC Napoli,2023-24,MF,32,73,0,0,2024-06-02,2024-06-05,0.8
82442,Olivier Giroud,AC Milan,2023-24,FW,37,2372,15,8,2024-06-02,2024-06-05,3.0
84765,Francesco Caputo,FC Empoli,2023-24,FW,36,1274,3,0,2024-06-02,2024-06-05,1.0
85393,Nicolas Viola,Cagliari Calcio,2023-24,MF,34,1202,5,2,2024-06-02,2024-06-05,0.8
85528,Marco Silvestri,Udinese Calcio,2023-24,GK,33,1530,0,0,2024-06-02,2024-06-05,1.0
86784,Ricardo Rodríguez,Torino FC,2023-24,DF,31,2784,1,2,2024-06-02,2024-06-05,3.5
87884,Mário Rui,SSC Napoli,2023-24,DF,33,1207,0,2,2024-06-02,2024-06-05,3.5
88680,Luca Caldirola,AC Monza,2023-24,DF,33,2139,1,1,2024-06-02,2024-06-05,1.3
88682,Mattia De Sciglio,Juventus FC,2023-24,DF,31,45,0,0,2024-06-02,2024-06-05,1.0
88683,Mattia Destro,FC Empoli,2023-24,FW,33,356,0,0,2024-06-02,2024-06-05,0.5
88684,Giulio Donati,AC Monza,2023-24,DF,34,32,0,0,2024-06-02,2024-06-05,0.3
88706,Simone Romagnoli,Frosinone Calcio,2023-24,DF,34,2716,1,1,2024-06-02,2024-06-05,0.8
91970,Juan Cuadrado,Inter Milan,2023-24,MF,36,258,0,2,2024-06-02,2024-06-05,1.0
94005,Sead Kolasinac,Atalanta BC,2023-24,DF,30,2182,1,0,2024-06-02,2024-06-05,10.0
94529,Stephan El Shaarawy,Associazione Sportiva Roma,2023-24,FW,31,1740,3,4,2024-06-02,2024-06-05,5.0
96254,Pietro Terracciano,ACF Fiorentina,2023-24,GK,34,2970,0,0,2024-06-02,2024-06-05,2.5
96341,Romelu Lukaku,Associazione Sportiva Roma,2023-24,FW,31,2644,13,3,2024-06-02,2024-06-05,30.0
101213,Pedro Obiang,US Sassuolo,2023-24,MF,32,453,0,0,2024-06-02,2024-06-05,0.5
103427,Chris Smalling,Associazione Sportiva Roma,2023-24,DF,34,390,0,0,2024-06-02,2024-06-05,2.5
104752,Konstantinos Manolas,US Salernitana 1919,2023-24,DF,32,492,0,0,2024-06-02,2024-06-05,1.0
105521,Ciro Immobile,Società Sportiva Lazio S.p.A.,2023-24,FW,34,1656,7,1,2024-06-02,2024-06-05,4.0
110923,Mattia Perin,Juventus FC,2023-24,GK,31,225,0,0,2024-06-02,2024-06-05,3.0
111196,Stefan de Vrij,Inter Milan,2023-24,DF,32,1579,1,0,2024-06-02,2024-06-05,7.0
112302,Roberto Pereyra,Udinese Calcio,2023-24,MF,33,1862,4,4,2024-06-02,2024-06-05,2.0
118689,Leonardo Spinazzola,Associazione Sportiva Roma,2023-24,DF,31,1315,1,2,2024-06-02,2024-06-05,4.0
119228,Luis Muriel,Atalanta BC,2023-24,FW,33,395,2,1,2024-06-02,2024-06-13,2.0
121985,Juan Jesus,SSC Napoli,2023-24,DF,32,2119,1,0,2024-06-02,2024-06-05,2.5
124555,Cristiano Biraghi,ACF Fiorentina,2023-24,DF,31,2359,2,5,2024-06-02,2024-06-05,3.5
125020,José Luis Palomino,Atalanta BC,2023-24,DF,34,23,0,0,2024-06-02,2024-06-05,0.7
126414,Hakan Çalhanoğlu,Inter Milan,2023-24,MF,30,2576,13,3,2024-06-02,2024-06-05,45.0
126634,Francesco Rossi,Atalanta BC,2023-24,GK,33,4,0,0,2024-06-02,2024-06-05,0.1
126729,Patric,Società Sportiva Lazio S.p.A.,2023-24,DF,31,1610,2,0,2024-06-02,2024-06-05,4.0
128220,Luis Alberto,Società Sportiva Lazio S.p.A.,2023-24,MF,31,2323,5,8,2024-06-02,2024-06-05,11.0
129674,Jeremy Toljan,US Sassuolo,2023-24,DF,29,2085,0,6,2024-06-02,2024-06-05,3.5
130360,Simone Verdi,Torino FC,2023-24,MF,31,3,0,0,2024-06-02,2024-06-03,2.5
130365,Alessandro Florenzi,AC Milan,2023-24,DF,33,1729,1,4,2024-06-02,2024-06-05,2.0
130394,Gianluca Lapadula,Cagliari Calcio,2023-24,FW,34,1205,3,1,2024-06-02,2024-06-05,1.5
131075,Francesco Acerbi,Inter Milan,2023-24,DF,36,2386,3,1,2024-06-02,2024-06-05,3.5
133179,Marten de Roon,Atalanta BC,2023-24,MF,33,2599,0,5,2024-06-02,2024-06-05,7.0
136111,Nicola Leali,Genoa CFC,2023-24,GK,31,177,0,0,2024-06-02,2024-06-05,0.6
136514,Charalampos Lykogiannis,Bologna Football Club 1909,2023-24,DF,30,899,2,1,2024-06-02,2024-06-05,1.0
143812,Matías Vecino,Società Sportiva Lazio S.p.A.,2023-24,MF,32,1136,6,1,2024-06-02,2024-06-05,2.5
144143,Bartosz Bereszyński,FC Empoli,2023-24,DF,31,1766,0,1,2024-06-02,2024-06-05,1.3
144244,Pantelis Hatzidiakos,Cagliari Calcio,2023-24,DF,27,863,0,0,2024-06-02,2024-06-05,2.5
145707,Danilo,Juventus FC,2023-24,DF,32,2451,1,1,2024-06-02,2024-06-05,10.0
146752,Gianluca Caprari,AC Monza,2023-24,FW,30,286,0,0,2024-06-02,2024-06-05,4.0
148252,Remo Freuler,Bologna Football Club 1909,2023-24,MF,32,2632,1,1,2024-06-02,2024-06-05,6.5
157501,M'Baye Niang,FC Empoli,2023-24,FW,29,706,6,1,2024-06-02,2024-06-05,2.5
157507,Adrien Tamèze,Torino FC,2023-24,MF,30,2152,0,2,2024-06-02,2024-06-05,5.0
159372,Felipe Anderson,Società Sportiva Lazio S.p.A.,2023-24,FW,31,2783,5,6,2024-06-02,2024-06-05,8.0
161011,Filip Kostić,Juventus FC,2023-24,MF,31,1831,0,4,2024-06-02,2024-06-05,6.5
162959,Daniele Rugani,Juventus FC,2023-24,DF,29,1189,2,0,2024-06-02,2024-06-05,4.0
163222,Grégoire Defrel,US Sassuolo,2023-24,FW,32,753,1,2,2024-06-02,2024-06-05,1.0
165513,Berat Djimsiti,Atalanta BC,2023-24,DF,31,2831,0,1,2024-06-02,2024-06-05,10.0
165895,Matteo Politano,SSC Napoli,2023-24,FW,30,2385,8,8,2024-06-02,2024-06-05,13.0
166237,Leandro Paredes,Associazione Sportiva Roma,2023-24,MF,29,2644,3,5,2024-06-02,2024-06-05,8.0
167491,Stefano Sabelli,Genoa CFC,2023-24,DF,31,2450,0,1,2024-06-02,2024-06-05,1.5
167727,Andrea Belotti,ACF Fiorentina,2023-24,FW,30,1626,6,3,2024-06-02,2024-06-05,5.0
168157,Leander Dendoncker,SSC Napoli,2023-24,MF,29,21,0,0,2024-06-02,2024-06-05,7.0
169880,Giovanni Di Lorenzo,SSC Napoli,2023-24,DF,30,3235,1,6,2024-06-02,2024-06-05,15.0
170481,Jean-Daniel Akpa Akpro,AC Monza,2023-24,MF,31,700,0,0,2024-06-02,2024-06-05,1.0
173859,Davide Zappacosta,Atalanta BC,2023-24,MF,31,1875,2,1,2024-06-02,2024-06-05,6.0
176139,Mattia Bani,Genoa CFC,2023-24,DF,30,2310,2,0,2024-06-02,2024-06-05,2.5
177843,Domenico Berardi,US Sassuolo,2023-24,FW,29,1437,9,3,2024-06-02,2024-06-05,10.0
180337,Sardar Azmoun,Associazione Sportiva Roma,2023-24,FW,29,571,3,2,2024-06-02,2024-06-05,8.0
181136,Piotr Zielinski,SSC Napoli,2023-24,MF,30,1938,3,2,2024-06-02,2024-06-05,22.0
182906,Mike Maignan,AC Milan,2023-24,GK,28,2610,0,1,2024-06-02,2024-06-05,38.0
182913,Adrien Rabiot,Juventus FC,2023-24,MF,29,2652,5,3,2024-06-02,2024-06-05,35.0
182932,Davy Klaassen,Inter Milan,2023-24,MF,31,196,0,0,2024-06-02,2024-06-05,4.0
183031,Koffi Djidji,Torino FC,2023-24,DF,31,760,0,0,2024-06-02,2024-06-05,2.5
184892,Florian Thauvin,Udinese Calcio,2023-24,FW,31,1715,5,3,2024-06-02,2024-06-05,3.0
184894,Alfred Duncan,ACF Fiorentina,2023-24,MF,31,1896,2,5,2024-06-02,2024-06-05,4.0
186368,Valentino Lazaro,Torino FC,2023-24,MF,28,1988,0,4,2024-06-02,2024-06-05,3.5
188436,Luigi Canotto,Frosinone Calcio,2023-24,FW,30,15,0,0,2024-06-02,2024-06-03,0.6
191891,Arkadiusz Milik,Juventus FC,2023-24,FW,30,900,4,1,2024-06-02,2024-06-05,6.0
192735,Stanislav Lobotka,SSC Napoli,2023-24,MF,29,3294,0,1,2024-06-02,2024-06-05,28.0
193867,Liam Henderson,FC Empoli,2023-24,MF,28,4,0,0,2024-06-02,2024-06-03,1.4
194549,Simy,US Salernitana 1919,2023-24,FW,32,681,3,0,2024-06-02,2024-06-05,0.5
195171,Samu Castillejo,US Sassuolo,2023-24,FW,29,530,0,0,2024-06-02,2024-06-05,0.6
197470,Mattia Caldara,AC Milan,2023-24,DF,30,32,0,0,2024-06-02,2024-06-05,0.8
197471,Roberto Gagliardini,AC Monza,2023-24,MF,30,2365,1,2,2024-06-02,2024-06-05,3.0
197473,Alberto Grassi,FC Empoli,2023-24,MF,29,1815,0,1,2024-06-02,2024-06-05,1.8
197747,Alessio Romagnoli,Società Sportiva Lazio S.p.A.,2023-24,DF,29,2409,0,0,2024-06-02,2024-06-05,15.0
197751,Alberto Cerri,FC Empoli,2023-24,FW,28,552,1,0,2024-06-02,2024-06-05,1.7
197929,Ivan Provedel,Società Sportiva Lazio S.p.A.,2023-24,GK,30,2700,0,0,2024-06-02,2024-06-05,14.0
198116,Federico Dimarco,Inter Milan,2023-24,DF,26,2104,5,6,2024-06-02,2024-06-05,50.0
199248,Bryan Cristante,Associazione Sportiva Roma,2023-24,MF,29,3292,3,4,2024-06-02,2024-06-05,20.0
199258,Andrea Petagna,Cagliari Calcio,2023-24,FW,28,997,1,1,2024-06-02,2024-06-05,3.8
199733,Danilo Cataldi,Società Sportiva Lazio S.p.A.,2023-24,MF,29,1360,1,0,2024-06-02,2024-06-05,5.5
199953,Caleb Ekuban,Genoa CFC,2023-24,FW,30,1126,4,3,2024-06-02,2024-06-05,1.5
199976,Marco Sportiello,AC Milan,2023-24,GK,32,630,0,0,2024-06-02,2024-06-05,1.5
200056,Elseid Hysaj,Società Sportiva Lazio S.p.A.,2023-24,DF,30,1192,0,0,2024-06-02,2024-06-05,2.5
202886,Ruben Loftus-Cheek,AC Milan,2023-24,MF,28,2081,6,2,2024-06-02,2024-06-05,25.0
203842,Viktor Kovalenko,FC Empoli,2023-24,MF,28,606,2,1,2024-06-02,2024-06-05,1.5
205006,Rick Karsdorp,Associazione Sportiva Roma,2023-24,DF,29,1198,0,3,2024-06-02,2024-06-05,5.0
205054,Norbert Gyömbér,US Salernitana 1919,2023-24,DF,31,1761,0,0,2024-06-02,2024-06-05,1.3
205677,Luca Garritano,Frosinone Calcio,2023-24,MF,30,484,0,0,2024-06-02,2024-06-05,1.2
205938,Mario Pašalić,Atalanta BC,2023-24,MF,29,2046,6,6,2024-06-02,2024-06-05,13.0
206050,Paulo Dybala,Associazione Sportiva Roma,2023-24,FW,30,1974,13,9,2024-06-02,2024-06-05,20.0
207877,Ruslan Malinovskyi,Genoa CFC,2023-24,MF,31,1548,4,1,2024-06-02,2024-06-05,8.0
208172,Mateusz Wieteska,Cagliari Calcio,2023-24,DF,27,959,0,2,2024-06-02,2024-06-05,3.0
208690,George Pușcaș,Genoa CFC,2023-24,FW,28,185,0,0,2024-06-02,2024-06-03,1.5
210178,Pablo Marí,AC Monza,2023-24,DF,30,2616,0,0,2024-06-02,2024-06-05,3.5
215649,Mirko Marić,AC Monza,2023-24,FW,29,280,1,0,2024-06-02,2024-06-04,0.8
216179,Stefano Sensi,Inter Milan,2023-24,MF,28,43,0,1,2024-06-02,2024-06-05,3.0
223974,Stefan Posch,Bologna Football Club 1909,2023-24,DF,27,2418,1,2,2024-06-02,2024-06-05,14.0
225873,Karol Linetty,Torino FC,2023-24,MF,29,1860,0,0,2024-06-02,2024-06-05,3.5
225963,Lautaro Giannetti,Udinese Calcio,2023-24,DF,30,630,1,0,2024-06-02,2024-06-05,2.5
226025,Luca Mazzitelli,Frosinone Calcio,2023-24,MF,28,2222,5,0,2024-06-02,2024-06-05,4.0
226524,Morten Thorsby,Genoa CFC,2023-24,MF,28,1142,2,2,2024-06-02,2024-06-05,3.0
228444,Ridgeciano Haps,Genoa CFC,2023-24,DF,30,770,0,2,2024-06-02,2024-06-05,0.9
232418,Ondrej Duda,Hellas Verona,2023-24,MF,29,2465,1,4,2024-06-02,2024-06-05,4.0
234523,Antonio Sanabria,Torino FC,2023-24,FW,28,2133,5,0,2024-06-02,2024-06-05,7.0
235931,Alessandro Deiola,Cagliari Calcio,2023-24,MF,28,1608,1,0,2024-06-02,2024-06-05,1.9
236041,Alexis Blin,US Lecce,2023-24,MF,27,1632,0,2,2024-06-02,2024-06-05,3.0
237658,Michel Aebischer,Bologna Football Club 1909,2023-24,MF,27,2233,0,1,2024-06-02,2024-06-05,9.0
237666,Silvan Hefti,Genoa CFC,2023-24,DF,26,110,0,0,2024-06-02,2024-06-03,2.5
238537,Wladimiro Falcone,US Lecce,2023-24,GK,29,3420,0,1,2024-06-02,2024-06-05,5.0
238654,Jaime Báez,Frosinone Calcio,2023-24,FW,29,501,1,1,2024-06-02,2024-06-05,0.9
238993,Simone Scuffet,Cagliari Calcio,2023-24,GK,28,2790,0,0,2024-06-02,2024-06-05,2.5
239802,Adam Marusic,Società Sportiva Lazio S.p.A.,2023-24,DF,31,3107,1,0,2024-06-02,2024-06-05,5.0
240219,Lorenzo Venuti,US Lecce,2023-24,DF,29,357,0,0,2024-06-02,2024-06-05,1.2
240252,Karlo Lulić,Frosinone Calcio,2023-24,MF,28,18,0,0,2024-06-02,2024-06-03,0.45
240414,Alex Meret,SSC Napoli,2023-24,GK,27,2774,0,0,2024-06-02,2024-06-05,12.0
240675,Simone Perilli,Hellas Verona,2023-24,GK,29,90,0,0,2024-06-02,2024-06-05,0.2
241076,Emmanuel Gyasi,FC Empoli,2023-24,MF,30,1874,1,3,2024-06-02,2024-06-05,1.8
241527,Federico Bonazzoli,Hellas Verona,2023-24,FW,27,1014,3,1,2024-06-02,2024-06-05,2.5
241923,Lorenzo Montipò,Hellas Verona,2023-24,GK,28,3330,0,1,2024-06-02,2024-06-05,3.5
242359,Juan Musso,Atalanta BC,2023-24,GK,30,990,0,0,2024-06-02,2024-06-05,5.0
242813,Filip Jagiełło,Genoa CFC,2023-24,MF,26,32,0,0,2024-06-02,2024-06-03,1.1
242940,Edoardo Goldaniga,Cagliari Calcio,2023-24,DF,30,1013,0,0,2024-06-02,2024-06-03,1.2
244192,Pierluigi Gollini,SSC Napoli,2023-24,GK,29,630,0,0,2024-06-02,2024-06-05,4.0
245078,Nemanja Radonjic,Torino FC,2023-24,FW,28,373,3,0,2024-06-02,2024-06-07,2.8
246291,Diego Llorente,Associazione Sportiva Roma,2023-24,DF,30,2246,1,1,2024-06-02,2024-06-05,7.0
247377,Kevin Bonifazi,Frosinone Calcio,2023-24,DF,28,397,0,0,2024-06-02,2024-06-05,1.8
247652,Shon Weissman,US Salernitana 1919,2023-24,FW,28,493,1,0,2024-06-02,2024-06-05,1.7
248732,Paweł Dawidowicz,Hellas Verona,2023-24,DF,29,2143,0,0,2024-06-02,2024-06-05,3.0
250153,Pasquale Mazzocchi,US Salernitana 1919,2023-24,DF,28,1704,0,2,2024-06-02,2024-06-05,3.0
250683,Nikita Contini,SSC Napoli,2023-24,GK,28,16,0,0,2024-06-02,2024-06-05,0.4
251075,Zeki Çelik,Associazione Sportiva Roma,2023-24,DF,27,663,0,0,2024-06-02,2024-06-05,6.0
251878,Aarón Martín,Genoa CFC,2023-24,DF,27,1381,0,1,2024-06-02,2024-06-05,5.0
255450,Aleksey Miranchuk,Atalanta BC,2023-24,MF,28,1171,3,6,2024-06-02,2024-06-05,10.0
255461,Przemyslaw Szyminski,Frosinone Calcio,2023-24,DF,29,8,0,0,2024-06-02,2024-06-03,0.7
255838,Patrick Ciurria,AC Monza,2023-24,MF,29,1602,0,2,2024-06-02,2024-06-05,4.0
255942,Nicolò Barella,Inter Milan,2023-24,MF,27,2859,2,6,2024-06-02,2024-06-05,80.0
256339,Emil Audero,Inter Milan,2023-24,GK,27,338,0,0,2024-06-02,2024-06-05,5.0
256448,Gianluca Mancini,Associazione Sportiva Roma,2023-24,DF,28,2874,4,1,2024-06-02,2024-06-05,25.0
257462,Luka Jović,AC Milan,2023-24,FW,26,868,6,1,2024-06-02,2024-06-05,7.0
257474,Vanja Milinković-Savić,Torino FC,2023-24,GK,27,3240,0,0,2024-06-02,2024-06-05,5.0
257732,Amir Rrahmani,SSC Napoli,2023-24,DF,30,2602,3,0,2024-06-02,2024-06-05,15.0
257751,Simone Bastoni,FC Empoli,2023-24,MF,27,748,1,0,2024-06-02,2024-06-05,1.5
258027,Renato Sanches,Associazione Sportiva Roma,2023-24,MF,26,142,1,0,2024-06-02,2024-06-05,6.5
258482,Boris Radunović,Cagliari Calcio,2023-24,GK,28,630,0,0,2024-06-02,2024-06-05,1.0
261905,Suat Serdar,Hellas Verona,2023-24,MF,27,1658,0,2,2024-06-02,2024-06-05,5.0
262523,Davide Calabria,AC Milan,2023-24,DF,27,2194,1,3,2024-06-02,2024-06-05,13.0
265088,Manuel Locatelli,Juventus FC,2023-24,MF,26,3011,1,4,2024-06-02,2024-06-05,28.0
268429,Sandi Lovrić,Udinese Calcio,2023-24,MF,26,1990,1,3,2024-06-02,2024-06-05,8.0
272261,Antonín Barák,ACF Fiorentina,2023-24,MF,29,802,2,3,2024-06-02,2024-06-05,4.5
272812,Kingsley Ehizibue,Udinese Calcio,2023-24,DF,29,956,0,1,2024-06-02,2024-06-05,2.2
275303,Hans Hateboer,Atalanta BC,2023-24,DF,30,1104,0,1,2024-06-02,2024-06-05,3.5
277167,Gian Marco Ferrari,US Sassuolo,2023-24,DF,32,2269,1,0,2024-06-02,2024-06-05,1.4
277179,Angeliño,Associazione Sportiva Roma,2023-24,DF,27,1148,0,1,2024-06-02,2024-06-05,8.0
278531,Sebastiano Luperto,FC Empoli,2023-24,DF,27,3407,1,1,2024-06-02,2024-06-05,3.5
282144,Marin Pongracic,US Lecce,2023-24,DF,26,3220,0,0,2024-06-02,2024-06-05,7.0
282388,Giovanni Simeone,SSC Napoli,2023-24,FW,28,786,1,1,2024-06-02,2024-06-05,10.0
283735,Mattia Zaccagni,Società Sportiva Lazio S.p.A.,2023-24,FW,28,1973,6,2,2024-06-02,2024-06-05,20.0
284595,Tommaso Augello,Cagliari Calcio,2023-24,DF,29,2431,1,1,2024-06-02,2024-06-05,2.0
286297,Lorenzo Pellegrini,Associazione Sportiva Roma,2023-24,MF,27,1866,8,4,2024-06-02,2024-06-05,25.0
286949,Adam Masina,Torino FC,2023-24,DF,30,1082,0,0,2024-06-02,2024-06-05,1.5
289446,Yerry Mina,Cagliari Calcio,2023-24,DF,29,1259,2,0,2024-06-02,2024-06-05,3.0
290017,Hassane Kamara,Udinese Calcio,2023-24,DF,30,2238,1,1,2024-06-02,2024-06-05,4.5
290862,Maxime Lopez,ACF Fiorentina,2023-24,MF,26,937,0,0,2024-06-02,2024-06-05,7.5
291276,Marcin Listkowski,US Lecce,2023-24,MF,26,7,0,0,2024-06-02,2024-06-03,0.2
293169,Josip Brekalo,ACF Fiorentina,2023-24,FW,25,654,1,0,2024-06-02,2024-06-04,3.5
293200,Nikola Vlašić,Torino FC,2023-24,MF,26,2615,3,2,2024-06-02,2024-06-05,10.0
295183,Răzvan Marin,FC Empoli,2023-24,MF,28,1818,0,3,2024-06-02,2024-06-05,2.7
295331,Isaac Success,Udinese Calcio,2023-24,FW,28,871,1,1,2024-06-02,2024-06-05,2.5
297645,Riccardo Marchizza,Frosinone Calcio,2023-24,DF,26,1149,0,4,2024-06-02,2024-06-05,2.5
298635,Grigoris Kastanos,US Salernitana 1919,2023-24,MF,26,1486,3,3,2024-06-02,2024-06-05,1.8
298975,Pol Lirola,Frosinone Calcio,2023-24,DF,26,1540,2,1,2024-06-02,2024-06-05,1.8
300532,Pontus Almqvist,US Lecce,2023-24,FW,24,2116,2,3,2024-06-02,2024-06-05,3.0
301238,Michele Di Gregorio,AC Monza,2023-24,GK,26,2874,0,0,2024-06-02,2024-06-05,18.0
301240,Samuele Perisan,FC Empoli,2023-24,GK,26,90,0,0,2024-06-02,2024-06-05,0.6
303116,Gaetano Castrovilli,ACF Fiorentina,2023-24,MF,27,370,1,2,2024-06-02,2024-06-05,7.0
303254,Fikayo Tomori,AC Milan,2023-24,DF,26,2125,4,0,2024-06-02,2024-06-05,40.0
305947,Albert Gudmundsson,Genoa CFC,2023-24,FW,26,3023,14,4,2024-06-02,2024-06-05,30.0
308279,Rolando Mandragora,ACF Fiorentina,2023-24,MF,26,1583,3,3,2024-06-02,2024-06-05,8.5
309944,Tyronne Ebuehi,FC Empoli,2023-24,DF,28,1097,0,1,2024-06-02,2024-06-05,2.0
310458,Giangiacomo Magnani,Hellas Verona,2023-24,DF,28,2441,0,0,2024-06-02,2024-06-05,3.0
310527,Paulo Azzi,Cagliari Calcio,2023-24,MF,29,938,0,0,2024-06-02,2024-06-05,1.0
311178,Georgios Kyriakopoulos,AC Monza,2023-24,DF,28,1715,0,3,2024-06-02,2024-06-05,3.5
312773,Daniele Sommariva,Genoa CFC,2023-24,GK,26,4,0,0,2024-06-02,2024-06-05,0.1
313830,Pablo Galdames,Genoa CFC,2023-24,MF,27,9,0,0,2024-06-02,2024-06-17,1.5
314965,Pedro Pereira,AC Monza,2023-24,DF,26,831,0,2,2024-06-02,2024-06-05,1.5
315063,Nahitan Nández,Cagliari Calcio,2023-24,MF,28,2353,2,3,2024-06-02,2024-06-05,5.0
315779,Christian Pulisic,AC Milan,2023-24,FW,25,2621,12,9,2024-06-02,2024-06-05,40.0
315853,Alessandro Bastoni,Inter Milan,2023-24,DF,25,2282,1,4,2024-06-02,2024-06-05,70.0
315865,Andrea Pinamonti,US Sassuolo,2023-24,FW,25,3097,11,2,2024-06-02,2024-06-05,15.0
315867,Gianluca Scamacca,Atalanta BC,2023-24,FW,25,1459,12,6,2024-06-02,2024-06-05,35.0
316934,Nikola Moro,Bologna Football Club 1909,2023-24,MF,26,834,1,0,2024-06-02,2024-06-05,5.0
318528,Marcus Thuram,Inter Milan,2023-24,FW,26,2707,13,13,2024-06-02,2024-06-05,65.0
319160,Jakub Jankto,Cagliari Calcio,2023-24,MF,28,878,1,2,2024-06-02,2024-06-05,1.2
321528,Denzel Dumfries,Inter Milan,2023-24,DF,28,1643,4,5,2024-06-02,2024-06-05,24.0
323167,Matteo Gabbia,AC Milan,2023-24,DF,24,1276,2,1,2024-06-02,2024-06-05,8.0
323954,Walace,Udinese Calcio,2023-24,MF,29,3243,2,0,2024-06-02,2024-06-05,6.0
324377,Youssef Maleh,FC Empoli,2023-24,MF,25,2610,0,1,2024-06-02,2024-06-05,4.5
324690,Jonathan Ikoné,ACF Fiorentina,2023-24,FW,26,1685,3,2,2024-06-02,2024-06-05,10.0
324804,Yann Karamoh,Torino FC,2023-24,FW,25,154,0,0,2024-06-02,2024-06-03,2.5
325924,Ahmed Touba,US Lecce,2023-24,DF,26,275,0,0,2024-06-02,2024-06-05,1.6
330126,Karol Świderski,Hellas Verona,2023-24,FW,27,496,2,0,2024-06-02,2024-06-05,5.0
330208,Alessandro Vogliacco,Genoa CFC,2023-24,DF,25,1173,0,2,2024-06-02,2024-06-05,2.0
331401,Manuel Lazzari,Società Sportiva Lazio S.p.A.,2023-24,DF,30,1676,0,2,2024-06-02,2024-06-05,4.0
331498,Jordi Mboula,Hellas Verona,2023-24,FW,25,304,0,1,2024-06-02,2024-06-24,1.2
331726,Tammy Abraham,Associazione Sportiva Roma,2023-24,FW,26,241,1,1,2024-06-02,2024-06-05,30.0
332179,Matteo Pessina,AC Monza,2023-24,MF,27,3229,6,3,2024-06-02,2024-06-05,15.0
332697,Weston McKennie,Juventus FC,2023-24,MF,25,2602,0,7,2024-06-02,2024-06-05,28.0
334835,Toma Bašić,US Salernitana 1919,2023-24,MF,27,1166,0,0,2024-06-02,2024-06-05,2.8
335147,Junior Sambia,US Salernitana 1919,2023-24,DF,27,1034,1,2,2024-06-02,2024-06-05,2.0
336125,Mërgim Vojvoda,Torino FC,2023-24,DF,29,1372,0,3,2024-06-02,2024-06-05,3.0
336960,Giuseppe Pezzella,FC Empoli,2023-24,DF,26,1085,0,0,2024-06-02,2024-06-05,2.2
337725,Christian Kouamé,ACF Fiorentina,2023-24,FW,26,1083,2,1,2024-06-02,2024-06-05,7.5
337811,Francesco Gelli,Frosinone Calcio,2023-24,MF,27,1559,0,0,2024-06-02,2024-06-05,1.0
338670,Mile Svilar,Associazione Sportiva Roma,2023-24,GK,24,1350,0,0,2024-06-02,2024-06-05,9.0
339808,Theo Hernández,AC Milan,2023-24,DF,26,2795,5,4,2024-06-02,2024-06-05,60.0
340353,Maduka Okoye,Udinese Calcio,2023-24,GK,24,1890,0,0,2024-06-02,2024-06-05,4.0
341092,Federico Chiesa,Juventus FC,2023-24,FW,26,2206,9,3,2024-06-02,2024-06-05,35.0
342877,Enzo Ebosse,Udinese Calcio,2023-24,DF,25,7,0,0,2024-06-02,2024-06-05,2.5
345458,Sebastian Walukiewicz,FC Empoli,2023-24,DF,24,2055,0,0,2024-06-02,2024-06-05,2.5
345590,Jens Odgaard,Bologna Football Club 1909,2023-24,MF,25,431,2,0,2024-06-02,2024-06-05,4.5
346561,Luca Ranieri,ACF Fiorentina,2023-24,DF,25,2067,2,1,2024-06-02,2024-06-05,8.0
346567,Luca Pellegrini,Società Sportiva Lazio S.p.A.,2023-24,DF,25,783,1,0,2024-06-02,2024-06-05,3.5
346890,Noah Okafor,AC Milan,2023-24,FW,24,871,6,2,2024-06-02,2024-06-05,20.0
347253,Dany Mota,AC Monza,2023-24,FW,26,2058,4,4,2024-06-02,2024-06-05,5.0
351816,Ismaël Bennacer,AC Milan,2023-24,MF,26,1151,2,2,2024-06-02,2024-06-05,30.0
351955,Federico Baschirotto,US Lecce,2023-24,DF,27,3295,0,1,2024-06-02,2024-06-05,6.0
353366,Benjamin Pavard,Inter Milan,2023-24,DF,28,1677,0,2,2024-06-02,2024-06-05,50.0
353796,Giulio Maggiore,US Salernitana 1919,2023-24,MF,26,1806,4,2,2024-06-02,2024-06-05,3.5
354361,Frank Anguissa,SSC Napoli,2023-24,MF,28,2793,0,2,2024-06-02,2024-06-05,27.0
354814,M'Bala Nzola,ACF Fiorentina,2023-24,FW,27,1546,3,3,2024-06-02,2024-06-05,7.0
355104,Pepín Machín,AC Monza,2023-24,MF,27,234,0,0,2024-06-02,2024-06-05,1.0
356141,Daichi Kamada,Società Sportiva Lazio S.p.A.,2023-24,MF,27,1542,2,2,2024-06-02,2024-06-05,18.0
357003,Martin Erlić,US Sassuolo,2023-24,DF,26,2625,1,0,2024-06-02,2024-06-05,3.0
357158,Rúben Vinagre,Hellas Verona,2023-24,MF,25,276,0,0,2024-06-02,2024-06-05,2.4
357164,Rafael Leão,AC Milan,2023-24,FW,24,2525,9,10,2024-06-02,2024-06-05,90.0
357498,Dušan Vlahović,Juventus FC,2023-24,FW,24,2319,16,3,2024-06-02,2024-06-05,65.0
357796,Domagoj Bradarić,US Salernitana 1919,2023-24,DF,24,2751,0,3,2024-06-02,2024-06-05,5.0
357992,Raoul Bellanova,Torino FC,2023-24,MF,24,3065,1,7,2024-06-02,2024-06-05,15.0
357995,Davide Bettella,AC Monza,2023-24,DF,24,2,0,0,2024-06-02,2024-06-05,1.0
358008,Gianluca Gaetano,Cagliari Calcio,2023-24,MF,24,904,5,2,2024-06-02,2024-06-05,6.0
358032,Cyril Ngonge,Hellas Verona,2023-24,FW,24,1746,7,3,2024-06-02,2024-06-05,12.0
358166,Eldor Shomurodov,Cagliari Calcio,2023-24,FW,28,933,3,3,2024-06-02,2024-06-05,5.0
360518,Teun Koopmeiners,Atalanta BC,2023-24,MF,26,2633,12,5,2024-06-02,2024-06-05,50.0
361065,Mitchel Bakker,Atalanta BC,2023-24,MF,23,374,1,0,2024-06-02,2024-06-05,6.5
362842,Arthur Melo,ACF Fiorentina,2023-24,MF,27,1996,2,4,2024-06-02,2024-06-05,15.0
364133,Pietro Pellegri,Torino FC,2023-24,FW,23,748,1,1,2024-06-02,2024-06-05,3.0
364135,Moise Kean,Juventus FC,2023-24,FW,24,650,0,0,2024-06-02,2024-06-05,14.0
365108,Dan Ndoye,Bologna Football Club 1909,2023-24,FW,23,1776,1,2,2024-06-02,2024-06-05,14.0
367284,Leo Østigård,SSC Napoli,2023-24,DF,24,1621,1,0,2024-06-02,2024-06-05,8.0
367992,Jesper Karlsson,Bologna Football Club 1909,2023-24,FW,25,345,0,0,2024-06-02,2024-06-05,8.0
368482,Riccardo Orsolini,Bologna Football Club 1909,2023-24,FW,27,1791,10,2,2024-06-02,2024-06-05,16.0
369684,Rasmus Nissen Kristensen,Associazione Sportiva Roma,2023-24,DF,26,1743,1,2,2024-06-02,2024-06-05,10.0
370701,Michele Cerofolini,Frosinone Calcio,2023-24,GK,25,675,0,0,2024-06-02,2024-06-05,0.7
370846,Timothy Weah,Juventus FC,2023-24,MF,24,1248,0,1,2024-06-02,2024-06-05,12.0
371149,Evan Ndicka,Associazione Sportiva Roma,2023-24,DF,24,2169,0,3,2024-06-02,2024-06-05,25.0
371371,Marash Kumbulla,US Sassuolo,2023-24,DF,24,358,0,0,2024-06-02,2024-06-05,4.5
371851,Jaka Bijol,Udinese Calcio,2023-24,DF,25,2083,0,0,2024-06-02,2024-06-05,10.0
372445,Dani Silva,Hellas Verona,2023-24,MF,24,439,0,0,2024-06-02,2024-06-05,2.0
373373,Lucas Martínez Quarta,ACF Fiorentina,2023-24,DF,28,2292,5,1,2024-06-02,2024-06-05,15.0
376514,Mathías Olivera,SSC Napoli,2023-24,DF,26,1572,1,1,2024-06-02,2024-06-05,15.0
377042,Michael Folorunsho,Hellas Verona,2023-24,MF,26,2794,5,1,2024-06-02,2024-06-05,8.5
381950,Alexis Saelemaekers,Bologna Football Club 1909,2023-24,MF,24,1894,4,3,2024-06-02,2024-06-05,12.0
384859,Fabien Centonze,Hellas Verona,2023-24,DF,28,675,0,1,2024-06-02,2024-06-05,3.0
385394,Alberto Dossena,Cagliari Calcio,2023-24,DF,25,2979,2,4,2024-06-02,2024-06-05,5.0
386446,Alessandro Buongiorno,Torino FC,2023-24,DF,24,2530,3,1,2024-06-02,2024-06-05,35.0
386455,Riccardo Sottil,ACF Fiorentina,2023-24,FW,24,1108,2,3,2024-06-02,2024-06-05,6.0
386552,Lassana Coulibaly,US Salernitana 1919,2023-24,MF,28,2086,0,1,2024-06-02,2024-06-05,3.5
387234,Szymon Żurkowski,FC Empoli,2023-24,MF,26,872,4,0,2024-06-02,2024-06-05,2.5
388516,Josep Martínez,Genoa CFC,2023-24,GK,26,3240,0,0,2024-06-02,2024-06-05,8.0
389837,Nicolò Casale,Società Sportiva Lazio S.p.A.,2023-24,DF,26,1557,0,0,2024-06-02,2024-06-05,14.0
390177,Nedim Bajrami,US Sassuolo,2023-24,MF,25,1313,2,2,2024-06-02,2024-06-05,4.5
390304,Federico Ravaglia,Bologna Football Club 1909,2023-24,GK,24,536,0,0,2024-06-02,2024-06-05,1.0
391065,Hamed Traoré,SSC Napoli,2023-24,FW,24,383,0,0,2024-06-02,2024-06-05,17.0
391719,Domingos Quina,Udinese Calcio,2023-24,MF,24,12,0,0,2024-06-02,2024-06-06,1.5
392516,Antonino Gallo,US Lecce,2023-24,DF,24,2502,0,3,2024-06-02,2024-06-05,4.5
392538,Tommaso Pobega,AC Milan,2023-24,MF,24,315,0,0,2024-06-02,2024-06-05,10.0
392569,Gabriele Zappa,Cagliari Calcio,2023-24,DF,24,2559,1,3,2024-06-02,2024-06-05,2.5
392959,Andrea Colpani,AC Monza,2023-24,MF,25,2680,8,4,2024-06-02,2024-06-05,18.0
392966,Nadir Zortea,Frosinone Calcio,2023-24,DF,24,1405,2,5,2024-06-02,2024-06-05,3.0
394300,Davide Frattesi,Inter Milan,2023-24,MF,24,935,6,4,2024-06-02,2024-06-05,35.0
394346,Emanuel Vignato,US Salernitana 1919,2023-24,FW,23,308,0,1,2024-06-02,2024-06-05,1.1
395236,Yacine Adli,AC Milan,2023-24,MF,23,1411,1,2,2024-06-02,2024-06-05,15.0
395693,Houssem Aouar,Associazione Sportiva Roma,2023-24,MF,25,775,4,0,2024-06-02,2024-06-05,10.0
397225,Alessandro Zanoli,US Salernitana 1919,2023-24,DF,23,969,0,2,2024-06-02,2024-06-05,5.0
398030,Giuseppe Caso,Frosinone Calcio,2023-24,FW,25,410,0,1,2024-06-02,2024-06-05,1.5
398808,Martin Hongla,Hellas Verona,2023-24,MF,26,1085,0,0,2024-06-02,2024-06-07,2.5
399543,Rémi Oudin,US Lecce,2023-24,MF,27,1828,3,2,2024-06-02,2024-06-05,3.5
401529,Dodô,ACF Fiorentina,2023-24,DF,25,524,0,0,2024-06-02,2024-06-05,17.0
401922,Samuel Chukwueze,AC Milan,2023-24,FW,25,1011,1,3,2024-06-02,2024-06-05,20.0
401923,Victor Osimhen,SSC Napoli,2023-24,FW,25,1989,15,3,2024-06-02,2024-06-05,100.0
405885,Giacomo Raspadori,SSC Napoli,2023-24,FW,24,1571,5,3,2024-06-02,2024-06-05,25.0
406040,Ademola Lookman,Atalanta BC,2023-24,FW,26,1901,11,8,2024-06-02,2024-06-05,40.0
406625,Lautaro Martínez,Inter Milan,2023-24,FW,26,2667,24,6,2024-06-02,2024-06-05,110.0
406806,Emil Bohinen,US Salernitana 1919,2023-24,MF,25,589,0,0,2024-06-02,2024-06-05,1.8
412366,Brenner,Udinese Calcio,2023-24,FW,24,185,0,0,2024-06-02,2024-06-05,7.0
412513,Thomas Henry,Hellas Verona,2023-24,FW,29,322,3,0,2024-06-02,2024-06-05,2.0
412660,Keinan Davis,Udinese Calcio,2023-24,FW,26,182,1,0,2024-06-02,2024-06-05,3.0
412758,Giorgi Kvernadze,Frosinone Calcio,2023-24,FW,21,59,0,0,2024-06-02,2024-06-05,0.8
413507,Nikola Milenković,ACF Fiorentina,2023-24,DF,26,2505,0,0,2024-06-02,2024-06-05,15.0
413565,Jhon Lucumí,Bologna Football Club 1909,2023-24,DF,25,2213,0,0,2024-06-02,2024-06-05,17.0
413605,David Okereke,Torino FC,2023-24,FW,26,248,0,0,2024-06-02,2024-06-05,2.4
416386,Abdou Harroui,Frosinone Calcio,2023-24,MF,26,1026,3,3,2024-06-02,2024-06-05,2.7
417575,Uros Racic,US Sassuolo,2023-24,MF,26,813,1,1,2024-06-02,2024-06-05,2.5
418543,Perr Schuurs,Torino FC,2023-24,DF,24,771,1,0,2024-06-02,2024-06-05,25.0
418559,Erik Botheim,US Salernitana 1919,2023-24,FW,24,317,0,0,2024-06-02,2024-06-13,3.5
418571,Hamza Rafia,US Lecce,2023-24,MF,25,1211,1,0,2024-06-02,2024-06-05,1.7
420465,Tiago Djaló,Juventus FC,2023-24,DF,24,16,0,0,2024-06-02,2024-06-05,12.0
421873,Elia Caprile,FC Empoli,2023-24,GK,22,2070,0,0,2024-06-02,2024-06-05,6.0
428563,Lewis Ferguson,Bologna Football Club 1909,2023-24,MF,24,2718,6,4,2024-06-02,2024-06-05,24.0
430280,Hans Nicolussi Caviglia,Juventus FC,2023-24,MF,23,266,0,1,2024-06-02,2024-06-05,3.0
431811,Ola Solbakken,Associazione Sportiva Roma,2023-24,FW,25,22,0,0,2024-06-02,2024-06-12,2.5
432090,Nicolò Fagioli,Juventus FC,2023-24,MF,23,439,0,2,2024-06-02,2024-06-05,15.0
432092,Roberto Piccoli,US Lecce,2023-24,FW,23,1399,5,0,2024-06-02,2024-06-05,4.0
433584,Alessio Zerbin,AC Monza,2023-24,MF,25,830,0,1,2024-06-02,2024-06-05,4.0
433984,Sam Beukema,Bologna Football Club 1909,2023-24,DF,25,2549,1,1,2024-06-02,2024-06-05,18.0
434433,Nikola Krstović,US Lecce,2023-24,FW,24,2388,7,2,2024-06-02,2024-06-05,6.0
435228,Ardian Ismajli,FC Empoli,2023-24,DF,27,2046,0,0,2024-06-02,2024-06-05,3.0
435648,Joshua Zirkzee,Bologna Football Club 1909,2023-24,FW,23,2774,11,5,2024-06-02,2024-06-05,50.0
435772,Charles De Ketelaere,Atalanta BC,2023-24,MF,23,2042,10,8,2024-06-02,2024-06-05,34.0
439072,Matías Viña,US Sassuolo,2023-24,DF,26,1020,0,3,2024-06-02,2024-06-17,8.0
441515,Daniel Boloca,US Sassuolo,2023-24,MF,25,2024,1,0,2024-06-02,2024-06-05,7.0
441986,Yann Bisseck,Inter Milan,2023-24,DF,23,900,2,1,2024-06-02,2024-06-05,16.0
442703,Ylber Ramadani,US Lecce,2023-24,MF,28,2977,1,0,2024-06-02,2024-06-05,4.0
445126,Emanuele Valeri,Frosinone Calcio,2023-24,DF,25,1178,0,2,2024-06-02,2024-06-05,2.3
449151,Junior Messias,Genoa CFC,2023-24,FW,33,1057,1,0,2024-06-02,2024-06-05,2.5
453864,Marvin Cuni,Frosinone Calcio,2023-24,FW,22,523,1,1,2024-06-02,2024-06-05,0.9
457422,Samuele Mulattieri,US Sassuolo,2023-24,FW,23,443,0,1,2024-06-02,2024-06-05,4.0
457673,Gabriel Strefezza,US Lecce,2023-24,FW,27,1117,1,0,2024-06-02,2024-06-03,6.0
457674,Alessandro Di Pardo,Cagliari Calcio,2023-24,DF,24,351,0,0,2024-06-02,2024-06-05,0.9
457736,Tijjani Noslin,Hellas Verona,2023-24,FW,24,1346,5,4,2024-06-02,2024-06-05,10.0
459128,Marco Brescianini,Frosinone Calcio,2023-24,MF,24,2322,4,2,2024-06-02,2024-06-05,3.5
459151,Nicolò Cambiaghi,FC Empoli,2023-24,FW,23,2563,1,5,2024-06-02,2024-06-05,7.0
459655,Matteo Lovato,US Salernitana 1919,2023-24,DF,24,1489,0,0,2024-06-02,2024-06-05,4.0
459658,Andrea Cambiaso,Juventus FC,2023-24,DF,24,2389,2,3,2024-06-02,2024-06-05,25.0
459763,Marco Carnesecchi,Atalanta BC,2023-24,GK,23,2426,0,0,2024-06-02,2024-06-05,16.0
459988,Gennaro Borrelli,Frosinone Calcio,2023-24,FW,24,23,0,0,2024-06-02,2024-06-03,1.4
460651,Antoine Makoumbou,Cagliari Calcio,2023-24,MF,25,2708,1,0,2024-06-02,2024-06-05,4.5
460939,Tijjani Reijnders,AC Milan,2023-24,MF,25,2829,3,4,2024-06-02,2024-06-05,30.0
461019,Samuele Birindelli,AC Monza,2023-24,DF,24,2016,0,2,2024-06-02,2024-06-05,3.5
461833,Caleb Okoli,Frosinone Calcio,2023-24,DF,22,2915,0,1,2024-06-02,2024-06-05,8.0
462086,Elayis Tavsan,Hellas Verona,2023-24,FW,23,47,0,0,2024-06-02,2024-06-05,1.0
462823,Gustav Isaksen,Società Sportiva Lazio S.p.A.,2023-24,FW,23,1069,3,2,2024-06-02,2024-06-05,12.0
463792,Luca Gemello,Torino FC,2023-24,GK,23,180,0,0,2024-06-02,2024-06-05,0.3
465830,Mattéo Guendouzi,Società Sportiva Lazio S.p.A.,2023-24,MF,25,2371,2,3,2024-06-02,2024-06-05,25.0
467992,Samuele Ricci,Torino FC,2023-24,MF,22,2401,1,4,2024-06-02,2024-06-05,22.0
468066,Jens Cajuste,SSC Napoli,2023-24,MF,24,1010,0,2,2024-06-02,2024-06-05,10.0
469211,Liberato Cacace,FC Empoli,2023-24,DF,23,1910,0,1,2024-06-02,2024-06-05,2.0
470422,Triantafyllos Pasalidis,US Salernitana 1919,2023-24,DF,27,451,0,0,2024-06-02,2024-06-05,0.5
470794,Ivan Ilić,Torino FC,2023-24,MF,23,2100,3,2,2024-06-02,2024-06-05,18.0
471936,Oliver Christensen,ACF Fiorentina,2023-24,GK,25,360,0,0,2024-06-02,2024-06-05,3.0
472161,Mamadou Coulibaly,US Salernitana 1919,2023-24,MF,25,2,0,0,2024-06-02,2024-06-03,1.3
481623,João Ferreira,Udinese Calcio,2023-24,DF,23,1812,0,1,2024-06-02,2024-06-05,2.0
481675,Christos Mandas,Società Sportiva Lazio S.p.A.,2023-24,GK,22,721,0,0,2024-06-02,2024-06-05,3.0
481834,Andrea Carboni,AC Monza,2023-24,DF,23,1490,1,0,2024-06-02,2024-06-05,4.0
483348,Djed Spence,Genoa CFC,2023-24,DF,23,853,0,0,2024-06-02,2024-06-05,8.0
486031,Nico González,ACF Fiorentina,2023-24,FW,26,1913,12,2,2024-06-02,2024-06-05,35.0
487834,Lorenzo Pirola,US Salernitana 1919,2023-24,DF,22,1991,1,0,2024-06-02,2024-06-05,5.5
487843,Lorenzo Colombo,AC Monza,2023-24,FW,22,1366,4,1,2024-06-02,2024-06-05,6.0
489611,Filippo Ranocchia,FC Empoli,2023-24,MF,23,477,0,0,2024-06-02,2024-06-03,4.0
490384,Koni De Winter,Genoa CFC,2023-24,DF,21,2380,0,1,2024-06-02,2024-06-05,12.0
491693,Nehuén Pérez,Udinese Calcio,2023-24,DF,23,3240,0,1,2024-06-02,2024-06-05,13.0
493702,Mattia Viti,US Sassuolo,2023-24,DF,22,984,1,0,2024-06-02,2024-06-05,5.0
496745,Emil Holm,Atalanta BC,2023-24,DF,24,949,1,3,2024-06-02,2024-06-05,12.0
502670,Khvicha Kvaratskhelia,SSC Napoli,2023-24,FW,23,2753,11,8,2024-06-02,2024-06-05,80.0
502821,Riccardo Calafiori,Bologna Football Club 1909,2023-24,DF,22,2338,2,5,2024-06-02,2024-06-05,30.0
503075,Isak Hien,Atalanta BC,2023-24,DF,25,1794,0,1,2024-06-02,2024-06-05,20.0
503871,Morten Frendrup,Genoa CFC,2023-24,MF,23,3147,2,5,2024-06-02,2024-06-05,15.0
503991,Yunus Musah,AC Milan,2023-24,MF,21,1470,0,2,2024-06-02,2024-06-05,22.0
508371,Emil Konradsen Ceide,US Sassuolo,2023-24,FW,22,166,0,0,2024-06-02,2024-06-05,2.0
509022,Federico Gatti,Juventus FC,2023-24,DF,25,2640,4,0,2024-06-02,2024-06-05,18.0
513245,Jesper Lindstrøm,SSC Napoli,2023-24,FW,24,416,0,0,2024-06-02,2024-06-05,22.0
516716,Bremer,Juventus FC,2023-24,DF,27,3234,3,0,2024-06-02,2024-06-05,60.0
521407,Walid Cheddira,Frosinone Calcio,2023-24,FW,26,2130,7,1,2024-06-02,2024-06-05,6.0
521964,Malick Thiaw,AC Milan,2023-24,DF,22,1620,0,1,2024-06-02,2024-06-05,25.0
522784,Taty Castellanos,Società Sportiva Lazio S.p.A.,2023-24,FW,25,1677,4,3,2024-06-02,2024-06-05,15.0
524010,Oier Zarraga,Udinese Calcio,2023-24,MF,25,396,2,0,2024-06-02,2024-06-05,2.0
525704,Nicolò Rovella,Società Sportiva Lazio S.p.A.,2023-24,MF,22,1322,0,2,2024-06-02,2024-06-05,18.0
528833,Lazar Samardžić,Udinese Calcio,2023-24,MF,22,2382,6,2,2024-06-02,2024-06-05,20.0
531065,Oussama El Azzouzi,Bologna Football Club 1909,2023-24,MF,23,537,2,2,2024-06-02,2024-06-05,2.5
532937,Johan Vásquez,Genoa CFC,2023-24,DF,25,2853,1,1,2024-06-02,2024-06-05,10.0
534084,Niccolò Pierozzi,US Salernitana 1919,2023-24,DF,22,874,1,0,2024-06-02,2024-06-05,1.8
539134,Daniel Maldini,AC Monza,2023-24,MF,22,588,4,1,2024-06-02,2024-06-05,4.5
540333,Tomas Suslov,Hellas Verona,2023-24,MF,21,2097,3,5,2024-06-02,2024-06-05,7.0
542336,Nikola Sekulov,Juventus FC,2023-24,FW,22,10,0,0,2024-06-02,2024-06-18,0.8
542588,Alessandro Sorrentino,AC Monza,2023-24,GK,22,546,0,0,2024-06-02,2024-06-05,0.8
543666,Stefano Turati,Frosinone Calcio,2023-24,GK,22,2745,0,0,2024-06-02,2024-06-05,7.0
543771,Kristjan Asllani,Inter Milan,2023-24,MF,22,772,1,2,2024-06-02,2024-06-05,18.0
544149,David Zima,Torino FC,2023-24,DF,23,87,0,0,2024-06-02,2024-06-05,4.0
545538,Lameck Banda,US Lecce,2023-24,FW,23,1361,2,4,2024-06-02,2024-06-05,6.0
546880,Brandon Soppy,Torino FC,2023-24,MF,22,177,0,0,2024-06-02,2024-06-06,2.0
547985,Fabiano Parisi,ACF Fiorentina,2023-24,DF,23,1451,0,1,2024-06-02,2024-06-05,9.5
550106,Matteo Cancellieri,FC Empoli,2023-24,FW,22,1784,4,3,2024-06-02,2024-06-05,4.8
550108,Nicola Zalewski,Associazione Sportiva Roma,2023-24,MF,22,965,0,1,2024-06-02,2024-06-05,12.0
550116,Ilario Monterisi,Frosinone Calcio,2023-24,DF,22,1467,2,3,2024-06-02,2024-06-05,2.8
551752,Demba Seck,Torino FC,2023-24,FW,23,719,0,0,2024-06-02,2024-06-05,2.0
552549,Matheus Henrique,US Sassuolo,2023-24,MF,26,2502,2,2,2024-06-02,2024-06-05,8.5
554903,Mateo Retegui,Genoa CFC,2023-24,FW,25,2224,7,2,2024-06-02,2024-06-05,16.0
555015,Ruan,US Sassuolo,2023-24,DF,24,1514,0,1,2024-06-02,2024-06-05,2.5
555820,Martín Payero,Udinese Calcio,2023-24,MF,25,1801,2,3,2024-06-02,2024-06-05,4.5
562049,Edoardo Bove,Associazione Sportiva Roma,2023-24,MF,22,1777,0,2,2024-06-02,2024-06-05,18.0
564305,Michel Adopo,Atalanta BC,2023-24,MF,23,102,0,1,2024-06-02,2024-06-05,1.0
564529,Victor Kristiansen,Bologna Football Club 1909,2023-24,DF,21,2312,0,4,2024-06-02,2024-06-05,15.0
564785,Kristian Thorstvedt,US Sassuolo,2023-24,MF,25,2412,6,1,2024-06-02,2024-06-05,8.0
567129,Josh Doig,US Sassuolo,2023-24,DF,22,2185,0,2,2024-06-02,2024-06-05,6.0
568333,Adam Obert,Cagliari Calcio,2023-24,DF,21,940,0,0,2024-06-02,2024-06-05,3.5
569384,Lucien Agoumé,Inter Milan,2023-24,MF,22,4,0,0,2024-06-02,2024-06-07,6.0
569387,Valentin Gendrey,US Lecce,2023-24,DF,23,3051,2,3,2024-06-02,2024-06-05,7.0
570466,Mateusz Legowski,US Salernitana 1919,2023-24,MF,21,1132,0,0,2024-06-02,2024-06-05,3.0
571604,Giorgio Scalvini,Atalanta BC,2023-24,DF,20,2553,1,3,2024-06-02,2024-06-05,45.0
571607,Fabio Miretti,Juventus FC,2023-24,MF,20,1105,1,1,2024-06-02,2024-06-05,15.0
572265,Lorenzo Lucca,Udinese Calcio,2023-24,FW,23,2601,8,4,2024-06-02,2024-06-05,12.0
579930,Armand Laurienté,US Sassuolo,2023-24,FW,25,2926,5,6,2024-06-02,2024-06-05,10.0
581672,Samuel Iling-Junior,Juventus FC,2023-24,MF,20,799,1,2,2024-06-02,2024-06-05,13.0
583046,Medon Berisha,US Lecce,2023-24,MF,20,204,0,0,2024-06-02,2024-06-05,1.0
583404,Marcus Pedersen,US Sassuolo,2023-24,DF,23,1606,0,2,2024-06-02,2024-06-05,5.5
585949,Pierre Kalulu,AC Milan,2023-24,DF,23,370,0,0,2024-06-02,2024-06-05,20.0
585982,Carlos Augusto,Inter Milan,2023-24,DF,25,1704,0,3,2024-06-02,2024-06-05,22.0
586756,Festy Ebosele,Udinese Calcio,2023-24,DF,21,1706,0,1,2024-06-02,2024-06-05,6.0
586853,Vitinha,Genoa CFC,2023-24,FW,24,281,2,0,2024-06-02,2024-06-05,14.0
603891,Emmanuel Ekong,FC Empoli,2023-24,FW,21,4,0,0,2024-06-02,2024-06-04,0.5
607226,Loum Tchaouna,US Salernitana 1919,2023-24,FW,20,2100,4,4,2024-06-02,2024-06-05,8.0
607854,Éderson,Atalanta BC,2023-24,MF,24,2874,6,1,2024-06-02,2024-06-05,40.0
613393,Gaetano Oristanio,Cagliari Calcio,2023-24,MF,21,1102,2,1,2024-06-02,2024-06-05,4.0
616628,Giorgio Cittadini,Genoa CFC,2023-24,DF,22,118,0,0,2024-06-02,2024-06-05,2.4
616631,Matteo Ruggeri,Atalanta BC,2023-24,DF,21,2467,0,5,2024-06-02,2024-06-05,20.0
618341,Mario Gila,Società Sportiva Lazio S.p.A.,2023-24,DF,23,1813,0,0,2024-06-02,2024-06-05,13.0
620477,Kaio Jorge,Frosinone Calcio,2023-24,FW,22,805,3,0,2024-06-02,2024-06-05,4.0
623040,Yayah Kallon,Hellas Verona,2023-24,FW,22,3,0,0,2024-06-02,2024-06-03,1.0
626913,Boulaye Dia,US Salernitana 1919,2023-24,FW,27,1143,4,0,2024-06-02,2024-06-05,10.0
627226,Reinier,Frosinone Calcio,2023-24,MF,22,1066,2,2,2024-06-02,2024-06-05,3.5
628366,Lucas Beltrán,ACF Fiorentina,2023-24,FW,23,1694,6,3,2024-06-02,2024-06-05,16.0
631007,Filippo Terracciano,Hellas Verona,2023-24,DF,21,1371,0,1,2024-06-02,2024-06-05,4.5
633530,Jordan Zemura,Udinese Calcio,2023-24,DF,24,1035,1,0,2024-06-02,2024-06-05,5.0
633668,Giovanni Fabbian,Bologna Football Club 1909,2023-24,MF,21,1053,5,2,2024-06-02,2024-06-05,14.0
638793,Tajon Buchanan,Inter Milan,2023-24,FW,25,151,1,0,2024-06-02,2024-06-05,8.0
641537,Tommaso Baldanzi,FC Empoli,2023-24,MF,21,1241,2,0,2024-06-02,2024-06-05,15.0
644676,Bruno Amione,Hellas Verona,2023-24,DF,22,581,0,0,2024-06-02,2024-06-14,3.0
649016,El Bilal Touré,Atalanta BC,2023-24,FW,22,387,2,1,2024-06-02,2024-06-05,20.0
650966,Samuele Vignato,AC Monza,2023-24,MF,20,339,1,0,2024-06-02,2024-06-05,3.5
650993,Filippo Missori,US Sassuolo,2023-24,DF,20,262,0,0,2024-06-02,2024-06-05,1.5
655456,Saba Sazonov,Torino FC,2023-24,DF,22,348,0,0,2024-06-02,2024-06-05,2.8
659415,Riccardo Pagano,Associazione Sportiva Roma,2023-24,MF,19,48,0,0,2024-06-02,2024-06-25,2.5
659516,Warren Bondo,AC Monza,2023-24,MF,20,1471,1,1,2024-06-02,2024-06-05,6.0
660860,Diego Coppola,Hellas Verona,2023-24,DF,20,1636,2,0,2024-06-02,2024-06-05,6.0
663900,Giovanni Bonfanti,Atalanta BC,2023-24,DF,21,89,0,0,2024-06-02,2024-06-05,1.0
666547,Zito Luvumbo,Cagliari Calcio,2023-24,FW,22,1947,4,6,2024-06-02,2024-06-05,7.5
668951,Matías Soulé,Frosinone Calcio,2023-24,FW,21,3141,11,3,2024-06-02,2024-06-05,25.0
671915,Enzo Barrenechea,Frosinone Calcio,2023-24,MF,23,2817,0,1,2024-06-02,2024-06-05,7.5
672830,Leonardo Cerri,Juventus FC,2023-24,FW,21,6,0,0,2024-06-02,2024-06-18,0.8
674806,Santiago Pierotti,US Lecce,2023-24,FW,23,190,0,2,2024-06-02,2024-06-05,2.5
686965,Juan Cabal,Hellas Verona,2023-24,DF,23,1498,0,0,2024-06-02,2024-06-05,3.5
691482,Jacopo Fazzini,FC Empoli,2023-24,MF,21,1226,1,2,2024-06-02,2024-06-05,6.0
692209,Joan González,US Lecce,2023-24,MF,22,1282,1,1,2024-06-02,2024-06-05,4.5
693352,Iron Gomis,US Salernitana 1919,2023-24,MF,24,130,0,0,2024-06-02,2024-06-05,0.9
698259,Thomas Kristensen,Udinese Calcio,2023-24,DF,22,2098,0,1,2024-06-02,2024-06-05,4.5
699442,Kacper Urbański,Bologna Football Club 1909,2023-24,MF,19,920,0,1,2024-06-02,2024-06-05,7.0
700998,Chaka Traorè,AC Milan,2023-24,FW,19,18,1,0,2024-06-02,2024-06-03,1.5
704825,Alessandro Dellavalle,Torino FC,2023-24,DF,20,14,0,0,2024-06-02,2024-06-25,0.8
707450,Lorenzo Amatucci,ACF Fiorentina,2023-24,MF,20,20,0,0,2024-06-02,2024-06-03,1.0
708079,Andrea Ferraris,AC Monza,2023-24,FW,21,9,0,0,2024-06-02,2024-06-25,0.2
709985,Jeppe Corfitzen,US Lecce,2023-24,FW,19,8,0,0,2024-06-02,2024-06-05,0.4
724106,Luca Lipani,US Sassuolo,2023-24,MF,19,386,0,0,2024-06-02,2024-06-05,4.0
726526,Stefan Mitrović,Hellas Verona,2023-24,FW,21,388,0,0,2024-06-02,2024-06-05,1.8
731525,Rareș Burnete,US Lecce,2023-24,FW,20,7,0,1,2024-06-02,2024-06-05,0.7
732507,Agustín Martegani,US Salernitana 1919,2023-24,MF,24,725,1,0,2024-06-02,2024-06-05,1.8
734898,Kevin Miranda,US Sassuolo,2023-24,DF,21,13,0,0,2024-06-02,2024-06-03,0.35
735568,Natan,SSC Napoli,2023-24,DF,23,955,0,0,2024-06-02,2024-06-05,12.0
741257,Álex Jiménez,AC Milan,2023-24,DF,19,65,0,0,2024-06-02,2024-06-25,4.0
744728,Arijon Ibrahimovic,Frosinone Calcio,2023-24,MF,18,471,1,1,2024-06-02,2024-06-05,4.0
746712,Pietro Comuzzo,ACF Fiorentina,2023-24,DF,19,39,0,0,2024-06-02,2024-06-05,0.7
746891,Cristian Volpato,US Sassuolo,2023-24,MF,20,633,1,0,2024-06-02,2024-06-05,4.5
748316,Juan Manuel Cruz,Hellas Verona,2023-24,FW,24,107,0,0,2024-06-02,2024-06-05,0.45
748319,Carlos Alcaraz,Juventus FC,2023-24,MF,21,377,0,1,2024-06-02,2024-06-05,15.0
748807,Joseph Nonge,Juventus FC,2023-24,MF,19,23,0,0,2024-06-02,2024-06-18,3.0
769063,Luka Romero,AC Milan,2023-24,FW,19,85,0,0,2024-06-02,2024-06-07,5.0
776303,Marco Pellegrino,US Salernitana 1919,2023-24,DF,21,611,0,0,2024-06-02,2024-06-05,3.5
787618,Valentín Carboni,AC Monza,2023-24,MF,19,1159,2,4,2024-06-02,2024-06-05,15.0
797791,Antonio Tikvic,Udinese Calcio,2023-24,DF,20,1,0,0,2024-06-02,2024-06-05,0.7
798929,Gvidas Gineitis,Torino FC,2023-24,MF,20,532,0,0,2024-06-02,2024-06-05,2.0
800948,Jan-Carlo Simić,AC Milan,2023-24,DF,19,143,1,0,2024-06-02,2024-06-25,5.0
804812,Anthony Oyono,Frosinone Calcio,2023-24,DF,23,1197,0,1,2024-06-02,2024-06-05,2.0
808224,Andres Sfait,US Salernitana 1919,2023-24,FW,19,21,0,0,2024-06-02,2024-06-05,0.5
808559,Justin Kumi,US Sassuolo,2023-24,MF,19,3,0,0,2024-06-02,2024-06-25,0.8
813137,Niccolò Pisilli,Associazione Sportiva Roma,2023-24,MF,19,9,0,0,2024-06-02,2024-06-25,3.5
814453,Andrea Sodero,FC Empoli,2023-24,MF,19,4,0,0,2024-06-02,2024-06-25,0.3
815563,Lapo Nava,AC Milan,2023-24,GK,20,2,0,0,2024-06-02,2024-06-05,0.15
818880,Tommaso Corazza,Bologna Football Club 1909,2023-24,MF,19,187,0,0,2024-06-02,2024-06-05,1.0
818892,Nicola Bagnolini,Bologna Football Club 1909,2023-24,GK,20,4,0,0,2024-06-02,2024-06-05,0.2
823486,Michael Kayode,ACF Fiorentina,2023-24,DF,19,2062,1,2,2024-06-02,2024-06-05,25.0
831162,Gino Infantino,ACF Fiorentina,2023-24,MF,21,91,0,0,2024-06-02,2024-06-05,3.0
845654,Kenan Yıldız,Juventus FC,2023-24,FW,19,945,2,1,2024-06-02,2024-06-05,30.0
848509,Jackson Tchatchoua,Hellas Verona,2023-24,DF,22,1725,0,2,2024-06-02,2024-06-05,3.0
849520,Santiago Castro,Bologna Football Club 1909,2023-24,FW,19,237,1,1,2024-06-02,2024-06-05,12.0
861981,Alan Matturro,Genoa CFC,2023-24,DF,19,103,0,0,2024-06-02,2024-06-05,4.0
866250,Seydou Fini,Genoa CFC,2023-24,FW,18,32,0,0,2024-06-02,2024-06-04,1.0
876298,Matteo Prati,Cagliari Calcio,2023-24,MF,20,1973,1,1,2024-06-02,2024-06-05,10.0
880054,Trivante Stewart,US Salernitana 1919,2023-24,FW,24,96,0,0,2024-06-02,2024-06-10,0.15
881610,David Ankeye,Genoa CFC,2023-24,FW,22,52,0,0,2024-06-02,2024-06-05,2.0
883349,Kevin Zeroli,AC Milan,2023-24,MF,19,25,0,0,2024-06-02,2024-06-25,2.0
887638,Davide Bartesaghi,AC Milan,2023-24,DF,18,74,0,0,2024-06-02,2024-06-25,1.0
888738,Farès Ghedjemis,Frosinone Calcio,2023-24,FW,21,180,0,0,2024-06-02,2024-06-05,0.6
890290,Dean Huijsen,Associazione Sportiva Roma,2023-24,DF,19,533,2,1,2024-06-02,2024-06-05,10.0
909894,Giacomo Corona,FC Empoli,2023-24,FW,20,4,0,0,2024-06-02,2024-06-25,0.4
911328,Mohamed Kaba,US Lecce,2023-24,MF,22,1383,0,0,2024-06-02,2024-06-05,3.5
926952,Patrick Dorgu,US Lecce,2023-24,FW,19,1563,2,0,2024-06-02,2024-06-05,12.0
928051,Gerardo Fusco,US Salernitana 1919,2023-24,FW,19,14,0,0,2024-06-02,2024-06-20,0.125
928900,Zanos Savva,Torino FC,2023-24,FW,18,26,1,0,2024-06-02,2024-06-25,1.0
929494,Chukwubuikem Ikwuemesi,US Salernitana 1919,2023-24,FW,22,1058,1,1,2024-06-02,2024-06-05,1.8
931567,Stiven Shpendi,FC Empoli,2023-24,FW,21,407,0,0,2024-06-02,2024-06-05,2.0
934159,Tommaso Martinelli,ACF Fiorentina,2023-24,GK,18,90,0,0,2024-06-02,2024-06-05,1.0
936536,João Costa,Associazione Sportiva Roma,2023-24,FW,19,11,0,0,2024-06-02,2024-06-25,1.0
938678,Leonardo Mendicino,Atalanta BC,2023-24,MF,17,1,0,0,2024-06-02,2024-06-17,0.8
940135,Christos Papadopoulos,Genoa CFC,2023-24,MF,19,3,0,0,2024-06-02,2024-06-25,0.8
964087,Alphadjo Cissè,Hellas Verona,2023-24,MF,17,7,0,0,2024-06-02,2024-06-25,1.4
969192,Ebenezer Akinsanmiro,Inter Milan,2023-24,MF,19,14,0,0,2024-06-02,2024-06-25,1.8
982267,Ibrahim Sulemana,Cagliari Calcio,2023-24,MF,21,1343,2,0,2024-06-02,2024-06-05,4.0
982855,Reda Belahyane,Hellas Verona,2023-24,MF,20,90,0,0,2024-06-02,2024-06-05,0.5
1058368,Francesco Camarda,AC Milan,2023-24,FW,16,12,0,0,2024-06-02,2024-06-25,10.0
1082519,Charlys,Hellas Verona,2023-24,MF,20,24,0,0,2024-06-02,2024-06-05,0.1
1111663,Kingstone Mutandwa,Cagliari Calcio,2023-24,FW,21,34,1,0,2024-06-02,2024-06-25,1.0
1159022,Mateus Lusuardi,Frosinone Calcio,2023-24,DF,20,220,0,0,2024-06-02,2024-06-05,0.3
27807,Daniele Padelli,Udinese Calcio,2024-25,GK,39,90,0,0,2025-05-25,2025-06-17,0.15
32113,Armando Izzo,AC Monza,2024-25,DF,33,2439,1,1,2025-05-25,2025-06-17,1.5
33571,Lorenzo De Silvestri,Bologna Football Club 1909,2024-25,DF,37,1065,1,0,2025-05-25,2025-06-17,0.8
39728,Mats Hummels,Associazione Sportiva Roma,2024-25,DF,36,918,0,0,2025-05-25,2025-06-17,2.0
40433,Alexis Sánchez,Udinese Calcio,2024-25,FW,36,434,0,0,2025-05-25,2025-06-17,1.5
40633,Milan Badelj,Genoa CFC,2024-25,MF,36,1487,1,0,2025-05-25,2025-06-17,0.8
41384,Marko Arnautovic,Inter Milan,2024-25,FW,36,542,4,2,2025-05-25,2025-06-17,3.0
42205,Yann Sommer,Inter Milan,2024-25,GK,36,2970,0,0,2025-05-25,2025-06-17,4.0
45026,Rui Patrício,Atalanta BC,2024-25,GK,37,270,0,0,2025-05-25,2025-06-17,0.8
54906,Matteo Darmian,Inter Milan,2024-25,DF,35,1782,3,2,2025-05-25,2025-06-17,2.5
55735,Henrikh Mkhitaryan,Inter Milan,2024-25,MF,36,2412,1,5,2025-05-25,2025-06-17,4.0
55769,Danilo D'Ambrosio,AC Monza,2024-25,DF,36,1095,0,1,2025-05-25,2025-06-17,0.7
59377,David de Gea,ACF Fiorentina,2024-25,GK,34,3150,0,1,2025-05-25,2025-06-17,5.0
64793,Leonardo Pavoletti,Cagliari Calcio,2024-25,FW,36,423,2,0,2025-05-25,2025-06-17,0.7
65278,Pedro,Società Sportiva Lazio S.p.A.,2024-25,FW,37,1088,10,1,2025-05-25,2025-06-17,1.0
67556,Milan Djuric,AC Monza,2024-25,FW,35,1536,5,1,2025-05-25,2025-06-17,1.5
72441,Rafael Tolói,Atalanta BC,2024-25,DF,34,461,0,0,2025-05-25,2025-06-17,1.4
73794,Duván Zapata,Torino FC,2024-25,FW,34,589,3,0,2025-05-25,2025-06-17,3.5
80894,Lukasz Skorupski,Bologna Football Club 1909,2024-25,GK,34,2365,0,0,2025-05-25,2025-06-17,2.5
81512,Christian Kabasele,Udinese Calcio,2024-25,DF,34,1163,2,0,2025-05-25,2025-06-17,0.7
82048,Nicola Sansone,US Lecce,2024-25,FW,33,61,0,0,2025-05-25,2025-06-17,0.4
85370,Sergi Roberto,Como 1907,2024-25,MF,33,696,0,1,2025-05-25,2025-06-17,1.5
85393,Nicolas Viola,Cagliari Calcio,2024-25,MF,35,1275,3,1,2025-05-25,2025-06-17,1.0
85528,Marco Silvestri,FC Empoli,2024-25,GK,34,450,0,0,2025-05-25,2025-06-17,0.5
88680,Luca Caldirola,AC Monza,2024-25,DF,34,876,0,0,2025-05-25,2025-06-17,0.7
91970,Juan Cuadrado,Atalanta BC,2024-25,MF,36,824,0,3,2025-05-25,2025-06-17,1.0
94005,Sead Kolasinac,Atalanta BC,2024-25,DF,31,1910,0,2,2025-05-25,2025-06-17,7.0
94529,Stephan El Shaarawy,Associazione Sportiva Roma,2024-25,FW,32,1089,3,5,2025-05-25,2025-06-17,3.5
95424,Kyle Walker,AC Milan,2024-25,DF,34,658,0,0,2025-05-25,2025-06-17,4.0
96254,Pietro Terracciano,ACF Fiorentina,2024-25,GK,35,270,0,0,2025-05-25,2025-06-17,1.0
96341,Romelu Lukaku,SSC Napoli,2024-25,FW,32,2870,14,10,2025-05-25,2025-06-17,22.0
110923,Mattia Perin,Juventus FC,2024-25,GK,32,450,0,0,2025-05-25,2025-06-17,2.5
111196,Stefan de Vrij,Inter Milan,2024-25,DF,33,1719,3,0,2025-05-25,2025-06-17,5.0
111426,Benjamin Siegrist,Genoa CFC,2024-25,GK,33,153,0,0,2025-05-25,2025-06-17,0.65
118689,Leonardo Spinazzola,SSC Napoli,2024-25,DF,32,1519,1,1,2025-05-25,2025-06-17,3.5
121985,Juan Jesus,SSC Napoli,2024-25,DF,33,1074,0,1,2025-05-25,2025-06-17,1.5
124555,Cristiano Biraghi,Torino FC,2024-25,DF,32,1589,1,0,2025-05-25,2025-06-17,1.8
125020,José Luis Palomino,Cagliari Calcio,2024-25,DF,35,1077,1,0,2025-05-25,2025-06-17,0.7
126414,Hakan Çalhanoğlu,Inter Milan,2024-25,MF,31,1963,5,6,2025-05-25,2025-06-17,30.0
126729,Patric,Società Sportiva Lazio S.p.A.,2024-25,DF,32,605,1,0,2025-05-25,2025-06-17,2.5
128223,Álvaro Morata,AC Milan,2024-25,FW,32,1104,5,1,2025-05-25,2025-06-18,11.0
130360,Simone Verdi,Como 1907,2024-25,MF,32,108,0,0,2025-05-25,2025-06-02,1.5
130394,Gianluca Lapadula,Cagliari Calcio,2024-25,FW,35,301,0,0,2025-05-25,2025-06-02,0.75
131075,Francesco Acerbi,Inter Milan,2024-25,DF,37,1709,0,1,2025-05-25,2025-06-17,3.0
131758,Jesse Joronen,Venezia FC,2024-25,GK,32,702,0,0,2025-05-25,2025-06-17,0.5
133179,Marten de Roon,Atalanta BC,2024-25,MF,34,3058,4,4,2025-05-25,2025-06-17,5.0
136111,Nicola Leali,Genoa CFC,2024-25,GK,32,2610,0,0,2025-05-25,2025-06-17,1.5
136514,Charalampos Lykogiannis,Bologna Football Club 1909,2024-25,DF,31,1049,0,4,2025-05-25,2025-06-17,1.5
143812,Matías Vecino,Società Sportiva Lazio S.p.A.,2024-25,MF,33,868,2,3,2025-05-25,2025-06-17,2.0
145707,Danilo,Juventus FC,2024-25,DF,33,578,0,1,2025-05-25,2025-06-06,3.5
148252,Remo Freuler,Bologna Football Club 1909,2024-25,MF,33,3214,1,2,2025-05-25,2025-06-17,5.0
157507,Adrien Tamèze,Torino FC,2024-25,MF,31,646,0,0,2025-05-25,2025-06-17,2.0
160938,Marc Oliver Kempf,Como 1907,2024-25,DF,30,2617,0,0,2025-05-25,2025-06-17,3.0
163048,Alberto Paleari,Torino FC,2024-25,GK,32,90,0,0,2025-05-25,2025-06-17,0.5
165513,Berat Djimsiti,Atalanta BC,2024-25,DF,32,2648,1,2,2025-05-25,2025-06-17,6.0
165873,Federico Barba,Como 1907,2024-25,DF,31,431,0,0,2025-05-25,2025-06-10,0.5
165895,Matteo Politano,SSC Napoli,2024-25,FW,31,2832,3,5,2025-05-25,2025-06-17,10.0
166237,Leandro Paredes,Associazione Sportiva Roma,2024-25,MF,30,1371,3,1,2025-05-25,2025-06-17,5.0
167491,Stefano Sabelli,Genoa CFC,2024-25,DF,32,2059,0,2,2025-05-25,2025-06-17,1.4
167727,Andrea Belotti,Como 1907,2024-25,FW,31,589,2,0,2025-05-25,2025-05-30,2.0
167741,Mattia Valoti,AC Monza,2024-25,MF,31,36,0,0,2025-05-25,2025-06-02,0.9
169880,Giovanni Di Lorenzo,SSC Napoli,2024-25,DF,31,3330,3,3,2025-05-25,2025-06-17,12.0
170481,Jean-Daniel Akpa Akpro,AC Monza,2024-25,MF,32,971,0,0,2025-05-25,2025-06-17,0.5
173859,Davide Zappacosta,Atalanta BC,2024-25,MF,32,2076,4,3,2025-05-25,2025-06-17,5.0
181136,Piotr Zielinski,Inter Milan,2024-25,MF,31,971,2,2,2025-05-25,2025-06-17,10.0
181768,Hernani,Parma Calcio 1913,2024-25,MF,31,1329,3,3,2025-05-25,2025-06-17,1.6
182906,Mike Maignan,AC Milan,2024-25,GK,29,3295,0,0,2025-05-25,2025-06-17,25.0
183841,Petar Stojanović,FC Empoli,2024-25,MF,29,2,0,0,2025-05-25,2025-06-02,0.75
184892,Florian Thauvin,Udinese Calcio,2024-25,FW,32,1972,8,3,2025-05-25,2025-06-17,5.0
186368,Valentino Lazaro,Torino FC,2024-25,MF,29,2319,0,7,2025-05-25,2025-06-17,4.5
187587,Ante Rebić,US Lecce,2024-25,FW,31,777,1,0,2025-05-25,2025-06-17,1.0
192735,Stanislav Lobotka,SSC Napoli,2024-25,MF,30,2649,0,1,2025-05-25,2025-06-17,25.0
197471,Roberto Gagliardini,AC Monza,2024-25,MF,31,173,0,0,2025-05-25,2025-06-17,1.4
197473,Alberto Grassi,FC Empoli,2024-25,MF,30,2216,1,1,2025-05-25,2025-06-17,1.8
197747,Alessio Romagnoli,Società Sportiva Lazio S.p.A.,2024-25,DF,30,2673,2,0,2025-05-25,2025-06-17,7.0
197751,Alberto Cerri,Como 1907,2024-25,FW,29,82,0,0,2025-05-25,2025-06-02,1.0
197929,Ivan Provedel,Società Sportiva Lazio S.p.A.,2024-25,GK,31,2610,0,0,2025-05-25,2025-06-17,3.0
198116,Federico Dimarco,Inter Milan,2024-25,DF,27,2197,4,9,2025-05-25,2025-06-17,50.0
199248,Bryan Cristante,Associazione Sportiva Roma,2024-25,MF,30,2047,4,3,2025-05-25,2025-06-17,7.0
199258,Andrea Petagna,AC Monza,2024-25,FW,29,327,0,0,2025-05-25,2025-06-17,1.0
199733,Danilo Cataldi,ACF Fiorentina,2024-25,MF,30,1740,3,0,2025-05-25,2025-06-17,3.5
199953,Caleb Ekuban,Genoa CFC,2024-25,FW,31,543,1,3,2025-05-25,2025-06-17,1.3
199976,Marco Sportiello,AC Milan,2024-25,GK,33,125,0,0,2025-05-25,2025-06-17,1.0
200056,Elseid Hysaj,Società Sportiva Lazio S.p.A.,2024-25,DF,31,422,0,3,2025-05-25,2025-06-17,1.5
202886,Ruben Loftus-Cheek,AC Milan,2024-25,MF,29,1032,0,0,2025-05-25,2025-06-17,10.0
205938,Mario Pašalić,Atalanta BC,2024-25,MF,30,1970,3,4,2025-05-25,2025-06-17,10.0
206050,Paulo Dybala,Associazione Sportiva Roma,2024-25,FW,31,1421,6,3,2025-05-25,2025-06-17,8.0
207877,Ruslan Malinovskyi,Genoa CFC,2024-25,MF,32,383,0,2,2025-05-25,2025-06-17,2.5
207917,Alberto Moreno,Como 1907,2024-25,DF,32,1736,0,0,2025-05-25,2025-06-17,1.5
207929,Dele Alli,Como 1907,2024-25,MF,29,9,0,0,2025-05-25,2025-06-17,2.0
210178,Pablo Marí,AC Monza,2024-25,DF,31,2726,0,0,2025-05-25,2025-06-17,3.5
215649,Mirko Marić,Venezia FC,2024-25,FW,30,453,0,0,2025-05-25,2025-06-17,0.7
216179,Stefano Sensi,AC Monza,2024-25,MF,29,265,1,0,2025-05-25,2025-06-17,1.0
216599,Domen Crnigoj,Venezia FC,2024-25,MF,29,129,0,0,2025-05-25,2025-06-17,0.5
222855,Jesper Karlström,Udinese Calcio,2024-25,MF,29,3190,0,3,2025-05-25,2025-06-17,4.0
223974,Stefan Posch,Bologna Football Club 1909,2024-25,DF,28,1097,0,0,2025-05-25,2025-06-17,8.0
225873,Karol Linetty,Torino FC,2024-25,MF,30,1544,1,1,2025-05-25,2025-06-17,1.8
225963,Lautaro Giannetti,Udinese Calcio,2024-25,DF,31,878,1,0,2025-05-25,2025-06-17,2.0
226025,Luca Mazzitelli,Como 1907,2024-25,MF,29,330,1,1,2025-05-25,2025-06-02,1.5
226524,Morten Thorsby,Genoa CFC,2024-25,MF,29,1903,0,1,2025-05-25,2025-06-17,3.0
227081,Joaquín Correa,Inter Milan,2024-25,FW,30,720,2,2,2025-05-25,2025-06-17,3.0
232418,Ondrej Duda,Hellas Verona,2024-25,MF,30,2403,1,4,2025-05-25,2025-06-17,3.5
234523,Antonio Sanabria,Torino FC,2024-25,FW,29,1319,2,1,2025-05-25,2025-06-17,2.8
234781,Maxwel Cornet,Genoa CFC,2024-25,FW,28,242,2,1,2025-05-25,2025-06-17,8.0
235931,Alessandro Deiola,Cagliari Calcio,2024-25,MF,29,1429,2,1,2025-05-25,2025-06-17,1.6
237658,Michel Aebischer,Bologna Football Club 1909,2024-25,MF,28,723,0,0,2025-05-25,2025-06-17,7.5
238537,Wladimiro Falcone,US Lecce,2024-25,GK,30,3420,0,0,2025-05-25,2025-06-17,3.5
238752,Keita Baldé,AC Monza,2024-25,FW,30,641,2,0,2025-05-25,2025-06-17,0.9
238993,Simone Scuffet,Cagliari Calcio,2024-25,GK,28,1260,0,0,2025-05-25,2025-06-17,2.0
239802,Adam Marusic,Società Sportiva Lazio S.p.A.,2024-25,DF,32,2333,4,1,2025-05-25,2025-06-17,3.5
240414,Alex Meret,SSC Napoli,2024-25,GK,28,3006,0,0,2025-05-25,2025-06-17,18.0
240675,Simone Perilli,Hellas Verona,2024-25,GK,30,180,0,0,2025-05-25,2025-06-17,0.4
241076,Emmanuel Gyasi,FC Empoli,2024-25,MF,31,3225,2,3,2025-05-25,2025-06-17,1.4
241923,Lorenzo Montipò,Hellas Verona,2024-25,GK,29,3240,0,0,2025-05-25,2025-06-17,2.0
242359,Juan Musso,Atalanta BC,2024-25,GK,31,90,0,0,2025-05-25,2025-06-09,3.5
242940,Edoardo Goldaniga,Como 1907,2024-25,DF,31,2529,1,0,2025-05-25,2025-06-17,3.0
244192,Pierluigi Gollini,Genoa CFC,2024-25,GK,30,630,0,0,2025-05-25,2025-06-17,1.0
247377,Kevin Bonifazi,US Lecce,2024-25,DF,29,62,0,0,2025-05-25,2025-06-02,0.75
248732,Paweł Dawidowicz,Hellas Verona,2024-25,DF,30,1848,0,0,2025-05-25,2025-06-17,2.5
249730,Guillermo Maripán,Torino FC,2024-25,DF,31,2341,1,1,2025-05-25,2025-06-17,4.0
250153,Pasquale Mazzocchi,SSC Napoli,2024-25,DF,29,693,0,0,2025-05-25,2025-06-17,2.5
251075,Zeki Çelik,Associazione Sportiva Roma,2024-25,DF,28,2262,0,2,2025-05-25,2025-06-17,6.0
251878,Aarón Martín,Genoa CFC,2024-25,DF,28,3088,0,8,2025-05-25,2025-06-17,6.5
255838,Patrick Ciurria,AC Monza,2024-25,MF,30,1107,1,1,2025-05-25,2025-06-17,1.5
255942,Nicolò Barella,Inter Milan,2024-25,MF,28,2498,3,6,2025-05-25,2025-06-17,75.0
256339,Emil Audero,Como 1907,2024-25,GK,28,720,0,0,2025-05-25,2025-06-02,3.2
256448,Gianluca Mancini,Associazione Sportiva Roma,2024-25,DF,29,3144,2,1,2025-05-25,2025-06-17,15.0
257462,Luka Jović,AC Milan,2024-25,FW,27,553,2,0,2025-05-25,2025-06-17,4.5
257474,Vanja Milinković-Savić,Torino FC,2024-25,GK,28,3330,0,0,2025-05-25,2025-06-17,16.0
257732,Amir Rrahmani,SSC Napoli,2024-25,DF,31,3407,1,3,2025-05-25,2025-06-17,12.0
261905,Suat Serdar,Hellas Verona,2024-25,MF,28,1379,2,2,2025-05-25,2025-06-17,4.5
262523,Davide Calabria,Bologna Football Club 1909,2024-25,DF,28,947,0,1,2025-05-25,2025-06-17,4.5
264116,Gastón Pereiro,Genoa CFC,2024-25,MF,29,29,0,0,2025-05-25,2025-06-02,0.5
265078,Patrick Cutrone,Como 1907,2024-25,FW,27,2056,7,5,2025-05-25,2025-06-17,6.0
265088,Manuel Locatelli,Juventus FC,2024-25,MF,27,2833,2,2,2025-05-25,2025-06-17,30.0
268429,Sandi Lovrić,Udinese Calcio,2024-25,MF,27,2328,2,4,2025-05-25,2025-06-17,8.5
272812,Kingsley Ehizibue,Udinese Calcio,2024-25,DF,30,2510,0,1,2025-05-25,2025-06-17,2.4
273132,Robin Gosens,ACF Fiorentina,2024-25,DF,30,2527,5,5,2025-05-25,2025-06-17,8.0
276896,Samuel Gigot,Società Sportiva Lazio S.p.A.,2024-25,DF,31,682,2,0,2025-05-25,2025-06-17,3.0
277179,Angeliño,Associazione Sportiva Roma,2024-25,DF,28,3179,2,2,2025-05-25,2025-06-17,20.0
278531,Sebastiano Luperto,Cagliari Calcio,2024-25,DF,28,3240,1,3,2025-05-25,2025-06-17,4.0
281769,Mario Hermoso,Associazione Sportiva Roma,2024-25,DF,29,246,0,0,2025-05-25,2025-06-05,7.0
282144,Marin Pongracic,ACF Fiorentina,2024-25,DF,27,1368,0,0,2025-05-25,2025-06-17,10.0
282388,Giovanni Simeone,SSC Napoli,2024-25,FW,29,393,1,1,2025-05-25,2025-06-17,5.0
283735,Mattia Zaccagni,Società Sportiva Lazio S.p.A.,2024-25,FW,29,2707,8,6,2025-05-25,2025-06-17,20.0
284595,Tommaso Augello,Cagliari Calcio,2024-25,DF,30,2715,0,7,2025-05-25,2025-06-17,1.8
286297,Lorenzo Pellegrini,Associazione Sportiva Roma,2024-25,MF,28,1633,2,2,2025-05-25,2025-06-17,9.0
286949,Adam Masina,Torino FC,2024-25,DF,31,1918,1,3,2025-05-25,2025-06-17,1.5
287579,Sofyan Amrabat,ACF Fiorentina,2024-25,MF,28,180,0,0,2025-05-25,2025-06-18,17.0
289446,Yerry Mina,Cagliari Calcio,2024-25,DF,30,2576,1,0,2025-05-25,2025-06-17,3.0
290017,Hassane Kamara,Udinese Calcio,2024-25,DF,31,2007,1,4,2025-05-25,2025-06-17,3.5
290537,Jean Butez,Como 1907,2024-25,GK,29,1665,0,0,2025-05-25,2025-06-17,3.5
293194,Borna Sosa,Torino FC,2024-25,DF,27,1186,0,0,2025-05-25,2025-06-17,4.5
293200,Nikola Vlašić,Torino FC,2024-25,MF,27,2122,5,4,2025-05-25,2025-06-17,8.0
295183,Răzvan Marin,Cagliari Calcio,2024-25,MF,29,1395,3,2,2025-05-25,2025-06-17,3.5
298635,Grigoris Kastanos,Hellas Verona,2024-25,MF,27,859,1,2,2025-05-25,2025-06-17,1.5
300532,Pontus Almqvist,Parma Calcio 1913,2024-25,FW,25,1106,1,1,2025-05-25,2025-06-17,2.5
301238,Michele Di Gregorio,Juventus FC,2024-25,GK,27,2970,0,0,2025-05-25,2025-06-17,18.0
303116,Gaetano Castrovilli,AC Monza,2024-25,MF,28,738,0,0,2025-05-25,2025-06-17,1.5
303254,Fikayo Tomori,AC Milan,2024-25,DF,27,1594,0,1,2025-05-25,2025-06-17,20.0
303657,Ionuț Radu,Venezia FC,2024-25,GK,27,1350,0,0,2025-05-25,2025-06-17,2.5
304144,Alen Sherri,Cagliari Calcio,2024-25,GK,27,622,0,0,2025-05-25,2025-06-17,1.0
305947,Albert Gudmundsson,ACF Fiorentina,2024-25,FW,27,1279,6,2,2025-05-25,2025-06-17,18.0
307058,Mehdi Taremi,Inter Milan,2024-25,FW,32,805,1,3,2025-05-25,2025-06-17,3.5
308279,Rolando Mandragora,ACF Fiorentina,2024-25,MF,27,1936,4,3,2025-05-25,2025-06-17,12.0
310527,Paulo Azzi,Cagliari Calcio,2024-25,MF,30,427,0,0,2025-05-25,2025-06-02,0.8
311178,Georgios Kyriakopoulos,AC Monza,2024-25,DF,29,2851,2,4,2025-05-25,2025-06-17,2.5
311333,Alessandro Gabrielloni,Como 1907,2024-25,FW,30,129,1,1,2025-05-25,2025-06-17,0.85
312773,Daniele Sommariva,Genoa CFC,2024-25,GK,27,27,0,0,2025-05-25,2025-06-17,0.1
312819,Silvere Ganvoula,AC Monza,2024-25,FW,28,325,0,0,2025-05-25,2025-06-17,1.4
314965,Pedro Pereira,AC Monza,2024-25,DF,27,2674,1,3,2025-05-25,2025-06-17,1.5
315779,Christian Pulisic,AC Milan,2024-25,FW,26,2492,11,11,2025-05-25,2025-06-17,50.0
315853,Alessandro Bastoni,Inter Milan,2024-25,DF,26,2421,1,5,2025-05-25,2025-06-17,80.0
315865,Andrea Pinamonti,Genoa CFC,2024-25,FW,26,2860,10,1,2025-05-25,2025-06-17,15.0
315867,Gianluca Scamacca,Atalanta BC,2024-25,FW,26,5,0,0,2025-05-25,2025-06-17,24.0
315969,Scott McTominay,SSC Napoli,2024-25,MF,28,2941,12,6,2025-05-25,2025-06-17,50.0
316934,Nikola Moro,Bologna Football Club 1909,2024-25,MF,27,1213,0,2,2025-05-25,2025-06-17,4.5
318528,Marcus Thuram,Inter Milan,2024-25,FW,27,2299,14,7,2025-05-25,2025-06-17,75.0
320411,Philip Billing,SSC Napoli,2024-25,MF,28,189,1,0,2025-05-25,2025-06-17,10.0
321528,Denzel Dumfries,Inter Milan,2024-25,DF,29,1951,7,3,2025-05-25,2025-06-17,35.0
322655,Flavius Daniliuc,Hellas Verona,2024-25,DF,24,1003,0,0,2025-05-25,2025-06-17,2.7
323167,Matteo Gabbia,AC Milan,2024-25,DF,25,2154,2,0,2025-05-25,2025-06-17,14.0
324377,Youssef Maleh,FC Empoli,2024-25,MF,26,1514,0,1,2025-05-25,2025-06-17,3.2
324690,Jonathan Ikoné,Como 1907,2024-25,FW,27,860,2,0,2025-05-25,2025-06-17,7.0
324804,Yann Karamoh,Torino FC,2024-25,FW,26,1039,0,2,2025-05-25,2025-06-17,1.8
325993,Oliver Abildgaard,Como 1907,2024-25,MF,28,7,0,0,2025-05-25,2025-06-02,1.0
330208,Alessandro Vogliacco,Parma Calcio 1913,2024-25,DF,26,1488,2,0,2025-05-25,2025-06-17,2.8
330472,Alessio Iovine,Como 1907,2024-25,MF,34,382,0,0,2025-05-25,2025-06-17,0.4
331401,Manuel Lazzari,Società Sportiva Lazio S.p.A.,2024-25,DF,31,1409,0,2,2025-05-25,2025-06-17,3.5
331726,Tammy Abraham,AC Milan,2024-25,FW,27,1178,3,5,2025-05-25,2025-06-17,15.0
332179,Matteo Pessina,AC Monza,2024-25,MF,28,856,0,0,2025-05-25,2025-06-17,6.0
332697,Weston McKennie,Juventus FC,2024-25,MF,26,2317,2,4,2025-05-25,2025-06-17,22.0
336125,Mërgim Vojvoda,Torino FC,2024-25,DF,30,1826,1,2,2025-05-25,2025-06-17,3.0
336960,Giuseppe Pezzella,FC Empoli,2024-25,DF,27,2888,0,4,2025-05-25,2025-06-17,2.5
337725,Christian Kouamé,ACF Fiorentina,2024-25,FW,27,1123,1,2,2025-05-25,2025-06-17,4.0
338670,Mile Svilar,Associazione Sportiva Roma,2024-25,GK,25,3420,0,0,2025-05-25,2025-06-17,25.0
339808,Theo Hernández,AC Milan,2024-25,DF,27,2696,4,3,2025-05-25,2025-06-17,35.0
339816,Tete Morente,US Lecce,2024-25,FW,28,2029,3,2,2025-05-25,2025-06-17,2.0
340353,Maduka Okoye,Udinese Calcio,2024-25,GK,25,2250,0,0,2025-05-25,2025-06-17,7.5
341227,Juan Miranda,Bologna Football Club 1909,2024-25,DF,25,2277,0,6,2025-05-25,2025-06-17,15.0
342877,Enzo Ebosse,Udinese Calcio,2024-25,DF,26,90,0,0,2025-05-25,2025-06-06,2.0
343475,Ben Godfrey,Atalanta BC,2024-25,DF,27,22,0,0,2025-05-25,2025-05-30,6.0
343537,Artem Dovbyk,Associazione Sportiva Roma,2024-25,FW,27,2432,12,3,2025-05-25,2025-06-17,30.0
345458,Sebastian Walukiewicz,Torino FC,2024-25,DF,25,1842,0,0,2025-05-25,2025-06-17,4.5
345590,Jens Odgaard,Bologna Football Club 1909,2024-25,MF,26,1968,6,3,2025-05-25,2025-06-17,12.0
346561,Luca Ranieri,ACF Fiorentina,2024-25,DF,26,3078,1,3,2025-05-25,2025-06-17,12.0
346567,Luca Pellegrini,Società Sportiva Lazio S.p.A.,2024-25,DF,26,1058,0,6,2025-05-25,2025-06-17,3.0
346779,Ché Adams,Torino FC,2024-25,FW,28,2658,9,3,2025-05-25,2025-06-17,15.0
346890,Noah Okafor,AC Milan,2024-25,FW,25,448,1,0,2025-05-25,2025-06-17,13.0
351816,Ismaël Bennacer,AC Milan,2024-25,MF,27,302,0,0,2025-05-25,2025-06-03,15.0
351955,Federico Baschirotto,US Lecce,2024-25,DF,28,3420,2,0,2025-05-25,2025-06-17,3.6
353366,Benjamin Pavard,Inter Milan,2024-25,DF,29,1584,0,1,2025-05-25,2025-06-17,25.0
354352,Frédéric Guilbert,US Lecce,2024-25,DF,30,2450,0,1,2025-05-25,2025-06-17,2.5
354361,Frank Anguissa,SSC Napoli,2024-25,MF,29,2858,6,5,2025-05-25,2025-06-17,27.0
354909,Giorgio Altare,Venezia FC,2024-25,DF,26,751,0,0,2025-05-25,2025-06-02,1.0
357003,Martin Erlić,Bologna Football Club 1909,2024-25,DF,27,334,0,1,2025-05-25,2025-06-17,4.0
357164,Rafael Leão,AC Milan,2024-25,FW,25,2330,8,10,2025-05-25,2025-06-17,70.0
357498,Dušan Vlahović,Juventus FC,2024-25,FW,25,1784,10,4,2025-05-25,2025-06-17,35.0
357796,Domagoj Bradarić,Hellas Verona,2024-25,DF,25,1944,1,0,2025-05-25,2025-06-17,4.0
357992,Raoul Bellanova,Atalanta BC,2024-25,MF,25,2495,0,11,2025-05-25,2025-06-17,24.0
358008,Gianluca Gaetano,Cagliari Calcio,2024-25,MF,25,998,2,4,2025-05-25,2025-06-17,4.0
358032,Cyril Ngonge,SSC Napoli,2024-25,FW,24,202,0,0,2025-05-25,2025-06-17,8.0
358165,Yordan Osorio,Parma Calcio 1913,2024-25,DF,31,172,0,0,2025-05-25,2025-06-17,1.5
358166,Eldor Shomurodov,Associazione Sportiva Roma,2024-25,FW,29,1093,4,4,2025-05-25,2025-06-17,5.0
360518,Teun Koopmeiners,Juventus FC,2024-25,MF,27,1996,3,3,2025-05-25,2025-06-17,35.0
361065,Mitchel Bakker,Atalanta BC,2024-25,MF,24,21,0,0,2025-05-25,2025-06-03,7.0
361068,Jurgen Ekkelenkamp,Udinese Calcio,2024-25,MF,25,1896,3,2,2025-05-25,2025-06-17,7.0
364135,Moise Kean,ACF Fiorentina,2024-25,FW,25,2711,19,3,2025-05-25,2025-06-17,50.0
365108,Dan Ndoye,Bologna Football Club 1909,2024-25,FW,24,2151,8,4,2025-05-25,2025-06-17,35.0
367992,Jesper Karlsson,US Lecce,2024-25,FW,26,791,2,0,2025-05-25,2025-06-17,4.0
368482,Riccardo Orsolini,Bologna Football Club 1909,2024-25,FW,28,1886,15,5,2025-05-25,2025-06-17,25.0
370846,Timothy Weah,Juventus FC,2024-25,MF,25,1638,5,3,2025-05-25,2025-06-17,17.0
371149,Evan Ndicka,Associazione Sportiva Roma,2024-25,DF,25,3420,0,2,2025-05-25,2025-06-17,30.0
371851,Jaka Bijol,Udinese Calcio,2024-25,DF,26,2964,1,2,2025-05-25,2025-06-17,18.0
372445,Dani Silva,Hellas Verona,2024-25,MF,25,404,0,0,2025-05-25,2025-06-16,2.5
373373,Lucas Martínez Quarta,ACF Fiorentina,2024-25,DF,29,348,1,0,2025-05-25,2025-06-02,7.0
376514,Mathías Olivera,SSC Napoli,2024-25,DF,27,2372,0,3,2025-05-25,2025-06-17,20.0
377042,Michael Folorunsho,ACF Fiorentina,2024-25,MF,27,676,0,0,2025-05-25,2025-06-17,6.0
381706,Arvid Brorsson,AC Monza,2024-25,DF,26,359,0,0,2025-05-25,2025-06-17,0.6
381950,Alexis Saelemaekers,Associazione Sportiva Roma,2024-25,MF,25,1490,7,5,2025-05-25,2025-06-17,17.0
385394,Alberto Dossena,Como 1907,2024-25,DF,26,1831,0,2,2025-05-25,2025-06-17,8.0
386446,Alessandro Buongiorno,SSC Napoli,2024-25,DF,25,1926,1,0,2025-05-25,2025-06-17,50.0
386455,Riccardo Sottil,ACF Fiorentina,2024-25,FW,25,947,1,2,2025-05-25,2025-06-17,5.0
386552,Lassana Coulibaly,US Lecce,2024-25,MF,29,2673,1,1,2025-05-25,2025-06-17,2.5
388516,Josep Martínez,Inter Milan,2024-25,GK,26,450,0,0,2025-05-25,2025-06-17,12.0
389837,Nicolò Casale,Bologna Football Club 1909,2024-25,DF,27,1033,0,1,2025-05-25,2025-06-17,6.0
390304,Federico Ravaglia,Bologna Football Club 1909,2024-25,GK,25,1055,0,0,2025-05-25,2025-06-17,1.5
392085,Nicolò Zaniolo,Atalanta BC,2024-25,FW,25,685,2,2,2025-05-25,2025-06-17,12.0
392516,Antonino Gallo,US Lecce,2024-25,DF,25,2615,0,2,2025-05-25,2025-06-17,4.3
392538,Tommaso Pobega,Bologna Football Club 1909,2024-25,MF,25,1178,2,3,2025-05-25,2025-06-17,9.0
392569,Gabriele Zappa,Cagliari Calcio,2024-25,DF,25,3062,2,0,2025-05-25,2025-06-17,4.0
392570,Marco Sala,Como 1907,2024-25,DF,25,329,0,0,2025-05-25,2025-06-17,0.9
392881,Antonio Candela,Venezia FC,2024-25,DF,25,1011,0,1,2025-05-25,2025-06-09,1.8
392956,Enrico Delprato,Parma Calcio 1913,2024-25,DF,25,2946,4,0,2025-05-25,2025-06-17,6.5
392959,Andrea Colpani,ACF Fiorentina,2024-25,MF,26,1458,2,2,2025-05-25,2025-06-17,9.5
392966,Nadir Zortea,Cagliari Calcio,2024-25,DF,25,2727,6,2,2025-05-25,2025-06-17,5.0
394300,Davide Frattesi,Inter Milan,2024-25,MF,25,1210,5,2,2025-05-25,2025-06-17,35.0
395236,Yacine Adli,ACF Fiorentina,2024-25,MF,24,1208,4,6,2025-05-25,2025-06-17,11.0
395237,Maxence Caqueret,Como 1907,2024-25,MF,25,1098,2,3,2025-05-25,2025-06-17,16.0
395512,Antoine Bernede,Hellas Verona,2024-25,MF,25,593,1,0,2025-05-25,2025-06-17,2.5
397225,Alessandro Zanoli,Genoa CFC,2024-25,DF,24,1717,1,1,2025-05-25,2025-06-17,6.0
397486,Dennis Man,Parma Calcio 1913,2024-25,FW,26,1999,4,5,2025-05-25,2025-06-17,10.0
400489,Eljif Elmas,Torino FC,2024-25,MF,25,1026,4,0,2025-05-25,2025-06-17,14.0
401529,Dodô,ACF Fiorentina,2024-25,DF,26,3119,0,6,2025-05-25,2025-06-17,24.0
401922,Samuel Chukwueze,AC Milan,2024-25,FW,26,918,3,2,2025-05-25,2025-06-17,10.0
405670,Yannik Engelhardt,Como 1907,2024-25,MF,24,1153,1,1,2025-05-25,2025-06-17,6.0
405885,Giacomo Raspadori,SSC Napoli,2024-25,FW,25,1097,6,1,2025-05-25,2025-06-17,25.0
406040,Ademola Lookman,Atalanta BC,2024-25,FW,27,2265,15,5,2025-05-25,2025-06-17,60.0
406625,Lautaro Martínez,Inter Milan,2024-25,FW,27,2580,12,5,2025-05-25,2025-06-17,95.0
406806,Emil Bohinen,Genoa CFC,2024-25,MF,26,164,0,0,2025-05-25,2025-06-02,1.5
412366,Brenner,Udinese Calcio,2024-25,FW,25,385,1,2,2025-05-25,2025-06-17,4.0
412660,Keinan Davis,Udinese Calcio,2024-25,FW,27,1062,2,1,2025-05-25,2025-06-17,3.4
413565,Jhon Lucumí,Bologna Football Club 1909,2024-25,DF,26,2613,0,1,2025-05-25,2025-06-17,22.0
416386,Abdou Harroui,Hellas Verona,2024-25,MF,27,462,1,2,2025-05-25,2025-06-17,1.8
421873,Elia Caprile,Cagliari Calcio,2024-25,GK,23,1944,0,0,2025-05-25,2025-06-17,9.0
422951,Victor Nelsson,Associazione Sportiva Roma,2024-25,DF,26,185,0,0,2025-05-25,2025-06-17,10.0
423744,Billy Gilmour,SSC Napoli,2024-25,MF,23,1174,0,1,2025-05-25,2025-06-17,20.0
428563,Lewis Ferguson,Bologna Football Club 1909,2024-25,MF,25,980,1,1,2025-05-25,2025-06-17,28.0
430280,Hans Nicolussi Caviglia,Venezia FC,2024-25,MF,24,2870,4,3,2025-05-25,2025-06-17,8.5
431811,Ola Solbakken,FC Empoli,2024-25,FW,26,754,0,0,2025-05-25,2025-06-17,2.3
432090,Nicolò Fagioli,ACF Fiorentina,2024-25,MF,24,1527,1,2,2025-05-25,2025-06-17,18.0
432092,Roberto Piccoli,Cagliari Calcio,2024-25,FW,24,3145,10,3,2025-05-25,2025-06-17,12.0
432298,Zion Suzuki,Parma Calcio 1913,2024-25,GK,22,3315,0,0,2025-05-25,2025-06-17,20.0
433181,Tino Anjorin,FC Empoli,2024-25,MF,23,1118,2,3,2025-05-25,2025-06-17,6.0
433584,Alessio Zerbin,Venezia FC,2024-25,MF,26,1522,1,2,2025-05-25,2025-06-17,4.0
433984,Sam Beukema,Bologna Football Club 1909,2024-25,DF,26,3012,0,1,2025-05-25,2025-06-17,28.0
434433,Nikola Krstović,US Lecce,2024-25,FW,25,3070,11,5,2025-05-25,2025-06-17,15.0
435228,Ardian Ismajli,FC Empoli,2024-25,DF,28,2510,0,0,2025-05-25,2025-06-17,6.0
435772,Charles De Ketelaere,Atalanta BC,2024-25,MF,24,2080,7,8,2025-05-25,2025-06-17,35.0
441986,Yann Bisseck,Inter Milan,2024-25,DF,24,1639,3,2,2025-05-25,2025-06-17,35.0
442703,Ylber Ramadani,US Lecce,2024-25,MF,29,1814,1,1,2025-05-25,2025-06-17,1.8
445126,Emanuele Valeri,Parma Calcio 1913,2024-25,DF,26,2879,2,6,2025-05-25,2025-06-17,3.0
447661,Douglas Luiz,Juventus FC,2024-25,MF,27,516,0,0,2025-05-25,2025-06-17,30.0
449151,Junior Messias,Genoa CFC,2024-25,FW,34,844,1,1,2025-05-25,2025-06-17,1.5
454386,Adrian Benedyczak,Parma Calcio 1913,2024-25,FW,24,207,0,0,2025-05-25,2025-06-17,4.5
456492,Faride Alidou,Hellas Verona,2024-25,FW,23,68,0,0,2025-05-25,2025-06-19,1.0
457673,Gabriel Strefezza,Como 1907,2024-25,FW,28,2635,6,4,2025-05-25,2025-06-17,6.0
457736,Tijjani Noslin,Società Sportiva Lazio S.p.A.,2024-25,FW,25,845,2,2,2025-05-25,2025-06-17,7.5
459128,Marco Brescianini,Atalanta BC,2024-25,MF,25,983,4,2,2025-05-25,2025-06-17,8.0
459151,Nicolò Cambiaghi,Bologna Football Club 1909,2024-25,FW,24,611,1,4,2025-05-25,2025-06-17,8.5
459658,Andrea Cambiaso,Juventus FC,2024-25,DF,25,2223,2,4,2025-05-25,2025-06-17,35.0
459665,Patrizio Masini,Genoa CFC,2024-25,MF,24,1533,1,0,2025-05-25,2025-06-17,6.0
459763,Marco Carnesecchi,Atalanta BC,2024-25,GK,24,3060,0,0,2025-05-25,2025-06-17,25.0
459945,Nunzio Lella,Venezia FC,2024-25,MF,24,5,0,0,2025-05-25,2025-06-02,0.7
460651,Antoine Makoumbou,Cagliari Calcio,2024-25,MF,26,2164,0,3,2025-05-25,2025-06-17,3.5
460939,Tijjani Reijnders,AC Milan,2024-25,MF,26,3132,10,5,2025-05-25,2025-06-17,60.0
461019,Samuele Birindelli,AC Monza,2024-25,DF,25,1476,3,0,2025-05-25,2025-06-17,2.8
462250,João Félix,AC Milan,2024-25,FW,25,760,2,1,2025-05-25,2025-06-17,20.0
462823,Gustav Isaksen,Società Sportiva Lazio S.p.A.,2024-25,FW,24,2228,4,3,2025-05-25,2025-06-17,20.0
463618,Khéphren Thuram,Juventus FC,2024-25,MF,24,2329,4,6,2025-05-25,2025-06-17,40.0
463665,Oumar Solet,Udinese Calcio,2024-25,DF,25,1674,1,2,2025-05-25,2025-06-17,18.0
464598,Casper Tengstedt,Hellas Verona,2024-25,FW,24,1531,6,2,2025-05-25,2025-06-17,6.0
465830,Mattéo Guendouzi,Società Sportiva Lazio S.p.A.,2024-25,MF,26,3275,1,3,2025-05-25,2025-06-17,32.0
466802,Adrián Bernabé,Parma Calcio 1913,2024-25,MF,23,1461,1,1,2025-05-25,2025-06-17,15.0
467992,Samuele Ricci,Torino FC,2024-25,MF,23,2839,1,1,2025-05-25,2025-06-17,30.0
469211,Liberato Cacace,FC Empoli,2024-25,DF,24,2231,2,4,2025-05-25,2025-06-17,3.0
469822,David Neres,SSC Napoli,2024-25,FW,28,1279,2,6,2025-05-25,2025-06-17,30.0
470794,Ivan Ilić,Torino FC,2024-25,MF,24,916,1,0,2025-05-25,2025-06-17,16.0
476344,Emerson Royal,AC Milan,2024-25,DF,26,1382,0,0,2025-05-25,2025-06-17,9.0
480116,Lloyd Kelly,Juventus FC,2024-25,DF,26,1015,0,0,2025-05-25,2025-06-17,16.0
481675,Christos Mandas,Società Sportiva Lazio S.p.A.,2024-25,GK,23,810,0,0,2025-05-25,2025-06-17,10.0
481834,Andrea Carboni,AC Monza,2024-25,DF,24,2196,0,1,2025-05-25,2025-06-17,2.8
485584,Anass Salah-Eddine,Associazione Sportiva Roma,2024-25,DF,23,153,0,1,2025-05-25,2025-06-17,8.0
486031,Nico González,Juventus FC,2024-25,FW,27,1764,3,2,2025-05-25,2025-06-17,24.0
487474,Francisco Conceição,Juventus FC,2024-25,FW,22,1338,3,4,2025-05-25,2025-06-17,28.0
487843,Lorenzo Colombo,FC Empoli,2024-25,FW,23,2240,6,2,2025-05-25,2025-06-17,5.0
487969,Randal Kolo Muani,Juventus FC,2024-25,FW,26,1164,8,1,2025-05-25,2025-06-17,30.0
488052,Matthias Braunöder,Como 1907,2024-25,MF,23,265,0,0,2025-05-25,2025-06-17,1.4
488784,Magnus Kofod Andersen,Venezia FC,2024-25,MF,26,692,1,1,2025-05-25,2025-06-17,1.0
488785,Martin Frese,Hellas Verona,2024-25,DF,27,544,0,0,2025-05-25,2025-06-17,2.0
488996,Thórir Jóhann Helgason,US Lecce,2024-25,MF,24,1157,0,4,2025-05-25,2025-06-17,3.0
490384,Koni De Winter,Genoa CFC,2024-25,DF,22,2133,3,0,2025-05-25,2025-06-17,22.0
490423,Ignace Van der Brempt,Como 1907,2024-25,DF,23,1258,0,2,2025-05-25,2025-06-17,4.0
491693,Nehuén Pérez,Udinese Calcio,2024-25,DF,24,180,0,0,2025-05-25,2025-05-30,13.0
494236,Andy Pelmard,US Lecce,2024-25,DF,25,127,0,0,2025-05-25,2025-06-09,2.0
495667,Lucas Da Cunha,Como 1907,2024-25,MF,23,2625,3,2,2025-05-25,2025-06-17,10.0
495722,Devis Vásquez,FC Empoli,2024-25,GK,27,2880,0,0,2025-05-25,2025-06-17,2.0
496745,Emil Holm,Bologna Football Club 1909,2024-25,DF,25,1135,1,1,2025-05-25,2025-06-17,8.0
502670,Khvicha Kvaratskhelia,SSC Napoli,2024-25,FW,24,1187,5,3,2025-05-25,2025-06-03,90.0
503075,Isak Hien,Atalanta BC,2024-25,DF,26,2325,0,0,2025-05-25,2025-06-17,30.0
503871,Morten Frendrup,Genoa CFC,2024-25,MF,24,3107,2,0,2025-05-25,2025-06-17,20.0
503991,Yunus Musah,AC Milan,2024-25,MF,22,1574,0,2,2025-05-25,2025-06-17,20.0
504209,Gianluca Busio,Venezia FC,2024-25,MF,22,2527,2,0,2025-05-25,2025-06-17,6.0
507486,Simon Sohm,Parma Calcio 1913,2024-25,MF,24,3000,4,0,2025-05-25,2025-06-17,5.0
509022,Federico Gatti,Juventus FC,2024-25,DF,26,2199,1,1,2025-05-25,2025-06-17,24.0
516716,Bremer,Juventus FC,2024-25,DF,28,540,0,0,2025-05-25,2025-06-17,50.0
520530,Fali Candé,Venezia FC,2024-25,DF,27,1530,1,1,2025-05-25,2025-06-17,2.5
521407,Walid Cheddira,SSC Napoli,2024-25,FW,27,11,0,0,2025-05-25,2025-06-09,2.5
521964,Malick Thiaw,AC Milan,2024-25,DF,23,1804,0,0,2025-05-25,2025-06-17,18.0
522681,Ben Lhassine Kone,Como 1907,2024-25,MF,25,47,0,0,2025-05-25,2025-06-02,0.5
522784,Taty Castellanos,Società Sportiva Lazio S.p.A.,2024-25,FW,26,2395,10,5,2025-05-25,2025-06-17,25.0
523318,Anastasios Douvikas,Como 1907,2024-25,FW,25,578,2,2,2025-05-25,2025-06-17,10.0
524010,Oier Zarraga,Udinese Calcio,2024-25,MF,26,891,1,0,2025-05-25,2025-06-17,2.0
525704,Nicolò Rovella,Società Sportiva Lazio S.p.A.,2024-25,MF,23,2727,0,3,2025-05-25,2025-06-17,30.0
527698,Kike Pérez,Venezia FC,2024-25,MF,28,1120,1,1,2025-05-25,2025-06-17,2.8
528833,Lazar Samardžić,Atalanta BC,2024-25,MF,23,1149,2,1,2025-05-25,2025-06-17,17.0
530742,Fisayo Dele-Bashiru,Società Sportiva Lazio S.p.A.,2024-25,MF,24,943,3,1,2025-05-25,2025-06-17,7.5
531065,Oussama El Azzouzi,Bologna Football Club 1909,2024-25,MF,23,17,0,0,2025-05-25,2025-06-17,1.4
532937,Johan Vásquez,Genoa CFC,2024-25,DF,26,3041,3,0,2025-05-25,2025-06-17,14.0
535469,Valentin Mihăilă,Parma Calcio 1913,2024-25,FW,25,1296,0,3,2025-05-25,2025-06-17,3.0
535740,Giuseppe Ciocci,Cagliari Calcio,2024-25,GK,23,8,0,0,2025-05-25,2025-06-17,0.1
535955,Nuno Tavares,Società Sportiva Lazio S.p.A.,2024-25,DF,25,1702,0,8,2025-05-25,2025-06-17,25.0
537171,Semuel Pizzignacco,AC Monza,2024-25,GK,23,736,0,0,2025-05-25,2025-06-17,0.8
538918,Sebastiano Esposito,FC Empoli,2024-25,FW,22,2344,8,1,2025-05-25,2025-06-17,8.5
538964,Thijs Dallinga,Bologna Football Club 1909,2024-25,FW,24,1145,3,3,2025-05-25,2025-06-17,12.0
539134,Daniel Maldini,AC Monza,2024-25,MF,23,1566,6,1,2025-05-25,2025-06-17,10.0
540333,Tomas Suslov,Hellas Verona,2024-25,MF,22,2097,0,1,2025-05-25,2025-06-17,6.0
543666,Stefano Turati,AC Monza,2024-25,GK,23,2677,0,0,2025-05-25,2025-06-17,6.5
543727,Botond Balogh,Parma Calcio 1913,2024-25,DF,22,2053,0,1,2025-05-25,2025-06-17,2.4
543771,Kristjan Asllani,Inter Milan,2024-25,MF,23,983,2,2,2025-05-25,2025-06-17,13.0
545538,Lameck Banda,US Lecce,2024-25,FW,24,609,0,1,2025-05-25,2025-06-17,4.5
546926,Jay Idzes,Venezia FC,2024-25,DF,24,3128,1,0,2025-05-25,2025-06-17,7.5
547985,Fabiano Parisi,ACF Fiorentina,2024-25,DF,24,1116,2,0,2025-05-25,2025-06-17,6.0
550106,Matteo Cancellieri,Parma Calcio 1913,2024-25,FW,23,1430,3,0,2025-05-25,2025-06-17,4.5
550108,Nicola Zalewski,Associazione Sportiva Roma,2024-25,MF,23,963,1,2,2025-05-25,2025-06-17,12.0
552223,Filip Stanković,Venezia FC,2024-25,GK,23,1368,0,0,2025-05-25,2025-06-17,6.0
552472,Nahuel Estévez,Parma Calcio 1913,2024-25,MF,29,659,0,0,2025-05-25,2025-06-17,2.0
552955,Santiago Gimenez,AC Milan,2024-25,FW,24,670,5,2,2025-05-25,2025-06-17,30.0
554903,Mateo Retegui,Atalanta BC,2024-25,FW,26,2404,25,8,2025-05-25,2025-06-17,45.0
555106,Filip Marchwinski,US Lecce,2024-25,MF,23,14,0,0,2025-05-25,2025-06-17,3.0
555820,Martín Payero,Udinese Calcio,2024-25,MF,26,1383,1,1,2025-05-25,2025-06-17,5.5
557407,Devyne Rensch,Associazione Sportiva Roma,2024-25,DF,22,464,0,1,2025-05-25,2025-06-17,10.0
562049,Edoardo Bove,ACF Fiorentina,2024-25,MF,23,856,1,3,2025-05-25,2025-06-17,5.0
564305,Michel Adopo,Cagliari Calcio,2024-25,MF,24,2417,1,2,2025-05-25,2025-06-17,4.0
566613,Bjarki Bjarkason,Venezia FC,2024-25,MF,25,159,0,0,2025-05-25,2025-06-17,0.8
566615,Mikael Egill Ellertsson,Venezia FC,2024-25,MF,23,2480,2,2,2025-05-25,2025-06-17,3.4
568333,Adam Obert,Cagliari Calcio,2024-25,DF,22,1076,1,1,2025-05-25,2025-06-17,3.0
568617,Răzvan Sava,Udinese Calcio,2024-25,GK,22,1080,0,0,2025-05-25,2025-06-17,2.5
569387,Valentin Gendrey,US Lecce,2024-25,DF,24,180,0,0,2025-05-25,2025-06-05,7.0
569598,Youssouf Fofana,AC Milan,2024-25,MF,26,2510,1,6,2025-05-25,2025-06-17,30.0
571271,Ivan Smolcic,Como 1907,2024-25,DF,24,629,0,0,2025-05-25,2025-06-17,1.8
571604,Giorgio Scalvini,Atalanta BC,2024-25,DF,21,274,0,0,2025-05-25,2025-06-17,35.0
571607,Fabio Miretti,Genoa CFC,2024-25,MF,21,1695,3,3,2025-05-25,2025-06-17,14.0
572265,Lorenzo Lucca,Udinese Calcio,2024-25,FW,24,2363,12,2,2025-05-25,2025-06-17,22.0
574671,Strahinja Pavlović,AC Milan,2024-25,DF,24,1864,2,2,2025-05-25,2025-06-17,18.0
581672,Samuel Iling-Junior,Bologna Football Club 1909,2024-25,MF,21,112,1,0,2025-05-25,2025-05-27,10.0
583046,Medon Berisha,US Lecce,2024-25,MF,21,714,0,1,2025-05-25,2025-06-17,1.5
583404,Marcus Pedersen,Torino FC,2024-25,DF,24,1357,0,0,2025-05-25,2025-06-17,3.0
585949,Pierre Kalulu,Juventus FC,2024-25,DF,24,2335,1,0,2025-05-25,2025-06-17,28.0
585982,Carlos Augusto,Inter Milan,2024-25,DF,26,1681,3,4,2025-05-25,2025-06-17,26.0
586853,Vitinha,Genoa CFC,2024-25,FW,25,1334,2,3,2025-05-25,2025-06-17,8.0
586984,Daniel Oyegoke,Hellas Verona,2024-25,DF,22,99,0,0,2025-05-25,2025-06-17,0.5
588426,Saúl Coco,Torino FC,2024-25,DF,26,2848,2,0,2025-05-25,2025-06-17,10.0
592975,Woyo Coulibaly,Parma Calcio 1913,2024-25,DF,25,1085,0,2,2025-05-25,2025-05-30,2.0
600041,Mattia Felici,Cagliari Calcio,2024-25,FW,24,922,0,3,2025-05-25,2025-06-17,2.8
602124,Alessandro Bianco,AC Monza,2024-25,MF,22,2625,1,0,2025-05-25,2025-06-17,5.0
603891,Emmanuel Ekong,FC Empoli,2024-25,FW,22,171,0,0,2025-05-25,2025-06-18,0.55
605396,Samuel Dahl,Associazione Sportiva Roma,2024-25,DF,22,41,0,0,2025-05-25,2025-05-30,7.0
607226,Loum Tchaouna,Società Sportiva Lazio S.p.A.,2024-25,FW,21,647,1,0,2025-05-25,2025-06-17,10.0
607854,Éderson,Atalanta BC,2024-25,MF,25,2886,4,2,2025-05-25,2025-06-17,50.0
613393,Gaetano Oristanio,Venezia FC,2024-25,MF,22,2332,3,3,2025-05-25,2025-06-17,6.0
614742,Drissa Camara,Parma Calcio 1913,2024-25,MF,23,432,0,1,2025-05-25,2025-06-17,1.5
616631,Matteo Ruggeri,Atalanta BC,2024-25,DF,22,1749,0,3,2025-05-25,2025-06-17,16.0
618341,Mario Gila,Società Sportiva Lazio S.p.A.,2024-25,DF,24,2743,1,0,2025-05-25,2025-06-17,30.0
620313,Lucas Gourna-Douath,Associazione Sportiva Roma,2024-25,MF,21,227,0,0,2025-05-25,2025-06-17,8.0
622380,Cesare Casadei,Torino FC,2024-25,MF,22,1023,1,1,2025-05-25,2025-06-17,15.0
624690,Manu Koné,Associazione Sportiva Roma,2024-25,MF,24,2578,2,1,2025-05-25,2025-06-17,40.0
625202,Lautaro Valenti,Parma Calcio 1913,2024-25,DF,26,1557,1,0,2025-05-25,2025-06-17,1.5
626913,Boulaye Dia,Società Sportiva Lazio S.p.A.,2024-25,FW,28,2193,9,3,2025-05-25,2025-06-17,15.0
628366,Lucas Beltrán,ACF Fiorentina,2024-25,FW,24,1958,5,5,2025-05-25,2025-06-17,18.0
631007,Filippo Terracciano,AC Milan,2024-25,DF,22,534,0,0,2025-05-25,2025-06-17,3.2
631927,Saud Abdulhamid,Associazione Sportiva Roma,2024-25,DF,25,205,0,1,2025-05-25,2025-06-17,3.0
633530,Jordan Zemura,Udinese Calcio,2024-25,DF,25,1411,1,2,2025-05-25,2025-06-17,4.5
633668,Giovanni Fabbian,Bologna Football Club 1909,2024-25,MF,22,1010,3,1,2025-05-25,2025-06-17,12.0
633992,Enzo Le Fée,Associazione Sportiva Roma,2024-25,MF,25,319,0,0,2025-05-25,2025-05-27,18.0
638793,Tajon Buchanan,Inter Milan,2024-25,FW,26,89,0,0,2025-05-25,2025-06-09,6.0
641537,Tommaso Baldanzi,Associazione Sportiva Roma,2024-25,MF,22,814,1,1,2025-05-25,2025-06-17,12.0
644032,Cheikh Niasse,Hellas Verona,2024-25,MF,25,757,0,0,2025-05-25,2025-06-17,2.5
644408,Oliver Provstgaard,Società Sportiva Lazio S.p.A.,2024-25,DF,21,33,0,0,2025-05-25,2025-06-17,3.5
644771,Odilon Kossounou,Atalanta BC,2024-25,DF,24,1125,0,0,2025-05-25,2025-06-17,25.0
648032,James Abankwah,Udinese Calcio,2024-25,DF,21,85,0,0,2025-05-25,2025-05-27,1.0
649490,Konan N’Dri,US Lecce,2024-25,FW,24,299,0,0,2025-05-25,2025-06-17,1.4
650966,Samuele Vignato,AC Monza,2024-25,MF,21,461,0,0,2025-05-25,2025-06-17,2.2
650999,Federico Accornero,Genoa CFC,2024-25,FW,21,4,0,0,2025-05-25,2025-06-19,0.4
651005,Cher Ndour,ACF Fiorentina,2024-25,MF,20,404,0,0,2025-05-25,2025-06-17,5.0
651569,Daniel Mosquera,Hellas Verona,2024-25,FW,25,1363,5,1,2025-05-25,2025-06-17,1.5
654991,Samuel Mbangula,Juventus FC,2024-25,FW,21,699,3,4,2025-05-25,2025-06-17,14.0
655456,Saba Sazonov,Torino FC,2024-25,DF,23,2,0,0,2025-05-25,2025-06-17,2.0
656441,Jean Onana,Genoa CFC,2024-25,MF,25,298,0,0,2025-05-25,2025-06-17,1.8
659516,Warren Bondo,AC Monza,2024-25,MF,21,1785,0,0,2025-05-25,2025-06-17,10.0
660342,Gabriel Charpentier,Parma Calcio 1913,2024-25,FW,26,264,1,3,2025-05-25,2025-06-17,1.3
660860,Diego Coppola,Hellas Verona,2024-25,DF,21,2926,2,0,2025-05-25,2025-06-17,10.0
661212,Mathias Løvik,Parma Calcio 1913,2024-25,DF,21,86,0,0,2025-05-25,2025-06-17,5.0
662261,Rafa Marín,SSC Napoli,2024-25,DF,23,139,0,0,2025-05-25,2025-06-17,7.0
663237,Jacob Ondrejka,Parma Calcio 1913,2024-25,FW,22,416,5,0,2025-05-25,2025-06-17,8.0
666268,Daniel Fila,Venezia FC,2024-25,FW,22,495,2,0,2025-05-25,2025-06-17,3.0
666547,Zito Luvumbo,Cagliari Calcio,2024-25,FW,23,1613,2,2,2025-05-25,2025-06-17,5.0
668547,Máximo Perrone,Como 1907,2024-25,MF,22,1860,0,3,2025-05-25,2025-06-17,12.0
668951,Matías Soulé,Associazione Sportiva Roma,2024-25,FW,22,1792,5,5,2025-05-25,2025-06-17,30.0
671799,Rui Modesto,Udinese Calcio,2024-25,FW,25,595,0,1,2025-05-25,2025-06-17,2.0
674806,Santiago Pierotti,US Lecce,2024-25,FW,24,1940,4,2,2025-05-25,2025-06-17,4.0
676411,Dailon Livramento,Hellas Verona,2024-25,FW,24,932,1,2,2025-05-25,2025-06-17,0.8
686965,Juan Cabal,Juventus FC,2024-25,DF,24,460,0,1,2025-05-25,2025-06-17,9.0
691482,Jacopo Fazzini,FC Empoli,2024-25,MF,22,1390,4,1,2025-05-25,2025-06-17,10.0
698259,Thomas Kristensen,Udinese Calcio,2024-25,DF,23,1753,1,0,2025-05-25,2025-06-17,6.0
698546,Vanja Vlahović,Atalanta BC,2024-25,FW,21,57,0,1,2025-05-25,2025-06-19,6.0
698560,Cheick Condé,Venezia FC,2024-25,MF,24,145,0,0,2025-05-25,2025-06-17,1.8
699442,Kacper Urbański,AC Monza,2024-25,MF,20,746,1,0,2025-05-25,2025-06-17,6.0
701819,Daniele Ghilardi,Hellas Verona,2024-25,DF,22,2030,0,0,2025-05-25,2025-06-17,5.0
707844,Mandela Keita,Parma Calcio 1913,2024-25,MF,23,1828,0,2,2025-05-25,2025-06-17,12.0
708072,Nicolò Savona,Juventus FC,2024-25,DF,22,1727,2,1,2025-05-25,2025-06-17,12.0
708678,Isaak Touré,Udinese Calcio,2024-25,DF,22,736,1,0,2025-05-25,2025-06-17,7.0
709957,Álex Valle,Como 1907,2024-25,DF,21,1034,0,0,2025-05-25,2025-06-17,6.0
728485,Danilo Veiga,US Lecce,2024-25,DF,22,365,0,0,2025-05-25,2025-06-17,1.0
728733,Brooke Norton-Cuffy,Genoa CFC,2024-25,DF,21,721,0,0,2025-05-25,2025-06-17,3.5
731491,Franco Carboni,Venezia FC,2024-25,DF,22,223,0,1,2025-05-25,2025-06-17,1.0
731525,Rareș Burnete,US Lecce,2024-25,FW,21,24,0,0,2025-05-25,2025-06-17,0.7
741090,Jonas Rouhi,Juventus FC,2024-25,DF,21,207,0,0,2025-05-25,2025-06-17,2.0
741257,Álex Jiménez,AC Milan,2024-25,DF,20,1270,0,1,2025-05-25,2025-06-17,15.0
741292,Iker Bravo,Udinese Calcio,2024-25,FW,20,662,2,1,2025-05-25,2025-06-17,3.0
744728,Arijon Ibrahimovic,Società Sportiva Lazio S.p.A.,2024-25,MF,19,7,0,0,2025-05-25,2025-06-17,4.0
745202,Yllan Okou,Hellas Verona,2024-25,DF,22,1,0,0,2025-05-25,2025-06-17,0.8
746712,Pietro Comuzzo,ACF Fiorentina,2024-25,DF,20,2197,1,0,2025-05-25,2025-06-17,25.0
748382,Amin Sarr,Hellas Verona,2024-25,FW,24,1921,4,1,2025-05-25,2025-06-17,5.0
749552,Alieu Fadera,Como 1907,2024-25,FW,23,1649,1,4,2025-05-25,2025-06-17,4.5
797572,Stefan Lekovic,AC Monza,2024-25,DF,21,364,0,0,2025-05-25,2025-06-17,1.7
798929,Gvidas Gineitis,Torino FC,2024-25,MF,21,1423,3,1,2025-05-25,2025-06-17,6.0
805714,Renato Veiga,Juventus FC,2024-25,DF,21,1094,0,1,2025-05-25,2025-06-17,25.0
805886,Gaby Jean,US Lecce,2024-25,DF,25,1388,0,0,2025-05-25,2025-06-17,2.0
813137,Niccolò Pisilli,Associazione Sportiva Roma,2024-25,MF,20,1218,2,1,2025-05-25,2025-06-17,13.0
814446,Luca Marianucci,FC Empoli,2024-25,DF,20,1065,0,0,2025-05-25,2025-06-17,7.5
818448,Alessandro Marcandalli,Venezia FC,2024-25,DF,22,402,0,0,2025-05-25,2025-06-17,2.0
818888,Antonio Raimondo,Venezia FC,2024-25,FW,21,86,0,0,2025-05-25,2025-06-02,3.8
823486,Michael Kayode,ACF Fiorentina,2024-25,DF,20,124,0,0,2025-05-25,2025-05-30,18.0
827734,Ange-Yoan Bonny,Parma Calcio 1913,2024-25,FW,21,2546,6,4,2025-05-25,2025-06-17,20.0
836441,Gaspar,US Lecce,2024-25,DF,27,2145,0,1,2025-05-25,2025-06-17,3.5
845654,Kenan Yıldız,Juventus FC,2024-25,FW,20,2409,7,5,2025-05-25,2025-06-17,50.0
848509,Jackson Tchatchoua,Hellas Verona,2024-25,DF,23,3170,2,3,2025-05-25,2025-06-17,8.0
849520,Santiago Castro,Bologna Football Club 1909,2024-25,FW,20,2302,8,5,2025-05-25,2025-06-17,35.0
855308,Arthur Atta,Udinese Calcio,2024-25,MF,22,1245,0,0,2025-05-25,2025-06-17,8.0
856530,Mateo Pellegrino,Parma Calcio 1913,2024-25,FW,23,739,3,1,2025-05-25,2025-06-17,6.0
860992,Nicolás Valentini,Hellas Verona,2024-25,DF,24,1132,0,0,2025-05-25,2025-06-17,6.0
861981,Alan Matturro,Genoa CFC,2024-25,DF,20,896,0,0,2025-05-25,2025-06-17,7.0
866247,Tommaso Rubino,ACF Fiorentina,2024-25,MF,18,7,0,0,2025-05-25,2025-06-27,1.2
867137,Alessandro Circati,Parma Calcio 1913,2024-25,DF,21,540,0,0,2025-05-25,2025-06-17,8.0
876298,Matteo Prati,Cagliari Calcio,2024-25,MF,21,573,0,0,2025-05-25,2025-06-17,6.0
876400,Simone Pafundi,Udinese Calcio,2024-25,MF,19,107,0,0,2025-05-25,2025-06-17,5.0
877139,Alberto Costa,Juventus FC,2024-25,DF,21,352,0,1,2025-05-25,2025-06-17,10.0
877672,Ali Jasim,Como 1907,2024-25,FW,21,9,0,0,2025-05-25,2025-05-28,0.55
883122,Anas Haj Mohamed,Parma Calcio 1913,2024-25,FW,20,443,1,1,2025-05-25,2025-06-17,1.8
885230,Nicola Pintus,Cagliari Calcio,2024-25,DF,20,3,0,0,2025-05-25,2025-06-27,0.4
887638,Davide Bartesaghi,AC Milan,2024-25,DF,19,118,0,0,2025-05-25,2025-06-19,1.8
890385,Sebastian Otoa,Genoa CFC,2024-25,DF,21,181,0,0,2025-05-25,2025-06-17,2.0
893675,Amir Richardson,ACF Fiorentina,2024-25,MF,23,1091,1,1,2025-05-25,2025-06-17,8.5
894324,Bob Murphy Omoregbe,AC Milan,2024-25,FW,21,2,0,0,2025-05-25,2025-06-19,0.1
895937,Marco Palestra,Atalanta BC,2024-25,DF,20,217,0,0,2025-05-25,2025-06-17,3.5
906160,Saba Goglichidze,FC Empoli,2024-25,DF,20,2547,0,1,2025-05-25,2025-06-17,8.0
911328,Mohamed Kaba,US Lecce,2024-25,MF,23,441,0,0,2025-05-25,2025-06-17,2.0
917375,Antoine Hainaut,Parma Calcio 1913,2024-25,DF,23,1198,2,0,2025-05-25,2025-06-17,1.0
926952,Patrick Dorgu,US Lecce,2024-25,FW,20,1842,3,1,2025-05-25,2025-05-30,25.0
934527,Alieu Njie,Torino FC,2024-25,FW,20,381,1,0,2025-05-25,2025-06-17,2.5
934878,Jeff Ekhator,Genoa CFC,2024-25,FW,18,759,1,1,2025-05-25,2025-06-17,5.0
936684,Saad El Haddad,Venezia FC,2024-25,MF,19,27,0,0,2025-05-25,2025-06-17,0.4
936755,Alberto Manzoni,Atalanta BC,2024-25,MF,19,5,0,0,2025-05-25,2025-06-19,0.9
942814,Lorenzo Tosto,FC Empoli,2024-25,DF,19,1,0,0,2025-05-25,2025-06-17,1.2
944570,Vasilije Adžić,Juventus FC,2024-25,MF,19,39,0,0,2025-05-25,2025-06-17,4.0
948294,Nico Paz,Como 1907,2024-25,MF,20,2695,6,9,2025-05-25,2025-06-17,35.0
950593,Damián Pizarro,Udinese Calcio,2024-25,FW,20,14,0,0,2025-05-25,2025-06-17,3.2
961022,Benja Domínguez,Bologna Football Club 1909,2024-25,FW,21,1287,3,2,2025-05-25,2025-06-17,15.0
964087,Alphadjo Cissè,Hellas Verona,2024-25,MF,18,7,0,0,2025-05-25,2025-06-17,1.0
979766,Mathis Lambourde,Hellas Verona,2024-25,FW,19,82,1,0,2025-05-25,2025-06-17,0.8
980632,Sergiu Perciun,Torino FC,2024-25,MF,19,148,0,0,2025-05-25,2025-06-17,1.5
982267,Ibrahim Sulemana,Atalanta BC,2024-25,MF,22,282,2,0,2025-05-25,2025-06-17,7.0
982855,Reda Belahyane,Hellas Verona,2024-25,MF,20,1851,0,2,2025-05-25,2025-06-17,10.0
991744,Luka Topalović,Inter Milan,2024-25,MF,19,10,0,0,2025-05-25,2025-06-27,1.5
993645,Tomás Palacios,AC Monza,2024-25,DF,22,455,0,0,2025-05-25,2025-06-17,4.0
996453,Maat Daniel Caprini,ACF Fiorentina,2024-25,FW,19,7,0,0,2025-05-25,2025-06-17,2.0
1004723,Fellipe Jack,Como 1907,2024-25,DF,19,166,0,0,2025-05-25,2025-06-17,1.4
1048147,Federico Cassa,Atalanta BC,2024-25,MF,19,12,0,0,2025-05-25,2025-06-19,0.8
1058354,Matteo Palma,Udinese Calcio,2024-25,DF,17,4,0,0,2025-05-25,2025-06-17,1.0
1058368,Francesco Camarda,AC Milan,2024-25,FW,17,199,0,0,2025-05-25,2025-06-19,10.0
1061282,Assane Diao,Como 1907,2024-25,FW,19,1259,8,1,2025-05-25,2025-06-17,30.0
1061820,Lorenzo Venturino,Genoa CFC,2024-25,FW,18,163,2,0,2025-05-25,2025-06-17,1.5
1077175,Honest Ahanor,Genoa CFC,2024-25,DF,17,270,0,1,2025-05-25,2025-06-17,5.0
1083164,Lior Kassa,Genoa CFC,2024-25,MF,19,225,0,0,2025-05-25,2025-06-17,1.5
1086619,Giovanni Leoni,Parma Calcio 1913,2024-25,DF,18,1205,1,0,2025-05-25,2025-06-17,18.0
1111663,Kingstone Mutandwa,Cagliari Calcio,2024-25,FW,22,121,0,0,2025-05-25,2025-06-17,0.6
1111820,Junior Ajayi,Hellas Verona,2024-25,FW,20,11,0,0,2025-05-25,2025-06-17,0.3
1112449,Tiago Gabriel,US Lecce,2024-25,DF,20,94,0,0,2025-05-25,2025-06-17,1.0
1144700,Matías Moreno,ACF Fiorentina,2024-25,DF,21,144,0,0,2025-05-25,2025-06-17,3.4
15452,Raúl Albiol,Pisa Sporting Club,2025-26,DF,40,502,0,1,2026-05-24,2026-05-29,0.7
27807,Daniele Padelli,Udinese Calcio,2025-26,GK,40,180,0,0,2026-05-24,2026-05-29,0.15
27992,Luka Modrić,AC Milan,2025-26,MF,40,2816,2,3,2026-05-24,2026-05-29,3.5
28396,Edin Dzeko,ACF Fiorentina,2025-26,FW,40,236,0,0,2026-05-24,2026-06-01,1.0
33571,Lorenzo De Silvestri,Bologna Football Club 1909,2025-26,DF,38,491,0,0,2026-05-24,2026-05-29,0.6
42205,Yann Sommer,Inter Milan,2025-26,GK,37,2961,0,0,2026-05-24,2026-05-29,2.0
54906,Matteo Darmian,Inter Milan,2025-26,DF,36,246,0,0,2026-05-24,2026-05-29,1.4
55735,Henrikh Mkhitaryan,Inter Milan,2025-26,MF,37,1556,4,2,2026-05-24,2026-05-29,3.0
59377,David de Gea,ACF Fiorentina,2025-26,GK,35,3330,0,0,2026-05-24,2026-05-29,3.5
64793,Leonardo Pavoletti,Cagliari Calcio,2025-26,FW,37,217,1,1,2026-05-24,2026-05-29,0.6
65278,Pedro,Società Sportiva Lazio S.p.A.,2025-26,FW,38,972,5,2,2026-05-24,2026-05-29,1.0
67556,Milan Djuric,US Cremonese,2025-26,FW,36,445,0,1,2026-05-24,2026-05-29,1.0
70580,Raffaele Di Gennaro,Inter Milan,2025-26,GK,32,9,0,0,2026-05-24,2026-05-29,0.3
73794,Duván Zapata,Torino FC,2025-26,FW,35,1096,3,1,2026-05-24,2026-05-29,2.5
74683,Nemanja Matić,US Sassuolo,2025-26,MF,37,2670,1,1,2026-05-24,2026-05-29,1.6
75489,Niclas Füllkrug,AC Milan,2025-26,FW,33,647,1,0,2026-05-24,2026-05-29,3.5
80894,Lukasz Skorupski,Bologna Football Club 1909,2025-26,GK,35,1594,0,0,2026-05-24,2026-05-29,2.0
81512,Christian Kabasele,Udinese Calcio,2025-26,DF,35,2256,3,0,2026-05-24,2026-05-29,0.75
85370,Sergi Roberto,Como 1907,2025-26,MF,34,533,0,0,2026-05-24,2026-05-29,1.4
85528,Marco Silvestri,US Cremonese,2025-26,GK,35,360,0,0,2026-05-24,2026-05-29,0.5
88755,Kevin De Bruyne,SSC Napoli,2025-26,MF,34,1169,5,2,2026-05-24,2026-05-29,8.0
91970,Juan Cuadrado,Pisa Sporting Club,2025-26,MF,37,491,1,0,2026-05-24,2026-05-29,0.8
94005,Sead Kolasinac,Atalanta BC,2025-26,DF,32,1219,0,0,2026-05-24,2026-05-29,4.0
94529,Stephan El Shaarawy,Associazione Sportiva Roma,2025-26,FW,33,657,1,3,2026-05-24,2026-05-29,2.4
96254,Pietro Terracciano,AC Milan,2025-26,GK,36,124,0,0,2026-05-24,2026-05-29,0.9
96341,Romelu Lukaku,SSC Napoli,2025-26,FW,33,40,1,0,2026-05-24,2026-05-29,6.0
99523,Nícolas,Pisa Sporting Club,2025-26,GK,38,540,0,0,2026-05-24,2026-05-29,0.1
105521,Ciro Immobile,Bologna Football Club 1909,2025-26,FW,36,191,0,0,2026-05-24,2026-06-01,1.8
110923,Mattia Perin,Juventus FC,2025-26,GK,33,765,0,0,2026-05-24,2026-05-29,2.0
111196,Stefan de Vrij,Inter Milan,2025-26,DF,34,671,0,0,2026-05-24,2026-05-29,3.0
118689,Leonardo Spinazzola,SSC Napoli,2025-26,DF,33,1903,3,3,2026-05-24,2026-05-29,3.5
121985,Juan Jesus,SSC Napoli,2025-26,DF,34,1676,0,0,2026-05-24,2026-05-29,1.5
124555,Cristiano Biraghi,Torino FC,2025-26,DF,33,511,0,0,2026-05-24,2026-05-29,0.9
126414,Hakan Çalhanoğlu,Inter Milan,2025-26,MF,32,1651,9,4,2026-05-24,2026-05-29,16.0
126729,Patric,Società Sportiva Lazio S.p.A.,2025-26,DF,33,661,0,0,2026-05-24,2026-05-29,1.5
128223,Álvaro Morata,Como 1907,2025-26,FW,33,924,0,2,2026-05-24,2026-05-29,6.0
131075,Francesco Acerbi,Inter Milan,2025-26,DF,38,1379,0,0,2026-05-24,2026-05-29,2.0
133179,Marten de Roon,Atalanta BC,2025-26,MF,35,2704,1,2,2026-05-24,2026-05-29,3.2
135747,Luca Lezzerini,ACF Fiorentina,2025-26,GK,31,3,0,0,2026-05-24,2026-05-29,0.35
136111,Nicola Leali,Genoa CFC,2025-26,GK,33,1848,0,0,2026-05-24,2026-05-29,1.0
136514,Charalampos Lykogiannis,Bologna Football Club 1909,2025-26,DF,32,627,0,1,2026-05-24,2026-05-29,1.2
143812,Matías Vecino,Società Sportiva Lazio S.p.A.,2025-26,MF,34,599,0,2,2026-05-24,2026-06-05,1.0
148252,Remo Freuler,Bologna Football Club 1909,2025-26,MF,34,2217,1,2,2026-05-24,2026-05-29,3.0
148372,Nicolae Stanciu,Genoa CFC,2025-26,MF,33,180,0,0,2026-05-24,2026-06-08,1.8
149525,Antonio Caracciolo,Pisa Sporting Club,2025-26,DF,35,3075,2,0,2026-05-24,2026-05-29,0.8
157507,Adrien Tamèze,Torino FC,2025-26,MF,32,1117,0,0,2026-05-24,2026-05-29,1.2
160938,Marc Oliver Kempf,Como 1907,2025-26,DF,31,2323,4,1,2026-05-24,2026-05-29,3.5
160986,Matteo Bianchetti,US Cremonese,2025-26,DF,33,2197,0,2,2026-05-24,2026-05-29,0.8
161011,Filip Kostić,Juventus FC,2025-26,MF,33,468,3,1,2026-05-24,2026-05-29,2.0
162959,Daniele Rugani,ACF Fiorentina,2025-26,DF,31,577,0,0,2026-05-24,2026-05-29,2.0
163048,Alberto Paleari,Torino FC,2025-26,GK,33,2610,0,0,2026-05-24,2026-05-29,1.2
163639,Federico Ceccherini,US Cremonese,2025-26,DF,34,481,0,1,2026-05-24,2026-05-29,0.4
165513,Berat Djimsiti,Atalanta BC,2025-26,DF,33,2526,0,0,2026-05-24,2026-05-29,4.0
165895,Matteo Politano,SSC Napoli,2025-26,FW,32,2214,2,5,2026-05-24,2026-05-29,5.0
167491,Stefano Sabelli,Genoa CFC,2025-26,DF,33,919,0,0,2026-05-24,2026-05-29,1.3
167727,Andrea Belotti,Cagliari Calcio,2025-26,FW,32,219,2,0,2026-05-24,2026-05-29,1.5
169880,Giovanni Di Lorenzo,SSC Napoli,2025-26,DF,32,2278,2,3,2026-05-24,2026-05-29,7.5
170481,Jean-Daniel Akpa Akpro,Hellas Verona,2025-26,MF,33,1507,1,0,2026-05-24,2026-05-29,0.5
173859,Davide Zappacosta,Atalanta BC,2025-26,MF,33,2581,3,4,2026-05-24,2026-05-29,3.5
177843,Domenico Berardi,US Sassuolo,2025-26,FW,31,1971,8,5,2026-05-24,2026-05-29,7.0
181136,Piotr Zielinski,Inter Milan,2025-26,MF,32,2045,6,3,2026-05-24,2026-05-29,10.0
182906,Mike Maignan,AC Milan,2025-26,GK,30,3296,0,0,2026-05-24,2026-05-29,20.0
182913,Adrien Rabiot,AC Milan,2025-26,MF,31,2550,6,5,2026-05-24,2026-05-29,18.0
186368,Valentino Lazaro,Torino FC,2025-26,MF,30,2260,0,2,2026-05-24,2026-05-29,2.5
191891,Arkadiusz Milik,Juventus FC,2025-26,FW,32,34,0,0,2026-05-24,2026-05-29,1.5
192616,Ulisses Garcia,US Sassuolo,2025-26,DF,30,943,1,2,2026-05-24,2026-05-29,3.0
192735,Stanislav Lobotka,SSC Napoli,2025-26,MF,31,2438,1,1,2026-05-24,2026-05-29,10.0
197300,Federico Bernardeschi,Bologna Football Club 1909,2025-26,FW,32,1208,4,2,2026-05-24,2026-05-29,3.5
197471,Roberto Gagliardini,Hellas Verona,2025-26,MF,32,2216,1,0,2026-05-24,2026-05-29,1.3
197473,Alberto Grassi,US Cremonese,2025-26,MF,31,1755,0,0,2026-05-24,2026-05-29,1.4
197747,Alessio Romagnoli,Società Sportiva Lazio S.p.A.,2025-26,DF,31,2667,0,0,2026-05-24,2026-05-29,6.0
197838,Jamie Vardy,US Cremonese,2025-26,FW,39,2108,7,3,2026-05-24,2026-05-29,1.0
197929,Ivan Provedel,Società Sportiva Lazio S.p.A.,2025-26,GK,32,2430,0,0,2026-05-24,2026-05-29,3.0
198116,Federico Dimarco,Inter Milan,2025-26,DF,28,2704,7,18,2026-05-24,2026-05-29,50.0
199248,Bryan Cristante,Associazione Sportiva Roma,2025-26,MF,31,3103,2,1,2026-05-24,2026-05-29,7.0
199733,Danilo Cataldi,Società Sportiva Lazio S.p.A.,2025-26,MF,31,1993,3,3,2026-05-24,2026-05-29,3.5
199953,Caleb Ekuban,Genoa CFC,2025-26,FW,32,975,4,1,2026-05-24,2026-05-29,1.2
199976,Marco Sportiello,Atalanta BC,2025-26,GK,34,90,0,0,2026-05-24,2026-05-29,0.8
200056,Elseid Hysaj,Società Sportiva Lazio S.p.A.,2025-26,DF,32,170,0,0,2026-05-24,2026-05-29,1.2
202886,Ruben Loftus-Cheek,AC Milan,2025-26,MF,30,1126,3,1,2026-05-24,2026-05-29,8.5
205938,Mario Pašalić,Atalanta BC,2025-26,MF,31,1931,3,4,2026-05-24,2026-05-29,6.0
206050,Paulo Dybala,Associazione Sportiva Roma,2025-26,FW,32,1356,2,7,2026-05-24,2026-05-29,5.0
207877,Ruslan Malinovskyi,Genoa CFC,2025-26,MF,33,2251,6,3,2026-05-24,2026-05-29,2.5
207917,Alberto Moreno,Como 1907,2025-26,DF,33,1234,2,2,2026-05-24,2026-05-29,1.0
210178,Pablo Marí,ACF Fiorentina,2025-26,DF,32,809,0,0,2026-05-24,2026-06-04,2.0
216569,Jérémie Boga,Juventus FC,2025-26,FW,29,677,4,1,2026-05-24,2026-05-29,8.0
222855,Jesper Karlström,Udinese Calcio,2025-26,MF,30,3153,1,0,2026-05-24,2026-05-29,4.0
223974,Stefan Posch,Como 1907,2025-26,DF,29,384,1,0,2026-05-24,2026-05-27,6.0
226025,Luca Mazzitelli,Cagliari Calcio,2025-26,MF,30,765,2,2,2026-05-24,2026-05-29,1.2
226524,Morten Thorsby,Genoa CFC,2025-26,MF,30,1374,3,1,2026-05-24,2026-05-29,2.8
234523,Antonio Sanabria,US Cremonese,2025-26,FW,30,940,1,1,2026-05-24,2026-05-29,1.8
234781,Maxwel Cornet,Genoa CFC,2025-26,FW,29,112,0,0,2026-05-24,2026-05-29,2.0
235931,Alessandro Deiola,Cagliari Calcio,2025-26,MF,30,1435,0,2,2026-05-24,2026-05-29,1.5
237658,Michel Aebischer,Pisa Sporting Club,2025-26,MF,29,2900,1,2,2026-05-24,2026-05-29,4.0
238537,Wladimiro Falcone,US Lecce,2025-26,GK,31,3420,0,0,2026-05-24,2026-05-29,3.5
238993,Simone Scuffet,Pisa Sporting Club,2025-26,GK,29,630,0,0,2026-05-24,2026-05-29,0.9
239802,Adam Marusic,Società Sportiva Lazio S.p.A.,2025-26,DF,33,2783,1,2,2026-05-24,2026-05-29,2.5
240414,Alex Meret,SSC Napoli,2025-26,GK,29,980,0,1,2026-05-24,2026-05-29,8.0
240675,Simone Perilli,Hellas Verona,2025-26,GK,31,270,0,0,2026-05-24,2026-05-29,0.4
240897,Arturo Calabresi,Pisa Sporting Club,2025-26,DF,30,1519,0,1,2026-05-24,2026-05-29,0.8
241527,Federico Bonazzoli,US Cremonese,2025-26,FW,29,2524,10,2,2026-05-24,2026-05-29,2.5
241923,Lorenzo Montipò,Hellas Verona,2025-26,GK,30,3150,0,1,2026-05-24,2026-05-29,1.2
242940,Edoardo Goldaniga,Como 1907,2025-26,DF,32,14,0,0,2026-05-24,2026-05-29,2.0
249730,Guillermo Maripán,Torino FC,2025-26,DF,32,2145,2,0,2026-05-24,2026-05-29,2.0
250153,Pasquale Mazzocchi,SSC Napoli,2025-26,DF,30,300,0,1,2026-05-24,2026-05-29,1.5
250683,Nikita Contini,SSC Napoli,2025-26,GK,30,10,0,0,2026-05-24,2026-05-29,0.4
251075,Zeki Çelik,Associazione Sportiva Roma,2025-26,DF,29,2731,1,2,2026-05-24,2026-05-29,14.0
251878,Aarón Martín,Genoa CFC,2025-26,DF,29,2161,1,5,2026-05-24,2026-05-29,5.0
255942,Nicolò Barella,Inter Milan,2025-26,MF,29,2533,3,9,2026-05-24,2026-05-29,50.0
256339,Emil Audero,US Cremonese,2025-26,GK,29,3060,0,0,2026-05-24,2026-05-29,2.8
256448,Gianluca Mancini,Associazione Sportiva Roma,2025-26,DF,30,3066,4,2,2026-05-24,2026-05-29,15.0
256678,Filippo Romagna,US Sassuolo,2025-26,DF,28,315,0,0,2026-05-24,2026-05-29,0.8
257474,Vanja Milinković-Savić,SSC Napoli,2025-26,GK,29,2430,0,1,2026-05-24,2026-05-29,20.0
257732,Amir Rrahmani,SSC Napoli,2025-26,DF,32,1800,2,1,2026-05-24,2026-05-29,10.0
258827,Jari Vandeputte,US Cremonese,2025-26,MF,30,1952,1,6,2026-05-24,2026-05-29,3.0
261905,Suat Serdar,Hellas Verona,2025-26,MF,29,1109,2,0,2026-05-24,2026-05-29,2.8
265088,Manuel Locatelli,Juventus FC,2025-26,MF,28,3005,1,2,2026-05-24,2026-05-29,25.0
267160,Adam Buksa,Udinese Calcio,2025-26,FW,29,911,3,0,2026-05-24,2026-05-29,3.5
268429,Sandi Lovrić,Hellas Verona,2025-26,MF,28,519,0,1,2026-05-24,2026-05-29,3.5
272812,Kingsley Ehizibue,Udinese Calcio,2025-26,DF,30,1810,2,0,2026-05-24,2026-05-29,2.0
273132,Robin Gosens,ACF Fiorentina,2025-26,DF,31,1893,3,1,2026-05-24,2026-05-29,4.0
277179,Angeliño,Associazione Sportiva Roma,2025-26,DF,29,419,0,0,2026-05-24,2026-05-29,4.5
278531,Sebastiano Luperto,Cagliari Calcio,2025-26,DF,29,3017,1,1,2026-05-24,2026-05-29,4.0
279823,Stefano Moreo,Pisa Sporting Club,2025-26,FW,32,2316,7,1,2026-05-24,2026-05-29,1.2
281769,Mario Hermoso,Associazione Sportiva Roma,2025-26,DF,30,2096,3,2,2026-05-24,2026-05-29,7.0
282144,Marin Pongracic,ACF Fiorentina,2025-26,DF,28,2918,0,0,2026-05-24,2026-05-29,6.5
282388,Giovanni Simeone,Torino FC,2025-26,FW,30,2247,11,2,2026-05-24,2026-05-29,7.0
283735,Mattia Zaccagni,Società Sportiva Lazio S.p.A.,2025-26,FW,30,2114,3,1,2026-05-24,2026-05-29,7.5
284730,Manuel Akanji,Inter Milan,2025-26,DF,30,2820,2,0,2026-05-24,2026-05-29,17.0
286297,Lorenzo Pellegrini,Associazione Sportiva Roma,2025-26,MF,29,1476,4,2,2026-05-24,2026-05-29,8.0
289446,Yerry Mina,Cagliari Calcio,2025-26,DF,31,2153,2,0,2026-05-24,2026-05-29,2.5
290017,Hassane Kamara,Udinese Calcio,2025-26,DF,32,1869,0,2,2026-05-24,2026-05-29,3.0
290537,Jean Butez,Como 1907,2025-26,GK,30,3420,0,1,2026-05-24,2026-05-29,8.0
293200,Nikola Vlašić,Torino FC,2025-26,MF,28,3055,8,3,2026-05-24,2026-05-29,10.0
298635,Grigoris Kastanos,Hellas Verona,2025-26,MF,28,40,0,0,2026-05-24,2026-06-02,1.3
298975,Pol Lirola,Hellas Verona,2025-26,DF,28,305,0,0,2026-05-24,2026-05-29,1.5
300532,Pontus Almqvist,Parma Calcio 1913,2025-26,FW,26,452,0,1,2026-05-24,2026-05-29,1.8
301238,Michele Di Gregorio,Juventus FC,2025-26,GK,28,2655,0,0,2026-05-24,2026-05-29,10.0
303254,Fikayo Tomori,AC Milan,2025-26,DF,28,2563,0,2,2026-05-24,2026-05-29,17.0
305947,Albert Gudmundsson,ACF Fiorentina,2025-26,FW,28,2262,5,4,2026-05-24,2026-05-29,12.0
308279,Rolando Mandragora,ACF Fiorentina,2025-26,MF,28,2438,7,4,2026-05-24,2026-05-29,9.0
312773,Daniele Sommariva,Genoa CFC,2025-26,GK,28,175,0,0,2026-05-24,2026-05-29,0.1
315121,Justin Bijlow,Genoa CFC,2025-26,GK,28,1395,0,0,2026-05-24,2026-05-29,4.0
315779,Christian Pulisic,AC Milan,2025-26,FW,27,1612,8,4,2026-05-24,2026-05-29,40.0
315853,Alessandro Bastoni,Inter Milan,2025-26,DF,27,2249,1,4,2026-05-24,2026-05-29,65.0
315865,Andrea Pinamonti,US Sassuolo,2025-26,FW,27,2575,9,4,2026-05-24,2026-05-29,15.0
315867,Gianluca Scamacca,Atalanta BC,2025-26,FW,27,1319,10,1,2026-05-24,2026-05-29,25.0
315969,Scott McTominay,SSC Napoli,2025-26,MF,29,2793,10,3,2026-05-24,2026-05-29,40.0
316934,Nikola Moro,Bologna Football Club 1909,2025-26,MF,28,1798,2,0,2026-05-24,2026-05-29,7.0
317057,Adrian Semper,Pisa Sporting Club,2025-26,GK,28,2250,0,0,2026-05-24,2026-05-29,1.8
318528,Marcus Thuram,Inter Milan,2025-26,FW,28,1913,13,6,2026-05-24,2026-05-29,50.0
321528,Denzel Dumfries,Inter Milan,2025-26,DF,30,1328,3,1,2026-05-24,2026-05-29,25.0
323167,Matteo Gabbia,AC Milan,2025-26,DF,26,2531,0,0,2026-05-24,2026-05-29,17.0
324377,Youssef Maleh,US Cremonese,2025-26,MF,27,1566,1,0,2026-05-24,2026-05-29,1.5
326029,Donyell Malen,Associazione Sportiva Roma,2025-26,FW,27,1478,14,2,2026-05-24,2026-05-29,45.0
329145,Diego Carlos,Como 1907,2025-26,DF,33,1948,1,0,2026-05-24,2026-05-29,5.0
331401,Manuel Lazzari,Società Sportiva Lazio S.p.A.,2025-26,DF,32,933,0,1,2026-05-24,2026-05-29,2.0
332697,Weston McKennie,Juventus FC,2025-26,MF,27,2841,5,6,2026-05-24,2026-05-29,30.0
334835,Toma Bašić,Società Sportiva Lazio S.p.A.,2025-26,MF,29,1746,2,3,2026-05-24,2026-05-29,3.0
335516,Idrissa Touré,Pisa Sporting Club,2025-26,MF,28,2281,1,1,2026-05-24,2026-05-29,5.0
336012,Nicolas Kühn,Como 1907,2025-26,FW,26,655,1,1,2026-05-24,2026-05-29,10.0
336125,Mërgim Vojvoda,Como 1907,2025-26,DF,31,1593,2,2,2026-05-24,2026-05-29,2.5
336960,Giuseppe Pezzella,US Cremonese,2025-26,DF,28,2591,0,1,2026-05-24,2026-05-29,2.0
337725,Christian Kouamé,ACF Fiorentina,2025-26,FW,28,25,0,0,2026-05-24,2026-06-04,1.8
338070,Konstantinos Tsimikas,Associazione Sportiva Roma,2025-26,DF,30,638,0,0,2026-05-24,2026-05-29,4.5
338285,Unai Núñez,Hellas Verona,2025-26,DF,29,1265,0,0,2026-05-24,2026-06-05,3.5
338670,Mile Svilar,Associazione Sportiva Roma,2025-26,GK,26,3420,0,0,2026-05-24,2026-05-29,35.0
339816,Tete Morente,US Lecce,2025-26,FW,29,859,0,1,2026-05-24,2026-06-05,1.8
340353,Maduka Okoye,Udinese Calcio,2025-26,GK,26,2617,0,0,2026-05-24,2026-05-29,10.0
340394,Abdelhamid Sabiri,ACF Fiorentina,2025-26,MF,29,26,0,0,2026-05-24,2026-05-29,0.85
341227,Juan Miranda,Bologna Football Club 1909,2025-26,DF,26,2573,1,5,2026-05-24,2026-05-29,15.0
342877,Enzo Ebosse,Torino FC,2025-26,DF,27,1332,0,1,2026-05-24,2026-05-29,2.8
343537,Artem Dovbyk,Associazione Sportiva Roma,2025-26,FW,28,386,3,1,2026-05-24,2026-05-29,15.0
344381,Christopher Nkunku,AC Milan,2025-26,FW,28,1351,7,3,2026-05-24,2026-05-29,25.0
345458,Sebastian Walukiewicz,US Sassuolo,2025-26,DF,26,2855,0,1,2026-05-24,2026-05-29,5.0
345590,Jens Odgaard,Bologna Football Club 1909,2025-26,MF,27,1380,5,1,2026-05-24,2026-05-29,12.0
346561,Luca Ranieri,ACF Fiorentina,2025-26,DF,27,2463,1,0,2026-05-24,2026-05-29,6.0
346567,Luca Pellegrini,Società Sportiva Lazio S.p.A.,2025-26,DF,27,1477,1,0,2026-05-24,2026-05-29,4.5
346779,Ché Adams,Torino FC,2025-26,FW,29,1897,6,3,2026-05-24,2026-05-29,5.0
348601,Mehdi Léris,Pisa Sporting Club,2025-26,FW,28,1907,2,3,2026-05-24,2026-05-29,1.8
349599,Pervis Estupiñán,AC Milan,2025-26,DF,28,1036,1,1,2026-05-24,2026-05-29,12.0
351955,Federico Baschirotto,US Cremonese,2025-26,DF,29,2541,2,0,2026-05-24,2026-05-29,3.5
353366,Benjamin Pavard,Inter Milan,2025-26,DF,30,90,0,0,2026-05-24,2026-06-01,12.0
354361,Frank Anguissa,SSC Napoli,2025-26,MF,30,1256,4,2,2026-05-24,2026-05-29,15.0
354814,M'Bala Nzola,Pisa Sporting Club,2025-26,FW,29,1520,4,1,2026-05-24,2026-05-29,4.0
357164,Rafael Leão,AC Milan,2025-26,FW,26,1861,9,3,2026-05-24,2026-05-29,50.0
357498,Dušan Vlahović,Juventus FC,2025-26,FW,26,970,7,1,2026-05-24,2026-05-29,35.0
357778,Sandro Kulenović,Torino FC,2025-26,FW,26,294,0,1,2026-05-24,2026-05-29,3.5
357796,Domagoj Bradarić,Hellas Verona,2025-26,DF,26,1971,0,1,2026-05-24,2026-05-29,1.5
357992,Raoul Bellanova,Atalanta BC,2025-26,MF,26,1373,0,1,2026-05-24,2026-05-29,15.0
358003,Simone Canestrelli,Pisa Sporting Club,2025-26,DF,25,3201,1,0,2026-05-24,2026-05-29,4.5
358008,Gianluca Gaetano,Cagliari Calcio,2025-26,MF,26,1911,2,4,2026-05-24,2026-05-29,6.5
358032,Cyril Ngonge,Torino FC,2025-26,FW,25,992,1,1,2026-05-24,2026-06-05,7.0
360518,Teun Koopmeiners,Juventus FC,2025-26,MF,28,1819,0,0,2026-05-24,2026-05-29,14.0
361065,Mitchel Bakker,Atalanta BC,2025-26,MF,25,8,0,0,2026-05-24,2026-05-29,2.5
361068,Jurgen Ekkelenkamp,Udinese Calcio,2025-26,MF,26,2205,5,4,2026-05-24,2026-05-29,10.0
364135,Moise Kean,ACF Fiorentina,2025-26,FW,26,2041,8,1,2026-05-24,2026-05-29,32.0
367284,Leo Østigård,Genoa CFC,2025-26,DF,26,2623,5,1,2026-05-24,2026-05-29,13.0
368482,Riccardo Orsolini,Bologna Football Club 1909,2025-26,FW,29,2117,10,1,2026-05-24,2026-05-29,15.0
368887,Loïs Openda,Juventus FC,2025-26,FW,26,652,1,0,2026-05-24,2026-05-29,25.0
371021,Arijanet Murić,US Sassuolo,2025-26,GK,27,2880,0,0,2026-05-24,2026-05-29,7.5
371149,Evan Ndicka,Associazione Sportiva Roma,2025-26,DF,26,2683,3,0,2026-05-24,2026-05-29,35.0
375877,Vakoun Bayo,Udinese Calcio,2025-26,FW,29,447,0,2,2026-05-24,2026-05-29,2.5
376514,Mathías Olivera,SSC Napoli,2025-26,DF,28,1368,0,0,2026-05-24,2026-05-29,15.0
377042,Michael Folorunsho,Cagliari Calcio,2025-26,MF,28,2009,2,0,2026-05-24,2026-05-29,5.0
377243,Jakub Piotrowski,Udinese Calcio,2025-26,MF,28,1699,1,1,2026-05-24,2026-05-29,4.5
377641,Moatasem Al-Musrati,Hellas Verona,2025-26,MF,30,841,0,1,2026-05-24,2026-05-29,4.5
379163,Marius Marin,Pisa Sporting Club,2025-26,MF,27,1287,0,0,2026-05-24,2026-05-29,2.8
381950,Alexis Saelemaekers,AC Milan,2025-26,MF,26,2802,3,4,2026-05-24,2026-05-29,20.0
385394,Alberto Dossena,Cagliari Calcio,2025-26,DF,27,856,0,1,2026-05-24,2026-05-29,6.0
386446,Alessandro Buongiorno,SSC Napoli,2025-26,DF,26,2522,0,1,2026-05-24,2026-05-29,30.0
386455,Riccardo Sottil,US Lecce,2025-26,FW,26,1072,1,2,2026-05-24,2026-05-29,3.0
386552,Lassana Coulibaly,US Lecce,2025-26,MF,30,2696,3,1,2026-05-24,2026-05-29,2.2
387626,Leon Bailey,Associazione Sportiva Roma,2025-26,FW,28,182,0,0,2026-05-24,2026-06-03,14.0
388516,Josep Martínez,Inter Milan,2025-26,GK,27,450,0,0,2026-05-24,2026-05-29,10.0
389837,Nicolò Casale,Bologna Football Club 1909,2025-26,DF,28,675,0,0,2026-05-24,2026-05-29,3.8
390304,Federico Ravaglia,Bologna Football Club 1909,2025-26,GK,26,1469,0,0,2026-05-24,2026-05-29,1.8
392085,Nicolò Zaniolo,Udinese Calcio,2025-26,FW,26,2271,5,6,2026-05-24,2026-05-29,15.0
392516,Antonino Gallo,US Lecce,2025-26,DF,26,3058,0,4,2026-05-24,2026-05-29,3.5
392538,Tommaso Pobega,Bologna Football Club 1909,2025-26,MF,26,1435,3,1,2026-05-24,2026-05-29,8.0
392569,Gabriele Zappa,Cagliari Calcio,2025-26,DF,26,1594,0,3,2026-05-24,2026-05-29,3.0
392956,Enrico Delprato,Parma Calcio 1913,2025-26,DF,26,2953,2,0,2026-05-24,2026-05-29,6.0
392966,Nadir Zortea,Bologna Football Club 1909,2025-26,DF,26,1811,0,3,2026-05-24,2026-05-29,7.0
393238,Zakaria Aboukhlal,Torino FC,2025-26,FW,26,507,0,0,2026-05-24,2026-05-29,6.0
394300,Davide Frattesi,Inter Milan,2025-26,MF,26,552,0,0,2026-05-24,2026-05-29,22.0
395237,Maxence Caqueret,Como 1907,2025-26,MF,26,1488,2,5,2026-05-24,2026-05-29,13.0
395512,Antoine Bernede,Hellas Verona,2025-26,MF,26,2316,1,2,2026-05-24,2026-05-29,3.5
396638,Manor Solomon,ACF Fiorentina,2025-26,FW,26,887,2,1,2026-05-24,2026-05-29,8.0
397225,Alessandro Zanoli,Udinese Calcio,2025-26,DF,25,1292,1,2,2026-05-24,2026-05-29,4.5
400489,Eljif Elmas,SSC Napoli,2025-26,MF,26,1783,1,3,2026-05-24,2026-05-29,13.0
401529,Dodô,ACF Fiorentina,2025-26,DF,27,3139,1,2,2026-05-24,2026-05-29,16.0
401922,Samuel Chukwueze,AC Milan,2025-26,FW,27,25,0,0,2026-05-24,2026-06-03,18.0
405885,Giacomo Raspadori,Atalanta BC,2025-26,FW,26,793,3,1,2026-05-24,2026-05-29,22.0
406040,Ademola Lookman,Atalanta BC,2025-26,FW,28,797,2,0,2026-05-24,2026-06-05,40.0
406151,Zé Pedro,Cagliari Calcio,2025-26,DF,28,1705,0,1,2026-05-24,2026-05-29,3.0
406625,Lautaro Martínez,Inter Milan,2025-26,FW,28,2178,17,6,2026-05-24,2026-05-29,85.0
409344,Calvin Stengs,Pisa Sporting Club,2025-26,MF,27,42,0,0,2026-05-24,2026-05-29,4.5
412660,Keinan Davis,Udinese Calcio,2025-26,FW,28,2078,10,4,2026-05-24,2026-05-29,10.0
413565,Jhon Lucumí,Bologna Football Club 1909,2025-26,DF,27,2287,1,0,2026-05-24,2026-05-29,22.0
413605,David Okereke,US Cremonese,2025-26,FW,28,400,2,0,2026-05-24,2026-05-29,1.4
416386,Abdou Harroui,Hellas Verona,2025-26,MF,28,906,1,0,2026-05-24,2026-05-29,1.6
417346,Jack Harrison,ACF Fiorentina,2025-26,FW,29,978,1,3,2026-05-24,2026-05-29,6.5
421873,Elia Caprile,Cagliari Calcio,2025-26,GK,24,3420,0,0,2026-05-24,2026-05-29,15.0
422951,Victor Nelsson,Hellas Verona,2025-26,DF,27,3316,0,0,2026-05-24,2026-05-29,6.0
423744,Billy Gilmour,SSC Napoli,2025-26,MF,24,802,1,0,2026-05-24,2026-05-29,20.0
428563,Lewis Ferguson,Bologna Football Club 1909,2025-26,MF,26,1596,1,0,2026-05-24,2026-05-29,14.0
430280,Hans Nicolussi Caviglia,Parma Calcio 1913,2025-26,MF,25,1458,0,4,2026-05-24,2026-05-29,6.0
432090,Nicolò Fagioli,ACF Fiorentina,2025-26,MF,25,2567,2,3,2026-05-24,2026-05-29,16.0
432092,Roberto Piccoli,ACF Fiorentina,2025-26,FW,25,1664,4,1,2026-05-24,2026-05-29,14.0
432298,Zion Suzuki,Parma Calcio 1913,2025-26,GK,23,1800,0,0,2026-05-24,2026-05-29,20.0
433181,Tino Anjorin,Torino FC,2025-26,MF,24,277,0,0,2026-05-24,2026-05-29,4.0
433329,Corrie Ndaba,US Lecce,2025-26,DF,26,539,0,0,2026-05-24,2026-05-29,0.9
433584,Alessio Zerbin,US Cremonese,2025-26,MF,27,1644,0,3,2026-05-24,2026-05-29,2.0
433984,Sam Beukema,SSC Napoli,2025-26,DF,27,1680,2,0,2026-05-24,2026-05-29,22.0
434433,Nikola Krstović,Atalanta BC,2025-26,FW,26,1786,10,5,2026-05-24,2026-05-29,30.0
434551,Michele Collocolo,US Cremonese,2025-26,MF,26,363,0,0,2026-05-24,2026-05-29,2.4
435228,Ardian Ismajli,Torino FC,2025-26,DF,29,1907,0,1,2026-05-24,2026-05-29,5.0
435772,Charles De Ketelaere,Atalanta BC,2025-26,MF,25,2190,3,5,2026-05-24,2026-05-29,30.0
441515,Daniel Boloca,US Sassuolo,2025-26,MF,27,135,0,0,2026-05-24,2026-05-29,4.0
441986,Yann Bisseck,Inter Milan,2025-26,DF,25,1922,3,2,2026-05-24,2026-05-29,50.0
442703,Ylber Ramadani,US Lecce,2025-26,MF,30,3215,1,0,2026-05-24,2026-05-29,1.8
445126,Emanuele Valeri,Parma Calcio 1913,2025-26,DF,27,2646,0,2,2026-05-24,2026-05-29,3.0
449151,Junior Messias,Genoa CFC,2025-26,FW,35,675,3,1,2026-05-24,2026-05-29,1.1
457673,Gabriel Strefezza,Parma Calcio 1913,2025-26,FW,29,1016,2,2,2026-05-24,2026-05-29,6.5
457736,Tijjani Noslin,Società Sportiva Lazio S.p.A.,2025-26,FW,26,1138,4,3,2026-05-24,2026-05-29,8.0
459128,Marco Brescianini,ACF Fiorentina,2025-26,MF,26,1034,2,1,2026-05-24,2026-05-29,9.0
459151,Nicolò Cambiaghi,Bologna Football Club 1909,2025-26,FW,25,1521,3,4,2026-05-24,2026-05-29,14.0
459658,Andrea Cambiaso,Juventus FC,2025-26,DF,26,2796,3,4,2026-05-24,2026-05-29,20.0
459665,Patrizio Masini,Genoa CFC,2025-26,MF,25,1400,0,1,2026-05-24,2026-05-29,4.2
459763,Marco Carnesecchi,Atalanta BC,2025-26,GK,25,3330,0,0,2026-05-24,2026-05-29,30.0
459988,Gennaro Borrelli,Cagliari Calcio,2025-26,FW,26,1272,5,1,2026-05-24,2026-05-29,3.0
462823,Gustav Isaksen,Società Sportiva Lazio S.p.A.,2025-26,FW,25,1598,5,1,2026-05-24,2026-05-29,15.0
463618,Khéphren Thuram,Juventus FC,2025-26,MF,25,2453,3,3,2026-05-24,2026-05-29,38.0
463665,Oumar Solet,Udinese Calcio,2025-26,DF,26,2961,3,1,2026-05-24,2026-05-29,23.0
464195,Filip Stojilkovic,Pisa Sporting Club,2025-26,FW,26,659,0,0,2026-05-24,2026-05-29,2.5
464469,Torbjørn Heggem,Bologna Football Club 1909,2025-26,DF,27,2113,0,0,2026-05-24,2026-05-29,13.0
466802,Adrián Bernabé,Parma Calcio 1913,2025-26,MF,24,2494,3,2,2026-05-24,2026-05-29,15.0
467563,Armel Bella-Kotchap,Hellas Verona,2025-26,DF,24,1347,0,0,2026-05-24,2026-05-29,7.0
467992,Samuele Ricci,AC Milan,2025-26,MF,24,1297,1,4,2026-05-24,2026-05-29,22.0
469822,David Neres,SSC Napoli,2025-26,FW,29,925,3,3,2026-05-24,2026-05-29,23.0
470394,Kenneth Taylor,Società Sportiva Lazio S.p.A.,2025-26,MF,24,1402,3,2,2026-05-24,2026-05-29,25.0
470794,Ivan Ilić,Torino FC,2025-26,MF,25,415,0,0,2026-05-24,2026-05-29,7.0
471936,Oliver Christensen,ACF Fiorentina,2025-26,GK,27,87,0,0,2026-05-24,2026-05-29,1.4
475410,Matteo Tramoni,Pisa Sporting Club,2025-26,MF,26,1610,2,2,2026-05-24,2026-05-29,4.5
480116,Lloyd Kelly,Juventus FC,2025-26,DF,27,2998,1,1,2026-05-24,2026-05-29,23.0
486031,Nico González,Juventus FC,2025-26,FW,28,17,0,0,2026-05-24,2026-06-05,22.0
487474,Francisco Conceição,Juventus FC,2025-26,FW,23,2098,3,5,2026-05-24,2026-05-29,30.0
487843,Lorenzo Colombo,Genoa CFC,2025-26,FW,24,2346,7,2,2026-05-24,2026-05-29,10.0
488785,Martin Frese,Hellas Verona,2025-26,DF,28,2413,2,0,2026-05-24,2026-05-29,2.5
488996,Thórir Jóhann Helgason,US Lecce,2025-26,MF,25,140,0,0,2026-05-24,2026-05-29,1.8
490384,Koni De Winter,AC Milan,2025-26,DF,23,1798,1,1,2026-05-24,2026-05-29,23.0
490423,Ignace Van der Brempt,Como 1907,2025-26,DF,24,931,0,1,2026-05-24,2026-05-29,3.0
492319,Franco Israel,Torino FC,2025-26,GK,26,810,0,0,2026-05-24,2026-05-29,2.5
495667,Lucas Da Cunha,Como 1907,2025-26,MF,24,2748,6,5,2026-05-24,2026-05-29,20.0
495839,Andrias Edmundsson,Hellas Verona,2025-26,DF,25,1320,0,0,2026-05-24,2026-05-29,3.0
496745,Emil Holm,Bologna Football Club 1909,2025-26,DF,26,884,1,4,2026-05-24,2026-05-29,10.0
496857,Edon Zhegrova,Juventus FC,2025-26,FW,27,366,0,0,2026-05-24,2026-05-29,10.0
503075,Isak Hien,Atalanta BC,2025-26,DF,27,1965,1,0,2026-05-24,2026-05-29,22.0
503866,Albert Grønbaek,Genoa CFC,2025-26,MF,25,101,0,0,2026-05-24,2026-05-27,5.0
503871,Morten Frendrup,Genoa CFC,2025-26,MF,25,3089,1,0,2026-05-24,2026-05-29,15.0
503881,Aster Vranckx,US Sassuolo,2025-26,MF,23,692,0,0,2026-05-24,2026-05-29,5.0
503991,Yunus Musah,Atalanta BC,2025-26,MF,23,651,1,0,2026-05-24,2026-05-29,14.0
504148,Tariq Lamptey,ACF Fiorentina,2025-26,DF,25,25,0,0,2026-05-24,2026-05-29,3.0
507486,Simon Sohm,Bologna Football Club 1909,2025-26,MF,25,1429,0,1,2026-05-24,2026-05-29,8.0
509022,Federico Gatti,Juventus FC,2025-26,DF,27,1090,2,0,2026-05-24,2026-05-29,14.0
514888,Oliver Sørensen,Parma Calcio 1913,2025-26,MF,24,1834,1,1,2026-05-24,2026-05-29,6.5
516716,Bremer,Juventus FC,2025-26,DF,29,2175,4,3,2026-05-24,2026-05-29,35.0
520530,Fali Candé,US Sassuolo,2025-26,DF,28,507,0,0,2026-05-24,2026-05-29,3.0
521407,Walid Cheddira,US Lecce,2025-26,FW,28,1211,4,1,2026-05-24,2026-05-29,2.0
522784,Taty Castellanos,Società Sportiva Lazio S.p.A.,2025-26,FW,27,694,2,3,2026-05-24,2026-06-03,28.0
523318,Anastasios Douvikas,Como 1907,2025-26,FW,26,2278,14,2,2026-05-24,2026-05-29,25.0
524010,Oier Zarraga,Udinese Calcio,2025-26,MF,27,456,0,0,2026-05-24,2026-05-29,1.5
525299,Miguel Gutiérrez,SSC Napoli,2025-26,DF,24,1484,1,1,2026-05-24,2026-05-29,22.0
525704,Nicolò Rovella,Società Sportiva Lazio S.p.A.,2025-26,MF,24,512,0,1,2026-05-24,2026-05-29,23.0
528181,Edoardo Corvi,Parma Calcio 1913,2025-26,GK,25,1530,0,0,2026-05-24,2026-05-29,1.5
528833,Lazar Samardžić,Atalanta BC,2025-26,MF,24,1022,2,2,2026-05-24,2026-05-29,16.0
530742,Fisayo Dele-Bashiru,Società Sportiva Lazio S.p.A.,2025-26,MF,25,1182,1,0,2026-05-24,2026-05-29,6.0
532937,Johan Vásquez,Genoa CFC,2025-26,DF,27,3217,1,0,2026-05-24,2026-05-29,12.0
533738,Jonathan David,Juventus FC,2025-26,FW,26,1784,6,4,2026-05-24,2026-05-29,30.0
535955,Nuno Tavares,Società Sportiva Lazio S.p.A.,2025-26,DF,26,1471,0,0,2026-05-24,2026-05-29,12.0
537602,João Mário,Bologna Football Club 1909,2025-26,DF,26,994,1,0,2026-05-24,2026-05-29,8.0
538079,Alessio Furlanetto,Società Sportiva Lazio S.p.A.,2025-26,GK,24,180,0,0,2026-05-24,2026-05-29,0.35
538918,Sebastiano Esposito,Cagliari Calcio,2025-26,FW,23,2702,7,5,2026-05-24,2026-05-29,15.0
538964,Thijs Dallinga,Bologna Football Club 1909,2025-26,FW,25,804,2,3,2026-05-24,2026-05-29,9.0
539134,Daniel Maldini,Società Sportiva Lazio S.p.A.,2025-26,MF,24,952,2,1,2026-05-24,2026-05-29,9.0
540333,Tomas Suslov,Hellas Verona,2025-26,MF,23,445,0,0,2026-05-24,2026-05-29,4.0
543666,Stefano Turati,US Sassuolo,2025-26,GK,24,533,0,0,2026-05-24,2026-05-29,3.0
543822,Malthe Højholt,Pisa Sporting Club,2025-26,MF,25,850,0,0,2026-05-24,2026-05-29,1.2
545538,Lameck Banda,US Lecce,2025-26,FW,25,1760,5,4,2026-05-24,2026-05-29,3.5
546926,Jay Idzes,US Sassuolo,2025-26,DF,25,3064,0,0,2026-05-24,2026-05-29,14.0
547985,Fabiano Parisi,ACF Fiorentina,2025-26,DF,25,1528,1,2,2026-05-24,2026-05-29,6.0
550106,Matteo Cancellieri,Società Sportiva Lazio S.p.A.,2025-26,FW,24,1731,4,2,2026-05-24,2026-05-29,7.0
550108,Nicola Zalewski,Atalanta BC,2025-26,MF,24,1905,2,5,2026-05-24,2026-05-29,20.0
552472,Nahuel Estévez,Parma Calcio 1913,2025-26,MF,30,1032,0,1,2026-05-24,2026-05-29,1.4
552955,Santiago Gimenez,AC Milan,2025-26,FW,25,896,0,2,2026-05-24,2026-05-29,18.0
555820,Martín Payero,US Cremonese,2025-26,MF,27,1460,1,0,2026-05-24,2026-05-29,5.0
557407,Devyne Rensch,Associazione Sportiva Roma,2025-26,DF,23,1179,1,5,2026-05-24,2026-05-29,8.5
564305,Michel Adopo,Cagliari Calcio,2025-26,MF,25,3057,1,2,2026-05-24,2026-05-29,7.0
564785,Kristian Thorstvedt,US Sassuolo,2025-26,MF,27,2458,4,4,2026-05-24,2026-05-29,12.0
566615,Mikael Egill Ellertsson,Genoa CFC,2025-26,MF,24,2768,1,2,2026-05-24,2026-05-29,6.0
567129,Josh Doig,US Sassuolo,2025-26,DF,24,1919,0,0,2026-05-24,2026-05-29,4.5
568333,Adam Obert,Cagliari Calcio,2025-26,DF,23,2782,0,3,2026-05-24,2026-05-29,7.0
568617,Răzvan Sava,Udinese Calcio,2025-26,GK,23,619,0,0,2026-05-24,2026-05-29,2.5
569598,Youssouf Fofana,AC Milan,2025-26,MF,27,2217,2,3,2026-05-24,2026-05-29,23.0
569939,Tommaso Barbieri,US Cremonese,2025-26,DF,23,1704,0,1,2026-05-24,2026-05-29,3.8
571271,Ivan Smolcic,Como 1907,2025-26,DF,25,1665,0,1,2026-05-24,2026-05-29,3.5
571604,Giorgio Scalvini,Atalanta BC,2025-26,DF,22,1817,3,1,2026-05-24,2026-05-29,38.0
571607,Fabio Miretti,Juventus FC,2025-26,MF,22,605,1,2,2026-05-24,2026-05-29,15.0
572265,Lorenzo Lucca,SSC Napoli,2025-26,FW,25,401,1,0,2026-05-24,2026-06-03,20.0
574671,Strahinja Pavlović,AC Milan,2025-26,DF,25,2870,5,1,2026-05-24,2026-05-29,40.0
579930,Armand Laurienté,US Sassuolo,2025-26,FW,27,2614,7,9,2026-05-24,2026-05-29,19.0
580451,Martin Baturina,Como 1907,2025-26,MF,23,1569,6,3,2026-05-24,2026-05-29,30.0
581672,Samuel Iling-Junior,Pisa Sporting Club,2025-26,MF,22,107,0,0,2026-05-24,2026-05-29,6.5
582664,Álex Sala,US Lecce,2025-26,MF,25,161,0,1,2026-05-24,2026-05-29,1.0
583046,Medon Berisha,US Lecce,2025-26,MF,22,881,2,3,2026-05-24,2026-05-29,5.0
583404,Marcus Pedersen,Torino FC,2025-26,DF,25,2135,1,3,2026-05-24,2026-05-29,3.5
585949,Pierre Kalulu,Juventus FC,2025-26,DF,25,3282,2,5,2026-05-24,2026-05-29,32.0
585982,Carlos Augusto,Inter Milan,2025-26,DF,27,1753,1,2,2026-05-24,2026-05-29,23.0
586853,Vitinha,Genoa CFC,2025-26,FW,26,2242,5,2,2026-05-24,2026-05-29,8.0
586984,Daniel Oyegoke,Hellas Verona,2025-26,DF,23,593,0,0,2026-05-24,2026-05-29,1.0
588426,Saúl Coco,Torino FC,2025-26,DF,27,3090,1,1,2026-05-24,2026-05-29,7.5
591193,Niels Nkounkou,Torino FC,2025-26,DF,25,349,0,1,2026-05-24,2026-05-29,2.6
592975,Woyo Coulibaly,US Sassuolo,2025-26,DF,26,1049,0,0,2026-05-24,2026-05-29,2.0
595650,Nikola Stulic,US Lecce,2025-26,FW,24,1715,4,0,2026-05-24,2026-05-29,3.5
599663,Faris Moumbagna,US Cremonese,2025-26,FW,25,88,0,0,2026-05-24,2026-05-29,3.5
600041,Mattia Felici,Cagliari Calcio,2025-26,FW,25,408,2,1,2026-05-24,2026-05-29,2.5
600936,Luca Moro,US Sassuolo,2025-26,FW,25,200,0,0,2026-05-24,2026-05-29,1.8
603675,Francesco Folino,US Cremonese,2025-26,DF,24,712,1,0,2026-05-24,2026-05-29,0.8
604113,Jamil Siebert,US Lecce,2025-26,DF,24,1700,1,0,2026-05-24,2026-05-29,4.5
604207,Filippo Rinaldi,Parma Calcio 1913,2025-26,GK,23,90,0,0,2026-05-24,2026-05-29,0.6
607854,Éderson,Atalanta BC,2025-26,MF,26,2235,2,1,2026-05-24,2026-05-29,45.0
608172,Ardon Jashari,AC Milan,2025-26,MF,23,700,0,1,2026-05-24,2026-05-29,25.0
610442,Rasmus Højlund,SSC Napoli,2025-26,FW,23,2762,12,6,2026-05-24,2026-05-29,60.0
613393,Gaetano Oristanio,Parma Calcio 1913,2025-26,MF,23,858,1,0,2026-05-24,2026-05-29,5.0
618341,Mario Gila,Società Sportiva Lazio S.p.A.,2025-26,DF,25,2482,0,0,2026-05-24,2026-05-29,30.0
622380,Cesare Casadei,Torino FC,2025-26,MF,23,1990,6,0,2026-05-24,2026-05-29,15.0
624690,Manu Koné,Associazione Sportiva Roma,2025-26,MF,25,2459,2,3,2026-05-24,2026-05-29,50.0
625202,Lautaro Valenti,Parma Calcio 1913,2025-26,DF,27,2251,0,0,2026-05-24,2026-05-29,2.0
626913,Boulaye Dia,Società Sportiva Lazio S.p.A.,2025-26,FW,29,1250,1,2,2026-05-24,2026-05-29,5.0
628365,Gabriele Piccinini,Pisa Sporting Club,2025-26,MF,25,860,0,0,2026-05-24,2026-05-29,3.0
631007,Filippo Terracciano,US Cremonese,2025-26,DF,23,3012,2,0,2026-05-24,2026-05-29,4.5
632831,Nicolò Bertola,Udinese Calcio,2025-26,DF,23,1761,0,1,2026-05-24,2026-05-29,7.0
633530,Jordan Zemura,Udinese Calcio,2025-26,DF,26,1128,0,2,2026-05-24,2026-05-29,5.0
633668,Giovanni Fabbian,Bologna Football Club 1909,2025-26,MF,23,1168,2,0,2026-05-24,2026-05-29,10.0
641537,Tommaso Baldanzi,Genoa CFC,2025-26,MF,23,784,1,2,2026-05-24,2026-05-29,8.5
644032,Cheikh Niasse,Hellas Verona,2025-26,MF,26,978,0,1,2026-05-24,2026-05-29,2.0
644408,Oliver Provstgaard,Società Sportiva Lazio S.p.A.,2025-26,DF,22,1527,0,0,2026-05-24,2026-05-29,16.0
644613,Sadik Fofana,US Lecce,2025-26,MF,23,81,0,0,2026-05-24,2026-05-29,0.8
644771,Odilon Kossounou,Atalanta BC,2025-26,DF,25,985,1,0,2026-05-24,2026-05-29,15.0
646747,Rafa Obrador,Torino FC,2025-26,DF,22,1123,1,3,2026-05-24,2026-05-29,5.0
647280,Kieron Bowie,Hellas Verona,2025-26,FW,23,1204,4,1,2026-05-24,2026-05-29,7.0
648046,Evan Ferguson,Associazione Sportiva Roma,2025-26,FW,21,776,3,2,2026-05-24,2026-05-29,20.0
649490,Konan N’Dri,US Lecce,2025-26,FW,25,521,2,0,2026-05-24,2026-05-29,1.5
651005,Cher Ndour,ACF Fiorentina,2025-26,MF,21,1874,3,0,2026-05-24,2026-05-29,20.0
651569,Daniel Mosquera,Hellas Verona,2025-26,FW,26,585,0,2,2026-05-24,2026-05-29,1.8
652054,Martin Vitík,Bologna Football Club 1909,2025-26,DF,23,1324,0,0,2026-05-24,2026-05-29,13.0
656441,Jean Onana,Genoa CFC,2025-26,MF,26,42,0,0,2026-05-24,2026-05-29,1.0
659516,Warren Bondo,US Cremonese,2025-26,MF,22,1770,0,0,2026-05-24,2026-05-29,6.0
659648,Gioele Zacchi,US Sassuolo,2025-26,GK,22,7,0,0,2026-05-24,2026-05-29,0.6
663237,Jacob Ondrejka,Parma Calcio 1913,2025-26,FW,23,776,0,0,2026-05-24,2026-05-29,5.5
666547,Zito Luvumbo,Cagliari Calcio,2025-26,FW,24,321,0,0,2026-05-24,2026-06-05,3.0
666974,Mikayil Faye,US Cremonese,2025-26,DF,21,250,0,0,2026-05-24,2026-05-29,4.5
668207,Petar Sučić,Inter Milan,2025-26,MF,22,1764,2,2,2026-05-24,2026-05-29,40.0
668547,Máximo Perrone,Como 1907,2025-26,MF,23,2750,3,4,2026-05-24,2026-05-29,35.0
668951,Matías Soulé,Associazione Sportiva Roma,2025-26,FW,23,2162,6,5,2026-05-24,2026-05-29,35.0
672381,Jonathan Rowe,Bologna Football Club 1909,2025-26,FW,23,1611,3,3,2026-05-24,2026-05-29,28.0
673514,Abdoulaye Ndiaye,Parma Calcio 1913,2025-26,DF,24,780,0,0,2026-05-24,2026-05-29,6.0
674806,Santiago Pierotti,US Lecce,2025-26,FW,25,2616,1,2,2026-05-24,2026-05-29,4.0
679423,Tarik Muharemović,US Sassuolo,2025-26,DF,23,2835,2,2,2026-05-24,2026-05-29,25.0
686965,Juan Cabal,Juventus FC,2025-26,DF,25,286,2,0,2026-05-24,2026-05-29,7.0
691316,Luis Henrique,Inter Milan,2025-26,MF,24,1621,1,3,2026-05-24,2026-05-29,22.0
691482,Jacopo Fazzini,ACF Fiorentina,2025-26,MF,23,574,0,0,2026-05-24,2026-05-29,8.5
692187,Daniel Denoon,Pisa Sporting Club,2025-26,DF,22,123,0,0,2026-05-24,2026-05-29,0.5
698259,Thomas Kristensen,Udinese Calcio,2025-26,DF,24,2475,3,0,2026-05-24,2026-05-29,12.0
700053,Edoardo Iannoni,US Sassuolo,2025-26,MF,25,248,1,0,2026-05-24,2026-05-29,0.8
701819,Daniele Ghilardi,Associazione Sportiva Roma,2025-26,DF,23,1086,0,0,2026-05-24,2026-05-29,18.0
703245,Antonio Vergara,SSC Napoli,2025-26,MF,23,614,1,3,2026-05-24,2026-05-29,15.0
705063,Samuele Angori,Pisa Sporting Club,2025-26,MF,22,2605,0,3,2026-05-24,2026-05-29,4.5
707844,Mandela Keita,Parma Calcio 1913,2025-26,MF,24,2994,1,1,2026-05-24,2026-05-29,20.0
708086,Romano Floriani Mussolini,US Cremonese,2025-26,DF,23,1164,0,3,2026-05-24,2026-05-29,2.5
708635,Lorenzo Bernasconi,Atalanta BC,2025-26,MF,22,1569,0,3,2026-05-24,2026-05-29,20.0
709957,Álex Valle,Como 1907,2025-26,DF,22,2025,1,4,2026-05-24,2026-05-29,12.0
711976,Andy Diouf,Inter Milan,2025-26,MF,23,479,1,0,2026-05-24,2026-05-29,20.0
713644,Bryan Zaragoza,Associazione Sportiva Roma,2025-26,FW,24,135,0,1,2026-05-24,2026-05-29,8.0
724106,Luca Lipani,US Sassuolo,2025-26,MF,21,1027,0,1,2026-05-24,2026-05-29,7.5
728485,Danilo Veiga,US Lecce,2025-26,DF,23,3022,0,1,2026-05-24,2026-05-29,2.5
728733,Brooke Norton-Cuffy,Genoa CFC,2025-26,DF,22,2215,2,1,2026-05-24,2026-05-29,15.0
731491,Franco Carboni,Parma Calcio 1913,2025-26,DF,23,111,0,0,2026-05-24,2026-05-29,0.9
741257,Álex Jiménez,AC Milan,2025-26,DF,21,45,0,0,2026-05-24,2026-06-03,22.0
743091,Emirhan İlkhan,Torino FC,2025-26,MF,21,1008,1,2,2026-05-24,2026-05-29,6.0
746695,Kamaldeen Sulemana,Atalanta BC,2025-26,FW,24,1002,2,1,2026-05-24,2026-05-29,17.0
746712,Pietro Comuzzo,ACF Fiorentina,2025-26,DF,21,1696,1,0,2026-05-24,2026-05-29,18.0
746891,Cristian Volpato,US Sassuolo,2025-26,MF,22,1064,2,4,2026-05-24,2026-05-29,10.0
747720,Jayden Addai,Como 1907,2025-26,FW,20,687,3,0,2026-05-24,2026-05-29,20.0
748382,Amin Sarr,Hellas Verona,2025-26,FW,25,1086,0,1,2026-05-24,2026-05-29,2.4
749552,Alieu Fadera,US Sassuolo,2025-26,FW,24,976,2,2,2026-05-24,2026-05-29,4.5
780548,Omri Gandelman,US Lecce,2025-26,MF,26,979,2,1,2026-05-24,2026-05-29,3.0
798929,Gvidas Gineitis,Torino FC,2025-26,MF,22,1763,0,1,2026-05-24,2026-05-29,5.5
805886,Gaby Jean,US Lecce,2025-26,DF,26,191,0,0,2026-05-24,2026-05-29,1.5
813137,Niccolò Pisilli,Associazione Sportiva Roma,2025-26,MF,21,1285,2,4,2026-05-24,2026-05-29,30.0
814446,Luca Marianucci,Torino FC,2025-26,DF,21,691,0,1,2026-05-24,2026-05-29,7.0
818448,Alessandro Marcandalli,Genoa CFC,2025-26,DF,23,2600,0,2,2026-05-24,2026-05-29,14.0
827734,Ange-Yoan Bonny,Inter Milan,2025-26,FW,22,1130,5,6,2026-05-24,2026-05-29,35.0
830365,Alisson Santos,SSC Napoli,2025-26,FW,23,836,4,0,2026-05-24,2026-05-29,28.0
836441,Gaspar,US Lecce,2025-26,DF,28,1830,0,0,2026-05-24,2026-05-29,3.0
843286,Felipe Loyola,Pisa Sporting Club,2025-26,MF,25,539,1,0,2026-05-24,2026-05-29,7.0
845654,Kenan Yıldız,Juventus FC,2025-26,FW,21,2844,10,7,2026-05-24,2026-05-29,75.0
846254,Petar Ratkov,Società Sportiva Lazio S.p.A.,2025-26,FW,22,228,0,0,2026-05-24,2026-05-29,9.0
849520,Santiago Castro,Bologna Football Club 1909,2025-26,FW,21,2365,7,3,2026-05-24,2026-05-29,32.0
851385,Tobias Slotsager,Hellas Verona,2025-26,DF,20,443,0,0,2026-05-24,2026-05-29,3.0
855308,Arthur Atta,Udinese Calcio,2025-26,MF,23,2563,5,4,2026-05-24,2026-05-29,25.0
856530,Mateo Pellegrino,Parma Calcio 1913,2025-26,FW,24,2994,9,1,2026-05-24,2026-05-29,15.0
860992,Nicolás Valentini,Hellas Verona,2025-26,DF,25,1406,0,0,2026-05-24,2026-05-29,3.0
862606,Nesta Elphege,Parma Calcio 1913,2025-26,FW,25,306,2,1,2026-05-24,2026-05-29,4.0
864306,Rafik Belghali,Hellas Verona,2025-26,DF,23,1928,2,0,2026-05-24,2026-05-29,7.0
867137,Alessandro Circati,Parma Calcio 1913,2025-26,DF,22,2666,1,1,2026-05-24,2026-05-29,12.0
875334,Semih Kılıçsoy,Cagliari Calcio,2025-26,FW,20,975,4,0,2026-05-24,2026-05-29,11.0
876298,Matteo Prati,Cagliari Calcio,2025-26,MF,22,1889,1,1,2026-05-24,2026-05-29,5.5
877124,Rosen Bozhinov,Pisa Sporting Club,2025-26,DF,21,614,0,0,2026-05-24,2026-05-29,4.0
885226,Riyad Idrissi,Cagliari Calcio,2025-26,DF,20,767,2,0,2026-05-24,2026-05-29,4.0
887638,Davide Bartesaghi,AC Milan,2025-26,DF,20,2443,2,0,2026-05-24,2026-05-29,22.0
890385,Sebastian Otoa,Genoa CFC,2025-26,DF,22,829,0,0,2026-05-24,2026-05-29,2.5
893675,Amir Richardson,ACF Fiorentina,2025-26,MF,24,40,0,0,2026-05-24,2026-05-25,4.0
895937,Marco Palestra,Cagliari Calcio,2025-26,DF,21,3085,1,4,2026-05-24,2026-05-29,35.0
897423,David Odogu,AC Milan,2025-26,DF,19,5,0,0,2026-05-24,2026-05-29,5.0
901019,Neil El Aynaoui,Associazione Sportiva Roma,2025-26,MF,24,991,1,2,2026-05-24,2026-05-29,23.0
906160,Saba Goglichidze,Udinese Calcio,2025-26,DF,21,422,0,0,2026-05-24,2026-05-28,3.5
911328,Mohamed Kaba,US Lecce,2025-26,MF,24,625,0,0,2026-05-24,2026-06-01,2.5
914934,Henrik Meister,Pisa Sporting Club,2025-26,FW,22,1514,2,0,2026-05-24,2026-05-29,3.8
916430,Edoardo Motta,Società Sportiva Lazio S.p.A.,2025-26,GK,21,810,0,0,2026-05-24,2026-05-29,8.0
921655,Ismaël Koné,US Sassuolo,2025-26,MF,23,2757,6,0,2026-05-24,2026-05-29,25.0
924857,Lennon Miller,Udinese Calcio,2025-26,MF,19,991,0,2,2026-05-24,2026-05-29,10.0
925838,Francesco Coppola,Pisa Sporting Club,2025-26,DF,21,456,0,0,2026-05-24,2026-05-29,3.5
930781,Pio Esposito,Inter Milan,2025-26,FW,20,1560,7,4,2026-05-24,2026-05-29,45.0
932187,Sascha Britschgi,Parma Calcio 1913,2025-26,DF,19,2097,0,2,2026-05-24,2026-05-29,10.0
934514,Riccardo Braschi,ACF Fiorentina,2025-26,FW,19,106,0,0,2026-05-24,2026-05-29,2.0
934527,Alieu Njie,Torino FC,2025-26,FW,21,289,1,1,2026-05-24,2026-05-29,3.0
934878,Jeff Ekhator,Genoa CFC,2025-26,FW,19,944,3,0,2026-05-24,2026-05-29,18.0
935760,Rafiu Durosinmi,Pisa Sporting Club,2025-26,FW,23,430,1,1,2026-05-24,2026-05-29,7.0
941869,Yellu Santiago,Hellas Verona,2025-26,MF,21,5,0,0,2026-05-24,2026-05-28,0.7
944570,Vasilije Adžić,Juventus FC,2025-26,MF,20,163,1,0,2026-05-24,2026-05-29,8.0
948278,Jacobo Ramón,Como 1907,2025-26,DF,21,2743,2,0,2026-05-24,2026-05-29,30.0
948294,Nico Paz,Como 1907,2025-26,MF,21,2886,12,7,2026-05-24,2026-05-29,80.0
957822,Eddy Kouadio,ACF Fiorentina,2025-26,DF,20,70,0,0,2026-05-24,2026-05-29,2.5
961022,Benja Domínguez,Bologna Football Club 1909,2025-26,FW,22,542,0,3,2026-05-24,2026-05-29,9.0
964580,Wesley,Associazione Sportiva Roma,2025-26,DF,22,2458,5,1,2026-05-24,2026-05-29,40.0
969192,Ebenezer Akinsanmiro,Pisa Sporting Club,2025-26,MF,21,1446,0,1,2026-05-24,2026-05-29,7.0
980575,Oumar Ngom,US Lecce,2025-26,MF,22,840,0,0,2026-05-24,2026-05-29,3.0
982267,Ibrahim Sulemana,Cagliari Calcio,2025-26,MF,23,895,1,0,2026-05-24,2026-05-29,6.0
982855,Reda Belahyane,Società Sportiva Lazio S.p.A.,2025-26,MF,21,605,0,2,2026-05-24,2026-05-29,6.8
984964,Niccolò Fortini,ACF Fiorentina,2025-26,DF,20,530,0,0,2026-05-24,2026-05-29,10.0
989621,İsak Vural,Pisa Sporting Club,2025-26,MF,19,752,0,1,2026-05-24,2026-05-29,5.0
990637,Zachary Athekame,AC Milan,2025-26,DF,21,823,2,2,2026-05-24,2026-05-29,15.0
992569,Massimo Pessina,Bologna Football Club 1909,2025-26,GK,18,352,0,0,2026-05-24,2026-05-29,3.5
997478,Othniël Raterink,Cagliari Calcio,2025-26,DF,20,6,0,0,2026-05-24,2026-05-29,1.0
999127,Benja Cremaschi,Parma Calcio 1913,2025-26,MF,21,129,0,0,2026-05-24,2026-05-29,4.0
1005165,Giovane,Hellas Verona,2025-26,FW,22,1872,3,6,2026-05-24,2026-05-29,12.0
1009030,Lorran,Pisa Sporting Club,2025-26,MF,19,113,1,0,2026-05-24,2026-05-29,4.5
1012731,Luis Balbo,ACF Fiorentina,2025-26,DF,20,208,0,0,2026-05-24,2026-05-29,3.0
1018259,Gift Orban,Hellas Verona,2025-26,FW,23,2038,7,3,2026-05-24,2026-05-29,7.0
1018395,Adrian Przyborek,Società Sportiva Lazio S.p.A.,2025-26,MF,19,8,0,0,2026-05-24,2026-05-29,6.0
1043646,Christian Ordóñez,Parma Calcio 1913,2025-26,MF,21,1085,1,0,2026-05-24,2026-05-29,6.5
1046867,Jan Ziolkowski,Associazione Sportiva Roma,2025-26,DF,20,507,0,0,2026-05-24,2026-05-29,12.0
1058368,Francesco Camarda,US Lecce,2025-26,FW,18,679,1,0,2026-05-24,2026-05-29,15.0
1061282,Assane Diao,Como 1907,2025-26,FW,20,1084,2,1,2026-05-24,2026-05-29,30.0
1061820,Lorenzo Venturino,Associazione Sportiva Roma,2025-26,FW,19,236,0,0,2026-05-24,2026-05-29,5.0
1077175,Honest Ahanor,Atalanta BC,2025-26,DF,18,1375,0,0,2026-05-24,2026-05-29,30.0
1082581,Pedro Felipe,US Sassuolo,2025-26,DF,22,127,0,1,2026-05-24,2026-05-29,1.5
1082774,Amorim,Genoa CFC,2025-26,MF,21,554,0,0,2026-05-24,2026-05-29,8.0
1083069,Isaac,Hellas Verona,2025-26,FW,22,37,0,0,2026-05-24,2026-05-29,0.7
1099924,Yael Trepy,Cagliari Calcio,2025-26,FW,20,83,1,0,2026-05-24,2026-05-29,2.0
1104206,Agustín Albarracín,Cagliari Calcio,2025-26,FW,20,31,0,0,2026-05-24,2026-05-29,2.3
1111820,Junior Ajayi,Hellas Verona,2025-26,FW,21,1,0,0,2026-05-24,2026-05-29,0.3
1112449,Tiago Gabriel,US Lecce,2025-26,DF,21,3220,2,0,2026-05-24,2026-05-29,15.0
1118347,Juan Arizala,Udinese Calcio,2025-26,MF,20,183,0,0,2026-05-24,2026-05-29,3.5
1129198,Eivind Helland,Bologna Football Club 1909,2025-26,DF,21,488,0,0,2026-05-24,2026-05-29,8.0
1131161,Robinio Vaz,Associazione Sportiva Roma,2025-26,FW,19,205,1,0,2026-05-24,2026-05-29,18.0
1134304,Joseph Liteta,Cagliari Calcio,2025-26,MF,20,266,0,0,2026-05-24,2026-05-29,3.5
1159864,Mariano Troilo,Parma Calcio 1913,2025-26,DF,22,1628,1,0,2026-05-24,2026-05-29,10.0
1170286,Darryl Bakola,US Sassuolo,2025-26,MF,18,124,0,1,2026-05-24,2026-05-29,8.0
1175410,Matías Pérez,US Lecce,2025-26,DF,21,32,0,0,2026-05-24,2026-05-29,0.5
1178488,Idrissa Gueye,Udinese Calcio,2025-26,FW,19,405,1,0,2026-05-24,2026-05-29,8.0
1190411,Jesús Rodríguez,Como 1907,2025-26,FW,20,1735,2,9,2026-05-24,2026-05-29,30.0
1191520,Nils Zätterström,Genoa CFC,2025-26,DF,21,181,0,0,2026-05-24,2026-05-29,3.5
1210116,Abdoulaye Camara,Udinese Calcio,2025-26,MF,17,11,0,0,2026-05-24,2026-05-29,1.5
1228231,Juan Rodríguez,Cagliari Calcio,2025-26,DF,20,1314,1,0,2026-05-24,2026-05-29,10.0
1300966,Branimir Mlacic,Udinese Calcio,2025-26,DF,19,162,0,0,2026-05-24,2026-05-29,5.0
1315458,Fallou Cham,Hellas Verona,2025-26,DF,20,227,0,0,2026-05-24,2026-05-29,1.0
1371793,Paul Mendy,Cagliari Calcio,2025-26,FW,19,330,2,0,2026-05-24,2026-05-29,7.0
