{
  "version": "v1",
  "chosen": "stack",
  "ensemble_members": [
    "xgb",
    "lgbm",
    "nn"
  ],
  "metrics": {
    "lr": {
      "val": {
        "log_loss": 0.8395309599837391,
        "brier": 0.16413626684085825,
        "macro_f1": 0.45776612949750034,
        "accuracy": 0.6124952088922959
      },
      "test": {
        "log_loss": 0.880907802999996,
        "brier": 0.17263406712858043,
        "macro_f1": 0.4497967433230563,
        "accuracy": 0.5994562754870866
      }
    },
    "xgb": {
      "val": {
        "log_loss": 0.8413221877320718,
        "brier": 0.164309561252594,
        "macro_f1": 0.48100547243847186,
        "accuracy": 0.6094288999616712
      },
      "test": {
        "log_loss": 0.8876893826410983,
        "brier": 0.1738472282886505,
        "macro_f1": 0.46623346734771925,
        "accuracy": 0.600362483008609
      }
    },
    "lgbm": {
      "val": {
        "log_loss": 0.8643142741976075,
        "brier": 0.16827819195307314,
        "macro_f1": 0.48086904115737666,
        "accuracy": 0.605212725182062
      },
      "test": {
        "log_loss": 0.9062598376136451,
        "brier": 0.17693744895135954,
        "macro_f1": 0.46849686625256465,
        "accuracy": 0.5901676483914816
      }
    },
    "nn": {
      "val": {
        "log_loss": 0.8382785504195546,
        "brier": 0.16392776370048523,
        "macro_f1": 0.46319118981171886,
        "accuracy": 0.6186278267535454
      },
      "test": {
        "log_loss": 0.8849515695046244,
        "brier": 0.17331749697526297,
        "macro_f1": 0.4429999947693359,
        "accuracy": 0.5942455822383326
      }
    },
    "stack": {
      "val": {
        "log_loss": 0.8352305986769397,
        "brier": 0.16295075408907775,
        "macro_f1": 0.48742962240250454,
        "accuracy": 0.6186278267535454
      },
      "test": {
        "log_loss": 0.8844806373431723,
        "brier": 0.17336781564513193,
        "macro_f1": 0.46110037341879434,
        "accuracy": 0.5978704123244223
      }
    }
  }
}