{
  "version": "v1",
  "chosen": "stack",
  "metrics": {
    "lr": {
      "val": {
        "log_loss": 0.8385918660342663,
        "brier": 0.16382743206971326,
        "macro_f1": 0.47301954141610647,
        "accuracy": 0.6201609812188578
      },
      "test": {
        "log_loss": 0.8836622763550323,
        "brier": 0.17311357870753205,
        "macro_f1": 0.44914857612984277,
        "accuracy": 0.5983235160851835
      }
    },
    "xgb": {
      "val": {
        "log_loss": 0.8388869024759429,
        "brier": 0.16389643649260202,
        "macro_f1": 0.4902945697419286,
        "accuracy": 0.6144116519739363
      },
      "test": {
        "log_loss": 0.8872007047260259,
        "brier": 0.17352641622225443,
        "macro_f1": 0.46706314792534265,
        "accuracy": 0.5985500679655641
      }
    },
    "lgbm": {
      "val": {
        "log_loss": 0.855146984673283,
        "brier": 0.16696705677058854,
        "macro_f1": 0.49109189985446733,
        "accuracy": 0.6067458796473745
      },
      "test": {
        "log_loss": 0.9113699894501445,
        "brier": 0.17719544612848823,
        "macro_f1": 0.4720287332787872,
        "accuracy": 0.5906207521522429
      }
    },
    "nn": {
      "val": {
        "log_loss": 0.8358686761280636,
        "brier": 0.16349210838476816,
        "macro_f1": 0.4666176995874749,
        "accuracy": 0.6213108470678421
      },
      "test": {
        "log_loss": 0.8838871087601403,
        "brier": 0.17292236785093942,
        "macro_f1": 0.44683370912923764,
        "accuracy": 0.6008155867693702
      }
    },
    "stack": {
      "val": {
        "log_loss": 0.8310508192553018,
        "brier": 0.16198656595321334,
        "macro_f1": 0.4840864051319511,
        "accuracy": 0.625143733231123
      },
      "test": {
        "log_loss": 0.8813433796302792,
        "brier": 0.17268778513581448,
        "macro_f1": 0.46038507057640005,
        "accuracy": 0.6021748980516538
      }
    }
  }
}