date,season,home_team,away_team,home_score,away_score
1993-08-07,1993-94,Bayern Munich,Freiburg,3,1
1993-08-07,1993-94,Dortmund,Karlsruhe,2,1
1993-08-07,1993-94,Duisburg,Leverkusen,2,2
1993-08-07,1993-94,FC Koln,Kaiserslautern,0,2
1993-08-07,1993-94,Hamburg,Nurnberg,5,2
1993-08-07,1993-94,Leipzig,Dresden,3,3
1993-08-07,1993-94,M'Gladbach,Ein Frankfurt,0,4
1993-08-07,1993-94,Wattenscheid,Schalke 04,3,0
1993-08-07,1993-94,Werder Bremen,Stuttgart,5,1
1993-08-14,1993-94,Dresden,Duisburg,0,1
1993-08-14,1993-94,Ein Frankfurt,Werder Bremen,2,2
1993-08-14,1993-94,Freiburg,Wattenscheid,4,1
1993-08-14,1993-94,Kaiserslautern,M'Gladbach,4,2
1993-08-14,1993-94,Karlsruhe,Hamburg,2,0
1993-08-14,1993-94,Leverkusen,Bayern Munich,2,1
1993-08-14,1993-94,Nurnberg,FC Koln,1,0
1993-08-14,1993-94,Schalke 04,Dortmund,1,0
1993-08-14,1993-94,Stuttgart,Leipzig,0,0
1993-08-21,1993-94,Bayern Munich,Dresden,5,0
1993-08-21,1993-94,Dortmund,Freiburg,3,2
1993-08-21,1993-94,Duisburg,Stuttgart,2,2
1993-08-21,1993-94,Ein Frankfurt,Kaiserslautern,1,0
1993-08-21,1993-94,FC Koln,Karlsruhe,2,1
1993-08-21,1993-94,Hamburg,Schalke 04,4,1
1993-08-21,1993-94,M'Gladbach,Nurnberg,2,0
1993-08-21,1993-94,Wattenscheid,Leverkusen,1,2
1993-08-21,1993-94,Werder Bremen,Leipzig,3,1
1993-08-28,1993-94,Dresden,Wattenscheid,1,1
1993-08-28,1993-94,Freiburg,Hamburg,0,1
1993-08-28,1993-94,Kaiserslautern,Werder Bremen,2,3
1993-08-28,1993-94,Karlsruhe,M'Gladbach,1,0
1993-08-28,1993-94,Leipzig,Duisburg,1,1
1993-08-28,1993-94,Leverkusen,Dortmund,2,1
1993-08-28,1993-94,Nurnberg,Ein Frankfurt,1,5
1993-08-28,1993-94,Schalke 04,FC Koln,1,2
1993-08-28,1993-94,Stuttgart,Bayern Munich,2,2
1993-09-01,1993-94,Bayern Munich,Leipzig,3,0
1993-09-01,1993-94,Dortmund,Dresden,4,0
1993-09-01,1993-94,Ein Frankfurt,Karlsruhe,3,1
1993-09-01,1993-94,FC Koln,Freiburg,2,0
1993-09-01,1993-94,Hamburg,Leverkusen,2,1
1993-09-01,1993-94,Kaiserslautern,Nurnberg,3,1
1993-09-01,1993-94,M'Gladbach,Schalke 04,3,2
1993-09-01,1993-94,Wattenscheid,Stuttgart,2,4
1993-09-01,1993-94,Werder Bremen,Duisburg,1,5
1993-09-04,1993-94,Dresden,Hamburg,1,1
1993-09-04,1993-94,Duisburg,Bayern Munich,2,2
1993-09-04,1993-94,Freiburg,M'Gladbach,3,3
1993-09-04,1993-94,Karlsruhe,Kaiserslautern,1,1
1993-09-04,1993-94,Leipzig,Wattenscheid,0,0
1993-09-04,1993-94,Leverkusen,FC Koln,2,1
1993-09-04,1993-94,Nurnberg,Werder Bremen,0,1
1993-09-04,1993-94,Schalke 04,Ein Frankfurt,1,3
1993-09-04,1993-94,Stuttgart,Dortmund,2,2
1993-09-08,1993-94,Dortmund,Leipzig,0,1
1993-09-08,1993-94,Ein Frankfurt,Freiburg,3,0
1993-09-08,1993-94,FC Koln,Dresden,0,1
1993-09-08,1993-94,Hamburg,Stuttgart,3,2
1993-09-08,1993-94,Kaiserslautern,Schalke 04,0,0
1993-09-08,1993-94,M'Gladbach,Leverkusen,2,2
1993-09-08,1993-94,Nurnberg,Karlsruhe,1,1
1993-09-08,1993-94,Wattenscheid,Duisburg,0,2
1993-09-08,1993-94,Werder Bremen,Bayern Munich,1,0
1993-09-18,1993-94,Bayern Munich,Wattenscheid,3,3
1993-09-18,1993-94,Dresden,M'Gladbach,2,1
1993-09-18,1993-94,Duisburg,Dortmund,2,2
1993-09-18,1993-94,Freiburg,Kaiserslautern,2,3
1993-09-18,1993-94,Karlsruhe,Werder Bremen,0,3
1993-09-18,1993-94,Leipzig,Hamburg,1,4
1993-09-18,1993-94,Leverkusen,Ein Frankfurt,2,2
1993-09-18,1993-94,Schalke 04,Nurnberg,1,2
1993-09-18,1993-94,Stuttgart,FC Koln,1,1
1993-09-25,1993-94,Dortmund,Bayern Munich,1,1
1993-09-25,1993-94,Ein Frankfurt,Dresden,3,2
1993-09-25,1993-94,FC Koln,Leipzig,3,1
1993-09-25,1993-94,Hamburg,Duisburg,0,1
1993-09-25,1993-94,Kaiserslautern,Leverkusen,3,2
1993-09-25,1993-94,Karlsruhe,Schalke 04,0,0
1993-09-25,1993-94,M'Gladbach,Stuttgart,0,2
1993-09-25,1993-94,Nurnberg,Freiburg,2,2
1993-09-25,1993-94,Werder Bremen,Wattenscheid,0,0
1993-10-02,1993-94,Bayern Munich,Hamburg,4,0
1993-10-02,1993-94,Dresden,Kaiserslautern,3,1
1993-10-02,1993-94,Duisburg,FC Koln,0,0
1993-10-02,1993-94,Freiburg,Karlsruhe,3,3
1993-10-02,1993-94,Leipzig,M'Gladbach,1,1
1993-10-02,1993-94,Leverkusen,Nurnberg,4,0
1993-10-02,1993-94,Schalke 04,Werder Bremen,1,1
1993-10-02,1993-94,Stuttgart,Ein Frankfurt,0,2
1993-10-02,1993-94,Wattenscheid,Dortmund,1,2
1993-10-09,1993-94,Ein Frankfurt,Leipzig,2,1
1993-10-09,1993-94,FC Koln,Bayern Munich,0,4
1993-10-09,1993-94,Hamburg,Wattenscheid,2,1
1993-10-09,1993-94,Kaiserslautern,Stuttgart,5,0
1993-10-09,1993-94,Karlsruhe,Leverkusen,2,0
1993-10-09,1993-94,M'Gladbach,Duisburg,4,1
1993-10-09,1993-94,Nurnberg,Dresden,3,0
1993-10-09,1993-94,Schalke 04,Freiburg,1,3
1993-10-09,1993-94,Werder Bremen,Dortmund,4,0
1993-10-16,1993-94,Bayern Munich,M'Gladbach,3,1
1993-10-16,1993-94,Dortmund,Hamburg,2,1
1993-10-16,1993-94,Dresden,Karlsruhe,1,1
1993-10-16,1993-94,Duisburg,Ein Frankfurt,1,0
1993-10-16,1993-94,Freiburg,Werder Bremen,0,0
1993-10-16,1993-94,Leipzig,Kaiserslautern,0,0
1993-10-16,1993-94,Leverkusen,Schalke 04,5,1
1993-10-16,1993-94,Stuttgart,Nurnberg,1,0
1993-10-16,1993-94,Wattenscheid,FC Koln,2,2
1993-10-23,1993-94,Ein Frankfurt,Bayern Munich,2,2
1993-10-23,1993-94,FC Koln,Dortmund,2,0
1993-10-23,1993-94,Freiburg,Leverkusen,1,0
1993-10-23,1993-94,Kaiserslautern,Duisburg,2,0
1993-10-23,1993-94,Karlsruhe,Stuttgart,0,0
1993-10-23,1993-94,M'Gladbach,Wattenscheid,3,3
1993-10-23,1993-94,Nurnberg,Leipzig,5,0
1993-10-23,1993-94,Schalke 04,Dresden,0,0
1993-10-23,1993-94,Werder Bremen,Hamburg,0,2
1993-10-30,1993-94,Bayern Munich,Kaiserslautern,4,0
1993-10-30,1993-94,Dortmund,M'Gladbach,3,0
1993-10-30,1993-94,Dresden,Freiburg,1,2
1993-10-30,1993-94,Duisburg,Nurnberg,1,0
1993-10-30,1993-94,Hamburg,FC Koln,2,4
1993-10-30,1993-94,Leipzig,Karlsruhe,1,0
1993-10-30,1993-94,Leverkusen,Werder Bremen,2,2
1993-10-30,1993-94,Stuttgart,Schalke 04,3,0
1993-10-30,1993-94,Wattenscheid,Ein Frankfurt,0,0
1993-11-06,1993-94,Dresden,Leverkusen,1,1
1993-11-06,1993-94,Ein Frankfurt,Dortmund,2,0
1993-11-06,1993-94,FC Koln,Werder Bremen,2,0
1993-11-06,1993-94,Freiburg,Stuttgart,2,1
1993-11-06,1993-94,Kaiserslautern,Wattenscheid,4,1
1993-11-06,1993-94,Karlsruhe,Duisburg,5,0
1993-11-06,1993-94,M'Gladbach,Hamburg,2,2
1993-11-06,1993-94,Nurnberg,Bayern Munich,2,0
1993-11-06,1993-94,Schalke 04,Leipzig,3,1
1993-11-13,1993-94,Bayern Munich,Karlsruhe,1,0
1993-11-13,1993-94,Dortmund,Kaiserslautern,2,1
1993-11-13,1993-94,Duisburg,Schalke 04,1,0
1993-11-13,1993-94,FC Koln,M'Gladbach,0,4
1993-11-13,1993-94,Hamburg,Ein Frankfurt,3,0
1993-11-13,1993-94,Leipzig,Freiburg,2,2
1993-11-13,1993-94,Stuttgart,Leverkusen,1,4
1993-11-13,1993-94,Wattenscheid,Nurnberg,2,1
1993-11-13,1993-94,Werder Bremen,Dresden,0,1
1993-11-20,1993-94,Dresden,Stuttgart,1,0
1993-11-20,1993-94,Ein Frankfurt,FC Koln,0,3
1993-11-20,1993-94,Freiburg,Duisburg,1,2
1993-11-20,1993-94,Kaiserslautern,Hamburg,3,0
1993-11-20,1993-94,Karlsruhe,Wattenscheid,2,0
1993-11-20,1993-94,Leverkusen,Leipzig,3,1
1993-11-20,1993-94,M'Gladbach,Werder Bremen,3,2
1993-11-20,1993-94,Nurnberg,Dortmund,0,0
1993-11-20,1993-94,Schalke 04,Bayern Munich,1,1
1993-11-27,1993-94,Dresden,Leipzig,1,0
1993-11-27,1993-94,Ein Frankfurt,M'Gladbach,0,3
1993-11-27,1993-94,Freiburg,Bayern Munich,3,1
1993-11-27,1993-94,Kaiserslautern,FC Koln,3,0
1993-11-27,1993-94,Karlsruhe,Dortmund,3,3
1993-11-27,1993-94,Leverkusen,Duisburg,2,1
1993-11-27,1993-94,Nurnberg,Hamburg,0,1
1993-11-27,1993-94,Schalke 04,Wattenscheid,4,1
1993-11-27,1993-94,Stuttgart,Werder Bremen,0,0
1993-12-04,1993-94,Bayern Munich,Leverkusen,1,1
1993-12-04,1993-94,Dortmund,Schalke 04,1,1
1993-12-04,1993-94,Duisburg,Dresden,1,1
1993-12-04,1993-94,FC Koln,Nurnberg,0,1
1993-12-04,1993-94,Hamburg,Karlsruhe,1,1
1993-12-04,1993-94,Leipzig,Stuttgart,0,0
1993-12-04,1993-94,M'Gladbach,Kaiserslautern,3,1
1993-12-04,1993-94,Wattenscheid,Freiburg,3,1
1993-12-04,1993-94,Werder Bremen,Ein Frankfurt,1,0
1993-12-11,1993-94,Dresden,Bayern Munich,1,1
1993-12-11,1993-94,Freiburg,Dortmund,4,1
1993-12-11,1993-94,Kaiserslautern,Ein Frankfurt,1,1
1993-12-11,1993-94,Karlsruhe,FC Koln,2,0
1993-12-11,1993-94,Leipzig,Werder Bremen,1,1
1993-12-11,1993-94,Leverkusen,Wattenscheid,1,1
1993-12-11,1993-94,Nurnberg,M'Gladbach,2,4
1993-12-11,1993-94,Schalke 04,Hamburg,1,0
1993-12-11,1993-94,Stuttgart,Duisburg,4,0
1994-02-12,1993-94,Bayern Munich,Stuttgart,1,3
1994-02-12,1993-94,Dortmund,Leverkusen,1,0
1994-02-12,1993-94,Duisburg,Leipzig,2,1
1994-02-12,1993-94,Ein Frankfurt,Nurnberg,1,1
1994-02-12,1993-94,FC Koln,Schalke 04,1,1
1994-02-12,1993-94,Hamburg,Freiburg,1,1
1994-02-12,1993-94,M'Gladbach,Karlsruhe,1,2
1994-02-12,1993-94,Wattenscheid,Dresden,1,1
1994-02-12,1993-94,Werder Bremen,Kaiserslautern,2,0
1994-02-19,1993-94,Dresden,Dortmund,3,0
1994-02-19,1993-94,Duisburg,Werder Bremen,1,0
1994-02-19,1993-94,Freiburg,FC Koln,2,4
1994-02-19,1993-94,Karlsruhe,Ein Frankfurt,1,0
1994-02-19,1993-94,Leipzig,Bayern Munich,1,3
1994-02-19,1993-94,Leverkusen,Hamburg,1,2
1994-02-19,1993-94,Nurnberg,Kaiserslautern,0,2
1994-02-19,1993-94,Schalke 04,M'Gladbach,2,1
1994-02-19,1993-94,Stuttgart,Wattenscheid,3,0
1994-02-26,1993-94,Bayern Munich,Duisburg,4,0
1994-02-26,1993-94,Dortmund,Stuttgart,1,2
1994-02-26,1993-94,Ein Frankfurt,Schalke 04,1,3
1994-02-26,1993-94,FC Koln,Leverkusen,1,1
1994-02-26,1993-94,Hamburg,Dresden,1,1
1994-02-26,1993-94,Kaiserslautern,Karlsruhe,0,0
1994-02-26,1993-94,M'Gladbach,Freiburg,1,1
1994-02-26,1993-94,Wattenscheid,Leipzig,2,2
1994-02-26,1993-94,Werder Bremen,Nurnberg,2,2
1994-03-05,1993-94,Bayern Munich,Werder Bremen,2,0
1994-03-05,1993-94,Dresden,FC Koln,1,1
1994-03-05,1993-94,Duisburg,Wattenscheid,2,1
1994-03-05,1993-94,Freiburg,Ein Frankfurt,1,3
1994-03-05,1993-94,Karlsruhe,Nurnberg,3,2
1994-03-05,1993-94,Leipzig,Dortmund,2,3
1994-03-05,1993-94,Leverkusen,M'Gladbach,0,1
1994-03-05,1993-94,Schalke 04,Kaiserslautern,2,0
1994-03-05,1993-94,Stuttgart,Hamburg,4,0
1994-03-12,1993-94,Dortmund,Duisburg,2,1
1994-03-12,1993-94,Ein Frankfurt,Leverkusen,2,0
1994-03-12,1993-94,FC Koln,Stuttgart,3,1
1994-03-12,1993-94,Hamburg,Leipzig,3,0
1994-03-12,1993-94,Kaiserslautern,Freiburg,1,0
1994-03-12,1993-94,M'Gladbach,Dresden,2,1
1994-03-12,1993-94,Nurnberg,Schalke 04,1,0
1994-03-12,1993-94,Wattenscheid,Bayern Munich,1,3
1994-03-12,1993-94,Werder Bremen,Karlsruhe,0,2
1994-03-19,1993-94,Bayern Munich,Dortmund,0,0
1994-03-19,1993-94,Dresden,Ein Frankfurt,0,4
1994-03-19,1993-94,Duisburg,Hamburg,0,1
1994-03-19,1993-94,Freiburg,Nurnberg,0,0
1994-03-19,1993-94,Leipzig,FC Koln,2,3
1994-03-19,1993-94,Leverkusen,Kaiserslautern,3,2
1994-03-19,1993-94,Schalke 04,Karlsruhe,2,0
1994-03-19,1993-94,Stuttgart,M'Gladbach,3,0
1994-03-19,1993-94,Wattenscheid,Werder Bremen,2,2
1994-03-26,1993-94,Dortmund,Wattenscheid,2,0
1994-03-26,1993-94,Ein Frankfurt,Stuttgart,0,0
1994-03-26,1993-94,FC Koln,Duisburg,1,0
1994-03-26,1993-94,Hamburg,Bayern Munich,1,2
1994-03-26,1993-94,Kaiserslautern,Dresden,0,0
1994-03-26,1993-94,Karlsruhe,Freiburg,2,1
1994-03-26,1993-94,M'Gladbach,Leipzig,6,1
1994-03-26,1993-94,Nurnberg,Leverkusen,2,3
1994-03-26,1993-94,Werder Bremen,Schalke 04,0,1
1994-04-02,1993-94,Bayern Munich,FC Koln,1,0
1994-04-02,1993-94,Dortmund,Werder Bremen,3,2
1994-04-02,1993-94,Dresden,Nurnberg,1,1
1994-04-02,1993-94,Duisburg,M'Gladbach,2,0
1994-04-02,1993-94,Freiburg,Schalke 04,2,3
1994-04-02,1993-94,Leipzig,Ein Frankfurt,1,0
1994-04-02,1993-94,Leverkusen,Karlsruhe,3,1
1994-04-02,1993-94,Stuttgart,Kaiserslautern,1,1
1994-04-02,1993-94,Wattenscheid,Hamburg,3,1
1994-04-03,1993-94,Bayern Munich,Nurnberg,5,0
1994-04-06,1993-94,Ein Frankfurt,Duisburg,1,2
1994-04-06,1993-94,FC Koln,Wattenscheid,3,2
1994-04-06,1993-94,Hamburg,Dortmund,0,0
1994-04-06,1993-94,Kaiserslautern,Leipzig,1,0
1994-04-06,1993-94,Karlsruhe,Dresden,1,0
1994-04-06,1993-94,M'Gladbach,Bayern Munich,2,0
1994-04-06,1993-94,Nurnberg,Stuttgart,1,0
1994-04-06,1993-94,Schalke 04,Leverkusen,1,1
1994-04-06,1993-94,Werder Bremen,Freiburg,3,2
1994-04-09,1993-94,Bayern Munich,Ein Frankfurt,2,1
1994-04-09,1993-94,Dortmund,FC Koln,2,1
1994-04-09,1993-94,Dresden,Schalke 04,1,0
1994-04-09,1993-94,Duisburg,Kaiserslautern,1,7
1994-04-09,1993-94,Hamburg,Werder Bremen,1,1
1994-04-09,1993-94,Leipzig,Nurnberg,0,2
1994-04-09,1993-94,Leverkusen,Freiburg,2,1
1994-04-09,1993-94,Stuttgart,Karlsruhe,3,0
1994-04-09,1993-94,Wattenscheid,M'Gladbach,3,1
1994-04-16,1993-94,Ein Frankfurt,Wattenscheid,5,1
1994-04-16,1993-94,FC Koln,Hamburg,3,0
1994-04-16,1993-94,Freiburg,Dresden,0,1
1994-04-16,1993-94,Kaiserslautern,Bayern Munich,4,0
1994-04-16,1993-94,Karlsruhe,Leipzig,3,2
1994-04-16,1993-94,M'Gladbach,Dortmund,0,0
1994-04-16,1993-94,Nurnberg,Duisburg,0,0
1994-04-16,1993-94,Schalke 04,Stuttgart,0,1
1994-04-16,1993-94,Werder Bremen,Leverkusen,2,1
1994-04-23,1993-94,Dortmund,Ein Frankfurt,2,0
1994-04-23,1993-94,Duisburg,Karlsruhe,1,2
1994-04-23,1993-94,Hamburg,M'Gladbach,1,3
1994-04-23,1993-94,Leipzig,Schalke 04,2,2
1994-04-23,1993-94,Leverkusen,Dresden,1,1
1994-04-23,1993-94,Stuttgart,Freiburg,0,4
1994-04-23,1993-94,Wattenscheid,Kaiserslautern,0,2
1994-04-23,1993-94,Werder Bremen,FC Koln,3,1
1994-04-30,1993-94,Dresden,Werder Bremen,1,0
1994-04-30,1993-94,Ein Frankfurt,Hamburg,1,1
1994-04-30,1993-94,Freiburg,Leipzig,1,0
1994-04-30,1993-94,Kaiserslautern,Dortmund,2,0
1994-04-30,1993-94,Karlsruhe,Bayern Munich,1,1
1994-04-30,1993-94,Leverkusen,Stuttgart,1,1
1994-04-30,1993-94,M'Gladbach,FC Koln,4,1
1994-04-30,1993-94,Nurnberg,Wattenscheid,4,1
1994-04-30,1993-94,Schalke 04,Duisburg,1,3
1994-05-07,1993-94,Bayern Munich,Schalke 04,2,0
1994-05-07,1993-94,Dortmund,Nurnberg,4,1
1994-05-07,1993-94,Duisburg,Freiburg,0,2
1994-05-07,1993-94,FC Koln,Ein Frankfurt,2,3
1994-05-07,1993-94,Hamburg,Kaiserslautern,1,3
1994-05-07,1993-94,Leipzig,Leverkusen,2,3
1994-05-07,1993-94,Stuttgart,Dresden,3,0
1994-05-07,1993-94,Wattenscheid,Karlsruhe,5,1
1994-05-07,1993-94,Werder Bremen,M'Gladbach,4,2
1994-08-19,1994-95,Leverkusen,Kaiserslautern,0,1
1994-08-19,1994-95,Schalke 04,M'gladbach,1,1
1994-08-19,1994-95,Stuttgart,Hamburg,2,1
1994-08-20,1994-95,Bayern Munich,Bochum,3,1
1994-08-20,1994-95,Dortmund,Munich 1860,4,0
1994-08-20,1994-95,Dresden,Werder Bremen,1,1
1994-08-20,1994-95,Ein Frankfurt,FC Koln,0,0
1994-08-20,1994-95,Karlsruhe,Freiburg,2,0
1994-08-20,1994-95,Uerdingen,Duisburg,1,1
1994-08-23,1994-95,Bochum,Dresden,2,0
1994-08-23,1994-95,FC Koln,Dortmund,1,6
1994-08-23,1994-95,Freiburg,Bayern Munich,5,1
1994-08-23,1994-95,Kaiserslautern,Ein Frankfurt,1,1
1994-08-23,1994-95,Munich 1860,Stuttgart,0,2
1994-08-24,1994-95,Duisburg,Schalke 04,2,2
1994-08-24,1994-95,Hamburg,Uerdingen,0,0
1994-08-24,1994-95,M'gladbach,Karlsruhe,2,2
1994-08-24,1994-95,Werder Bremen,Leverkusen,3,2
1994-08-26,1994-95,Dortmund,Kaiserslautern,2,1
1994-08-26,1994-95,Dresden,Freiburg,1,3
1994-08-27,1994-95,Bayern Munich,M'gladbach,3,0
1994-08-27,1994-95,Karlsruhe,Duisburg,4,1
1994-08-27,1994-95,Schalke 04,Hamburg,0,1
1994-08-27,1994-95,Stuttgart,FC Koln,2,2
1994-08-27,1994-95,Uerdingen,Munich 1860,1,1
1994-08-27,1994-95,Werder Bremen,Bochum,3,0
1994-08-28,1994-95,Leverkusen,Ein Frankfurt,4,0
1994-09-02,1994-95,Duisburg,Bayern Munich,0,3
1994-09-02,1994-95,Freiburg,Werder Bremen,1,3
1994-09-02,1994-95,M'gladbach,Dresden,2,0
1994-09-03,1994-95,Bochum,Leverkusen,1,3
1994-09-03,1994-95,Ein Frankfurt,Dortmund,4,1
1994-09-03,1994-95,FC Koln,Uerdingen,2,0
1994-09-03,1994-95,Hamburg,Karlsruhe,3,1
1994-09-03,1994-95,Kaiserslautern,Stuttgart,3,2
1994-09-03,1994-95,Munich 1860,Schalke 04,0,1
1994-09-17,1994-95,Bayern Munich,Hamburg,1,1
1994-09-17,1994-95,Bochum,Freiburg,1,3
1994-09-17,1994-95,Dresden,Duisburg,4,2
1994-09-17,1994-95,Karlsruhe,Munich 1860,3,1
1994-09-17,1994-95,Leverkusen,Dortmund,2,2
1994-09-17,1994-95,Schalke 04,FC Koln,3,1
1994-09-17,1994-95,Stuttgart,Ein Frankfurt,4,1
1994-09-17,1994-95,Uerdingen,Kaiserslautern,1,3
1994-09-17,1994-95,Werder Bremen,M'gladbach,1,0
1994-09-21,1994-95,Munich 1860,Bayern Munich,1,3
1994-09-23,1994-95,Ein Frankfurt,Uerdingen,0,3
1994-09-23,1994-95,FC Koln,Karlsruhe,3,4
1994-09-24,1994-95,Dortmund,Stuttgart,5,0
1994-09-24,1994-95,Duisburg,Werder Bremen,0,2
1994-09-24,1994-95,Freiburg,Leverkusen,1,1
1994-09-24,1994-95,Hamburg,Dresden,2,1
1994-09-24,1994-95,Kaiserslautern,Schalke 04,3,1
1994-09-24,1994-95,M'gladbach,Bochum,7,1
1994-09-30,1994-95,Bochum,Duisburg,1,0
1994-09-30,1994-95,Dresden,Munich 1860,1,1
1994-10-01,1994-95,Bayern Munich,FC Koln,2,2
1994-10-01,1994-95,Karlsruhe,Kaiserslautern,3,3
1994-10-01,1994-95,Leverkusen,Stuttgart,3,1
1994-10-01,1994-95,Schalke 04,Ein Frankfurt,0,0
1994-10-01,1994-95,Uerdingen,Dortmund,0,2
1994-10-02,1994-95,Freiburg,M'gladbach,1,1
1994-10-05,1994-95,Kaiserslautern,Bayern Munich,1,1
1994-10-06,1994-95,Werder Bremen,Hamburg,1,4
1994-10-08,1994-95,Dortmund,Schalke 04,3,2
1994-10-08,1994-95,Duisburg,Freiburg,1,2
1994-10-08,1994-95,Ein Frankfurt,Karlsruhe,1,0
1994-10-08,1994-95,FC Koln,Dresden,1,2
1994-10-08,1994-95,Hamburg,Bochum,3,1
1994-10-08,1994-95,M'gladbach,Leverkusen,3,3
1994-10-08,1994-95,Munich 1860,Werder Bremen,1,2
1994-10-08,1994-95,Stuttgart,Uerdingen,3,1
1994-10-15,1994-95,Bayern Munich,Ein Frankfurt,3,3
1994-10-15,1994-95,Bochum,Munich 1860,2,2
1994-10-15,1994-95,Dresden,Kaiserslautern,1,0
1994-10-15,1994-95,Freiburg,Hamburg,3,0
1994-10-15,1994-95,Karlsruhe,Dortmund,0,0
1994-10-15,1994-95,Leverkusen,Uerdingen,1,1
1994-10-15,1994-95,M'gladbach,Duisburg,1,0
1994-10-15,1994-95,Schalke 04,Stuttgart,1,1
1994-10-15,1994-95,Werder Bremen,FC Koln,2,2
1994-10-22,1994-95,Dortmund,Bayern Munich,1,0
1994-10-22,1994-95,Duisburg,Leverkusen,0,2
1994-10-22,1994-95,Ein Frankfurt,Dresden,2,0
1994-10-22,1994-95,FC Koln,Bochum,2,1
1994-10-22,1994-95,Hamburg,M'gladbach,1,2
1994-10-22,1994-95,Munich 1860,Freiburg,4,0
1994-10-22,1994-95,Stuttgart,Karlsruhe,4,0
1994-10-22,1994-95,Uerdingen,Schalke 04,1,1
1994-10-23,1994-95,Kaiserslautern,Werder Bremen,1,1
1994-10-28,1994-95,Bochum,Kaiserslautern,0,2
1994-10-29,1994-95,Bayern Munich,Stuttgart,2,2
1994-10-29,1994-95,Dresden,Dortmund,0,1
1994-10-29,1994-95,Freiburg,FC Koln,4,2
1994-10-29,1994-95,Karlsruhe,Uerdingen,2,1
1994-10-29,1994-95,Leverkusen,Schalke 04,2,2
1994-10-29,1994-95,M'gladbach,Munich 1860,2,0
1994-10-29,1994-95,Werder Bremen,Ein Frankfurt,2,0
1994-10-30,1994-95,Duisburg,Hamburg,0,5
1994-11-04,1994-95,Schalke 04,Karlsruhe,0,0
1994-11-04,1994-95,Stuttgart,Dresden,4,2
1994-11-05,1994-95,Ein Frankfurt,Bochum,2,1
1994-11-05,1994-95,FC Koln,M'gladbach,1,3
1994-11-05,1994-95,Hamburg,Leverkusen,1,2
1994-11-05,1994-95,Kaiserslautern,Freiburg,3,2
1994-11-05,1994-95,Munich 1860,Duisburg,1,1
1994-11-05,1994-95,Uerdingen,Bayern Munich,1,1
1994-11-06,1994-95,Dortmund,Werder Bremen,2,0
1994-11-11,1994-95,Bochum,Dortmund,0,2
1994-11-11,1994-95,M'gladbach,Kaiserslautern,4,0
1994-11-12,1994-95,Bayern Munich,Schalke 04,2,0
1994-11-12,1994-95,Dresden,Uerdingen,1,2
1994-11-12,1994-95,Duisburg,FC Koln,1,3
1994-11-12,1994-95,Freiburg,Ein Frankfurt,2,0
1994-11-12,1994-95,Leverkusen,Karlsruhe,0,0
1994-11-12,1994-95,Werder Bremen,Stuttgart,4,0
1994-11-13,1994-95,Hamburg,Munich 1860,3,0
1994-11-18,1994-95,FC Koln,Hamburg,1,1
1994-11-18,1994-95,Schalke 04,Dresden,4,0
1994-11-19,1994-95,Dortmund,Freiburg,1,1
1994-11-19,1994-95,Ein Frankfurt,M'gladbach,2,1
1994-11-19,1994-95,Kaiserslautern,Duisburg,1,0
1994-11-19,1994-95,Karlsruhe,Bayern Munich,2,2
1994-11-19,1994-95,Munich 1860,Leverkusen,1,1
1994-11-19,1994-95,Stuttgart,Bochum,2,2
1994-11-19,1994-95,Uerdingen,Werder Bremen,1,3
1994-11-25,1994-95,Bochum,Uerdingen,2,1
1994-11-25,1994-95,Werder Bremen,Schalke 04,2,1
1994-11-26,1994-95,Bayern Munich,Leverkusen,2,1
1994-11-26,1994-95,Dresden,Karlsruhe,1,1
1994-11-26,1994-95,FC Koln,Munich 1860,2,1
1994-11-26,1994-95,Freiburg,Stuttgart,2,0
1994-11-26,1994-95,Hamburg,Kaiserslautern,0,0
1994-11-26,1994-95,M'gladbach,Dortmund,3,3
1994-11-27,1994-95,Duisburg,Ein Frankfurt,1,0
1994-11-29,1994-95,Bochum,Karlsruhe,0,1
1994-11-29,1994-95,FC Koln,Kaiserslautern,0,1
1994-11-29,1994-95,M'gladbach,Uerdingen,1,0
1994-12-02,1994-95,Kaiserslautern,Munich 1860,1,1
1994-12-03,1994-95,Bayern Munich,Dresden,2,1
1994-12-03,1994-95,Dortmund,Duisburg,1,0
1994-12-03,1994-95,Ein Frankfurt,Hamburg,2,0
1994-12-03,1994-95,Karlsruhe,Werder Bremen,3,1
1994-12-03,1994-95,Leverkusen,FC Koln,3,1
1994-12-03,1994-95,Schalke 04,Bochum,3,2
1994-12-03,1994-95,Stuttgart,M'gladbach,2,4
1994-12-03,1994-95,Uerdingen,Freiburg,0,2
1994-12-10,1994-95,Dresden,Leverkusen,1,1
1994-12-10,1994-95,Duisburg,Stuttgart,2,0
1994-12-10,1994-95,Freiburg,Schalke 04,3,0
1994-12-10,1994-95,Hamburg,Dortmund,0,4
1994-12-10,1994-95,Munich 1860,Ein Frankfurt,2,1
1994-12-10,1994-95,Werder Bremen,Bayern Munich,0,0
1995-02-17,1994-95,Duisburg,Uerdingen,2,0
1995-02-17,1994-95,FC Koln,Ein Frankfurt,3,0
1995-02-17,1994-95,Freiburg,Karlsruhe,2,1
1995-02-18,1994-95,Bochum,Bayern Munich,1,2
1995-02-18,1994-95,Hamburg,Stuttgart,0,2
1995-02-18,1994-95,Kaiserslautern,Leverkusen,1,0
1995-02-18,1994-95,M'gladbach,Schalke 04,0,1
1995-02-18,1994-95,Munich 1860,Dortmund,1,5
1995-02-18,1994-95,Werder Bremen,Dresden,1,0
1995-02-25,1994-95,Bayern Munich,Freiburg,2,2
1995-02-25,1994-95,Dortmund,FC Koln,2,1
1995-02-25,1994-95,Dresden,Bochum,0,2
1995-02-25,1994-95,Ein Frankfurt,Kaiserslautern,1,3
1995-02-25,1994-95,Leverkusen,Werder Bremen,1,2
1995-02-25,1994-95,Schalke 04,Duisburg,0,0
1995-02-25,1994-95,Stuttgart,Munich 1860,1,1
1995-02-25,1994-95,Uerdingen,Hamburg,4,1
1995-02-26,1994-95,Karlsruhe,M'gladbach,2,4
1995-03-04,1994-95,Bochum,Werder Bremen,1,3
1995-03-04,1994-95,Duisburg,Karlsruhe,0,0
1995-03-04,1994-95,Ein Frankfurt,Leverkusen,2,0
1995-03-04,1994-95,Freiburg,Dresden,3,1
1995-03-04,1994-95,Hamburg,Schalke 04,3,0
1995-03-04,1994-95,Kaiserslautern,Dortmund,1,0
1995-03-04,1994-95,M'gladbach,Bayern Munich,2,2
1995-03-05,1994-95,FC Koln,Stuttgart,1,0
1995-03-10,1994-95,Bayern Munich,Duisburg,1,1
1995-03-10,1994-95,Werder Bremen,Freiburg,5,1
1995-03-11,1994-95,Dortmund,Ein Frankfurt,1,1
1995-03-11,1994-95,Dresden,M'gladbach,0,3
1995-03-11,1994-95,Karlsruhe,Hamburg,2,0
1995-03-11,1994-95,Leverkusen,Bochum,1,3
1995-03-11,1994-95,Stuttgart,Kaiserslautern,2,2
1995-03-11,1994-95,Uerdingen,FC Koln,0,0
1995-03-12,1994-95,Schalke 04,Munich 1860,6,2
1995-03-17,1994-95,Kaiserslautern,Uerdingen,1,1
1995-03-17,1994-95,M'gladbach,Werder Bremen,2,0
1995-03-18,1994-95,Dortmund,Leverkusen,0,3
1995-03-18,1994-95,Ein Frankfurt,Stuttgart,2,2
1995-03-18,1994-95,FC Koln,Schalke 04,5,1
1995-03-18,1994-95,Freiburg,Bochum,1,2
1995-03-18,1994-95,Hamburg,Bayern Munich,1,1
1995-03-18,1994-95,Munich 1860,Karlsruhe,1,0
1995-03-19,1994-95,Duisburg,Dresden,1,1
1995-03-21,1994-95,Munich 1860,Uerdingen,1,1
1995-03-25,1994-95,Bayern Munich,Munich 1860,1,0
1995-03-25,1994-95,Bochum,M'gladbach,0,2
1995-03-25,1994-95,Dresden,Hamburg,1,1
1995-03-25,1994-95,Karlsruhe,FC Koln,0,0
1995-03-25,1994-95,Leverkusen,Freiburg,2,4
1995-03-25,1994-95,Schalke 04,Kaiserslautern,0,1
1995-03-25,1994-95,Stuttgart,Dortmund,0,0
1995-03-25,1994-95,Uerdingen,Ein Frankfurt,1,1
1995-03-25,1994-95,Werder Bremen,Duisburg,5,1
1995-03-31,1994-95,Duisburg,Bochum,3,1
1995-03-31,1994-95,Ein Frankfurt,Schalke 04,0,3
1995-04-01,1994-95,Dortmund,Uerdingen,3,1
1995-04-01,1994-95,FC Koln,Bayern Munich,3,1
1995-04-01,1994-95,Kaiserslautern,Karlsruhe,0,0
1995-04-01,1994-95,M'gladbach,Freiburg,1,2
1995-04-01,1994-95,Munich 1860,Dresden,3,1
1995-04-01,1994-95,Stuttgart,Leverkusen,4,2
1995-04-02,1994-95,Hamburg,Werder Bremen,0,0
1995-04-07,1994-95,Bochum,Hamburg,0,0
1995-04-07,1994-95,Uerdingen,Stuttgart,4,1
1995-04-08,1994-95,Bayern Munich,Kaiserslautern,1,1
1995-04-08,1994-95,Dresden,FC Koln,1,3
1995-04-08,1994-95,Freiburg,Duisburg,3,0
1995-04-08,1994-95,Karlsruhe,Ein Frankfurt,1,1
1995-04-08,1994-95,Leverkusen,M'gladbach,3,1
1995-04-08,1994-95,Schalke 04,Dortmund,0,0
1995-04-09,1994-95,Werder Bremen,Munich 1860,2,0
1995-04-13,1994-95,Dortmund,Karlsruhe,2,1
1995-04-13,1994-95,Hamburg,Freiburg,1,2
1995-04-13,1994-95,Uerdingen,Leverkusen,0,1
1995-04-15,1994-95,Duisburg,M'gladbach,0,2
1995-04-15,1994-95,Ein Frankfurt,Bayern Munich,2,0
1995-04-15,1994-95,FC Koln,Werder Bremen,1,1
1995-04-15,1994-95,Kaiserslautern,Dresden,3,1
1995-04-15,1994-95,Stuttgart,Schalke 04,1,1
1995-04-16,1994-95,Munich 1860,Bochum,4,0
1995-04-21,1994-95,Bochum,FC Koln,1,0
1995-04-21,1994-95,Karlsruhe,Stuttgart,3,1
1995-04-21,1994-95,M'gladbach,Hamburg,2,1
1995-04-22,1994-95,Bayern Munich,Dortmund,2,1
1995-04-22,1994-95,Dresden,Ein Frankfurt,1,2
1995-04-22,1994-95,Freiburg,Munich 1860,1,1
1995-04-22,1994-95,Leverkusen,Duisburg,2,0
1995-04-22,1994-95,Schalke 04,Uerdingen,2,0
1995-04-22,1994-95,Werder Bremen,Kaiserslautern,2,2
1995-04-28,1994-95,FC Koln,Freiburg,2,0
1995-04-28,1994-95,Hamburg,Duisburg,3,0
1995-04-29,1994-95,Dortmund,Dresden,2,0
1995-04-29,1994-95,Kaiserslautern,Bochum,3,1
1995-04-29,1994-95,Munich 1860,M'gladbach,2,0
1995-04-29,1994-95,Schalke 04,Leverkusen,3,2
1995-04-29,1994-95,Stuttgart,Bayern Munich,0,2
1995-04-29,1994-95,Uerdingen,Karlsruhe,0,0
1995-04-30,1994-95,Ein Frankfurt,Werder Bremen,0,0
1995-05-05,1994-95,Duisburg,Munich 1860,1,1
1995-05-05,1994-95,Freiburg,Kaiserslautern,4,1
1995-05-06,1994-95,Bayern Munich,Uerdingen,2,1
1995-05-06,1994-95,Bochum,Ein Frankfurt,0,1
1995-05-06,1994-95,Dresden,Stuttgart,1,1
1995-05-06,1994-95,Karlsruhe,Schalke 04,2,2
1995-05-06,1994-95,Leverkusen,Hamburg,3,1
1995-05-06,1994-95,M'gladbach,FC Koln,0,0
1995-05-07,1994-95,Werder Bremen,Dortmund,3,1
1995-05-12,1994-95,Karlsruhe,Leverkusen,2,4
1995-05-12,1994-95,Uerdingen,Dresden,3,1
1995-05-13,1994-95,Dortmund,Bochum,3,1
1995-05-13,1994-95,Ein Frankfurt,Freiburg,1,2
1995-05-13,1994-95,FC Koln,Duisburg,0,3
1995-05-13,1994-95,Kaiserslautern,M'gladbach,2,2
1995-05-13,1994-95,Munich 1860,Hamburg,1,1
1995-05-13,1994-95,Stuttgart,Werder Bremen,1,4
1995-05-14,1994-95,Schalke 04,Bayern Munich,0,3
1995-05-19,1994-95,Hamburg,FC Koln,0,4
1995-05-19,1994-95,Leverkusen,Munich 1860,0,2
1995-05-20,1994-95,Bayern Munich,Karlsruhe,0,1
1995-05-20,1994-95,Bochum,Stuttgart,4,0
1995-05-20,1994-95,Dresden,Schalke 04,2,1
1995-05-20,1994-95,Duisburg,Kaiserslautern,3,2
1995-05-20,1994-95,Freiburg,Dortmund,1,1
1995-05-20,1994-95,Werder Bremen,Uerdingen,6,1
1995-05-21,1994-95,M'gladbach,Ein Frankfurt,2,0
1995-05-26,1994-95,Kaiserslautern,Hamburg,4,1
1995-05-26,1994-95,Munich 1860,FC Koln,2,1
1995-05-27,1994-95,Ein Frankfurt,Duisburg,4,1
1995-05-27,1994-95,Karlsruhe,Dresden,5,3
1995-05-27,1994-95,Leverkusen,Bayern Munich,2,0
1995-05-27,1994-95,Schalke 04,Werder Bremen,4,2
1995-05-27,1994-95,Stuttgart,Freiburg,1,0
1995-05-27,1994-95,Uerdingen,Bochum,2,1
1995-05-28,1994-95,Dortmund,M'gladbach,1,1
1995-06-10,1994-95,Bochum,Schalke 04,5,1
1995-06-10,1994-95,Dresden,Bayern Munich,0,1
1995-06-10,1994-95,Duisburg,Dortmund,2,3
1995-06-10,1994-95,FC Koln,Leverkusen,3,3
1995-06-10,1994-95,Freiburg,Uerdingen,1,0
1995-06-10,1994-95,Hamburg,Ein Frankfurt,3,1
1995-06-10,1994-95,M'gladbach,Stuttgart,3,1
1995-06-10,1994-95,Munich 1860,Kaiserslautern,1,3
1995-06-10,1994-95,Werder Bremen,Karlsruhe,2,1
1995-06-17,1994-95,Bayern Munich,Werder Bremen,3,1
1995-06-17,1994-95,Dortmund,Hamburg,2,0
1995-06-17,1994-95,Ein Frankfurt,Munich 1860,3,1
1995-06-17,1994-95,Kaiserslautern,FC Koln,3,1
1995-06-17,1994-95,Karlsruhe,Bochum,2,2
1995-06-17,1994-95,Leverkusen,Dresden,2,2
1995-06-17,1994-95,Schalke 04,Freiburg,1,2
1995-06-17,1994-95,Stuttgart,Duisburg,3,1
1995-06-17,1994-95,Uerdingen,M'gladbach,3,2
1995-08-11,1995-96,Dortmund,Kaiserslautern,1,1
1995-08-11,1995-96,Stuttgart,Uerdingen,0,0
1995-08-11,1995-96,Werder Bremen,Dusseldorf,1,1
1995-08-12,1995-96,Bayern Munich,Hamburg,3,2
1995-08-12,1995-96,Ein Frankfurt,Karlsruhe,2,2
1995-08-12,1995-96,FC Koln,Schalke 04,0,1
1995-08-12,1995-96,Hansa Rostock,Leverkusen,1,2
1995-08-12,1995-96,St Pauli,Munich 1860,4,2
1995-08-13,1995-96,M'gladbach,Freiburg,1,0
1995-08-18,1995-96,Freiburg,St Pauli,0,2
1995-08-18,1995-96,Hamburg,Werder Bremen,3,3
1995-08-18,1995-96,Schalke 04,Hansa Rostock,1,3
1995-08-19,1995-96,Kaiserslautern,M'gladbach,1,3
1995-08-19,1995-96,Karlsruhe,Bayern Munich,2,6
1995-08-19,1995-96,Leverkusen,Dortmund,1,1
1995-08-19,1995-96,Munich 1860,Stuttgart,1,1
1995-08-19,1995-96,Uerdingen,Ein Frankfurt,1,1
1995-08-20,1995-96,Dusseldorf,FC Koln,1,1
1995-08-29,1995-96,FC Koln,Hamburg,3,2
1995-08-29,1995-96,Hansa Rostock,Dortmund,3,2
1995-08-29,1995-96,M'gladbach,Leverkusen,0,0
1995-08-29,1995-96,St Pauli,Kaiserslautern,1,2
1995-08-29,1995-96,Werder Bremen,Karlsruhe,1,0
1995-08-30,1995-96,Bayern Munich,Uerdingen,2,0
1995-08-30,1995-96,Ein Frankfurt,Munich 1860,4,2
1995-08-30,1995-96,Schalke 04,Dusseldorf,1,1
1995-08-30,1995-96,Stuttgart,Freiburg,3,1
1995-09-01,1995-96,Dortmund,M'gladbach,2,1
1995-09-01,1995-96,Karlsruhe,FC Koln,1,0
1995-09-02,1995-96,Dusseldorf,Hansa Rostock,2,2
1995-09-02,1995-96,Freiburg,Ein Frankfurt,2,0
1995-09-02,1995-96,Hamburg,Schalke 04,1,1
1995-09-02,1995-96,Kaiserslautern,Stuttgart,1,1
1995-09-02,1995-96,Leverkusen,St Pauli,1,1
1995-09-02,1995-96,Munich 1860,Bayern Munich,0,2
1995-09-02,1995-96,Uerdingen,Werder Bremen,3,0
1995-09-08,1995-96,FC Koln,Uerdingen,0,0
1995-09-08,1995-96,Werder Bremen,Munich 1860,2,0
1995-09-09,1995-96,Bayern Munich,Freiburg,2,0
1995-09-09,1995-96,Dusseldorf,Hamburg,2,2
1995-09-09,1995-96,Ein Frankfurt,Kaiserslautern,3,1
1995-09-09,1995-96,Hansa Rostock,M'gladbach,2,3
1995-09-09,1995-96,Schalke 04,Karlsruhe,2,1
1995-09-09,1995-96,St Pauli,Dortmund,0,3
1995-09-09,1995-96,Stuttgart,Leverkusen,1,4
1995-09-15,1995-96,Kaiserslautern,Bayern Munich,2,3
1995-09-15,1995-96,Karlsruhe,Dusseldorf,3,1
1995-09-16,1995-96,Dortmund,Stuttgart,6,3
1995-09-16,1995-96,Freiburg,Werder Bremen,0,1
1995-09-16,1995-96,Leverkusen,Ein Frankfurt,2,0
1995-09-16,1995-96,Munich 1860,FC Koln,2,1
1995-09-16,1995-96,Uerdingen,Schalke 04,1,1
1995-09-17,1995-96,Hamburg,Hansa Rostock,1,1
1995-09-17,1995-96,M'gladbach,St Pauli,2,4
1995-09-22,1995-96,Dusseldorf,Uerdingen,1,0
1995-09-22,1995-96,Ein Frankfurt,Dortmund,3,4
1995-09-23,1995-96,Bayern Munich,Leverkusen,1,0
1995-09-23,1995-96,FC Koln,Freiburg,1,1
1995-09-23,1995-96,Hamburg,Karlsruhe,0,0
1995-09-23,1995-96,Hansa Rostock,St Pauli,2,0
1995-09-23,1995-96,Stuttgart,M'gladbach,5,0
1995-09-23,1995-96,Werder Bremen,Kaiserslautern,1,1
1995-09-24,1995-96,Schalke 04,Munich 1860,1,1
1995-09-29,1995-96,St Pauli,Stuttgart,1,3
1995-09-29,1995-96,Uerdingen,Hamburg,1,1
1995-09-30,1995-96,Freiburg,Schalke 04,1,2
1995-09-30,1995-96,Kaiserslautern,FC Koln,1,1
1995-09-30,1995-96,Karlsruhe,Hansa Rostock,0,2
1995-09-30,1995-96,Leverkusen,Werder Bremen,2,2
1995-09-30,1995-96,Munich 1860,Dusseldorf,2,1
1995-10-01,1995-96,Dortmund,Bayern Munich,3,1
1995-10-01,1995-96,M'gladbach,Ein Frankfurt,4,1
1995-10-13,1995-96,Hansa Rostock,Stuttgart,3,3
1995-10-13,1995-96,Schalke 04,Kaiserslautern,1,1
1995-10-14,1995-96,Bayern Munich,M'gladbach,1,2
1995-10-14,1995-96,Dusseldorf,Freiburg,0,0
1995-10-14,1995-96,Ein Frankfurt,St Pauli,2,2
1995-10-14,1995-96,Hamburg,Munich 1860,2,2
1995-10-14,1995-96,Karlsruhe,Uerdingen,2,0
1995-10-14,1995-96,Werder Bremen,Dortmund,2,2
1995-10-15,1995-96,FC Koln,Leverkusen,2,2
1995-10-20,1995-96,Leverkusen,Schalke 04,0,0
1995-10-20,1995-96,Uerdingen,Hansa Rostock,1,1
1995-10-21,1995-96,Dortmund,FC Koln,3,0
1995-10-21,1995-96,Freiburg,Hamburg,0,3
1995-10-21,1995-96,Kaiserslautern,Dusseldorf,2,0
1995-10-21,1995-96,Munich 1860,Karlsruhe,1,1
1995-10-21,1995-96,St Pauli,Bayern Munich,0,1
1995-10-21,1995-96,Stuttgart,Ein Frankfurt,3,2
1995-10-22,1995-96,M'gladbach,Werder Bremen,1,0
1995-10-27,1995-96,FC Koln,M'gladbach,0,2
1995-10-27,1995-96,Karlsruhe,Freiburg,1,1
1995-10-28,1995-96,Bayern Munich,Stuttgart,5,3
1995-10-28,1995-96,Dusseldorf,Leverkusen,1,1
1995-10-28,1995-96,Hamburg,Kaiserslautern,1,0
1995-10-28,1995-96,Hansa Rostock,Ein Frankfurt,1,1
1995-10-28,1995-96,Schalke 04,Dortmund,1,2
1995-10-28,1995-96,Werder Bremen,St Pauli,1,1
1995-10-29,1995-96,Uerdingen,Munich 1860,2,0
1995-11-03,1995-96,Leverkusen,Hamburg,0,1
1995-11-03,1995-96,St Pauli,FC Koln,3,3
1995-11-04,1995-96,Dortmund,Dusseldorf,3,0
1995-11-04,1995-96,Ein Frankfurt,Bayern Munich,4,1
1995-11-04,1995-96,Freiburg,Uerdingen,1,1
1995-11-04,1995-96,Kaiserslautern,Karlsruhe,2,2
1995-11-04,1995-96,Munich 1860,Hansa Rostock,1,1
1995-11-04,1995-96,Stuttgart,Werder Bremen,1,1
1995-11-05,1995-96,M'gladbach,Schalke 04,4,1
1995-11-10,1995-96,Hamburg,Dortmund,2,2
1995-11-10,1995-96,Hansa Rostock,Bayern Munich,0,0
1995-11-10,1995-96,Uerdingen,Kaiserslautern,1,1
1995-11-11,1995-96,Dusseldorf,M'gladbach,3,2
1995-11-11,1995-96,FC Koln,Stuttgart,2,2
1995-11-11,1995-96,Karlsruhe,Leverkusen,1,4
1995-11-11,1995-96,Munich 1860,Freiburg,3,0
1995-11-11,1995-96,Schalke 04,St Pauli,2,0
1995-11-11,1995-96,Werder Bremen,Ein Frankfurt,1,1
1995-11-17,1995-96,M'gladbach,Hamburg,1,2
1995-11-17,1995-96,St Pauli,Dusseldorf,2,1
1995-11-18,1995-96,Bayern Munich,Werder Bremen,2,0
1995-11-18,1995-96,Dortmund,Karlsruhe,4,1
1995-11-18,1995-96,Ein Frankfurt,FC Koln,1,0
1995-11-18,1995-96,Freiburg,Hansa Rostock,2,1
1995-11-18,1995-96,Kaiserslautern,Munich 1860,0,0
1995-11-18,1995-96,Leverkusen,Uerdingen,2,1
1995-11-19,1995-96,Stuttgart,Schalke 04,2,2
1995-11-24,1995-96,Dusseldorf,Stuttgart,1,2
1995-11-24,1995-96,Hamburg,St Pauli,1,0
1995-11-25,1995-96,Kaiserslautern,Freiburg,1,2
1995-11-25,1995-96,Karlsruhe,M'gladbach,4,0
1995-11-25,1995-96,Munich 1860,Leverkusen,0,1
1995-11-25,1995-96,Schalke 04,Ein Frankfurt,2,0
1995-11-25,1995-96,Uerdingen,Dortmund,0,2
1995-11-25,1995-96,Werder Bremen,Hansa Rostock,0,2
1995-11-26,1995-96,FC Koln,Bayern Munich,0,0
1995-12-01,1995-96,Dortmund,Munich 1860,3,1
1995-12-01,1995-96,Leverkusen,Freiburg,0,1
1995-12-01,1995-96,Werder Bremen,FC Koln,0,1
1995-12-02,1995-96,Bayern Munich,Schalke 04,4,0
1995-12-02,1995-96,Ein Frankfurt,Dusseldorf,3,0
1995-12-02,1995-96,Hansa Rostock,Kaiserslautern,3,0
1995-12-02,1995-96,M'gladbach,Uerdingen,2,1
1995-12-02,1995-96,St Pauli,Karlsruhe,1,1
1995-12-02,1995-96,Stuttgart,Hamburg,3,0
1995-12-08,1995-96,Hamburg,Ein Frankfurt,5,1
1995-12-08,1995-96,Uerdingen,St Pauli,2,5
1995-12-09,1995-96,Dusseldorf,Bayern Munich,0,2
1995-12-09,1995-96,Freiburg,Dortmund,0,1
1995-12-09,1995-96,Kaiserslautern,Leverkusen,1,0
1995-12-09,1995-96,Karlsruhe,Stuttgart,1,2
1995-12-09,1995-96,Munich 1860,M'gladbach,4,0
1995-12-09,1995-96,Schalke 04,Werder Bremen,2,1
1995-12-10,1995-96,FC Koln,Hansa Rostock,3,0
1996-02-09,1995-96,Freiburg,M'gladbach,0,0
1996-02-10,1995-96,Kaiserslautern,Dortmund,1,1
1996-02-10,1995-96,Karlsruhe,Ein Frankfurt,1,1
1996-02-10,1995-96,Munich 1860,St Pauli,2,0
1996-02-11,1995-96,Hamburg,Bayern Munich,2,1
1996-02-14,1995-96,FC Koln,Dusseldorf,0,0
1996-02-16,1995-96,Ein Frankfurt,Uerdingen,1,0
1996-02-17,1995-96,Bayern Munich,Karlsruhe,1,4
1996-02-17,1995-96,Stuttgart,Munich 1860,2,3
1996-02-23,1995-96,Kaiserslautern,St Pauli,0,0
1996-02-23,1995-96,Leverkusen,M'gladbach,0,0
1996-02-24,1995-96,Dortmund,Hansa Rostock,1,2
1996-02-24,1995-96,Dusseldorf,Schalke 04,2,0
1996-02-24,1995-96,Freiburg,Stuttgart,2,1
1996-02-24,1995-96,Karlsruhe,Werder Bremen,1,1
1996-02-24,1995-96,Munich 1860,Ein Frankfurt,3,1
1996-02-25,1995-96,Uerdingen,Bayern Munich,1,6
1996-03-01,1995-96,Werder Bremen,Uerdingen,1,0
1996-03-02,1995-96,Bayern Munich,Munich 1860,4,2
1996-03-02,1995-96,Ein Frankfurt,Freiburg,0,1
1996-03-02,1995-96,FC Koln,Karlsruhe,0,1
1996-03-02,1995-96,M'gladbach,Dortmund,2,2
1996-03-02,1995-96,Schalke 04,Hamburg,3,0
1996-03-02,1995-96,Stuttgart,Kaiserslautern,2,0
1996-03-03,1995-96,Hansa Rostock,Dusseldorf,0,0
1996-03-05,1995-96,Schalke 04,FC Koln,0,0
1996-03-05,1995-96,St Pauli,Freiburg,1,1
1996-03-05,1995-96,Werder Bremen,Hamburg,2,1
1996-03-08,1995-96,Hamburg,Dusseldorf,4,1
1996-03-08,1995-96,Leverkusen,Stuttgart,0,0
1996-03-09,1995-96,Dortmund,St Pauli,1,0
1996-03-09,1995-96,Freiburg,Bayern Munich,3,1
1996-03-09,1995-96,Kaiserslautern,Ein Frankfurt,1,1
1996-03-09,1995-96,Karlsruhe,Schalke 04,0,1
1996-03-09,1995-96,Munich 1860,Werder Bremen,1,1
1996-03-09,1995-96,Uerdingen,FC Koln,1,1
1996-03-10,1995-96,M'gladbach,Hansa Rostock,3,2
1996-03-12,1995-96,Dusseldorf,Werder Bremen,1,1
1996-03-15,1995-96,FC Koln,Munich 1860,2,0
1996-03-15,1995-96,Werder Bremen,Freiburg,0,2
1996-03-16,1995-96,Bayern Munich,Kaiserslautern,2,0
1996-03-16,1995-96,Ein Frankfurt,Leverkusen,1,1
1996-03-16,1995-96,Schalke 04,Uerdingen,1,1
1996-03-16,1995-96,St Pauli,M'gladbach,0,2
1996-03-16,1995-96,Stuttgart,Dortmund,0,5
1996-03-17,1995-96,Dusseldorf,Karlsruhe,2,0
1996-03-19,1995-96,Hamburg,FC Koln,0,0
1996-03-19,1995-96,Leverkusen,Hansa Rostock,2,0
1996-03-19,1995-96,Uerdingen,Stuttgart,3,4
1996-03-22,1995-96,Karlsruhe,Hamburg,3,1
1996-03-22,1995-96,Munich 1860,Schalke 04,1,1
1996-03-23,1995-96,Dortmund,Ein Frankfurt,6,0
1996-03-23,1995-96,Freiburg,FC Koln,2,0
1996-03-23,1995-96,Kaiserslautern,Werder Bremen,0,0
1996-03-23,1995-96,Leverkusen,Bayern Munich,1,2
1996-03-23,1995-96,Uerdingen,Dusseldorf,1,3
1996-03-24,1995-96,M'gladbach,Stuttgart,1,1
1996-03-24,1995-96,St Pauli,Hansa Rostock,3,2
1996-03-29,1995-96,FC Koln,Kaiserslautern,0,1
1996-03-29,1995-96,Hamburg,Uerdingen,0,0
1996-03-30,1995-96,Bayern Munich,Dortmund,1,0
1996-03-30,1995-96,Ein Frankfurt,M'gladbach,0,2
1996-03-30,1995-96,Hansa Rostock,Karlsruhe,1,1
1996-03-30,1995-96,Schalke 04,Freiburg,3,0
1996-03-30,1995-96,Stuttgart,St Pauli,1,1
1996-03-30,1995-96,Werder Bremen,Leverkusen,2,1
1996-03-31,1995-96,Dusseldorf,Munich 1860,1,1
1996-04-02,1995-96,St Pauli,Leverkusen,2,1
1996-04-04,1995-96,Kaiserslautern,Schalke 04,0,0
1996-04-04,1995-96,Stuttgart,Hansa Rostock,1,1
1996-04-04,1995-96,Uerdingen,Karlsruhe,2,3
1996-04-06,1995-96,Dortmund,Werder Bremen,1,1
1996-04-06,1995-96,Freiburg,Dusseldorf,1,1
1996-04-06,1995-96,Leverkusen,FC Koln,1,2
1996-04-06,1995-96,Munich 1860,Hamburg,5,0
1996-04-06,1995-96,St Pauli,Ein Frankfurt,2,1
1996-04-07,1995-96,M'gladbach,Bayern Munich,3,1
1996-04-09,1995-96,Ein Frankfurt,Stuttgart,2,2
1996-04-09,1995-96,FC Koln,Dortmund,0,0
1996-04-09,1995-96,Hansa Rostock,Uerdingen,1,0
1996-04-09,1995-96,Karlsruhe,Munich 1860,1,1
1996-04-09,1995-96,Schalke 04,Leverkusen,1,1
1996-04-10,1995-96,Bayern Munich,St Pauli,1,1
1996-04-10,1995-96,Dusseldorf,Kaiserslautern,2,1
1996-04-10,1995-96,Hamburg,Freiburg,0,0
1996-04-10,1995-96,Werder Bremen,M'gladbach,2,0
1996-04-12,1995-96,Ein Frankfurt,Hansa Rostock,1,3
1996-04-12,1995-96,Munich 1860,Uerdingen,2,1
1996-04-13,1995-96,Dortmund,Schalke 04,0,0
1996-04-13,1995-96,Freiburg,Karlsruhe,0,3
1996-04-13,1995-96,Kaiserslautern,Hamburg,1,2
1996-04-13,1995-96,M'gladbach,FC Koln,2,1
1996-04-13,1995-96,St Pauli,Werder Bremen,1,2
1996-04-13,1995-96,Stuttgart,Bayern Munich,0,1
1996-04-14,1995-96,Leverkusen,Dusseldorf,0,0
1996-04-16,1995-96,M'gladbach,Kaiserslautern,1,1
1996-04-17,1995-96,Hansa Rostock,Hamburg,2,0
1996-04-19,1995-96,Karlsruhe,Kaiserslautern,0,0
1996-04-19,1995-96,Uerdingen,Freiburg,3,1
1996-04-20,1995-96,Bayern Munich,Ein Frankfurt,1,1
1996-04-20,1995-96,Dusseldorf,Dortmund,1,2
1996-04-20,1995-96,FC Koln,St Pauli,1,0
1996-04-20,1995-96,Hansa Rostock,Munich 1860,0,3
1996-04-20,1995-96,Werder Bremen,Stuttgart,2,2
1996-04-21,1995-96,Schalke 04,M'gladbach,3,3
1996-04-24,1995-96,Hamburg,Leverkusen,2,2
1996-04-26,1995-96,Kaiserslautern,Uerdingen,3,0
1996-04-26,1995-96,St Pauli,Schalke 04,2,0
1996-04-27,1995-96,Bayern Munich,Hansa Rostock,0,1
1996-04-27,1995-96,Dortmund,Hamburg,1,1
1996-04-27,1995-96,Ein Frankfurt,Werder Bremen,1,0
1996-04-27,1995-96,Freiburg,Munich 1860,1,0
1996-04-27,1995-96,Leverkusen,Karlsruhe,1,2
1996-04-27,1995-96,Stuttgart,FC Koln,0,1
1996-04-28,1995-96,M'gladbach,Dusseldorf,1,1
1996-04-30,1995-96,Hansa Rostock,Freiburg,1,0
1996-04-30,1995-96,Karlsruhe,Dortmund,5,0
1996-04-30,1995-96,Schalke 04,Stuttgart,2,0
1996-04-30,1995-96,Uerdingen,Leverkusen,3,0
1996-05-01,1995-96,Dusseldorf,St Pauli,2,0
1996-05-01,1995-96,FC Koln,Ein Frankfurt,3,0
1996-05-01,1995-96,Hamburg,M'gladbach,2,1
1996-05-03,1995-96,Dortmund,Uerdingen,5,0
1996-05-03,1995-96,Freiburg,Kaiserslautern,0,0
1996-05-04,1995-96,Bayern Munich,FC Koln,3,2
1996-05-04,1995-96,Ein Frankfurt,Schalke 04,0,3
1996-05-04,1995-96,Hansa Rostock,Werder Bremen,2,1
1996-05-04,1995-96,Leverkusen,Munich 1860,2,1
1996-05-04,1995-96,M'gladbach,Karlsruhe,1,2
1996-05-04,1995-96,Stuttgart,Dusseldorf,2,3
1996-05-05,1995-96,St Pauli,Hamburg,1,1
1996-05-07,1995-96,Dortmund,Leverkusen,2,0
1996-05-07,1995-96,Hansa Rostock,Schalke 04,1,2
1996-05-07,1995-96,Munich 1860,Kaiserslautern,1,1
1996-05-07,1995-96,Werder Bremen,Bayern Munich,3,2
1996-05-11,1995-96,Dusseldorf,Ein Frankfurt,2,2
1996-05-11,1995-96,FC Koln,Werder Bremen,1,2
1996-05-11,1995-96,Freiburg,Leverkusen,2,1
1996-05-11,1995-96,Hamburg,Stuttgart,3,0
1996-05-11,1995-96,Kaiserslautern,Hansa Rostock,2,0
1996-05-11,1995-96,Karlsruhe,St Pauli,2,2
1996-05-11,1995-96,Munich 1860,Dortmund,2,2
1996-05-11,1995-96,Schalke 04,Bayern Munich,2,1
1996-05-11,1995-96,Uerdingen,M'gladbach,0,2
1996-05-18,1995-96,Bayern Munich,Dusseldorf,2,2
1996-05-18,1995-96,Dortmund,Freiburg,3,2
1996-05-18,1995-96,Ein Frankfurt,Hamburg,1,4
1996-05-18,1995-96,Hansa Rostock,FC Koln,0,1
1996-05-18,1995-96,Leverkusen,Kaiserslautern,1,1
1996-05-18,1995-96,M'gladbach,Munich 1860,0,2
1996-05-18,1995-96,St Pauli,Uerdingen,0,2
1996-05-18,1995-96,Stuttgart,Karlsruhe,3,1
1996-05-18,1995-96,Werder Bremen,Schalke 04,1,2
1996-08-16,1996-97,M'gladbach,Bielefeld,0,0
1996-08-16,1996-97,St Pauli,Bayern Munich,1,2
1996-08-17,1996-97,Bochum,Duisburg,1,0
1996-08-17,1996-97,Freiburg,Werder Bremen,3,2
1996-08-17,1996-97,Hansa Rostock,Karlsruhe,2,2
1996-08-17,1996-97,Leverkusen,Dortmund,4,2
1996-08-17,1996-97,Munich 1860,Hamburg,2,1
1996-08-17,1996-97,Stuttgart,Schalke 04,4,0
1996-08-18,1996-97,Dusseldorf,FC Koln,0,3
1996-08-20,1996-97,Bielefeld,St Pauli,1,2
1996-08-20,1996-97,Hamburg,Freiburg,5,1
1996-08-20,1996-97,Schalke 04,M'gladbach,0,0
1996-08-20,1996-97,Werder Bremen,Hansa Rostock,1,1
1996-08-21,1996-97,Bayern Munich,Bochum,1,1
1996-08-21,1996-97,Dortmund,Dusseldorf,4,0
1996-08-21,1996-97,Duisburg,Leverkusen,1,3
1996-08-21,1996-97,FC Koln,Munich 1860,1,0
1996-08-23,1996-97,Hansa Rostock,Hamburg,0,1
1996-08-23,1996-97,St Pauli,Schalke 04,4,4
1996-08-24,1996-97,Bochum,Bielefeld,1,1
1996-08-24,1996-97,Freiburg,FC Koln,1,3
1996-08-24,1996-97,Leverkusen,Dusseldorf,0,1
1996-08-24,1996-97,M'gladbach,Karlsruhe,1,3
1996-08-24,1996-97,Munich 1860,Dortmund,1,3
1996-08-24,1996-97,Stuttgart,Werder Bremen,2,1
1996-08-25,1996-97,Duisburg,Bayern Munich,0,4
1996-08-27,1996-97,Dortmund,Freiburg,3,1
1996-08-27,1996-97,Hamburg,Stuttgart,0,4
1996-08-27,1996-97,Schalke 04,Bochum,1,1
1996-08-27,1996-97,Werder Bremen,M'gladbach,1,0
1996-08-28,1996-97,Bayern Munich,Leverkusen,4,2
1996-08-28,1996-97,Bielefeld,Duisburg,1,1
1996-08-28,1996-97,Dusseldorf,Munich 1860,0,0
1996-08-28,1996-97,FC Koln,Hansa Rostock,0,2
1996-08-28,1996-97,Karlsruhe,St Pauli,4,0
1996-09-06,1996-97,Freiburg,Dusseldorf,1,2
1996-09-06,1996-97,M'gladbach,Hamburg,3,0
1996-09-07,1996-97,Bayern Munich,Bielefeld,1,0
1996-09-07,1996-97,Bochum,Karlsruhe,3,1
1996-09-07,1996-97,Duisburg,Schalke 04,0,1
1996-09-07,1996-97,Hansa Rostock,Dortmund,0,1
1996-09-07,1996-97,Leverkusen,Munich 1860,3,0
1996-09-07,1996-97,St Pauli,Werder Bremen,0,3
1996-09-08,1996-97,Stuttgart,FC Koln,4,0
1996-09-13,1996-97,Dusseldorf,Hansa Rostock,0,2
1996-09-13,1996-97,Werder Bremen,Bochum,5,1
1996-09-14,1996-97,Bielefeld,Leverkusen,0,1
1996-09-14,1996-97,Dortmund,Stuttgart,1,1
1996-09-14,1996-97,FC Koln,M'gladbach,4,0
1996-09-14,1996-97,Karlsruhe,Duisburg,1,0
1996-09-14,1996-97,Munich 1860,Freiburg,4,0
1996-09-14,1996-97,Schalke 04,Bayern Munich,1,1
1996-09-15,1996-97,Hamburg,St Pauli,3,0
1996-09-17,1996-97,Karlsruhe,Stuttgart,0,2
1996-09-20,1996-97,Duisburg,Werder Bremen,3,2
1996-09-20,1996-97,Hansa Rostock,Munich 1860,2,4
1996-09-21,1996-97,Bayern Munich,Karlsruhe,1,0
1996-09-21,1996-97,Bielefeld,Schalke 04,0,1
1996-09-21,1996-97,Bochum,Hamburg,3,1
1996-09-21,1996-97,M'gladbach,Dortmund,5,1
1996-09-21,1996-97,St Pauli,FC Koln,0,0
1996-09-21,1996-97,Stuttgart,Dusseldorf,0,2
1996-09-22,1996-97,Leverkusen,Freiburg,5,3
1996-09-27,1996-97,FC Koln,Bochum,2,0
1996-09-27,1996-97,Karlsruhe,Bielefeld,5,2
1996-09-28,1996-97,Dusseldorf,M'gladbach,1,0
1996-09-28,1996-97,Freiburg,Hansa Rostock,1,0
1996-09-28,1996-97,Hamburg,Duisburg,1,1
1996-09-28,1996-97,Munich 1860,Stuttgart,2,5
1996-09-28,1996-97,Schalke 04,Leverkusen,1,2
1996-09-28,1996-97,Werder Bremen,Bayern Munich,3,0
1996-09-29,1996-97,Dortmund,St Pauli,2,1
1996-10-04,1996-97,Bochum,Dortmund,1,0
1996-10-04,1996-97,Leverkusen,Hansa Rostock,4,1
1996-10-04,1996-97,Stuttgart,Freiburg,4,2
1996-10-05,1996-97,Bayern Munich,Hamburg,2,1
1996-10-05,1996-97,Bielefeld,Werder Bremen,3,1
1996-10-05,1996-97,Duisburg,FC Koln,3,0
1996-10-05,1996-97,M'gladbach,Munich 1860,1,0
1996-10-05,1996-97,Schalke 04,Karlsruhe,0,1
1996-10-05,1996-97,St Pauli,Dusseldorf,3,0
1996-10-11,1996-97,Freiburg,M'gladbach,1,0
1996-10-11,1996-97,Munich 1860,St Pauli,4,2
1996-10-12,1996-97,Dortmund,Duisburg,2,0
1996-10-12,1996-97,FC Koln,Bayern Munich,2,4
1996-10-12,1996-97,Hamburg,Bielefeld,2,2
1996-10-12,1996-97,Hansa Rostock,Stuttgart,2,2
1996-10-12,1996-97,Karlsruhe,Leverkusen,1,1
1996-10-12,1996-97,Werder Bremen,Schalke 04,3,0
1996-10-13,1996-97,Dusseldorf,Bochum,2,2
1996-10-18,1996-97,Bochum,Munich 1860,2,2
1996-10-18,1996-97,Leverkusen,Stuttgart,0,0
1996-10-19,1996-97,Bielefeld,FC Koln,1,4
1996-10-19,1996-97,Duisburg,Dusseldorf,0,0
1996-10-19,1996-97,Karlsruhe,Werder Bremen,1,3
1996-10-19,1996-97,M'gladbach,Hansa Rostock,2,0
1996-10-19,1996-97,Schalke 04,Hamburg,2,0
1996-10-19,1996-97,St Pauli,Freiburg,2,0
1996-10-20,1996-97,Bayern Munich,Dortmund,0,0
1996-10-25,1996-97,Hansa Rostock,St Pauli,3,1
1996-10-25,1996-97,Werder Bremen,Leverkusen,1,1
1996-10-26,1996-97,Dortmund,Bielefeld,5,0
1996-10-26,1996-97,Dusseldorf,Bayern Munich,0,2
1996-10-26,1996-97,FC Koln,Schalke 04,3,1
1996-10-26,1996-97,Hamburg,Karlsruhe,2,0
1996-10-26,1996-97,Munich 1860,Duisburg,1,1
1996-10-26,1996-97,Stuttgart,M'gladbach,5,0
1996-10-27,1996-97,Freiburg,Bochum,0,1
1996-11-01,1996-97,Bayern Munich,Munich 1860,1,1
1996-11-01,1996-97,Bochum,Hansa Rostock,1,0
1996-11-02,1996-97,Bielefeld,Dusseldorf,1,0
1996-11-02,1996-97,Duisburg,Freiburg,1,4
1996-11-02,1996-97,Leverkusen,M'gladbach,3,0
1996-11-02,1996-97,Schalke 04,Dortmund,1,3
1996-11-02,1996-97,St Pauli,Stuttgart,2,1
1996-11-02,1996-97,Werder Bremen,Hamburg,0,0
1996-11-03,1996-97,Karlsruhe,FC Koln,4,1
1996-11-15,1996-97,FC Koln,Werder Bremen,4,1
1996-11-15,1996-97,M'gladbach,St Pauli,0,0
1996-11-16,1996-97,Dortmund,Karlsruhe,1,1
1996-11-16,1996-97,Dusseldorf,Schalke 04,1,3
1996-11-16,1996-97,Freiburg,Bayern Munich,0,0
1996-11-16,1996-97,Hamburg,Leverkusen,0,2
1996-11-16,1996-97,Munich 1860,Bielefeld,1,3
1996-11-16,1996-97,Stuttgart,Bochum,3,1
1996-11-17,1996-97,Hansa Rostock,Duisburg,0,1
1996-11-22,1996-97,Bochum,M'gladbach,2,0
1996-11-22,1996-97,Karlsruhe,Dusseldorf,2,0
1996-11-23,1996-97,Bayern Munich,Hansa Rostock,2,1
1996-11-23,1996-97,Bielefeld,Freiburg,2,0
1996-11-23,1996-97,FC Koln,Hamburg,2,2
1996-11-23,1996-97,Schalke 04,Munich 1860,4,1
1996-11-23,1996-97,St Pauli,Leverkusen,3,1
1996-11-23,1996-97,Werder Bremen,Dortmund,0,4
1996-11-24,1996-97,Duisburg,Stuttgart,3,1
1996-11-29,1996-97,Dortmund,Hamburg,1,1
1996-11-30,1996-97,Dusseldorf,Werder Bremen,4,1
1996-11-30,1996-97,Freiburg,Schalke 04,2,3
1996-11-30,1996-97,Hansa Rostock,Bielefeld,3,1
1996-11-30,1996-97,Leverkusen,FC Koln,4,2
1996-11-30,1996-97,M'gladbach,Duisburg,0,1
1996-11-30,1996-97,Munich 1860,Karlsruhe,1,1
1996-12-01,1996-97,Stuttgart,Bayern Munich,1,1
1996-12-06,1996-97,Bochum,Leverkusen,2,2
1996-12-06,1996-97,Karlsruhe,Freiburg,3,0
1996-12-06,1996-97,Schalke 04,Hansa Rostock,2,0
1996-12-06,1996-97,Werder Bremen,Munich 1860,1,1
1996-12-07,1996-97,Bayern Munich,M'gladbach,1,0
1996-12-07,1996-97,Bielefeld,Stuttgart,2,0
1996-12-07,1996-97,Duisburg,St Pauli,1,0
1996-12-07,1996-97,FC Koln,Dortmund,1,3
1996-12-07,1996-97,Hamburg,Dusseldorf,2,1
1997-02-14,1996-97,Dortmund,Leverkusen,3,1
1997-02-14,1996-97,FC Koln,Dusseldorf,2,0
1997-02-15,1996-97,Bayern Munich,St Pauli,3,0
1997-02-15,1996-97,Duisburg,Bochum,1,1
1997-02-15,1996-97,Hamburg,Munich 1860,2,3
1997-02-15,1996-97,Karlsruhe,Hansa Rostock,1,1
1997-02-15,1996-97,Schalke 04,Stuttgart,1,0
1997-02-15,1996-97,Werder Bremen,Freiburg,1,0
1997-02-16,1996-97,Bielefeld,M'gladbach,0,2
1997-02-21,1996-97,Dusseldorf,Dortmund,2,0
1997-02-21,1996-97,Freiburg,Hamburg,0,4
1997-02-21,1996-97,St Pauli,Bielefeld,2,3
1997-02-22,1996-97,Bochum,Bayern Munich,1,1
1997-02-22,1996-97,Hansa Rostock,Werder Bremen,0,1
1997-02-22,1996-97,Leverkusen,Duisburg,1,0
1997-02-22,1996-97,M'gladbach,Schalke 04,0,0
1997-02-22,1996-97,Munich 1860,FC Koln,2,1
1997-02-22,1996-97,Stuttgart,Karlsruhe,1,0
1997-02-28,1996-97,Bielefeld,Bochum,3,1
1997-02-28,1996-97,Schalke 04,St Pauli,0,0
1997-03-01,1996-97,Bayern Munich,Duisburg,5,2
1997-03-01,1996-97,Dortmund,Munich 1860,4,1
1997-03-01,1996-97,Dusseldorf,Leverkusen,0,0
1997-03-01,1996-97,FC Koln,Freiburg,1,0
1997-03-01,1996-97,Karlsruhe,M'gladbach,1,1
1997-03-01,1996-97,Werder Bremen,Stuttgart,2,2
1997-03-02,1996-97,Hamburg,Hansa Rostock,1,1
1997-03-07,1996-97,Bochum,Schalke 04,0,1
1997-03-07,1996-97,Hansa Rostock,FC Koln,0,0
1997-03-08,1996-97,Duisburg,Bielefeld,0,0
1997-03-08,1996-97,Freiburg,Dortmund,1,2
1997-03-08,1996-97,M'gladbach,Werder Bremen,4,1
1997-03-08,1996-97,Munich 1860,Dusseldorf,3,0
1997-03-08,1996-97,St Pauli,Karlsruhe,2,4
1997-03-08,1996-97,Stuttgart,Hamburg,4,1
1997-03-09,1996-97,Leverkusen,Bayern Munich,5,2
1997-03-11,1996-97,FC Koln,Stuttgart,1,5
1997-03-11,1996-97,Hamburg,M'gladbach,2,1
1997-03-11,1996-97,Karlsruhe,Bochum,2,3
1997-03-11,1996-97,Schalke 04,Duisburg,4,0
1997-03-11,1996-97,Werder Bremen,St Pauli,2,1
1997-03-12,1996-97,Bielefeld,Bayern Munich,2,0
1997-03-12,1996-97,Dortmund,Hansa Rostock,3,0
1997-03-12,1996-97,Dusseldorf,Freiburg,2,1
1997-03-12,1996-97,Munich 1860,Leverkusen,3,0
1997-03-14,1996-97,Duisburg,Karlsruhe,2,2
1997-03-14,1996-97,St Pauli,Hamburg,2,2
1997-03-15,1996-97,Bayern Munich,Schalke 04,3,0
1997-03-15,1996-97,Freiburg,Munich 1860,2,2
1997-03-15,1996-97,Hansa Rostock,Dusseldorf,3,1
1997-03-15,1996-97,Leverkusen,Bielefeld,1,0
1997-03-15,1996-97,M'gladbach,FC Koln,2,1
1997-03-15,1996-97,Stuttgart,Dortmund,4,1
1997-03-16,1996-97,Bochum,Werder Bremen,3,2
1997-03-21,1996-97,Dusseldorf,Stuttgart,0,4
1997-03-21,1996-97,Werder Bremen,Duisburg,0,2
1997-03-22,1996-97,Dortmund,M'gladbach,1,3
1997-03-22,1996-97,FC Koln,St Pauli,0,1
1997-03-22,1996-97,Freiburg,Leverkusen,1,2
1997-03-22,1996-97,Hamburg,Bochum,2,2
1997-03-22,1996-97,Munich 1860,Hansa Rostock,2,0
1997-03-22,1996-97,Schalke 04,Bielefeld,0,0
1997-03-23,1996-97,Karlsruhe,Bayern Munich,0,2
1997-03-28,1996-97,Bochum,FC Koln,2,2
1997-03-28,1996-97,Duisburg,Hamburg,1,1
1997-03-28,1996-97,St Pauli,Dortmund,0,1
1997-03-28,1996-97,Stuttgart,Munich 1860,1,1
1997-03-29,1996-97,Bayern Munich,Werder Bremen,1,0
1997-03-29,1996-97,Bielefeld,Karlsruhe,1,2
1997-03-29,1996-97,Hansa Rostock,Freiburg,3,1
1997-03-29,1996-97,Leverkusen,Schalke 04,2,0
1997-03-29,1996-97,M'gladbach,Dusseldorf,2,0
1997-04-04,1996-97,FC Koln,Duisburg,2,5
1997-04-04,1996-97,Munich 1860,M'gladbach,3,0
1997-04-05,1996-97,Dortmund,Bochum,2,0
1997-04-05,1996-97,Dusseldorf,St Pauli,2,0
1997-04-05,1996-97,Hamburg,Bayern Munich,0,3
1997-04-05,1996-97,Hansa Rostock,Leverkusen,1,0
1997-04-05,1996-97,Karlsruhe,Schalke 04,0,0
1997-04-05,1996-97,Werder Bremen,Bielefeld,2,1
1997-04-06,1996-97,Freiburg,Stuttgart,1,1
1997-04-08,1996-97,St Pauli,Bochum,2,1
1997-04-12,1996-97,Bayern Munich,FC Koln,3,2
1997-04-12,1996-97,Bielefeld,Hamburg,1,1
1997-04-12,1996-97,Bochum,Dusseldorf,3,1
1997-04-12,1996-97,Duisburg,Dortmund,3,2
1997-04-12,1996-97,Leverkusen,Karlsruhe,3,1
1997-04-12,1996-97,M'gladbach,Freiburg,4,3
1997-04-12,1996-97,Schalke 04,Werder Bremen,1,1
1997-04-12,1996-97,St Pauli,Munich 1860,0,0
1997-04-12,1996-97,Stuttgart,Hansa Rostock,5,1
1997-04-18,1996-97,Dusseldorf,Duisburg,1,1
1997-04-18,1996-97,Hansa Rostock,M'gladbach,1,0
1997-04-19,1996-97,Dortmund,Bayern Munich,1,1
1997-04-19,1996-97,FC Koln,Bielefeld,2,5
1997-04-19,1996-97,Freiburg,St Pauli,4,0
1997-04-19,1996-97,Hamburg,Schalke 04,1,0
1997-04-19,1996-97,Munich 1860,Bochum,0,1
1997-04-19,1996-97,Werder Bremen,Karlsruhe,1,0
1997-04-20,1996-97,Stuttgart,Leverkusen,1,2
1997-04-24,1996-97,St Pauli,Hansa Rostock,0,1
1997-04-25,1996-97,Duisburg,Munich 1860,2,3
1997-04-25,1996-97,Leverkusen,Werder Bremen,2,1
1997-04-26,1996-97,Bayern Munich,Dusseldorf,5,0
1997-04-26,1996-97,Bielefeld,Dortmund,2,0
1997-04-26,1996-97,Bochum,Freiburg,3,2
1997-04-26,1996-97,Karlsruhe,Hamburg,3,1
1997-04-26,1996-97,M'gladbach,Stuttgart,0,1
1997-04-26,1996-97,Schalke 04,FC Koln,1,1
1997-05-02,1996-97,Dortmund,Schalke 04,1,0
1997-05-02,1996-97,Hansa Rostock,Bochum,0,0
1997-05-03,1996-97,Dusseldorf,Bielefeld,1,2
1997-05-03,1996-97,FC Koln,Karlsruhe,4,1
1997-05-03,1996-97,Freiburg,Duisburg,2,0
1997-05-03,1996-97,Hamburg,Werder Bremen,3,2
1997-05-03,1996-97,M'gladbach,Leverkusen,2,2
1997-05-03,1996-97,Munich 1860,Bayern Munich,3,3
1997-05-03,1996-97,Stuttgart,St Pauli,3,0
1997-05-09,1996-97,Duisburg,Hansa Rostock,0,1
1997-05-09,1996-97,Werder Bremen,FC Koln,3,2
1997-05-10,1996-97,Bayern Munich,Freiburg,0,0
1997-05-10,1996-97,Bielefeld,Munich 1860,2,3
1997-05-10,1996-97,Bochum,Stuttgart,2,1
1997-05-10,1996-97,Karlsruhe,Dortmund,1,1
1997-05-10,1996-97,Schalke 04,Dusseldorf,0,1
1997-05-10,1996-97,St Pauli,M'gladbach,1,3
1997-05-11,1996-97,Leverkusen,Hamburg,5,0
1997-05-16,1996-97,Dusseldorf,Karlsruhe,0,3
1997-05-16,1996-97,Hansa Rostock,Bayern Munich,0,3
1997-05-17,1996-97,Dortmund,Werder Bremen,2,1
1997-05-17,1996-97,Hamburg,FC Koln,0,4
1997-05-17,1996-97,Leverkusen,St Pauli,3,0
1997-05-17,1996-97,M'gladbach,Bochum,6,2
1997-05-17,1996-97,Munich 1860,Schalke 04,2,1
1997-05-17,1996-97,Stuttgart,Duisburg,0,2
1997-05-18,1996-97,Freiburg,Bielefeld,2,1
1997-05-24,1996-97,Bayern Munich,Stuttgart,4,2
1997-05-24,1996-97,Bielefeld,Hansa Rostock,1,3
1997-05-24,1996-97,Bochum,St Pauli,6,0
1997-05-24,1996-97,Duisburg,M'gladbach,4,2
1997-05-24,1996-97,FC Koln,Leverkusen,4,0
1997-05-24,1996-97,Hamburg,Dortmund,2,1
1997-05-24,1996-97,Karlsruhe,Munich 1860,3,0
1997-05-24,1996-97,Schalke 04,Freiburg,0,2
1997-05-24,1996-97,Werder Bremen,Dusseldorf,1,0
1997-05-31,1996-97,Dortmund,FC Koln,2,1
1997-05-31,1996-97,Dusseldorf,Hamburg,1,1
1997-05-31,1996-97,Freiburg,Karlsruhe,1,1
1997-05-31,1996-97,Hansa Rostock,Schalke 04,0,1
1997-05-31,1996-97,Leverkusen,Bochum,2,0
1997-05-31,1996-97,M'gladbach,Bayern Munich,2,2
1997-05-31,1996-97,Munich 1860,Werder Bremen,0,3
1997-05-31,1996-97,St Pauli,Duisburg,0,2
1997-05-31,1996-97,Stuttgart,Bielefeld,4,2
1997-08-01,1997-98,Schalke 04,Leverkusen,2,1
1997-08-01,1997-98,Stuttgart,Munich 1860,1,1
1997-08-02,1997-98,Bayern Munich,Kaiserslautern,0,1
1997-08-02,1997-98,Bochum,Bielefeld,1,0
1997-08-02,1997-98,FC Koln,Duisburg,3,2
1997-08-02,1997-98,Hansa Rostock,Wolfsburg,0,1
1997-08-02,1997-98,Karlsruhe,Werder Bremen,3,1
1997-08-03,1997-98,Hamburg,M'gladbach,2,2
1997-08-03,1997-98,Hertha,Dortmund,1,1
1997-08-05,1997-98,Bielefeld,Stuttgart,2,1
1997-08-05,1997-98,Duisburg,Schalke 04,1,0
1997-08-05,1997-98,Leverkusen,Bochum,3,2
1997-08-05,1997-98,Munich 1860,Karlsruhe,2,2
1997-08-05,1997-98,Werder Bremen,Hansa Rostock,1,1
1997-08-06,1997-98,Dortmund,FC Koln,3,0
1997-08-06,1997-98,Kaiserslautern,Hertha,1,0
1997-08-06,1997-98,M'gladbach,Bayern Munich,1,1
1997-08-06,1997-98,Wolfsburg,Hamburg,1,1
1997-08-08,1997-98,Bochum,Duisburg,0,0
1997-08-08,1997-98,Stuttgart,Leverkusen,1,0
1997-08-09,1997-98,Bayern Munich,Wolfsburg,5,2
1997-08-09,1997-98,FC Koln,Kaiserslautern,0,0
1997-08-09,1997-98,Hansa Rostock,Hamburg,2,1
1997-08-09,1997-98,Karlsruhe,Bielefeld,3,1
1997-08-09,1997-98,Schalke 04,Dortmund,1,0
1997-08-09,1997-98,Werder Bremen,Munich 1860,3,3
1997-08-10,1997-98,Hertha,M'gladbach,2,2
1997-08-22,1997-98,Munich 1860,Hansa Rostock,0,1
1997-08-22,1997-98,Wolfsburg,Hertha,2,1
1997-08-23,1997-98,Bielefeld,Werder Bremen,3,0
1997-08-23,1997-98,Dortmund,Bochum,5,2
1997-08-23,1997-98,Duisburg,Stuttgart,0,3
1997-08-23,1997-98,Kaiserslautern,Schalke 04,3,0
1997-08-23,1997-98,Leverkusen,Karlsruhe,6,1
1997-08-23,1997-98,M'gladbach,FC Koln,4,1
1997-08-24,1997-98,Hamburg,Bayern Munich,0,2
1997-08-29,1997-98,Bochum,Kaiserslautern,1,3
1997-08-29,1997-98,Hertha,Hamburg,0,2
1997-08-30,1997-98,FC Koln,Wolfsburg,5,3
1997-08-30,1997-98,Hansa Rostock,Bayern Munich,1,3
1997-08-30,1997-98,Schalke 04,M'gladbach,2,0
1997-08-30,1997-98,Stuttgart,Dortmund,0,0
1997-08-30,1997-98,Werder Bremen,Leverkusen,2,1
1997-08-31,1997-98,Karlsruhe,Duisburg,1,2
1997-09-01,1997-98,Munich 1860,Bielefeld,1,0
1997-09-12,1997-98,Bielefeld,Hansa Rostock,0,1
1997-09-12,1997-98,Hamburg,FC Koln,2,1
1997-09-13,1997-98,Bayern Munich,Hertha,3,0
1997-09-13,1997-98,Dortmund,Karlsruhe,2,2
1997-09-13,1997-98,Duisburg,Werder Bremen,2,1
1997-09-13,1997-98,Leverkusen,Munich 1860,2,2
1997-09-13,1997-98,M'gladbach,Bochum,2,1
1997-09-13,1997-98,Wolfsburg,Schalke 04,0,0
1997-09-14,1997-98,Kaiserslautern,Stuttgart,4,3
1997-09-19,1997-98,Karlsruhe,Kaiserslautern,2,4
1997-09-19,1997-98,Munich 1860,Duisburg,0,1
1997-09-20,1997-98,Bielefeld,Leverkusen,2,1
1997-09-20,1997-98,Bochum,Wolfsburg,2,1
1997-09-20,1997-98,FC Koln,Bayern Munich,1,3
1997-09-20,1997-98,Hansa Rostock,Hertha,4,0
1997-09-20,1997-98,Schalke 04,Hamburg,2,2
1997-09-20,1997-98,Werder Bremen,Dortmund,2,1
1997-09-21,1997-98,Stuttgart,M'gladbach,3,0
1997-09-26,1997-98,Bayern Munich,Schalke 04,1,1
1997-09-26,1997-98,Duisburg,Bielefeld,2,1
1997-09-27,1997-98,Dortmund,Munich 1860,2,3
1997-09-27,1997-98,Hamburg,Bochum,2,1
1997-09-27,1997-98,Kaiserslautern,Werder Bremen,1,3
1997-09-27,1997-98,Leverkusen,Hansa Rostock,1,1
1997-09-27,1997-98,M'gladbach,Karlsruhe,1,1
1997-09-27,1997-98,Wolfsburg,Stuttgart,1,0
1997-09-28,1997-98,Hertha,FC Koln,1,0
1997-10-03,1997-98,Munich 1860,Kaiserslautern,1,3
1997-10-03,1997-98,Werder Bremen,M'gladbach,1,0
1997-10-04,1997-98,Bielefeld,Dortmund,3,1
1997-10-04,1997-98,Bochum,Bayern Munich,2,3
1997-10-04,1997-98,Hansa Rostock,FC Koln,1,2
1997-10-04,1997-98,Karlsruhe,Wolfsburg,2,1
1997-10-04,1997-98,Leverkusen,Duisburg,2,1
1997-10-04,1997-98,Schalke 04,Hertha,1,0
1997-10-05,1997-98,Stuttgart,Hamburg,5,2
1997-10-14,1997-98,Dortmund,Leverkusen,0,1
1997-10-14,1997-98,FC Koln,Schalke 04,0,2
1997-10-14,1997-98,Hamburg,Karlsruhe,3,1
1997-10-14,1997-98,Hertha,Bochum,2,2
1997-10-14,1997-98,Wolfsburg,Werder Bremen,1,0
1997-10-15,1997-98,Bayern Munich,Stuttgart,3,3
1997-10-15,1997-98,Duisburg,Hansa Rostock,0,1
1997-10-15,1997-98,Kaiserslautern,Bielefeld,3,1
1997-10-15,1997-98,M'gladbach,Munich 1860,5,1
1997-10-17,1997-98,Bochum,FC Koln,2,1
1997-10-17,1997-98,Werder Bremen,Hamburg,0,0
1997-10-18,1997-98,Duisburg,Dortmund,0,0
1997-10-18,1997-98,Hansa Rostock,Schalke 04,4,1
1997-10-18,1997-98,Karlsruhe,Bayern Munich,1,1
1997-10-18,1997-98,Leverkusen,Kaiserslautern,1,1
1997-10-18,1997-98,Munich 1860,Wolfsburg,2,1
1997-10-18,1997-98,Stuttgart,Hertha,4,1
1997-10-19,1997-98,Bielefeld,M'gladbach,3,1
1997-10-24,1997-98,Kaiserslautern,Duisburg,1,0
1997-10-24,1997-98,Schalke 04,Bochum,2,0
1997-10-25,1997-98,Bayern Munich,Werder Bremen,2,0
1997-10-25,1997-98,Dortmund,Hansa Rostock,3,2
1997-10-25,1997-98,Hamburg,Munich 1860,1,2
1997-10-25,1997-98,Hertha,Karlsruhe,3,1
1997-10-25,1997-98,M'gladbach,Leverkusen,2,2
1997-10-25,1997-98,Wolfsburg,Bielefeld,2,0
1997-10-26,1997-98,FC Koln,Stuttgart,4,2
1997-10-31,1997-98,Dortmund,Kaiserslautern,2,2
1997-10-31,1997-98,Duisburg,M'gladbach,4,5
1997-10-31,1997-98,Leverkusen,Wolfsburg,2,1
1997-11-01,1997-98,Hansa Rostock,Bochum,2,2
1997-11-01,1997-98,Karlsruhe,FC Koln,3,1
1997-11-01,1997-98,Munich 1860,Bayern Munich,2,2
1997-11-01,1997-98,Stuttgart,Schalke 04,0,0
1997-11-01,1997-98,Werder Bremen,Hertha,0,2
1997-11-02,1997-98,Bielefeld,Hamburg,0,3
1997-11-07,1997-98,Kaiserslautern,Hansa Rostock,4,3
1997-11-07,1997-98,Wolfsburg,Duisburg,0,2
1997-11-08,1997-98,Bayern Munich,Bielefeld,1,0
1997-11-08,1997-98,FC Koln,Werder Bremen,2,0
1997-11-08,1997-98,Hamburg,Leverkusen,0,1
1997-11-08,1997-98,Hertha,Munich 1860,2,0
1997-11-08,1997-98,M'gladbach,Dortmund,1,1
1997-11-08,1997-98,Schalke 04,Karlsruhe,2,0
1997-11-09,1997-98,Bochum,Stuttgart,0,2
1997-11-11,1997-98,Dortmund,Bayern Munich,0,2
1997-11-11,1997-98,Leverkusen,FC Koln,4,0
1997-11-18,1997-98,Dortmund,Wolfsburg,2,1
1997-11-18,1997-98,Duisburg,Hamburg,3,0
1997-11-18,1997-98,Karlsruhe,Bochum,1,1
1997-11-18,1997-98,Werder Bremen,Schalke 04,2,1
1997-11-19,1997-98,Bielefeld,Hertha,1,3
1997-11-19,1997-98,M'gladbach,Kaiserslautern,1,3
1997-11-19,1997-98,Munich 1860,FC Koln,1,0
1997-11-19,1997-98,Stuttgart,Hansa Rostock,2,1
1997-11-21,1997-98,Bochum,Werder Bremen,0,1
1997-11-21,1997-98,Hamburg,Dortmund,1,3
1997-11-22,1997-98,Bayern Munich,Duisburg,3,0
1997-11-22,1997-98,FC Koln,Bielefeld,3,5
1997-11-22,1997-98,Hertha,Leverkusen,2,2
1997-11-22,1997-98,Schalke 04,Munich 1860,2,0
1997-11-22,1997-98,Stuttgart,Karlsruhe,3,0
1997-11-22,1997-98,Wolfsburg,Kaiserslautern,2,1
1997-11-23,1997-98,Hansa Rostock,M'gladbach,2,0
1997-11-28,1997-98,Duisburg,Hertha,0,1
1997-11-28,1997-98,Karlsruhe,Hansa Rostock,3,0
1997-11-29,1997-98,Bielefeld,Schalke 04,1,1
1997-11-29,1997-98,Kaiserslautern,Hamburg,2,1
1997-11-29,1997-98,M'gladbach,Wolfsburg,0,2
1997-11-29,1997-98,Munich 1860,Bochum,0,2
1997-11-29,1997-98,Werder Bremen,Stuttgart,2,2
1997-11-30,1997-98,Leverkusen,Bayern Munich,4,2
1997-12-05,1997-98,Kaiserslautern,Bayern Munich,2,0
1997-12-06,1997-98,Bielefeld,Bochum,0,2
1997-12-06,1997-98,Duisburg,FC Koln,2,2
1997-12-06,1997-98,Leverkusen,Schalke 04,0,0
1997-12-06,1997-98,M'gladbach,Hamburg,1,1
1997-12-06,1997-98,Munich 1860,Stuttgart,1,3
1997-12-06,1997-98,Werder Bremen,Karlsruhe,2,4
1997-12-07,1997-98,Wolfsburg,Hansa Rostock,1,1
1997-12-12,1997-98,Hansa Rostock,Werder Bremen,1,2
1997-12-12,1997-98,Hertha,Kaiserslautern,2,0
1997-12-13,1997-98,Bayern Munich,M'gladbach,3,2
1997-12-13,1997-98,FC Koln,Dortmund,4,2
1997-12-13,1997-98,Hamburg,Wolfsburg,1,2
1997-12-13,1997-98,Karlsruhe,Munich 1860,0,0
1997-12-13,1997-98,Schalke 04,Duisburg,1,1
1997-12-13,1997-98,Stuttgart,Bielefeld,1,0
1997-12-14,1997-98,Bochum,Leverkusen,0,0
1997-12-16,1997-98,Dortmund,Hertha,3,0
1997-12-19,1997-98,Dortmund,Schalke 04,2,2
1997-12-19,1997-98,M'gladbach,Hertha,4,2
1997-12-20,1997-98,Bielefeld,Karlsruhe,2,1
1997-12-20,1997-98,Duisburg,Bochum,2,0
1997-12-20,1997-98,Kaiserslautern,FC Koln,3,2
1997-12-20,1997-98,Leverkusen,Stuttgart,6,1
1997-12-20,1997-98,Munich 1860,Werder Bremen,0,1
1997-12-20,1997-98,Wolfsburg,Bayern Munich,2,3
1997-12-21,1997-98,Hamburg,Hansa Rostock,0,1
1998-01-30,1997-98,Bochum,Dortmund,2,1
1998-01-30,1997-98,Stuttgart,Duisburg,1,1
1998-01-31,1997-98,Bayern Munich,Hamburg,3,0
1998-01-31,1997-98,FC Koln,M'gladbach,3,2
1998-01-31,1997-98,Hansa Rostock,Munich 1860,3,0
1998-01-31,1997-98,Hertha,Wolfsburg,1,0
1998-01-31,1997-98,Schalke 04,Kaiserslautern,1,1
1998-01-31,1997-98,Werder Bremen,Bielefeld,2,1
1998-02-01,1997-98,Karlsruhe,Leverkusen,1,1
1998-02-06,1997-98,Duisburg,Karlsruhe,1,0
1998-02-06,1997-98,Kaiserslautern,Bochum,3,0
1998-02-07,1997-98,Bayern Munich,Hansa Rostock,2,0
1998-02-07,1997-98,Bielefeld,Munich 1860,1,1
1998-02-07,1997-98,Dortmund,Stuttgart,3,1
1998-02-07,1997-98,Hamburg,Hertha,1,1
1998-02-07,1997-98,Leverkusen,Werder Bremen,4,1
1998-02-07,1997-98,M'gladbach,Schalke 04,0,1
1998-02-08,1997-98,Wolfsburg,FC Koln,1,1
1998-02-13,1997-98,FC Koln,Hamburg,1,2
1998-02-13,1997-98,Karlsruhe,Dortmund,0,1
1998-02-13,1997-98,Werder Bremen,Duisburg,2,2
1998-02-14,1997-98,Bochum,M'gladbach,3,1
1998-02-14,1997-98,Hansa Rostock,Bielefeld,2,1
1998-02-14,1997-98,Hertha,Bayern Munich,2,1
1998-02-14,1997-98,Munich 1860,Leverkusen,3,4
1998-02-14,1997-98,Schalke 04,Wolfsburg,1,1
1998-02-14,1997-98,Stuttgart,Kaiserslautern,0,1
1998-02-27,1997-98,Dortmund,Werder Bremen,2,2
1998-02-27,1997-98,Kaiserslautern,Karlsruhe,0,0
1998-02-28,1997-98,Bayern Munich,FC Koln,0,2
1998-02-28,1997-98,Duisburg,Munich 1860,0,2
1998-02-28,1997-98,Hamburg,Schalke 04,1,1
1998-02-28,1997-98,Leverkusen,Bielefeld,0,0
1998-02-28,1997-98,M'gladbach,Stuttgart,0,0
1998-02-28,1997-98,Wolfsburg,Bochum,0,2
1998-03-01,1997-98,Hertha,Hansa Rostock,1,1
1998-03-06,1997-98,Bochum,Hamburg,0,0
1998-03-06,1997-98,Werder Bremen,Kaiserslautern,1,1
1998-03-07,1997-98,Bielefeld,Duisburg,3,3
1998-03-07,1997-98,FC Koln,Hertha,2,0
1998-03-07,1997-98,Hansa Rostock,Leverkusen,1,2
1998-03-07,1997-98,Karlsruhe,M'gladbach,2,5
1998-03-07,1997-98,Munich 1860,Dortmund,4,2
1998-03-08,1997-98,Schalke 04,Bayern Munich,1,0
1998-03-08,1997-98,Stuttgart,Wolfsburg,2,1
1998-03-13,1997-98,Duisburg,Leverkusen,1,1
1998-03-13,1997-98,Hertha,Schalke 04,1,4
1998-03-14,1997-98,Bayern Munich,Bochum,0,0
1998-03-14,1997-98,Dortmund,Bielefeld,3,2
1998-03-14,1997-98,Hamburg,Stuttgart,0,0
1998-03-14,1997-98,Kaiserslautern,Munich 1860,1,0
1998-03-14,1997-98,M'gladbach,Werder Bremen,0,0
1998-03-14,1997-98,Wolfsburg,Karlsruhe,1,2
1998-03-15,1997-98,FC Koln,Hansa Rostock,0,0
1998-03-21,1997-98,Hansa Rostock,Duisburg,2,1
1998-03-21,1997-98,Karlsruhe,Hamburg,0,1
1998-03-21,1997-98,Munich 1860,M'gladbach,2,0
1998-03-21,1997-98,Werder Bremen,Wolfsburg,3,1
1998-03-22,1997-98,Stuttgart,Bayern Munich,0,3
1998-03-27,1997-98,Hamburg,Werder Bremen,2,1
1998-03-27,1997-98,Wolfsburg,Munich 1860,1,0
1998-03-28,1997-98,Bayern Munich,Karlsruhe,1,1
1998-03-28,1997-98,Dortmund,Duisburg,3,0
1998-03-28,1997-98,Hertha,Stuttgart,3,0
1998-03-28,1997-98,Kaiserslautern,Leverkusen,0,3
1998-03-28,1997-98,M'gladbach,Bielefeld,0,0
1998-03-28,1997-98,Schalke 04,Hansa Rostock,0,0
1998-03-29,1997-98,FC Koln,Bochum,2,1
1998-04-03,1997-98,Duisburg,Kaiserslautern,1,1
1998-04-03,1997-98,Karlsruhe,Hertha,0,2
1998-04-04,1997-98,Bielefeld,Wolfsburg,0,1
1998-04-04,1997-98,Bochum,Schalke 04,3,0
1998-04-04,1997-98,Hansa Rostock,Dortmund,3,1
1998-04-04,1997-98,Leverkusen,M'gladbach,1,1
1998-04-04,1997-98,Munich 1860,Hamburg,1,1
1998-04-04,1997-98,Werder Bremen,Bayern Munich,0,3
1998-04-05,1997-98,Stuttgart,FC Koln,1,1
1998-04-09,1997-98,Bochum,Hansa Rostock,1,3
1998-04-09,1997-98,Kaiserslautern,Dortmund,1,1
1998-04-11,1997-98,Bayern Munich,Munich 1860,3,1
1998-04-11,1997-98,FC Koln,Karlsruhe,0,1
1998-04-11,1997-98,Hamburg,Bielefeld,2,0
1998-04-11,1997-98,Hertha,Werder Bremen,0,2
1998-04-11,1997-98,Schalke 04,Stuttgart,3,4
1998-04-11,1997-98,Wolfsburg,Leverkusen,1,0
1998-04-12,1997-98,M'gladbach,Duisburg,0,3
1998-04-17,1997-98,Duisburg,Wolfsburg,2,2
1998-04-17,1997-98,Werder Bremen,FC Koln,3,0
1998-04-18,1997-98,Bielefeld,Bayern Munich,4,4
1998-04-18,1997-98,Dortmund,M'gladbach,1,2
1998-04-18,1997-98,Hansa Rostock,Kaiserslautern,2,2
1998-04-18,1997-98,Karlsruhe,Schalke 04,0,0
1998-04-18,1997-98,Leverkusen,Hamburg,5,0
1998-04-18,1997-98,Munich 1860,Hertha,3,1
1998-04-19,1997-98,Stuttgart,Bochum,2,0
1998-04-24,1997-98,Hertha,Bielefeld,1,1
1998-04-24,1997-98,Kaiserslautern,M'gladbach,3,2
1998-04-25,1997-98,Bochum,Karlsruhe,3,3
1998-04-25,1997-98,FC Koln,Munich 1860,2,3
1998-04-25,1997-98,Hamburg,Duisburg,1,0
1998-04-25,1997-98,Hansa Rostock,Stuttgart,1,1
1998-04-25,1997-98,Schalke 04,Werder Bremen,0,1
1998-04-25,1997-98,Wolfsburg,Dortmund,1,4
1998-04-26,1997-98,Bayern Munich,Leverkusen,2,1
1998-04-29,1997-98,Bielefeld,Kaiserslautern,2,2
1998-04-29,1997-98,Bochum,Hertha,2,1
1998-04-29,1997-98,Leverkusen,Dortmund,2,2
1998-04-29,1997-98,Schalke 04,FC Koln,1,0
1998-05-02,1997-98,Bielefeld,FC Koln,2,1
1998-05-02,1997-98,Dortmund,Hamburg,0,1
1998-05-02,1997-98,Duisburg,Bayern Munich,0,0
1998-05-02,1997-98,Kaiserslautern,Wolfsburg,4,0
1998-05-02,1997-98,Karlsruhe,Stuttgart,4,2
1998-05-02,1997-98,Leverkusen,Hertha,0,1
1998-05-02,1997-98,M'gladbach,Hansa Rostock,5,2
1998-05-02,1997-98,Munich 1860,Schalke 04,1,0
1998-05-02,1997-98,Werder Bremen,Bochum,1,0
1998-05-09,1997-98,Bayern Munich,Dortmund,4,0
1998-05-09,1997-98,Bochum,Munich 1860,1,0
1998-05-09,1997-98,FC Koln,Leverkusen,2,2
1998-05-09,1997-98,Hamburg,Kaiserslautern,1,1
1998-05-09,1997-98,Hansa Rostock,Karlsruhe,4,2
1998-05-09,1997-98,Hertha,Duisburg,1,3
1998-05-09,1997-98,Schalke 04,Bielefeld,2,1
1998-05-09,1997-98,Stuttgart,Werder Bremen,1,0
1998-05-09,1997-98,Wolfsburg,M'gladbach,0,2
1998-08-14,1998-99,Duisburg,Ein Frankfurt,2,1
1998-08-14,1998-99,Stuttgart,Dortmund,2,1
1998-08-15,1998-99,Bochum,Freiburg,1,2
1998-08-15,1998-99,Leverkusen,Hansa Rostock,3,1
1998-08-15,1998-99,M'gladbach,Schalke 04,3,0
1998-08-15,1998-99,Munich 1860,Kaiserslautern,1,2
1998-08-15,1998-99,Nurnberg,Hamburg,1,1
1998-08-15,1998-99,Wolfsburg,Bayern Munich,0,1
1998-08-16,1998-99,Hertha,Werder Bremen,1,0
1998-08-21,1998-99,Hansa Rostock,Wolfsburg,3,3
1998-08-21,1998-99,Werder Bremen,Nurnberg,2,3
1998-08-22,1998-99,Bayern Munich,Duisburg,3,1
1998-08-22,1998-99,Dortmund,Hertha,3,0
1998-08-22,1998-99,Ein Frankfurt,Munich 1860,2,3
1998-08-22,1998-99,Freiburg,Leverkusen,1,1
1998-08-22,1998-99,Kaiserslautern,M'gladbach,2,1
1998-08-22,1998-99,Schalke 04,Stuttgart,1,0
1998-08-23,1998-99,Hamburg,Bochum,1,0
1998-09-08,1998-99,Bochum,Werder Bremen,2,0
1998-09-08,1998-99,Duisburg,Munich 1860,1,1
1998-09-08,1998-99,M'gladbach,Ein Frankfurt,1,1
1998-09-08,1998-99,Stuttgart,Kaiserslautern,4,0
1998-09-08,1998-99,Wolfsburg,Freiburg,1,1
1998-09-09,1998-99,Bayern Munich,Hansa Rostock,6,1
1998-09-09,1998-99,Hertha,Schalke 04,2,0
1998-09-09,1998-99,Leverkusen,Hamburg,1,2
1998-09-09,1998-99,Nurnberg,Dortmund,0,0
1998-09-11,1998-99,Ein Frankfurt,Stuttgart,1,1
1998-09-11,1998-99,Munich 1860,M'gladbach,3,1
1998-09-12,1998-99,Freiburg,Bayern Munich,0,2
1998-09-12,1998-99,Hamburg,Wolfsburg,1,1
1998-09-12,1998-99,Hansa Rostock,Duisburg,3,0
1998-09-12,1998-99,Kaiserslautern,Hertha,4,3
1998-09-12,1998-99,Schalke 04,Nurnberg,2,2
1998-09-12,1998-99,Werder Bremen,Leverkusen,2,2
1998-09-13,1998-99,Dortmund,Bochum,0,1
1998-09-18,1998-99,Hansa Rostock,Freiburg,0,2
1998-09-18,1998-99,Hertha,Ein Frankfurt,3,1
1998-09-19,1998-99,Bochum,Schalke 04,1,2
1998-09-19,1998-99,Leverkusen,Dortmund,3,1
1998-09-19,1998-99,Nurnberg,Kaiserslautern,1,1
1998-09-19,1998-99,Stuttgart,Munich 1860,0,1
1998-09-19,1998-99,Wolfsburg,Werder Bremen,2,4
1998-09-20,1998-99,Bayern Munich,Hamburg,5,3
1998-09-20,1998-99,Duisburg,M'gladbach,2,2
1998-09-25,1998-99,Hamburg,Hansa Rostock,1,0
1998-09-25,1998-99,Munich 1860,Hertha,2,0
1998-09-26,1998-99,Dortmund,Wolfsburg,2,1
1998-09-26,1998-99,Freiburg,Duisburg,2,2
1998-09-26,1998-99,Kaiserslautern,Bochum,2,3
1998-09-26,1998-99,M'gladbach,Stuttgart,2,3
1998-09-26,1998-99,Schalke 04,Leverkusen,0,1
1998-09-26,1998-99,Werder Bremen,Bayern Munich,0,1
1998-09-27,1998-99,Ein Frankfurt,Nurnberg,3,2
1998-10-02,1998-99,Hertha,M'gladbach,4,1
1998-10-02,1998-99,Wolfsburg,Schalke 04,0,0
1998-10-03,1998-99,Bochum,Ein Frankfurt,0,0
1998-10-03,1998-99,Freiburg,Hamburg,0,0
1998-10-03,1998-99,Hansa Rostock,Werder Bremen,2,1
1998-10-03,1998-99,Leverkusen,Kaiserslautern,2,2
1998-10-03,1998-99,Nurnberg,Munich 1860,1,5
1998-10-04,1998-99,Bayern Munich,Dortmund,2,2
1998-10-04,1998-99,Duisburg,Stuttgart,2,0
1998-10-16,1998-99,Kaiserslautern,Wolfsburg,1,1
1998-10-16,1998-99,Munich 1860,Bochum,2,1
1998-10-17,1998-99,Ein Frankfurt,Leverkusen,2,3
1998-10-17,1998-99,Hamburg,Duisburg,4,1
1998-10-17,1998-99,M'gladbach,Nurnberg,0,2
1998-10-17,1998-99,Schalke 04,Bayern Munich,1,3
1998-10-17,1998-99,Stuttgart,Hertha,0,0
1998-10-17,1998-99,Werder Bremen,Freiburg,2,3
1998-10-18,1998-99,Dortmund,Hansa Rostock,2,0
1998-10-23,1998-99,Freiburg,Dortmund,2,2
1998-10-23,1998-99,Hamburg,Werder Bremen,1,1
1998-10-24,1998-99,Bayern Munich,Kaiserslautern,4,0
1998-10-24,1998-99,Bochum,M'gladbach,2,1
1998-10-24,1998-99,Hansa Rostock,Schalke 04,2,2
1998-10-24,1998-99,Nurnberg,Stuttgart,2,2
1998-10-24,1998-99,Wolfsburg,Ein Frankfurt,2,0
1998-10-25,1998-99,Duisburg,Hertha,0,0
1998-10-25,1998-99,Leverkusen,Munich 1860,1,1
1998-10-30,1998-99,Kaiserslautern,Hansa Rostock,3,2
1998-10-30,1998-99,M'gladbach,Leverkusen,2,8
1998-10-31,1998-99,Ein Frankfurt,Bayern Munich,1,0
1998-10-31,1998-99,Munich 1860,Wolfsburg,2,3
1998-10-31,1998-99,Stuttgart,Bochum,4,2
1998-10-31,1998-99,Werder Bremen,Duisburg,1,1
1998-11-01,1998-99,Hertha,Nurnberg,3,0
1998-11-03,1998-99,Schalke 04,Freiburg,1,1
1998-11-06,1998-99,Duisburg,Nurnberg,1,1
1998-11-06,1998-99,Werder Bremen,Dortmund,1,1
1998-11-07,1998-99,Bayern Munich,Munich 1860,3,1
1998-11-07,1998-99,Bochum,Hertha,2,0
1998-11-07,1998-99,Freiburg,Kaiserslautern,0,1
1998-11-07,1998-99,Hamburg,Schalke 04,2,2
1998-11-07,1998-99,Hansa Rostock,Ein Frankfurt,2,2
1998-11-07,1998-99,Wolfsburg,M'gladbach,7,1
1998-11-08,1998-99,Leverkusen,Stuttgart,0,0
1998-11-10,1998-99,Kaiserslautern,Hamburg,1,0
1998-11-10,1998-99,Munich 1860,Hansa Rostock,2,1
1998-11-11,1998-99,Dortmund,Duisburg,2,0
1998-11-11,1998-99,Ein Frankfurt,Freiburg,3,1
1998-11-11,1998-99,Hertha,Leverkusen,0,1
1998-11-11,1998-99,Nurnberg,Bochum,2,2
1998-11-11,1998-99,Stuttgart,Wolfsburg,1,2
1998-11-13,1998-99,Hansa Rostock,M'gladbach,1,1
1998-11-13,1998-99,Werder Bremen,Kaiserslautern,0,1
1998-11-14,1998-99,Bayern Munich,Stuttgart,2,0
1998-11-14,1998-99,Dortmund,Schalke 04,3,0
1998-11-14,1998-99,Duisburg,Bochum,2,0
1998-11-14,1998-99,Hamburg,Ein Frankfurt,0,1
1998-11-14,1998-99,Leverkusen,Nurnberg,3,0
1998-11-14,1998-99,Wolfsburg,Hertha,2,1
1998-11-15,1998-99,Freiburg,Munich 1860,1,2
1998-11-20,1998-99,Ein Frankfurt,Werder Bremen,0,2
1998-11-20,1998-99,Schalke 04,Duisburg,2,0
1998-11-21,1998-99,Bochum,Leverkusen,1,5
1998-11-21,1998-99,Hertha,Bayern Munich,1,0
1998-11-21,1998-99,Kaiserslautern,Dortmund,1,0
1998-11-21,1998-99,Munich 1860,Hamburg,0,0
1998-11-21,1998-99,Nurnberg,Wolfsburg,1,1
1998-11-21,1998-99,Stuttgart,Hansa Rostock,1,1
1998-11-22,1998-99,M'gladbach,Freiburg,3,1
1998-11-24,1998-99,Dortmund,Hamburg,2,1
1998-11-24,1998-99,Schalke 04,Werder Bremen,1,2
1998-11-27,1998-99,Dortmund,Ein Frankfurt,3,1
1998-11-27,1998-99,Hansa Rostock,Hertha,1,2
1998-11-28,1998-99,Bayern Munich,Nurnberg,2,0
1998-11-28,1998-99,Freiburg,Stuttgart,2,0
1998-11-28,1998-99,Hamburg,M'gladbach,3,0
1998-11-28,1998-99,Leverkusen,Duisburg,2,0
1998-11-28,1998-99,Werder Bremen,Munich 1860,4,1
1998-11-28,1998-99,Wolfsburg,Bochum,4,1
1998-11-29,1998-99,Kaiserslautern,Schalke 04,4,1
1998-12-04,1998-99,Bochum,Bayern Munich,2,2
1998-12-04,1998-99,Nurnberg,Hansa Rostock,2,2
1998-12-05,1998-99,Ein Frankfurt,Schalke 04,1,2
1998-12-05,1998-99,Leverkusen,Wolfsburg,3,0
1998-12-05,1998-99,Stuttgart,Hamburg,3,1
1998-12-06,1998-99,Munich 1860,Dortmund,2,0
1998-12-08,1998-99,M'gladbach,Werder Bremen,0,1
1998-12-11,1998-99,Dortmund,M'gladbach,1,1
1998-12-11,1998-99,Hamburg,Hertha,0,4
1998-12-12,1998-99,Freiburg,Nurnberg,1,0
1998-12-12,1998-99,Hansa Rostock,Bochum,3,0
1998-12-12,1998-99,Kaiserslautern,Ein Frankfurt,2,1
1998-12-12,1998-99,Schalke 04,Munich 1860,2,2
1998-12-12,1998-99,Werder Bremen,Stuttgart,2,2
1998-12-12,1998-99,Wolfsburg,Duisburg,4,2
1998-12-13,1998-99,Bayern Munich,Leverkusen,2,0
1998-12-15,1998-99,Hertha,Freiburg,1,0
1998-12-16,1998-99,Duisburg,Kaiserslautern,3,1
1998-12-16,1998-99,M'gladbach,Bayern Munich,0,2
1998-12-18,1998-99,Dortmund,Stuttgart,3,0
1998-12-18,1998-99,Freiburg,Bochum,1,1
1998-12-19,1998-99,Bayern Munich,Wolfsburg,3,0
1998-12-19,1998-99,Ein Frankfurt,Duisburg,0,0
1998-12-19,1998-99,Hamburg,Nurnberg,2,0
1998-12-19,1998-99,Hansa Rostock,Leverkusen,1,1
1998-12-19,1998-99,Kaiserslautern,Munich 1860,1,1
1998-12-19,1998-99,Schalke 04,M'gladbach,1,0
1998-12-20,1998-99,Werder Bremen,Hertha,2,1
1999-02-19,1998-99,Wolfsburg,Hansa Rostock,1,1
1999-02-20,1998-99,Duisburg,Bayern Munich,0,3
1999-02-20,1998-99,Hertha,Dortmund,3,0
1999-02-20,1998-99,Leverkusen,Freiburg,1,1
1999-02-20,1998-99,Munich 1860,Ein Frankfurt,4,1
1999-02-20,1998-99,Nurnberg,Werder Bremen,1,1
1999-02-20,1998-99,Stuttgart,Schalke 04,2,1
1999-02-21,1998-99,M'gladbach,Kaiserslautern,0,2
1999-02-26,1998-99,Kaiserslautern,Stuttgart,1,1
1999-02-26,1998-99,Werder Bremen,Bochum,1,1
1999-02-27,1998-99,Dortmund,Nurnberg,3,0
1999-02-27,1998-99,Ein Frankfurt,M'gladbach,0,0
1999-02-27,1998-99,Freiburg,Wolfsburg,0,0
1999-02-27,1998-99,Hamburg,Leverkusen,0,0
1999-02-27,1998-99,Hansa Rostock,Bayern Munich,0,4
1999-02-27,1998-99,Munich 1860,Duisburg,0,0
1999-02-28,1998-99,Schalke 04,Hertha,0,0
1999-03-05,1998-99,Duisburg,Hansa Rostock,4,1
1999-03-05,1998-99,Nurnberg,Schalke 04,3,0
1999-03-06,1998-99,Bayern Munich,Freiburg,2,0
1999-03-06,1998-99,Bochum,Dortmund,0,1
1999-03-06,1998-99,Hertha,Kaiserslautern,1,1
1999-03-06,1998-99,M'gladbach,Munich 1860,2,0
1999-03-06,1998-99,Stuttgart,Ein Frankfurt,2,0
1999-03-06,1998-99,Wolfsburg,Hamburg,4,1
1999-03-07,1998-99,Leverkusen,Werder Bremen,2,0
1999-03-12,1998-99,Dortmund,Leverkusen,1,0
1999-03-12,1998-99,Freiburg,Hansa Rostock,3,0
1999-03-13,1998-99,Hamburg,Bayern Munich,0,2
1999-03-13,1998-99,Kaiserslautern,Nurnberg,2,0
1999-03-13,1998-99,M'gladbach,Duisburg,0,2
1999-03-13,1998-99,Munich 1860,Stuttgart,1,1
1999-03-13,1998-99,Schalke 04,Bochum,2,2
1999-03-13,1998-99,Werder Bremen,Wolfsburg,0,1
1999-03-14,1998-99,Ein Frankfurt,Hertha,1,1
1999-03-16,1998-99,Bochum,Hamburg,2,0
1999-03-19,1998-99,Leverkusen,Schalke 04,1,1
1999-03-19,1998-99,Wolfsburg,Dortmund,0,0
1999-03-20,1998-99,Bayern Munich,Werder Bremen,1,0
1999-03-20,1998-99,Bochum,Kaiserslautern,1,2
1999-03-20,1998-99,Duisburg,Freiburg,1,0
1999-03-20,1998-99,Hertha,Munich 1860,2,1
1999-03-20,1998-99,Nurnberg,Ein Frankfurt,2,2
1999-03-20,1998-99,Stuttgart,M'gladbach,2,2
1999-03-21,1998-99,Hansa Rostock,Hamburg,0,1
1999-04-03,1998-99,Dortmund,Bayern Munich,2,2
1999-04-03,1998-99,Hamburg,Freiburg,2,1
1999-04-03,1998-99,Kaiserslautern,Leverkusen,0,1
1999-04-03,1998-99,Munich 1860,Nurnberg,1,2
1999-04-03,1998-99,Schalke 04,Wolfsburg,2,0
1999-04-03,1998-99,Stuttgart,Duisburg,0,0
1999-04-03,1998-99,Werder Bremen,Hansa Rostock,0,3
1999-04-04,1998-99,Ein Frankfurt,Bochum,1,0
1999-04-04,1998-99,M'gladbach,Hertha,2,4
1999-04-09,1998-99,Duisburg,Hamburg,2,3
1999-04-09,1998-99,Freiburg,Werder Bremen,0,2
1999-04-10,1998-99,Bayern Munich,Schalke 04,1,1
1999-04-10,1998-99,Hansa Rostock,Dortmund,2,0
1999-04-10,1998-99,Hertha,Stuttgart,2,0
1999-04-10,1998-99,Leverkusen,Ein Frankfurt,2,1
1999-04-10,1998-99,Nurnberg,M'gladbach,2,0
1999-04-10,1998-99,Wolfsburg,Kaiserslautern,2,1
1999-04-11,1998-99,Bochum,Munich 1860,2,0
1999-04-13,1998-99,Ein Frankfurt,Wolfsburg,0,1
1999-04-13,1998-99,Kaiserslautern,Bayern Munich,2,1
1999-04-13,1998-99,Schalke 04,Hansa Rostock,1,0
1999-04-13,1998-99,Stuttgart,Nurnberg,0,0
1999-04-13,1998-99,Werder Bremen,Hamburg,0,0
1999-04-14,1998-99,Dortmund,Freiburg,2,1
1999-04-14,1998-99,Hertha,Duisburg,1,3
1999-04-14,1998-99,M'gladbach,Bochum,2,2
1999-04-14,1998-99,Munich 1860,Leverkusen,0,2
1999-04-16,1998-99,Bayern Munich,Ein Frankfurt,3,1
1999-04-16,1998-99,Hansa Rostock,Kaiserslautern,2,1
1999-04-17,1998-99,Bochum,Stuttgart,3,3
1999-04-17,1998-99,Duisburg,Werder Bremen,2,0
1999-04-17,1998-99,Freiburg,Schalke 04,0,2
1999-04-17,1998-99,Leverkusen,M'gladbach,4,1
1999-04-17,1998-99,Nurnberg,Hertha,0,0
1999-04-17,1998-99,Wolfsburg,Munich 1860,1,0
1999-04-18,1998-99,Hamburg,Dortmund,0,0
1999-04-23,1998-99,Dortmund,Werder Bremen,2,1
1999-04-23,1998-99,Stuttgart,Leverkusen,0,1
1999-04-24,1998-99,Ein Frankfurt,Hansa Rostock,2,2
1999-04-24,1998-99,Hertha,Bochum,4,1
1999-04-24,1998-99,Kaiserslautern,Freiburg,0,2
1999-04-24,1998-99,M'gladbach,Wolfsburg,5,2
1999-04-24,1998-99,Nurnberg,Duisburg,0,2
1999-04-24,1998-99,Schalke 04,Hamburg,1,4
1999-04-25,1998-99,Munich 1860,Bayern Munich,1,1
1999-04-30,1998-99,Bochum,Nurnberg,0,3
1999-04-30,1998-99,Freiburg,Ein Frankfurt,2,0
1999-05-01,1998-99,Bayern Munich,M'gladbach,4,2
1999-05-01,1998-99,Hamburg,Kaiserslautern,2,0
1999-05-01,1998-99,Hansa Rostock,Munich 1860,4,1
1999-05-01,1998-99,Leverkusen,Hertha,2,2
1999-05-01,1998-99,Wolfsburg,Stuttgart,3,2
1999-05-02,1998-99,Duisburg,Dortmund,3,2
1999-05-04,1998-99,Ein Frankfurt,Hamburg,2,2
1999-05-04,1998-99,Kaiserslautern,Werder Bremen,4,0
1999-05-04,1998-99,M'gladbach,Hansa Rostock,1,1
1999-05-04,1998-99,Stuttgart,Bayern Munich,0,2
1999-05-05,1998-99,Bochum,Duisburg,0,2
1999-05-05,1998-99,Hertha,Wolfsburg,2,0
1999-05-05,1998-99,Munich 1860,Freiburg,2,0
1999-05-05,1998-99,Nurnberg,Leverkusen,2,2
1999-05-05,1998-99,Schalke 04,Dortmund,1,1
1999-05-07,1998-99,Hansa Rostock,Stuttgart,3,0
1999-05-07,1998-99,Werder Bremen,Ein Frankfurt,1,2
1999-05-08,1998-99,Dortmund,Kaiserslautern,1,0
1999-05-08,1998-99,Duisburg,Schalke 04,1,2
1999-05-08,1998-99,Freiburg,M'gladbach,2,1
1999-05-08,1998-99,Hamburg,Munich 1860,3,0
1999-05-08,1998-99,Leverkusen,Bochum,2,0
1999-05-08,1998-99,Wolfsburg,Nurnberg,1,1
1999-05-09,1998-99,Bayern Munich,Hertha,1,1
1999-05-11,1998-99,Werder Bremen,Schalke 04,1,0
1999-05-14,1998-99,Hertha,Hansa Rostock,2,0
1999-05-14,1998-99,M'gladbach,Hamburg,2,2
1999-05-15,1998-99,Bochum,Wolfsburg,0,2
1999-05-15,1998-99,Duisburg,Leverkusen,0,0
1999-05-15,1998-99,Ein Frankfurt,Dortmund,2,0
1999-05-15,1998-99,Munich 1860,Werder Bremen,1,3
1999-05-15,1998-99,Nurnberg,Bayern Munich,2,0
1999-05-15,1998-99,Stuttgart,Freiburg,3,1
1999-05-16,1998-99,Schalke 04,Kaiserslautern,0,2
1999-05-22,1998-99,Bayern Munich,Bochum,4,2
1999-05-22,1998-99,Dortmund,Munich 1860,3,1
1999-05-22,1998-99,Freiburg,Hertha,0,2
1999-05-22,1998-99,Hamburg,Stuttgart,3,1
1999-05-22,1998-99,Hansa Rostock,Nurnberg,1,1
1999-05-22,1998-99,Kaiserslautern,Duisburg,3,0
1999-05-22,1998-99,Schalke 04,Ein Frankfurt,2,3
1999-05-22,1998-99,Werder Bremen,M'gladbach,4,1
1999-05-22,1998-99,Wolfsburg,Leverkusen,1,0
1999-05-29,1998-99,Bochum,Hansa Rostock,2,3
1999-05-29,1998-99,Duisburg,Wolfsburg,6,1
1999-05-29,1998-99,Ein Frankfurt,Kaiserslautern,5,1
1999-05-29,1998-99,Hertha,Hamburg,6,1
1999-05-29,1998-99,Leverkusen,Bayern Munich,1,2
1999-05-29,1998-99,M'gladbach,Dortmund,0,2
1999-05-29,1998-99,Munich 1860,Schalke 04,4,5
1999-05-29,1998-99,Nurnberg,Freiburg,1,2
1999-05-29,1998-99,Stuttgart,Werder Bremen,1,0
1999-08-13,1999-00,Duisburg,Leverkusen,0,0
1999-08-13,1999-00,Wolfsburg,Munich 1860,2,1
1999-08-14,1999-00,Bayern Munich,Hamburg,2,2
1999-08-14,1999-00,Ein Frankfurt,Unterhaching,3,0
1999-08-14,1999-00,Kaiserslautern,Dortmund,1,0
1999-08-14,1999-00,Schalke 04,Bielefeld,1,1
1999-08-14,1999-00,Stuttgart,Werder Bremen,0,0
1999-08-15,1999-00,Hertha,Hansa Rostock,5,2
1999-08-15,1999-00,Ulm,Freiburg,1,1
1999-08-20,1999-00,Bielefeld,Hertha,1,1
1999-08-20,1999-00,Unterhaching,Duisburg,2,0
1999-08-21,1999-00,Dortmund,Wolfsburg,2,1
1999-08-21,1999-00,Freiburg,Ein Frankfurt,2,3
1999-08-21,1999-00,Hamburg,Stuttgart,3,0
1999-08-21,1999-00,Munich 1860,Ulm,4,1
1999-08-21,1999-00,Werder Bremen,Schalke 04,0,1
1999-08-22,1999-00,Hansa Rostock,Kaiserslautern,4,2
1999-08-22,1999-00,Leverkusen,Bayern Munich,2,0
1999-08-27,1999-00,Kaiserslautern,Bielefeld,0,2
1999-08-27,1999-00,Schalke 04,Hamburg,1,3
1999-08-28,1999-00,Bayern Munich,Unterhaching,1,0
1999-08-28,1999-00,Freiburg,Munich 1860,3,0
1999-08-28,1999-00,Hertha,Werder Bremen,1,1
1999-08-28,1999-00,Stuttgart,Leverkusen,1,2
1999-08-28,1999-00,Wolfsburg,Hansa Rostock,2,0
1999-08-29,1999-00,Ein Frankfurt,Duisburg,2,2
1999-08-29,1999-00,Ulm,Dortmund,0,1
1999-09-10,1999-00,Bielefeld,Wolfsburg,0,0
1999-09-10,1999-00,Hansa Rostock,Ulm,2,1
1999-09-11,1999-00,Dortmund,Freiburg,1,1
1999-09-11,1999-00,Duisburg,Bayern Munich,1,2
1999-09-11,1999-00,Hamburg,Hertha,5,1
1999-09-11,1999-00,Leverkusen,Schalke 04,3,2
1999-09-11,1999-00,Unterhaching,Stuttgart,2,0
1999-09-12,1999-00,Munich 1860,Ein Frankfurt,2,0
1999-09-12,1999-00,Werder Bremen,Kaiserslautern,5,0
1999-09-17,1999-00,Freiburg,Hansa Rostock,5,0
1999-09-17,1999-00,Munich 1860,Dortmund,0,3
1999-09-18,1999-00,Ein Frankfurt,Bayern Munich,1,2
1999-09-18,1999-00,Hertha,Leverkusen,0,0
1999-09-18,1999-00,Schalke 04,Unterhaching,1,0
1999-09-18,1999-00,Stuttgart,Duisburg,4,2
1999-09-18,1999-00,Ulm,Bielefeld,2,0
1999-09-19,1999-00,Kaiserslautern,Hamburg,2,0
1999-09-19,1999-00,Wolfsburg,Werder Bremen,2,7
1999-09-24,1999-00,Bayern Munich,Stuttgart,0,1
1999-09-24,1999-00,Hamburg,Wolfsburg,2,2
1999-09-25,1999-00,Dortmund,Ein Frankfurt,1,0
1999-09-25,1999-00,Duisburg,Schalke 04,1,1
1999-09-25,1999-00,Hansa Rostock,Munich 1860,0,0
1999-09-25,1999-00,Unterhaching,Hertha,1,1
1999-09-25,1999-00,Werder Bremen,Ulm,2,2
1999-09-26,1999-00,Bielefeld,Freiburg,2,1
1999-09-26,1999-00,Leverkusen,Kaiserslautern,3,1
1999-10-01,1999-00,Ein Frankfurt,Stuttgart,0,1
1999-10-01,1999-00,Munich 1860,Bielefeld,5,0
1999-10-02,1999-00,Dortmund,Hansa Rostock,3,0
1999-10-02,1999-00,Hertha,Duisburg,2,1
1999-10-02,1999-00,Schalke 04,Bayern Munich,1,1
1999-10-02,1999-00,Ulm,Hamburg,1,2
1999-10-02,1999-00,Wolfsburg,Leverkusen,3,1
1999-10-03,1999-00,Freiburg,Werder Bremen,2,1
1999-10-03,1999-00,Kaiserslautern,Unterhaching,4,2
1999-10-15,1999-00,Bielefeld,Dortmund,0,2
1999-10-15,1999-00,Leverkusen,Ulm,4,1
1999-10-16,1999-00,Bayern Munich,Hertha,3,1
1999-10-16,1999-00,Duisburg,Kaiserslautern,2,2
1999-10-16,1999-00,Hamburg,Freiburg,2,0
1999-10-16,1999-00,Hansa Rostock,Ein Frankfurt,3,1
1999-10-16,1999-00,Werder Bremen,Munich 1860,1,3
1999-10-17,1999-00,Stuttgart,Schalke 04,0,2
1999-10-17,1999-00,Unterhaching,Wolfsburg,1,1
1999-10-22,1999-00,Ein Frankfurt,Schalke 04,0,2
1999-10-22,1999-00,Hansa Rostock,Bielefeld,2,1
1999-10-23,1999-00,Freiburg,Leverkusen,0,0
1999-10-23,1999-00,Hertha,Stuttgart,1,1
1999-10-23,1999-00,Kaiserslautern,Bayern Munich,0,2
1999-10-23,1999-00,Munich 1860,Hamburg,0,0
1999-10-23,1999-00,Ulm,Unterhaching,1,0
1999-10-24,1999-00,Dortmund,Werder Bremen,1,3
1999-10-24,1999-00,Wolfsburg,Duisburg,1,0
1999-10-29,1999-00,Bielefeld,Ein Frankfurt,1,1
1999-10-29,1999-00,Werder Bremen,Hansa Rostock,2,1
1999-10-30,1999-00,Bayern Munich,Wolfsburg,5,0
1999-10-30,1999-00,Duisburg,Ulm,0,0
1999-10-30,1999-00,Hamburg,Dortmund,1,1
1999-10-30,1999-00,Leverkusen,Munich 1860,1,1
1999-10-30,1999-00,Schalke 04,Hertha,1,1
1999-10-31,1999-00,Stuttgart,Kaiserslautern,0,1
1999-10-31,1999-00,Unterhaching,Freiburg,1,0
1999-11-05,1999-00,Freiburg,Duisburg,3,0
1999-11-05,1999-00,Hansa Rostock,Hamburg,3,3
1999-11-06,1999-00,Dortmund,Leverkusen,1,1
1999-11-06,1999-00,Ein Frankfurt,Hertha,4,0
1999-11-06,1999-00,Munich 1860,Unterhaching,2,1
1999-11-06,1999-00,Ulm,Bayern Munich,0,1
1999-11-06,1999-00,Wolfsburg,Stuttgart,0,2
1999-11-07,1999-00,Bielefeld,Werder Bremen,2,2
1999-11-07,1999-00,Kaiserslautern,Schalke 04,2,1
1999-11-19,1999-00,Werder Bremen,Ein Frankfurt,3,1
1999-11-20,1999-00,Bayern Munich,Freiburg,6,1
1999-11-20,1999-00,Hertha,Kaiserslautern,0,1
1999-11-20,1999-00,Leverkusen,Hansa Rostock,1,1
1999-11-20,1999-00,Schalke 04,Wolfsburg,1,1
1999-11-20,1999-00,Stuttgart,Ulm,2,0
1999-11-21,1999-00,Duisburg,Munich 1860,3,0
1999-11-21,1999-00,Hamburg,Bielefeld,5,0
1999-11-26,1999-00,Freiburg,Stuttgart,0,2
1999-11-26,1999-00,Ulm,Schalke 04,1,1
1999-11-27,1999-00,Bielefeld,Leverkusen,1,2
1999-11-27,1999-00,Hansa Rostock,Unterhaching,1,1
1999-11-27,1999-00,Munich 1860,Bayern Munich,1,0
1999-11-27,1999-00,Wolfsburg,Hertha,2,3
1999-11-28,1999-00,Dortmund,Duisburg,2,2
1999-11-28,1999-00,Ein Frankfurt,Kaiserslautern,0,1
1999-11-28,1999-00,Werder Bremen,Hamburg,2,1
1999-12-01,1999-00,Unterhaching,Dortmund,1,0
1999-12-03,1999-00,Duisburg,Hansa Rostock,2,2
1999-12-03,1999-00,Hamburg,Ein Frankfurt,1,0
1999-12-04,1999-00,Bayern Munich,Dortmund,1,1
1999-12-04,1999-00,Hertha,Ulm,3,0
1999-12-04,1999-00,Leverkusen,Werder Bremen,3,2
1999-12-04,1999-00,Schalke 04,Freiburg,2,2
1999-12-04,1999-00,Stuttgart,Munich 1860,1,3
1999-12-05,1999-00,Kaiserslautern,Wolfsburg,2,2
1999-12-05,1999-00,Unterhaching,Bielefeld,2,0
1999-12-10,1999-00,Bielefeld,Duisburg,0,1
1999-12-10,1999-00,Werder Bremen,Unterhaching,2,2
1999-12-11,1999-00,Dortmund,Stuttgart,1,1
1999-12-11,1999-00,Freiburg,Hertha,0,1
1999-12-11,1999-00,Hansa Rostock,Bayern Munich,0,3
1999-12-11,1999-00,Munich 1860,Schalke 04,3,3
1999-12-12,1999-00,Leverkusen,Hamburg,2,2
1999-12-12,1999-00,Ulm,Kaiserslautern,3,1
1999-12-12,1999-00,Wolfsburg,Ein Frankfurt,1,0
1999-12-14,1999-00,Bayern Munich,Bielefeld,2,1
1999-12-14,1999-00,Duisburg,Werder Bremen,0,1
1999-12-14,1999-00,Hertha,Munich 1860,1,1
1999-12-14,1999-00,Stuttgart,Hansa Rostock,3,1
1999-12-15,1999-00,Ein Frankfurt,Leverkusen,1,2
1999-12-15,1999-00,Kaiserslautern,Freiburg,0,2
1999-12-15,1999-00,Schalke 04,Dortmund,0,0
1999-12-15,1999-00,Unterhaching,Hamburg,1,1
1999-12-15,1999-00,Wolfsburg,Ulm,1,2
1999-12-17,1999-00,Bielefeld,Stuttgart,1,2
1999-12-17,1999-00,Werder Bremen,Bayern Munich,0,2
1999-12-18,1999-00,Freiburg,Wolfsburg,1,1
1999-12-18,1999-00,Hamburg,Duisburg,6,1
1999-12-18,1999-00,Leverkusen,Unterhaching,2,1
1999-12-18,1999-00,Munich 1860,Kaiserslautern,2,1
1999-12-18,1999-00,Ulm,Ein Frankfurt,3,0
1999-12-19,1999-00,Dortmund,Hertha,4,0
1999-12-19,1999-00,Hansa Rostock,Schalke 04,1,0
2000-02-04,1999-00,Dortmund,Kaiserslautern,0,1
2000-02-04,1999-00,Hansa Rostock,Hertha,0,1
2000-02-05,1999-00,Bielefeld,Schalke 04,1,2
2000-02-05,1999-00,Freiburg,Ulm,2,0
2000-02-05,1999-00,Leverkusen,Duisburg,3,0
2000-02-05,1999-00,Munich 1860,Wolfsburg,1,2
2000-02-05,1999-00,Werder Bremen,Stuttgart,2,1
2000-02-06,1999-00,Hamburg,Bayern Munich,0,0
2000-02-06,1999-00,Unterhaching,Ein Frankfurt,1,0
2000-02-08,1999-00,Hertha,Bielefeld,2,0
2000-02-08,1999-00,Kaiserslautern,Hansa Rostock,2,2
2000-02-08,1999-00,Schalke 04,Werder Bremen,3,1
2000-02-08,1999-00,Ulm,Munich 1860,3,0
2000-02-09,1999-00,Bayern Munich,Leverkusen,4,1
2000-02-09,1999-00,Duisburg,Unterhaching,2,0
2000-02-09,1999-00,Ein Frankfurt,Freiburg,2,0
2000-02-09,1999-00,Stuttgart,Hamburg,1,3
2000-02-09,1999-00,Wolfsburg,Dortmund,1,0
2000-02-11,1999-00,Bielefeld,Kaiserslautern,1,2
2000-02-11,1999-00,Werder Bremen,Hertha,4,1
2000-02-12,1999-00,Dortmund,Ulm,1,1
2000-02-12,1999-00,Duisburg,Ein Frankfurt,2,3
2000-02-12,1999-00,Hansa Rostock,Wolfsburg,1,1
2000-02-12,1999-00,Leverkusen,Stuttgart,1,0
2000-02-12,1999-00,Unterhaching,Bayern Munich,0,2
2000-02-13,1999-00,Hamburg,Schalke 04,3,1
2000-02-13,1999-00,Munich 1860,Freiburg,3,1
2000-02-18,1999-00,Hertha,Hamburg,2,1
2000-02-18,1999-00,Schalke 04,Leverkusen,1,1
2000-02-19,1999-00,Bayern Munich,Duisburg,4,1
2000-02-19,1999-00,Ein Frankfurt,Munich 1860,3,1
2000-02-19,1999-00,Freiburg,Dortmund,1,1
2000-02-19,1999-00,Kaiserslautern,Werder Bremen,4,3
2000-02-19,1999-00,Stuttgart,Unterhaching,0,2
2000-02-20,1999-00,Ulm,Hansa Rostock,1,1
2000-02-20,1999-00,Wolfsburg,Bielefeld,2,0
2000-02-25,1999-00,Hansa Rostock,Freiburg,1,1
2000-02-26,1999-00,Bayern Munich,Ein Frankfurt,4,1
2000-02-26,1999-00,Duisburg,Stuttgart,1,3
2000-02-26,1999-00,Hamburg,Kaiserslautern,2,1
2000-02-26,1999-00,Leverkusen,Hertha,3,1
2000-02-26,1999-00,Werder Bremen,Wolfsburg,2,2
2000-02-27,1999-00,Dortmund,Munich 1860,1,1
2000-02-27,1999-00,Unterhaching,Schalke 04,3,1
2000-02-28,1999-00,Bielefeld,Ulm,4,1
2000-03-03,1999-00,Freiburg,Bielefeld,1,1
2000-03-03,1999-00,Wolfsburg,Hamburg,4,4
2000-03-04,1999-00,Hertha,Unterhaching,2,1
2000-03-04,1999-00,Kaiserslautern,Leverkusen,1,3
2000-03-04,1999-00,Munich 1860,Hansa Rostock,4,3
2000-03-04,1999-00,Schalke 04,Duisburg,3,0
2000-03-04,1999-00,Stuttgart,Bayern Munich,2,0
2000-03-05,1999-00,Ein Frankfurt,Dortmund,1,1
2000-03-05,1999-00,Ulm,Werder Bremen,2,1
2000-03-10,1999-00,Stuttgart,Ein Frankfurt,0,2
2000-03-10,1999-00,Unterhaching,Kaiserslautern,1,2
2000-03-11,1999-00,Bayern Munich,Schalke 04,4,1
2000-03-11,1999-00,Bielefeld,Munich 1860,2,2
2000-03-11,1999-00,Duisburg,Hertha,0,0
2000-03-11,1999-00,Hamburg,Ulm,1,2
2000-03-11,1999-00,Leverkusen,Wolfsburg,4,1
2000-03-12,1999-00,Hansa Rostock,Dortmund,1,0
2000-03-12,1999-00,Werder Bremen,Freiburg,5,2
2000-03-17,1999-00,Ein Frankfurt,Hansa Rostock,0,0
2000-03-17,1999-00,Wolfsburg,Unterhaching,2,2
2000-03-18,1999-00,Freiburg,Hamburg,0,2
2000-03-18,1999-00,Hertha,Bayern Munich,1,1
2000-03-18,1999-00,Kaiserslautern,Duisburg,3,2
2000-03-18,1999-00,Schalke 04,Stuttgart,3,0
2000-03-18,1999-00,Ulm,Leverkusen,1,9
2000-03-19,1999-00,Dortmund,Bielefeld,1,3
2000-03-19,1999-00,Munich 1860,Werder Bremen,1,0
2000-03-24,1999-00,Bielefeld,Hansa Rostock,2,2
2000-03-24,1999-00,Unterhaching,Ulm,1,0
2000-03-25,1999-00,Bayern Munich,Kaiserslautern,2,2
2000-03-25,1999-00,Duisburg,Wolfsburg,2,3
2000-03-25,1999-00,Hamburg,Munich 1860,2,0
2000-03-25,1999-00,Leverkusen,Freiburg,1,1
2000-03-25,1999-00,Stuttgart,Hertha,1,0
2000-03-26,1999-00,Schalke 04,Ein Frankfurt,0,0
2000-03-26,1999-00,Werder Bremen,Dortmund,3,2
2000-03-31,1999-00,Freiburg,Unterhaching,4,3
2000-03-31,1999-00,Ulm,Duisburg,0,3
2000-04-01,1999-00,Dortmund,Hamburg,0,1
2000-04-01,1999-00,Ein Frankfurt,Bielefeld,2,1
2000-04-01,1999-00,Hertha,Schalke 04,2,1
2000-04-01,1999-00,Munich 1860,Leverkusen,1,2
2000-04-01,1999-00,Wolfsburg,Bayern Munich,1,1
2000-04-02,1999-00,Hansa Rostock,Werder Bremen,1,1
2000-04-02,1999-00,Kaiserslautern,Stuttgart,1,2
2000-04-07,1999-00,Hamburg,Hansa Rostock,1,0
2000-04-07,1999-00,Unterhaching,Munich 1860,1,1
2000-04-08,1999-00,Bayern Munich,Ulm,4,0
2000-04-08,1999-00,Hertha,Ein Frankfurt,1,0
2000-04-08,1999-00,Leverkusen,Dortmund,3,1
2000-04-08,1999-00,Schalke 04,Kaiserslautern,1,2
2000-04-08,1999-00,Stuttgart,Wolfsburg,2,5
2000-04-09,1999-00,Duisburg,Freiburg,1,2
2000-04-09,1999-00,Werder Bremen,Bielefeld,3,1
2000-04-11,1999-00,Dortmund,Unterhaching,1,3
2000-04-11,1999-00,Kaiserslautern,Hertha,1,2
2000-04-11,1999-00,Ulm,Stuttgart,1,1
2000-04-11,1999-00,Wolfsburg,Schalke 04,0,0
2000-04-12,1999-00,Bielefeld,Hamburg,3,0
2000-04-12,1999-00,Ein Frankfurt,Werder Bremen,1,0
2000-04-12,1999-00,Freiburg,Bayern Munich,1,2
2000-04-12,1999-00,Hansa Rostock,Leverkusen,1,1
2000-04-12,1999-00,Munich 1860,Duisburg,4,1
2000-04-14,1999-00,Hertha,Wolfsburg,0,0
2000-04-14,1999-00,Schalke 04,Ulm,0,0
2000-04-15,1999-00,Bayern Munich,Munich 1860,1,2
2000-04-15,1999-00,Duisburg,Dortmund,2,2
2000-04-15,1999-00,Hamburg,Werder Bremen,0,0
2000-04-15,1999-00,Kaiserslautern,Ein Frankfurt,1,0
2000-04-15,1999-00,Stuttgart,Freiburg,1,0
2000-04-16,1999-00,Leverkusen,Bielefeld,4,1
2000-04-16,1999-00,Unterhaching,Hansa Rostock,1,1
2000-04-20,1999-00,Ein Frankfurt,Hamburg,3,0
2000-04-20,1999-00,Werder Bremen,Leverkusen,1,3
2000-04-22,1999-00,Freiburg,Schalke 04,2,1
2000-04-22,1999-00,Hansa Rostock,Duisburg,3,1
2000-04-22,1999-00,Munich 1860,Stuttgart,1,1
2000-04-22,1999-00,Ulm,Hertha,0,1
2000-04-22,1999-00,Wolfsburg,Kaiserslautern,3,2
2000-04-23,1999-00,Bielefeld,Unterhaching,1,0
2000-04-23,1999-00,Dortmund,Bayern Munich,0,1
2000-04-27,1999-00,Duisburg,Bielefeld,0,3
2000-04-28,1999-00,Ein Frankfurt,Wolfsburg,4,0
2000-04-28,1999-00,Hertha,Freiburg,0,0
2000-04-29,1999-00,Bayern Munich,Hansa Rostock,4,1
2000-04-29,1999-00,Kaiserslautern,Ulm,6,2
2000-04-29,1999-00,Schalke 04,Munich 1860,2,2
2000-04-29,1999-00,Stuttgart,Dortmund,1,2
2000-04-30,1999-00,Hamburg,Leverkusen,0,2
2000-04-30,1999-00,Unterhaching,Werder Bremen,1,0
2000-05-13,1999-00,Bielefeld,Bayern Munich,0,3
2000-05-13,1999-00,Dortmund,Schalke 04,1,1
2000-05-13,1999-00,Freiburg,Kaiserslautern,2,1
2000-05-13,1999-00,Hamburg,Unterhaching,3,0
2000-05-13,1999-00,Hansa Rostock,Stuttgart,1,4
2000-05-13,1999-00,Leverkusen,Ein Frankfurt,4,1
2000-05-13,1999-00,Munich 1860,Hertha,2,1
2000-05-13,1999-00,Ulm,Wolfsburg,2,0
2000-05-13,1999-00,Werder Bremen,Duisburg,4,0
2000-05-20,1999-00,Bayern Munich,Werder Bremen,3,1
2000-05-20,1999-00,Duisburg,Hamburg,1,1
2000-05-20,1999-00,Ein Frankfurt,Ulm,2,1
2000-05-20,1999-00,Hertha,Dortmund,0,3
2000-05-20,1999-00,Kaiserslautern,Munich 1860,1,1
2000-05-20,1999-00,Schalke 04,Hansa Rostock,0,2
2000-05-20,1999-00,Stuttgart,Bielefeld,3,3
2000-05-20,1999-00,Unterhaching,Leverkusen,2,0
2000-05-20,1999-00,Wolfsburg,Freiburg,2,1
2000-08-11,2000-01,Dortmund,Hansa Rostock,1,0
2000-08-12,2000-01,Bayern Munich,Hertha,4,1
2000-08-12,2000-01,Freiburg,Stuttgart,4,0
2000-08-12,2000-01,Hamburg,Munich 1860,2,2
2000-08-12,2000-01,Kaiserslautern,Bochum,0,1
2000-08-12,2000-01,Leverkusen,Wolfsburg,2,0
2000-08-12,2000-01,Werder Bremen,Cottbus,3,1
2000-08-13,2000-01,Ein Frankfurt,Unterhaching,3,0
2000-08-13,2000-01,Schalke 04,FC Koln,2,1
2000-08-18,2000-01,Cottbus,Dortmund,1,4
2000-08-19,2000-01,Munich 1860,Werder Bremen,2,1
2000-08-19,2000-01,Bochum,Bayern Munich,0,3
2000-08-19,2000-01,Hertha,Hamburg,4,0
2000-08-19,2000-01,Stuttgart,Leverkusen,4,1
2000-08-19,2000-01,Unterhaching,Freiburg,1,1
2000-08-19,2000-01,Wolfsburg,Kaiserslautern,4,0
2000-08-20,2000-01,FC Koln,Ein Frankfurt,4,1
2000-08-20,2000-01,Hansa Rostock,Schalke 04,0,4
2000-09-05,2000-01,Freiburg,FC Koln,0,0
2000-09-05,2000-01,Kaiserslautern,Stuttgart,1,0
2000-09-05,2000-01,Leverkusen,Unterhaching,1,0
2000-09-05,2000-01,Schalke 04,Cottbus,3,0
2000-09-06,2000-01,Bayern Munich,Wolfsburg,3,1
2000-09-06,2000-01,Dortmund,Munich 1860,2,3
2000-09-06,2000-01,Ein Frankfurt,Hansa Rostock,4,0
2000-09-06,2000-01,Hamburg,Werder Bremen,2,1
2000-09-06,2000-01,Hertha,Bochum,4,0
2000-09-08,2000-01,Unterhaching,Kaiserslautern,0,0
2000-09-09,2000-01,FC Koln,Leverkusen,1,1
2000-09-09,2000-01,Munich 1860,Schalke 04,1,1
2000-09-09,2000-01,Bochum,Hamburg,0,4
2000-09-09,2000-01,Stuttgart,Bayern Munich,2,1
2000-09-09,2000-01,Werder Bremen,Dortmund,1,2
2000-09-09,2000-01,Wolfsburg,Hertha,2,1
2000-09-10,2000-01,Cottbus,Ein Frankfurt,2,0
2000-09-10,2000-01,Hansa Rostock,Freiburg,0,0
2000-09-15,2000-01,Kaiserslautern,FC Koln,3,1
2000-09-16,2000-01,Bayern Munich,Unterhaching,3,1
2000-09-16,2000-01,Bochum,Wolfsburg,2,1
2000-09-16,2000-01,Ein Frankfurt,Munich 1860,1,0
2000-09-16,2000-01,Freiburg,Cottbus,4,1
2000-09-16,2000-01,Hamburg,Dortmund,2,3
2000-09-16,2000-01,Leverkusen,Hansa Rostock,1,2
2000-09-17,2000-01,Hertha,Stuttgart,2,0
2000-09-17,2000-01,Schalke 04,Werder Bremen,1,1
2000-09-22,2000-01,Munich 1860,Freiburg,3,1
2000-09-23,2000-01,FC Koln,Bayern Munich,1,2
2000-09-23,2000-01,Cottbus,Leverkusen,1,2
2000-09-23,2000-01,Dortmund,Schalke 04,0,4
2000-09-23,2000-01,Stuttgart,Bochum,1,1
2000-09-23,2000-01,Werder Bremen,Ein Frankfurt,1,1
2000-09-23,2000-01,Wolfsburg,Hamburg,4,4
2000-09-24,2000-01,Hansa Rostock,Kaiserslautern,1,0
2000-09-24,2000-01,Unterhaching,Hertha,5,2
2000-09-29,2000-01,Ein Frankfurt,Dortmund,1,1
2000-09-30,2000-01,Bayern Munich,Hansa Rostock,0,1
2000-09-30,2000-01,Bochum,Unterhaching,3,0
2000-09-30,2000-01,Hamburg,Schalke 04,2,0
2000-09-30,2000-01,Hertha,FC Koln,4,2
2000-09-30,2000-01,Kaiserslautern,Cottbus,1,1
2000-09-30,2000-01,Leverkusen,Munich 1860,0,0
2000-10-01,2000-01,Freiburg,Werder Bremen,0,1
2000-10-01,2000-01,Wolfsburg,Stuttgart,2,2
2000-10-13,2000-01,Dortmund,Freiburg,1,0
2000-10-14,2000-01,FC Koln,Bochum,2,0
2000-10-14,2000-01,Munich 1860,Kaiserslautern,0,4
2000-10-14,2000-01,Cottbus,Bayern Munich,1,0
2000-10-14,2000-01,Schalke 04,Ein Frankfurt,4,0
2000-10-14,2000-01,Stuttgart,Hamburg,3,3
2000-10-14,2000-01,Werder Bremen,Leverkusen,3,3
2000-10-15,2000-01,Hansa Rostock,Hertha,0,2
2000-10-15,2000-01,Unterhaching,Wolfsburg,0,3
2000-10-20,2000-01,Kaiserslautern,Werder Bremen,2,0
2000-10-21,2000-01,Bayern Munich,Munich 1860,3,1
2000-10-21,2000-01,Hamburg,Ein Frankfurt,2,0
2000-10-21,2000-01,Hertha,Cottbus,3,1
2000-10-21,2000-01,Leverkusen,Dortmund,2,0
2000-10-21,2000-01,Stuttgart,Unterhaching,2,2
2000-10-21,2000-01,Wolfsburg,FC Koln,6,0
2000-10-22,2000-01,Bochum,Hansa Rostock,1,2
2000-10-22,2000-01,Freiburg,Schalke 04,3,1
2000-10-27,2000-01,Cottbus,Bochum,2,0
2000-10-28,2000-01,Dortmund,Kaiserslautern,1,2
2000-10-28,2000-01,Ein Frankfurt,Freiburg,3,0
2000-10-28,2000-01,Hansa Rostock,Wolfsburg,1,1
2000-10-28,2000-01,Schalke 04,Leverkusen,0,0
2000-10-28,2000-01,Unterhaching,Hamburg,2,1
2000-10-28,2000-01,Werder Bremen,Bayern Munich,1,1
2000-10-29,2000-01,FC Koln,Stuttgart,3,2
2000-10-29,2000-01,Munich 1860,Hertha,0,1
2000-11-03,2000-01,Leverkusen,Ein Frankfurt,1,0
2000-11-04,2000-01,Bayern Munich,Dortmund,6,2
2000-11-04,2000-01,Bochum,Munich 1860,1,1
2000-11-04,2000-01,Hamburg,Freiburg,5,0
2000-11-04,2000-01,Hertha,Werder Bremen,4,1
2000-11-04,2000-01,Kaiserslautern,Schalke 04,3,2
2000-11-04,2000-01,Stuttgart,Hansa Rostock,1,0
2000-11-05,2000-01,Unterhaching,FC Koln,0,0
2000-11-05,2000-01,Wolfsburg,Cottbus,1,1
2000-11-10,2000-01,Dortmund,Hertha,2,0
2000-11-11,2000-01,FC Koln,Hamburg,4,2
2000-11-11,2000-01,Munich 1860,Wolfsburg,2,2
2000-11-11,2000-01,Freiburg,Leverkusen,0,1
2000-11-11,2000-01,Hansa Rostock,Unterhaching,2,2
2000-11-11,2000-01,Schalke 04,Bayern Munich,3,2
2000-11-11,2000-01,Werder Bremen,Bochum,2,0
2000-11-12,2000-01,Cottbus,Stuttgart,2,1
2000-11-12,2000-01,Ein Frankfurt,Kaiserslautern,3,1
2000-11-17,2000-01,Stuttgart,Munich 1860,2,2
2000-11-18,2000-01,FC Koln,Hansa Rostock,5,2
2000-11-18,2000-01,Bayern Munich,Ein Frankfurt,1,2
2000-11-18,2000-01,Hamburg,Leverkusen,1,3
2000-11-18,2000-01,Hertha,Schalke 04,0,4
2000-11-18,2000-01,Kaiserslautern,Freiburg,0,2
2000-11-18,2000-01,Wolfsburg,Werder Bremen,1,1
2000-11-19,2000-01,Bochum,Dortmund,1,1
2000-11-19,2000-01,Unterhaching,Cottbus,2,1
2000-11-24,2000-01,Schalke 04,Bochum,2,1
2000-11-25,2000-01,Cottbus,FC Koln,0,2
2000-11-25,2000-01,Dortmund,Wolfsburg,2,1
2000-11-25,2000-01,Ein Frankfurt,Hertha,0,4
2000-11-25,2000-01,Freiburg,Bayern Munich,1,1
2000-11-25,2000-01,Hansa Rostock,Hamburg,1,0
2000-11-26,2000-01,Munich 1860,Unterhaching,0,2
2000-11-26,2000-01,Leverkusen,Kaiserslautern,4,2
2000-11-26,2000-01,Werder Bremen,Stuttgart,1,0
2000-12-02,2000-01,FC Koln,Munich 1860,4,0
2000-12-02,2000-01,Bayern Munich,Leverkusen,2,0
2000-12-02,2000-01,Bochum,Ein Frankfurt,2,1
2000-12-02,2000-01,Hertha,Freiburg,2,2
2000-12-02,2000-01,Stuttgart,Dortmund,0,2
2000-12-02,2000-01,Wolfsburg,Schalke 04,2,0
2000-12-03,2000-01,Cottbus,Hansa Rostock,1,0
2000-12-03,2000-01,Kaiserslautern,Hamburg,2,1
2000-12-08,2000-01,Ein Frankfurt,Wolfsburg,1,2
2000-12-09,2000-01,Munich 1860,Hansa Rostock,2,1
2000-12-09,2000-01,Dortmund,Unterhaching,3,0
2000-12-09,2000-01,Freiburg,Bochum,5,0
2000-12-09,2000-01,Kaiserslautern,Bayern Munich,0,0
2000-12-09,2000-01,Schalke 04,Stuttgart,2,1
2000-12-10,2000-01,Hamburg,Cottbus,2,1
2000-12-10,2000-01,Leverkusen,Hertha,4,0
2000-12-10,2000-01,Werder Bremen,FC Koln,2,1
2000-12-12,2000-01,Stuttgart,Ein Frankfurt,4,1
2000-12-12,2000-01,Unterhaching,Schalke 04,0,2
2000-12-12,2000-01,Wolfsburg,Freiburg,1,2
2000-12-13,2000-01,FC Koln,Dortmund,0,0
2000-12-13,2000-01,Bayern Munich,Hamburg,2,1
2000-12-13,2000-01,Bochum,Leverkusen,3,2
2000-12-13,2000-01,Cottbus,Munich 1860,2,3
2000-12-13,2000-01,Hansa Rostock,Werder Bremen,5,2
2000-12-13,2000-01,Hertha,Kaiserslautern,2,4
2000-12-15,2000-01,Unterhaching,Ein Frankfurt,2,0
2000-12-16,2000-01,FC Koln,Schalke 04,2,2
2000-12-16,2000-01,Munich 1860,Hamburg,2,1
2000-12-16,2000-01,Bochum,Kaiserslautern,0,1
2000-12-16,2000-01,Hansa Rostock,Dortmund,1,2
2000-12-16,2000-01,Stuttgart,Freiburg,0,0
2000-12-16,2000-01,Wolfsburg,Leverkusen,2,0
2000-12-17,2000-01,Cottbus,Werder Bremen,3,1
2000-12-17,2000-01,Hertha,Bayern Munich,1,3
2000-12-20,2000-01,Unterhaching,Werder Bremen,0,0
2001-01-26,2000-01,Schalke 04,Hansa Rostock,2,0
2001-01-27,2000-01,Bayern Munich,Bochum,3,2
2001-01-27,2000-01,Dortmund,Cottbus,2,0
2001-01-27,2000-01,Ein Frankfurt,FC Koln,1,5
2001-01-27,2000-01,Freiburg,Unterhaching,2,0
2001-01-27,2000-01,Kaiserslautern,Wolfsburg,0,0
2001-01-27,2000-01,Werder Bremen,Munich 1860,2,0
2001-01-28,2000-01,Hamburg,Hertha,1,2
2001-01-28,2000-01,Leverkusen,Stuttgart,4,0
2001-02-02,2000-01,Munich 1860,Dortmund,1,0
2001-02-03,2000-01,FC Koln,Freiburg,0,1
2001-02-03,2000-01,Bochum,Hertha,1,3
2001-02-03,2000-01,Cottbus,Schalke 04,4,1
2001-02-03,2000-01,Stuttgart,Kaiserslautern,6,1
2001-02-03,2000-01,Werder Bremen,Hamburg,3,1
2001-02-03,2000-01,Wolfsburg,Bayern Munich,1,3
2001-02-04,2000-01,Hansa Rostock,Ein Frankfurt,0,2
2001-02-04,2000-01,Unterhaching,Leverkusen,1,2
2001-02-09,2000-01,Ein Frankfurt,Cottbus,1,0
2001-02-10,2000-01,Bayern Munich,Stuttgart,1,0
2001-02-10,2000-01,Hamburg,Bochum,3,0
2001-02-10,2000-01,Hertha,Wolfsburg,1,3
2001-02-10,2000-01,Kaiserslautern,Unterhaching,4,0
2001-02-10,2000-01,Leverkusen,FC Koln,4,1
2001-02-10,2000-01,Schalke 04,Munich 1860,2,0
2001-02-11,2000-01,Dortmund,Werder Bremen,0,0
2001-02-11,2000-01,Freiburg,Hansa Rostock,0,0
2001-02-16,2000-01,Munich 1860,Ein Frankfurt,2,2
2001-02-17,2000-01,Cottbus,Freiburg,0,2
2001-02-17,2000-01,Dortmund,Hamburg,4,2
2001-02-17,2000-01,Hansa Rostock,Leverkusen,2,1
2001-02-17,2000-01,Unterhaching,Bayern Munich,1,0
2001-02-17,2000-01,Werder Bremen,Schalke 04,2,1
2001-02-17,2000-01,Wolfsburg,Bochum,0,0
2001-02-18,2000-01,FC Koln,Kaiserslautern,0,1
2001-02-18,2000-01,Stuttgart,Hertha,0,1
2001-02-23,2000-01,Leverkusen,Cottbus,1,3
2001-02-24,2000-01,Bayern Munich,FC Koln,1,1
2001-02-24,2000-01,Ein Frankfurt,Werder Bremen,1,2
2001-02-24,2000-01,Freiburg,Munich 1860,0,3
2001-02-24,2000-01,Hamburg,Wolfsburg,3,2
2001-02-24,2000-01,Schalke 04,Dortmund,0,0
2001-02-25,2000-01,Bochum,Stuttgart,0,0
2001-02-25,2000-01,Kaiserslautern,Hansa Rostock,0,1
2001-03-02,2000-01,Dortmund,Ein Frankfurt,6,1
2001-03-03,2000-01,FC Koln,Hertha,1,0
2001-03-03,2000-01,Cottbus,Kaiserslautern,0,2
2001-03-03,2000-01,Hansa Rostock,Bayern Munich,3,2
2001-03-03,2000-01,Stuttgart,Wolfsburg,2,1
2001-03-03,2000-01,Unterhaching,Bochum,2,1
2001-03-03,2000-01,Werder Bremen,Freiburg,3,1
2001-03-04,2000-01,Munich 1860,Leverkusen,1,0
2001-03-04,2000-01,Schalke 04,Hamburg,0,1
2001-03-07,2000-01,Hertha,Unterhaching,2,1
2001-03-09,2000-01,Leverkusen,Werder Bremen,3,0
2001-03-10,2000-01,Bayern Munich,Cottbus,2,0
2001-03-10,2000-01,Bochum,FC Koln,2,3
2001-03-10,2000-01,Ein Frankfurt,Schalke 04,0,0
2001-03-10,2000-01,Freiburg,Dortmund,2,2
2001-03-10,2000-01,Hertha,Hansa Rostock,1,0
2001-03-10,2000-01,Wolfsburg,Unterhaching,6,1
2001-03-11,2000-01,Hamburg,Stuttgart,2,2
2001-03-11,2000-01,Kaiserslautern,Munich 1860,3,2
2001-03-16,2000-01,FC Koln,Wolfsburg,0,0
2001-03-17,2000-01,Munich 1860,Bayern Munich,0,2
2001-03-17,2000-01,Cottbus,Hertha,3,0
2001-03-17,2000-01,Dortmund,Leverkusen,1,3
2001-03-17,2000-01,Ein Frankfurt,Hamburg,1,1
2001-03-17,2000-01,Hansa Rostock,Bochum,2,0
2001-03-17,2000-01,Schalke 04,Freiburg,0,0
2001-03-18,2000-01,Unterhaching,Stuttgart,0,0
2001-03-18,2000-01,Werder Bremen,Kaiserslautern,1,2
2001-03-30,2000-01,Wolfsburg,Hansa Rostock,2,1
2001-03-31,2000-01,Bayern Munich,Werder Bremen,2,3
2001-03-31,2000-01,Freiburg,Ein Frankfurt,5,2
2001-03-31,2000-01,Hamburg,Unterhaching,1,1
2001-03-31,2000-01,Hertha,Munich 1860,3,0
2001-03-31,2000-01,Leverkusen,Schalke 04,0,3
2001-03-31,2000-01,Stuttgart,FC Koln,0,3
2001-04-01,2000-01,Bochum,Cottbus,1,0
2001-04-01,2000-01,Kaiserslautern,Dortmund,1,4
2001-04-06,2000-01,Cottbus,Wolfsburg,0,0
2001-04-07,2000-01,FC Koln,Unterhaching,1,1
2001-04-07,2000-01,Munich 1860,Bochum,2,4
2001-04-07,2000-01,Dortmund,Bayern Munich,1,1
2001-04-07,2000-01,Ein Frankfurt,Leverkusen,1,3
2001-04-07,2000-01,Freiburg,Hamburg,0,0
2001-04-07,2000-01,Werder Bremen,Hertha,3,1
2001-04-08,2000-01,Hansa Rostock,Stuttgart,1,1
2001-04-08,2000-01,Schalke 04,Kaiserslautern,5,1
2001-04-12,2000-01,Stuttgart,Cottbus,1,0
2001-04-14,2000-01,Bayern Munich,Schalke 04,1,3
2001-04-14,2000-01,Bochum,Werder Bremen,1,2
2001-04-14,2000-01,Hertha,Dortmund,1,0
2001-04-14,2000-01,Kaiserslautern,Ein Frankfurt,4,2
2001-04-14,2000-01,Leverkusen,Freiburg,1,3
2001-04-14,2000-01,Wolfsburg,Munich 1860,0,1
2001-04-15,2000-01,Hamburg,FC Koln,1,1
2001-04-15,2000-01,Unterhaching,Hansa Rostock,1,1
2001-04-20,2000-01,Dortmund,Bochum,5,0
2001-04-21,2000-01,Cottbus,Unterhaching,1,0
2001-04-21,2000-01,Ein Frankfurt,Bayern Munich,0,2
2001-04-21,2000-01,Hansa Rostock,FC Koln,2,1
2001-04-21,2000-01,Leverkusen,Hamburg,1,1
2001-04-21,2000-01,Schalke 04,Hertha,3,1
2001-04-21,2000-01,Werder Bremen,Wolfsburg,2,3
2001-04-22,2000-01,Munich 1860,Stuttgart,2,1
2001-04-22,2000-01,Freiburg,Kaiserslautern,5,2
2001-04-27,2000-01,Wolfsburg,Dortmund,1,1
2001-04-28,2000-01,FC Koln,Cottbus,4,0
2001-04-28,2000-01,Bayern Munich,Freiburg,1,0
2001-04-28,2000-01,Bochum,Schalke 04,1,1
2001-04-28,2000-01,Hertha,Ein Frankfurt,3,0
2001-04-28,2000-01,Kaiserslautern,Leverkusen,0,1
2001-04-28,2000-01,Stuttgart,Werder Bremen,2,1
2001-04-29,2000-01,Hamburg,Hansa Rostock,2,1
2001-04-29,2000-01,Unterhaching,Munich 1860,3,2
2001-05-04,2000-01,Dortmund,Stuttgart,0,0
2001-05-05,2000-01,Munich 1860,FC Koln,3,1
2001-05-05,2000-01,Ein Frankfurt,Bochum,3,0
2001-05-05,2000-01,Hamburg,Kaiserslautern,1,1
2001-05-05,2000-01,Hansa Rostock,Cottbus,1,0
2001-05-05,2000-01,Leverkusen,Bayern Munich,0,1
2001-05-05,2000-01,Schalke 04,Wolfsburg,2,1
2001-05-06,2000-01,Freiburg,Hertha,1,0
2001-05-06,2000-01,Werder Bremen,Unterhaching,0,0
2001-05-12,2000-01,FC Koln,Werder Bremen,1,3
2001-05-12,2000-01,Bayern Munich,Kaiserslautern,2,1
2001-05-12,2000-01,Bochum,Freiburg,1,3
2001-05-12,2000-01,Cottbus,Hamburg,4,2
2001-05-12,2000-01,Hansa Rostock,Munich 1860,0,0
2001-05-12,2000-01,Hertha,Leverkusen,1,1
2001-05-12,2000-01,Stuttgart,Schalke 04,1,0
2001-05-12,2000-01,Unterhaching,Dortmund,1,4
2001-05-12,2000-01,Wolfsburg,Ein Frankfurt,3,0
2001-05-19,2000-01,Munich 1860,Cottbus,0,1
2001-05-19,2000-01,Dortmund,FC Koln,3,3
2001-05-19,2000-01,Ein Frankfurt,Stuttgart,2,1
2001-05-19,2000-01,Freiburg,Wolfsburg,4,1
2001-05-19,2000-01,Hamburg,Bayern Munich,1,1
2001-05-19,2000-01,Kaiserslautern,Hertha,0,1
2001-05-19,2000-01,Leverkusen,Bochum,1,0
2001-05-19,2000-01,Schalke 04,Unterhaching,5,3
2001-05-19,2000-01,Werder Bremen,Hansa Rostock,3,0
2001-07-28,2001-02,Cottbus,Hamburg,1,0
2001-07-28,2001-02,Dortmund,Nurnberg,2,0
2001-07-28,2001-02,Freiburg,Werder Bremen,3,0
2001-07-28,2001-02,Leverkusen,Wolfsburg,2,1
2001-07-28,2001-02,M'gladbach,Bayern Munich,1,0
2001-07-28,2001-02,Munich 1860,Kaiserslautern,0,4
2001-07-28,2001-02,Stuttgart,FC Koln,0,0
2001-07-29,2001-02,St Pauli,Hertha,0,0
2001-08-04,2001-02,Bayern Munich,Schalke 04,3,0
2001-08-04,2001-02,FC Koln,Munich 1860,2,0
2001-08-04,2001-02,Hamburg,Stuttgart,2,0
2001-08-04,2001-02,Hansa Rostock,Leverkusen,0,3
2001-08-04,2001-02,Hertha,Dortmund,0,2
2001-08-04,2001-02,Werder Bremen,Cottbus,3,2
2001-08-04,2001-02,Wolfsburg,St Pauli,1,1
2001-08-05,2001-02,Kaiserslautern,M'gladbach,3,2
2001-08-05,2001-02,Nurnberg,Freiburg,2,0
2001-08-11,2001-02,Cottbus,Nurnberg,1,0
2001-08-11,2001-02,Dortmund,Wolfsburg,4,0
2001-08-11,2001-02,Freiburg,Hertha,1,3
2001-08-11,2001-02,Kaiserslautern,FC Koln,2,1
2001-08-11,2001-02,Leverkusen,Bayern Munich,1,1
2001-08-11,2001-02,Munich 1860,Hamburg,1,1
2001-08-11,2001-02,Stuttgart,Werder Bremen,0,0
2001-08-12,2001-02,M'gladbach,Schalke 04,0,0
2001-08-12,2001-02,St Pauli,Hansa Rostock,0,1
2001-08-18,2001-02,Bayern Munich,St Pauli,2,0
2001-08-18,2001-02,Hamburg,Kaiserslautern,2,3
2001-08-18,2001-02,Hansa Rostock,Dortmund,0,2
2001-08-18,2001-02,Nurnberg,Stuttgart,2,4
2001-08-18,2001-02,Schalke 04,Leverkusen,3,3
2001-08-18,2001-02,Werder Bremen,Munich 1860,1,3
2001-08-18,2001-02,Wolfsburg,Freiburg,1,1
2001-08-19,2001-02,FC Koln,M'gladbach,0,2
2001-08-19,2001-02,Hertha,Cottbus,2,3
2001-08-21,2001-02,Schalke 04,Hansa Rostock,3,1
2001-09-08,2001-02,Cottbus,Wolfsburg,3,3
2001-09-08,2001-02,Dortmund,Bayern Munich,0,2
2001-09-08,2001-02,Freiburg,Hansa Rostock,1,1
2001-09-08,2001-02,M'gladbach,Leverkusen,0,1
2001-09-08,2001-02,Munich 1860,Nurnberg,1,0
2001-09-08,2001-02,St Pauli,Schalke 04,0,2
2001-09-08,2001-02,Stuttgart,Hertha,0,0
2001-09-09,2001-02,FC Koln,Hamburg,2,1
2001-09-09,2001-02,Kaiserslautern,Werder Bremen,2,1
2001-09-15,2001-02,Bayern Munich,Freiburg,1,0
2001-09-15,2001-02,Hamburg,M'gladbach,3,3
2001-09-15,2001-02,Leverkusen,St Pauli,3,1
2001-09-15,2001-02,Nurnberg,Kaiserslautern,0,2
2001-09-15,2001-02,Schalke 04,Dortmund,1,0
2001-09-15,2001-02,Werder Bremen,FC Koln,1,1
2001-09-15,2001-02,Wolfsburg,Stuttgart,0,2
2001-09-16,2001-02,Hansa Rostock,Cottbus,0,0
2001-09-16,2001-02,Hertha,Munich 1860,2,1
2001-09-22,2001-02,Cottbus,Bayern Munich,0,3
2001-09-22,2001-02,Dortmund,Leverkusen,1,1
2001-09-22,2001-02,FC Koln,Nurnberg,1,2
2001-09-22,2001-02,Freiburg,Schalke 04,2,0
2001-09-22,2001-02,Hamburg,Werder Bremen,0,4
2001-09-22,2001-02,Kaiserslautern,Hertha,4,1
2001-09-22,2001-02,Stuttgart,Hansa Rostock,2,1
2001-09-23,2001-02,M'gladbach,St Pauli,2,2
2001-09-23,2001-02,Munich 1860,Wolfsburg,2,1
2001-09-29,2001-02,Hansa Rostock,Munich 1860,2,2
2001-09-29,2001-02,Hertha,FC Koln,3,0
2001-09-29,2001-02,Nurnberg,Hamburg,0,0
2001-09-29,2001-02,Schalke 04,Cottbus,2,0
2001-09-29,2001-02,St Pauli,Dortmund,1,2
2001-09-29,2001-02,Werder Bremen,M'gladbach,1,0
2001-09-29,2001-02,Wolfsburg,Kaiserslautern,2,0
2001-09-30,2001-02,Bayern Munich,Stuttgart,4,0
2001-09-30,2001-02,Leverkusen,Freiburg,4,1
2001-10-13,2001-02,Cottbus,Leverkusen,2,3
2001-10-13,2001-02,Freiburg,St Pauli,2,2
2001-10-13,2001-02,Hamburg,Hertha,4,0
2001-10-13,2001-02,Kaiserslautern,Hansa Rostock,3,1
2001-10-13,2001-02,M'gladbach,Dortmund,1,2
2001-10-13,2001-02,Munich 1860,Bayern Munich,1,5
2001-10-13,2001-02,Stuttgart,Schalke 04,3,0
2001-10-14,2001-02,FC Koln,Wolfsburg,0,4
2001-10-14,2001-02,Werder Bremen,Nurnberg,3,0
2001-10-20,2001-02,Bayern Munich,Kaiserslautern,4,1
2001-10-20,2001-02,Hansa Rostock,FC Koln,3,0
2001-10-20,2001-02,Hertha,Werder Bremen,3,1
2001-10-20,2001-02,Leverkusen,Stuttgart,4,1
2001-10-20,2001-02,Nurnberg,M'gladbach,1,2
2001-10-20,2001-02,Schalke 04,Munich 1860,1,0
2001-10-20,2001-02,St Pauli,Cottbus,4,0
2001-10-21,2001-02,Dortmund,Freiburg,0,2
2001-10-21,2001-02,Wolfsburg,Hamburg,0,1
2001-10-27,2001-02,Cottbus,Dortmund,0,2
2001-10-27,2001-02,FC Koln,Bayern Munich,0,2
2001-10-27,2001-02,Kaiserslautern,Schalke 04,0,0
2001-10-27,2001-02,M'gladbach,Freiburg,2,2
2001-10-27,2001-02,Munich 1860,Leverkusen,1,4
2001-10-27,2001-02,Stuttgart,St Pauli,2,0
2001-10-27,2001-02,Werder Bremen,Wolfsburg,1,0
2001-10-28,2001-02,Hamburg,Hansa Rostock,0,1
2001-10-28,2001-02,Nurnberg,Hertha,1,3
2001-11-03,2001-02,Bayern Munich,Hamburg,3,0
2001-11-03,2001-02,Dortmund,Stuttgart,1,0
2001-11-03,2001-02,Hansa Rostock,Werder Bremen,0,1
2001-11-03,2001-02,Leverkusen,Kaiserslautern,2,1
2001-11-03,2001-02,Schalke 04,FC Koln,3,1
2001-11-03,2001-02,St Pauli,Munich 1860,0,3
2001-11-03,2001-02,Wolfsburg,Nurnberg,5,0
2001-11-04,2001-02,Freiburg,Cottbus,3,1
2001-11-04,2001-02,Hertha,M'gladbach,3,0
2001-11-17,2001-02,FC Koln,Leverkusen,1,2
2001-11-17,2001-02,Hamburg,Schalke 04,0,0
2001-11-17,2001-02,Hertha,Wolfsburg,2,0
2001-11-17,2001-02,Kaiserslautern,St Pauli,5,1
2001-11-17,2001-02,Munich 1860,Dortmund,1,3
2001-11-17,2001-02,Stuttgart,Freiburg,3,0
2001-11-17,2001-02,Werder Bremen,Bayern Munich,1,0
2001-11-18,2001-02,M'gladbach,Cottbus,0,0
2001-11-18,2001-02,Nurnberg,Hansa Rostock,2,0
2001-11-24,2001-02,Bayern Munich,Nurnberg,0,0
2001-11-24,2001-02,Cottbus,Stuttgart,0,0
2001-11-24,2001-02,Hansa Rostock,Hertha,1,1
2001-11-24,2001-02,Leverkusen,Hamburg,4,1
2001-11-24,2001-02,Schalke 04,Werder Bremen,1,4
2001-11-24,2001-02,St Pauli,FC Koln,1,2
2001-11-24,2001-02,Wolfsburg,M'gladbach,3,1
2001-11-25,2001-02,Dortmund,Kaiserslautern,3,0
2001-11-25,2001-02,Freiburg,Munich 1860,1,3
2001-12-01,2001-02,FC Koln,Dortmund,0,2
2001-12-01,2001-02,Hansa Rostock,Wolfsburg,1,2
2001-12-01,2001-02,Kaiserslautern,Freiburg,3,0
2001-12-01,2001-02,Munich 1860,Cottbus,1,0
2001-12-01,2001-02,Nurnberg,Schalke 04,0,3
2001-12-01,2001-02,Stuttgart,M'gladbach,1,1
2001-12-01,2001-02,Werder Bremen,Leverkusen,2,1
2001-12-02,2001-02,Hamburg,St Pauli,4,3
2001-12-02,2001-02,Hertha,Bayern Munich,2,1
2001-12-08,2001-02,Bayern Munich,Wolfsburg,3,3
2001-12-08,2001-02,Cottbus,Kaiserslautern,0,2
2001-12-08,2001-02,Dortmund,Hamburg,1,0
2001-12-08,2001-02,Leverkusen,Nurnberg,4,2
2001-12-08,2001-02,M'gladbach,Hansa Rostock,0,2
2001-12-08,2001-02,St Pauli,Werder Bremen,0,3
2001-12-08,2001-02,Stuttgart,Munich 1860,0,1
2001-12-09,2001-02,Freiburg,FC Koln,0,0
2001-12-09,2001-02,Schalke 04,Hertha,0,0
2001-12-15,2001-02,FC Koln,Cottbus,0,0
2001-12-15,2001-02,Hamburg,Freiburg,1,1
2001-12-15,2001-02,Hansa Rostock,Bayern Munich,1,0
2001-12-15,2001-02,Hertha,Leverkusen,2,1
2001-12-15,2001-02,Munich 1860,M'gladbach,2,2
2001-12-15,2001-02,Nurnberg,St Pauli,0,0
2001-12-15,2001-02,Werder Bremen,Dortmund,1,1
2001-12-16,2001-02,Kaiserslautern,Stuttgart,2,2
2001-12-16,2001-02,Wolfsburg,Schalke 04,3,1
2001-12-18,2001-02,Bayern Munich,M'gladbach,0,0
2001-12-18,2001-02,Hamburg,Cottbus,5,2
2001-12-18,2001-02,Hertha,St Pauli,2,2
2001-12-18,2001-02,Nurnberg,Dortmund,2,2
2001-12-18,2001-02,Werder Bremen,Freiburg,3,2
2001-12-19,2001-02,FC Koln,Stuttgart,0,0
2001-12-19,2001-02,Hansa Rostock,Schalke 04,1,3
2001-12-19,2001-02,Kaiserslautern,Munich 1860,1,3
2001-12-19,2001-02,Wolfsburg,Leverkusen,3,1
2002-01-26,2001-02,Freiburg,Nurnberg,2,0
2002-01-26,2001-02,Leverkusen,Hansa Rostock,2,0
2002-01-26,2001-02,M'gladbach,Kaiserslautern,0,2
2002-01-26,2001-02,Munich 1860,FC Koln,3,0
2002-01-26,2001-02,Schalke 04,Bayern Munich,5,1
2002-01-26,2001-02,St Pauli,Wolfsburg,3,1
2002-01-26,2001-02,Stuttgart,Hamburg,3,0
2002-01-27,2001-02,Cottbus,Werder Bremen,2,1
2002-01-27,2001-02,Dortmund,Hertha,3,1
2002-02-02,2001-02,FC Koln,Kaiserslautern,0,1
2002-02-02,2001-02,Hamburg,Munich 1860,2,1
2002-02-02,2001-02,Hertha,Freiburg,1,1
2002-02-02,2001-02,Nurnberg,Cottbus,2,0
2002-02-02,2001-02,Schalke 04,M'gladbach,2,0
2002-02-02,2001-02,Werder Bremen,Stuttgart,1,2
2002-02-02,2001-02,Wolfsburg,Dortmund,1,1
2002-02-03,2001-02,Bayern Munich,Leverkusen,2,0
2002-02-03,2001-02,Hansa Rostock,St Pauli,1,0
2002-02-05,2001-02,Cottbus,Hertha,1,0
2002-02-05,2001-02,Freiburg,Wolfsburg,0,0
2002-02-05,2001-02,M'gladbach,FC Koln,4,0
2002-02-05,2001-02,Munich 1860,Werder Bremen,3,1
2002-02-05,2001-02,Stuttgart,Nurnberg,2,3
2002-02-06,2001-02,Dortmund,Hansa Rostock,2,0
2002-02-06,2001-02,Kaiserslautern,Hamburg,2,2
2002-02-06,2001-02,Leverkusen,Schalke 04,0,1
2002-02-06,2001-02,St Pauli,Bayern Munich,2,1
2002-02-09,2001-02,Bayern Munich,Dortmund,1,1
2002-02-09,2001-02,Hansa Rostock,Freiburg,4,0
2002-02-09,2001-02,Hertha,Stuttgart,2,0
2002-02-09,2001-02,Leverkusen,M'gladbach,5,0
2002-02-09,2001-02,Schalke 04,St Pauli,4,0
2002-02-09,2001-02,Werder Bremen,Kaiserslautern,1,0
2002-02-09,2001-02,Wolfsburg,Cottbus,2,1
2002-02-10,2001-02,Hamburg,FC Koln,4,0
2002-02-10,2001-02,Nurnberg,Munich 1860,2,1
2002-02-16,2001-02,Dortmund,Schalke 04,1,1
2002-02-16,2001-02,Freiburg,Bayern Munich,0,2
2002-02-16,2001-02,Kaiserslautern,Nurnberg,2,1
2002-02-16,2001-02,M'gladbach,Hamburg,2,1
2002-02-16,2001-02,Munich 1860,Hertha,0,3
2002-02-16,2001-02,St Pauli,Leverkusen,2,2
2002-02-16,2001-02,Stuttgart,Wolfsburg,2,1
2002-02-17,2001-02,Cottbus,Hansa Rostock,3,0
2002-02-17,2001-02,FC Koln,Werder Bremen,0,0
2002-02-23,2001-02,Bayern Munich,Cottbus,6,0
2002-02-23,2001-02,Hansa Rostock,Stuttgart,1,1
2002-02-23,2001-02,Hertha,Kaiserslautern,5,1
2002-02-23,2001-02,Nurnberg,FC Koln,2,0
2002-02-23,2001-02,Schalke 04,Freiburg,3,0
2002-02-23,2001-02,St Pauli,M'gladbach,1,1
2002-02-23,2001-02,Wolfsburg,Munich 1860,1,3
2002-02-24,2001-02,Leverkusen,Dortmund,4,0
2002-02-24,2001-02,Werder Bremen,Hamburg,0,1
2002-03-02,2001-02,Cottbus,Schalke 04,2,0
2002-03-02,2001-02,FC Koln,Hertha,1,1
2002-03-02,2001-02,Freiburg,Leverkusen,2,2
2002-03-02,2001-02,Hamburg,Nurnberg,3,1
2002-03-02,2001-02,M'gladbach,Werder Bremen,1,0
2002-03-02,2001-02,Munich 1860,Hansa Rostock,2,0
2002-03-02,2001-02,Stuttgart,Bayern Munich,0,2
2002-03-03,2001-02,Dortmund,St Pauli,1,1
2002-03-03,2001-02,Kaiserslautern,Wolfsburg,3,2
2002-03-09,2001-02,Bayern Munich,Munich 1860,2,1
2002-03-09,2001-02,Dortmund,M'gladbach,3,1
2002-03-09,2001-02,Hansa Rostock,Kaiserslautern,2,1
2002-03-09,2001-02,Leverkusen,Cottbus,2,0
2002-03-09,2001-02,Nurnberg,Werder Bremen,0,4
2002-03-09,2001-02,St Pauli,Freiburg,1,0
2002-03-09,2001-02,Wolfsburg,FC Koln,5,1
2002-03-10,2001-02,Hertha,Hamburg,6,0
2002-03-10,2001-02,Schalke 04,Stuttgart,2,1
2002-03-16,2001-02,Cottbus,St Pauli,4,0
2002-03-16,2001-02,FC Koln,Hansa Rostock,4,2
2002-03-16,2001-02,Hamburg,Wolfsburg,1,1
2002-03-16,2001-02,Kaiserslautern,Bayern Munich,0,0
2002-03-16,2001-02,M'gladbach,Nurnberg,1,0
2002-03-16,2001-02,Stuttgart,Leverkusen,0,2
2002-03-16,2001-02,Werder Bremen,Hertha,0,3
2002-03-17,2001-02,Freiburg,Dortmund,1,5
2002-03-17,2001-02,Munich 1860,Schalke 04,1,2
2002-03-23,2001-02,Bayern Munich,FC Koln,3,0
2002-03-23,2001-02,Freiburg,M'gladbach,0,1
2002-03-23,2001-02,Hansa Rostock,Hamburg,1,1
2002-03-23,2001-02,Hertha,Nurnberg,2,0
2002-03-23,2001-02,Leverkusen,Munich 1860,4,0
2002-03-23,2001-02,Schalke 04,Kaiserslautern,3,0
2002-03-23,2001-02,St Pauli,Stuttgart,1,2
2002-03-24,2001-02,Dortmund,Cottbus,3,0
2002-03-24,2001-02,Wolfsburg,Werder Bremen,2,0
2002-03-30,2001-02,Cottbus,Freiburg,2,0
2002-03-30,2001-02,Hamburg,Bayern Munich,0,0
2002-03-30,2001-02,Kaiserslautern,Leverkusen,2,4
2002-03-30,2001-02,M'gladbach,Hertha,3,1
2002-03-30,2001-02,Munich 1860,St Pauli,4,2
2002-03-30,2001-02,Nurnberg,Wolfsburg,3,0
2002-03-30,2001-02,Stuttgart,Dortmund,3,2
2002-03-31,2001-02,FC Koln,Schalke 04,1,1
2002-03-31,2001-02,Werder Bremen,Hansa Rostock,4,3
2002-04-06,2001-02,Bayern Munich,Werder Bremen,2,2
2002-04-06,2001-02,Cottbus,M'gladbach,3,3
2002-04-06,2001-02,Hansa Rostock,Nurnberg,1,0
2002-04-06,2001-02,Leverkusen,FC Koln,2,0
2002-04-06,2001-02,Schalke 04,Hamburg,2,0
2002-04-06,2001-02,St Pauli,Kaiserslautern,1,1
2002-04-06,2001-02,Wolfsburg,Hertha,1,3
2002-04-07,2001-02,Dortmund,Munich 1860,2,1
2002-04-07,2001-02,Freiburg,Stuttgart,0,2
2002-04-13,2001-02,FC Koln,St Pauli,2,1
2002-04-13,2001-02,Hamburg,Leverkusen,1,1
2002-04-13,2001-02,Hertha,Hansa Rostock,1,0
2002-04-13,2001-02,M'gladbach,Wolfsburg,0,2
2002-04-13,2001-02,Munich 1860,Freiburg,5,2
2002-04-13,2001-02,Nurnberg,Bayern Munich,1,2
2002-04-13,2001-02,Werder Bremen,Schalke 04,3,0
2002-04-14,2001-02,Kaiserslautern,Dortmund,1,0
2002-04-14,2001-02,Stuttgart,Cottbus,0,0
2002-04-19,2001-02,St Pauli,Hamburg,0,4
2002-04-20,2001-02,Bayern Munich,Hertha,3,0
2002-04-20,2001-02,Cottbus,Munich 1860,1,1
2002-04-20,2001-02,Dortmund,FC Koln,2,1
2002-04-20,2001-02,Leverkusen,Werder Bremen,1,2
2002-04-20,2001-02,Schalke 04,Nurnberg,2,1
2002-04-20,2001-02,Wolfsburg,Hansa Rostock,4,0
2002-04-21,2001-02,Freiburg,Kaiserslautern,3,1
2002-04-21,2001-02,M'gladbach,Stuttgart,2,2
2002-04-27,2001-02,FC Koln,Freiburg,2,0
2002-04-27,2001-02,Hamburg,Dortmund,3,4
2002-04-27,2001-02,Hansa Rostock,M'gladbach,1,1
2002-04-27,2001-02,Hertha,Schalke 04,2,0
2002-04-27,2001-02,Kaiserslautern,Cottbus,4,0
2002-04-27,2001-02,Munich 1860,Stuttgart,3,3
2002-04-27,2001-02,Nurnberg,Leverkusen,1,0
2002-04-27,2001-02,Werder Bremen,St Pauli,3,2
2002-04-27,2001-02,Wolfsburg,Bayern Munich,0,1
2002-05-04,2001-02,Bayern Munich,Hansa Rostock,3,2
2002-05-04,2001-02,Cottbus,FC Koln,2,3
2002-05-04,2001-02,Dortmund,Werder Bremen,2,1
2002-05-04,2001-02,Freiburg,Hamburg,4,3
2002-05-04,2001-02,Leverkusen,Hertha,2,1
2002-05-04,2001-02,M'gladbach,Munich 1860,2,4
2002-05-04,2001-02,Schalke 04,Wolfsburg,1,2
2002-05-04,2001-02,St Pauli,Nurnberg,2,3
2002-05-04,2001-02,Stuttgart,Kaiserslautern,4,3
2002-08-09,2002-03,Dortmund,Hertha,2,2
2002-08-10,2002-03,Cottbus,Leverkusen,1,1
2002-08-10,2002-03,M'gladbach,Bayern Munich,0,0
2002-08-10,2002-03,Nurnberg,Bochum,1,3
2002-08-10,2002-03,Schalke 04,Wolfsburg,1,0
2002-08-10,2002-03,Stuttgart,Kaiserslautern,1,1
2002-08-11,2002-03,Bielefeld,Werder Bremen,3,0
2002-08-11,2002-03,Hamburg,Hannover,2,1
2002-08-14,2002-03,Munich 1860,Hansa Rostock,0,2
2002-08-17,2002-03,Bayern Munich,Bielefeld,6,2
2002-08-17,2002-03,Bochum,Cottbus,5,0
2002-08-17,2002-03,Hannover,Munich 1860,1,3
2002-08-17,2002-03,Hansa Rostock,Nurnberg,2,0
2002-08-17,2002-03,Hertha,Stuttgart,1,1
2002-08-17,2002-03,Kaiserslautern,Schalke 04,1,3
2002-08-17,2002-03,Leverkusen,Dortmund,1,1
2002-08-18,2002-03,Werder Bremen,Hamburg,2,1
2002-08-18,2002-03,Wolfsburg,M'gladbach,1,0
2002-08-24,2002-03,Bielefeld,Wolfsburg,1,0
2002-08-24,2002-03,Cottbus,Hansa Rostock,0,4
2002-08-24,2002-03,Dortmund,Stuttgart,3,1
2002-08-24,2002-03,Hamburg,Bayern Munich,0,3
2002-08-24,2002-03,Leverkusen,Bochum,2,4
2002-08-24,2002-03,M'gladbach,Kaiserslautern,3,0
2002-08-24,2002-03,Munich 1860,Werder Bremen,3,0
2002-08-25,2002-03,Nurnberg,Hannover,3,1
2002-08-25,2002-03,Schalke 04,Hertha,0,0
2002-09-10,2002-03,Bayern Munich,Munich 1860,3,1
2002-09-10,2002-03,Bochum,Dortmund,0,0
2002-09-10,2002-03,Hertha,M'gladbach,1,2
2002-09-10,2002-03,Werder Bremen,Nurnberg,4,1
2002-09-11,2002-03,Hannover,Cottbus,1,3
2002-09-11,2002-03,Hansa Rostock,Leverkusen,1,3
2002-09-11,2002-03,Kaiserslautern,Bielefeld,1,1
2002-09-11,2002-03,Stuttgart,Schalke 04,1,1
2002-09-11,2002-03,Wolfsburg,Hamburg,2,1
2002-09-14,2002-03,Bielefeld,Hertha,0,1
2002-09-14,2002-03,Cottbus,Werder Bremen,0,1
2002-09-14,2002-03,Dortmund,Schalke 04,1,1
2002-09-14,2002-03,Leverkusen,Hannover,1,3
2002-09-14,2002-03,M'gladbach,Stuttgart,1,1
2002-09-14,2002-03,Munich 1860,Wolfsburg,2,2
2002-09-14,2002-03,Nurnberg,Bayern Munich,1,2
2002-09-15,2002-03,Bochum,Hansa Rostock,0,1
2002-09-15,2002-03,Hamburg,Kaiserslautern,2,0
2002-09-21,2002-03,Bayern Munich,Cottbus,3,1
2002-09-21,2002-03,Hannover,Bochum,2,2
2002-09-21,2002-03,Hansa Rostock,Dortmund,0,1
2002-09-21,2002-03,Hertha,Hamburg,2,0
2002-09-21,2002-03,Kaiserslautern,Munich 1860,0,0
2002-09-21,2002-03,Werder Bremen,Leverkusen,3,2
2002-09-21,2002-03,Wolfsburg,Nurnberg,0,2
2002-09-22,2002-03,Schalke 04,M'gladbach,2,1
2002-09-22,2002-03,Stuttgart,Bielefeld,3,0
2002-09-28,2002-03,Bielefeld,Schalke 04,2,1
2002-09-28,2002-03,Cottbus,Wolfsburg,0,1
2002-09-28,2002-03,Dortmund,M'gladbach,1,0
2002-09-28,2002-03,Hamburg,Stuttgart,3,2
2002-09-28,2002-03,Hansa Rostock,Hannover,1,2
2002-09-28,2002-03,Leverkusen,Bayern Munich,2,1
2002-09-28,2002-03,Munich 1860,Hertha,1,0
2002-09-29,2002-03,Bochum,Werder Bremen,1,4
2002-09-29,2002-03,Nurnberg,Kaiserslautern,1,0
2002-10-05,2002-03,Bayern Munich,Bochum,4,1
2002-10-05,2002-03,Hannover,Dortmund,0,3
2002-10-05,2002-03,Hertha,Nurnberg,2,1
2002-10-05,2002-03,Kaiserslautern,Cottbus,4,0
2002-10-05,2002-03,M'gladbach,Bielefeld,3,0
2002-10-05,2002-03,Schalke 04,Hamburg,3,0
2002-10-05,2002-03,Wolfsburg,Leverkusen,2,0
2002-10-06,2002-03,Stuttgart,Munich 1860,4,1
2002-10-06,2002-03,Werder Bremen,Hansa Rostock,0,0
2002-10-19,2002-03,Cottbus,Hertha,0,2
2002-10-19,2002-03,Dortmund,Bielefeld,0,0
2002-10-19,2002-03,Hamburg,M'gladbach,1,0
2002-10-19,2002-03,Hannover,Werder Bremen,4,4
2002-10-19,2002-03,Hansa Rostock,Bayern Munich,0,1
2002-10-19,2002-03,Leverkusen,Kaiserslautern,1,0
2002-10-19,2002-03,Munich 1860,Schalke 04,3,0
2002-10-20,2002-03,Bochum,Wolfsburg,4,2
2002-10-20,2002-03,Nurnberg,Stuttgart,1,2
2002-10-26,2002-03,Bayern Munich,Hannover,3,3
2002-10-26,2002-03,Bielefeld,Hamburg,2,1
2002-10-26,2002-03,Hertha,Leverkusen,1,1
2002-10-26,2002-03,M'gladbach,Munich 1860,0,1
2002-10-26,2002-03,Schalke 04,Nurnberg,1,1
2002-10-26,2002-03,Stuttgart,Cottbus,0,0
2002-10-26,2002-03,Werder Bremen,Dortmund,1,4
2002-10-27,2002-03,Wolfsburg,Hansa Rostock,1,0
2002-11-02,2002-03,Cottbus,Schalke 04,0,1
2002-11-02,2002-03,Dortmund,Hamburg,1,1
2002-11-02,2002-03,Hannover,Wolfsburg,3,1
2002-11-02,2002-03,Hansa Rostock,Kaiserslautern,2,2
2002-11-02,2002-03,Leverkusen,Stuttgart,0,1
2002-11-02,2002-03,Munich 1860,Bielefeld,3,1
2002-11-02,2002-03,Nurnberg,M'gladbach,2,1
2002-11-03,2002-03,Bochum,Hertha,3,0
2002-11-03,2002-03,Werder Bremen,Bayern Munich,2,0
2002-11-09,2002-03,Bayern Munich,Dortmund,2,1
2002-11-09,2002-03,Bielefeld,Nurnberg,0,1
2002-11-09,2002-03,Hamburg,Munich 1860,1,0
2002-11-09,2002-03,Kaiserslautern,Hannover,0,1
2002-11-09,2002-03,Schalke 04,Leverkusen,0,1
2002-11-09,2002-03,Stuttgart,Bochum,3,2
2002-11-09,2002-03,Wolfsburg,Werder Bremen,3,1
2002-11-10,2002-03,Hertha,Hansa Rostock,3,1
2002-11-10,2002-03,M'gladbach,Cottbus,3,0
2002-11-13,2002-03,Kaiserslautern,Bochum,0,2
2002-11-16,2002-03,Bayern Munich,Wolfsburg,1,0
2002-11-16,2002-03,Cottbus,Bielefeld,2,1
2002-11-16,2002-03,Dortmund,Munich 1860,1,0
2002-11-16,2002-03,Hannover,Hertha,0,1
2002-11-16,2002-03,Hansa Rostock,Stuttgart,1,1
2002-11-16,2002-03,Leverkusen,M'gladbach,2,2
2002-11-16,2002-03,Nurnberg,Hamburg,1,3
2002-11-17,2002-03,Bochum,Schalke 04,0,2
2002-11-17,2002-03,Werder Bremen,Kaiserslautern,5,3
2002-11-23,2002-03,Bielefeld,Leverkusen,2,2
2002-11-23,2002-03,Hertha,Werder Bremen,0,1
2002-11-23,2002-03,Kaiserslautern,Bayern Munich,0,2
2002-11-23,2002-03,M'gladbach,Bochum,2,2
2002-11-23,2002-03,Schalke 04,Hansa Rostock,2,2
2002-11-23,2002-03,Stuttgart,Hannover,3,0
2002-11-23,2002-03,Wolfsburg,Dortmund,2,0
2002-11-24,2002-03,Hamburg,Cottbus,1,1
2002-11-24,2002-03,Munich 1860,Nurnberg,2,2
2002-11-30,2002-03,Bayern Munich,Hertha,2,0
2002-11-30,2002-03,Bochum,Bielefeld,0,3
2002-11-30,2002-03,Cottbus,Munich 1860,3,4
2002-11-30,2002-03,Hansa Rostock,M'gladbach,3,1
2002-11-30,2002-03,Kaiserslautern,Wolfsburg,2,0
2002-11-30,2002-03,Leverkusen,Hamburg,2,3
2002-11-30,2002-03,Nurnberg,Dortmund,1,2
2002-12-01,2002-03,Hannover,Schalke 04,0,2
2002-12-01,2002-03,Werder Bremen,Stuttgart,3,1
2002-12-07,2002-03,Bielefeld,Hansa Rostock,3,0
2002-12-07,2002-03,Dortmund,Kaiserslautern,3,1
2002-12-07,2002-03,Hertha,Wolfsburg,2,2
2002-12-07,2002-03,Munich 1860,Leverkusen,0,3
2002-12-07,2002-03,Nurnberg,Cottbus,2,2
2002-12-07,2002-03,Schalke 04,Werder Bremen,1,1
2002-12-07,2002-03,Stuttgart,Bayern Munich,0,3
2002-12-08,2002-03,Hamburg,Bochum,1,1
2002-12-08,2002-03,M'gladbach,Hannover,1,0
2002-12-14,2002-03,Bayern Munich,Schalke 04,0,0
2002-12-14,2002-03,Bochum,Munich 1860,1,1
2002-12-14,2002-03,Cottbus,Dortmund,0,4
2002-12-14,2002-03,Hannover,Bielefeld,0,0
2002-12-14,2002-03,Hansa Rostock,Hamburg,0,0
2002-12-14,2002-03,Leverkusen,Nurnberg,0,2
2002-12-14,2002-03,Werder Bremen,M'gladbach,2,0
2002-12-15,2002-03,Kaiserslautern,Hertha,2,1
2002-12-15,2002-03,Wolfsburg,Stuttgart,1,2
2003-01-25,2002-03,Bochum,Nurnberg,2,1
2003-01-25,2002-03,Hannover,Hamburg,2,2
2003-01-25,2002-03,Hansa Rostock,Munich 1860,1,4
2003-01-25,2002-03,Hertha,Dortmund,2,1
2003-01-25,2002-03,Kaiserslautern,Stuttgart,1,2
2003-01-25,2002-03,Werder Bremen,Bielefeld,2,2
2003-01-25,2002-03,Wolfsburg,Schalke 04,1,2
2003-01-26,2002-03,Bayern Munich,M'gladbach,3,0
2003-01-26,2002-03,Leverkusen,Cottbus,0,3
2003-02-01,2002-03,Bielefeld,Bayern Munich,0,0
2003-02-01,2002-03,Cottbus,Bochum,2,1
2003-02-01,2002-03,Munich 1860,Hannover,0,1
2003-02-01,2002-03,Nurnberg,Hansa Rostock,0,1
2003-02-01,2002-03,Schalke 04,Kaiserslautern,2,2
2003-02-01,2002-03,Stuttgart,Hertha,3,1
2003-02-02,2002-03,Dortmund,Leverkusen,2,0
2003-02-02,2002-03,Hamburg,Werder Bremen,1,0
2003-02-08,2002-03,Bochum,Leverkusen,2,1
2003-02-08,2002-03,Hannover,Nurnberg,4,2
2003-02-08,2002-03,Hansa Rostock,Cottbus,0,0
2003-02-08,2002-03,Hertha,Schalke 04,4,2
2003-02-08,2002-03,Kaiserslautern,M'gladbach,2,0
2003-02-08,2002-03,Werder Bremen,Munich 1860,1,2
2003-02-08,2002-03,Wolfsburg,Bielefeld,2,0
2003-02-09,2002-03,Bayern Munich,Hamburg,1,1
2003-02-09,2002-03,Stuttgart,Dortmund,1,0
2003-02-15,2002-03,Bielefeld,Kaiserslautern,1,1
2003-02-15,2002-03,Dortmund,Bochum,4,1
2003-02-15,2002-03,Hamburg,Wolfsburg,2,0
2003-02-15,2002-03,Leverkusen,Hansa Rostock,1,2
2003-02-15,2002-03,Munich 1860,Bayern Munich,0,5
2003-02-15,2002-03,Nurnberg,Werder Bremen,1,0
2003-02-15,2002-03,Schalke 04,Stuttgart,2,0
2003-02-16,2002-03,Cottbus,Hannover,3,0
2003-02-16,2002-03,M'gladbach,Hertha,0,2
2003-02-19,2002-03,M'gladbach,Wolfsburg,2,0
2003-02-22,2002-03,Bayern Munich,Nurnberg,2,0
2003-02-22,2002-03,Hannover,Leverkusen,1,2
2003-02-22,2002-03,Hansa Rostock,Bochum,1,1
2003-02-22,2002-03,Kaiserslautern,Hamburg,2,0
2003-02-22,2002-03,Schalke 04,Dortmund,2,2
2003-02-22,2002-03,Werder Bremen,Cottbus,0,1
2003-02-22,2002-03,Wolfsburg,Munich 1860,1,1
2003-02-23,2002-03,Hertha,Bielefeld,0,0
2003-02-23,2002-03,Stuttgart,M'gladbach,4,0
2003-03-01,2002-03,Bochum,Hannover,1,2
2003-03-01,2002-03,Cottbus,Bayern Munich,0,2
2003-03-01,2002-03,Dortmund,Hansa Rostock,2,0
2003-03-01,2002-03,Leverkusen,Werder Bremen,3,0
2003-03-01,2002-03,M'gladbach,Schalke 04,2,2
2003-03-01,2002-03,Munich 1860,Kaiserslautern,0,0
2003-03-01,2002-03,Nurnberg,Wolfsburg,1,1
2003-03-02,2002-03,Bielefeld,Stuttgart,0,1
2003-03-02,2002-03,Hamburg,Hertha,1,0
2003-03-08,2002-03,Bayern Munich,Leverkusen,3,0
2003-03-08,2002-03,Hertha,Munich 1860,6,0
2003-03-08,2002-03,M'gladbach,Dortmund,1,0
2003-03-08,2002-03,Schalke 04,Bielefeld,1,1
2003-03-08,2002-03,Stuttgart,Hamburg,1,1
2003-03-08,2002-03,Werder Bremen,Bochum,2,0
2003-03-08,2002-03,Wolfsburg,Cottbus,3,2
2003-03-09,2002-03,Hannover,Hansa Rostock,3,1
2003-03-09,2002-03,Kaiserslautern,Nurnberg,5,0
2003-03-15,2002-03,Bielefeld,M'gladbach,4,1
2003-03-15,2002-03,Bochum,Bayern Munich,1,4
2003-03-15,2002-03,Cottbus,Kaiserslautern,1,3
2003-03-15,2002-03,Dortmund,Hannover,2,0
2003-03-15,2002-03,Hamburg,Schalke 04,3,1
2003-03-15,2002-03,Hansa Rostock,Werder Bremen,1,0
2003-03-15,2002-03,Leverkusen,Wolfsburg,1,1
2003-03-16,2002-03,Munich 1860,Stuttgart,0,1
2003-03-16,2002-03,Nurnberg,Hertha,0,3
2003-03-22,2002-03,Bayern Munich,Hansa Rostock,1,0
2003-03-22,2002-03,Bielefeld,Dortmund,0,0
2003-03-22,2002-03,Kaiserslautern,Leverkusen,1,0
2003-03-22,2002-03,M'gladbach,Hamburg,2,0
2003-03-22,2002-03,Schalke 04,Munich 1860,1,1
2003-03-22,2002-03,Werder Bremen,Hannover,1,2
2003-03-22,2002-03,Wolfsburg,Bochum,2,0
2003-03-23,2002-03,Hertha,Cottbus,3,1
2003-03-23,2002-03,Stuttgart,Nurnberg,0,2
2003-04-05,2002-03,Bochum,Kaiserslautern,1,1
2003-04-05,2002-03,Cottbus,Stuttgart,2,3
2003-04-05,2002-03,Dortmund,Werder Bremen,1,2
2003-04-05,2002-03,Hamburg,Bielefeld,1,0
2003-04-05,2002-03,Hannover,Bayern Munich,2,2
2003-04-05,2002-03,Leverkusen,Hertha,4,1
2003-04-05,2002-03,Nurnberg,Schalke 04,0,0
2003-04-06,2002-03,Hansa Rostock,Wolfsburg,1,0
2003-04-06,2002-03,Munich 1860,M'gladbach,2,0
2003-04-12,2002-03,Bayern Munich,Werder Bremen,0,1
2003-04-12,2002-03,Bielefeld,Munich 1860,2,1
2003-04-12,2002-03,Hamburg,Dortmund,1,1
2003-04-12,2002-03,Hertha,Bochum,1,0
2003-04-12,2002-03,Kaiserslautern,Hansa Rostock,1,0
2003-04-12,2002-03,M'gladbach,Nurnberg,2,0
2003-04-12,2002-03,Stuttgart,Leverkusen,3,0
2003-04-13,2002-03,Schalke 04,Cottbus,3,0
2003-04-13,2002-03,Wolfsburg,Hannover,1,0
2003-04-19,2002-03,Cottbus,M'gladbach,1,1
2003-04-19,2002-03,Dortmund,Bayern Munich,1,0
2003-04-19,2002-03,Hannover,Kaiserslautern,2,1
2003-04-19,2002-03,Hansa Rostock,Hertha,0,1
2003-04-19,2002-03,Munich 1860,Hamburg,1,1
2003-04-19,2002-03,Nurnberg,Bielefeld,0,0
2003-04-19,2002-03,Werder Bremen,Wolfsburg,0,1
2003-04-20,2002-03,Bochum,Stuttgart,3,1
2003-04-20,2002-03,Leverkusen,Schalke 04,1,3
2003-04-26,2002-03,Hamburg,Nurnberg,4,0
2003-04-26,2002-03,Hertha,Hannover,2,0
2003-04-26,2002-03,M'gladbach,Leverkusen,2,2
2003-04-26,2002-03,Munich 1860,Dortmund,0,0
2003-04-26,2002-03,Schalke 04,Bochum,1,2
2003-04-26,2002-03,Stuttgart,Hansa Rostock,1,1
2003-04-26,2002-03,Wolfsburg,Bayern Munich,0,2
2003-04-27,2002-03,Bielefeld,Cottbus,2,2
2003-04-27,2002-03,Kaiserslautern,Werder Bremen,1,0
2003-05-03,2002-03,Bayern Munich,Kaiserslautern,1,0
2003-05-03,2002-03,Bochum,M'gladbach,1,1
2003-05-03,2002-03,Cottbus,Hamburg,0,0
2003-05-03,2002-03,Dortmund,Wolfsburg,2,2
2003-05-03,2002-03,Hannover,Stuttgart,1,2
2003-05-03,2002-03,Nurnberg,Munich 1860,1,2
2003-05-03,2002-03,Werder Bremen,Hertha,4,2
2003-05-04,2002-03,Hansa Rostock,Schalke 04,3,1
2003-05-04,2002-03,Leverkusen,Bielefeld,3,1
2003-05-10,2002-03,Dortmund,Nurnberg,4,1
2003-05-10,2002-03,Hamburg,Leverkusen,4,1
2003-05-10,2002-03,Hertha,Bayern Munich,3,6
2003-05-10,2002-03,M'gladbach,Hansa Rostock,3,0
2003-05-10,2002-03,Munich 1860,Cottbus,3,0
2003-05-10,2002-03,Stuttgart,Werder Bremen,0,1
2003-05-10,2002-03,Wolfsburg,Kaiserslautern,2,2
2003-05-11,2002-03,Bielefeld,Bochum,1,3
2003-05-11,2002-03,Schalke 04,Hannover,0,2
2003-05-17,2002-03,Bayern Munich,Stuttgart,2,1
2003-05-17,2002-03,Bochum,Hamburg,1,1
2003-05-17,2002-03,Cottbus,Nurnberg,2,1
2003-05-17,2002-03,Hannover,M'gladbach,2,2
2003-05-17,2002-03,Hansa Rostock,Bielefeld,3,0
2003-05-17,2002-03,Kaiserslautern,Dortmund,0,0
2003-05-17,2002-03,Leverkusen,Munich 1860,3,0
2003-05-17,2002-03,Werder Bremen,Schalke 04,2,1
2003-05-17,2002-03,Wolfsburg,Hertha,2,0
2003-05-24,2002-03,Bielefeld,Hannover,0,1
2003-05-24,2002-03,Dortmund,Cottbus,1,1
2003-05-24,2002-03,Hamburg,Hansa Rostock,2,0
2003-05-24,2002-03,Hertha,Kaiserslautern,2,0
2003-05-24,2002-03,M'gladbach,Werder Bremen,4,1
2003-05-24,2002-03,Munich 1860,Bochum,2,4
2003-05-24,2002-03,Nurnberg,Leverkusen,0,1
2003-05-24,2002-03,Schalke 04,Bayern Munich,1,0
2003-05-24,2002-03,Stuttgart,Wolfsburg,2,0
2003-08-01,2003-04,Bayern Munich,Ein Frankfurt,3,1
2003-08-02,2003-04,Hamburg,Hannover,0,3
2003-08-02,2003-04,Hertha,Werder Bremen,0,3
2003-08-02,2003-04,Kaiserslautern,Munich 1860,0,1
2003-08-02,2003-04,Leverkusen,Freiburg,4,1
2003-08-02,2003-04,Schalke 04,Dortmund,2,2
2003-08-02,2003-04,Wolfsburg,Bochum,3,2
2003-08-03,2003-04,Hansa Rostock,Stuttgart,0,2
2003-08-03,2003-04,M'gladbach,FC Koln,1,0
2003-08-09,2003-04,Bochum,Hamburg,1,1
2003-08-09,2003-04,Dortmund,Wolfsburg,4,0
2003-08-09,2003-04,FC Koln,Kaiserslautern,1,2
2003-08-09,2003-04,Freiburg,Hansa Rostock,2,2
2003-08-09,2003-04,Hannover,Bayern Munich,3,3
2003-08-09,2003-04,Munich 1860,Schalke 04,1,1
2003-08-09,2003-04,Werder Bremen,M'gladbach,1,1
2003-08-10,2003-04,Ein Frankfurt,Leverkusen,1,2
2003-08-10,2003-04,Stuttgart,Hertha,0,0
2003-08-16,2003-04,Bayern Munich,Bochum,2,0
2003-08-16,2003-04,Dortmund,Munich 1860,3,1
2003-08-16,2003-04,Hansa Rostock,Ein Frankfurt,3,0
2003-08-16,2003-04,Hertha,Freiburg,0,0
2003-08-16,2003-04,Kaiserslautern,Werder Bremen,0,1
2003-08-16,2003-04,Leverkusen,Hannover,4,0
2003-08-16,2003-04,M'gladbach,Stuttgart,0,1
2003-08-17,2003-04,Schalke 04,FC Koln,2,1
2003-08-17,2003-04,Wolfsburg,Hamburg,5,1
2003-08-23,2003-04,Bochum,Leverkusen,1,0
2003-08-23,2003-04,Ein Frankfurt,Hertha,0,0
2003-08-23,2003-04,FC Koln,Dortmund,1,0
2003-08-23,2003-04,Freiburg,M'gladbach,4,1
2003-08-23,2003-04,Munich 1860,Wolfsburg,1,0
2003-08-23,2003-04,Stuttgart,Kaiserslautern,2,0
2003-08-23,2003-04,Werder Bremen,Schalke 04,4,1
2003-08-24,2003-04,Hamburg,Bayern Munich,0,2
2003-08-27,2003-04,Hannover,Hansa Rostock,3,3
2003-09-13,2003-04,Dortmund,Werder Bremen,2,1
2003-09-13,2003-04,Hansa Rostock,Bochum,0,2
2003-09-13,2003-04,Hertha,Hannover,2,3
2003-09-13,2003-04,Leverkusen,Hamburg,1,0
2003-09-13,2003-04,Munich 1860,FC Koln,2,1
2003-09-13,2003-04,Schalke 04,Stuttgart,0,0
2003-09-13,2003-04,Wolfsburg,Bayern Munich,3,2
2003-09-14,2003-04,Kaiserslautern,Freiburg,2,2
2003-09-14,2003-04,M'gladbach,Ein Frankfurt,0,2
2003-09-20,2003-04,Bayern Munich,Leverkusen,3,3
2003-09-20,2003-04,Bochum,Hertha,2,2
2003-09-20,2003-04,FC Koln,Wolfsburg,2,3
2003-09-20,2003-04,Freiburg,Schalke 04,2,1
2003-09-20,2003-04,Hannover,M'gladbach,2,0
2003-09-20,2003-04,Stuttgart,Dortmund,1,0
2003-09-20,2003-04,Werder Bremen,Munich 1860,2,1
2003-09-21,2003-04,Ein Frankfurt,Kaiserslautern,1,3
2003-09-21,2003-04,Hamburg,Hansa Rostock,2,1
2003-09-27,2003-04,Dortmund,Freiburg,1,0
2003-09-27,2003-04,FC Koln,Werder Bremen,1,4
2003-09-27,2003-04,Hansa Rostock,Bayern Munich,1,2
2003-09-27,2003-04,Kaiserslautern,Hannover,1,0
2003-09-27,2003-04,M'gladbach,Bochum,2,2
2003-09-27,2003-04,Munich 1860,Stuttgart,0,3
2003-09-27,2003-04,Wolfsburg,Leverkusen,0,1
2003-09-28,2003-04,Hertha,Hamburg,1,1
2003-09-28,2003-04,Schalke 04,Ein Frankfurt,1,1
2003-10-04,2003-04,Bayern Munich,Hertha,4,1
2003-10-04,2003-04,Bochum,Kaiserslautern,4,0
2003-10-04,2003-04,Ein Frankfurt,Dortmund,0,1
2003-10-04,2003-04,Freiburg,Munich 1860,1,0
2003-10-04,2003-04,Hamburg,M'gladbach,2,1
2003-10-04,2003-04,Hannover,Schalke 04,1,2
2003-10-04,2003-04,Stuttgart,FC Koln,0,0
2003-10-05,2003-04,Leverkusen,Hansa Rostock,3,0
2003-10-05,2003-04,Werder Bremen,Wolfsburg,5,3
2003-10-18,2003-04,Dortmund,Hannover,6,2
2003-10-18,2003-04,FC Koln,Freiburg,1,0
2003-10-18,2003-04,Hertha,Leverkusen,1,4
2003-10-18,2003-04,M'gladbach,Bayern Munich,0,0
2003-10-18,2003-04,Munich 1860,Ein Frankfurt,1,0
2003-10-18,2003-04,Werder Bremen,Stuttgart,1,3
2003-10-18,2003-04,Wolfsburg,Hansa Rostock,3,1
2003-10-19,2003-04,Kaiserslautern,Hamburg,4,0
2003-10-19,2003-04,Schalke 04,Bochum,0,2
2003-10-25,2003-04,Bayern Munich,Kaiserslautern,4,1
2003-10-25,2003-04,Ein Frankfurt,FC Koln,2,0
2003-10-25,2003-04,Freiburg,Werder Bremen,2,4
2003-10-25,2003-04,Hamburg,Schalke 04,2,2
2003-10-25,2003-04,Hannover,Munich 1860,1,1
2003-10-25,2003-04,Hansa Rostock,Hertha,0,1
2003-10-25,2003-04,Stuttgart,Wolfsburg,1,0
2003-10-26,2003-04,Bochum,Dortmund,3,0
2003-10-26,2003-04,Leverkusen,M'gladbach,1,0
2003-11-01,2003-04,FC Koln,Hannover,1,2
2003-11-01,2003-04,M'gladbach,Hansa Rostock,1,1
2003-11-01,2003-04,Munich 1860,Bochum,3,1
2003-11-01,2003-04,Schalke 04,Bayern Munich,2,0
2003-11-01,2003-04,Stuttgart,Freiburg,4,1
2003-11-01,2003-04,Werder Bremen,Ein Frankfurt,3,1
2003-11-01,2003-04,Wolfsburg,Hertha,3,0
2003-11-02,2003-04,Dortmund,Hamburg,3,2
2003-11-02,2003-04,Kaiserslautern,Leverkusen,0,0
2003-11-08,2003-04,Bochum,FC Koln,4,0
2003-11-08,2003-04,Ein Frankfurt,Stuttgart,0,2
2003-11-08,2003-04,Freiburg,Wolfsburg,3,2
2003-11-08,2003-04,Hamburg,Munich 1860,3,1
2003-11-08,2003-04,Hannover,Werder Bremen,1,5
2003-11-08,2003-04,Hansa Rostock,Kaiserslautern,4,0
2003-11-08,2003-04,Hertha,M'gladbach,2,1
2003-11-09,2003-04,Bayern Munich,Dortmund,4,1
2003-11-09,2003-04,Leverkusen,Schalke 04,3,1
2003-11-22,2003-04,Dortmund,Leverkusen,2,2
2003-11-22,2003-04,FC Koln,Hamburg,0,1
2003-11-22,2003-04,Munich 1860,Bayern Munich,0,1
2003-11-22,2003-04,Schalke 04,Hansa Rostock,0,1
2003-11-22,2003-04,Stuttgart,Hannover,3,1
2003-11-22,2003-04,Werder Bremen,Bochum,3,1
2003-11-22,2003-04,Wolfsburg,M'gladbach,1,3
2003-11-23,2003-04,Freiburg,Ein Frankfurt,1,0
2003-11-23,2003-04,Kaiserslautern,Hertha,4,2
2003-11-29,2003-04,Bayern Munich,FC Koln,2,2
2003-11-29,2003-04,Bochum,Stuttgart,0,0
2003-11-29,2003-04,Ein Frankfurt,Wolfsburg,3,2
2003-11-29,2003-04,Hamburg,Werder Bremen,1,1
2003-11-29,2003-04,Hannover,Freiburg,3,0
2003-11-29,2003-04,Leverkusen,Munich 1860,2,2
2003-11-29,2003-04,M'gladbach,Kaiserslautern,2,1
2003-11-30,2003-04,Hansa Rostock,Dortmund,2,1
2003-11-30,2003-04,Hertha,Schalke 04,1,3
2003-12-06,2003-04,Dortmund,Hertha,1,1
2003-12-06,2003-04,Ein Frankfurt,Hannover,2,2
2003-12-06,2003-04,Freiburg,Bochum,4,2
2003-12-06,2003-04,Munich 1860,Hansa Rostock,1,4
2003-12-06,2003-04,Stuttgart,Hamburg,0,0
2003-12-06,2003-04,Werder Bremen,Bayern Munich,1,1
2003-12-06,2003-04,Wolfsburg,Kaiserslautern,4,1
2003-12-07,2003-04,FC Koln,Leverkusen,0,0
2003-12-07,2003-04,Schalke 04,M'gladbach,2,1
2003-12-13,2003-04,Bayern Munich,Stuttgart,1,0
2003-12-13,2003-04,Bochum,Ein Frankfurt,1,0
2003-12-13,2003-04,Hamburg,Freiburg,4,1
2003-12-13,2003-04,Hansa Rostock,FC Koln,1,1
2003-12-13,2003-04,Hertha,Munich 1860,1,1
2003-12-13,2003-04,Kaiserslautern,Schalke 04,0,2
2003-12-13,2003-04,Leverkusen,Werder Bremen,1,3
2003-12-14,2003-04,M'gladbach,Dortmund,2,1
2003-12-14,2003-04,Wolfsburg,Hannover,2,1
2003-12-16,2003-04,Ein Frankfurt,Hamburg,2,3
2003-12-16,2003-04,FC Koln,Hertha,3,0
2003-12-16,2003-04,Freiburg,Bayern Munich,0,6
2003-12-16,2003-04,Werder Bremen,Hansa Rostock,3,0
2003-12-17,2003-04,Dortmund,Kaiserslautern,1,1
2003-12-17,2003-04,Hannover,Bochum,2,2
2003-12-17,2003-04,Munich 1860,M'gladbach,1,2
2003-12-17,2003-04,Schalke 04,Wolfsburg,1,1
2003-12-17,2003-04,Stuttgart,Leverkusen,2,3
2004-01-30,2003-04,Dortmund,Schalke 04,0,1
2004-01-31,2003-04,Bochum,Wolfsburg,1,0
2004-01-31,2003-04,Ein Frankfurt,Bayern Munich,1,1
2004-01-31,2003-04,FC Koln,M'gladbach,1,0
2004-01-31,2003-04,Munich 1860,Kaiserslautern,2,1
2004-01-31,2003-04,Stuttgart,Hansa Rostock,2,0
2004-01-31,2003-04,Werder Bremen,Hertha,4,0
2004-02-01,2003-04,Freiburg,Leverkusen,1,0
2004-02-01,2003-04,Hannover,Hamburg,3,2
2004-02-07,2003-04,Hamburg,Bochum,1,1
2004-02-07,2003-04,Hansa Rostock,Freiburg,4,1
2004-02-07,2003-04,Kaiserslautern,FC Koln,1,0
2004-02-07,2003-04,Leverkusen,Ein Frankfurt,1,2
2004-02-07,2003-04,M'gladbach,Werder Bremen,1,2
2004-02-07,2003-04,Schalke 04,Munich 1860,0,0
2004-02-07,2003-04,Wolfsburg,Dortmund,2,4
2004-02-08,2003-04,Bayern Munich,Hannover,3,1
2004-02-08,2003-04,Hertha,Stuttgart,1,0
2004-02-14,2003-04,Bochum,Bayern Munich,1,0
2004-02-14,2003-04,Ein Frankfurt,Hansa Rostock,1,1
2004-02-14,2003-04,FC Koln,Schalke 04,0,2
2004-02-14,2003-04,Freiburg,Hertha,2,3
2004-02-14,2003-04,Hamburg,Wolfsburg,2,0
2004-02-14,2003-04,Hannover,Leverkusen,2,2
2004-02-14,2003-04,Stuttgart,M'gladbach,1,1
2004-02-15,2003-04,Munich 1860,Dortmund,0,2
2004-02-15,2003-04,Werder Bremen,Kaiserslautern,1,0
2004-02-21,2003-04,Bayern Munich,Hamburg,1,0
2004-02-21,2003-04,Hansa Rostock,Hannover,3,1
2004-02-21,2003-04,Kaiserslautern,Stuttgart,1,0
2004-02-21,2003-04,Leverkusen,Bochum,1,3
2004-02-21,2003-04,M'gladbach,Freiburg,2,2
2004-02-21,2003-04,Schalke 04,Werder Bremen,0,0
2004-02-21,2003-04,Wolfsburg,Munich 1860,3,1
2004-02-22,2003-04,Dortmund,FC Koln,1,0
2004-02-22,2003-04,Hertha,Ein Frankfurt,1,2
2004-02-28,2003-04,Bayern Munich,Wolfsburg,2,0
2004-02-28,2003-04,Bochum,Hansa Rostock,0,0
2004-02-28,2003-04,Ein Frankfurt,M'gladbach,3,1
2004-02-28,2003-04,FC Koln,Munich 1860,1,3
2004-02-28,2003-04,Hamburg,Leverkusen,3,1
2004-02-28,2003-04,Stuttgart,Schalke 04,0,0
2004-02-28,2003-04,Werder Bremen,Dortmund,2,0
2004-02-29,2003-04,Freiburg,Kaiserslautern,1,0
2004-02-29,2003-04,Hannover,Hertha,1,3
2004-03-06,2003-04,Dortmund,Stuttgart,0,2
2004-03-06,2003-04,Hansa Rostock,Hamburg,3,0
2004-03-06,2003-04,Hertha,Bochum,1,1
2004-03-06,2003-04,Kaiserslautern,Ein Frankfurt,1,0
2004-03-06,2003-04,Leverkusen,Bayern Munich,1,3
2004-03-06,2003-04,M'gladbach,Hannover,1,0
2004-03-06,2003-04,Schalke 04,Freiburg,3,0
2004-03-07,2003-04,Munich 1860,Werder Bremen,0,2
2004-03-07,2003-04,Wolfsburg,FC Koln,2,0
2004-03-13,2003-04,Bayern Munich,Hansa Rostock,3,3
2004-03-13,2003-04,Ein Frankfurt,Schalke 04,3,0
2004-03-13,2003-04,Freiburg,Dortmund,2,2
2004-03-13,2003-04,Hamburg,Hertha,2,0
2004-03-13,2003-04,Hannover,Kaiserslautern,0,1
2004-03-13,2003-04,Leverkusen,Wolfsburg,4,2
2004-03-13,2003-04,Werder Bremen,FC Koln,3,2
2004-03-14,2003-04,Bochum,M'gladbach,1,0
2004-03-14,2003-04,Stuttgart,Munich 1860,2,0
2004-03-20,2003-04,Dortmund,Ein Frankfurt,2,0
2004-03-20,2003-04,FC Koln,Stuttgart,2,2
2004-03-20,2003-04,Hansa Rostock,Leverkusen,0,2
2004-03-20,2003-04,Hertha,Bayern Munich,1,1
2004-03-20,2003-04,Kaiserslautern,Bochum,2,2
2004-03-20,2003-04,M'gladbach,Hamburg,3,0
2004-03-20,2003-04,Schalke 04,Hannover,2,2
2004-03-21,2003-04,Munich 1860,Freiburg,1,1
2004-03-21,2003-04,Wolfsburg,Werder Bremen,0,2
2004-03-27,2003-04,Bayern Munich,M'gladbach,5,2
2004-03-27,2003-04,Bochum,Schalke 04,1,2
2004-03-27,2003-04,Ein Frankfurt,Munich 1860,0,3
2004-03-27,2003-04,Freiburg,FC Koln,3,0
2004-03-27,2003-04,Hannover,Dortmund,1,1
2004-03-27,2003-04,Hansa Rostock,Wolfsburg,3,1
2004-03-27,2003-04,Leverkusen,Hertha,4,1
2004-03-28,2003-04,Hamburg,Kaiserslautern,3,2
2004-03-28,2003-04,Stuttgart,Werder Bremen,4,4
2004-04-03,2003-04,FC Koln,Ein Frankfurt,2,0
2004-04-03,2003-04,Hertha,Hansa Rostock,1,1
2004-04-03,2003-04,Kaiserslautern,Bayern Munich,0,2
2004-04-03,2003-04,M'gladbach,Leverkusen,0,0
2004-04-03,2003-04,Munich 1860,Hannover,0,2
2004-04-03,2003-04,Schalke 04,Hamburg,4,1
2004-04-03,2003-04,Wolfsburg,Stuttgart,1,5
2004-04-04,2003-04,Dortmund,Bochum,4,1
2004-04-04,2003-04,Werder Bremen,Freiburg,1,1
2004-04-10,2003-04,Bayern Munich,Schalke 04,2,1
2004-04-10,2003-04,Bochum,Munich 1860,4,0
2004-04-10,2003-04,Ein Frankfurt,Werder Bremen,0,1
2004-04-10,2003-04,Hamburg,Dortmund,0,2
2004-04-10,2003-04,Hansa Rostock,M'gladbach,1,2
2004-04-10,2003-04,Hertha,Wolfsburg,1,0
2004-04-10,2003-04,Leverkusen,Kaiserslautern,6,0
2004-04-11,2003-04,Freiburg,Stuttgart,0,1
2004-04-11,2003-04,Hannover,FC Koln,1,0
2004-04-17,2003-04,Dortmund,Bayern Munich,2,0
2004-04-17,2003-04,Kaiserslautern,Hansa Rostock,3,2
2004-04-17,2003-04,M'gladbach,Hertha,1,1
2004-04-17,2003-04,Munich 1860,Hamburg,1,2
2004-04-17,2003-04,Schalke 04,Leverkusen,2,3
2004-04-17,2003-04,Stuttgart,Ein Frankfurt,3,1
2004-04-17,2003-04,Wolfsburg,Freiburg,4,0
2004-04-18,2003-04,FC Koln,Bochum,1,2
2004-04-18,2003-04,Werder Bremen,Hannover,0,0
2004-04-24,2003-04,Ein Frankfurt,Freiburg,3,0
2004-04-24,2003-04,Hamburg,FC Koln,4,2
2004-04-24,2003-04,Hannover,Stuttgart,0,1
2004-04-24,2003-04,Hansa Rostock,Schalke 04,3,1
2004-04-24,2003-04,Hertha,Kaiserslautern,3,0
2004-04-24,2003-04,Leverkusen,Dortmund,3,0
2004-04-24,2003-04,M'gladbach,Wolfsburg,0,2
2004-04-25,2003-04,Bayern Munich,Munich 1860,1,0
2004-04-25,2003-04,Bochum,Werder Bremen,0,0
2004-05-01,2003-04,Dortmund,Hansa Rostock,4,1
2004-05-01,2003-04,FC Koln,Bayern Munich,1,2
2004-05-01,2003-04,Freiburg,Hannover,4,1
2004-05-01,2003-04,Kaiserslautern,M'gladbach,2,2
2004-05-01,2003-04,Munich 1860,Leverkusen,1,1
2004-05-01,2003-04,Werder Bremen,Hamburg,6,0
2004-05-01,2003-04,Wolfsburg,Ein Frankfurt,1,0
2004-05-02,2003-04,Schalke 04,Hertha,3,0
2004-05-02,2003-04,Stuttgart,Bochum,1,1
2004-05-08,2003-04,Bayern Munich,Werder Bremen,1,3
2004-05-08,2003-04,Hamburg,Stuttgart,2,1
2004-05-08,2003-04,Hannover,Ein Frankfurt,3,0
2004-05-08,2003-04,Hertha,Dortmund,6,2
2004-05-08,2003-04,Kaiserslautern,Wolfsburg,3,2
2004-05-08,2003-04,Leverkusen,FC Koln,2,0
2004-05-08,2003-04,M'gladbach,Schalke 04,2,0
2004-05-09,2003-04,Bochum,Freiburg,3,0
2004-05-09,2003-04,Hansa Rostock,Munich 1860,3,0
2004-05-15,2003-04,Dortmund,M'gladbach,3,1
2004-05-15,2003-04,Ein Frankfurt,Bochum,3,2
2004-05-15,2003-04,FC Koln,Hansa Rostock,4,0
2004-05-15,2003-04,Freiburg,Hamburg,0,0
2004-05-15,2003-04,Hannover,Wolfsburg,0,0
2004-05-15,2003-04,Munich 1860,Hertha,1,1
2004-05-15,2003-04,Schalke 04,Kaiserslautern,4,1
2004-05-15,2003-04,Stuttgart,Bayern Munich,3,1
2004-05-15,2003-04,Werder Bremen,Leverkusen,2,6
2004-05-22,2003-04,Bayern Munich,Freiburg,2,0
2004-05-22,2003-04,Bochum,Hannover,3,1
2004-05-22,2003-04,Hamburg,Ein Frankfurt,2,1
2004-05-22,2003-04,Hansa Rostock,Werder Bremen,3,1
2004-05-22,2003-04,Hertha,FC Koln,3,1
2004-05-22,2003-04,Kaiserslautern,Dortmund,1,1
2004-05-22,2003-04,Leverkusen,Stuttgart,2,0
2004-05-22,2003-04,M'gladbach,Munich 1860,3,1
2004-05-22,2003-04,Wolfsburg,Schalke 04,1,1
2004-08-06,2004-05,Werder Bremen,Schalke 04,1,0
2004-08-07,2004-05,Dortmund,Wolfsburg,1,2
2004-08-07,2004-05,Freiburg,Hansa Rostock,0,0
2004-08-07,2004-05,Hamburg,Bayern Munich,0,2
2004-08-07,2004-05,Hertha,Bochum,2,2
2004-08-07,2004-05,Kaiserslautern,Nurnberg,1,3
2004-08-07,2004-05,Leverkusen,Hannover,2,1
2004-08-08,2004-05,Bielefeld,M'gladbach,0,0
2004-08-08,2004-05,Stuttgart,Mainz,4,2
2004-08-14,2004-05,Bayern Munich,Hertha,1,1
2004-08-14,2004-05,Hansa Rostock,Werder Bremen,0,4
2004-08-14,2004-05,Mainz,Hamburg,2,1
2004-08-14,2004-05,M'gladbach,Dortmund,2,3
2004-08-14,2004-05,Nurnberg,Stuttgart,1,1
2004-08-14,2004-05,Schalke 04,Kaiserslautern,2,1
2004-08-15,2004-05,Bochum,Leverkusen,2,2
2004-08-15,2004-05,Wolfsburg,Freiburg,0,1
2004-08-28,2004-05,Bielefeld,Bochum,1,2
2004-08-28,2004-05,Freiburg,M'gladbach,1,1
2004-08-28,2004-05,Hamburg,Nurnberg,4,3
2004-08-28,2004-05,Hertha,Mainz,1,1
2004-08-28,2004-05,Kaiserslautern,Stuttgart,2,3
2004-08-28,2004-05,Leverkusen,Bayern Munich,4,1
2004-08-28,2004-05,Schalke 04,Hansa Rostock,0,2
2004-08-29,2004-05,Dortmund,Hannover,1,1
2004-08-29,2004-05,Werder Bremen,Wolfsburg,1,2
2004-09-11,2004-05,Bayern Munich,Bielefeld,1,0
2004-09-11,2004-05,Bochum,Dortmund,2,2
2004-09-11,2004-05,Mainz,Leverkusen,2,0
2004-09-11,2004-05,M'gladbach,Werder Bremen,3,1
2004-09-11,2004-05,Nurnberg,Hertha,0,0
2004-09-11,2004-05,Stuttgart,Hamburg,2,0
2004-09-11,2004-05,Wolfsburg,Schalke 04,3,0
2004-09-12,2004-05,Hannover,Freiburg,2,2
2004-09-12,2004-05,Hansa Rostock,Kaiserslautern,2,3
2004-09-18,2004-05,Bielefeld,Mainz,1,1
2004-09-18,2004-05,Dortmund,Bayern Munich,2,2
2004-09-18,2004-05,Hansa Rostock,Wolfsburg,1,2
2004-09-18,2004-05,Kaiserslautern,Hamburg,2,1
2004-09-18,2004-05,Leverkusen,Nurnberg,2,2
2004-09-18,2004-05,Schalke 04,M'gladbach,3,2
2004-09-18,2004-05,Werder Bremen,Hannover,3,0
2004-09-19,2004-05,Freiburg,Bochum,1,1
2004-09-19,2004-05,Hertha,Stuttgart,0,0
2004-09-25,2004-05,Bayern Munich,Freiburg,3,1
2004-09-25,2004-05,Bochum,Werder Bremen,1,4
2004-09-25,2004-05,Hannover,Schalke 04,1,0
2004-09-25,2004-05,M'gladbach,Hansa Rostock,2,2
2004-09-25,2004-05,Nurnberg,Bielefeld,1,2
2004-09-25,2004-05,Stuttgart,Leverkusen,3,0
2004-09-25,2004-05,Wolfsburg,Kaiserslautern,2,1
2004-09-26,2004-05,Hamburg,Hertha,2,1
2004-09-26,2004-05,Mainz,Dortmund,1,1
2004-09-28,2004-05,Hannover,Bielefeld,0,1
2004-10-02,2004-05,Dortmund,Nurnberg,2,2
2004-10-02,2004-05,Freiburg,Mainz,1,2
2004-10-02,2004-05,Hansa Rostock,Hannover,1,3
2004-10-02,2004-05,Kaiserslautern,Hertha,0,2
2004-10-02,2004-05,Leverkusen,Hamburg,3,0
2004-10-02,2004-05,Werder Bremen,Bayern Munich,1,2
2004-10-02,2004-05,Wolfsburg,M'gladbach,2,1
2004-10-03,2004-05,Bielefeld,Stuttgart,0,2
2004-10-03,2004-05,Schalke 04,Bochum,3,2
2004-10-16,2004-05,Bayern Munich,Schalke 04,0,1
2004-10-16,2004-05,Bochum,Hansa Rostock,0,1
2004-10-16,2004-05,Hamburg,Bielefeld,0,2
2004-10-16,2004-05,Hertha,Leverkusen,3,1
2004-10-16,2004-05,Mainz,Werder Bremen,2,1
2004-10-16,2004-05,Nurnberg,Freiburg,3,0
2004-10-16,2004-05,Stuttgart,Dortmund,2,0
2004-10-17,2004-05,Hannover,Wolfsburg,3,0
2004-10-17,2004-05,M'gladbach,Kaiserslautern,2,0
2004-10-23,2004-05,Bielefeld,Hertha,1,0
2004-10-23,2004-05,Dortmund,Hamburg,0,2
2004-10-23,2004-05,Hansa Rostock,Bayern Munich,0,2
2004-10-23,2004-05,Kaiserslautern,Leverkusen,0,0
2004-10-23,2004-05,M'gladbach,Hannover,0,2
2004-10-23,2004-05,Werder Bremen,Nurnberg,4,1
2004-10-23,2004-05,Wolfsburg,Bochum,3,0
2004-10-24,2004-05,Freiburg,Stuttgart,2,0
2004-10-24,2004-05,Schalke 04,Mainz,2,1
2004-10-26,2004-05,Bayern Munich,Wolfsburg,2,0
2004-10-26,2004-05,Bochum,M'gladbach,3,0
2004-10-26,2004-05,Hannover,Kaiserslautern,3,1
2004-10-26,2004-05,Hertha,Dortmund,0,1
2004-10-27,2004-05,Hamburg,Freiburg,4,0
2004-10-27,2004-05,Leverkusen,Bielefeld,3,2
2004-10-27,2004-05,Mainz,Hansa Rostock,3,1
2004-10-27,2004-05,Nurnberg,Schalke 04,0,2
2004-10-27,2004-05,Stuttgart,Werder Bremen,1,2
2004-10-30,2004-05,Dortmund,Leverkusen,1,0
2004-10-30,2004-05,Freiburg,Hertha,1,3
2004-10-30,2004-05,Hannover,Bochum,3,0
2004-10-30,2004-05,M'gladbach,Bayern Munich,2,0
2004-10-30,2004-05,Schalke 04,Stuttgart,3,2
2004-10-30,2004-05,Werder Bremen,Hamburg,1,1
2004-10-30,2004-05,Wolfsburg,Mainz,4,3
2004-10-31,2004-05,Hansa Rostock,Nurnberg,0,2
2004-10-31,2004-05,Kaiserslautern,Bielefeld,2,1
2004-11-06,2004-05,Bayern Munich,Hannover,3,0
2004-11-06,2004-05,Bielefeld,Dortmund,1,0
2004-11-06,2004-05,Bochum,Kaiserslautern,1,1
2004-11-06,2004-05,Hertha,Werder Bremen,1,1
2004-11-06,2004-05,Leverkusen,Freiburg,4,1
2004-11-06,2004-05,Mainz,M'gladbach,1,1
2004-11-06,2004-05,Nurnberg,Wolfsburg,4,0
2004-11-07,2004-05,Hamburg,Schalke 04,1,2
2004-11-07,2004-05,Stuttgart,Hansa Rostock,4,0
2004-11-13,2004-05,Freiburg,Bielefeld,2,3
2004-11-13,2004-05,Hannover,Mainz,2,0
2004-11-13,2004-05,Kaiserslautern,Dortmund,1,0
2004-11-13,2004-05,M'gladbach,Nurnberg,2,1
2004-11-13,2004-05,Schalke 04,Hertha,1,3
2004-11-13,2004-05,Werder Bremen,Leverkusen,2,2
2004-11-13,2004-05,Wolfsburg,Stuttgart,3,0
2004-11-14,2004-05,Bochum,Bayern Munich,1,3
2004-11-14,2004-05,Hansa Rostock,Hamburg,0,6
2004-11-20,2004-05,Bayern Munich,Kaiserslautern,3,1
2004-11-20,2004-05,Bielefeld,Werder Bremen,2,1
2004-11-20,2004-05,Dortmund,Freiburg,2,0
2004-11-20,2004-05,Hertha,Hansa Rostock,1,1
2004-11-20,2004-05,Leverkusen,Schalke 04,0,3
2004-11-20,2004-05,Mainz,Bochum,1,0
2004-11-20,2004-05,Stuttgart,M'gladbach,1,0
2004-11-21,2004-05,Hamburg,Wolfsburg,3,1
2004-11-21,2004-05,Nurnberg,Hannover,1,1
2004-11-27,2004-05,Bayern Munich,Mainz,4,2
2004-11-27,2004-05,Bochum,Nurnberg,3,1
2004-11-27,2004-05,Hansa Rostock,Leverkusen,0,2
2004-11-27,2004-05,Kaiserslautern,Freiburg,3,0
2004-11-27,2004-05,M'gladbach,Hamburg,1,3
2004-11-27,2004-05,Werder Bremen,Dortmund,2,0
2004-11-27,2004-05,Wolfsburg,Hertha,2,3
2004-11-28,2004-05,Hannover,Stuttgart,0,0
2004-11-28,2004-05,Schalke 04,Bielefeld,2,1
2004-12-04,2004-05,Bielefeld,Hansa Rostock,1,1
2004-12-04,2004-05,Freiburg,Werder Bremen,0,6
2004-12-04,2004-05,Hamburg,Hannover,0,2
2004-12-04,2004-05,Hertha,M'gladbach,6,0
2004-12-04,2004-05,Leverkusen,Wolfsburg,2,1
2004-12-04,2004-05,Nurnberg,Bayern Munich,2,2
2004-12-04,2004-05,Stuttgart,Bochum,5,2
2004-12-05,2004-05,Dortmund,Schalke 04,0,1
2004-12-05,2004-05,Kaiserslautern,Mainz,2,0
2004-12-11,2004-05,Bayern Munich,Stuttgart,2,2
2004-12-11,2004-05,Bochum,Hamburg,1,2
2004-12-11,2004-05,Hannover,Hertha,0,1
2004-12-11,2004-05,Hansa Rostock,Dortmund,1,1
2004-12-11,2004-05,Mainz,Nurnberg,0,1
2004-12-11,2004-05,Schalke 04,Freiburg,1,1
2004-12-11,2004-05,Werder Bremen,Kaiserslautern,1,1
2004-12-12,2004-05,M'gladbach,Leverkusen,1,1
2004-12-12,2004-05,Wolfsburg,Bielefeld,5,0
2005-01-21,2004-05,Bayern Munich,Hamburg,3,0
2005-01-22,2004-05,Hansa Rostock,Freiburg,0,0
2005-01-22,2004-05,Mainz,Stuttgart,2,3
2005-01-22,2004-05,M'gladbach,Bielefeld,1,0
2005-01-22,2004-05,Nurnberg,Kaiserslautern,1,3
2005-01-22,2004-05,Schalke 04,Werder Bremen,2,1
2005-01-22,2004-05,Wolfsburg,Dortmund,1,2
2005-01-23,2004-05,Bochum,Hertha,2,2
2005-01-23,2004-05,Hannover,Leverkusen,0,3
2005-01-29,2004-05,Bielefeld,Hannover,0,1
2005-01-29,2004-05,Dortmund,M'gladbach,1,1
2005-01-29,2004-05,Freiburg,Wolfsburg,1,0
2005-01-29,2004-05,Hamburg,Mainz,2,1
2005-01-29,2004-05,Kaiserslautern,Schalke 04,2,0
2005-01-29,2004-05,Leverkusen,Bochum,4,0
2005-01-29,2004-05,Stuttgart,Nurnberg,2,4
2005-01-30,2004-05,Hertha,Bayern Munich,0,0
2005-01-30,2004-05,Werder Bremen,Hansa Rostock,3,2
2005-02-05,2004-05,Bayern Munich,Leverkusen,2,0
2005-02-05,2004-05,Bochum,Bielefeld,1,1
2005-02-05,2004-05,Hannover,Dortmund,1,3
2005-02-05,2004-05,Hansa Rostock,Schalke 04,2,2
2005-02-05,2004-05,Mainz,Hertha,0,3
2005-02-05,2004-05,Nurnberg,Hamburg,1,3
2005-02-05,2004-05,Stuttgart,Kaiserslautern,1,1
2005-02-06,2004-05,M'gladbach,Freiburg,3,2
2005-02-06,2004-05,Wolfsburg,Werder Bremen,2,3
2005-02-12,2004-05,Dortmund,Bochum,1,0
2005-02-12,2004-05,Freiburg,Hannover,0,0
2005-02-12,2004-05,Hamburg,Stuttgart,2,1
2005-02-12,2004-05,Hertha,Nurnberg,2,1
2005-02-12,2004-05,Kaiserslautern,Hansa Rostock,2,1
2005-02-12,2004-05,Schalke 04,Wolfsburg,3,0
2005-02-12,2004-05,Werder Bremen,M'gladbach,2,0
2005-02-13,2004-05,Bielefeld,Bayern Munich,3,1
2005-02-13,2004-05,Leverkusen,Mainz,2,0
2005-02-19,2004-05,Bayern Munich,Dortmund,5,0
2005-02-19,2004-05,Bochum,Freiburg,3,1
2005-02-19,2004-05,Hamburg,Kaiserslautern,2,1
2005-02-19,2004-05,Hannover,Werder Bremen,1,4
2005-02-19,2004-05,Mainz,Bielefeld,0,0
2005-02-19,2004-05,Nurnberg,Leverkusen,2,4
2005-02-19,2004-05,Wolfsburg,Hansa Rostock,4,0
2005-02-20,2004-05,M'gladbach,Schalke 04,1,3
2005-02-20,2004-05,Stuttgart,Hertha,1,0
2005-02-26,2004-05,Bielefeld,Nurnberg,3,1
2005-02-26,2004-05,Dortmund,Mainz,3,0
2005-02-26,2004-05,Freiburg,Bayern Munich,0,1
2005-02-26,2004-05,Hansa Rostock,M'gladbach,0,0
2005-02-26,2004-05,Hertha,Hamburg,4,1
2005-02-26,2004-05,Kaiserslautern,Wolfsburg,0,0
2005-02-26,2004-05,Werder Bremen,Bochum,4,0
2005-02-27,2004-05,Leverkusen,Stuttgart,1,1
2005-02-27,2004-05,Schalke 04,Hannover,1,0
2005-03-05,2004-05,Bayern Munich,Werder Bremen,1,0
2005-03-05,2004-05,Bochum,Schalke 04,0,2
2005-03-05,2004-05,Hamburg,Leverkusen,1,0
2005-03-05,2004-05,Hannover,Hansa Rostock,0,1
2005-03-05,2004-05,Mainz,Freiburg,5,0
2005-03-05,2004-05,M'gladbach,Wolfsburg,1,0
2005-03-05,2004-05,Stuttgart,Bielefeld,2,1
2005-03-06,2004-05,Hertha,Kaiserslautern,1,1
2005-03-06,2004-05,Nurnberg,Dortmund,2,2
2005-03-12,2004-05,Bielefeld,Hamburg,3,4
2005-03-12,2004-05,Freiburg,Nurnberg,2,3
2005-03-12,2004-05,Hansa Rostock,Bochum,3,1
2005-03-12,2004-05,Kaiserslautern,M'gladbach,1,0
2005-03-12,2004-05,Leverkusen,Hertha,3,3
2005-03-12,2004-05,Werder Bremen,Mainz,0,0
2005-03-12,2004-05,Wolfsburg,Hannover,1,0
2005-03-13,2004-05,Dortmund,Stuttgart,0,2
2005-03-13,2004-05,Schalke 04,Bayern Munich,1,0
2005-03-19,2004-05,Bayern Munich,Hansa Rostock,3,1
2005-03-19,2004-05,Bochum,Wolfsburg,5,1
2005-03-19,2004-05,Hamburg,Dortmund,2,3
2005-03-19,2004-05,Hannover,M'gladbach,2,1
2005-03-19,2004-05,Hertha,Bielefeld,3,0
2005-03-19,2004-05,Leverkusen,Kaiserslautern,2,0
2005-03-19,2004-05,Nurnberg,Werder Bremen,1,2
2005-03-20,2004-05,Mainz,Schalke 04,2,1
2005-03-20,2004-05,Stuttgart,Freiburg,1,0
2005-04-02,2004-05,Bielefeld,Leverkusen,1,0
2005-04-02,2004-05,Freiburg,Hamburg,1,1
2005-04-02,2004-05,Hansa Rostock,Mainz,2,0
2005-04-02,2004-05,Kaiserslautern,Hannover,0,2
2005-04-02,2004-05,Schalke 04,Nurnberg,4,1
2005-04-02,2004-05,Werder Bremen,Stuttgart,1,2
2005-04-02,2004-05,Wolfsburg,Bayern Munich,0,3
2005-04-03,2004-05,Dortmund,Hertha,2,1
2005-04-03,2004-05,M'gladbach,Bochum,2,2
2005-04-09,2004-05,Bayern Munich,M'gladbach,2,1
2005-04-09,2004-05,Bochum,Hannover,1,0
2005-04-09,2004-05,Hamburg,Werder Bremen,1,2
2005-04-09,2004-05,Hertha,Freiburg,3,1
2005-04-09,2004-05,Leverkusen,Dortmund,0,1
2005-04-09,2004-05,Mainz,Wolfsburg,0,2
2005-04-09,2004-05,Stuttgart,Schalke 04,3,0
2005-04-10,2004-05,Bielefeld,Kaiserslautern,0,2
2005-04-10,2004-05,Nurnberg,Hansa Rostock,3,0
2005-04-16,2004-05,Dortmund,Bielefeld,1,1
2005-04-16,2004-05,Freiburg,Leverkusen,1,3
2005-04-16,2004-05,Hannover,Bayern Munich,0,1
2005-04-16,2004-05,Hansa Rostock,Stuttgart,2,1
2005-04-16,2004-05,M'gladbach,Mainz,1,1
2005-04-16,2004-05,Schalke 04,Hamburg,1,2
2005-04-16,2004-05,Werder Bremen,Hertha,0,1
2005-04-17,2004-05,Kaiserslautern,Bochum,1,2
2005-04-17,2004-05,Wolfsburg,Nurnberg,0,1
2005-04-23,2004-05,Bayern Munich,Bochum,3,1
2005-04-23,2004-05,Bielefeld,Freiburg,3,1
2005-04-23,2004-05,Dortmund,Kaiserslautern,4,2
2005-04-23,2004-05,Hamburg,Hansa Rostock,3,0
2005-04-23,2004-05,Hertha,Schalke 04,4,1
2005-04-23,2004-05,Mainz,Hannover,2,0
2005-04-23,2004-05,Stuttgart,Wolfsburg,0,0
2005-04-24,2004-05,Leverkusen,Werder Bremen,2,1
2005-04-24,2004-05,Nurnberg,M'gladbach,0,0
2005-04-30,2004-05,Bochum,Mainz,2,6
2005-04-30,2004-05,Freiburg,Dortmund,2,2
2005-04-30,2004-05,Hansa Rostock,Hertha,2,1
2005-04-30,2004-05,Kaiserslautern,Bayern Munich,0,4
2005-04-30,2004-05,M'gladbach,Stuttgart,2,0
2005-04-30,2004-05,Schalke 04,Leverkusen,3,3
2005-04-30,2004-05,Werder Bremen,Bielefeld,3,0
2005-05-01,2004-05,Hannover,Nurnberg,1,0
2005-05-01,2004-05,Wolfsburg,Hamburg,1,0
2005-05-07,2004-05,Bielefeld,Schalke 04,0,2
2005-05-07,2004-05,Freiburg,Kaiserslautern,1,2
2005-05-07,2004-05,Hertha,Wolfsburg,3,1
2005-05-07,2004-05,Leverkusen,Hansa Rostock,3,0
2005-05-07,2004-05,Mainz,Bayern Munich,2,4
2005-05-07,2004-05,Nurnberg,Bochum,2,1
2005-05-07,2004-05,Stuttgart,Hannover,1,0
2005-05-08,2004-05,Dortmund,Werder Bremen,1,0
2005-05-08,2004-05,Hamburg,M'gladbach,0,0
2005-05-14,2004-05,Bayern Munich,Nurnberg,6,3
2005-05-14,2004-05,Bochum,Stuttgart,2,0
2005-05-14,2004-05,Hannover,Hamburg,2,1
2005-05-14,2004-05,Hansa Rostock,Bielefeld,1,1
2005-05-14,2004-05,Mainz,Kaiserslautern,3,2
2005-05-14,2004-05,M'gladbach,Hertha,0,0
2005-05-14,2004-05,Schalke 04,Dortmund,1,2
2005-05-14,2004-05,Werder Bremen,Freiburg,4,1
2005-05-14,2004-05,Wolfsburg,Leverkusen,2,2
2005-05-21,2004-05,Bielefeld,Wolfsburg,1,2
2005-05-21,2004-05,Dortmund,Hansa Rostock,2,1
2005-05-21,2004-05,Freiburg,Schalke 04,2,3
2005-05-21,2004-05,Hamburg,Bochum,0,1
2005-05-21,2004-05,Hertha,Hannover,0,0
2005-05-21,2004-05,Kaiserslautern,Werder Bremen,1,2
2005-05-21,2004-05,Leverkusen,M'gladbach,5,1
2005-05-21,2004-05,Nurnberg,Mainz,1,2
2005-05-21,2004-05,Stuttgart,Bayern Munich,1,3
2005-08-05,2005-06,Bayern Munich,M'gladbach,3,0
2005-08-06,2005-06,Duisburg,Stuttgart,1,1
2005-08-06,2005-06,FC Koln,Mainz,1,0
2005-08-06,2005-06,Hamburg,Nurnberg,3,0
2005-08-06,2005-06,Hannover,Hertha,2,2
2005-08-06,2005-06,Werder Bremen,Bielefeld,5,2
2005-08-06,2005-06,Wolfsburg,Dortmund,2,2
2005-08-07,2005-06,Ein Frankfurt,Leverkusen,1,4
2005-08-07,2005-06,Schalke 04,Kaiserslautern,2,1
2005-08-13,2005-06,Bielefeld,Hamburg,0,2
2005-08-13,2005-06,Dortmund,Schalke 04,1,2
2005-08-13,2005-06,Hertha,Ein Frankfurt,2,0
2005-08-13,2005-06,Kaiserslautern,Duisburg,5,3
2005-08-13,2005-06,Leverkusen,Bayern Munich,2,5
2005-08-13,2005-06,M'gladbach,Wolfsburg,1,1
2005-08-13,2005-06,Nurnberg,Hannover,1,1
2005-08-14,2005-06,Mainz,Werder Bremen,0,2
2005-08-14,2005-06,Stuttgart,FC Koln,2,3
2005-08-27,2005-06,Bayern Munich,Hertha,3,0
2005-08-27,2005-06,Ein Frankfurt,Nurnberg,1,0
2005-08-27,2005-06,FC Koln,Kaiserslautern,2,3
2005-08-27,2005-06,Hamburg,Hannover,1,1
2005-08-27,2005-06,Schalke 04,M'gladbach,1,1
2005-08-27,2005-06,Werder Bremen,Stuttgart,1,1
2005-08-27,2005-06,Wolfsburg,Leverkusen,2,1
2005-08-28,2005-06,Bielefeld,Mainz,2,0
2005-08-28,2005-06,Duisburg,Dortmund,1,1
2005-09-10,2005-06,Hannover,Ein Frankfurt,2,0
2005-09-10,2005-06,Kaiserslautern,Werder Bremen,1,5
2005-09-10,2005-06,Leverkusen,Schalke 04,1,1
2005-09-10,2005-06,Mainz,Hamburg,1,3
2005-09-10,2005-06,M'gladbach,Duisburg,2,1
2005-09-10,2005-06,Nurnberg,Bayern Munich,1,2
2005-09-10,2005-06,Stuttgart,Bielefeld,1,1
2005-09-11,2005-06,Dortmund,FC Koln,2,1
2005-09-11,2005-06,Hertha,Wolfsburg,3,0
2005-09-17,2005-06,Bayern Munich,Hannover,1,0
2005-09-17,2005-06,Bielefeld,Kaiserslautern,0,0
2005-09-17,2005-06,FC Koln,M'gladbach,2,1
2005-09-17,2005-06,Hamburg,Ein Frankfurt,1,1
2005-09-17,2005-06,Mainz,Stuttgart,1,2
2005-09-17,2005-06,Werder Bremen,Dortmund,3,2
2005-09-17,2005-06,Wolfsburg,Nurnberg,1,1
2005-09-18,2005-06,Duisburg,Leverkusen,1,3
2005-09-18,2005-06,Schalke 04,Hertha,0,0
2005-09-20,2005-06,Dortmund,Bielefeld,2,0
2005-09-20,2005-06,Ein Frankfurt,Bayern Munich,0,1
2005-09-20,2005-06,Hannover,Wolfsburg,2,4
2005-09-20,2005-06,M'gladbach,Werder Bremen,2,1
2005-09-21,2005-06,Hertha,Duisburg,3,2
2005-09-21,2005-06,Kaiserslautern,Mainz,0,2
2005-09-21,2005-06,Leverkusen,FC Koln,2,1
2005-09-21,2005-06,Nurnberg,Schalke 04,1,1
2005-09-21,2005-06,Stuttgart,Hamburg,1,2
2005-09-24,2005-06,Bielefeld,M'gladbach,0,2
2005-09-24,2005-06,Duisburg,Nurnberg,1,0
2005-09-24,2005-06,Hamburg,Bayern Munich,2,0
2005-09-24,2005-06,Mainz,Dortmund,1,1
2005-09-24,2005-06,Schalke 04,Hannover,2,0
2005-09-24,2005-06,Werder Bremen,Leverkusen,2,1
2005-09-24,2005-06,Wolfsburg,Ein Frankfurt,1,0
2005-09-25,2005-06,FC Koln,Hertha,0,1
2005-09-25,2005-06,Stuttgart,Kaiserslautern,1,0
2005-10-01,2005-06,Bayern Munich,Wolfsburg,2,0
2005-10-01,2005-06,Ein Frankfurt,Schalke 04,0,1
2005-10-01,2005-06,Hannover,Duisburg,1,1
2005-10-01,2005-06,Hertha,Werder Bremen,1,2
2005-10-01,2005-06,Leverkusen,Bielefeld,1,1
2005-10-01,2005-06,M'gladbach,Mainz,1,0
2005-10-01,2005-06,Nurnberg,FC Koln,2,1
2005-10-02,2005-06,Dortmund,Stuttgart,0,0
2005-10-02,2005-06,Kaiserslautern,Hamburg,0,3
2005-10-15,2005-06,Bielefeld,Hertha,3,0
2005-10-15,2005-06,Hamburg,Wolfsburg,0,1
2005-10-15,2005-06,Kaiserslautern,Dortmund,3,3
2005-10-15,2005-06,Mainz,Leverkusen,3,1
2005-10-15,2005-06,Schalke 04,Bayern Munich,1,1
2005-10-15,2005-06,Stuttgart,M'gladbach,1,1
2005-10-15,2005-06,Werder Bremen,Nurnberg,6,2
2005-10-16,2005-06,Duisburg,Ein Frankfurt,0,1
2005-10-16,2005-06,FC Koln,Hannover,1,4
2005-10-22,2005-06,Bayern Munich,Duisburg,4,0
2005-10-22,2005-06,Ein Frankfurt,FC Koln,6,3
2005-10-22,2005-06,Hannover,Werder Bremen,0,0
2005-10-22,2005-06,Hertha,Mainz,3,1
2005-10-22,2005-06,M'gladbach,Kaiserslautern,4,1
2005-10-22,2005-06,Nurnberg,Bielefeld,2,3
2005-10-22,2005-06,Wolfsburg,Schalke 04,0,0
2005-10-23,2005-06,Dortmund,Hamburg,1,1
2005-10-23,2005-06,Leverkusen,Stuttgart,1,1
2005-10-29,2005-06,Dortmund,M'gladbach,2,1
2005-10-29,2005-06,Duisburg,Wolfsburg,1,0
2005-10-29,2005-06,FC Koln,Bayern Munich,1,2
2005-10-29,2005-06,Hamburg,Schalke 04,1,0
2005-10-29,2005-06,Kaiserslautern,Leverkusen,2,2
2005-10-29,2005-06,Stuttgart,Hertha,3,3
2005-10-29,2005-06,Werder Bremen,Ein Frankfurt,4,1
2005-10-30,2005-06,Bielefeld,Hannover,4,1
2005-10-30,2005-06,Mainz,Nurnberg,4,1
2005-11-05,2005-06,Bayern Munich,Werder Bremen,3,1
2005-11-05,2005-06,Ein Frankfurt,Bielefeld,3,0
2005-11-05,2005-06,Hannover,Mainz,2,2
2005-11-05,2005-06,Hertha,Kaiserslautern,3,0
2005-11-05,2005-06,Leverkusen,Dortmund,2,1
2005-11-05,2005-06,Schalke 04,Duisburg,3,0
2005-11-05,2005-06,Wolfsburg,FC Koln,1,1
2005-11-06,2005-06,M'gladbach,Hamburg,0,0
2005-11-06,2005-06,Nurnberg,Stuttgart,0,1
2005-11-19,2005-06,Bielefeld,Bayern Munich,1,2
2005-11-19,2005-06,Dortmund,Hertha,2,0
2005-11-19,2005-06,FC Koln,Schalke 04,2,2
2005-11-19,2005-06,Kaiserslautern,Nurnberg,1,3
2005-11-19,2005-06,Mainz,Ein Frankfurt,2,2
2005-11-19,2005-06,M'gladbach,Leverkusen,1,1
2005-11-19,2005-06,Werder Bremen,Wolfsburg,6,1
2005-11-20,2005-06,Hamburg,Duisburg,2,0
2005-11-20,2005-06,Stuttgart,Hannover,2,2
2005-11-26,2005-06,Bayern Munich,Mainz,2,1
2005-11-26,2005-06,Hannover,Kaiserslautern,5,1
2005-11-26,2005-06,Leverkusen,Hamburg,0,1
2005-11-26,2005-06,Nurnberg,Dortmund,1,2
2005-11-26,2005-06,Schalke 04,Werder Bremen,2,1
2005-11-26,2005-06,Wolfsburg,Bielefeld,0,0
2005-11-27,2005-06,Ein Frankfurt,Stuttgart,1,1
2005-11-27,2005-06,Hertha,M'gladbach,2,2
2005-12-03,2005-06,Bielefeld,Schalke 04,0,1
2005-12-03,2005-06,Dortmund,Hannover,0,2
2005-12-03,2005-06,Hamburg,FC Koln,3,1
2005-12-03,2005-06,M'gladbach,Nurnberg,0,1
2005-12-03,2005-06,Stuttgart,Bayern Munich,0,0
2005-12-03,2005-06,Werder Bremen,Duisburg,2,0
2005-12-04,2005-06,Leverkusen,Hertha,1,2
2005-12-04,2005-06,Mainz,Wolfsburg,5,1
2005-12-06,2005-06,Duisburg,FC Koln,1,1
2005-12-10,2005-06,Duisburg,Bielefeld,1,1
2005-12-10,2005-06,Ein Frankfurt,Dortmund,2,0
2005-12-10,2005-06,Hamburg,Hertha,2,1
2005-12-10,2005-06,Hannover,M'gladbach,1,1
2005-12-10,2005-06,Nurnberg,Leverkusen,1,1
2005-12-10,2005-06,Schalke 04,Mainz,1,0
2005-12-10,2005-06,Wolfsburg,Stuttgart,0,1
2005-12-11,2005-06,Bayern Munich,Kaiserslautern,2,1
2005-12-11,2005-06,FC Koln,Werder Bremen,1,4
2005-12-14,2005-06,Kaiserslautern,Ein Frankfurt,1,2
2005-12-17,2005-06,Bielefeld,FC Koln,3,2
2005-12-17,2005-06,Dortmund,Bayern Munich,1,2
2005-12-17,2005-06,Kaiserslautern,Wolfsburg,3,2
2005-12-17,2005-06,Leverkusen,Hannover,0,0
2005-12-17,2005-06,Mainz,Duisburg,1,1
2005-12-17,2005-06,M'gladbach,Ein Frankfurt,4,3
2005-12-17,2005-06,Stuttgart,Schalke 04,2,0
2005-12-18,2005-06,Hertha,Nurnberg,1,1
2005-12-18,2005-06,Werder Bremen,Hamburg,1,1
2006-01-27,2005-06,M'gladbach,Bayern Munich,1,3
2006-01-28,2005-06,Dortmund,Wolfsburg,3,2
2006-01-28,2005-06,Hertha,Hannover,1,1
2006-01-28,2005-06,Leverkusen,Ein Frankfurt,2,1
2006-01-28,2005-06,Mainz,FC Koln,4,2
2006-01-28,2005-06,Nurnberg,Hamburg,2,1
2006-01-28,2005-06,Stuttgart,Duisburg,0,1
2006-01-29,2005-06,Bielefeld,Werder Bremen,0,1
2006-01-29,2005-06,Kaiserslautern,Schalke 04,0,2
2006-02-04,2005-06,Bayern Munich,Leverkusen,1,0
2006-02-04,2005-06,Duisburg,Kaiserslautern,2,2
2006-02-04,2005-06,Ein Frankfurt,Hertha,1,1
2006-02-04,2005-06,FC Koln,Stuttgart,0,0
2006-02-04,2005-06,Hamburg,Bielefeld,2,1
2006-02-04,2005-06,Schalke 04,Dortmund,0,0
2006-02-04,2005-06,Werder Bremen,Mainz,4,2
2006-02-05,2005-06,Hannover,Nurnberg,1,1
2006-02-05,2005-06,Wolfsburg,M'gladbach,2,0
2006-02-07,2005-06,Dortmund,Duisburg,2,0
2006-02-07,2005-06,Hertha,Bayern Munich,0,0
2006-02-07,2005-06,Kaiserslautern,FC Koln,2,2
2006-02-07,2005-06,Mainz,Bielefeld,1,1
2006-02-08,2005-06,Hannover,Hamburg,2,1
2006-02-08,2005-06,Leverkusen,Wolfsburg,4,0
2006-02-08,2005-06,M'gladbach,Schalke 04,0,0
2006-02-08,2005-06,Nurnberg,Ein Frankfurt,0,1
2006-02-08,2005-06,Stuttgart,Werder Bremen,0,0
2006-02-11,2005-06,Bielefeld,Stuttgart,2,1
2006-02-11,2005-06,Duisburg,M'gladbach,1,1
2006-02-11,2005-06,Ein Frankfurt,Hannover,0,1
2006-02-11,2005-06,Hamburg,Mainz,1,0
2006-02-11,2005-06,Schalke 04,Leverkusen,7,4
2006-02-11,2005-06,Werder Bremen,Kaiserslautern,0,2
2006-02-11,2005-06,Wolfsburg,Hertha,1,1
2006-02-12,2005-06,Bayern Munich,Nurnberg,2,1
2006-02-12,2005-06,FC Koln,Dortmund,0,0
2006-02-18,2005-06,Dortmund,Werder Bremen,0,1
2006-02-18,2005-06,Hannover,Bayern Munich,1,1
2006-02-18,2005-06,Hertha,Schalke 04,1,2
2006-02-18,2005-06,Kaiserslautern,Bielefeld,2,0
2006-02-18,2005-06,Leverkusen,Duisburg,3,2
2006-02-18,2005-06,M'gladbach,FC Koln,2,0
2006-02-18,2005-06,Nurnberg,Wolfsburg,1,0
2006-02-19,2005-06,Ein Frankfurt,Hamburg,1,2
2006-02-19,2005-06,Stuttgart,Mainz,2,1
2006-02-25,2005-06,Bayern Munich,Ein Frankfurt,5,2
2006-02-25,2005-06,Bielefeld,Dortmund,1,0
2006-02-25,2005-06,FC Koln,Leverkusen,0,3
2006-02-25,2005-06,Mainz,Kaiserslautern,0,2
2006-02-25,2005-06,Schalke 04,Nurnberg,2,0
2006-02-25,2005-06,Werder Bremen,M'gladbach,2,0
2006-02-25,2005-06,Wolfsburg,Hannover,2,1
2006-02-26,2005-06,Duisburg,Hertha,2,1
2006-02-26,2005-06,Hamburg,Stuttgart,0,2
2006-03-04,2005-06,Bayern Munich,Hamburg,1,2
2006-03-04,2005-06,Dortmund,Mainz,1,1
2006-03-04,2005-06,Hannover,Schalke 04,1,2
2006-03-04,2005-06,Hertha,FC Koln,2,4
2006-03-04,2005-06,Leverkusen,Werder Bremen,1,1
2006-03-04,2005-06,Nurnberg,Duisburg,3,0
2006-03-05,2005-06,Ein Frankfurt,Wolfsburg,1,1
2006-03-05,2005-06,M'gladbach,Bielefeld,2,0
2006-03-07,2005-06,Kaiserslautern,Stuttgart,1,1
2006-03-11,2005-06,Bielefeld,Leverkusen,1,0
2006-03-11,2005-06,Duisburg,Hannover,0,0
2006-03-11,2005-06,FC Koln,Nurnberg,3,4
2006-03-11,2005-06,Mainz,M'gladbach,3,0
2006-03-11,2005-06,Stuttgart,Dortmund,0,0
2006-03-11,2005-06,Werder Bremen,Hertha,0,3
2006-03-11,2005-06,Wolfsburg,Bayern Munich,0,0
2006-03-12,2005-06,Hamburg,Kaiserslautern,3,0
2006-03-12,2005-06,Schalke 04,Ein Frankfurt,2,0
2006-03-18,2005-06,Dortmund,Kaiserslautern,2,1
2006-03-18,2005-06,Ein Frankfurt,Duisburg,5,2
2006-03-18,2005-06,Hannover,FC Koln,1,0
2006-03-18,2005-06,Leverkusen,Mainz,1,2
2006-03-18,2005-06,M'gladbach,Stuttgart,1,1
2006-03-18,2005-06,Nurnberg,Werder Bremen,3,1
2006-03-18,2005-06,Wolfsburg,Hamburg,0,1
2006-03-19,2005-06,Bayern Munich,Schalke 04,3,0
2006-03-19,2005-06,Hertha,Bielefeld,1,0
2006-03-25,2005-06,Duisburg,Bayern Munich,1,3
2006-03-25,2005-06,FC Koln,Ein Frankfurt,1,1
2006-03-25,2005-06,Hamburg,Dortmund,2,4
2006-03-25,2005-06,Mainz,Hertha,2,2
2006-03-25,2005-06,Schalke 04,Wolfsburg,2,2
2006-03-25,2005-06,Stuttgart,Leverkusen,0,2
2006-03-25,2005-06,Werder Bremen,Hannover,5,0
2006-03-26,2005-06,Bielefeld,Nurnberg,0,0
2006-03-26,2005-06,Kaiserslautern,M'gladbach,3,0
2006-04-01,2005-06,Bayern Munich,FC Koln,2,2
2006-04-01,2005-06,Ein Frankfurt,Werder Bremen,0,1
2006-04-01,2005-06,Hertha,Stuttgart,2,0
2006-04-01,2005-06,Leverkusen,Kaiserslautern,5,1
2006-04-01,2005-06,M'gladbach,Dortmund,2,1
2006-04-01,2005-06,Nurnberg,Mainz,3,0
2006-04-01,2005-06,Wolfsburg,Duisburg,1,1
2006-04-02,2005-06,Hannover,Bielefeld,0,1
2006-04-02,2005-06,Schalke 04,Hamburg,0,2
2006-04-08,2005-06,Bielefeld,Ein Frankfurt,1,0
2006-04-08,2005-06,Dortmund,Leverkusen,1,2
2006-04-08,2005-06,FC Koln,Wolfsburg,3,0
2006-04-08,2005-06,Kaiserslautern,Hertha,0,2
2006-04-08,2005-06,Mainz,Hannover,0,0
2006-04-08,2005-06,Stuttgart,Nurnberg,1,0
2006-04-08,2005-06,Werder Bremen,Bayern Munich,3,0
2006-04-09,2005-06,Duisburg,Schalke 04,1,1
2006-04-09,2005-06,Hamburg,M'gladbach,2,0
2006-04-15,2005-06,Bayern Munich,Bielefeld,2,0
2006-04-15,2005-06,Duisburg,Hamburg,0,2
2006-04-15,2005-06,Ein Frankfurt,Mainz,0,0
2006-04-15,2005-06,Hertha,Dortmund,0,0
2006-04-15,2005-06,Leverkusen,M'gladbach,2,1
2006-04-15,2005-06,Schalke 04,FC Koln,1,1
2006-04-15,2005-06,Wolfsburg,Werder Bremen,1,1
2006-04-16,2005-06,Hannover,Stuttgart,3,3
2006-04-16,2005-06,Nurnberg,Kaiserslautern,3,2
2006-04-22,2005-06,Bielefeld,Wolfsburg,0,1
2006-04-22,2005-06,Dortmund,Nurnberg,2,1
2006-04-22,2005-06,FC Koln,Duisburg,3,1
2006-04-22,2005-06,Hamburg,Leverkusen,0,2
2006-04-22,2005-06,Kaiserslautern,Hannover,1,0
2006-04-22,2005-06,M'gladbach,Hertha,2,2
2006-04-22,2005-06,Stuttgart,Ein Frankfurt,0,2
2006-04-23,2005-06,Mainz,Bayern Munich,2,2
2006-04-23,2005-06,Werder Bremen,Schalke 04,0,0
2006-05-02,2005-06,FC Koln,Hamburg,0,1
2006-05-02,2005-06,Hannover,Dortmund,1,2
2006-05-02,2005-06,Hertha,Leverkusen,1,5
2006-05-02,2005-06,Nurnberg,M'gladbach,5,2
2006-05-03,2005-06,Bayern Munich,Stuttgart,3,1
2006-05-03,2005-06,Duisburg,Werder Bremen,3,5
2006-05-03,2005-06,Ein Frankfurt,Kaiserslautern,2,2
2006-05-03,2005-06,Schalke 04,Bielefeld,3,1
2006-05-03,2005-06,Wolfsburg,Mainz,0,3
2006-05-06,2005-06,Bielefeld,Duisburg,0,2
2006-05-06,2005-06,Dortmund,Ein Frankfurt,1,1
2006-05-06,2005-06,Hertha,Hamburg,4,2
2006-05-06,2005-06,Kaiserslautern,Bayern Munich,1,1
2006-05-06,2005-06,Leverkusen,Nurnberg,2,2
2006-05-06,2005-06,Mainz,Schalke 04,1,0
2006-05-06,2005-06,M'gladbach,Hannover,2,2
2006-05-06,2005-06,Stuttgart,Wolfsburg,2,1
2006-05-06,2005-06,Werder Bremen,FC Koln,6,0
2006-05-13,2005-06,Bayern Munich,Dortmund,3,3
2006-05-13,2005-06,Duisburg,Mainz,0,0
2006-05-13,2005-06,Ein Frankfurt,M'gladbach,0,2
2006-05-13,2005-06,FC Koln,Bielefeld,4,2
2006-05-13,2005-06,Hamburg,Werder Bremen,1,2
2006-05-13,2005-06,Hannover,Leverkusen,2,2
2006-05-13,2005-06,Nurnberg,Hertha,2,1
2006-05-13,2005-06,Schalke 04,Stuttgart,3,2
2006-05-13,2005-06,Wolfsburg,Kaiserslautern,2,2
2006-08-11,2006-07,Bayern Munich,Dortmund,2,0
2006-08-12,2006-07,Hamburg,Bielefeld,1,1
2006-08-12,2006-07,Leverkusen,Aachen,3,0
2006-08-12,2006-07,Mainz,Bochum,2,1
2006-08-12,2006-07,M'gladbach,Cottbus,2,0
2006-08-12,2006-07,Schalke 04,Ein Frankfurt,1,1
2006-08-12,2006-07,Stuttgart,Nurnberg,0,3
2006-08-13,2006-07,Hannover,Werder Bremen,2,4
2006-08-13,2006-07,Wolfsburg,Hertha,0,0
2006-08-18,2006-07,Nurnberg,M'gladbach,1,0
2006-08-19,2006-07,Aachen,Schalke 04,0,1
2006-08-19,2006-07,Cottbus,Hamburg,2,2
2006-08-19,2006-07,Dortmund,Mainz,1,1
2006-08-19,2006-07,Ein Frankfurt,Wolfsburg,0,0
2006-08-19,2006-07,Hertha,Hannover,4,0
2006-08-19,2006-07,Werder Bremen,Leverkusen,2,1
2006-08-20,2006-07,Bielefeld,Stuttgart,2,3
2006-08-20,2006-07,Bochum,Bayern Munich,1,2
2006-08-25,2006-07,Schalke 04,Werder Bremen,2,0
2006-08-26,2006-07,Bayern Munich,Nurnberg,0,0
2006-08-26,2006-07,Bochum,Cottbus,0,1
2006-08-26,2006-07,Hannover,Aachen,0,3
2006-08-26,2006-07,Leverkusen,Wolfsburg,1,1
2006-08-26,2006-07,M'gladbach,Bielefeld,1,0
2006-08-26,2006-07,Stuttgart,Dortmund,1,3
2006-08-27,2006-07,Hamburg,Hertha,1,1
2006-08-27,2006-07,Mainz,Ein Frankfurt,1,1
2006-09-15,2006-07,Wolfsburg,Hannover,1,2
2006-09-16,2006-07,Aachen,M'gladbach,4,2
2006-09-16,2006-07,Bielefeld,Bayern Munich,2,1
2006-09-16,2006-07,Cottbus,Mainz,2,0
2006-09-16,2006-07,Dortmund,Hamburg,1,0
2006-09-16,2006-07,Nurnberg,Bochum,1,1
2006-09-16,2006-07,Werder Bremen,Stuttgart,2,3
2006-09-17,2006-07,Ein Frankfurt,Leverkusen,3,1
2006-09-17,2006-07,Hertha,Schalke 04,2,0
2006-09-22,2006-07,M'gladbach,Dortmund,1,0
2006-09-23,2006-07,Bayern Munich,Aachen,2,1
2006-09-23,2006-07,Hamburg,Werder Bremen,1,1
2006-09-23,2006-07,Hannover,Leverkusen,1,1
2006-09-23,2006-07,Mainz,Hertha,1,1
2006-09-23,2006-07,Schalke 04,Wolfsburg,2,0
2006-09-23,2006-07,Stuttgart,Ein Frankfurt,1,1
2006-09-24,2006-07,Bochum,Bielefeld,2,1
2006-09-24,2006-07,Cottbus,Nurnberg,1,1
2006-09-29,2006-07,Dortmund,Hannover,2,2
2006-09-30,2006-07,Aachen,Bochum,2,1
2006-09-30,2006-07,Bielefeld,Cottbus,3,1
2006-09-30,2006-07,Ein Frankfurt,Hamburg,2,2
2006-09-30,2006-07,Nurnberg,Mainz,1,1
2006-09-30,2006-07,Werder Bremen,M'gladbach,3,0
2006-09-30,2006-07,Wolfsburg,Bayern Munich,1,0
2006-10-01,2006-07,Hertha,Stuttgart,2,2
2006-10-01,2006-07,Leverkusen,Schalke 04,3,1
2006-10-13,2006-07,Mainz,Aachen,1,3
2006-10-14,2006-07,Bayern Munich,Hertha,4,2
2006-10-14,2006-07,Bochum,Werder Bremen,0,6
2006-10-14,2006-07,Hamburg,Schalke 04,1,2
2006-10-14,2006-07,Hannover,Ein Frankfurt,1,1
2006-10-14,2006-07,M'gladbach,Wolfsburg,3,1
2006-10-14,2006-07,Stuttgart,Leverkusen,3,0
2006-10-15,2006-07,Cottbus,Dortmund,2,3
2006-10-15,2006-07,Nurnberg,Bielefeld,1,1
2006-10-20,2006-07,Dortmund,Bochum,1,1
2006-10-21,2006-07,Aachen,Cottbus,1,2
2006-10-21,2006-07,Bielefeld,Mainz,1,0
2006-10-21,2006-07,Hertha,M'gladbach,2,1
2006-10-21,2006-07,Schalke 04,Hannover,2,1
2006-10-21,2006-07,Werder Bremen,Bayern Munich,3,1
2006-10-21,2006-07,Wolfsburg,Stuttgart,1,1
2006-10-22,2006-07,Ein Frankfurt,Nurnberg,2,2
2006-10-22,2006-07,Leverkusen,Hamburg,1,2
2006-10-27,2006-07,Mainz,Werder Bremen,1,6
2006-10-28,2006-07,Bayern Munich,Ein Frankfurt,2,0
2006-10-28,2006-07,Bochum,Wolfsburg,0,1
2006-10-28,2006-07,Cottbus,Hertha,2,0
2006-10-28,2006-07,Hamburg,Hannover,0,0
2006-10-28,2006-07,M'gladbach,Leverkusen,0,2
2006-10-28,2006-07,Nurnberg,Dortmund,1,1
2006-10-29,2006-07,Bielefeld,Aachen,5,1
2006-10-29,2006-07,Stuttgart,Schalke 04,3,0
2006-11-03,2006-07,Hannover,Bochum,0,2
2006-11-04,2006-07,Aachen,Stuttgart,2,4
2006-11-04,2006-07,Dortmund,Bielefeld,1,1
2006-11-04,2006-07,Hertha,Nurnberg,2,1
2006-11-04,2006-07,Leverkusen,Mainz,1,1
2006-11-04,2006-07,Werder Bremen,Cottbus,1,1
2006-11-04,2006-07,Wolfsburg,Hamburg,1,0
2006-11-05,2006-07,Ein Frankfurt,M'gladbach,1,0
2006-11-05,2006-07,Schalke 04,Bayern Munich,2,2
2006-11-07,2006-07,Dortmund,Aachen,0,0
2006-11-07,2006-07,Mainz,Wolfsburg,1,2
2006-11-07,2006-07,Nurnberg,Werder Bremen,1,2
2006-11-07,2006-07,Stuttgart,Hamburg,2,0
2006-11-08,2006-07,Bayern Munich,Hannover,0,1
2006-11-08,2006-07,Bielefeld,Hertha,2,2
2006-11-08,2006-07,Bochum,Leverkusen,1,3
2006-11-08,2006-07,Cottbus,Ein Frankfurt,0,1
2006-11-08,2006-07,M'gladbach,Schalke 04,0,2
2006-11-10,2006-07,Werder Bremen,Dortmund,1,3
2006-11-11,2006-07,Ein Frankfurt,Bielefeld,0,3
2006-11-11,2006-07,Hamburg,M'gladbach,1,1
2006-11-11,2006-07,Hertha,Bochum,3,3
2006-11-11,2006-07,Leverkusen,Bayern Munich,2,3
2006-11-11,2006-07,Schalke 04,Mainz,4,0
2006-11-11,2006-07,Wolfsburg,Cottbus,0,0
2006-11-12,2006-07,Aachen,Nurnberg,1,1
2006-11-12,2006-07,Hannover,Stuttgart,1,2
2006-11-17,2006-07,Bochum,Ein Frankfurt,4,3
2006-11-18,2006-07,Aachen,Werder Bremen,2,2
2006-11-18,2006-07,Bayern Munich,Stuttgart,2,1
2006-11-18,2006-07,Cottbus,Schalke 04,2,4
2006-11-18,2006-07,Dortmund,Hertha,1,2
2006-11-18,2006-07,Mainz,Hamburg,0,0
2006-11-18,2006-07,Nurnberg,Leverkusen,3,2
2006-11-19,2006-07,Bielefeld,Wolfsburg,0,0
2006-11-19,2006-07,M'gladbach,Hannover,0,1
2006-11-24,2006-07,Schalke 04,Bochum,2,1
2006-11-25,2006-07,Ein Frankfurt,Dortmund,1,1
2006-11-25,2006-07,Hamburg,Bayern Munich,1,2
2006-11-25,2006-07,Hannover,Mainz,1,0
2006-11-25,2006-07,Hertha,Aachen,2,1
2006-11-25,2006-07,Werder Bremen,Bielefeld,3,0
2006-11-25,2006-07,Wolfsburg,Nurnberg,1,1
2006-11-26,2006-07,Leverkusen,Cottbus,3,1
2006-11-26,2006-07,Stuttgart,M'gladbach,1,0
2006-12-01,2006-07,Mainz,Stuttgart,0,0
2006-12-02,2006-07,Bayern Munich,M'gladbach,1,1
2006-12-02,2006-07,Bielefeld,Leverkusen,0,0
2006-12-02,2006-07,Bochum,Hamburg,2,1
2006-12-02,2006-07,Cottbus,Hannover,0,1
2006-12-02,2006-07,Dortmund,Wolfsburg,1,0
2006-12-02,2006-07,Werder Bremen,Hertha,3,1
2006-12-03,2006-07,Aachen,Ein Frankfurt,2,3
2006-12-03,2006-07,Nurnberg,Schalke 04,0,0
2006-12-08,2006-07,Leverkusen,Hertha,2,1
2006-12-09,2006-07,Bayern Munich,Cottbus,2,1
2006-12-09,2006-07,Ein Frankfurt,Werder Bremen,2,6
2006-12-09,2006-07,Hamburg,Nurnberg,0,0
2006-12-09,2006-07,Hannover,Bielefeld,1,1
2006-12-09,2006-07,M'gladbach,Mainz,1,1
2006-12-09,2006-07,Stuttgart,Bochum,1,0
2006-12-10,2006-07,Schalke 04,Dortmund,3,1
2006-12-10,2006-07,Wolfsburg,Aachen,1,2
2006-12-15,2006-07,Bochum,M'gladbach,2,0
2006-12-16,2006-07,Aachen,Hamburg,3,3
2006-12-16,2006-07,Bielefeld,Schalke 04,0,1
2006-12-16,2006-07,Cottbus,Stuttgart,0,0
2006-12-16,2006-07,Hertha,Ein Frankfurt,1,0
2006-12-16,2006-07,Mainz,Bayern Munich,0,4
2006-12-16,2006-07,Nurnberg,Hannover,3,1
2006-12-17,2006-07,Dortmund,Leverkusen,1,2
2006-12-17,2006-07,Werder Bremen,Wolfsburg,2,1
2007-01-26,2006-07,Dortmund,Bayern Munich,3,2
2007-01-27,2006-07,Bielefeld,Hamburg,1,1
2007-01-27,2006-07,Bochum,Mainz,0,1
2007-01-27,2006-07,Cottbus,M'gladbach,3,1
2007-01-27,2006-07,Ein Frankfurt,Schalke 04,1,3
2007-01-27,2006-07,Hertha,Wolfsburg,2,1
2007-01-27,2006-07,Nurnberg,Stuttgart,4,1
2007-01-28,2006-07,Aachen,Leverkusen,2,3
2007-01-28,2006-07,Werder Bremen,Hannover,3,0
2007-01-30,2006-07,Bayern Munich,Bochum,0,0
2007-01-30,2006-07,M'gladbach,Nurnberg,0,0
2007-01-30,2006-07,Stuttgart,Bielefeld,3,2
2007-01-30,2006-07,Wolfsburg,Ein Frankfurt,2,2
2007-01-31,2006-07,Hamburg,Cottbus,1,1
2007-01-31,2006-07,Hannover,Hertha,5,0
2007-01-31,2006-07,Leverkusen,Werder Bremen,0,2
2007-01-31,2006-07,Mainz,Dortmund,1,0
2007-01-31,2006-07,Schalke 04,Aachen,2,1
2007-02-02,2006-07,Nurnberg,Bayern Munich,3,0
2007-02-03,2006-07,Aachen,Hannover,1,4
2007-02-03,2006-07,Bielefeld,M'gladbach,0,2
2007-02-03,2006-07,Cottbus,Bochum,0,0
2007-02-03,2006-07,Ein Frankfurt,Mainz,0,0
2007-02-03,2006-07,Hertha,Hamburg,2,1
2007-02-03,2006-07,Wolfsburg,Leverkusen,3,2
2007-02-04,2006-07,Dortmund,Stuttgart,0,1
2007-02-04,2006-07,Werder Bremen,Schalke 04,0,2
2007-02-09,2006-07,Hannover,Wolfsburg,2,2
2007-02-10,2006-07,Hamburg,Dortmund,3,0
2007-02-10,2006-07,Leverkusen,Ein Frankfurt,2,2
2007-02-10,2006-07,Mainz,Cottbus,4,1
2007-02-10,2006-07,M'gladbach,Aachen,0,0
2007-02-10,2006-07,Schalke 04,Hertha,2,0
2007-02-10,2006-07,Stuttgart,Werder Bremen,4,1
2007-02-11,2006-07,Bayern Munich,Bielefeld,1,0
2007-02-11,2006-07,Bochum,Nurnberg,0,2
2007-02-16,2006-07,Ein Frankfurt,Stuttgart,0,4
2007-02-17,2006-07,Aachen,Bayern Munich,1,0
2007-02-17,2006-07,Dortmund,M'gladbach,1,0
2007-02-17,2006-07,Hertha,Mainz,1,2
2007-02-17,2006-07,Leverkusen,Hannover,0,1
2007-02-17,2006-07,Werder Bremen,Hamburg,0,2
2007-02-17,2006-07,Wolfsburg,Schalke 04,2,2
2007-02-18,2006-07,Bielefeld,Bochum,1,3
2007-02-18,2006-07,Nurnberg,Cottbus,1,0
2007-02-23,2006-07,Stuttgart,Hertha,0,0
2007-02-24,2006-07,Bayern Munich,Wolfsburg,2,1
2007-02-24,2006-07,Bochum,Aachen,2,2
2007-02-24,2006-07,Cottbus,Bielefeld,2,1
2007-02-24,2006-07,Hamburg,Ein Frankfurt,3,1
2007-02-24,2006-07,Hannover,Dortmund,4,2
2007-02-24,2006-07,Mainz,Nurnberg,2,1
2007-02-25,2006-07,M'gladbach,Werder Bremen,2,2
2007-02-25,2006-07,Schalke 04,Leverkusen,0,1
2007-03-02,2006-07,Schalke 04,Hamburg,0,2
2007-03-03,2006-07,Bielefeld,Nurnberg,3,2
2007-03-03,2006-07,Ein Frankfurt,Hannover,2,0
2007-03-03,2006-07,Hertha,Bayern Munich,2,3
2007-03-03,2006-07,Leverkusen,Stuttgart,3,1
2007-03-03,2006-07,Werder Bremen,Bochum,3,0
2007-03-03,2006-07,Wolfsburg,M'gladbach,1,0
2007-03-04,2006-07,Aachen,Mainz,2,1
2007-03-04,2006-07,Dortmund,Cottbus,2,3
2007-03-09,2006-07,Nurnberg,Ein Frankfurt,2,2
2007-03-10,2006-07,Bochum,Dortmund,2,0
2007-03-10,2006-07,Cottbus,Aachen,0,2
2007-03-10,2006-07,Hannover,Schalke 04,1,1
2007-03-10,2006-07,Mainz,Bielefeld,1,0
2007-03-10,2006-07,M'gladbach,Hertha,3,1
2007-03-10,2006-07,Stuttgart,Wolfsburg,0,0
2007-03-11,2006-07,Bayern Munich,Werder Bremen,1,1
2007-03-11,2006-07,Hamburg,Leverkusen,0,0
2007-03-16,2006-07,Hertha,Cottbus,0,1
2007-03-17,2006-07,Aachen,Bielefeld,2,0
2007-03-17,2006-07,Dortmund,Nurnberg,0,0
2007-03-17,2006-07,Ein Frankfurt,Bayern Munich,1,0
2007-03-17,2006-07,Hannover,Hamburg,0,0
2007-03-17,2006-07,Schalke 04,Stuttgart,1,0
2007-03-17,2006-07,Wolfsburg,Bochum,3,1
2007-03-18,2006-07,Leverkusen,M'gladbach,1,0
2007-03-18,2006-07,Werder Bremen,Mainz,2,0
2007-03-30,2006-07,Bielefeld,Dortmund,1,0
2007-03-31,2006-07,Bayern Munich,Schalke 04,2,0
2007-03-31,2006-07,Cottbus,Werder Bremen,0,0
2007-03-31,2006-07,Mainz,Leverkusen,1,3
2007-03-31,2006-07,M'gladbach,Ein Frankfurt,1,1
2007-03-31,2006-07,Nurnberg,Hertha,2,1
2007-03-31,2006-07,Stuttgart,Aachen,3,1
2007-04-01,2006-07,Bochum,Hannover,2,0
2007-04-01,2006-07,Hamburg,Wolfsburg,1,0
2007-04-07,2006-07,Aachen,Dortmund,1,4
2007-04-07,2006-07,Ein Frankfurt,Cottbus,1,3
2007-04-07,2006-07,Hamburg,Stuttgart,2,4
2007-04-07,2006-07,Hannover,Bayern Munich,1,2
2007-04-07,2006-07,Hertha,Bielefeld,1,1
2007-04-07,2006-07,Schalke 04,M'gladbach,2,0
2007-04-07,2006-07,Wolfsburg,Mainz,3,2
2007-04-08,2006-07,Leverkusen,Bochum,1,4
2007-04-08,2006-07,Werder Bremen,Nurnberg,1,0
2007-04-13,2006-07,M'gladbach,Hamburg,0,1
2007-04-14,2006-07,Bielefeld,Ein Frankfurt,2,4
2007-04-14,2006-07,Bochum,Hertha,1,3
2007-04-14,2006-07,Cottbus,Wolfsburg,3,2
2007-04-14,2006-07,Mainz,Schalke 04,0,3
2007-04-14,2006-07,Nurnberg,Aachen,1,0
2007-04-14,2006-07,Stuttgart,Hannover,2,1
2007-04-15,2006-07,Bayern Munich,Leverkusen,2,1
2007-04-15,2006-07,Dortmund,Werder Bremen,0,2
2007-04-20,2006-07,Werder Bremen,Aachen,3,1
2007-04-21,2006-07,Ein Frankfurt,Bochum,0,3
2007-04-21,2006-07,Hertha,Dortmund,0,1
2007-04-21,2006-07,Leverkusen,Nurnberg,2,0
2007-04-21,2006-07,Schalke 04,Cottbus,2,0
2007-04-21,2006-07,Stuttgart,Bayern Munich,2,0
2007-04-21,2006-07,Wolfsburg,Bielefeld,2,3
2007-04-22,2006-07,Hamburg,Mainz,2,2
2007-04-22,2006-07,Hannover,M'gladbach,1,0
2007-04-27,2006-07,Bochum,Schalke 04,2,1
2007-04-28,2006-07,Aachen,Hertha,0,4
2007-04-28,2006-07,Bayern Munich,Hamburg,1,2
2007-04-28,2006-07,Dortmund,Ein Frankfurt,2,0
2007-04-28,2006-07,Mainz,Hannover,1,2
2007-04-28,2006-07,M'gladbach,Stuttgart,0,1
2007-04-28,2006-07,Nurnberg,Wolfsburg,1,1
2007-04-29,2006-07,Bielefeld,Werder Bremen,3,2
2007-04-29,2006-07,Cottbus,Leverkusen,2,1
2007-05-04,2006-07,Hannover,Cottbus,2,0
2007-05-05,2006-07,Ein Frankfurt,Aachen,4,0
2007-05-05,2006-07,Hamburg,Bochum,0,3
2007-05-05,2006-07,M'gladbach,Bayern Munich,1,1
2007-05-05,2006-07,Schalke 04,Nurnberg,1,0
2007-05-05,2006-07,Stuttgart,Mainz,2,0
2007-05-05,2006-07,Wolfsburg,Dortmund,0,2
2007-05-06,2006-07,Hertha,Werder Bremen,1,4
2007-05-06,2006-07,Leverkusen,Bielefeld,1,2
2007-05-12,2006-07,Aachen,Wolfsburg,2,2
2007-05-12,2006-07,Bielefeld,Hannover,3,1
2007-05-12,2006-07,Bochum,Stuttgart,2,3
2007-05-12,2006-07,Cottbus,Bayern Munich,0,3
2007-05-12,2006-07,Dortmund,Schalke 04,2,0
2007-05-12,2006-07,Hertha,Leverkusen,2,3
2007-05-12,2006-07,Mainz,M'gladbach,3,0
2007-05-12,2006-07,Nurnberg,Hamburg,0,2
2007-05-12,2006-07,Werder Bremen,Ein Frankfurt,1,2
2007-05-19,2006-07,Bayern Munich,Mainz,5,2
2007-05-19,2006-07,Ein Frankfurt,Hertha,1,2
2007-05-19,2006-07,Hamburg,Aachen,4,0
2007-05-19,2006-07,Hannover,Nurnberg,0,3
2007-05-19,2006-07,Leverkusen,Dortmund,2,1
2007-05-19,2006-07,M'gladbach,Bochum,0,2
2007-05-19,2006-07,Schalke 04,Bielefeld,2,1
2007-05-19,2006-07,Stuttgart,Cottbus,2,1
2007-05-19,2006-07,Wolfsburg,Werder Bremen,0,2
2007-08-10,2007-08,Stuttgart,Schalke 04,2,2
2007-08-11,2007-08,Bayern Munich,Hansa Rostock,3,0
2007-08-11,2007-08,Bochum,Werder Bremen,2,2
2007-08-11,2007-08,Ein Frankfurt,Hertha,1,0
2007-08-11,2007-08,Hannover,Hamburg,0,1
2007-08-11,2007-08,Leverkusen,Cottbus,0,0
2007-08-11,2007-08,Wolfsburg,Bielefeld,1,3
2007-08-12,2007-08,Dortmund,Duisburg,1,3
2007-08-12,2007-08,Nurnberg,Karlsruhe,0,2
2007-08-17,2007-08,Karlsruhe,Hannover,1,2
2007-08-18,2007-08,Bielefeld,Ein Frankfurt,2,2
2007-08-18,2007-08,Duisburg,Wolfsburg,1,3
2007-08-18,2007-08,Hansa Rostock,Nurnberg,1,2
2007-08-18,2007-08,Hertha,Stuttgart,3,1
2007-08-18,2007-08,Schalke 04,Dortmund,4,1
2007-08-18,2007-08,Werder Bremen,Bayern Munich,0,4
2007-08-19,2007-08,Cottbus,Bochum,1,2
2007-08-19,2007-08,Hamburg,Leverkusen,1,0
2007-08-24,2007-08,Bochum,Hamburg,2,1
2007-08-25,2007-08,Bayern Munich,Hannover,3,0
2007-08-25,2007-08,Bielefeld,Hertha,2,0
2007-08-25,2007-08,Dortmund,Cottbus,3,0
2007-08-25,2007-08,Leverkusen,Karlsruhe,3,0
2007-08-25,2007-08,Nurnberg,Werder Bremen,0,1
2007-08-25,2007-08,Stuttgart,Duisburg,1,0
2007-08-26,2007-08,Ein Frankfurt,Hansa Rostock,1,0
2007-08-26,2007-08,Wolfsburg,Schalke 04,1,1
2007-08-31,2007-08,Schalke 04,Leverkusen,1,1
2007-09-01,2007-08,Cottbus,Nurnberg,1,1
2007-09-01,2007-08,Duisburg,Bielefeld,3,0
2007-09-01,2007-08,Hannover,Bochum,3,2
2007-09-01,2007-08,Hansa Rostock,Dortmund,0,1
2007-09-01,2007-08,Hertha,Wolfsburg,2,1
2007-09-01,2007-08,Werder Bremen,Ein Frankfurt,2,1
2007-09-02,2007-08,Hamburg,Bayern Munich,1,1
2007-09-02,2007-08,Karlsruhe,Stuttgart,1,0
2007-09-14,2007-08,Dortmund,Werder Bremen,3,0
2007-09-15,2007-08,Bayern Munich,Schalke 04,1,1
2007-09-15,2007-08,Bielefeld,Hansa Rostock,4,2
2007-09-15,2007-08,Ein Frankfurt,Hamburg,2,1
2007-09-15,2007-08,Leverkusen,Bochum,2,0
2007-09-15,2007-08,Nurnberg,Hannover,2,2
2007-09-15,2007-08,Stuttgart,Cottbus,3,0
2007-09-16,2007-08,Duisburg,Hertha,1,2
2007-09-16,2007-08,Wolfsburg,Karlsruhe,1,2
2007-09-21,2007-08,Bochum,Ein Frankfurt,0,0
2007-09-22,2007-08,Cottbus,Wolfsburg,1,2
2007-09-22,2007-08,Hamburg,Nurnberg,1,0
2007-09-22,2007-08,Hansa Rostock,Duisburg,2,0
2007-09-22,2007-08,Hertha,Dortmund,3,2
2007-09-22,2007-08,Schalke 04,Bielefeld,3,0
2007-09-22,2007-08,Werder Bremen,Stuttgart,4,1
2007-09-23,2007-08,Hannover,Leverkusen,0,3
2007-09-23,2007-08,Karlsruhe,Bayern Munich,1,4
2007-09-25,2007-08,Dortmund,Hamburg,0,3
2007-09-25,2007-08,Duisburg,Schalke 04,0,2
2007-09-25,2007-08,Hertha,Hansa Rostock,1,3
2007-09-25,2007-08,Wolfsburg,Werder Bremen,1,1
2007-09-26,2007-08,Bayern Munich,Cottbus,5,0
2007-09-26,2007-08,Bielefeld,Hannover,0,2
2007-09-26,2007-08,Ein Frankfurt,Karlsruhe,0,1
2007-09-26,2007-08,Nurnberg,Leverkusen,1,2
2007-09-26,2007-08,Stuttgart,Bochum,1,0
2007-09-28,2007-08,Schalke 04,Hertha,1,0
2007-09-29,2007-08,Bochum,Nurnberg,3,3
2007-09-29,2007-08,Hamburg,Wolfsburg,2,2
2007-09-29,2007-08,Hansa Rostock,Stuttgart,2,1
2007-09-29,2007-08,Karlsruhe,Dortmund,3,1
2007-09-29,2007-08,Leverkusen,Bayern Munich,0,1
2007-09-29,2007-08,Werder Bremen,Bielefeld,8,1
2007-09-30,2007-08,Cottbus,Ein Frankfurt,2,2
2007-09-30,2007-08,Hannover,Duisburg,2,1
2007-10-05,2007-08,Dortmund,Bochum,2,1
2007-10-06,2007-08,Bielefeld,Hamburg,0,1
2007-10-06,2007-08,Duisburg,Werder Bremen,1,3
2007-10-06,2007-08,Hertha,Cottbus,0,0
2007-10-06,2007-08,Schalke 04,Karlsruhe,0,2
2007-10-06,2007-08,Stuttgart,Hannover,0,2
2007-10-06,2007-08,Wolfsburg,Hansa Rostock,1,0
2007-10-07,2007-08,Bayern Munich,Nurnberg,3,0
2007-10-07,2007-08,Ein Frankfurt,Leverkusen,2,1
2007-10-19,2007-08,Cottbus,Duisburg,1,2
2007-10-20,2007-08,Bochum,Bayern Munich,1,2
2007-10-20,2007-08,Hamburg,Stuttgart,4,1
2007-10-20,2007-08,Hansa Rostock,Schalke 04,1,1
2007-10-20,2007-08,Leverkusen,Dortmund,2,2
2007-10-20,2007-08,Nurnberg,Ein Frankfurt,5,1
2007-10-20,2007-08,Werder Bremen,Hertha,3,2
2007-10-21,2007-08,Hannover,Wolfsburg,2,2
2007-10-21,2007-08,Karlsruhe,Bielefeld,0,0
2007-10-26,2007-08,Ein Frankfurt,Hannover,0,0
2007-10-27,2007-08,Bielefeld,Cottbus,1,1
2007-10-27,2007-08,Hansa Rostock,Karlsruhe,0,0
2007-10-27,2007-08,Hertha,Bochum,2,0
2007-10-27,2007-08,Schalke 04,Werder Bremen,1,1
2007-10-27,2007-08,Stuttgart,Leverkusen,1,0
2007-10-27,2007-08,Wolfsburg,Nurnberg,3,1
2007-10-28,2007-08,Dortmund,Bayern Munich,0,0
2007-10-28,2007-08,Duisburg,Hamburg,0,1
2007-11-02,2007-08,Cottbus,Schalke 04,1,0
2007-11-03,2007-08,Bayern Munich,Ein Frankfurt,0,0
2007-11-03,2007-08,Hamburg,Hertha,2,1
2007-11-03,2007-08,Hannover,Dortmund,2,1
2007-11-03,2007-08,Leverkusen,Bielefeld,4,0
2007-11-03,2007-08,Nurnberg,Stuttgart,0,1
2007-11-03,2007-08,Werder Bremen,Hansa Rostock,1,0
2007-11-04,2007-08,Bochum,Wolfsburg,5,3
2007-11-04,2007-08,Karlsruhe,Duisburg,1,0
2007-11-09,2007-08,Duisburg,Bochum,0,2
2007-11-10,2007-08,Dortmund,Ein Frankfurt,1,1
2007-11-10,2007-08,Hansa Rostock,Cottbus,3,2
2007-11-10,2007-08,Hertha,Hannover,1,0
2007-11-10,2007-08,Schalke 04,Hamburg,1,1
2007-11-10,2007-08,Stuttgart,Bayern Munich,3,1
2007-11-10,2007-08,Werder Bremen,Karlsruhe,4,0
2007-11-11,2007-08,Bielefeld,Nurnberg,3,1
2007-11-11,2007-08,Wolfsburg,Leverkusen,1,2
2007-11-23,2007-08,Karlsruhe,Hertha,2,1
2007-11-24,2007-08,Bayern Munich,Wolfsburg,2,1
2007-11-24,2007-08,Bochum,Bielefeld,3,0
2007-11-24,2007-08,Cottbus,Werder Bremen,0,2
2007-11-24,2007-08,Ein Frankfurt,Stuttgart,1,4
2007-11-24,2007-08,Hannover,Schalke 04,2,3
2007-11-24,2007-08,Leverkusen,Duisburg,4,1
2007-11-25,2007-08,Hamburg,Hansa Rostock,2,0
2007-11-25,2007-08,Nurnberg,Dortmund,2,0
2007-11-30,2007-08,Hansa Rostock,Hannover,0,3
2007-12-01,2007-08,Cottbus,Karlsruhe,2,0
2007-12-01,2007-08,Hertha,Leverkusen,0,3
2007-12-01,2007-08,Schalke 04,Bochum,1,0
2007-12-01,2007-08,Stuttgart,Dortmund,1,2
2007-12-01,2007-08,Werder Bremen,Hamburg,2,1
2007-12-01,2007-08,Wolfsburg,Ein Frankfurt,2,2
2007-12-02,2007-08,Bielefeld,Bayern Munich,0,1
2007-12-02,2007-08,Duisburg,Nurnberg,1,0
2007-12-07,2007-08,Dortmund,Bielefeld,6,1
2007-12-08,2007-08,Bayern Munich,Duisburg,0,0
2007-12-08,2007-08,Bochum,Karlsruhe,2,2
2007-12-08,2007-08,Ein Frankfurt,Schalke 04,2,2
2007-12-08,2007-08,Hamburg,Cottbus,0,0
2007-12-08,2007-08,Hannover,Werder Bremen,4,3
2007-12-08,2007-08,Stuttgart,Wolfsburg,3,1
2007-12-09,2007-08,Leverkusen,Hansa Rostock,3,0
2007-12-09,2007-08,Nurnberg,Hertha,2,1
2007-12-14,2007-08,Cottbus,Hannover,5,1
2007-12-15,2007-08,Bielefeld,Stuttgart,2,0
2007-12-15,2007-08,Hertha,Bayern Munich,0,0
2007-12-15,2007-08,Karlsruhe,Hamburg,1,1
2007-12-15,2007-08,Schalke 04,Nurnberg,2,1
2007-12-15,2007-08,Werder Bremen,Leverkusen,5,2
2007-12-15,2007-08,Wolfsburg,Dortmund,4,0
2007-12-16,2007-08,Duisburg,Ein Frankfurt,0,1
2007-12-16,2007-08,Hansa Rostock,Bochum,2,0
2008-02-01,2007-08,Hansa Rostock,Bayern Munich,1,2
2008-02-02,2007-08,Bielefeld,Wolfsburg,0,1
2008-02-02,2007-08,Cottbus,Leverkusen,2,3
2008-02-02,2007-08,Duisburg,Dortmund,3,3
2008-02-02,2007-08,Hamburg,Hannover,1,1
2008-02-02,2007-08,Hertha,Ein Frankfurt,0,3
2008-02-02,2007-08,Karlsruhe,Nurnberg,2,0
2008-02-03,2007-08,Schalke 04,Stuttgart,4,1
2008-02-03,2007-08,Werder Bremen,Bochum,1,2
2008-02-08,2007-08,Ein Frankfurt,Bielefeld,2,1
2008-02-09,2007-08,Bochum,Cottbus,3,3
2008-02-09,2007-08,Hannover,Karlsruhe,2,2
2008-02-09,2007-08,Leverkusen,Hamburg,1,1
2008-02-09,2007-08,Nurnberg,Hansa Rostock,1,1
2008-02-09,2007-08,Stuttgart,Hertha,1,3
2008-02-09,2007-08,Wolfsburg,Duisburg,2,1
2008-02-10,2007-08,Bayern Munich,Werder Bremen,1,1
2008-02-10,2007-08,Dortmund,Schalke 04,2,3
2008-02-15,2007-08,Schalke 04,Wolfsburg,1,2
2008-02-16,2007-08,Cottbus,Dortmund,0,2
2008-02-16,2007-08,Duisburg,Stuttgart,2,3
2008-02-16,2007-08,Hansa Rostock,Ein Frankfurt,1,0
2008-02-16,2007-08,Hertha,Bielefeld,1,0
2008-02-16,2007-08,Karlsruhe,Leverkusen,2,2
2008-02-16,2007-08,Werder Bremen,Nurnberg,2,0
2008-02-17,2007-08,Hamburg,Bochum,3,0
2008-02-17,2007-08,Hannover,Bayern Munich,0,3
2008-02-22,2007-08,Bochum,Hannover,2,1
2008-02-23,2007-08,Bielefeld,Duisburg,0,2
2008-02-23,2007-08,Dortmund,Hansa Rostock,1,0
2008-02-23,2007-08,Ein Frankfurt,Werder Bremen,1,0
2008-02-23,2007-08,Leverkusen,Schalke 04,1,0
2008-02-23,2007-08,Stuttgart,Karlsruhe,3,1
2008-02-23,2007-08,Wolfsburg,Hertha,0,0
2008-02-24,2007-08,Bayern Munich,Hamburg,1,1
2008-02-24,2007-08,Nurnberg,Cottbus,1,1
2008-02-29,2007-08,Hertha,Duisburg,2,0
2008-03-01,2007-08,Hannover,Nurnberg,2,1
2008-03-01,2007-08,Hansa Rostock,Bielefeld,1,1
2008-03-01,2007-08,Karlsruhe,Wolfsburg,3,1
2008-03-01,2007-08,Schalke 04,Bayern Munich,0,1
2008-03-01,2007-08,Werder Bremen,Dortmund,2,0
2008-03-02,2007-08,Bochum,Leverkusen,2,0
2008-03-02,2007-08,Hamburg,Ein Frankfurt,4,1
2008-03-07,2007-08,Dortmund,Hertha,1,1
2008-03-08,2007-08,Bayern Munich,Karlsruhe,2,0
2008-03-08,2007-08,Bielefeld,Schalke 04,0,2
2008-03-08,2007-08,Duisburg,Hansa Rostock,1,1
2008-03-08,2007-08,Ein Frankfurt,Bochum,1,1
2008-03-08,2007-08,Stuttgart,Werder Bremen,6,3
2008-03-08,2007-08,Wolfsburg,Cottbus,3,0
2008-03-09,2007-08,Leverkusen,Hannover,2,0
2008-03-09,2007-08,Nurnberg,Hamburg,0,0
2008-03-11,2007-08,Cottbus,Stuttgart,0,1
2008-03-14,2007-08,Schalke 04,Duisburg,2,1
2008-03-15,2007-08,Bochum,Stuttgart,1,1
2008-03-15,2007-08,Cottbus,Bayern Munich,2,0
2008-03-15,2007-08,Hamburg,Dortmund,1,0
2008-03-15,2007-08,Hannover,Bielefeld,2,2
2008-03-15,2007-08,Hansa Rostock,Hertha,0,0
2008-03-15,2007-08,Karlsruhe,Ein Frankfurt,0,1
2008-03-16,2007-08,Leverkusen,Nurnberg,4,1
2008-03-16,2007-08,Werder Bremen,Wolfsburg,0,1
2008-03-20,2007-08,Ein Frankfurt,Cottbus,2,1
2008-03-22,2007-08,Bayern Munich,Leverkusen,2,1
2008-03-22,2007-08,Dortmund,Karlsruhe,1,1
2008-03-22,2007-08,Duisburg,Hannover,1,1
2008-03-22,2007-08,Nurnberg,Bochum,1,1
2008-03-22,2007-08,Stuttgart,Hansa Rostock,4,1
2008-03-22,2007-08,Wolfsburg,Hamburg,1,1
2008-03-23,2007-08,Bielefeld,Werder Bremen,1,1
2008-03-23,2007-08,Hertha,Schalke 04,1,2
2008-03-28,2007-08,Hansa Rostock,Wolfsburg,0,1
2008-03-29,2007-08,Bochum,Dortmund,3,3
2008-03-29,2007-08,Hamburg,Bielefeld,1,1
2008-03-29,2007-08,Karlsruhe,Schalke 04,0,0
2008-03-29,2007-08,Leverkusen,Ein Frankfurt,0,2
2008-03-29,2007-08,Nurnberg,Bayern Munich,1,1
2008-03-29,2007-08,Werder Bremen,Duisburg,1,2
2008-03-30,2007-08,Cottbus,Hertha,2,1
2008-03-30,2007-08,Hannover,Stuttgart,0,0
2008-04-04,2007-08,Duisburg,Cottbus,0,1
2008-04-05,2007-08,Bielefeld,Karlsruhe,1,0
2008-04-05,2007-08,Ein Frankfurt,Nurnberg,1,3
2008-04-05,2007-08,Hertha,Werder Bremen,1,2
2008-04-05,2007-08,Schalke 04,Hansa Rostock,1,0
2008-04-05,2007-08,Stuttgart,Hamburg,1,0
2008-04-05,2007-08,Wolfsburg,Hannover,3,2
2008-04-06,2007-08,Bayern Munich,Bochum,3,1
2008-04-06,2007-08,Dortmund,Leverkusen,2,1
2008-04-12,2007-08,Bochum,Hertha,1,1
2008-04-12,2007-08,Cottbus,Bielefeld,1,0
2008-04-12,2007-08,Hamburg,Duisburg,0,1
2008-04-12,2007-08,Hannover,Ein Frankfurt,2,1
2008-04-12,2007-08,Karlsruhe,Hansa Rostock,1,2
2008-04-12,2007-08,Werder Bremen,Schalke 04,5,1
2008-04-13,2007-08,Bayern Munich,Dortmund,5,0
2008-04-13,2007-08,Leverkusen,Stuttgart,3,0
2008-04-15,2007-08,Hansa Rostock,Werder Bremen,1,2
2008-04-15,2007-08,Hertha,Hamburg,0,0
2008-04-15,2007-08,Schalke 04,Cottbus,5,0
2008-04-15,2007-08,Wolfsburg,Bochum,0,1
2008-04-16,2007-08,Bielefeld,Leverkusen,1,0
2008-04-16,2007-08,Dortmund,Hannover,1,3
2008-04-16,2007-08,Duisburg,Karlsruhe,0,1
2008-04-16,2007-08,Ein Frankfurt,Bayern Munich,1,3
2008-04-16,2007-08,Stuttgart,Nurnberg,3,0
2008-04-20,2007-08,Nurnberg,Wolfsburg,1,0
2008-04-25,2007-08,Ein Frankfurt,Dortmund,1,1
2008-04-26,2007-08,Bochum,Duisburg,1,1
2008-04-26,2007-08,Cottbus,Hansa Rostock,2,1
2008-04-26,2007-08,Hamburg,Schalke 04,0,1
2008-04-26,2007-08,Hannover,Hertha,2,2
2008-04-26,2007-08,Karlsruhe,Werder Bremen,3,3
2008-04-26,2007-08,Nurnberg,Bielefeld,2,2
2008-04-27,2007-08,Bayern Munich,Stuttgart,4,1
2008-04-27,2007-08,Leverkusen,Wolfsburg,2,2
2008-05-02,2007-08,Dortmund,Nurnberg,0,0
2008-05-03,2007-08,Bielefeld,Bochum,2,0
2008-05-03,2007-08,Hansa Rostock,Hamburg,1,3
2008-05-03,2007-08,Hertha,Karlsruhe,3,1
2008-05-03,2007-08,Schalke 04,Hannover,1,1
2008-05-03,2007-08,Stuttgart,Ein Frankfurt,4,1
2008-05-03,2007-08,Werder Bremen,Cottbus,2,0
2008-05-04,2007-08,Duisburg,Leverkusen,3,2
2008-05-04,2007-08,Wolfsburg,Bayern Munich,0,0
2008-05-06,2007-08,Bochum,Schalke 04,0,3
2008-05-06,2007-08,Dortmund,Stuttgart,3,2
2008-05-06,2007-08,Hannover,Hansa Rostock,3,0
2008-05-06,2007-08,Karlsruhe,Cottbus,1,1
2008-05-07,2007-08,Bayern Munich,Bielefeld,2,0
2008-05-07,2007-08,Ein Frankfurt,Wolfsburg,2,3
2008-05-07,2007-08,Hamburg,Werder Bremen,0,1
2008-05-07,2007-08,Leverkusen,Hertha,1,2
2008-05-07,2007-08,Nurnberg,Duisburg,2,0
2008-05-10,2007-08,Bielefeld,Dortmund,2,2
2008-05-10,2007-08,Cottbus,Hamburg,2,0
2008-05-10,2007-08,Duisburg,Bayern Munich,2,3
2008-05-10,2007-08,Hansa Rostock,Leverkusen,1,2
2008-05-10,2007-08,Hertha,Nurnberg,1,0
2008-05-10,2007-08,Karlsruhe,Bochum,1,3
2008-05-10,2007-08,Schalke 04,Ein Frankfurt,1,0
2008-05-10,2007-08,Werder Bremen,Hannover,6,1
2008-05-10,2007-08,Wolfsburg,Stuttgart,4,0
2008-05-17,2007-08,Bayern Munich,Hertha,4,1
2008-05-17,2007-08,Bochum,Hansa Rostock,1,2
2008-05-17,2007-08,Dortmund,Wolfsburg,2,4
2008-05-17,2007-08,Ein Frankfurt,Duisburg,4,2
2008-05-17,2007-08,Hamburg,Karlsruhe,7,0
2008-05-17,2007-08,Hannover,Cottbus,4,0
2008-05-17,2007-08,Leverkusen,Werder Bremen,0,1
2008-05-17,2007-08,Nurnberg,Schalke 04,0,2
2008-05-17,2007-08,Stuttgart,Bielefeld,2,2
2008-08-15,2008-09,Bayern Munich,Hamburg,2,2
2008-08-16,2008-09,Bielefeld,Werder Bremen,2,2
2008-08-16,2008-09,Cottbus,Hoffenheim,0,3
2008-08-16,2008-09,Karlsruhe,Bochum,1,0
2008-08-16,2008-09,Leverkusen,Dortmund,2,3
2008-08-16,2008-09,Schalke 04,Hannover,3,0
2008-08-16,2008-09,Wolfsburg,FC Koln,2,1
2008-08-17,2008-09,Ein Frankfurt,Hertha,0,2
2008-08-17,2008-09,M'gladbach,Stuttgart,1,3
2008-08-22,2008-09,Hannover,Cottbus,0,0
2008-08-23,2008-09,Dortmund,Bayern Munich,1,1
2008-08-23,2008-09,Hamburg,Karlsruhe,2,1
2008-08-23,2008-09,Hertha,Bielefeld,1,1
2008-08-23,2008-09,Hoffenheim,M'gladbach,1,0
2008-08-23,2008-09,Stuttgart,Leverkusen,0,2
2008-08-23,2008-09,Werder Bremen,Schalke 04,1,1
2008-08-24,2008-09,Bochum,Wolfsburg,2,2
2008-08-24,2008-09,FC Koln,Ein Frankfurt,1,1
2008-08-29,2008-09,Karlsruhe,FC Koln,0,2
2008-08-30,2008-09,Bielefeld,Hamburg,2,4
2008-08-30,2008-09,Cottbus,Dortmund,0,1
2008-08-30,2008-09,Leverkusen,Hoffenheim,5,2
2008-08-30,2008-09,M'gladbach,Werder Bremen,3,2
2008-08-30,2008-09,Schalke 04,Bochum,1,0
2008-08-30,2008-09,Wolfsburg,Ein Frankfurt,2,2
2008-08-31,2008-09,Bayern Munich,Hertha,4,1
2008-08-31,2008-09,Stuttgart,Hannover,2,0
2008-09-13,2008-09,Dortmund,Schalke 04,3,3
2008-09-13,2008-09,FC Koln,Bayern Munich,0,3
2008-09-13,2008-09,Hamburg,Leverkusen,3,2
2008-09-13,2008-09,Hertha,Wolfsburg,2,2
2008-09-13,2008-09,Hoffenheim,Stuttgart,0,0
2008-09-13,2008-09,Werder Bremen,Cottbus,3,0
2008-09-14,2008-09,Bochum,Bielefeld,2,0
2008-09-14,2008-09,Hannover,M'gladbach,5,1
2008-09-19,2008-09,Leverkusen,Hannover,4,0
2008-09-20,2008-09,Bayern Munich,Werder Bremen,2,5
2008-09-20,2008-09,Bielefeld,FC Koln,2,0
2008-09-20,2008-09,Cottbus,Bochum,1,1
2008-09-20,2008-09,M'gladbach,Hertha,0,1
2008-09-20,2008-09,Schalke 04,Ein Frankfurt,1,0
2008-09-21,2008-09,Hoffenheim,Dortmund,4,1
2008-09-21,2008-09,Stuttgart,Karlsruhe,3,1
2008-09-21,2008-09,Wolfsburg,Hamburg,3,0
2008-09-26,2008-09,FC Koln,Schalke 04,1,0
2008-09-27,2008-09,Bochum,Leverkusen,2,3
2008-09-27,2008-09,Dortmund,Stuttgart,3,0
2008-09-27,2008-09,Hamburg,M'gladbach,1,0
2008-09-27,2008-09,Hannover,Bayern Munich,1,0
2008-09-27,2008-09,Hertha,Cottbus,0,1
2008-09-27,2008-09,Werder Bremen,Hoffenheim,5,4
2008-09-28,2008-09,Ein Frankfurt,Bielefeld,1,1
2008-09-28,2008-09,Karlsruhe,Wolfsburg,2,1
2008-10-03,2008-09,Bielefeld,Karlsruhe,1,2
2008-10-04,2008-09,Bayern Munich,Bochum,3,3
2008-10-04,2008-09,Hoffenheim,Ein Frankfurt,2,1
2008-10-04,2008-09,Leverkusen,Hertha,0,1
2008-10-04,2008-09,M'gladbach,FC Koln,1,2
2008-10-04,2008-09,Stuttgart,Werder Bremen,4,1
2008-10-05,2008-09,Cottbus,Hamburg,1,2
2008-10-05,2008-09,Dortmund,Hannover,1,1
2008-10-05,2008-09,Schalke 04,Wolfsburg,2,2
2008-10-17,2008-09,Bochum,M'gladbach,2,2
2008-10-18,2008-09,Ein Frankfurt,Leverkusen,0,2
2008-10-18,2008-09,FC Koln,Cottbus,1,0
2008-10-18,2008-09,Hannover,Hoffenheim,2,5
2008-10-18,2008-09,Hertha,Stuttgart,2,1
2008-10-18,2008-09,Karlsruhe,Bayern Munich,0,1
2008-10-18,2008-09,Werder Bremen,Dortmund,3,3
2008-10-18,2008-09,Wolfsburg,Bielefeld,4,1
2008-10-19,2008-09,Hamburg,Schalke 04,1,1
2008-10-22,2008-09,Ein Frankfurt,Karlsruhe,2,1
2008-10-24,2008-09,Leverkusen,FC Koln,2,0
2008-10-25,2008-09,Bayern Munich,Wolfsburg,4,2
2008-10-25,2008-09,Cottbus,Ein Frankfurt,2,3
2008-10-25,2008-09,Hannover,Werder Bremen,1,1
2008-10-25,2008-09,M'gladbach,Karlsruhe,1,0
2008-10-25,2008-09,Schalke 04,Bielefeld,0,0
2008-10-26,2008-09,Dortmund,Hertha,1,1
2008-10-26,2008-09,Hoffenheim,Hamburg,3,0
2008-10-26,2008-09,Stuttgart,Bochum,2,0
2008-10-28,2008-09,Bielefeld,Cottbus,1,1
2008-10-28,2008-09,Karlsruhe,Schalke 04,0,3
2008-10-28,2008-09,Werder Bremen,Leverkusen,0,2
2008-10-28,2008-09,Wolfsburg,M'gladbach,3,0
2008-10-29,2008-09,Bochum,Hoffenheim,1,3
2008-10-29,2008-09,Ein Frankfurt,Bayern Munich,1,2
2008-10-29,2008-09,FC Koln,Dortmund,0,1
2008-10-29,2008-09,Hamburg,Stuttgart,2,0
2008-10-29,2008-09,Hertha,Hannover,3,0
2008-10-31,2008-09,Leverkusen,Wolfsburg,2,0
2008-11-01,2008-09,Bayern Munich,Bielefeld,3,1
2008-11-01,2008-09,Cottbus,Schalke 04,0,2
2008-11-01,2008-09,Hannover,Hamburg,3,0
2008-11-01,2008-09,Hoffenheim,Karlsruhe,4,1
2008-11-01,2008-09,Stuttgart,FC Koln,1,3
2008-11-01,2008-09,Werder Bremen,Hertha,5,1
2008-11-02,2008-09,Dortmund,Bochum,1,1
2008-11-02,2008-09,M'gladbach,Ein Frankfurt,1,2
2008-11-07,2008-09,FC Koln,Hannover,2,1
2008-11-08,2008-09,Bielefeld,M'gladbach,0,2
2008-11-08,2008-09,Bochum,Werder Bremen,0,0
2008-11-08,2008-09,Hamburg,Dortmund,2,1
2008-11-08,2008-09,Karlsruhe,Leverkusen,3,3
2008-11-08,2008-09,Wolfsburg,Cottbus,3,0
2008-11-09,2008-09,Ein Frankfurt,Stuttgart,2,2
2008-11-09,2008-09,Hertha,Hoffenheim,1,0
2008-11-09,2008-09,Schalke 04,Bayern Munich,1,2
2008-11-14,2008-09,Hannover,Bochum,1,1
2008-11-15,2008-09,Cottbus,Karlsruhe,1,0
2008-11-15,2008-09,Dortmund,Ein Frankfurt,4,0
2008-11-15,2008-09,Hertha,Hamburg,2,1
2008-11-15,2008-09,Hoffenheim,Wolfsburg,3,2
2008-11-15,2008-09,Leverkusen,Schalke 04,2,1
2008-11-15,2008-09,M'gladbach,Bayern Munich,2,2
2008-11-15,2008-09,Stuttgart,Bielefeld,0,0
2008-11-16,2008-09,Werder Bremen,FC Koln,3,1
2008-11-21,2008-09,Karlsruhe,Dortmund,0,1
2008-11-22,2008-09,Bayern Munich,Cottbus,4,1
2008-11-22,2008-09,Bielefeld,Leverkusen,2,1
2008-11-22,2008-09,Bochum,Hertha,2,3
2008-11-22,2008-09,Ein Frankfurt,Hannover,4,0
2008-11-22,2008-09,FC Koln,Hoffenheim,1,3
2008-11-22,2008-09,Schalke 04,M'gladbach,3,1
2008-11-22,2008-09,Wolfsburg,Stuttgart,4,1
2008-11-23,2008-09,Hamburg,Werder Bremen,2,1
2008-11-28,2008-09,Hertha,FC Koln,2,1
2008-11-29,2008-09,Hannover,Karlsruhe,3,2
2008-11-29,2008-09,Hoffenheim,Bielefeld,3,0
2008-11-29,2008-09,Leverkusen,Bayern Munich,0,2
2008-11-29,2008-09,M'gladbach,Cottbus,1,3
2008-11-29,2008-09,Werder Bremen,Ein Frankfurt,5,0
2008-11-30,2008-09,Bochum,Hamburg,1,1
2008-11-30,2008-09,Dortmund,Wolfsburg,0,0
2008-11-30,2008-09,Stuttgart,Schalke 04,2,0
2008-12-05,2008-09,Bayern Munich,Hoffenheim,2,1
2008-12-06,2008-09,Bielefeld,Dortmund,0,0
2008-12-06,2008-09,Cottbus,Stuttgart,0,3
2008-12-06,2008-09,Ein Frankfurt,Bochum,4,0
2008-12-06,2008-09,Karlsruhe,Werder Bremen,1,0
2008-12-06,2008-09,M'gladbach,Leverkusen,1,3
2008-12-06,2008-09,Schalke 04,Hertha,1,0
2008-12-07,2008-09,FC Koln,Hamburg,1,2
2008-12-07,2008-09,Wolfsburg,Hannover,2,1
2008-12-12,2008-09,Dortmund,M'gladbach,2,1
2008-12-13,2008-09,Bochum,FC Koln,1,2
2008-12-13,2008-09,Hamburg,Ein Frankfurt,1,0
2008-12-13,2008-09,Hannover,Bielefeld,1,1
2008-12-13,2008-09,Hertha,Karlsruhe,4,0
2008-12-13,2008-09,Leverkusen,Cottbus,1,1
2008-12-13,2008-09,Stuttgart,Bayern Munich,2,2
2008-12-13,2008-09,Werder Bremen,Wolfsburg,2,1
2008-12-14,2008-09,Hoffenheim,Schalke 04,1,1
2009-01-30,2008-09,Hamburg,Bayern Munich,1,0
2009-01-31,2008-09,Dortmund,Leverkusen,1,1
2009-01-31,2008-09,FC Koln,Wolfsburg,1,1
2009-01-31,2008-09,Hannover,Schalke 04,1,0
2009-01-31,2008-09,Hertha,Ein Frankfurt,2,1
2009-01-31,2008-09,Hoffenheim,Cottbus,2,0
2009-01-31,2008-09,Stuttgart,M'gladbach,2,0
2009-02-01,2008-09,Bochum,Karlsruhe,2,0
2009-02-01,2008-09,Werder Bremen,Bielefeld,1,2
2009-02-06,2008-09,Bielefeld,Hertha,1,1
2009-02-07,2008-09,Ein Frankfurt,FC Koln,2,2
2009-02-07,2008-09,Karlsruhe,Hamburg,3,2
2009-02-07,2008-09,Leverkusen,Stuttgart,2,4
2009-02-07,2008-09,M'gladbach,Hoffenheim,1,1
2009-02-07,2008-09,Schalke 04,Werder Bremen,1,0
2009-02-07,2008-09,Wolfsburg,Bochum,2,0
2009-02-08,2008-09,Bayern Munich,Dortmund,3,1
2009-02-08,2008-09,Cottbus,Hannover,3,1
2009-02-13,2008-09,Hoffenheim,Leverkusen,1,4
2009-02-14,2008-09,Bochum,Schalke 04,2,1
2009-02-14,2008-09,Ein Frankfurt,Wolfsburg,0,2
2009-02-14,2008-09,FC Koln,Karlsruhe,0,0
2009-02-14,2008-09,Hannover,Stuttgart,3,3
2009-02-14,2008-09,Hertha,Bayern Munich,2,1
2009-02-14,2008-09,Werder Bremen,M'gladbach,1,1
2009-02-15,2008-09,Dortmund,Cottbus,1,1
2009-02-15,2008-09,Hamburg,Bielefeld,2,0
2009-02-20,2008-09,Schalke 04,Dortmund,1,1
2009-02-21,2008-09,Bayern Munich,FC Koln,1,2
2009-02-21,2008-09,Bielefeld,Bochum,1,1
2009-02-21,2008-09,Cottbus,Werder Bremen,2,1
2009-02-21,2008-09,Karlsruhe,Ein Frankfurt,0,1
2009-02-21,2008-09,M'gladbach,Hannover,3,2
2009-02-21,2008-09,Stuttgart,Hoffenheim,3,3
2009-02-21,2008-09,Wolfsburg,Hertha,2,1
2009-02-22,2008-09,Leverkusen,Hamburg,1,2
2009-02-27,2008-09,FC Koln,Bielefeld,1,1
2009-02-28,2008-09,Bochum,Cottbus,3,2
2009-02-28,2008-09,Dortmund,Hoffenheim,0,0
2009-02-28,2008-09,Ein Frankfurt,Schalke 04,1,2
2009-02-28,2008-09,Hannover,Leverkusen,1,0
2009-02-28,2008-09,Hertha,M'gladbach,2,1
2009-03-01,2008-09,Hamburg,Wolfsburg,1,3
2009-03-01,2008-09,Karlsruhe,Stuttgart,0,2
2009-03-01,2008-09,Werder Bremen,Bayern Munich,0,0
2009-03-06,2008-09,Schalke 04,FC Koln,1,0
2009-03-07,2008-09,Bayern Munich,Hannover,5,1
2009-03-07,2008-09,Cottbus,Hertha,1,3
2009-03-07,2008-09,Hoffenheim,Werder Bremen,0,0
2009-03-07,2008-09,M'gladbach,Hamburg,4,1
2009-03-07,2008-09,Stuttgart,Dortmund,2,1
2009-03-07,2008-09,Wolfsburg,Karlsruhe,1,0
2009-03-08,2008-09,Bielefeld,Ein Frankfurt,0,0
2009-03-08,2008-09,Leverkusen,Bochum,1,1
2009-03-13,2008-09,Wolfsburg,Schalke 04,4,3
2009-03-14,2008-09,Bochum,Bayern Munich,0,3
2009-03-14,2008-09,Ein Frankfurt,Hoffenheim,1,1
2009-03-14,2008-09,FC Koln,M'gladbach,2,4
2009-03-14,2008-09,Hannover,Dortmund,4,4
2009-03-14,2008-09,Hertha,Leverkusen,1,0
2009-03-14,2008-09,Karlsruhe,Bielefeld,0,1
2009-03-15,2008-09,Hamburg,Cottbus,2,0
2009-03-15,2008-09,Werder Bremen,Stuttgart,4,0
2009-03-20,2008-09,M'gladbach,Bochum,0,1
2009-03-21,2008-09,Bayern Munich,Karlsruhe,1,0
2009-03-21,2008-09,Bielefeld,Wolfsburg,0,3
2009-03-21,2008-09,Cottbus,FC Koln,0,2
2009-03-21,2008-09,Dortmund,Werder Bremen,1,0
2009-03-21,2008-09,Hoffenheim,Hannover,2,2
2009-03-21,2008-09,Leverkusen,Ein Frankfurt,1,1
2009-03-21,2008-09,Stuttgart,Hertha,2,0
2009-03-22,2008-09,Schalke 04,Hamburg,1,2
2009-04-03,2008-09,Bielefeld,Schalke 04,0,2
2009-04-04,2008-09,Bochum,Stuttgart,1,2
2009-04-04,2008-09,Ein Frankfurt,Cottbus,2,1
2009-04-04,2008-09,Hamburg,Hoffenheim,1,0
2009-04-04,2008-09,Hertha,Dortmund,1,3
2009-04-04,2008-09,Wolfsburg,Bayern Munich,5,1
2009-04-05,2008-09,FC Koln,Leverkusen,0,2
2009-04-05,2008-09,Karlsruhe,M'gladbach,0,0
2009-04-05,2008-09,Werder Bremen,Hannover,4,1
2009-04-11,2008-09,Bayern Munich,Ein Frankfurt,4,0
2009-04-11,2008-09,Cottbus,Bielefeld,2,1
2009-04-11,2008-09,Dortmund,FC Koln,3,1
2009-04-11,2008-09,Hannover,Hertha,2,0
2009-04-11,2008-09,Hoffenheim,Bochum,0,3
2009-04-11,2008-09,M'gladbach,Wolfsburg,1,2
2009-04-11,2008-09,Schalke 04,Karlsruhe,2,0
2009-04-12,2008-09,Leverkusen,Werder Bremen,1,1
2009-04-12,2008-09,Stuttgart,Hamburg,1,0
2009-04-17,2008-09,Schalke 04,Cottbus,4,0
2009-04-18,2008-09,Bielefeld,Bayern Munich,0,1
2009-04-18,2008-09,Bochum,Dortmund,0,2
2009-04-18,2008-09,Ein Frankfurt,M'gladbach,4,1
2009-04-18,2008-09,FC Koln,Stuttgart,0,3
2009-04-18,2008-09,Karlsruhe,Hoffenheim,2,2
2009-04-18,2008-09,Wolfsburg,Leverkusen,2,1
2009-04-19,2008-09,Hamburg,Hannover,2,1
2009-04-19,2008-09,Hertha,Werder Bremen,2,1
2009-04-24,2008-09,Hoffenheim,Hertha,0,1
2009-04-25,2008-09,Bayern Munich,Schalke 04,0,1
2009-04-25,2008-09,Dortmund,Hamburg,2,0
2009-04-25,2008-09,Hannover,FC Koln,2,1
2009-04-25,2008-09,Leverkusen,Karlsruhe,0,1
2009-04-25,2008-09,Stuttgart,Ein Frankfurt,2,0
2009-04-25,2008-09,Werder Bremen,Bochum,3,2
2009-04-26,2008-09,Cottbus,Wolfsburg,2,0
2009-04-26,2008-09,M'gladbach,Bielefeld,1,1
2009-05-01,2008-09,Bochum,Hannover,0,2
2009-05-02,2008-09,Bayern Munich,M'gladbach,2,1
2009-05-02,2008-09,Bielefeld,Stuttgart,2,2
2009-05-02,2008-09,Ein Frankfurt,Dortmund,0,2
2009-05-02,2008-09,Karlsruhe,Cottbus,0,0
2009-05-02,2008-09,Schalke 04,Leverkusen,1,2
2009-05-02,2008-09,Wolfsburg,Hoffenheim,4,0
2009-05-03,2008-09,FC Koln,Werder Bremen,1,0
2009-05-03,2008-09,Hamburg,Hertha,1,1
2009-05-08,2008-09,Leverkusen,Bielefeld,2,2
2009-05-09,2008-09,Cottbus,Bayern Munich,1,3
2009-05-09,2008-09,Dortmund,Karlsruhe,4,0
2009-05-09,2008-09,Hannover,Ein Frankfurt,1,1
2009-05-09,2008-09,Hertha,Bochum,2,0
2009-05-09,2008-09,Hoffenheim,FC Koln,2,0
2009-05-09,2008-09,Stuttgart,Wolfsburg,4,1
2009-05-10,2008-09,M'gladbach,Schalke 04,1,0
2009-05-10,2008-09,Werder Bremen,Hamburg,2,0
2009-05-12,2008-09,Bayern Munich,Leverkusen,3,0
2009-05-12,2008-09,FC Koln,Hertha,1,2
2009-05-12,2008-09,Karlsruhe,Hannover,2,3
2009-05-12,2008-09,Wolfsburg,Dortmund,3,0
2009-05-13,2008-09,Bielefeld,Hoffenheim,0,2
2009-05-13,2008-09,Cottbus,M'gladbach,0,1
2009-05-13,2008-09,Ein Frankfurt,Werder Bremen,0,5
2009-05-13,2008-09,Hamburg,Bochum,3,1
2009-05-13,2008-09,Schalke 04,Stuttgart,1,2
2009-05-16,2008-09,Bochum,Ein Frankfurt,2,0
2009-05-16,2008-09,Dortmund,Bielefeld,6,0
2009-05-16,2008-09,Hamburg,FC Koln,0,1
2009-05-16,2008-09,Hannover,Wolfsburg,0,5
2009-05-16,2008-09,Hertha,Schalke 04,0,0
2009-05-16,2008-09,Hoffenheim,Bayern Munich,2,2
2009-05-16,2008-09,Leverkusen,M'gladbach,5,0
2009-05-16,2008-09,Stuttgart,Cottbus,2,0
2009-05-16,2008-09,Werder Bremen,Karlsruhe,1,3
2009-05-23,2008-09,Bayern Munich,Stuttgart,2,1
2009-05-23,2008-09,Bielefeld,Hannover,2,2
2009-05-23,2008-09,Cottbus,Leverkusen,3,0
2009-05-23,2008-09,Ein Frankfurt,Hamburg,2,3
2009-05-23,2008-09,FC Koln,Bochum,1,1
2009-05-23,2008-09,Karlsruhe,Hertha,4,0
2009-05-23,2008-09,M'gladbach,Dortmund,1,1
2009-05-23,2008-09,Schalke 04,Hoffenheim,2,3
2009-05-23,2008-09,Wolfsburg,Werder Bremen,5,1
2009-08-07,2009-10,Wolfsburg,Stuttgart,2,0
2009-08-08,2009-10,Dortmund,FC Koln,1,0
2009-08-08,2009-10,Hertha,Hannover,1,0
2009-08-08,2009-10,Hoffenheim,Bayern Munich,1,1
2009-08-08,2009-10,Mainz,Leverkusen,2,2
2009-08-08,2009-10,Nurnberg,Schalke 04,1,2
2009-08-08,2009-10,Werder Bremen,Ein Frankfurt,2,3
2009-08-09,2009-10,Bochum,M'gladbach,3,3
2009-08-09,2009-10,Freiburg,Hamburg,1,1
2009-08-15,2009-10,Bayern Munich,Werder Bremen,1,1
2009-08-15,2009-10,Ein Frankfurt,Nurnberg,1,1
2009-08-15,2009-10,FC Koln,Wolfsburg,1,3
2009-08-15,2009-10,Hamburg,Dortmund,4,1
2009-08-15,2009-10,Hannover,Mainz,1,1
2009-08-15,2009-10,Leverkusen,Hoffenheim,1,0
2009-08-15,2009-10,Stuttgart,Freiburg,4,2
2009-08-16,2009-10,M'gladbach,Hertha,2,1
2009-08-16,2009-10,Schalke 04,Bochum,3,0
2009-08-21,2009-10,Hoffenheim,Schalke 04,0,0
2009-08-22,2009-10,Dortmund,Stuttgart,1,1
2009-08-22,2009-10,FC Koln,Ein Frankfurt,0,0
2009-08-22,2009-10,Freiburg,Leverkusen,0,5
2009-08-22,2009-10,Mainz,Bayern Munich,2,1
2009-08-22,2009-10,Nurnberg,Hannover,0,2
2009-08-23,2009-10,Bochum,Hertha,1,0
2009-08-23,2009-10,Werder Bremen,M'gladbach,3,0
2009-08-23,2009-10,Wolfsburg,Hamburg,2,4
2009-08-28,2009-10,M'gladbach,Mainz,2,0
2009-08-29,2009-10,Bayern Munich,Wolfsburg,3,0
2009-08-29,2009-10,Ein Frankfurt,Dortmund,1,1
2009-08-29,2009-10,Hannover,Hoffenheim,0,1
2009-08-29,2009-10,Leverkusen,Bochum,2,1
2009-08-29,2009-10,Schalke 04,Freiburg,0,1
2009-08-29,2009-10,Stuttgart,Nurnberg,0,0
2009-08-30,2009-10,Hamburg,FC Koln,3,1
2009-08-30,2009-10,Hertha,Werder Bremen,2,3
2009-09-12,2009-10,Dortmund,Bayern Munich,1,5
2009-09-12,2009-10,Freiburg,Ein Frankfurt,0,2
2009-09-12,2009-10,Hamburg,Stuttgart,3,1
2009-09-12,2009-10,Hoffenheim,Bochum,3,0
2009-09-12,2009-10,Mainz,Hertha,2,1
2009-09-12,2009-10,Nurnberg,M'gladbach,1,0
2009-09-12,2009-10,Wolfsburg,Leverkusen,2,3
2009-09-13,2009-10,FC Koln,Schalke 04,1,2
2009-09-13,2009-10,Werder Bremen,Hannover,0,0
2009-09-18,2009-10,Schalke 04,Wolfsburg,1,2
2009-09-19,2009-10,Bayern Munich,Nurnberg,2,1
2009-09-19,2009-10,Bochum,Mainz,2,3
2009-09-19,2009-10,Hannover,Dortmund,1,1
2009-09-19,2009-10,M'gladbach,Hoffenheim,2,4
2009-09-19,2009-10,Stuttgart,FC Koln,0,2
2009-09-20,2009-10,Ein Frankfurt,Hamburg,1,1
2009-09-20,2009-10,Hertha,Freiburg,0,4
2009-09-20,2009-10,Leverkusen,Werder Bremen,0,0
2009-09-25,2009-10,Nurnberg,Bochum,0,1
2009-09-26,2009-10,Dortmund,Schalke 04,0,1
2009-09-26,2009-10,Ein Frankfurt,Stuttgart,0,3
2009-09-26,2009-10,FC Koln,Leverkusen,0,1
2009-09-26,2009-10,Hamburg,Bayern Munich,1,0
2009-09-26,2009-10,Werder Bremen,Mainz,3,0
2009-09-26,2009-10,Wolfsburg,Hannover,4,2
2009-09-27,2009-10,Freiburg,M'gladbach,3,0
2009-09-27,2009-10,Hoffenheim,Hertha,5,1
2009-10-02,2009-10,Schalke 04,Ein Frankfurt,2,0
2009-10-03,2009-10,Bayern Munich,FC Koln,0,0
2009-10-03,2009-10,Bochum,Wolfsburg,1,1
2009-10-03,2009-10,Hannover,Freiburg,5,2
2009-10-03,2009-10,Leverkusen,Nurnberg,4,0
2009-10-03,2009-10,Mainz,Hoffenheim,2,1
2009-10-03,2009-10,M'gladbach,Dortmund,0,1
2009-10-04,2009-10,Hertha,Hamburg,1,3
2009-10-04,2009-10,Stuttgart,Werder Bremen,0,2
2009-10-17,2009-10,Ein Frankfurt,Hannover,2,1
2009-10-17,2009-10,FC Koln,Mainz,1,0
2009-10-17,2009-10,Freiburg,Bayern Munich,1,2
2009-10-17,2009-10,Hamburg,Leverkusen,0,0
2009-10-17,2009-10,Nurnberg,Hertha,3,0
2009-10-17,2009-10,Stuttgart,Schalke 04,1,2
2009-10-17,2009-10,Werder Bremen,Hoffenheim,2,0
2009-10-18,2009-10,Dortmund,Bochum,2,0
2009-10-18,2009-10,Wolfsburg,M'gladbach,2,1
2009-10-23,2009-10,Leverkusen,Dortmund,1,1
2009-10-24,2009-10,Bayern Munich,Ein Frankfurt,2,1
2009-10-24,2009-10,Hannover,Stuttgart,1,0
2009-10-24,2009-10,Hoffenheim,Nurnberg,3,0
2009-10-24,2009-10,Mainz,Freiburg,3,0
2009-10-24,2009-10,M'gladbach,FC Koln,0,0
2009-10-25,2009-10,Bochum,Werder Bremen,1,4
2009-10-25,2009-10,Hertha,Wolfsburg,0,0
2009-10-25,2009-10,Schalke 04,Hamburg,3,3
2009-10-30,2009-10,Dortmund,Hertha,2,0
2009-10-31,2009-10,FC Koln,Hannover,0,1
2009-10-31,2009-10,Hamburg,M'gladbach,2,3
2009-10-31,2009-10,Nurnberg,Werder Bremen,2,2
2009-10-31,2009-10,Schalke 04,Leverkusen,2,2
2009-10-31,2009-10,Stuttgart,Bayern Munich,0,0
2009-10-31,2009-10,Wolfsburg,Mainz,3,3
2009-11-01,2009-10,Ein Frankfurt,Bochum,2,1
2009-11-01,2009-10,Freiburg,Hoffenheim,0,1
2009-11-06,2009-10,Leverkusen,Ein Frankfurt,4,0
2009-11-07,2009-10,Bayern Munich,Schalke 04,1,1
2009-11-07,2009-10,Bochum,Freiburg,1,2
2009-11-07,2009-10,Hoffenheim,Wolfsburg,1,2
2009-11-07,2009-10,Mainz,Nurnberg,1,0
2009-11-07,2009-10,M'gladbach,Stuttgart,0,0
2009-11-08,2009-10,Hannover,Hamburg,2,2
2009-11-08,2009-10,Hertha,FC Koln,0,1
2009-11-08,2009-10,Werder Bremen,Dortmund,1,1
2009-11-21,2009-10,Dortmund,Mainz,0,0
2009-11-21,2009-10,Ein Frankfurt,M'gladbach,1,2
2009-11-21,2009-10,FC Koln,Hoffenheim,0,4
2009-11-21,2009-10,Freiburg,Werder Bremen,0,6
2009-11-21,2009-10,Schalke 04,Hannover,2,0
2009-11-21,2009-10,Stuttgart,Hertha,1,1
2009-11-21,2009-10,Wolfsburg,Nurnberg,2,3
2009-11-22,2009-10,Bayern Munich,Leverkusen,1,1
2009-11-22,2009-10,Hamburg,Bochum,0,1
2009-11-27,2009-10,Bochum,FC Koln,0,0
2009-11-28,2009-10,Hertha,Ein Frankfurt,1,3
2009-11-28,2009-10,Hoffenheim,Dortmund,1,2
2009-11-28,2009-10,Mainz,Hamburg,1,1
2009-11-28,2009-10,M'gladbach,Schalke 04,1,0
2009-11-28,2009-10,Nurnberg,Freiburg,0,1
2009-11-28,2009-10,Werder Bremen,Wolfsburg,2,2
2009-11-29,2009-10,Hannover,Bayern Munich,0,3
2009-11-29,2009-10,Leverkusen,Stuttgart,4,0
2009-12-04,2009-10,Bayern Munich,M'gladbach,2,1
2009-12-05,2009-10,Dortmund,Nurnberg,4,0
2009-12-05,2009-10,Ein Frankfurt,Mainz,2,0
2009-12-05,2009-10,Hamburg,Hoffenheim,0,0
2009-12-05,2009-10,Hannover,Leverkusen,0,0
2009-12-05,2009-10,Stuttgart,Bochum,1,1
2009-12-05,2009-10,Wolfsburg,Freiburg,2,2
2009-12-06,2009-10,FC Koln,Werder Bremen,0,0
2009-12-06,2009-10,Schalke 04,Hertha,2,0
2009-12-11,2009-10,Hertha,Leverkusen,2,2
2009-12-12,2009-10,Bochum,Bayern Munich,1,5
2009-12-12,2009-10,Freiburg,FC Koln,0,0
2009-12-12,2009-10,Hoffenheim,Ein Frankfurt,1,1
2009-12-12,2009-10,M'gladbach,Hannover,5,3
2009-12-12,2009-10,Nurnberg,Hamburg,0,4
2009-12-12,2009-10,Werder Bremen,Schalke 04,0,2
2009-12-13,2009-10,Mainz,Stuttgart,1,1
2009-12-13,2009-10,Wolfsburg,Dortmund,1,3
2009-12-18,2009-10,Schalke 04,Mainz,1,0
2009-12-19,2009-10,Bayern Munich,Hertha,5,2
2009-12-19,2009-10,Dortmund,Freiburg,1,0
2009-12-19,2009-10,Ein Frankfurt,Wolfsburg,2,2
2009-12-19,2009-10,Hannover,Bochum,2,3
2009-12-19,2009-10,Leverkusen,M'gladbach,3,2
2009-12-19,2009-10,Stuttgart,Hoffenheim,3,1
2009-12-20,2009-10,FC Koln,Nurnberg,3,0
2009-12-20,2009-10,Hamburg,Werder Bremen,2,1
2010-01-15,2009-10,Bayern Munich,Hoffenheim,2,0
2010-01-16,2009-10,Ein Frankfurt,Werder Bremen,1,0
2010-01-16,2009-10,Hamburg,Freiburg,2,0
2010-01-16,2009-10,Hannover,Hertha,0,3
2010-01-16,2009-10,Leverkusen,Mainz,4,2
2010-01-16,2009-10,M'gladbach,Bochum,1,2
2010-01-16,2009-10,Stuttgart,Wolfsburg,3,1
2010-01-17,2009-10,FC Koln,Dortmund,2,3
2010-01-17,2009-10,Schalke 04,Nurnberg,1,0
2010-01-22,2009-10,Freiburg,Stuttgart,0,1
2010-01-23,2009-10,Bochum,Schalke 04,2,2
2010-01-23,2009-10,Dortmund,Hamburg,1,0
2010-01-23,2009-10,Hertha,M'gladbach,0,0
2010-01-23,2009-10,Mainz,Hannover,1,0
2010-01-23,2009-10,Nurnberg,Ein Frankfurt,1,1
2010-01-23,2009-10,Werder Bremen,Bayern Munich,2,3
2010-01-24,2009-10,Hoffenheim,Leverkusen,0,3
2010-01-24,2009-10,Wolfsburg,FC Koln,2,3
2010-01-29,2009-10,Hamburg,Wolfsburg,1,1
2010-01-30,2009-10,Bayern Munich,Mainz,3,0
2010-01-30,2009-10,Ein Frankfurt,FC Koln,1,2
2010-01-30,2009-10,Hannover,Nurnberg,1,3
2010-01-30,2009-10,Hertha,Bochum,0,0
2010-01-30,2009-10,M'gladbach,Werder Bremen,4,3
2010-01-30,2009-10,Schalke 04,Hoffenheim,2,0
2010-01-31,2009-10,Leverkusen,Freiburg,3,1
2010-01-31,2009-10,Stuttgart,Dortmund,4,1
2010-02-05,2009-10,Werder Bremen,Hertha,2,1
2010-02-06,2009-10,Bochum,Leverkusen,1,1
2010-02-06,2009-10,FC Koln,Hamburg,3,3
2010-02-06,2009-10,Freiburg,Schalke 04,0,0
2010-02-06,2009-10,Hoffenheim,Hannover,2,1
2010-02-06,2009-10,Nurnberg,Stuttgart,1,2
2010-02-06,2009-10,Wolfsburg,Bayern Munich,1,3
2010-02-07,2009-10,Dortmund,Ein Frankfurt,2,3
2010-02-07,2009-10,Mainz,M'gladbach,1,0
2010-02-12,2009-10,M'gladbach,Nurnberg,2,1
2010-02-13,2009-10,Bayern Munich,Dortmund,3,1
2010-02-13,2009-10,Bochum,Hoffenheim,2,1
2010-02-13,2009-10,Hannover,Werder Bremen,1,5
2010-02-13,2009-10,Hertha,Mainz,1,1
2010-02-13,2009-10,Leverkusen,Wolfsburg,2,1
2010-02-13,2009-10,Stuttgart,Hamburg,1,3
2010-02-14,2009-10,Ein Frankfurt,Freiburg,2,1
2010-02-14,2009-10,Schalke 04,FC Koln,2,0
2010-02-19,2009-10,Hoffenheim,M'gladbach,2,2
2010-02-20,2009-10,Dortmund,Hannover,4,1
2010-02-20,2009-10,FC Koln,Stuttgart,1,5
2010-02-20,2009-10,Hamburg,Ein Frankfurt,0,0
2010-02-20,2009-10,Mainz,Bochum,0,0
2010-02-20,2009-10,Nurnberg,Bayern Munich,1,1
2010-02-21,2009-10,Freiburg,Hertha,0,3
2010-02-21,2009-10,Werder Bremen,Leverkusen,2,2
2010-02-21,2009-10,Wolfsburg,Schalke 04,2,1
2010-02-26,2009-10,Schalke 04,Dortmund,2,1
2010-02-27,2009-10,Bochum,Nurnberg,0,0
2010-02-27,2009-10,Hertha,Hoffenheim,0,2
2010-02-27,2009-10,Leverkusen,FC Koln,0,0
2010-02-27,2009-10,Mainz,Werder Bremen,1,2
2010-02-27,2009-10,M'gladbach,Freiburg,1,1
2010-02-27,2009-10,Stuttgart,Ein Frankfurt,2,1
2010-02-28,2009-10,Bayern Munich,Hamburg,1,0
2010-02-28,2009-10,Hannover,Wolfsburg,0,1
2010-03-06,2009-10,Dortmund,M'gladbach,3,0
2010-03-06,2009-10,Ein Frankfurt,Schalke 04,1,4
2010-03-06,2009-10,FC Koln,Bayern Munich,1,1
2010-03-06,2009-10,Freiburg,Hannover,1,2
2010-03-06,2009-10,Hamburg,Hertha,1,0
2010-03-06,2009-10,Werder Bremen,Stuttgart,2,2
2010-03-06,2009-10,Wolfsburg,Bochum,4,1
2010-03-07,2009-10,Hoffenheim,Mainz,0,1
2010-03-07,2009-10,Nurnberg,Leverkusen,3,2
2010-03-12,2009-10,Schalke 04,Stuttgart,2,1
2010-03-13,2009-10,Bayern Munich,Freiburg,2,1
2010-03-13,2009-10,Bochum,Dortmund,1,4
2010-03-13,2009-10,Hannover,Ein Frankfurt,2,1
2010-03-13,2009-10,Hertha,Nurnberg,1,2
2010-03-13,2009-10,Mainz,FC Koln,1,0
2010-03-13,2009-10,M'gladbach,Wolfsburg,0,4
2010-03-14,2009-10,Hoffenheim,Werder Bremen,0,1
2010-03-14,2009-10,Leverkusen,Hamburg,4,2
2010-03-19,2009-10,FC Koln,M'gladbach,1,1
2010-03-20,2009-10,Dortmund,Leverkusen,3,0
2010-03-20,2009-10,Ein Frankfurt,Bayern Munich,2,1
2010-03-20,2009-10,Freiburg,Mainz,1,0
2010-03-20,2009-10,Nurnberg,Hoffenheim,0,0
2010-03-20,2009-10,Stuttgart,Hannover,2,0
2010-03-20,2009-10,Werder Bremen,Bochum,3,2
2010-03-21,2009-10,Hamburg,Schalke 04,2,2
2010-03-21,2009-10,Wolfsburg,Hertha,1,5
2010-03-26,2009-10,Bochum,Ein Frankfurt,1,2
2010-03-27,2009-10,Bayern Munich,Stuttgart,1,2
2010-03-27,2009-10,Hannover,FC Koln,1,4
2010-03-27,2009-10,Hertha,Dortmund,0,0
2010-03-27,2009-10,Leverkusen,Schalke 04,0,2
2010-03-27,2009-10,Mainz,Wolfsburg,0,2
2010-03-27,2009-10,Werder Bremen,Nurnberg,4,2
2010-03-28,2009-10,Hoffenheim,Freiburg,1,1
2010-03-28,2009-10,M'gladbach,Hamburg,1,0
2010-04-03,2009-10,Dortmund,Werder Bremen,2,1
2010-04-03,2009-10,Ein Frankfurt,Leverkusen,3,2
2010-04-03,2009-10,FC Koln,Hertha,0,3
2010-04-03,2009-10,Freiburg,Bochum,1,1
2010-04-03,2009-10,Nurnberg,Mainz,2,0
2010-04-03,2009-10,Schalke 04,Bayern Munich,1,2
2010-04-03,2009-10,Stuttgart,M'gladbach,2,1
2010-04-04,2009-10,Hamburg,Hannover,0,0
2010-04-04,2009-10,Wolfsburg,Hoffenheim,4,0
2010-04-09,2009-10,M'gladbach,Ein Frankfurt,2,0
2010-04-10,2009-10,Hannover,Schalke 04,4,2
2010-04-10,2009-10,Hertha,Stuttgart,0,1
2010-04-10,2009-10,Hoffenheim,FC Koln,0,2
2010-04-10,2009-10,Leverkusen,Bayern Munich,1,1
2010-04-10,2009-10,Mainz,Dortmund,1,0
2010-04-10,2009-10,Werder Bremen,Freiburg,4,0
2010-04-11,2009-10,Bochum,Hamburg,1,2
2010-04-11,2009-10,Nurnberg,Wolfsburg,0,2
2010-04-16,2009-10,FC Koln,Bochum,2,0
2010-04-17,2009-10,Bayern Munich,Hannover,7,0
2010-04-17,2009-10,Freiburg,Nurnberg,2,1
2010-04-17,2009-10,Hamburg,Mainz,0,1
2010-04-17,2009-10,Schalke 04,M'gladbach,3,1
2010-04-17,2009-10,Stuttgart,Leverkusen,2,1
2010-04-17,2009-10,Wolfsburg,Werder Bremen,2,4
2010-04-18,2009-10,Dortmund,Hoffenheim,1,1
2010-04-18,2009-10,Ein Frankfurt,Hertha,2,2
2010-04-23,2009-10,Bochum,Stuttgart,0,2
2010-04-24,2009-10,Hertha,Schalke 04,0,1
2010-04-24,2009-10,Leverkusen,Hannover,3,0
2010-04-24,2009-10,Mainz,Ein Frankfurt,3,3
2010-04-24,2009-10,M'gladbach,Bayern Munich,1,1
2010-04-24,2009-10,Nurnberg,Dortmund,2,3
2010-04-24,2009-10,Werder Bremen,FC Koln,1,0
2010-04-25,2009-10,Freiburg,Wolfsburg,1,0
2010-04-25,2009-10,Hoffenheim,Hamburg,5,1
2010-05-01,2009-10,Bayern Munich,Bochum,3,1
2010-05-01,2009-10,Dortmund,Wolfsburg,1,1
2010-05-01,2009-10,Ein Frankfurt,Hoffenheim,1,2
2010-05-01,2009-10,FC Koln,Freiburg,2,2
2010-05-01,2009-10,Hamburg,Nurnberg,4,0
2010-05-01,2009-10,Hannover,M'gladbach,6,1
2010-05-01,2009-10,Leverkusen,Hertha,1,1
2010-05-01,2009-10,Schalke 04,Werder Bremen,0,2
2010-05-01,2009-10,Stuttgart,Mainz,2,2
2010-05-08,2009-10,Bochum,Hannover,0,3
2010-05-08,2009-10,Freiburg,Dortmund,3,1
2010-05-08,2009-10,Hertha,Bayern Munich,1,3
2010-05-08,2009-10,Hoffenheim,Stuttgart,1,1
2010-05-08,2009-10,Mainz,Schalke 04,0,0
2010-05-08,2009-10,M'gladbach,Leverkusen,1,1
2010-05-08,2009-10,Nurnberg,FC Koln,1,0
2010-05-08,2009-10,Werder Bremen,Hamburg,1,1
2010-05-08,2009-10,Wolfsburg,Ein Frankfurt,3,1
2010-08-20,2010-11,Bayern Munich,Wolfsburg,2,1
2010-08-21,2010-11,FC Koln,Kaiserslautern,1,3
2010-08-21,2010-11,Freiburg,St Pauli,1,3
2010-08-21,2010-11,Hamburg,Schalke 04,2,1
2010-08-21,2010-11,Hannover,Ein Frankfurt,2,1
2010-08-21,2010-11,Hoffenheim,Werder Bremen,4,1
2010-08-21,2010-11,M'gladbach,Nurnberg,1,1
2010-08-22,2010-11,Dortmund,Leverkusen,0,2
2010-08-22,2010-11,Mainz,Stuttgart,2,0
2010-08-27,2010-11,Kaiserslautern,Bayern Munich,2,0
2010-08-28,2010-11,Ein Frankfurt,Hamburg,1,3
2010-08-28,2010-11,Nurnberg,Freiburg,1,2
2010-08-28,2010-11,Schalke 04,Hannover,1,2
2010-08-28,2010-11,St Pauli,Hoffenheim,0,1
2010-08-28,2010-11,Werder Bremen,FC Koln,4,2
2010-08-28,2010-11,Wolfsburg,Mainz,3,4
2010-08-29,2010-11,Leverkusen,M'gladbach,3,6
2010-08-29,2010-11,Stuttgart,Dortmund,1,3
2010-09-10,2010-11,Hoffenheim,Schalke 04,2,0
2010-09-11,2010-11,Bayern Munich,Werder Bremen,0,0
2010-09-11,2010-11,Dortmund,Wolfsburg,2,0
2010-09-11,2010-11,Freiburg,Stuttgart,2,1
2010-09-11,2010-11,Hamburg,Nurnberg,1,1
2010-09-11,2010-11,Hannover,Leverkusen,2,2
2010-09-11,2010-11,M'gladbach,Ein Frankfurt,0,4
2010-09-12,2010-11,FC Koln,St Pauli,1,0
2010-09-12,2010-11,Mainz,Kaiserslautern,2,1
2010-09-17,2010-11,Ein Frankfurt,Freiburg,0,1
2010-09-18,2010-11,Bayern Munich,FC Koln,0,0
2010-09-18,2010-11,Kaiserslautern,Hoffenheim,2,2
2010-09-18,2010-11,Stuttgart,M'gladbach,7,0
2010-09-18,2010-11,Werder Bremen,Mainz,0,2
2010-09-18,2010-11,Wolfsburg,Hannover,2,0
2010-09-19,2010-11,Leverkusen,Nurnberg,0,0
2010-09-19,2010-11,Schalke 04,Dortmund,1,3
2010-09-19,2010-11,St Pauli,Hamburg,1,1
2010-09-21,2010-11,Hannover,Werder Bremen,4,1
2010-09-21,2010-11,Hoffenheim,Bayern Munich,1,2
2010-09-21,2010-11,Mainz,FC Koln,2,0
2010-09-22,2010-11,Dortmund,Kaiserslautern,5,0
2010-09-22,2010-11,Freiburg,Schalke 04,1,2
2010-09-22,2010-11,Hamburg,Wolfsburg,1,3
2010-09-22,2010-11,Leverkusen,Ein Frankfurt,2,1
2010-09-22,2010-11,M'gladbach,St Pauli,1,2
2010-09-22,2010-11,Nurnberg,Stuttgart,2,1
2010-09-24,2010-11,FC Koln,Hoffenheim,1,1
2010-09-25,2010-11,Bayern Munich,Mainz,1,2
2010-09-25,2010-11,Ein Frankfurt,Nurnberg,2,0
2010-09-25,2010-11,Schalke 04,M'gladbach,2,2
2010-09-25,2010-11,St Pauli,Dortmund,1,3
2010-09-25,2010-11,Stuttgart,Leverkusen,1,4
2010-09-25,2010-11,Werder Bremen,Hamburg,3,2
2010-09-26,2010-11,Kaiserslautern,Hannover,0,1
2010-09-26,2010-11,Wolfsburg,Freiburg,2,1
2010-10-01,2010-11,Hannover,St Pauli,0,1
2010-10-02,2010-11,Freiburg,FC Koln,3,2
2010-10-02,2010-11,Hamburg,Kaiserslautern,2,1
2010-10-02,2010-11,Mainz,Hoffenheim,4,2
2010-10-02,2010-11,M'gladbach,Wolfsburg,1,1
2010-10-02,2010-11,Nurnberg,Schalke 04,2,1
2010-10-03,2010-11,Dortmund,Bayern Munich,2,0
2010-10-03,2010-11,Leverkusen,Werder Bremen,2,2
2010-10-03,2010-11,Stuttgart,Ein Frankfurt,1,2
2010-10-15,2010-11,FC Koln,Dortmund,1,2
2010-10-16,2010-11,Bayern Munich,Hannover,3,0
2010-10-16,2010-11,Mainz,Hamburg,0,1
2010-10-16,2010-11,Schalke 04,Stuttgart,2,2
2010-10-16,2010-11,St Pauli,Nurnberg,3,2
2010-10-16,2010-11,Werder Bremen,Freiburg,2,1
2010-10-16,2010-11,Wolfsburg,Leverkusen,2,3
2010-10-17,2010-11,Hoffenheim,M'gladbach,3,2
2010-10-17,2010-11,Kaiserslautern,Ein Frankfurt,0,3
2010-10-22,2010-11,Hamburg,Bayern Munich,0,0
2010-10-23,2010-11,Ein Frankfurt,Schalke 04,0,0
2010-10-23,2010-11,Freiburg,Kaiserslautern,2,1
2010-10-23,2010-11,Hannover,FC Koln,2,1
2010-10-23,2010-11,M'gladbach,Werder Bremen,1,4
2010-10-23,2010-11,Nurnberg,Wolfsburg,2,1
2010-10-24,2010-11,Dortmund,Hoffenheim,1,1
2010-10-24,2010-11,Leverkusen,Mainz,0,1
2010-10-24,2010-11,Stuttgart,St Pauli,2,0
2010-10-29,2010-11,Bayern Munich,Freiburg,4,2
2010-10-30,2010-11,FC Koln,Hamburg,3,2
2010-10-30,2010-11,Kaiserslautern,M'gladbach,3,0
2010-10-30,2010-11,Schalke 04,Leverkusen,0,1
2010-10-30,2010-11,St Pauli,Ein Frankfurt,1,3
2010-10-30,2010-11,Werder Bremen,Nurnberg,2,3
2010-10-30,2010-11,Wolfsburg,Stuttgart,2,0
2010-10-31,2010-11,Hoffenheim,Hannover,4,0
2010-10-31,2010-11,Mainz,Dortmund,0,2
2010-11-05,2010-11,Schalke 04,St Pauli,3,0
2010-11-06,2010-11,Ein Frankfurt,Wolfsburg,3,1
2010-11-06,2010-11,Freiburg,Mainz,1,0
2010-11-06,2010-11,Hamburg,Hoffenheim,2,1
2010-11-06,2010-11,M'gladbach,Bayern Munich,3,3
2010-11-06,2010-11,Nurnberg,FC Koln,3,1
2010-11-07,2010-11,Hannover,Dortmund,0,4
2010-11-07,2010-11,Leverkusen,Kaiserslautern,3,1
2010-11-07,2010-11,Stuttgart,Werder Bremen,6,0
2010-11-12,2010-11,Dortmund,Hamburg,2,0
2010-11-13,2010-11,FC Koln,M'gladbach,0,4
2010-11-13,2010-11,Kaiserslautern,Stuttgart,3,3
2010-11-13,2010-11,Mainz,Hannover,0,1
2010-11-13,2010-11,St Pauli,Leverkusen,0,1
2010-11-13,2010-11,Werder Bremen,Ein Frankfurt,0,0
2010-11-13,2010-11,Wolfsburg,Schalke 04,2,2
2010-11-14,2010-11,Bayern Munich,Nurnberg,3,0
2010-11-14,2010-11,Hoffenheim,Freiburg,0,1
2010-11-20,2010-11,Ein Frankfurt,Hoffenheim,0,4
2010-11-20,2010-11,Freiburg,Dortmund,1,2
2010-11-20,2010-11,Hannover,Hamburg,3,2
2010-11-20,2010-11,Leverkusen,Bayern Munich,1,1
2010-11-20,2010-11,M'gladbach,Mainz,2,3
2010-11-20,2010-11,Nurnberg,Kaiserslautern,1,3
2010-11-20,2010-11,Schalke 04,Werder Bremen,4,0
2010-11-21,2010-11,St Pauli,Wolfsburg,1,1
2010-11-21,2010-11,Stuttgart,FC Koln,0,1
2010-11-26,2010-11,Mainz,Nurnberg,3,0
2010-11-27,2010-11,Bayern Munich,Ein Frankfurt,4,1
2010-11-27,2010-11,Dortmund,M'gladbach,4,1
2010-11-27,2010-11,Hamburg,Stuttgart,4,2
2010-11-27,2010-11,Hannover,Freiburg,3,0
2010-11-27,2010-11,Hoffenheim,Leverkusen,2,2
2010-11-27,2010-11,Kaiserslautern,Schalke 04,5,0
2010-11-28,2010-11,FC Koln,Wolfsburg,1,1
2010-11-28,2010-11,Werder Bremen,St Pauli,3,0
2010-12-03,2010-11,St Pauli,Kaiserslautern,1,0
2010-12-04,2010-11,Ein Frankfurt,Mainz,2,1
2010-12-04,2010-11,Freiburg,Hamburg,1,0
2010-12-04,2010-11,M'gladbach,Hannover,1,2
2010-12-04,2010-11,Schalke 04,Bayern Munich,2,0
2010-12-04,2010-11,Stuttgart,Hoffenheim,1,1
2010-12-04,2010-11,Wolfsburg,Werder Bremen,0,0
2010-12-05,2010-11,Leverkusen,FC Koln,3,2
2010-12-05,2010-11,Nurnberg,Dortmund,0,2
2010-12-10,2010-11,Hannover,Stuttgart,2,1
2010-12-11,2010-11,Bayern Munich,St Pauli,3,0
2010-12-11,2010-11,Dortmund,Werder Bremen,2,0
2010-12-11,2010-11,FC Koln,Ein Frankfurt,1,0
2010-12-11,2010-11,Hamburg,Leverkusen,2,4
2010-12-11,2010-11,Hoffenheim,Nurnberg,1,1
2010-12-11,2010-11,Kaiserslautern,Wolfsburg,0,0
2010-12-12,2010-11,Freiburg,M'gladbach,3,0
2010-12-12,2010-11,Mainz,Schalke 04,0,1
2010-12-17,2010-11,M'gladbach,Hamburg,1,2
2010-12-18,2010-11,Ein Frankfurt,Dortmund,1,0
2010-12-18,2010-11,Nurnberg,Hannover,3,1
2010-12-18,2010-11,Schalke 04,FC Koln,3,0
2010-12-18,2010-11,St Pauli,Mainz,2,4
2010-12-18,2010-11,Werder Bremen,Kaiserslautern,1,2
2010-12-18,2010-11,Wolfsburg,Hoffenheim,2,2
2010-12-19,2010-11,Leverkusen,Freiburg,2,2
2010-12-19,2010-11,Stuttgart,Bayern Munich,3,5
2011-01-14,2010-11,Leverkusen,Dortmund,1,3
2011-01-15,2010-11,Nurnberg,M'gladbach,0,1
2011-01-15,2010-11,Schalke 04,Hamburg,0,1
2011-01-15,2010-11,St Pauli,Freiburg,2,2
2011-01-15,2010-11,Stuttgart,Mainz,1,0
2011-01-15,2010-11,Werder Bremen,Hoffenheim,2,1
2011-01-15,2010-11,Wolfsburg,Bayern Munich,1,1
2011-01-16,2010-11,Ein Frankfurt,Hannover,0,3
2011-01-16,2010-11,Kaiserslautern,FC Koln,1,1
2011-01-21,2010-11,Hamburg,Ein Frankfurt,1,0
2011-01-22,2010-11,Bayern Munich,Kaiserslautern,5,1
2011-01-22,2010-11,Dortmund,Stuttgart,1,1
2011-01-22,2010-11,FC Koln,Werder Bremen,3,0
2011-01-22,2010-11,Freiburg,Nurnberg,1,1
2011-01-22,2010-11,Hannover,Schalke 04,0,1
2011-01-22,2010-11,Mainz,Wolfsburg,0,1
2011-01-23,2010-11,Hoffenheim,St Pauli,2,2
2011-01-23,2010-11,M'gladbach,Leverkusen,1,3
2011-01-28,2010-11,Leverkusen,Hannover,2,0
2011-01-29,2010-11,Kaiserslautern,Mainz,0,1
2011-01-29,2010-11,Nurnberg,Hamburg,2,0
2011-01-29,2010-11,Schalke 04,Hoffenheim,0,1
2011-01-29,2010-11,St Pauli,FC Koln,3,0
2011-01-29,2010-11,Werder Bremen,Bayern Munich,1,3
2011-01-29,2010-11,Wolfsburg,Dortmund,0,3
2011-01-30,2010-11,Ein Frankfurt,M'gladbach,0,1
2011-01-30,2010-11,Stuttgart,Freiburg,0,1
2011-02-04,2010-11,Dortmund,Schalke 04,0,0
2011-02-05,2010-11,FC Koln,Bayern Munich,3,2
2011-02-05,2010-11,Hannover,Wolfsburg,1,0
2011-02-05,2010-11,Hoffenheim,Kaiserslautern,3,2
2011-02-05,2010-11,Mainz,Werder Bremen,1,1
2011-02-05,2010-11,M'gladbach,Stuttgart,2,3
2011-02-05,2010-11,Nurnberg,Leverkusen,1,0
2011-02-06,2010-11,Freiburg,Ein Frankfurt,0,0
2011-02-12,2010-11,Bayern Munich,Hoffenheim,4,0
2011-02-12,2010-11,Ein Frankfurt,Leverkusen,0,3
2011-02-12,2010-11,Kaiserslautern,Dortmund,1,1
2011-02-12,2010-11,Schalke 04,Freiburg,1,0
2011-02-12,2010-11,St Pauli,M'gladbach,3,1
2011-02-12,2010-11,Stuttgart,Nurnberg,1,4
2011-02-12,2010-11,Wolfsburg,Hamburg,0,1
2011-02-13,2010-11,FC Koln,Mainz,4,2
2011-02-13,2010-11,Werder Bremen,Hannover,1,1
2011-02-16,2010-11,Hamburg,St Pauli,0,1
2011-02-18,2010-11,Nurnberg,Ein Frankfurt,3,0
2011-02-19,2010-11,Dortmund,St Pauli,2,0
2011-02-19,2010-11,Freiburg,Wolfsburg,2,1
2011-02-19,2010-11,Hamburg,Werder Bremen,4,0
2011-02-19,2010-11,Hannover,Kaiserslautern,3,0
2011-02-19,2010-11,Hoffenheim,FC Koln,1,1
2011-02-19,2010-11,Mainz,Bayern Munich,1,3
2011-02-20,2010-11,Leverkusen,Stuttgart,4,2
2011-02-20,2010-11,M'gladbach,Schalke 04,2,1
2011-02-25,2010-11,Wolfsburg,M'gladbach,2,1
2011-02-26,2010-11,Bayern Munich,Dortmund,1,3
2011-02-26,2010-11,FC Koln,Freiburg,1,0
2011-02-26,2010-11,Hoffenheim,Mainz,1,2
2011-02-26,2010-11,Kaiserslautern,Hamburg,1,1
2011-02-26,2010-11,Schalke 04,Nurnberg,1,1
2011-02-26,2010-11,St Pauli,Hannover,0,1
2011-02-27,2010-11,Ein Frankfurt,Stuttgart,0,2
2011-02-27,2010-11,Werder Bremen,Leverkusen,2,2
2011-03-04,2010-11,Dortmund,FC Koln,1,0
2011-03-05,2010-11,Ein Frankfurt,Kaiserslautern,0,0
2011-03-05,2010-11,Hannover,Bayern Munich,3,1
2011-03-05,2010-11,Leverkusen,Wolfsburg,3,0
2011-03-05,2010-11,M'gladbach,Hoffenheim,2,0
2011-03-05,2010-11,Nurnberg,St Pauli,5,0
2011-03-05,2010-11,Stuttgart,Schalke 04,1,0
2011-03-06,2010-11,Freiburg,Werder Bremen,1,3
2011-03-06,2010-11,Hamburg,Mainz,2,4
2011-03-11,2010-11,FC Koln,Hannover,4,0
2011-03-12,2010-11,Bayern Munich,Hamburg,6,0
2011-03-12,2010-11,Hoffenheim,Dortmund,1,0
2011-03-12,2010-11,Kaiserslautern,Freiburg,2,1
2011-03-12,2010-11,Schalke 04,Ein Frankfurt,2,1
2011-03-12,2010-11,Werder Bremen,M'gladbach,1,1
2011-03-12,2010-11,Wolfsburg,Nurnberg,1,2
2011-03-13,2010-11,Mainz,Leverkusen,0,1
2011-03-13,2010-11,St Pauli,Stuttgart,1,2
2011-03-18,2010-11,M'gladbach,Kaiserslautern,0,1
2011-03-19,2010-11,Dortmund,Mainz,1,1
2011-03-19,2010-11,Ein Frankfurt,St Pauli,2,1
2011-03-19,2010-11,Freiburg,Bayern Munich,1,2
2011-03-19,2010-11,Hamburg,FC Koln,6,2
2011-03-19,2010-11,Hannover,Hoffenheim,2,0
2011-03-19,2010-11,Nurnberg,Werder Bremen,1,3
2011-03-20,2010-11,Leverkusen,Schalke 04,2,0
2011-03-20,2010-11,Stuttgart,Wolfsburg,1,1
2011-04-01,2010-11,St Pauli,Schalke 04,0,2
2011-04-02,2010-11,Bayern Munich,M'gladbach,1,0
2011-04-02,2010-11,Dortmund,Hannover,4,1
2011-04-02,2010-11,Hoffenheim,Hamburg,0,0
2011-04-02,2010-11,Kaiserslautern,Leverkusen,0,1
2011-04-02,2010-11,Mainz,Freiburg,1,1
2011-04-02,2010-11,Werder Bremen,Stuttgart,1,1
2011-04-03,2010-11,FC Koln,Nurnberg,1,0
2011-04-03,2010-11,Wolfsburg,Ein Frankfurt,1,1
2011-04-08,2010-11,Ein Frankfurt,Werder Bremen,1,1
2011-04-09,2010-11,Freiburg,Hoffenheim,3,2
2011-04-09,2010-11,Hamburg,Dortmund,1,1
2011-04-09,2010-11,Hannover,Mainz,2,0
2011-04-09,2010-11,Nurnberg,Bayern Munich,1,1
2011-04-09,2010-11,Schalke 04,Wolfsburg,1,0
2011-04-09,2010-11,Stuttgart,Kaiserslautern,2,4
2011-04-10,2010-11,Leverkusen,St Pauli,2,1
2011-04-10,2010-11,M'gladbach,FC Koln,5,1
2011-04-15,2010-11,Mainz,M'gladbach,1,0
2011-04-16,2010-11,FC Koln,Stuttgart,1,3
2011-04-16,2010-11,Hamburg,Hannover,0,0
2011-04-16,2010-11,Hoffenheim,Ein Frankfurt,1,0
2011-04-16,2010-11,Kaiserslautern,Nurnberg,0,2
2011-04-16,2010-11,Werder Bremen,Schalke 04,1,1
2011-04-16,2010-11,Wolfsburg,St Pauli,2,2
2011-04-17,2010-11,Bayern Munich,Leverkusen,5,1
2011-04-17,2010-11,Dortmund,Freiburg,3,0
2011-04-21,2010-11,Freiburg,Hannover,1,3
2011-04-23,2010-11,Ein Frankfurt,Bayern Munich,1,1
2011-04-23,2010-11,Leverkusen,Hoffenheim,2,1
2011-04-23,2010-11,M'gladbach,Dortmund,1,0
2011-04-23,2010-11,Schalke 04,Kaiserslautern,0,1
2011-04-23,2010-11,St Pauli,Werder Bremen,1,3
2011-04-23,2010-11,Stuttgart,Hamburg,3,0
2011-04-24,2010-11,Nurnberg,Mainz,0,0
2011-04-24,2010-11,Wolfsburg,FC Koln,4,1
2011-04-29,2010-11,Kaiserslautern,St Pauli,2,0
2011-04-29,2010-11,Werder Bremen,Wolfsburg,0,1
2011-04-30,2010-11,Bayern Munich,Schalke 04,4,1
2011-04-30,2010-11,Dortmund,Nurnberg,2,0
2011-04-30,2010-11,FC Koln,Leverkusen,2,0
2011-04-30,2010-11,Hamburg,Freiburg,0,2
2011-04-30,2010-11,Hannover,M'gladbach,0,1
2011-04-30,2010-11,Hoffenheim,Stuttgart,1,2
2011-04-30,2010-11,Mainz,Ein Frankfurt,3,0
2011-05-07,2010-11,Ein Frankfurt,FC Koln,0,2
2011-05-07,2010-11,Leverkusen,Hamburg,1,1
2011-05-07,2010-11,M'gladbach,Freiburg,2,0
2011-05-07,2010-11,Nurnberg,Hoffenheim,1,2
2011-05-07,2010-11,Schalke 04,Mainz,1,3
2011-05-07,2010-11,St Pauli,Bayern Munich,1,8
2011-05-07,2010-11,Stuttgart,Hannover,2,1
2011-05-07,2010-11,Werder Bremen,Dortmund,2,0
2011-05-07,2010-11,Wolfsburg,Kaiserslautern,1,2
2011-05-14,2010-11,Bayern Munich,Stuttgart,2,1
2011-05-14,2010-11,Dortmund,Ein Frankfurt,3,1
2011-05-14,2010-11,FC Koln,Schalke 04,2,1
2011-05-14,2010-11,Freiburg,Leverkusen,0,1
2011-05-14,2010-11,Hamburg,M'gladbach,1,1
2011-05-14,2010-11,Hannover,Nurnberg,3,1
2011-05-14,2010-11,Hoffenheim,Wolfsburg,1,3
2011-05-14,2010-11,Kaiserslautern,Werder Bremen,3,2
2011-05-14,2010-11,Mainz,St Pauli,2,1
2011-08-05,2011-12,Dortmund,Hamburg,3,1
2011-08-06,2011-12,Augsburg,Freiburg,2,2
2011-08-06,2011-12,FC Koln,Wolfsburg,0,3
2011-08-06,2011-12,Hannover,Hoffenheim,2,1
2011-08-06,2011-12,Hertha,Nurnberg,0,1
2011-08-06,2011-12,Stuttgart,Schalke 04,3,0
2011-08-06,2011-12,Werder Bremen,Kaiserslautern,2,0
2011-08-07,2011-12,Bayern Munich,M'gladbach,0,1
2011-08-07,2011-12,Mainz,Leverkusen,2,0
2011-08-13,2011-12,Freiburg,Mainz,1,2
2011-08-13,2011-12,Hamburg,Hertha,2,2
2011-08-13,2011-12,Hoffenheim,Dortmund,1,0
2011-08-13,2011-12,M'gladbach,Stuttgart,1,1
2011-08-13,2011-12,Nurnberg,Hannover,1,2
2011-08-13,2011-12,Schalke 04,FC Koln,5,1
2011-08-13,2011-12,Wolfsburg,Bayern Munich,0,1
2011-08-14,2011-12,Kaiserslautern,Augsburg,1,1
2011-08-14,2011-12,Leverkusen,Werder Bremen,1,0
2011-08-19,2011-12,M'gladbach,Wolfsburg,4,1
2011-08-20,2011-12,Augsburg,Hoffenheim,0,2
2011-08-20,2011-12,Bayern Munich,Hamburg,5,0
2011-08-20,2011-12,Dortmund,Nurnberg,2,0
2011-08-20,2011-12,FC Koln,Kaiserslautern,1,1
2011-08-20,2011-12,Stuttgart,Leverkusen,0,1
2011-08-20,2011-12,Werder Bremen,Freiburg,5,3
2011-08-21,2011-12,Hannover,Hertha,1,1
2011-08-21,2011-12,Mainz,Schalke 04,2,4
2011-08-26,2011-12,Hertha,Stuttgart,1,0
2011-08-27,2011-12,Freiburg,Wolfsburg,3,0
2011-08-27,2011-12,Hamburg,FC Koln,3,4
2011-08-27,2011-12,Hoffenheim,Werder Bremen,1,2
2011-08-27,2011-12,Kaiserslautern,Bayern Munich,0,3
2011-08-27,2011-12,Leverkusen,Dortmund,0,0
2011-08-27,2011-12,Nurnberg,Augsburg,1,0
2011-08-28,2011-12,Hannover,Mainz,1,1
2011-08-28,2011-12,Schalke 04,M'gladbach,1,0
2011-09-09,2011-12,Augsburg,Leverkusen,1,4
2011-09-10,2011-12,Bayern Munich,Freiburg,7,0
2011-09-10,2011-12,Dortmund,Hertha,1,2
2011-09-10,2011-12,Mainz,Hoffenheim,0,4
2011-09-10,2011-12,M'gladbach,Kaiserslautern,1,0
2011-09-10,2011-12,Stuttgart,Hannover,3,0
2011-09-10,2011-12,Werder Bremen,Hamburg,2,0
2011-09-11,2011-12,FC Koln,Nurnberg,1,2
2011-09-11,2011-12,Wolfsburg,Schalke 04,2,1
2011-09-16,2011-12,Freiburg,Stuttgart,1,2
2011-09-17,2011-12,Hamburg,M'gladbach,0,1
2011-09-17,2011-12,Hertha,Augsburg,2,2
2011-09-17,2011-12,Hoffenheim,Wolfsburg,3,1
2011-09-17,2011-12,Kaiserslautern,Mainz,3,1
2011-09-17,2011-12,Leverkusen,FC Koln,1,4
2011-09-17,2011-12,Nurnberg,Werder Bremen,1,1
2011-09-18,2011-12,Hannover,Dortmund,2,1
2011-09-18,2011-12,Schalke 04,Bayern Munich,0,2
2011-09-23,2011-12,Stuttgart,Hamburg,1,2
2011-09-24,2011-12,Augsburg,Hannover,0,0
2011-09-24,2011-12,Bayern Munich,Leverkusen,3,0
2011-09-24,2011-12,Mainz,Dortmund,1,2
2011-09-24,2011-12,M'gladbach,Nurnberg,1,0
2011-09-24,2011-12,Schalke 04,Freiburg,4,2
2011-09-24,2011-12,Wolfsburg,Kaiserslautern,1,0
2011-09-25,2011-12,FC Koln,Hoffenheim,2,0
2011-09-25,2011-12,Werder Bremen,Hertha,2,1
2011-09-30,2011-12,Kaiserslautern,Stuttgart,0,2
2011-10-01,2011-12,Dortmund,Augsburg,4,0
2011-10-01,2011-12,Freiburg,M'gladbach,1,0
2011-10-01,2011-12,Hertha,FC Koln,3,0
2011-10-01,2011-12,Hoffenheim,Bayern Munich,0,0
2011-10-01,2011-12,Leverkusen,Wolfsburg,3,1
2011-10-01,2011-12,Nurnberg,Mainz,3,3
2011-10-02,2011-12,Hamburg,Schalke 04,1,2
2011-10-02,2011-12,Hannover,Werder Bremen,3,2
2011-10-14,2011-12,Werder Bremen,Dortmund,0,2
2011-10-15,2011-12,Bayern Munich,Hertha,4,0
2011-10-15,2011-12,Mainz,Augsburg,0,1
2011-10-15,2011-12,M'gladbach,Leverkusen,2,2
2011-10-15,2011-12,Schalke 04,Kaiserslautern,1,2
2011-10-15,2011-12,Stuttgart,Hoffenheim,2,0
2011-10-15,2011-12,Wolfsburg,Nurnberg,2,1
2011-10-16,2011-12,FC Koln,Hannover,2,0
2011-10-16,2011-12,Freiburg,Hamburg,1,2
2011-10-21,2011-12,Augsburg,Werder Bremen,1,1
2011-10-22,2011-12,Dortmund,FC Koln,5,0
2011-10-22,2011-12,Hamburg,Wolfsburg,1,1
2011-10-22,2011-12,Hertha,Mainz,0,0
2011-10-22,2011-12,Hoffenheim,M'gladbach,1,0
2011-10-22,2011-12,Kaiserslautern,Freiburg,1,0
2011-10-22,2011-12,Nurnberg,Stuttgart,2,2
2011-10-23,2011-12,Hannover,Bayern Munich,2,1
2011-10-23,2011-12,Leverkusen,Schalke 04,0,1
2011-10-28,2011-12,Freiburg,Leverkusen,0,1
2011-10-29,2011-12,Bayern Munich,Nurnberg,4,0
2011-10-29,2011-12,Mainz,Werder Bremen,1,3
2011-10-29,2011-12,M'gladbach,Hannover,2,1
2011-10-29,2011-12,Schalke 04,Hoffenheim,3,1
2011-10-29,2011-12,Stuttgart,Dortmund,1,1
2011-10-29,2011-12,Wolfsburg,Hertha,2,3
2011-10-30,2011-12,FC Koln,Augsburg,3,0
2011-10-30,2011-12,Hamburg,Kaiserslautern,1,1
2011-11-04,2011-12,Mainz,Stuttgart,3,1
2011-11-05,2011-12,Dortmund,Wolfsburg,5,1
2011-11-05,2011-12,Hertha,M'gladbach,1,2
2011-11-05,2011-12,Hoffenheim,Kaiserslautern,1,1
2011-11-05,2011-12,Leverkusen,Hamburg,2,2
2011-11-05,2011-12,Nurnberg,Freiburg,1,2
2011-11-05,2011-12,Werder Bremen,FC Koln,3,2
2011-11-06,2011-12,Augsburg,Bayern Munich,1,2
2011-11-06,2011-12,Hannover,Schalke 04,2,2
2011-11-18,2011-12,Kaiserslautern,Leverkusen,0,2
2011-11-19,2011-12,Bayern Munich,Dortmund,0,1
2011-11-19,2011-12,Freiburg,Hertha,2,2
2011-11-19,2011-12,M'gladbach,Werder Bremen,5,0
2011-11-19,2011-12,Schalke 04,Nurnberg,4,0
2011-11-19,2011-12,Wolfsburg,Hannover,4,1
2011-11-20,2011-12,Hamburg,Hoffenheim,2,0
2011-11-20,2011-12,Stuttgart,Augsburg,2,1
2011-11-25,2011-12,FC Koln,M'gladbach,0,3
2011-11-26,2011-12,Augsburg,Wolfsburg,2,0
2011-11-26,2011-12,Dortmund,Schalke 04,2,0
2011-11-26,2011-12,Hannover,Hamburg,1,1
2011-11-26,2011-12,Hertha,Leverkusen,3,3
2011-11-26,2011-12,Hoffenheim,Freiburg,1,1
2011-11-26,2011-12,Nurnberg,Kaiserslautern,1,0
2011-11-27,2011-12,Mainz,Bayern Munich,3,2
2011-11-27,2011-12,Werder Bremen,Stuttgart,2,0
2011-12-02,2011-12,Leverkusen,Hoffenheim,2,0
2011-12-03,2011-12,Bayern Munich,Werder Bremen,4,1
2011-12-03,2011-12,Freiburg,Hannover,1,1
2011-12-03,2011-12,Kaiserslautern,Hertha,1,1
2011-12-03,2011-12,M'gladbach,Dortmund,1,1
2011-12-03,2011-12,Stuttgart,FC Koln,2,2
2011-12-03,2011-12,Wolfsburg,Mainz,2,2
2011-12-04,2011-12,Hamburg,Nurnberg,2,0
2011-12-04,2011-12,Schalke 04,Augsburg,3,1
2011-12-09,2011-12,Hertha,Schalke 04,1,2
2011-12-10,2011-12,Augsburg,M'gladbach,1,0
2011-12-10,2011-12,FC Koln,Freiburg,4,0
2011-12-10,2011-12,Hannover,Leverkusen,0,0
2011-12-10,2011-12,Mainz,Hamburg,0,0
2011-12-10,2011-12,Nurnberg,Hoffenheim,0,2
2011-12-10,2011-12,Werder Bremen,Wolfsburg,4,1
2011-12-11,2011-12,Dortmund,Kaiserslautern,1,1
2011-12-11,2011-12,Stuttgart,Bayern Munich,1,2
2011-12-13,2011-12,FC Koln,Mainz,1,1
2011-12-16,2011-12,Bayern Munich,FC Koln,3,0
2011-12-17,2011-12,Freiburg,Dortmund,1,4
2011-12-17,2011-12,Hamburg,Augsburg,1,1
2011-12-17,2011-12,Hoffenheim,Hertha,1,1
2011-12-17,2011-12,Leverkusen,Nurnberg,0,3
2011-12-17,2011-12,Schalke 04,Werder Bremen,5,0
2011-12-17,2011-12,Wolfsburg,Stuttgart,1,0
2011-12-18,2011-12,Kaiserslautern,Hannover,1,1
2011-12-18,2011-12,M'gladbach,Mainz,1,0
2012-01-20,2011-12,M'gladbach,Bayern Munich,3,1
2012-01-21,2011-12,Freiburg,Augsburg,1,0
2012-01-21,2011-12,Hoffenheim,Hannover,0,0
2012-01-21,2011-12,Kaiserslautern,Werder Bremen,0,0
2012-01-21,2011-12,Nurnberg,Hertha,2,0
2012-01-21,2011-12,Schalke 04,Stuttgart,3,1
2012-01-21,2011-12,Wolfsburg,FC Koln,1,0
2012-01-22,2011-12,Hamburg,Dortmund,1,5
2012-01-22,2011-12,Leverkusen,Mainz,3,2
2012-01-27,2011-12,Hannover,Nurnberg,1,0
2012-01-28,2011-12,Augsburg,Kaiserslautern,2,2
2012-01-28,2011-12,Bayern Munich,Wolfsburg,2,0
2012-01-28,2011-12,Dortmund,Hoffenheim,3,1
2012-01-28,2011-12,FC Koln,Schalke 04,1,4
2012-01-28,2011-12,Hertha,Hamburg,1,2
2012-01-28,2011-12,Werder Bremen,Leverkusen,1,1
2012-01-29,2011-12,Mainz,Freiburg,3,1
2012-01-29,2011-12,Stuttgart,M'gladbach,0,3
2012-02-03,2011-12,Nurnberg,Dortmund,0,2
2012-02-04,2011-12,Hamburg,Bayern Munich,1,1
2012-02-04,2011-12,Hertha,Hannover,0,1
2012-02-04,2011-12,Hoffenheim,Augsburg,2,2
2012-02-04,2011-12,Leverkusen,Stuttgart,2,2
2012-02-04,2011-12,Schalke 04,Mainz,1,1
2012-02-04,2011-12,Wolfsburg,M'gladbach,0,0
2012-02-05,2011-12,Freiburg,Werder Bremen,2,2
2012-02-05,2011-12,Kaiserslautern,FC Koln,0,1
2012-02-10,2011-12,Wolfsburg,Freiburg,3,2
2012-02-11,2011-12,Bayern Munich,Kaiserslautern,2,0
2012-02-11,2011-12,Dortmund,Leverkusen,1,0
2012-02-11,2011-12,Mainz,Hannover,1,1
2012-02-11,2011-12,M'gladbach,Schalke 04,3,0
2012-02-11,2011-12,Stuttgart,Hertha,5,0
2012-02-11,2011-12,Werder Bremen,Hoffenheim,1,1
2012-02-12,2011-12,Augsburg,Nurnberg,0,0
2012-02-12,2011-12,FC Koln,Hamburg,0,1
2012-02-17,2011-12,Hoffenheim,Mainz,1,1
2012-02-18,2011-12,Freiburg,Bayern Munich,0,0
2012-02-18,2011-12,Hamburg,Werder Bremen,1,3
2012-02-18,2011-12,Hertha,Dortmund,0,1
2012-02-18,2011-12,Kaiserslautern,M'gladbach,1,2
2012-02-18,2011-12,Leverkusen,Augsburg,4,1
2012-02-18,2011-12,Nurnberg,FC Koln,2,1
2012-02-19,2011-12,Hannover,Stuttgart,4,2
2012-02-19,2011-12,Schalke 04,Wolfsburg,4,0
2012-02-24,2011-12,M'gladbach,Hamburg,1,1
2012-02-25,2011-12,Augsburg,Hertha,3,0
2012-02-25,2011-12,FC Koln,Leverkusen,0,2
2012-02-25,2011-12,Mainz,Kaiserslautern,4,0
2012-02-25,2011-12,Stuttgart,Freiburg,4,1
2012-02-25,2011-12,Werder Bremen,Nurnberg,0,1
2012-02-25,2011-12,Wolfsburg,Hoffenheim,1,2
2012-02-26,2011-12,Bayern Munich,Schalke 04,2,0
2012-02-26,2011-12,Dortmund,Hannover,3,1
2012-03-03,2011-12,Dortmund,Mainz,2,1
2012-03-03,2011-12,Freiburg,Schalke 04,2,1
2012-03-03,2011-12,Hamburg,Stuttgart,0,4
2012-03-03,2011-12,Hannover,Augsburg,2,2
2012-03-03,2011-12,Hertha,Werder Bremen,1,0
2012-03-03,2011-12,Kaiserslautern,Wolfsburg,0,0
2012-03-03,2011-12,Leverkusen,Bayern Munich,2,0
2012-03-04,2011-12,Hoffenheim,FC Koln,1,1
2012-03-04,2011-12,Nurnberg,M'gladbach,1,0
2012-03-09,2011-12,Stuttgart,Kaiserslautern,0,0
2012-03-10,2011-12,Augsburg,Dortmund,0,0
2012-03-10,2011-12,Bayern Munich,Hoffenheim,7,1
2012-03-10,2011-12,FC Koln,Hertha,1,0
2012-03-10,2011-12,Mainz,Nurnberg,2,1
2012-03-10,2011-12,M'gladbach,Freiburg,0,0
2012-03-10,2011-12,Wolfsburg,Leverkusen,3,2
2012-03-11,2011-12,Schalke 04,Hamburg,3,1
2012-03-11,2011-12,Werder Bremen,Hannover,3,0
2012-03-16,2011-12,Hoffenheim,Stuttgart,1,2
2012-03-17,2011-12,Augsburg,Mainz,2,1
2012-03-17,2011-12,Dortmund,Werder Bremen,1,0
2012-03-17,2011-12,Hamburg,Freiburg,1,3
2012-03-17,2011-12,Hertha,Bayern Munich,0,6
2012-03-17,2011-12,Leverkusen,M'gladbach,1,2
2012-03-17,2011-12,Nurnberg,Wolfsburg,1,3
2012-03-18,2011-12,Hannover,FC Koln,4,1
2012-03-18,2011-12,Kaiserslautern,Schalke 04,1,4
2012-03-23,2011-12,Wolfsburg,Hamburg,2,1
2012-03-24,2011-12,Bayern Munich,Hannover,2,1
2012-03-24,2011-12,Freiburg,Kaiserslautern,2,0
2012-03-24,2011-12,Mainz,Hertha,1,3
2012-03-24,2011-12,M'gladbach,Hoffenheim,1,2
2012-03-24,2011-12,Schalke 04,Leverkusen,2,0
2012-03-24,2011-12,Werder Bremen,Augsburg,1,1
2012-03-25,2011-12,FC Koln,Dortmund,1,6
2012-03-25,2011-12,Stuttgart,Nurnberg,1,0
2012-03-30,2011-12,Dortmund,Stuttgart,4,4
2012-03-31,2011-12,Augsburg,FC Koln,2,1
2012-03-31,2011-12,Hertha,Wolfsburg,1,4
2012-03-31,2011-12,Kaiserslautern,Hamburg,0,1
2012-03-31,2011-12,Leverkusen,Freiburg,0,2
2012-03-31,2011-12,Nurnberg,Bayern Munich,0,1
2012-03-31,2011-12,Werder Bremen,Mainz,0,3
2012-04-01,2011-12,Hannover,M'gladbach,2,1
2012-04-01,2011-12,Hoffenheim,Schalke 04,1,1
2012-04-07,2011-12,Bayern Munich,Augsburg,2,1
2012-04-07,2011-12,FC Koln,Werder Bremen,1,1
2012-04-07,2011-12,Freiburg,Nurnberg,2,2
2012-04-07,2011-12,Kaiserslautern,Hoffenheim,1,2
2012-04-07,2011-12,M'gladbach,Hertha,0,0
2012-04-07,2011-12,Stuttgart,Mainz,4,1
2012-04-07,2011-12,Wolfsburg,Dortmund,1,3
2012-04-08,2011-12,Hamburg,Leverkusen,1,1
2012-04-08,2011-12,Schalke 04,Hannover,3,0
2012-04-10,2011-12,Augsburg,Stuttgart,1,3
2012-04-10,2011-12,Hertha,Freiburg,1,2
2012-04-10,2011-12,Mainz,FC Koln,4,0
2012-04-10,2011-12,Werder Bremen,M'gladbach,2,2
2012-04-11,2011-12,Dortmund,Bayern Munich,1,0
2012-04-11,2011-12,Hannover,Wolfsburg,2,0
2012-04-11,2011-12,Hoffenheim,Hamburg,4,0
2012-04-11,2011-12,Leverkusen,Kaiserslautern,3,1
2012-04-11,2011-12,Nurnberg,Schalke 04,4,1
2012-04-13,2011-12,Stuttgart,Werder Bremen,4,1
2012-04-14,2011-12,Bayern Munich,Mainz,0,0
2012-04-14,2011-12,Hamburg,Hannover,1,0
2012-04-14,2011-12,Kaiserslautern,Nurnberg,0,2
2012-04-14,2011-12,Leverkusen,Hertha,3,3
2012-04-14,2011-12,Schalke 04,Dortmund,1,2
2012-04-14,2011-12,Wolfsburg,Augsburg,1,2
2012-04-15,2011-12,Freiburg,Hoffenheim,0,0
2012-04-15,2011-12,M'gladbach,FC Koln,3,0
2012-04-20,2011-12,Mainz,Wolfsburg,0,0
2012-04-21,2011-12,Dortmund,M'gladbach,2,0
2012-04-21,2011-12,FC Koln,Stuttgart,1,1
2012-04-21,2011-12,Hertha,Kaiserslautern,1,2
2012-04-21,2011-12,Hoffenheim,Leverkusen,0,1
2012-04-21,2011-12,Nurnberg,Hamburg,1,1
2012-04-21,2011-12,Werder Bremen,Bayern Munich,1,2
2012-04-22,2011-12,Augsburg,Schalke 04,1,1
2012-04-22,2011-12,Hannover,Freiburg,0,0
2012-04-28,2011-12,Bayern Munich,Stuttgart,2,0
2012-04-28,2011-12,Freiburg,FC Koln,4,1
2012-04-28,2011-12,Hamburg,Mainz,0,0
2012-04-28,2011-12,Hoffenheim,Nurnberg,2,3
2012-04-28,2011-12,Kaiserslautern,Dortmund,2,5
2012-04-28,2011-12,Leverkusen,Hannover,1,0
2012-04-28,2011-12,M'gladbach,Augsburg,0,0
2012-04-28,2011-12,Schalke 04,Hertha,4,0
2012-04-28,2011-12,Wolfsburg,Werder Bremen,3,1
2012-05-05,2011-12,Augsburg,Hamburg,1,0
2012-05-05,2011-12,Dortmund,Freiburg,4,0
2012-05-05,2011-12,FC Koln,Bayern Munich,1,4
2012-05-05,2011-12,Hannover,Kaiserslautern,2,1
2012-05-05,2011-12,Hertha,Hoffenheim,3,1
2012-05-05,2011-12,Mainz,M'gladbach,0,3
2012-05-05,2011-12,Nurnberg,Leverkusen,1,4
2012-05-05,2011-12,Stuttgart,Wolfsburg,3,2
2012-05-05,2011-12,Werder Bremen,Schalke 04,2,3
2012-08-24,2012-13,Dortmund,Werder Bremen,2,1
2012-08-25,2012-13,Augsburg,Fortuna Dusseldorf,0,2
2012-08-25,2012-13,Ein Frankfurt,Leverkusen,2,1
2012-08-25,2012-13,Freiburg,Mainz,1,1
2012-08-25,2012-13,Greuther Furth,Bayern Munich,0,3
2012-08-25,2012-13,Hamburg,Nurnberg,0,1
2012-08-25,2012-13,M'gladbach,Hoffenheim,2,1
2012-08-25,2012-13,Stuttgart,Wolfsburg,0,1
2012-08-26,2012-13,Hannover,Schalke 04,2,2
2012-08-31,2012-13,Mainz,Greuther Furth,0,1
2012-09-01,2012-13,Fortuna Dusseldorf,M'gladbach,0,0
2012-09-01,2012-13,Hoffenheim,Ein Frankfurt,0,4
2012-09-01,2012-13,Leverkusen,Freiburg,2,0
2012-09-01,2012-13,Nurnberg,Dortmund,1,1
2012-09-01,2012-13,Schalke 04,Augsburg,3,1
2012-09-01,2012-13,Werder Bremen,Hamburg,2,0
2012-09-02,2012-13,Bayern Munich,Stuttgart,6,1
2012-09-02,2012-13,Wolfsburg,Hannover,0,4
2012-09-14,2012-13,Augsburg,Wolfsburg,0,0
2012-09-15,2012-13,Bayern Munich,Mainz,3,1
2012-09-15,2012-13,Dortmund,Leverkusen,3,0
2012-09-15,2012-13,Greuther Furth,Schalke 04,0,2
2012-09-15,2012-13,Hannover,Werder Bremen,3,2
2012-09-15,2012-13,M'gladbach,Nurnberg,2,3
2012-09-15,2012-13,Stuttgart,Fortuna Dusseldorf,0,0
2012-09-16,2012-13,Ein Frankfurt,Hamburg,3,2
2012-09-16,2012-13,Freiburg,Hoffenheim,5,3
2012-09-21,2012-13,Nurnberg,Ein Frankfurt,1,2
2012-09-22,2012-13,Fortuna Dusseldorf,Freiburg,0,0
2012-09-22,2012-13,Hamburg,Dortmund,3,2
2012-09-22,2012-13,Mainz,Augsburg,2,0
2012-09-22,2012-13,Schalke 04,Bayern Munich,0,2
2012-09-22,2012-13,Wolfsburg,Greuther Furth,1,1
2012-09-23,2012-13,Hoffenheim,Hannover,3,1
2012-09-23,2012-13,Leverkusen,M'gladbach,1,1
2012-09-23,2012-13,Werder Bremen,Stuttgart,2,2
2012-09-25,2012-13,Bayern Munich,Wolfsburg,3,0
2012-09-25,2012-13,Ein Frankfurt,Dortmund,3,3
2012-09-25,2012-13,Greuther Furth,Fortuna Dusseldorf,0,2
2012-09-25,2012-13,Schalke 04,Mainz,3,0
2012-09-26,2012-13,Augsburg,Leverkusen,1,3
2012-09-26,2012-13,Freiburg,Werder Bremen,1,2
2012-09-26,2012-13,Hannover,Nurnberg,4,1
2012-09-26,2012-13,M'gladbach,Hamburg,2,2
2012-09-26,2012-13,Stuttgart,Hoffenheim,0,3
2012-09-28,2012-13,Fortuna Dusseldorf,Schalke 04,2,2
2012-09-29,2012-13,Dortmund,M'gladbach,5,0
2012-09-29,2012-13,Hamburg,Hannover,1,0
2012-09-29,2012-13,Hoffenheim,Augsburg,0,0
2012-09-29,2012-13,Leverkusen,Greuther Furth,2,0
2012-09-29,2012-13,Nurnberg,Stuttgart,0,2
2012-09-29,2012-13,Werder Bremen,Bayern Munich,0,2
2012-09-30,2012-13,Ein Frankfurt,Freiburg,2,1
2012-09-30,2012-13,Wolfsburg,Mainz,0,2
2012-10-05,2012-13,Augsburg,Werder Bremen,3,1
2012-10-06,2012-13,Bayern Munich,Hoffenheim,2,0
2012-10-06,2012-13,Freiburg,Nurnberg,3,0
2012-10-06,2012-13,Greuther Furth,Hamburg,0,1
2012-10-06,2012-13,Mainz,Fortuna Dusseldorf,1,0
2012-10-06,2012-13,Schalke 04,Wolfsburg,3,0
2012-10-07,2012-13,Hannover,Dortmund,1,1
2012-10-07,2012-13,M'gladbach,Ein Frankfurt,2,0
2012-10-07,2012-13,Stuttgart,Leverkusen,2,2
2012-10-19,2012-13,Hoffenheim,Greuther Furth,3,3
2012-10-20,2012-13,Dortmund,Schalke 04,1,2
2012-10-20,2012-13,Ein Frankfurt,Hannover,3,1
2012-10-20,2012-13,Fortuna Dusseldorf,Bayern Munich,0,5
2012-10-20,2012-13,Leverkusen,Mainz,2,2
2012-10-20,2012-13,Werder Bremen,M'gladbach,4,0
2012-10-20,2012-13,Wolfsburg,Freiburg,0,2
2012-10-21,2012-13,Hamburg,Stuttgart,0,1
2012-10-21,2012-13,Nurnberg,Augsburg,0,0
2012-10-26,2012-13,Augsburg,Hamburg,0,2
2012-10-27,2012-13,Fortuna Dusseldorf,Wolfsburg,1,4
2012-10-27,2012-13,Freiburg,Dortmund,0,2
2012-10-27,2012-13,Greuther Furth,Werder Bremen,1,1
2012-10-27,2012-13,Mainz,Hoffenheim,3,0
2012-10-27,2012-13,Schalke 04,Nurnberg,1,0
2012-10-28,2012-13,Bayern Munich,Leverkusen,1,2
2012-10-28,2012-13,Hannover,M'gladbach,2,3
2012-10-28,2012-13,Stuttgart,Ein Frankfurt,2,1
2012-11-02,2012-13,Ein Frankfurt,Greuther Furth,1,1
2012-11-03,2012-13,Dortmund,Stuttgart,0,0
2012-11-03,2012-13,Hamburg,Bayern Munich,0,3
2012-11-03,2012-13,Hannover,Augsburg,2,0
2012-11-03,2012-13,Hoffenheim,Schalke 04,3,2
2012-11-03,2012-13,M'gladbach,Freiburg,1,1
2012-11-03,2012-13,Nurnberg,Wolfsburg,1,0
2012-11-04,2012-13,Leverkusen,Fortuna Dusseldorf,3,2
2012-11-04,2012-13,Werder Bremen,Mainz,2,1
2012-11-09,2012-13,Mainz,Nurnberg,2,1
2012-11-10,2012-13,Augsburg,Dortmund,1,3
2012-11-10,2012-13,Bayern Munich,Ein Frankfurt,2,0
2012-11-10,2012-13,Fortuna Dusseldorf,Hoffenheim,1,1
2012-11-10,2012-13,Freiburg,Hamburg,0,0
2012-11-10,2012-13,Schalke 04,Werder Bremen,2,1
2012-11-11,2012-13,Greuther Furth,M'gladbach,2,4
2012-11-11,2012-13,Stuttgart,Hannover,2,4
2012-11-11,2012-13,Wolfsburg,Leverkusen,3,1
2012-11-17,2012-13,Dortmund,Greuther Furth,3,1
2012-11-17,2012-13,Ein Frankfurt,Augsburg,4,2
2012-11-17,2012-13,Hamburg,Mainz,1,0
2012-11-17,2012-13,Hannover,Freiburg,1,2
2012-11-17,2012-13,Leverkusen,Schalke 04,2,0
2012-11-17,2012-13,M'gladbach,Stuttgart,1,2
2012-11-17,2012-13,Nurnberg,Bayern Munich,1,1
2012-11-18,2012-13,Hoffenheim,Wolfsburg,1,3
2012-11-18,2012-13,Werder Bremen,Fortuna Dusseldorf,2,1
2012-11-23,2012-13,Fortuna Dusseldorf,Hamburg,2,0
2012-11-24,2012-13,Bayern Munich,Hannover,5,0
2012-11-24,2012-13,Greuther Furth,Nurnberg,0,0
2012-11-24,2012-13,Mainz,Dortmund,1,2
2012-11-24,2012-13,Schalke 04,Ein Frankfurt,1,1
2012-11-24,2012-13,Wolfsburg,Werder Bremen,1,1
2012-11-25,2012-13,Augsburg,M'gladbach,1,1
2012-11-25,2012-13,Freiburg,Stuttgart,3,0
2012-11-25,2012-13,Hoffenheim,Leverkusen,1,2
2012-11-27,2012-13,Dortmund,Fortuna Dusseldorf,1,1
2012-11-27,2012-13,Ein Frankfurt,Mainz,1,3
2012-11-27,2012-13,Hamburg,Schalke 04,3,1
2012-11-27,2012-13,Hannover,Greuther Furth,2,0
2012-11-28,2012-13,Freiburg,Bayern Munich,0,2
2012-11-28,2012-13,M'gladbach,Wolfsburg,2,0
2012-11-28,2012-13,Nurnberg,Hoffenheim,4,2
2012-11-28,2012-13,Stuttgart,Augsburg,2,1
2012-11-28,2012-13,Werder Bremen,Leverkusen,1,4
2012-11-30,2012-13,Fortuna Dusseldorf,Ein Frankfurt,4,0
2012-12-01,2012-13,Augsburg,Freiburg,1,1
2012-12-01,2012-13,Bayern Munich,Dortmund,1,1
2012-12-01,2012-13,Greuther Furth,Stuttgart,0,1
2012-12-01,2012-13,Leverkusen,Nurnberg,1,0
2012-12-01,2012-13,Mainz,Hannover,2,1
2012-12-01,2012-13,Schalke 04,M'gladbach,1,1
2012-12-02,2012-13,Hoffenheim,Werder Bremen,1,4
2012-12-02,2012-13,Wolfsburg,Hamburg,1,1
2012-12-07,2012-13,Hamburg,Hoffenheim,2,0
2012-12-08,2012-13,Augsburg,Bayern Munich,0,2
2012-12-08,2012-13,Dortmund,Wolfsburg,2,3
2012-12-08,2012-13,Ein Frankfurt,Werder Bremen,4,1
2012-12-08,2012-13,Freiburg,Greuther Furth,1,0
2012-12-08,2012-13,Nurnberg,Fortuna Dusseldorf,2,0
2012-12-08,2012-13,Stuttgart,Schalke 04,3,1
2012-12-09,2012-13,Hannover,Leverkusen,3,2
2012-12-09,2012-13,M'gladbach,Mainz,2,0
2012-12-14,2012-13,Bayern Munich,M'gladbach,1,1
2012-12-15,2012-13,Fortuna Dusseldorf,Hannover,2,1
2012-12-15,2012-13,Greuther Furth,Augsburg,1,1
2012-12-15,2012-13,Leverkusen,Hamburg,3,0
2012-12-15,2012-13,Mainz,Stuttgart,3,1
2012-12-15,2012-13,Schalke 04,Freiburg,1,3
2012-12-15,2012-13,Wolfsburg,Ein Frankfurt,0,2
2012-12-16,2012-13,Hoffenheim,Dortmund,1,3
2012-12-16,2012-13,Werder Bremen,Nurnberg,1,1
2013-01-18,2012-13,Schalke 04,Hannover,5,4
2013-01-19,2012-13,Bayern Munich,Greuther Furth,2,0
2013-01-19,2012-13,Hoffenheim,M'gladbach,0,0
2013-01-19,2012-13,Leverkusen,Ein Frankfurt,3,1
2013-01-19,2012-13,Mainz,Freiburg,0,0
2013-01-19,2012-13,Werder Bremen,Dortmund,0,5
2013-01-19,2012-13,Wolfsburg,Stuttgart,2,0
2013-01-20,2012-13,Fortuna Dusseldorf,Augsburg,2,3
2013-01-20,2012-13,Nurnberg,Hamburg,1,1
2013-01-25,2012-13,Dortmund,Nurnberg,3,0
2013-01-26,2012-13,Augsburg,Schalke 04,0,0
2013-01-26,2012-13,Ein Frankfurt,Hoffenheim,2,1
2013-01-26,2012-13,Freiburg,Leverkusen,0,0
2013-01-26,2012-13,Greuther Furth,Mainz,0,3
2013-01-26,2012-13,Hannover,Wolfsburg,2,1
2013-01-26,2012-13,M'gladbach,Fortuna Dusseldorf,2,1
2013-01-27,2012-13,Hamburg,Werder Bremen,3,2
2013-01-27,2012-13,Stuttgart,Bayern Munich,0,2
2013-02-01,2012-13,Werder Bremen,Hannover,2,0
2013-02-02,2012-13,Fortuna Dusseldorf,Stuttgart,3,1
2013-02-02,2012-13,Hamburg,Ein Frankfurt,0,2
2013-02-02,2012-13,Hoffenheim,Freiburg,2,1
2013-02-02,2012-13,Mainz,Bayern Munich,0,3
2013-02-02,2012-13,Schalke 04,Greuther Furth,1,2
2013-02-02,2012-13,Wolfsburg,Augsburg,1,1
2013-02-03,2012-13,Leverkusen,Dortmund,2,3
2013-02-03,2012-13,Nurnberg,M'gladbach,2,1
2013-02-09,2012-13,Bayern Munich,Schalke 04,4,0
2013-02-09,2012-13,Dortmund,Hamburg,1,4
2013-02-09,2012-13,Ein Frankfurt,Nurnberg,0,0
2013-02-09,2012-13,Greuther Furth,Wolfsburg,0,1
2013-02-09,2012-13,Hannover,Hoffenheim,1,0
2013-02-09,2012-13,M'gladbach,Leverkusen,3,3
2013-02-09,2012-13,Stuttgart,Werder Bremen,1,4
2013-02-10,2012-13,Augsburg,Mainz,1,1
2013-02-10,2012-13,Freiburg,Fortuna Dusseldorf,1,0
2013-02-15,2012-13,Wolfsburg,Bayern Munich,0,2
2013-02-16,2012-13,Dortmund,Ein Frankfurt,3,0
2013-02-16,2012-13,Fortuna Dusseldorf,Greuther Furth,1,0
2013-02-16,2012-13,Hamburg,M'gladbach,1,0
2013-02-16,2012-13,Leverkusen,Augsburg,2,1
2013-02-16,2012-13,Mainz,Schalke 04,2,2
2013-02-16,2012-13,Werder Bremen,Freiburg,2,3
2013-02-17,2012-13,Hoffenheim,Stuttgart,0,1
2013-02-17,2012-13,Nurnberg,Hannover,2,2
2013-02-22,2012-13,Freiburg,Ein Frankfurt,0,0
2013-02-23,2012-13,Augsburg,Hoffenheim,2,1
2013-02-23,2012-13,Bayern Munich,Werder Bremen,6,1
2013-02-23,2012-13,Hannover,Hamburg,5,1
2013-02-23,2012-13,Mainz,Wolfsburg,1,1
2013-02-23,2012-13,Schalke 04,Fortuna Dusseldorf,2,1
2013-02-23,2012-13,Stuttgart,Nurnberg,1,1
2013-02-24,2012-13,Greuther Furth,Leverkusen,0,0
2013-02-24,2012-13,M'gladbach,Dortmund,1,1
2013-03-01,2012-13,Ein Frankfurt,M'gladbach,0,1
2013-03-02,2012-13,Dortmund,Hannover,3,1
2013-03-02,2012-13,Hamburg,Greuther Furth,1,1
2013-03-02,2012-13,Leverkusen,Stuttgart,2,1
2013-03-02,2012-13,Nurnberg,Freiburg,1,1
2013-03-02,2012-13,Werder Bremen,Augsburg,0,1
2013-03-02,2012-13,Wolfsburg,Schalke 04,1,4
2013-03-03,2012-13,Fortuna Dusseldorf,Mainz,1,1
2013-03-03,2012-13,Hoffenheim,Bayern Munich,0,1
2013-03-08,2012-13,Augsburg,Nurnberg,1,2
2013-03-09,2012-13,Bayern Munich,Fortuna Dusseldorf,3,2
2013-03-09,2012-13,Freiburg,Wolfsburg,2,5
2013-03-09,2012-13,Greuther Furth,Hoffenheim,0,3
2013-03-09,2012-13,Mainz,Leverkusen,1,0
2013-03-09,2012-13,M'gladbach,Werder Bremen,1,1
2013-03-09,2012-13,Schalke 04,Dortmund,2,1
2013-03-10,2012-13,Hannover,Ein Frankfurt,0,0
2013-03-10,2012-13,Stuttgart,Hamburg,0,1
2013-03-15,2012-13,Wolfsburg,Fortuna Dusseldorf,1,1
2013-03-16,2012-13,Dortmund,Freiburg,5,1
2013-03-16,2012-13,Hamburg,Augsburg,0,1
2013-03-16,2012-13,Hoffenheim,Mainz,0,0
2013-03-16,2012-13,Leverkusen,Bayern Munich,1,2
2013-03-16,2012-13,Nurnberg,Schalke 04,3,0
2013-03-16,2012-13,Werder Bremen,Greuther Furth,2,2
2013-03-17,2012-13,Ein Frankfurt,Stuttgart,1,2
2013-03-17,2012-13,M'gladbach,Hannover,1,0
2013-03-30,2012-13,Augsburg,Hannover,0,2
2013-03-30,2012-13,Bayern Munich,Hamburg,9,2
2013-03-30,2012-13,Fortuna Dusseldorf,Leverkusen,1,4
2013-03-30,2012-13,Freiburg,M'gladbach,2,0
2013-03-30,2012-13,Mainz,Werder Bremen,1,1
2013-03-30,2012-13,Schalke 04,Hoffenheim,3,0
2013-03-30,2012-13,Stuttgart,Dortmund,1,2
2013-03-31,2012-13,Greuther Furth,Ein Frankfurt,2,3
2013-03-31,2012-13,Wolfsburg,Nurnberg,2,2
2013-04-05,2012-13,Hoffenheim,Fortuna Dusseldorf,3,0
2013-04-06,2012-13,Dortmund,Augsburg,4,2
2013-04-06,2012-13,Ein Frankfurt,Bayern Munich,0,1
2013-04-06,2012-13,Hamburg,Freiburg,0,1
2013-04-06,2012-13,Leverkusen,Wolfsburg,1,1
2013-04-06,2012-13,M'gladbach,Greuther Furth,1,0
2013-04-06,2012-13,Werder Bremen,Schalke 04,0,2
2013-04-07,2012-13,Hannover,Stuttgart,0,0
2013-04-07,2012-13,Nurnberg,Mainz,2,1
2013-04-12,2012-13,Freiburg,Hannover,3,1
2013-04-13,2012-13,Bayern Munich,Nurnberg,4,0
2013-04-13,2012-13,Fortuna Dusseldorf,Werder Bremen,2,2
2013-04-13,2012-13,Greuther Furth,Dortmund,1,6
2013-04-13,2012-13,Mainz,Hamburg,1,2
2013-04-13,2012-13,Schalke 04,Leverkusen,2,2
2013-04-13,2012-13,Wolfsburg,Hoffenheim,2,2
2013-04-14,2012-13,Augsburg,Ein Frankfurt,2,0
2013-04-14,2012-13,Stuttgart,M'gladbach,2,0
2013-04-19,2012-13,M'gladbach,Augsburg,1,0
2013-04-20,2012-13,Dortmund,Mainz,2,0
2013-04-20,2012-13,Ein Frankfurt,Schalke 04,1,0
2013-04-20,2012-13,Hamburg,Fortuna Dusseldorf,2,1
2013-04-20,2012-13,Hannover,Bayern Munich,1,6
2013-04-20,2012-13,Leverkusen,Hoffenheim,5,0
2013-04-20,2012-13,Werder Bremen,Wolfsburg,0,3
2013-04-21,2012-13,Nurnberg,Greuther Furth,0,1
2013-04-21,2012-13,Stuttgart,Freiburg,2,1
2013-04-26,2012-13,Greuther Furth,Hannover,2,3
2013-04-27,2012-13,Augsburg,Stuttgart,3,0
2013-04-27,2012-13,Bayern Munich,Freiburg,1,0
2013-04-27,2012-13,Fortuna Dusseldorf,Dortmund,1,2
2013-04-27,2012-13,Hoffenheim,Nurnberg,2,1
2013-04-27,2012-13,Leverkusen,Werder Bremen,1,0
2013-04-27,2012-13,Wolfsburg,M'gladbach,3,1
2013-04-28,2012-13,Mainz,Ein Frankfurt,0,0
2013-04-28,2012-13,Schalke 04,Hamburg,4,1
2013-05-03,2012-13,M'gladbach,Schalke 04,0,1
2013-05-04,2012-13,Dortmund,Bayern Munich,1,1
2013-05-04,2012-13,Ein Frankfurt,Fortuna Dusseldorf,3,1
2013-05-04,2012-13,Hannover,Mainz,2,2
2013-05-04,2012-13,Nurnberg,Leverkusen,0,2
2013-05-04,2012-13,Stuttgart,Greuther Furth,0,2
2013-05-04,2012-13,Werder Bremen,Hoffenheim,2,2
2013-05-05,2012-13,Freiburg,Augsburg,2,0
2013-05-05,2012-13,Hamburg,Wolfsburg,1,1
2013-05-11,2012-13,Bayern Munich,Augsburg,3,0
2013-05-11,2012-13,Fortuna Dusseldorf,Nurnberg,1,2
2013-05-11,2012-13,Greuther Furth,Freiburg,1,2
2013-05-11,2012-13,Hoffenheim,Hamburg,1,4
2013-05-11,2012-13,Leverkusen,Hannover,3,1
2013-05-11,2012-13,Mainz,M'gladbach,2,4
2013-05-11,2012-13,Schalke 04,Stuttgart,1,2
2013-05-11,2012-13,Werder Bremen,Ein Frankfurt,1,1
2013-05-11,2012-13,Wolfsburg,Dortmund,3,3
2013-05-18,2012-13,Augsburg,Greuther Furth,3,1
2013-05-18,2012-13,Dortmund,Hoffenheim,1,2
2013-05-18,2012-13,Ein Frankfurt,Wolfsburg,2,2
2013-05-18,2012-13,Freiburg,Schalke 04,1,2
2013-05-18,2012-13,Hamburg,Leverkusen,0,1
2013-05-18,2012-13,Hannover,Fortuna Dusseldorf,3,0
2013-05-18,2012-13,M'gladbach,Bayern Munich,3,4
2013-05-18,2012-13,Nurnberg,Werder Bremen,3,2
2013-05-18,2012-13,Stuttgart,Mainz,2,2
2013-08-09,2013-14,Bayern Munich,M'gladbach,3,1
2013-08-10,2013-14,Augsburg,Dortmund,0,4
2013-08-10,2013-14,Braunschweig,Werder Bremen,0,1
2013-08-10,2013-14,Hannover,Wolfsburg,2,0
2013-08-10,2013-14,Hertha,Ein Frankfurt,6,1
2013-08-10,2013-14,Hoffenheim,Nurnberg,2,2
2013-08-10,2013-14,Leverkusen,Freiburg,3,1
2013-08-11,2013-14,Mainz,Stuttgart,3,2
2013-08-11,2013-14,Schalke 04,Hamburg,3,3
2013-08-17,2013-14,Ein Frankfurt,Bayern Munich,0,1
2013-08-17,2013-14,Freiburg,Mainz,1,2
2013-08-17,2013-14,Hamburg,Hoffenheim,1,5
2013-08-17,2013-14,M'gladbach,Hannover,3,0
2013-08-17,2013-14,Stuttgart,Leverkusen,0,1
2013-08-17,2013-14,Werder Bremen,Augsburg,1,0
2013-08-17,2013-14,Wolfsburg,Schalke 04,4,0
2013-08-18,2013-14,Dortmund,Braunschweig,2,1
2013-08-18,2013-14,Nurnberg,Hertha,2,2
2013-08-23,2013-14,Dortmund,Werder Bremen,1,0
2013-08-24,2013-14,Bayern Munich,Nurnberg,2,0
2013-08-24,2013-14,Hannover,Schalke 04,2,1
2013-08-24,2013-14,Hertha,Hamburg,1,0
2013-08-24,2013-14,Hoffenheim,Freiburg,3,3
2013-08-24,2013-14,Leverkusen,M'gladbach,4,2
2013-08-24,2013-14,Mainz,Wolfsburg,2,0
2013-08-25,2013-14,Augsburg,Stuttgart,2,1
2013-08-25,2013-14,Braunschweig,Ein Frankfurt,0,2
2013-08-27,2013-14,Freiburg,Bayern Munich,1,1
2013-08-31,2013-14,Hamburg,Braunschweig,4,0
2013-08-31,2013-14,Hannover,Mainz,4,1
2013-08-31,2013-14,M'gladbach,Werder Bremen,4,1
2013-08-31,2013-14,Nurnberg,Augsburg,0,1
2013-08-31,2013-14,Schalke 04,Leverkusen,2,0
2013-08-31,2013-14,Wolfsburg,Hertha,2,0
2013-09-01,2013-14,Ein Frankfurt,Dortmund,1,2
2013-09-01,2013-14,Stuttgart,Hoffenheim,6,2
2013-09-13,2013-14,Hertha,Stuttgart,0,1
2013-09-14,2013-14,Augsburg,Freiburg,2,1
2013-09-14,2013-14,Bayern Munich,Hannover,2,0
2013-09-14,2013-14,Dortmund,Hamburg,6,2
2013-09-14,2013-14,Leverkusen,Wolfsburg,3,1
2013-09-14,2013-14,Mainz,Schalke 04,0,1
2013-09-14,2013-14,Werder Bremen,Ein Frankfurt,0,3
2013-09-15,2013-14,Braunschweig,Nurnberg,1,1
2013-09-15,2013-14,Hoffenheim,M'gladbach,2,1
2013-09-20,2013-14,M'gladbach,Braunschweig,4,1
2013-09-21,2013-14,Hamburg,Werder Bremen,0,2
2013-09-21,2013-14,Hannover,Augsburg,2,1
2013-09-21,2013-14,Mainz,Leverkusen,1,4
2013-09-21,2013-14,Nurnberg,Dortmund,1,1
2013-09-21,2013-14,Schalke 04,Bayern Munich,0,4
2013-09-21,2013-14,Wolfsburg,Hoffenheim,2,1
2013-09-22,2013-14,Freiburg,Hertha,1,1
2013-09-22,2013-14,Stuttgart,Ein Frankfurt,1,1
2013-09-27,2013-14,Augsburg,M'gladbach,2,2
2013-09-28,2013-14,Bayern Munich,Wolfsburg,1,0
2013-09-28,2013-14,Dortmund,Freiburg,5,0
2013-09-28,2013-14,Ein Frankfurt,Hamburg,2,2
2013-09-28,2013-14,Hertha,Mainz,3,1
2013-09-28,2013-14,Hoffenheim,Schalke 04,3,3
2013-09-28,2013-14,Leverkusen,Hannover,2,0
2013-09-29,2013-14,Braunschweig,Stuttgart,0,4
2013-09-29,2013-14,Werder Bremen,Nurnberg,3,3
2013-10-04,2013-14,Hannover,Hertha,1,1
2013-10-05,2013-14,Leverkusen,Bayern Munich,1,1
2013-10-05,2013-14,Mainz,Hoffenheim,2,2
2013-10-05,2013-14,M'gladbach,Dortmund,2,0
2013-10-05,2013-14,Schalke 04,Augsburg,4,1
2013-10-05,2013-14,Stuttgart,Werder Bremen,1,1
2013-10-05,2013-14,Wolfsburg,Braunschweig,0,2
2013-10-06,2013-14,Freiburg,Ein Frankfurt,1,1
2013-10-06,2013-14,Nurnberg,Hamburg,0,5
2013-10-18,2013-14,Hoffenheim,Leverkusen,1,2
2013-10-19,2013-14,Bayern Munich,Mainz,4,1
2013-10-19,2013-14,Braunschweig,Schalke 04,2,3
2013-10-19,2013-14,Dortmund,Hannover,1,0
2013-10-19,2013-14,Ein Frankfurt,Nurnberg,1,1
2013-10-19,2013-14,Hertha,M'gladbach,1,0
2013-10-19,2013-14,Werder Bremen,Freiburg,0,0
2013-10-20,2013-14,Augsburg,Wolfsburg,1,2
2013-10-20,2013-14,Hamburg,Stuttgart,3,3
2013-10-25,2013-14,Stuttgart,Nurnberg,1,1
2013-10-26,2013-14,Bayern Munich,Hertha,3,2
2013-10-26,2013-14,Hannover,Hoffenheim,1,4
2013-10-26,2013-14,Leverkusen,Augsburg,2,1
2013-10-26,2013-14,Mainz,Braunschweig,2,0
2013-10-26,2013-14,Schalke 04,Dortmund,1,3
2013-10-26,2013-14,Wolfsburg,Werder Bremen,3,0
2013-10-27,2013-14,Freiburg,Hamburg,0,3
2013-10-27,2013-14,M'gladbach,Ein Frankfurt,4,1
2013-11-01,2013-14,Dortmund,Stuttgart,6,1
2013-11-02,2013-14,Braunschweig,Leverkusen,1,0
2013-11-02,2013-14,Ein Frankfurt,Wolfsburg,1,2
2013-11-02,2013-14,Hamburg,M'gladbach,0,2
2013-11-02,2013-14,Hertha,Schalke 04,0,2
2013-11-02,2013-14,Hoffenheim,Bayern Munich,1,2
2013-11-02,2013-14,Nurnberg,Freiburg,0,3
2013-11-03,2013-14,Augsburg,Mainz,2,1
2013-11-03,2013-14,Werder Bremen,Hannover,3,2
2013-11-08,2013-14,Hannover,Braunschweig,0,0
2013-11-09,2013-14,Bayern Munich,Augsburg,3,0
2013-11-09,2013-14,Hoffenheim,Hertha,2,3
2013-11-09,2013-14,Leverkusen,Hamburg,5,3
2013-11-09,2013-14,M'gladbach,Nurnberg,3,1
2013-11-09,2013-14,Schalke 04,Werder Bremen,3,1
2013-11-09,2013-14,Wolfsburg,Dortmund,2,1
2013-11-10,2013-14,Freiburg,Stuttgart,1,3
2013-11-10,2013-14,Mainz,Ein Frankfurt,1,0
2013-11-22,2013-14,Stuttgart,M'gladbach,0,2
2013-11-23,2013-14,Augsburg,Hoffenheim,2,0
2013-11-23,2013-14,Braunschweig,Freiburg,0,1
2013-11-23,2013-14,Dortmund,Bayern Munich,0,3
2013-11-23,2013-14,Ein Frankfurt,Schalke 04,3,3
2013-11-23,2013-14,Hertha,Leverkusen,0,1
2013-11-23,2013-14,Nurnberg,Wolfsburg,1,1
2013-11-24,2013-14,Hamburg,Hannover,3,1
2013-11-24,2013-14,Werder Bremen,Mainz,2,3
2013-11-29,2013-14,Wolfsburg,Hamburg,1,1
2013-11-30,2013-14,Bayern Munich,Braunschweig,2,0
2013-11-30,2013-14,Hertha,Augsburg,0,0
2013-11-30,2013-14,Hoffenheim,Werder Bremen,4,4
2013-11-30,2013-14,Leverkusen,Nurnberg,3,0
2013-11-30,2013-14,Mainz,Dortmund,1,3
2013-11-30,2013-14,Schalke 04,Stuttgart,3,0
2013-12-01,2013-14,Hannover,Ein Frankfurt,2,0
2013-12-01,2013-14,M'gladbach,Freiburg,1,0
2013-12-06,2013-14,Nurnberg,Mainz,1,1
2013-12-07,2013-14,Dortmund,Leverkusen,0,1
2013-12-07,2013-14,Ein Frankfurt,Hoffenheim,1,2
2013-12-07,2013-14,Hamburg,Augsburg,0,1
2013-12-07,2013-14,M'gladbach,Schalke 04,2,1
2013-12-07,2013-14,Stuttgart,Hannover,4,2
2013-12-07,2013-14,Werder Bremen,Bayern Munich,0,7
2013-12-08,2013-14,Braunschweig,Hertha,0,2
2013-12-08,2013-14,Freiburg,Wolfsburg,0,3
2013-12-13,2013-14,Hertha,Werder Bremen,3,2
2013-12-14,2013-14,Augsburg,Braunschweig,4,1
2013-12-14,2013-14,Bayern Munich,Hamburg,3,1
2013-12-14,2013-14,Hannover,Nurnberg,3,3
2013-12-14,2013-14,Hoffenheim,Dortmund,2,2
2013-12-14,2013-14,Mainz,M'gladbach,0,0
2013-12-14,2013-14,Wolfsburg,Stuttgart,3,1
2013-12-15,2013-14,Leverkusen,Ein Frankfurt,0,1
2013-12-15,2013-14,Schalke 04,Freiburg,2,0
2013-12-20,2013-14,Ein Frankfurt,Augsburg,1,1
2013-12-21,2013-14,Braunschweig,Hoffenheim,1,0
2013-12-21,2013-14,Dortmund,Hertha,1,2
2013-12-21,2013-14,Freiburg,Hannover,2,1
2013-12-21,2013-14,Hamburg,Mainz,2,3
2013-12-21,2013-14,Nurnberg,Schalke 04,0,0
2013-12-21,2013-14,Werder Bremen,Leverkusen,1,0
2013-12-22,2013-14,M'gladbach,Wolfsburg,2,2
2014-01-24,2013-14,M'gladbach,Bayern Munich,0,2
2014-01-25,2013-14,Dortmund,Augsburg,2,2
2014-01-25,2013-14,Ein Frankfurt,Hertha,1,0
2014-01-25,2013-14,Freiburg,Leverkusen,3,2
2014-01-25,2013-14,Nurnberg,Hoffenheim,4,0
2014-01-25,2013-14,Stuttgart,Mainz,1,2
2014-01-25,2013-14,Wolfsburg,Hannover,1,3
2014-01-26,2013-14,Hamburg,Schalke 04,0,3
2014-01-26,2013-14,Werder Bremen,Braunschweig,0,0
2014-01-29,2013-14,Stuttgart,Bayern Munich,1,2
2014-01-31,2013-14,Braunschweig,Dortmund,1,2
2014-02-01,2013-14,Augsburg,Werder Bremen,3,1
2014-02-01,2013-14,Hannover,M'gladbach,3,1
2014-02-01,2013-14,Hoffenheim,Hamburg,3,0
2014-02-01,2013-14,Leverkusen,Stuttgart,2,1
2014-02-01,2013-14,Mainz,Freiburg,2,0
2014-02-01,2013-14,Schalke 04,Wolfsburg,2,1
2014-02-02,2013-14,Bayern Munich,Ein Frankfurt,5,0
2014-02-02,2013-14,Hertha,Nurnberg,1,3
2014-02-07,2013-14,M'gladbach,Leverkusen,0,1
2014-02-08,2013-14,Ein Frankfurt,Braunschweig,3,0
2014-02-08,2013-14,Freiburg,Hoffenheim,1,1
2014-02-08,2013-14,Hamburg,Hertha,0,3
2014-02-08,2013-14,Nurnberg,Bayern Munich,0,2
2014-02-08,2013-14,Werder Bremen,Dortmund,1,5
2014-02-08,2013-14,Wolfsburg,Mainz,3,0
2014-02-09,2013-14,Schalke 04,Hannover,2,0
2014-02-09,2013-14,Stuttgart,Augsburg,1,4
2014-02-14,2013-14,Mainz,Hannover,2,0
2014-02-15,2013-14,Bayern Munich,Freiburg,4,0
2014-02-15,2013-14,Braunschweig,Hamburg,4,2
2014-02-15,2013-14,Dortmund,Ein Frankfurt,4,0
2014-02-15,2013-14,Hoffenheim,Stuttgart,4,1
2014-02-15,2013-14,Leverkusen,Schalke 04,1,2
2014-02-15,2013-14,Werder Bremen,M'gladbach,1,1
2014-02-16,2013-14,Augsburg,Nurnberg,0,1
2014-02-16,2013-14,Hertha,Wolfsburg,1,2
2014-02-21,2013-14,Schalke 04,Mainz,0,0
2014-02-22,2013-14,Freiburg,Augsburg,2,4
2014-02-22,2013-14,Hamburg,Dortmund,3,0
2014-02-22,2013-14,M'gladbach,Hoffenheim,2,2
2014-02-22,2013-14,Nurnberg,Braunschweig,2,1
2014-02-22,2013-14,Stuttgart,Hertha,1,2
2014-02-22,2013-14,Wolfsburg,Leverkusen,3,1
2014-02-23,2013-14,Ein Frankfurt,Werder Bremen,0,0
2014-02-23,2013-14,Hannover,Bayern Munich,0,4
2014-02-28,2013-14,Hertha,Freiburg,0,0
2014-03-01,2013-14,Augsburg,Hannover,1,1
2014-03-01,2013-14,Bayern Munich,Schalke 04,5,1
2014-03-01,2013-14,Braunschweig,M'gladbach,1,1
2014-03-01,2013-14,Dortmund,Nurnberg,3,0
2014-03-01,2013-14,Leverkusen,Mainz,0,1
2014-03-01,2013-14,Werder Bremen,Hamburg,1,0
2014-03-02,2013-14,Ein Frankfurt,Stuttgart,2,1
2014-03-02,2013-14,Hoffenheim,Wolfsburg,6,2
2014-03-08,2013-14,Hamburg,Ein Frankfurt,1,1
2014-03-08,2013-14,Hannover,Leverkusen,1,1
2014-03-08,2013-14,M'gladbach,Augsburg,1,2
2014-03-08,2013-14,Nurnberg,Werder Bremen,0,2
2014-03-08,2013-14,Schalke 04,Hoffenheim,4,0
2014-03-08,2013-14,Stuttgart,Braunschweig,2,2
2014-03-08,2013-14,Wolfsburg,Bayern Munich,1,6
2014-03-09,2013-14,Freiburg,Dortmund,0,1
2014-03-09,2013-14,Mainz,Hertha,1,1
2014-03-14,2013-14,Augsburg,Schalke 04,1,2
2014-03-15,2013-14,Bayern Munich,Leverkusen,2,1
2014-03-15,2013-14,Braunschweig,Wolfsburg,1,1
2014-03-15,2013-14,Dortmund,M'gladbach,1,2
2014-03-15,2013-14,Hertha,Hannover,0,3
2014-03-15,2013-14,Hoffenheim,Mainz,2,4
2014-03-15,2013-14,Werder Bremen,Stuttgart,1,1
2014-03-16,2013-14,Ein Frankfurt,Freiburg,1,4
2014-03-16,2013-14,Hamburg,Nurnberg,2,1
2014-03-21,2013-14,Freiburg,Werder Bremen,3,1
2014-03-22,2013-14,Hannover,Dortmund,0,3
2014-03-22,2013-14,Mainz,Bayern Munich,0,2
2014-03-22,2013-14,M'gladbach,Hertha,3,0
2014-03-22,2013-14,Schalke 04,Braunschweig,3,1
2014-03-22,2013-14,Stuttgart,Hamburg,1,0
2014-03-22,2013-14,Wolfsburg,Augsburg,1,1
2014-03-23,2013-14,Leverkusen,Hoffenheim,2,3
2014-03-23,2013-14,Nurnberg,Ein Frankfurt,2,5
2014-03-25,2013-14,Braunschweig,Mainz,3,1
2014-03-25,2013-14,Dortmund,Schalke 04,0,0
2014-03-25,2013-14,Hertha,Bayern Munich,1,3
2014-03-25,2013-14,Werder Bremen,Wolfsburg,1,3
2014-03-26,2013-14,Augsburg,Leverkusen,1,3
2014-03-26,2013-14,Ein Frankfurt,M'gladbach,1,0
2014-03-26,2013-14,Hamburg,Freiburg,1,1
2014-03-26,2013-14,Hoffenheim,Hannover,3,1
2014-03-26,2013-14,Nurnberg,Stuttgart,2,0
2014-03-28,2013-14,Schalke 04,Hertha,2,0
2014-03-29,2013-14,Bayern Munich,Hoffenheim,3,3
2014-03-29,2013-14,Freiburg,Nurnberg,3,2
2014-03-29,2013-14,Leverkusen,Braunschweig,1,1
2014-03-29,2013-14,Mainz,Augsburg,3,0
2014-03-29,2013-14,Stuttgart,Dortmund,2,3
2014-03-29,2013-14,Wolfsburg,Ein Frankfurt,2,1
2014-03-30,2013-14,Hannover,Werder Bremen,1,2
2014-03-30,2013-14,M'gladbach,Hamburg,3,1
2014-04-04,2013-14,Hamburg,Leverkusen,2,1
2014-04-05,2013-14,Augsburg,Bayern Munich,1,0
2014-04-05,2013-14,Dortmund,Wolfsburg,2,1
2014-04-05,2013-14,Ein Frankfurt,Mainz,2,0
2014-04-05,2013-14,Nurnberg,M'gladbach,0,2
2014-04-05,2013-14,Stuttgart,Freiburg,2,0
2014-04-05,2013-14,Werder Bremen,Schalke 04,1,1
2014-04-06,2013-14,Braunschweig,Hannover,3,0
2014-04-06,2013-14,Hertha,Hoffenheim,1,1
2014-04-11,2013-14,Schalke 04,Ein Frankfurt,2,0
2014-04-12,2013-14,Bayern Munich,Dortmund,0,3
2014-04-12,2013-14,Freiburg,Braunschweig,2,0
2014-04-12,2013-14,Hannover,Hamburg,2,1
2014-04-12,2013-14,Mainz,Werder Bremen,3,0
2014-04-12,2013-14,M'gladbach,Stuttgart,1,1
2014-04-12,2013-14,Wolfsburg,Nurnberg,4,1
2014-04-13,2013-14,Hoffenheim,Augsburg,2,0
2014-04-13,2013-14,Leverkusen,Hertha,2,1
2014-04-17,2013-14,Ein Frankfurt,Hannover,2,3
2014-04-19,2013-14,Augsburg,Hertha,0,0
2014-04-19,2013-14,Braunschweig,Bayern Munich,0,2
2014-04-19,2013-14,Dortmund,Mainz,4,2
2014-04-19,2013-14,Freiburg,M'gladbach,4,2
2014-04-19,2013-14,Hamburg,Wolfsburg,1,3
2014-04-19,2013-14,Werder Bremen,Hoffenheim,3,1
2014-04-20,2013-14,Nurnberg,Leverkusen,1,4
2014-04-20,2013-14,Stuttgart,Schalke 04,3,1
2014-04-25,2013-14,Hannover,Stuttgart,0,0
2014-04-26,2013-14,Bayern Munich,Werder Bremen,5,2
2014-04-26,2013-14,Hertha,Braunschweig,2,0
2014-04-26,2013-14,Hoffenheim,Ein Frankfurt,0,0
2014-04-26,2013-14,Leverkusen,Dortmund,2,2
2014-04-26,2013-14,Mainz,Nurnberg,2,0
2014-04-26,2013-14,Wolfsburg,Freiburg,2,2
2014-04-27,2013-14,Augsburg,Hamburg,3,1
2014-04-27,2013-14,Schalke 04,M'gladbach,0,1
2014-05-03,2013-14,Braunschweig,Augsburg,0,1
2014-05-03,2013-14,Dortmund,Hoffenheim,3,2
2014-05-03,2013-14,Ein Frankfurt,Leverkusen,0,2
2014-05-03,2013-14,Freiburg,Schalke 04,0,2
2014-05-03,2013-14,Hamburg,Bayern Munich,1,4
2014-05-03,2013-14,M'gladbach,Mainz,3,1
2014-05-03,2013-14,Nurnberg,Hannover,0,2
2014-05-03,2013-14,Stuttgart,Wolfsburg,1,2
2014-05-03,2013-14,Werder Bremen,Hertha,2,0
2014-05-10,2013-14,Augsburg,Ein Frankfurt,2,1
2014-05-10,2013-14,Bayern Munich,Stuttgart,1,0
2014-05-10,2013-14,Hannover,Freiburg,3,2
2014-05-10,2013-14,Hertha,Dortmund,0,4
2014-05-10,2013-14,Hoffenheim,Braunschweig,3,1
2014-05-10,2013-14,Leverkusen,Werder Bremen,2,1
2014-05-10,2013-14,Mainz,Hamburg,3,2
2014-05-10,2013-14,Schalke 04,Nurnberg,4,1
2014-05-10,2013-14,Wolfsburg,M'gladbach,3,1
2014-08-22,2014-15,Bayern Munich,Wolfsburg,2,1
2014-08-23,2014-15,Dortmund,Leverkusen,0,2
2014-08-23,2014-15,Ein Frankfurt,Freiburg,1,0
2014-08-23,2014-15,FC Koln,Hamburg,0,0
2014-08-23,2014-15,Hannover,Schalke 04,2,1
2014-08-23,2014-15,Hertha,Werder Bremen,2,2
2014-08-23,2014-15,Hoffenheim,Augsburg,2,0
2014-08-24,2014-15,M'gladbach,Stuttgart,1,1
2014-08-24,2014-15,Paderborn,Mainz,2,2
2014-08-29,2014-15,Augsburg,Dortmund,2,3
2014-08-30,2014-15,Hamburg,Paderborn,0,3
2014-08-30,2014-15,Leverkusen,Hertha,4,2
2014-08-30,2014-15,Schalke 04,Bayern Munich,1,1
2014-08-30,2014-15,Stuttgart,FC Koln,0,2
2014-08-30,2014-15,Werder Bremen,Hoffenheim,1,1
2014-08-30,2014-15,Wolfsburg,Ein Frankfurt,2,2
2014-08-31,2014-15,Freiburg,M'gladbach,0,0
2014-08-31,2014-15,Mainz,Hannover,0,0
2014-09-12,2014-15,Leverkusen,Werder Bremen,3,3
2014-09-13,2014-15,Bayern Munich,Stuttgart,2,0
2014-09-13,2014-15,Dortmund,Freiburg,3,1
2014-09-13,2014-15,Hertha,Mainz,1,3
2014-09-13,2014-15,Hoffenheim,Wolfsburg,1,1
2014-09-13,2014-15,M'gladbach,Schalke 04,4,1
2014-09-13,2014-15,Paderborn,FC Koln,0,0
2014-09-14,2014-15,Ein Frankfurt,Augsburg,0,1
2014-09-14,2014-15,Hannover,Hamburg,2,0
2014-09-19,2014-15,Freiburg,Hertha,2,2
2014-09-20,2014-15,Augsburg,Werder Bremen,4,2
2014-09-20,2014-15,Hamburg,Bayern Munich,0,0
2014-09-20,2014-15,Mainz,Dortmund,2,0
2014-09-20,2014-15,Paderborn,Hannover,2,0
2014-09-20,2014-15,Schalke 04,Ein Frankfurt,2,2
2014-09-20,2014-15,Stuttgart,Hoffenheim,0,2
2014-09-21,2014-15,FC Koln,M'gladbach,0,0
2014-09-21,2014-15,Wolfsburg,Leverkusen,4,1
2014-09-23,2014-15,Bayern Munich,Paderborn,4,0
2014-09-23,2014-15,Ein Frankfurt,Mainz,2,2
2014-09-23,2014-15,Hoffenheim,Freiburg,3,3
2014-09-23,2014-15,Werder Bremen,Schalke 04,0,3
2014-09-24,2014-15,Dortmund,Stuttgart,2,2
2014-09-24,2014-15,Hannover,FC Koln,1,0
2014-09-24,2014-15,Hertha,Wolfsburg,1,0
2014-09-24,2014-15,Leverkusen,Augsburg,1,0
2014-09-24,2014-15,M'gladbach,Hamburg,1,0
2014-09-26,2014-15,Mainz,Hoffenheim,0,0
2014-09-27,2014-15,FC Koln,Bayern Munich,0,2
2014-09-27,2014-15,Freiburg,Leverkusen,0,0
2014-09-27,2014-15,Paderborn,M'gladbach,1,2
2014-09-27,2014-15,Schalke 04,Dortmund,2,1
2014-09-27,2014-15,Stuttgart,Hannover,1,0
2014-09-27,2014-15,Wolfsburg,Werder Bremen,2,1
2014-09-28,2014-15,Augsburg,Hertha,1,0
2014-09-28,2014-15,Hamburg,Ein Frankfurt,1,2
2014-10-03,2014-15,Hertha,Stuttgart,3,2
2014-10-04,2014-15,Bayern Munich,Hannover,4,0
2014-10-04,2014-15,Dortmund,Hamburg,0,1
2014-10-04,2014-15,Ein Frankfurt,FC Koln,3,2
2014-10-04,2014-15,Hoffenheim,Schalke 04,2,1
2014-10-04,2014-15,Leverkusen,Paderborn,2,2
2014-10-04,2014-15,Werder Bremen,Freiburg,1,1
2014-10-05,2014-15,M'gladbach,Mainz,1,1
2014-10-05,2014-15,Wolfsburg,Augsburg,1,0
2014-10-18,2014-15,Bayern Munich,Werder Bremen,6,0
2014-10-18,2014-15,FC Koln,Dortmund,2,1
2014-10-18,2014-15,Freiburg,Wolfsburg,1,2
2014-10-18,2014-15,Hannover,M'gladbach,0,3
2014-10-18,2014-15,Mainz,Augsburg,2,1
2014-10-18,2014-15,Schalke 04,Hertha,2,0
2014-10-18,2014-15,Stuttgart,Leverkusen,3,3
2014-10-19,2014-15,Hamburg,Hoffenheim,1,1
2014-10-19,2014-15,Paderborn,Ein Frankfurt,3,1
2014-10-24,2014-15,Werder Bremen,FC Koln,0,1
2014-10-25,2014-15,Augsburg,Freiburg,2,0
2014-10-25,2014-15,Dortmund,Hannover,0,1
2014-10-25,2014-15,Ein Frankfurt,Stuttgart,4,5
2014-10-25,2014-15,Hertha,Hamburg,3,0
2014-10-25,2014-15,Hoffenheim,Paderborn,1,0
2014-10-25,2014-15,Leverkusen,Schalke 04,1,0
2014-10-26,2014-15,M'gladbach,Bayern Munich,0,0
2014-10-26,2014-15,Wolfsburg,Mainz,3,0
2014-10-31,2014-15,Schalke 04,Augsburg,1,0
2014-11-01,2014-15,Bayern Munich,Dortmund,2,1
2014-11-01,2014-15,Hamburg,Leverkusen,1,0
2014-11-01,2014-15,Hannover,Ein Frankfurt,1,0
2014-11-01,2014-15,Mainz,Werder Bremen,1,2
2014-11-01,2014-15,Stuttgart,Wolfsburg,0,4
2014-11-02,2014-15,FC Koln,Freiburg,0,1
2014-11-02,2014-15,M'gladbach,Hoffenheim,3,1
2014-11-02,2014-15,Paderborn,Hertha,3,1
2014-11-07,2014-15,Hertha,Hannover,0,2
2014-11-08,2014-15,Augsburg,Paderborn,3,0
2014-11-08,2014-15,Ein Frankfurt,Bayern Munich,0,4
2014-11-08,2014-15,Freiburg,Schalke 04,2,0
2014-11-08,2014-15,Hoffenheim,FC Koln,3,4
2014-11-08,2014-15,Leverkusen,Mainz,0,0
2014-11-08,2014-15,Werder Bremen,Stuttgart,2,0
2014-11-09,2014-15,Dortmund,M'gladbach,1,0
2014-11-09,2014-15,Wolfsburg,Hamburg,2,0
2014-11-22,2014-15,Bayern Munich,Hoffenheim,4,0
2014-11-22,2014-15,FC Koln,Hertha,1,2
2014-11-22,2014-15,Hannover,Leverkusen,1,3
2014-11-22,2014-15,Mainz,Freiburg,2,2
2014-11-22,2014-15,M'gladbach,Ein Frankfurt,1,3
2014-11-22,2014-15,Paderborn,Dortmund,2,2
2014-11-22,2014-15,Schalke 04,Wolfsburg,3,2
2014-11-23,2014-15,Hamburg,Werder Bremen,2,0
2014-11-23,2014-15,Stuttgart,Augsburg,0,1
2014-11-28,2014-15,Freiburg,Stuttgart,1,4
2014-11-29,2014-15,Augsburg,Hamburg,3,1
2014-11-29,2014-15,Hertha,Bayern Munich,0,1
2014-11-29,2014-15,Hoffenheim,Hannover,4,3
2014-11-29,2014-15,Leverkusen,FC Koln,5,1
2014-11-29,2014-15,Schalke 04,Mainz,4,1
2014-11-29,2014-15,Werder Bremen,Paderborn,4,0
2014-11-30,2014-15,Ein Frankfurt,Dortmund,2,0
2014-11-30,2014-15,Wolfsburg,M'gladbach,1,0
2014-12-05,2014-15,Dortmund,Hoffenheim,1,0
2014-12-06,2014-15,Bayern Munich,Leverkusen,1,0
2014-12-06,2014-15,FC Koln,Augsburg,1,2
2014-12-06,2014-15,Hannover,Wolfsburg,1,3
2014-12-06,2014-15,M'gladbach,Hertha,3,2
2014-12-06,2014-15,Paderborn,Freiburg,1,1
2014-12-06,2014-15,Stuttgart,Schalke 04,0,4
2014-12-07,2014-15,Ein Frankfurt,Werder Bremen,5,2
2014-12-07,2014-15,Hamburg,Mainz,2,1
2014-12-12,2014-15,Hoffenheim,Ein Frankfurt,3,2
2014-12-13,2014-15,Augsburg,Bayern Munich,0,4
2014-12-13,2014-15,Freiburg,Hamburg,0,0
2014-12-13,2014-15,Hertha,Dortmund,1,0
2014-12-13,2014-15,Mainz,Stuttgart,1,1
2014-12-13,2014-15,Schalke 04,FC Koln,1,2
2014-12-13,2014-15,Werder Bremen,Hannover,3,3
2014-12-14,2014-15,Leverkusen,M'gladbach,1,1
2014-12-14,2014-15,Wolfsburg,Paderborn,1,1
2014-12-16,2014-15,Bayern Munich,Freiburg,2,0
2014-12-16,2014-15,FC Koln,Mainz,0,0
2014-12-16,2014-15,Hamburg,Stuttgart,0,1
2014-12-16,2014-15,Hannover,Augsburg,2,0
2014-12-17,2014-15,Dortmund,Wolfsburg,2,2
2014-12-17,2014-15,Ein Frankfurt,Hertha,4,4
2014-12-17,2014-15,Hoffenheim,Leverkusen,0,1
2014-12-17,2014-15,M'gladbach,Werder Bremen,4,1
2014-12-17,2014-15,Paderborn,Schalke 04,1,2
2014-12-19,2014-15,Mainz,Bayern Munich,1,2
2014-12-20,2014-15,Augsburg,M'gladbach,2,1
2014-12-20,2014-15,Leverkusen,Ein Frankfurt,1,1
2014-12-20,2014-15,Schalke 04,Hamburg,0,0
2014-12-20,2014-15,Stuttgart,Paderborn,0,0
2014-12-20,2014-15,Werder Bremen,Dortmund,2,1
2014-12-20,2014-15,Wolfsburg,FC Koln,2,1
2014-12-21,2014-15,Freiburg,Hannover,2,2
2014-12-21,2014-15,Hertha,Hoffenheim,0,5
2015-01-30,2014-15,Wolfsburg,Bayern Munich,4,1
2015-01-31,2014-15,Freiburg,Ein Frankfurt,4,1
2015-01-31,2014-15,Hamburg,FC Koln,0,2
2015-01-31,2014-15,Leverkusen,Dortmund,0,0
2015-01-31,2014-15,Mainz,Paderborn,5,0
2015-01-31,2014-15,Schalke 04,Hannover,1,0
2015-01-31,2014-15,Stuttgart,M'gladbach,0,1
2015-02-01,2014-15,Augsburg,Hoffenheim,3,1
2015-02-01,2014-15,Werder Bremen,Hertha,2,0
2015-02-03,2014-15,Bayern Munich,Schalke 04,1,1
2015-02-03,2014-15,Ein Frankfurt,Wolfsburg,1,1
2015-02-03,2014-15,Hannover,Mainz,1,1
2015-02-03,2014-15,M'gladbach,Freiburg,1,0
2015-02-04,2014-15,Dortmund,Augsburg,0,1
2015-02-04,2014-15,FC Koln,Stuttgart,0,0
2015-02-04,2014-15,Hertha,Leverkusen,0,1
2015-02-04,2014-15,Hoffenheim,Werder Bremen,1,2
2015-02-04,2014-15,Paderborn,Hamburg,0,3
2015-02-06,2014-15,Schalke 04,M'gladbach,1,0
2015-02-07,2014-15,FC Koln,Paderborn,0,0
2015-02-07,2014-15,Freiburg,Dortmund,0,3
2015-02-07,2014-15,Hamburg,Hannover,2,1
2015-02-07,2014-15,Mainz,Hertha,0,2
2015-02-07,2014-15,Stuttgart,Bayern Munich,0,2
2015-02-07,2014-15,Wolfsburg,Hoffenheim,3,0
2015-02-08,2014-15,Augsburg,Ein Frankfurt,2,2
2015-02-08,2014-15,Werder Bremen,Leverkusen,2,1
2015-02-13,2014-15,Dortmund,Mainz,4,2
2015-02-14,2014-15,Bayern Munich,Hamburg,8,0
2015-02-14,2014-15,Ein Frankfurt,Schalke 04,1,0
2015-02-14,2014-15,Hoffenheim,Stuttgart,2,1
2015-02-14,2014-15,Leverkusen,Wolfsburg,4,5
2015-02-14,2014-15,M'gladbach,FC Koln,1,0
2015-02-14,2014-15,Werder Bremen,Augsburg,3,2
2015-02-15,2014-15,Hannover,Paderborn,1,2
2015-02-15,2014-15,Hertha,Freiburg,0,2
2015-02-20,2014-15,Stuttgart,Dortmund,2,3
2015-02-21,2014-15,Augsburg,Leverkusen,2,2
2015-02-21,2014-15,FC Koln,Hannover,1,1
2015-02-21,2014-15,Freiburg,Hoffenheim,1,1
2015-02-21,2014-15,Mainz,Ein Frankfurt,3,1
2015-02-21,2014-15,Paderborn,Bayern Munich,0,6
2015-02-21,2014-15,Schalke 04,Werder Bremen,1,1
2015-02-22,2014-15,Hamburg,M'gladbach,1,1
2015-02-22,2014-15,Wolfsburg,Hertha,2,1
2015-02-27,2014-15,Bayern Munich,FC Koln,4,1
2015-02-28,2014-15,Dortmund,Schalke 04,3,0
2015-02-28,2014-15,Ein Frankfurt,Hamburg,2,1
2015-02-28,2014-15,Hannover,Stuttgart,1,1
2015-02-28,2014-15,Hertha,Augsburg,1,0
2015-02-28,2014-15,Hoffenheim,Mainz,2,0
2015-02-28,2014-15,Leverkusen,Freiburg,1,0
2015-03-01,2014-15,M'gladbach,Paderborn,2,0
2015-03-01,2014-15,Werder Bremen,Wolfsburg,3,5
2015-03-06,2014-15,Stuttgart,Hertha,0,0
2015-03-07,2014-15,Augsburg,Wolfsburg,1,0
2015-03-07,2014-15,Freiburg,Werder Bremen,0,1
2015-03-07,2014-15,Hamburg,Dortmund,0,0
2015-03-07,2014-15,Hannover,Bayern Munich,1,3
2015-03-07,2014-15,Mainz,M'gladbach,2,2
2015-03-07,2014-15,Schalke 04,Hoffenheim,3,1
2015-03-08,2014-15,FC Koln,Ein Frankfurt,4,2
2015-03-08,2014-15,Paderborn,Leverkusen,0,3
2015-03-13,2014-15,Leverkusen,Stuttgart,4,0
2015-03-14,2014-15,Augsburg,Mainz,0,2
2015-03-14,2014-15,Dortmund,FC Koln,0,0
2015-03-14,2014-15,Ein Frankfurt,Paderborn,4,0
2015-03-14,2014-15,Hertha,Schalke 04,2,2
2015-03-14,2014-15,Hoffenheim,Hamburg,3,0
2015-03-14,2014-15,Werder Bremen,Bayern Munich,0,4
2015-03-15,2014-15,M'gladbach,Hannover,2,0
2015-03-15,2014-15,Wolfsburg,Freiburg,3,0
2015-03-20,2014-15,Hamburg,Hertha,0,1
2015-03-21,2014-15,FC Koln,Werder Bremen,1,1
2015-03-21,2014-15,Freiburg,Augsburg,2,0
2015-03-21,2014-15,Hannover,Dortmund,2,3
2015-03-21,2014-15,Paderborn,Hoffenheim,0,0
2015-03-21,2014-15,Schalke 04,Leverkusen,0,1
2015-03-21,2014-15,Stuttgart,Ein Frankfurt,3,1
2015-03-22,2014-15,Bayern Munich,M'gladbach,0,2
2015-03-22,2014-15,Mainz,Wolfsburg,1,1
2015-04-04,2014-15,Dortmund,Bayern Munich,0,1
2015-04-04,2014-15,Ein Frankfurt,Hannover,2,2
2015-04-04,2014-15,Freiburg,FC Koln,1,0
2015-04-04,2014-15,Hoffenheim,M'gladbach,1,4
2015-04-04,2014-15,Leverkusen,Hamburg,4,0
2015-04-04,2014-15,Werder Bremen,Mainz,0,0
2015-04-04,2014-15,Wolfsburg,Stuttgart,3,1
2015-04-05,2014-15,Augsburg,Schalke 04,0,0
2015-04-05,2014-15,Hertha,Paderborn,2,0
2015-04-10,2014-15,Hannover,Hertha,1,1
2015-04-11,2014-15,Bayern Munich,Ein Frankfurt,3,0
2015-04-11,2014-15,Hamburg,Wolfsburg,0,2
2015-04-11,2014-15,Mainz,Leverkusen,2,3
2015-04-11,2014-15,M'gladbach,Dortmund,3,1
2015-04-11,2014-15,Paderborn,Augsburg,2,1
2015-04-11,2014-15,Schalke 04,Freiburg,0,0
2015-04-12,2014-15,FC Koln,Hoffenheim,3,2
2015-04-12,2014-15,Stuttgart,Werder Bremen,3,2
2015-04-17,2014-15,Ein Frankfurt,M'gladbach,0,0
2015-04-18,2014-15,Augsburg,Stuttgart,2,1
2015-04-18,2014-15,Dortmund,Paderborn,3,0
2015-04-18,2014-15,Freiburg,Mainz,2,3
2015-04-18,2014-15,Hertha,FC Koln,0,0
2015-04-18,2014-15,Hoffenheim,Bayern Munich,0,2
2015-04-18,2014-15,Leverkusen,Hannover,4,0
2015-04-19,2014-15,Werder Bremen,Hamburg,1,0
2015-04-19,2014-15,Wolfsburg,Schalke 04,1,1
2015-04-24,2014-15,Mainz,Schalke 04,2,0
2015-04-25,2014-15,Bayern Munich,Hertha,1,0
2015-04-25,2014-15,Dortmund,Ein Frankfurt,2,0
2015-04-25,2014-15,FC Koln,Leverkusen,1,1
2015-04-25,2014-15,Hamburg,Augsburg,3,2
2015-04-25,2014-15,Hannover,Hoffenheim,1,2
2015-04-25,2014-15,Stuttgart,Freiburg,2,2
2015-04-26,2014-15,M'gladbach,Wolfsburg,1,0
2015-04-26,2014-15,Paderborn,Werder Bremen,2,2
2015-05-02,2014-15,Augsburg,FC Koln,0,0
2015-05-02,2014-15,Freiburg,Paderborn,1,2
2015-05-02,2014-15,Hoffenheim,Dortmund,1,1
2015-05-02,2014-15,Leverkusen,Bayern Munich,2,0
2015-05-02,2014-15,Schalke 04,Stuttgart,3,2
2015-05-02,2014-15,Werder Bremen,Ein Frankfurt,1,0
2015-05-02,2014-15,Wolfsburg,Hannover,2,2
2015-05-03,2014-15,Hertha,M'gladbach,1,2
2015-05-03,2014-15,Mainz,Hamburg,1,2
2015-05-08,2014-15,Hamburg,Freiburg,1,1
2015-05-09,2014-15,Bayern Munich,Augsburg,0,1
2015-05-09,2014-15,Dortmund,Hertha,2,0
2015-05-09,2014-15,Ein Frankfurt,Hoffenheim,3,1
2015-05-09,2014-15,Hannover,Werder Bremen,1,1
2015-05-09,2014-15,M'gladbach,Leverkusen,3,0
2015-05-09,2014-15,Stuttgart,Mainz,2,0
2015-05-10,2014-15,FC Koln,Schalke 04,2,0
2015-05-10,2014-15,Paderborn,Wolfsburg,1,3
2015-05-16,2014-15,Augsburg,Hannover,1,2
2015-05-16,2014-15,Freiburg,Bayern Munich,2,1
2015-05-16,2014-15,Hertha,Ein Frankfurt,0,0
2015-05-16,2014-15,Leverkusen,Hoffenheim,2,0
2015-05-16,2014-15,Mainz,FC Koln,2,0
2015-05-16,2014-15,Schalke 04,Paderborn,1,0
2015-05-16,2014-15,Stuttgart,Hamburg,2,1
2015-05-16,2014-15,Werder Bremen,M'gladbach,0,2
2015-05-16,2014-15,Wolfsburg,Dortmund,2,1
2015-05-23,2014-15,Bayern Munich,Mainz,2,0
2015-05-23,2014-15,Dortmund,Werder Bremen,3,2
2015-05-23,2014-15,Ein Frankfurt,Leverkusen,2,1
2015-05-23,2014-15,FC Koln,Wolfsburg,2,2
2015-05-23,2014-15,Hamburg,Schalke 04,2,0
2015-05-23,2014-15,Hannover,Freiburg,2,1
2015-05-23,2014-15,Hoffenheim,Hertha,2,1
2015-05-23,2014-15,M'gladbach,Augsburg,1,3
2015-05-23,2014-15,Paderborn,Stuttgart,1,2
2015-08-14,2015-16,Bayern Munich,Hamburg,5,0
2015-08-15,2015-16,Augsburg,Hertha,0,1
2015-08-15,2015-16,Darmstadt,Hannover,2,2
2015-08-15,2015-16,Dortmund,M'gladbach,4,0
2015-08-15,2015-16,Leverkusen,Hoffenheim,2,1
2015-08-15,2015-16,Mainz,Ingolstadt,0,1
2015-08-15,2015-16,Werder Bremen,Schalke 04,0,3
2015-08-16,2015-16,Stuttgart,FC Koln,1,3
2015-08-16,2015-16,Wolfsburg,Ein Frankfurt,2,1
2015-08-21,2015-16,Hertha,Werder Bremen,1,1
2015-08-22,2015-16,Ein Frankfurt,Augsburg,1,1
2015-08-22,2015-16,FC Koln,Wolfsburg,1,1
2015-08-22,2015-16,Hamburg,Stuttgart,3,2
2015-08-22,2015-16,Hannover,Leverkusen,0,1
2015-08-22,2015-16,Hoffenheim,Bayern Munich,1,2
2015-08-22,2015-16,Schalke 04,Darmstadt,1,1
2015-08-23,2015-16,Ingolstadt,Dortmund,0,4
2015-08-23,2015-16,M'gladbach,Mainz,1,2
2015-08-28,2015-16,Wolfsburg,Schalke 04,3,0
2015-08-29,2015-16,Augsburg,Ingolstadt,0,1
2015-08-29,2015-16,Bayern Munich,Leverkusen,3,0
2015-08-29,2015-16,Darmstadt,Hoffenheim,0,0
2015-08-29,2015-16,FC Koln,Hamburg,2,1
2015-08-29,2015-16,Mainz,Hannover,3,0
2015-08-29,2015-16,Stuttgart,Ein Frankfurt,1,4
2015-08-30,2015-16,Dortmund,Hertha,3,1
2015-08-30,2015-16,Werder Bremen,M'gladbach,2,1
2015-09-11,2015-16,M'gladbach,Hamburg,0,3
2015-09-12,2015-16,Bayern Munich,Augsburg,2,1
2015-09-12,2015-16,Ein Frankfurt,FC Koln,6,2
2015-09-12,2015-16,Hannover,Dortmund,2,4
2015-09-12,2015-16,Hertha,Stuttgart,2,1
2015-09-12,2015-16,Ingolstadt,Wolfsburg,0,0
2015-09-12,2015-16,Leverkusen,Darmstadt,0,1
2015-09-13,2015-16,Hoffenheim,Werder Bremen,1,3
2015-09-13,2015-16,Schalke 04,Mainz,2,1
2015-09-18,2015-16,Mainz,Hoffenheim,3,1
2015-09-19,2015-16,Darmstadt,Bayern Munich,0,3
2015-09-19,2015-16,FC Koln,M'gladbach,1,0
2015-09-19,2015-16,Hamburg,Ein Frankfurt,0,0
2015-09-19,2015-16,Werder Bremen,Ingolstadt,0,1
2015-09-19,2015-16,Wolfsburg,Hertha,2,0
2015-09-20,2015-16,Augsburg,Hannover,2,0
2015-09-20,2015-16,Dortmund,Leverkusen,3,0
2015-09-20,2015-16,Stuttgart,Schalke 04,0,1
2015-09-22,2015-16,Bayern Munich,Wolfsburg,5,1
2015-09-22,2015-16,Darmstadt,Werder Bremen,2,1
2015-09-22,2015-16,Hertha,FC Koln,2,0
2015-09-22,2015-16,Ingolstadt,Hamburg,0,1
2015-09-23,2015-16,Hannover,Stuttgart,1,3
2015-09-23,2015-16,Hoffenheim,Dortmund,1,1
2015-09-23,2015-16,Leverkusen,Mainz,1,0
2015-09-23,2015-16,M'gladbach,Augsburg,4,2
2015-09-23,2015-16,Schalke 04,Ein Frankfurt,2,0
2015-09-25,2015-16,FC Koln,Ingolstadt,1,1
2015-09-26,2015-16,Augsburg,Hoffenheim,1,3
2015-09-26,2015-16,Hamburg,Schalke 04,0,1
2015-09-26,2015-16,Mainz,Bayern Munich,0,3
2015-09-26,2015-16,Stuttgart,M'gladbach,1,3
2015-09-26,2015-16,Werder Bremen,Leverkusen,0,3
2015-09-26,2015-16,Wolfsburg,Hannover,1,1
2015-09-27,2015-16,Dortmund,Darmstadt,2,2
2015-09-27,2015-16,Ein Frankfurt,Hertha,1,1
2015-10-02,2015-16,Darmstadt,Mainz,2,3
2015-10-03,2015-16,Hannover,Werder Bremen,1,0
2015-10-03,2015-16,Hertha,Hamburg,3,0
2015-10-03,2015-16,Hoffenheim,Stuttgart,2,2
2015-10-03,2015-16,Ingolstadt,Ein Frankfurt,2,0
2015-10-03,2015-16,M'gladbach,Wolfsburg,2,0
2015-10-04,2015-16,Bayern Munich,Dortmund,5,1
2015-10-04,2015-16,Leverkusen,Augsburg,1,1
2015-10-04,2015-16,Schalke 04,FC Koln,0,3
2015-10-16,2015-16,Mainz,Dortmund,0,2
2015-10-17,2015-16,Augsburg,Darmstadt,0,2
2015-10-17,2015-16,Ein Frankfurt,M'gladbach,1,5
2015-10-17,2015-16,Hamburg,Leverkusen,0,0
2015-10-17,2015-16,Schalke 04,Hertha,2,1
2015-10-17,2015-16,Werder Bremen,Bayern Munich,0,1
2015-10-17,2015-16,Wolfsburg,Hoffenheim,4,2
2015-10-18,2015-16,FC Koln,Hannover,0,1
2015-10-18,2015-16,Stuttgart,Ingolstadt,1,0
2015-10-23,2015-16,Hoffenheim,Hamburg,0,1
2015-10-24,2015-16,Bayern Munich,FC Koln,4,0
2015-10-24,2015-16,Darmstadt,Wolfsburg,0,1
2015-10-24,2015-16,Hannover,Ein Frankfurt,1,2
2015-10-24,2015-16,Ingolstadt,Hertha,0,1
2015-10-24,2015-16,Leverkusen,Stuttgart,4,3
2015-10-24,2015-16,Mainz,Werder Bremen,1,3
2015-10-25,2015-16,Dortmund,Augsburg,5,1
2015-10-25,2015-16,M'gladbach,Schalke 04,3,1
2015-10-30,2015-16,Ein Frankfurt,Bayern Munich,0,0
2015-10-31,2015-16,Augsburg,Mainz,3,3
2015-10-31,2015-16,FC Koln,Hoffenheim,0,0
2015-10-31,2015-16,Hertha,M'gladbach,1,4
2015-10-31,2015-16,Schalke 04,Ingolstadt,1,1
2015-10-31,2015-16,Werder Bremen,Dortmund,1,3
2015-10-31,2015-16,Wolfsburg,Leverkusen,2,1
2015-11-01,2015-16,Hamburg,Hannover,1,2
2015-11-01,2015-16,Stuttgart,Darmstadt,2,0
2015-11-06,2015-16,Hannover,Hertha,1,3
2015-11-07,2015-16,Bayern Munich,Stuttgart,4,0
2015-11-07,2015-16,Darmstadt,Hamburg,1,1
2015-11-07,2015-16,Hoffenheim,Ein Frankfurt,0,0
2015-11-07,2015-16,Leverkusen,FC Koln,1,2
2015-11-07,2015-16,Mainz,Wolfsburg,2,0
2015-11-07,2015-16,M'gladbach,Ingolstadt,0,0
2015-11-08,2015-16,Augsburg,Werder Bremen,1,2
2015-11-08,2015-16,Dortmund,Schalke 04,3,2
2015-11-20,2015-16,Hamburg,Dortmund,3,1
2015-11-21,2015-16,Ein Frankfurt,Leverkusen,1,3
2015-11-21,2015-16,FC Koln,Mainz,0,0
2015-11-21,2015-16,M'gladbach,Hannover,2,1
2015-11-21,2015-16,Schalke 04,Bayern Munich,1,3
2015-11-21,2015-16,Stuttgart,Augsburg,0,4
2015-11-21,2015-16,Wolfsburg,Werder Bremen,6,0
2015-11-22,2015-16,Hertha,Hoffenheim,1,0
2015-11-22,2015-16,Ingolstadt,Darmstadt,3,1
2015-11-27,2015-16,Darmstadt,FC Koln,0,0
2015-11-28,2015-16,Bayern Munich,Hertha,2,0
2015-11-28,2015-16,Hannover,Ingolstadt,4,0
2015-11-28,2015-16,Hoffenheim,M'gladbach,3,3
2015-11-28,2015-16,Mainz,Ein Frankfurt,2,1
2015-11-28,2015-16,Werder Bremen,Hamburg,1,3
2015-11-29,2015-16,Augsburg,Wolfsburg,0,0
2015-11-29,2015-16,Dortmund,Stuttgart,4,1
2015-11-29,2015-16,Leverkusen,Schalke 04,1,1
2015-12-04,2015-16,Schalke 04,Hannover,3,1
2015-12-05,2015-16,FC Koln,Augsburg,0,1
2015-12-05,2015-16,Hamburg,Mainz,1,3
2015-12-05,2015-16,Hertha,Leverkusen,2,1
2015-12-05,2015-16,Ingolstadt,Hoffenheim,1,1
2015-12-05,2015-16,M'gladbach,Bayern Munich,3,1
2015-12-05,2015-16,Wolfsburg,Dortmund,1,2
2015-12-06,2015-16,Ein Frankfurt,Darmstadt,0,1
2015-12-06,2015-16,Stuttgart,Werder Bremen,1,1
2015-12-11,2015-16,Mainz,Stuttgart,0,0
2015-12-12,2015-16,Bayern Munich,Ingolstadt,2,0
2015-12-12,2015-16,Darmstadt,Hertha,0,4
2015-12-12,2015-16,Hoffenheim,Hannover,1,0
2015-12-12,2015-16,Leverkusen,M'gladbach,5,0
2015-12-12,2015-16,Werder Bremen,FC Koln,1,1
2015-12-12,2015-16,Wolfsburg,Hamburg,1,1
2015-12-13,2015-16,Augsburg,Schalke 04,2,1
2015-12-13,2015-16,Dortmund,Ein Frankfurt,4,1
2015-12-18,2015-16,Schalke 04,Hoffenheim,1,0
2015-12-19,2015-16,Ein Frankfurt,Werder Bremen,2,1
2015-12-19,2015-16,FC Koln,Dortmund,2,1
2015-12-19,2015-16,Hamburg,Augsburg,0,1
2015-12-19,2015-16,Hannover,Bayern Munich,0,1
2015-12-19,2015-16,Ingolstadt,Leverkusen,0,1
2015-12-19,2015-16,Stuttgart,Wolfsburg,3,1
2015-12-20,2015-16,Hertha,Mainz,2,0
2015-12-20,2015-16,M'gladbach,Darmstadt,3,2
2016-01-22,2015-16,Hamburg,Bayern Munich,1,2
2016-01-23,2015-16,FC Koln,Stuttgart,1,3
2016-01-23,2015-16,Hannover,Darmstadt,1,2
2016-01-23,2015-16,Hertha,Augsburg,0,0
2016-01-23,2015-16,Hoffenheim,Leverkusen,1,1
2016-01-23,2015-16,Ingolstadt,Mainz,1,0
2016-01-23,2015-16,M'gladbach,Dortmund,1,3
2016-01-24,2015-16,Ein Frankfurt,Wolfsburg,3,2
2016-01-24,2015-16,Schalke 04,Werder Bremen,1,3
2016-01-29,2015-16,Mainz,M'gladbach,1,0
2016-01-30,2015-16,Augsburg,Ein Frankfurt,0,0
2016-01-30,2015-16,Darmstadt,Schalke 04,0,2
2016-01-30,2015-16,Dortmund,Ingolstadt,2,0
2016-01-30,2015-16,Leverkusen,Hannover,3,0
2016-01-30,2015-16,Stuttgart,Hamburg,2,1
2016-01-30,2015-16,Werder Bremen,Hertha,3,3
2016-01-31,2015-16,Bayern Munich,Hoffenheim,2,0
2016-01-31,2015-16,Wolfsburg,FC Koln,1,1
2016-02-05,2015-16,M'gladbach,Werder Bremen,5,1
2016-02-06,2015-16,Ein Frankfurt,Stuttgart,2,4
2016-02-06,2015-16,Hannover,Mainz,0,1
2016-02-06,2015-16,Hertha,Dortmund,0,0
2016-02-06,2015-16,Ingolstadt,Augsburg,2,1
2016-02-06,2015-16,Leverkusen,Bayern Munich,0,0
2016-02-06,2015-16,Schalke 04,Wolfsburg,3,0
2016-02-07,2015-16,Hamburg,FC Koln,1,1
2016-02-07,2015-16,Hoffenheim,Darmstadt,0,2
2016-02-12,2015-16,Mainz,Schalke 04,2,1
2016-02-13,2015-16,Darmstadt,Leverkusen,1,2
2016-02-13,2015-16,Dortmund,Hannover,1,0
2016-02-13,2015-16,FC Koln,Ein Frankfurt,3,1
2016-02-13,2015-16,Stuttgart,Hertha,2,0
2016-02-13,2015-16,Werder Bremen,Hoffenheim,1,1
2016-02-13,2015-16,Wolfsburg,Ingolstadt,2,0
2016-02-14,2015-16,Augsburg,Bayern Munich,1,3
2016-02-14,2015-16,Hamburg,M'gladbach,3,2
2016-02-19,2015-16,Ein Frankfurt,Hamburg,0,0
2016-02-20,2015-16,Bayern Munich,Darmstadt,3,1
2016-02-20,2015-16,Hertha,Wolfsburg,1,1
2016-02-20,2015-16,Hoffenheim,Mainz,3,2
2016-02-20,2015-16,Ingolstadt,Werder Bremen,2,0
2016-02-20,2015-16,M'gladbach,FC Koln,1,0
2016-02-21,2015-16,Hannover,Augsburg,0,1
2016-02-21,2015-16,Leverkusen,Dortmund,0,1
2016-02-21,2015-16,Schalke 04,Stuttgart,1,1
2016-02-26,2015-16,FC Koln,Hertha,0,1
2016-02-27,2015-16,Hamburg,Ingolstadt,1,1
2016-02-27,2015-16,Stuttgart,Hannover,1,2
2016-02-27,2015-16,Werder Bremen,Darmstadt,2,2
2016-02-27,2015-16,Wolfsburg,Bayern Munich,0,2
2016-02-28,2015-16,Augsburg,M'gladbach,2,2
2016-02-28,2015-16,Dortmund,Hoffenheim,3,1
2016-02-28,2015-16,Ein Frankfurt,Schalke 04,0,0
2016-02-28,2015-16,Mainz,Leverkusen,3,1
2016-03-01,2015-16,Hannover,Wolfsburg,0,4
2016-03-01,2015-16,Ingolstadt,FC Koln,1,1
2016-03-02,2015-16,Bayern Munich,Mainz,1,2
2016-03-02,2015-16,Darmstadt,Dortmund,0,2
2016-03-02,2015-16,Hertha,Ein Frankfurt,2,0
2016-03-02,2015-16,Hoffenheim,Augsburg,2,1
2016-03-02,2015-16,Leverkusen,Werder Bremen,1,4
2016-03-02,2015-16,M'gladbach,Stuttgart,4,0
2016-03-02,2015-16,Schalke 04,Hamburg,3,2
2016-03-05,2015-16,Augsburg,Leverkusen,3,3
2016-03-05,2015-16,Dortmund,Bayern Munich,0,0
2016-03-05,2015-16,Ein Frankfurt,Ingolstadt,1,1
2016-03-05,2015-16,FC Koln,Schalke 04,1,3
2016-03-05,2015-16,Stuttgart,Hoffenheim,5,1
2016-03-05,2015-16,Werder Bremen,Hannover,4,1
2016-03-05,2015-16,Wolfsburg,M'gladbach,2,1
2016-03-06,2015-16,Hamburg,Hertha,2,0
2016-03-06,2015-16,Mainz,Darmstadt,0,0
2016-03-11,2015-16,Hertha,Schalke 04,2,0
2016-03-12,2015-16,Bayern Munich,Werder Bremen,5,0
2016-03-12,2015-16,Darmstadt,Augsburg,2,2
2016-03-12,2015-16,Hannover,FC Koln,0,2
2016-03-12,2015-16,Hoffenheim,Wolfsburg,1,0
2016-03-12,2015-16,Ingolstadt,Stuttgart,3,3
2016-03-12,2015-16,M'gladbach,Ein Frankfurt,3,0
2016-03-13,2015-16,Dortmund,Mainz,2,0
2016-03-13,2015-16,Leverkusen,Hamburg,1,0
2016-03-18,2015-16,Schalke 04,M'gladbach,2,1
2016-03-19,2015-16,Ein Frankfurt,Hannover,1,0
2016-03-19,2015-16,FC Koln,Bayern Munich,0,1
2016-03-19,2015-16,Hamburg,Hoffenheim,1,3
2016-03-19,2015-16,Hertha,Ingolstadt,2,1
2016-03-19,2015-16,Werder Bremen,Mainz,1,1
2016-03-19,2015-16,Wolfsburg,Darmstadt,1,1
2016-03-20,2015-16,Augsburg,Dortmund,1,3
2016-03-20,2015-16,Stuttgart,Leverkusen,0,2
2016-04-01,2015-16,Leverkusen,Wolfsburg,3,0
2016-04-02,2015-16,Bayern Munich,Ein Frankfurt,1,0
2016-04-02,2015-16,Darmstadt,Stuttgart,2,2
2016-04-02,2015-16,Dortmund,Werder Bremen,3,2
2016-04-02,2015-16,Hannover,Hamburg,0,3
2016-04-02,2015-16,Ingolstadt,Schalke 04,3,0
2016-04-02,2015-16,Mainz,Augsburg,4,2
2016-04-03,2015-16,Hoffenheim,FC Koln,1,1
2016-04-03,2015-16,M'gladbach,Hertha,5,0
2016-04-08,2015-16,Hertha,Hannover,2,2
2016-04-09,2015-16,Ein Frankfurt,Hoffenheim,0,2
2016-04-09,2015-16,Hamburg,Darmstadt,1,2
2016-04-09,2015-16,Ingolstadt,M'gladbach,1,0
2016-04-09,2015-16,Stuttgart,Bayern Munich,1,3
2016-04-09,2015-16,Werder Bremen,Augsburg,1,2
2016-04-09,2015-16,Wolfsburg,Mainz,1,1
2016-04-10,2015-16,FC Koln,Leverkusen,0,2
2016-04-10,2015-16,Schalke 04,Dortmund,2,2
2016-04-15,2015-16,Hannover,M'gladbach,2,0
2016-04-16,2015-16,Augsburg,Stuttgart,1,0
2016-04-16,2015-16,Bayern Munich,Schalke 04,3,0
2016-04-16,2015-16,Darmstadt,Ingolstadt,2,0
2016-04-16,2015-16,Hoffenheim,Hertha,2,1
2016-04-16,2015-16,Leverkusen,Ein Frankfurt,3,0
2016-04-16,2015-16,Werder Bremen,Wolfsburg,3,2
2016-04-17,2015-16,Dortmund,Hamburg,3,0
2016-04-17,2015-16,Mainz,FC Koln,2,3
2016-04-22,2015-16,Hamburg,Werder Bremen,2,1
2016-04-23,2015-16,FC Koln,Darmstadt,4,1
2016-04-23,2015-16,Hertha,Bayern Munich,0,2
2016-04-23,2015-16,Ingolstadt,Hannover,2,2
2016-04-23,2015-16,Schalke 04,Leverkusen,2,3
2016-04-23,2015-16,Stuttgart,Dortmund,0,3
2016-04-23,2015-16,Wolfsburg,Augsburg,0,2
2016-04-24,2015-16,Ein Frankfurt,Mainz,2,1
2016-04-24,2015-16,M'gladbach,Hoffenheim,3,1
2016-04-29,2015-16,Augsburg,FC Koln,0,0
2016-04-30,2015-16,Bayern Munich,M'gladbach,1,1
2016-04-30,2015-16,Darmstadt,Ein Frankfurt,1,2
2016-04-30,2015-16,Dortmund,Wolfsburg,5,1
2016-04-30,2015-16,Hannover,Schalke 04,1,3
2016-04-30,2015-16,Hoffenheim,Ingolstadt,2,1
2016-04-30,2015-16,Leverkusen,Hertha,2,1
2016-04-30,2015-16,Mainz,Hamburg,0,0
2016-05-02,2015-16,Werder Bremen,Stuttgart,6,2
2016-05-07,2015-16,Ein Frankfurt,Dortmund,1,0
2016-05-07,2015-16,FC Koln,Werder Bremen,0,0
2016-05-07,2015-16,Hamburg,Wolfsburg,0,1
2016-05-07,2015-16,Hannover,Hoffenheim,1,0
2016-05-07,2015-16,Hertha,Darmstadt,1,2
2016-05-07,2015-16,Ingolstadt,Bayern Munich,1,2
2016-05-07,2015-16,M'gladbach,Leverkusen,2,1
2016-05-07,2015-16,Schalke 04,Augsburg,1,1
2016-05-07,2015-16,Stuttgart,Mainz,1,3
2016-05-14,2015-16,Augsburg,Hamburg,1,3
2016-05-14,2015-16,Bayern Munich,Hannover,3,1
2016-05-14,2015-16,Darmstadt,M'gladbach,0,2
2016-05-14,2015-16,Dortmund,FC Koln,2,2
2016-05-14,2015-16,Hoffenheim,Schalke 04,1,4
2016-05-14,2015-16,Leverkusen,Ingolstadt,3,2
2016-05-14,2015-16,Mainz,Hertha,0,0
2016-05-14,2015-16,Werder Bremen,Ein Frankfurt,1,0
2016-05-14,2015-16,Wolfsburg,Stuttgart,3,1
2016-08-26,2016-17,Bayern Munich,Werder Bremen,6,0
2016-08-27,2016-17,Augsburg,Wolfsburg,0,2
2016-08-27,2016-17,Dortmund,Mainz,2,1
2016-08-27,2016-17,Ein Frankfurt,Schalke 04,1,0
2016-08-27,2016-17,FC Koln,Darmstadt,2,0
2016-08-27,2016-17,Hamburg,Ingolstadt,1,1
2016-08-27,2016-17,M'gladbach,Leverkusen,2,1
2016-08-28,2016-17,Hertha,Freiburg,2,1
2016-08-28,2016-17,Hoffenheim,RB Leipzig,2,2
2016-09-09,2016-17,Schalke 04,Bayern Munich,0,2
2016-09-10,2016-17,Darmstadt,Ein Frankfurt,1,0
2016-09-10,2016-17,Freiburg,M'gladbach,3,1
2016-09-10,2016-17,Ingolstadt,Hertha,0,2
2016-09-10,2016-17,Leverkusen,Hamburg,3,1
2016-09-10,2016-17,RB Leipzig,Dortmund,1,0
2016-09-10,2016-17,Wolfsburg,FC Koln,0,0
2016-09-11,2016-17,Mainz,Hoffenheim,4,4
2016-09-11,2016-17,Werder Bremen,Augsburg,1,2
2016-09-16,2016-17,FC Koln,Freiburg,3,0
2016-09-17,2016-17,Bayern Munich,Ingolstadt,3,1
2016-09-17,2016-17,Dortmund,Darmstadt,6,0
2016-09-17,2016-17,Ein Frankfurt,Leverkusen,2,1
2016-09-17,2016-17,Hamburg,RB Leipzig,0,4
2016-09-17,2016-17,Hoffenheim,Wolfsburg,0,0
2016-09-17,2016-17,M'gladbach,Werder Bremen,4,1
2016-09-18,2016-17,Augsburg,Mainz,1,3
2016-09-18,2016-17,Hertha,Schalke 04,2,0
2016-09-20,2016-17,Darmstadt,Hoffenheim,1,1
2016-09-20,2016-17,Freiburg,Hamburg,1,0
2016-09-20,2016-17,Ingolstadt,Ein Frankfurt,0,2
2016-09-20,2016-17,Wolfsburg,Dortmund,1,5
2016-09-21,2016-17,Bayern Munich,Hertha,3,0
2016-09-21,2016-17,Leverkusen,Augsburg,0,0
2016-09-21,2016-17,RB Leipzig,M'gladbach,1,1
2016-09-21,2016-17,Schalke 04,FC Koln,1,3
2016-09-21,2016-17,Werder Bremen,Mainz,1,2
2016-09-23,2016-17,Dortmund,Freiburg,3,1
2016-09-24,2016-17,Augsburg,Darmstadt,1,0
2016-09-24,2016-17,Ein Frankfurt,Hertha,3,3
2016-09-24,2016-17,Hamburg,Bayern Munich,0,1
2016-09-24,2016-17,Mainz,Leverkusen,2,3
2016-09-24,2016-17,M'gladbach,Ingolstadt,2,0
2016-09-24,2016-17,Werder Bremen,Wolfsburg,2,1
2016-09-25,2016-17,FC Koln,RB Leipzig,1,1
2016-09-25,2016-17,Hoffenheim,Schalke 04,2,1
2016-09-30,2016-17,RB Leipzig,Augsburg,2,1
2016-10-01,2016-17,Bayern Munich,FC Koln,1,1
2016-10-01,2016-17,Darmstadt,Werder Bremen,2,2
2016-10-01,2016-17,Freiburg,Ein Frankfurt,1,0
2016-10-01,2016-17,Hertha,Hamburg,2,0
2016-10-01,2016-17,Ingolstadt,Hoffenheim,1,2
2016-10-01,2016-17,Leverkusen,Dortmund,2,0
2016-10-02,2016-17,Schalke 04,M'gladbach,4,0
2016-10-02,2016-17,Wolfsburg,Mainz,0,0
2016-10-14,2016-17,Dortmund,Hertha,1,1
2016-10-15,2016-17,Augsburg,Schalke 04,1,1
2016-10-15,2016-17,Ein Frankfurt,Bayern Munich,2,2
2016-10-15,2016-17,FC Koln,Ingolstadt,2,1
2016-10-15,2016-17,Hoffenheim,Freiburg,2,1
2016-10-15,2016-17,M'gladbach,Hamburg,0,0
2016-10-15,2016-17,Werder Bremen,Leverkusen,2,1
2016-10-16,2016-17,Mainz,Darmstadt,2,1
2016-10-16,2016-17,Wolfsburg,RB Leipzig,0,1
2016-10-21,2016-17,Hamburg,Ein Frankfurt,0,3
2016-10-22,2016-17,Bayern Munich,M'gladbach,2,0
2016-10-22,2016-17,Darmstadt,Wolfsburg,3,1
2016-10-22,2016-17,Freiburg,Augsburg,2,1
2016-10-22,2016-17,Hertha,FC Koln,2,1
2016-10-22,2016-17,Ingolstadt,Dortmund,3,3
2016-10-22,2016-17,Leverkusen,Hoffenheim,0,3
2016-10-23,2016-17,RB Leipzig,Werder Bremen,3,1
2016-10-23,2016-17,Schalke 04,Mainz,3,0
2016-10-28,2016-17,M'gladbach,Ein Frankfurt,0,0
2016-10-29,2016-17,Augsburg,Bayern Munich,1,3
2016-10-29,2016-17,Darmstadt,RB Leipzig,0,2
2016-10-29,2016-17,Dortmund,Schalke 04,0,0
2016-10-29,2016-17,Mainz,Ingolstadt,2,0
2016-10-29,2016-17,Werder Bremen,Freiburg,1,3
2016-10-29,2016-17,Wolfsburg,Leverkusen,1,2
2016-10-30,2016-17,FC Koln,Hamburg,3,0
2016-10-30,2016-17,Hoffenheim,Hertha,1,0
2016-11-04,2016-17,Hertha,M'gladbach,3,0
2016-11-05,2016-17,Bayern Munich,Hoffenheim,1,1
2016-11-05,2016-17,Ein Frankfurt,FC Koln,1,0
2016-11-05,2016-17,Freiburg,Wolfsburg,0,3
2016-11-05,2016-17,Hamburg,Dortmund,2,5
2016-11-05,2016-17,Ingolstadt,Augsburg,0,2
2016-11-05,2016-17,Leverkusen,Darmstadt,3,2
2016-11-06,2016-17,RB Leipzig,Mainz,3,1
2016-11-06,2016-17,Schalke 04,Werder Bremen,3,1
2016-11-18,2016-17,Leverkusen,RB Leipzig,2,3
2016-11-19,2016-17,Augsburg,Hertha,0,0
2016-11-19,2016-17,Darmstadt,Ingolstadt,0,1
2016-11-19,2016-17,Dortmund,Bayern Munich,1,0
2016-11-19,2016-17,Mainz,Freiburg,4,2
2016-11-19,2016-17,M'gladbach,FC Koln,1,2
2016-11-19,2016-17,Wolfsburg,Schalke 04,0,1
2016-11-20,2016-17,Hoffenheim,Hamburg,2,2
2016-11-20,2016-17,Werder Bremen,Ein Frankfurt,1,2
2016-11-25,2016-17,Freiburg,RB Leipzig,1,4
2016-11-26,2016-17,Bayern Munich,Leverkusen,2,1
2016-11-26,2016-17,Ein Frankfurt,Dortmund,2,1
2016-11-26,2016-17,FC Koln,Augsburg,0,0
2016-11-26,2016-17,Hamburg,Werder Bremen,2,2
2016-11-26,2016-17,Ingolstadt,Wolfsburg,1,1
2016-11-26,2016-17,M'gladbach,Hoffenheim,1,1
2016-11-27,2016-17,Hertha,Mainz,2,1
2016-11-27,2016-17,Schalke 04,Darmstadt,3,1
2016-12-02,2016-17,Mainz,Bayern Munich,1,3
2016-12-03,2016-17,Dortmund,M'gladbach,4,1
2016-12-03,2016-17,Hoffenheim,FC Koln,4,0
2016-12-03,2016-17,Leverkusen,Freiburg,1,1
2016-12-03,2016-17,RB Leipzig,Schalke 04,2,1
2016-12-03,2016-17,Werder Bremen,Ingolstadt,2,1
2016-12-03,2016-17,Wolfsburg,Hertha,2,3
2016-12-04,2016-17,Augsburg,Ein Frankfurt,1,1
2016-12-04,2016-17,Darmstadt,Hamburg,0,2
2016-12-09,2016-17,Ein Frankfurt,Hoffenheim,0,0
2016-12-10,2016-17,Bayern Munich,Wolfsburg,5,0
2016-12-10,2016-17,FC Koln,Dortmund,1,1
2016-12-10,2016-17,Freiburg,Darmstadt,1,0
2016-12-10,2016-17,Hamburg,Augsburg,1,0
2016-12-10,2016-17,Hertha,Werder Bremen,0,1
2016-12-10,2016-17,Ingolstadt,RB Leipzig,1,0
2016-12-11,2016-17,M'gladbach,Mainz,1,0
2016-12-11,2016-17,Schalke 04,Leverkusen,0,1
2016-12-16,2016-17,Hoffenheim,Dortmund,2,2
2016-12-17,2016-17,Augsburg,M'gladbach,1,0
2016-12-17,2016-17,Mainz,Hamburg,3,1
2016-12-17,2016-17,RB Leipzig,Hertha,2,0
2016-12-17,2016-17,Schalke 04,Freiburg,1,1
2016-12-17,2016-17,Werder Bremen,FC Koln,1,1
2016-12-17,2016-17,Wolfsburg,Ein Frankfurt,1,0
2016-12-18,2016-17,Darmstadt,Bayern Munich,0,1
2016-12-18,2016-17,Leverkusen,Ingolstadt,1,2
2016-12-20,2016-17,Dortmund,Augsburg,1,1
2016-12-20,2016-17,Ein Frankfurt,Mainz,3,0
2016-12-20,2016-17,Hamburg,Schalke 04,2,1
2016-12-20,2016-17,M'gladbach,Wolfsburg,1,2
2016-12-21,2016-17,Bayern Munich,RB Leipzig,3,0
2016-12-21,2016-17,FC Koln,Leverkusen,1,1
2016-12-21,2016-17,Hertha,Darmstadt,2,0
2016-12-21,2016-17,Hoffenheim,Werder Bremen,1,1
2016-12-21,2016-17,Ingolstadt,Freiburg,1,2
2017-01-20,2016-17,Freiburg,Bayern Munich,1,2
2017-01-21,2016-17,Augsburg,Hoffenheim,0,2
2017-01-21,2016-17,Darmstadt,M'gladbach,0,0
2017-01-21,2016-17,RB Leipzig,Ein Frankfurt,3,0
2017-01-21,2016-17,Schalke 04,Ingolstadt,1,0
2017-01-21,2016-17,Werder Bremen,Dortmund,1,2
2017-01-21,2016-17,Wolfsburg,Hamburg,1,0
2017-01-22,2016-17,Leverkusen,Hertha,3,1
2017-01-22,2016-17,Mainz,FC Koln,0,0
2017-01-27,2016-17,Schalke 04,Ein Frankfurt,0,1
2017-01-28,2016-17,Darmstadt,FC Koln,1,6
2017-01-28,2016-17,Ingolstadt,Hamburg,3,1
2017-01-28,2016-17,Leverkusen,M'gladbach,2,3
2017-01-28,2016-17,RB Leipzig,Hoffenheim,2,1
2017-01-28,2016-17,Werder Bremen,Bayern Munich,1,2
2017-01-28,2016-17,Wolfsburg,Augsburg,1,2
2017-01-29,2016-17,Freiburg,Hertha,2,1
2017-01-29,2016-17,Mainz,Dortmund,1,1
2017-02-03,2016-17,Hamburg,Leverkusen,1,0
2017-02-04,2016-17,Bayern Munich,Schalke 04,1,1
2017-02-04,2016-17,Dortmund,RB Leipzig,1,0
2017-02-04,2016-17,FC Koln,Wolfsburg,1,0
2017-02-04,2016-17,Hertha,Ingolstadt,1,0
2017-02-04,2016-17,Hoffenheim,Mainz,4,0
2017-02-04,2016-17,M'gladbach,Freiburg,3,0
2017-02-05,2016-17,Augsburg,Werder Bremen,3,2
2017-02-05,2016-17,Ein Frankfurt,Darmstadt,2,0
2017-02-10,2016-17,Mainz,Augsburg,2,0
2017-02-11,2016-17,Darmstadt,Dortmund,2,1
2017-02-11,2016-17,Ingolstadt,Bayern Munich,0,2
2017-02-11,2016-17,Leverkusen,Ein Frankfurt,3,0
2017-02-11,2016-17,RB Leipzig,Hamburg,0,3
2017-02-11,2016-17,Schalke 04,Hertha,2,0
2017-02-11,2016-17,Werder Bremen,M'gladbach,0,1
2017-02-12,2016-17,Freiburg,FC Koln,2,1
2017-02-12,2016-17,Wolfsburg,Hoffenheim,2,1
2017-02-17,2016-17,Augsburg,Leverkusen,1,3
2017-02-18,2016-17,Dortmund,Wolfsburg,3,0
2017-02-18,2016-17,Ein Frankfurt,Ingolstadt,0,2
2017-02-18,2016-17,Hamburg,Freiburg,2,2
2017-02-18,2016-17,Hertha,Bayern Munich,1,1
2017-02-18,2016-17,Hoffenheim,Darmstadt,2,0
2017-02-18,2016-17,Mainz,Werder Bremen,0,2
2017-02-19,2016-17,FC Koln,Schalke 04,1,1
2017-02-19,2016-17,M'gladbach,RB Leipzig,1,2
2017-02-24,2016-17,Wolfsburg,Werder Bremen,1,2
2017-02-25,2016-17,Bayern Munich,Hamburg,8,0
2017-02-25,2016-17,Darmstadt,Augsburg,1,2
2017-02-25,2016-17,Freiburg,Dortmund,0,3
2017-02-25,2016-17,Hertha,Ein Frankfurt,2,0
2017-02-25,2016-17,Leverkusen,Mainz,0,2
2017-02-25,2016-17,RB Leipzig,FC Koln,3,1
2017-02-26,2016-17,Ingolstadt,M'gladbach,0,2
2017-02-26,2016-17,Schalke 04,Hoffenheim,1,1
2017-03-03,2016-17,Augsburg,RB Leipzig,2,2
2017-03-04,2016-17,Dortmund,Leverkusen,6,2
2017-03-04,2016-17,FC Koln,Bayern Munich,0,3
2017-03-04,2016-17,Hoffenheim,Ingolstadt,5,2
2017-03-04,2016-17,Mainz,Wolfsburg,1,1
2017-03-04,2016-17,M'gladbach,Schalke 04,4,2
2017-03-04,2016-17,Werder Bremen,Darmstadt,2,0
2017-03-05,2016-17,Ein Frankfurt,Freiburg,1,2
2017-03-05,2016-17,Hamburg,Hertha,1,0
2017-03-10,2016-17,Leverkusen,Werder Bremen,1,1
2017-03-11,2016-17,Bayern Munich,Ein Frankfurt,3,0
2017-03-11,2016-17,Darmstadt,Mainz,2,1
2017-03-11,2016-17,Freiburg,Hoffenheim,1,1
2017-03-11,2016-17,Hertha,Dortmund,2,1
2017-03-11,2016-17,Ingolstadt,FC Koln,2,2
2017-03-11,2016-17,RB Leipzig,Wolfsburg,0,1
2017-03-12,2016-17,Hamburg,M'gladbach,2,1
2017-03-12,2016-17,Schalke 04,Augsburg,3,0
2017-03-17,2016-17,Dortmund,Ingolstadt,1,0
2017-03-18,2016-17,Augsburg,Freiburg,1,1
2017-03-18,2016-17,Ein Frankfurt,Hamburg,0,0
2017-03-18,2016-17,FC Koln,Hertha,4,2
2017-03-18,2016-17,Hoffenheim,Leverkusen,1,0
2017-03-18,2016-17,Werder Bremen,RB Leipzig,3,0
2017-03-18,2016-17,Wolfsburg,Darmstadt,1,0
2017-03-19,2016-17,Mainz,Schalke 04,0,1
2017-03-19,2016-17,M'gladbach,Bayern Munich,0,1
2017-03-31,2016-17,Hertha,Hoffenheim,1,3
2017-04-01,2016-17,Bayern Munich,Augsburg,6,0
2017-04-01,2016-17,Ein Frankfurt,M'gladbach,0,0
2017-04-01,2016-17,Freiburg,Werder Bremen,2,5
2017-04-01,2016-17,Hamburg,FC Koln,2,1
2017-04-01,2016-17,RB Leipzig,Darmstadt,4,0
2017-04-01,2016-17,Schalke 04,Dortmund,1,1
2017-04-02,2016-17,Ingolstadt,Mainz,2,1
2017-04-02,2016-17,Leverkusen,Wolfsburg,3,3
2017-04-04,2016-17,Dortmund,Hamburg,3,0
2017-04-04,2016-17,FC Koln,Ein Frankfurt,1,0
2017-04-04,2016-17,Hoffenheim,Bayern Munich,1,0
2017-04-04,2016-17,Werder Bremen,Schalke 04,3,0
2017-04-05,2016-17,Augsburg,Ingolstadt,2,3
2017-04-05,2016-17,Darmstadt,Leverkusen,0,2
2017-04-05,2016-17,Mainz,RB Leipzig,2,3
2017-04-05,2016-17,M'gladbach,Hertha,1,0
2017-04-05,2016-17,Wolfsburg,Freiburg,0,1
2017-04-07,2016-17,Ein Frankfurt,Werder Bremen,2,2
2017-04-08,2016-17,Bayern Munich,Dortmund,4,1
2017-04-08,2016-17,FC Koln,M'gladbach,2,3
2017-04-08,2016-17,Freiburg,Mainz,1,0
2017-04-08,2016-17,Hamburg,Hoffenheim,2,1
2017-04-08,2016-17,RB Leipzig,Leverkusen,1,0
2017-04-08,2016-17,Schalke 04,Wolfsburg,4,1
2017-04-09,2016-17,Hertha,Augsburg,2,0
2017-04-09,2016-17,Ingolstadt,Darmstadt,3,2
2017-04-15,2016-17,Augsburg,FC Koln,2,1
2017-04-15,2016-17,Dortmund,Ein Frankfurt,3,1
2017-04-15,2016-17,Hoffenheim,M'gladbach,5,3
2017-04-15,2016-17,Leverkusen,Bayern Munich,0,0
2017-04-15,2016-17,Mainz,Hertha,1,0
2017-04-15,2016-17,RB Leipzig,Freiburg,4,0
2017-04-15,2016-17,Wolfsburg,Ingolstadt,3,0
2017-04-16,2016-17,Darmstadt,Schalke 04,2,1
2017-04-16,2016-17,Werder Bremen,Hamburg,2,1
2017-04-21,2016-17,FC Koln,Hoffenheim,1,1
2017-04-22,2016-17,Bayern Munich,Mainz,2,2
2017-04-22,2016-17,Ein Frankfurt,Augsburg,3,1
2017-04-22,2016-17,Hamburg,Darmstadt,1,2
2017-04-22,2016-17,Hertha,Wolfsburg,1,0
2017-04-22,2016-17,Ingolstadt,Werder Bremen,2,4
2017-04-22,2016-17,M'gladbach,Dortmund,2,3
2017-04-23,2016-17,Freiburg,Leverkusen,2,1
2017-04-23,2016-17,Schalke 04,RB Leipzig,1,1
2017-04-28,2016-17,Leverkusen,Schalke 04,1,4
2017-04-29,2016-17,Darmstadt,Freiburg,3,0
2017-04-29,2016-17,Dortmund,FC Koln,0,0
2017-04-29,2016-17,Mainz,M'gladbach,1,2
2017-04-29,2016-17,RB Leipzig,Ingolstadt,0,0
2017-04-29,2016-17,Werder Bremen,Hertha,2,0
2017-04-29,2016-17,Wolfsburg,Bayern Munich,0,6
2017-04-30,2016-17,Augsburg,Hamburg,4,0
2017-04-30,2016-17,Hoffenheim,Ein Frankfurt,1,0
2017-05-05,2016-17,FC Koln,Werder Bremen,4,3
2017-05-06,2016-17,Bayern Munich,Darmstadt,1,0
2017-05-06,2016-17,Dortmund,Hoffenheim,2,1
2017-05-06,2016-17,Ein Frankfurt,Wolfsburg,0,2
2017-05-06,2016-17,Hertha,RB Leipzig,1,4
2017-05-06,2016-17,Ingolstadt,Leverkusen,1,1
2017-05-06,2016-17,M'gladbach,Augsburg,1,1
2017-05-07,2016-17,Freiburg,Schalke 04,2,0
2017-05-07,2016-17,Hamburg,Mainz,0,0
2017-05-13,2016-17,Augsburg,Dortmund,1,1
2017-05-13,2016-17,Darmstadt,Hertha,0,2
2017-05-13,2016-17,Freiburg,Ingolstadt,1,1
2017-05-13,2016-17,Leverkusen,FC Koln,2,2
2017-05-13,2016-17,Mainz,Ein Frankfurt,4,2
2017-05-13,2016-17,RB Leipzig,Bayern Munich,4,5
2017-05-13,2016-17,Schalke 04,Hamburg,1,1
2017-05-13,2016-17,Werder Bremen,Hoffenheim,3,5
2017-05-13,2016-17,Wolfsburg,M'gladbach,1,1
2017-05-20,2016-17,Bayern Munich,Freiburg,4,1
2017-05-20,2016-17,Dortmund,Werder Bremen,4,3
2017-05-20,2016-17,Ein Frankfurt,RB Leipzig,2,2
2017-05-20,2016-17,FC Koln,Mainz,2,0
2017-05-20,2016-17,Hamburg,Wolfsburg,2,1
2017-05-20,2016-17,Hertha,Leverkusen,2,6
2017-05-20,2016-17,Hoffenheim,Augsburg,0,0
2017-05-20,2016-17,Ingolstadt,Schalke 04,1,1
2017-05-20,2016-17,M'gladbach,Darmstadt,2,2
2017-08-18,2017-18,Bayern Munich,Leverkusen,3,1
2017-08-19,2017-18,Hamburg,Augsburg,1,0
2017-08-19,2017-18,Hertha,Stuttgart,2,0
2017-08-19,2017-18,Hoffenheim,Werder Bremen,1,0
2017-08-19,2017-18,Mainz,Hannover,0,1
2017-08-19,2017-18,Schalke 04,RB Leipzig,2,0
2017-08-19,2017-18,Wolfsburg,Dortmund,0,3
2017-08-20,2017-18,Freiburg,Ein Frankfurt,0,0
2017-08-20,2017-18,M'gladbach,FC Koln,1,0
2017-08-25,2017-18,FC Koln,Hamburg,1,3
2017-08-26,2017-18,Augsburg,M'gladbach,2,2
2017-08-26,2017-18,Dortmund,Hertha,2,0
2017-08-26,2017-18,Ein Frankfurt,Wolfsburg,0,1
2017-08-26,2017-18,Leverkusen,Hoffenheim,2,2
2017-08-26,2017-18,Stuttgart,Mainz,1,0
2017-08-26,2017-18,Werder Bremen,Bayern Munich,0,2
2017-08-27,2017-18,Hannover,Schalke 04,1,0
2017-08-27,2017-18,RB Leipzig,Freiburg,4,1
2017-09-08,2017-18,Hamburg,RB Leipzig,0,2
2017-09-09,2017-18,Augsburg,FC Koln,3,0
2017-09-09,2017-18,Freiburg,Dortmund,0,0
2017-09-09,2017-18,Hoffenheim,Bayern Munich,2,0
2017-09-09,2017-18,Mainz,Leverkusen,3,1
2017-09-09,2017-18,M'gladbach,Ein Frankfurt,0,1
2017-09-09,2017-18,Wolfsburg,Hannover,1,1
2017-09-10,2017-18,Hertha,Werder Bremen,1,1
2017-09-10,2017-18,Schalke 04,Stuttgart,3,1
2017-09-15,2017-18,Hannover,Hamburg,2,0
2017-09-16,2017-18,Bayern Munich,Mainz,4,0
2017-09-16,2017-18,Ein Frankfurt,Augsburg,1,2
2017-09-16,2017-18,RB Leipzig,M'gladbach,2,2
2017-09-16,2017-18,Stuttgart,Wolfsburg,1,0
2017-09-16,2017-18,Werder Bremen,Schalke 04,1,2
2017-09-17,2017-18,Dortmund,FC Koln,5,0
2017-09-17,2017-18,Hoffenheim,Hertha,1,1
2017-09-17,2017-18,Leverkusen,Freiburg,4,0
2017-09-19,2017-18,Augsburg,RB Leipzig,1,0
2017-09-19,2017-18,M'gladbach,Stuttgart,2,0
2017-09-19,2017-18,Schalke 04,Bayern Munich,0,3
2017-09-19,2017-18,Wolfsburg,Werder Bremen,1,1
2017-09-20,2017-18,FC Koln,Ein Frankfurt,0,1
2017-09-20,2017-18,Freiburg,Hannover,1,1
2017-09-20,2017-18,Hamburg,Dortmund,0,3
2017-09-20,2017-18,Hertha,Leverkusen,2,1
2017-09-20,2017-18,Mainz,Hoffenheim,2,3
2017-09-22,2017-18,Bayern Munich,Wolfsburg,2,2
2017-09-23,2017-18,Dortmund,M'gladbach,6,1
2017-09-23,2017-18,Hoffenheim,Schalke 04,2,0
2017-09-23,2017-18,Mainz,Hertha,1,0
2017-09-23,2017-18,RB Leipzig,Ein Frankfurt,2,1
2017-09-23,2017-18,Stuttgart,Augsburg,0,0
2017-09-23,2017-18,Werder Bremen,Freiburg,0,0
2017-09-24,2017-18,Hannover,FC Koln,0,0
2017-09-24,2017-18,Leverkusen,Hamburg,3,0
2017-09-29,2017-18,Schalke 04,Leverkusen,1,1
2017-09-30,2017-18,Augsburg,Dortmund,1,2
2017-09-30,2017-18,Ein Frankfurt,Stuttgart,2,1
2017-09-30,2017-18,Hamburg,Werder Bremen,0,0
2017-09-30,2017-18,M'gladbach,Hannover,2,1
2017-09-30,2017-18,Wolfsburg,Mainz,1,1
2017-10-01,2017-18,FC Koln,RB Leipzig,1,2
2017-10-01,2017-18,Freiburg,Hoffenheim,3,2
2017-10-01,2017-18,Hertha,Bayern Munich,2,2
2017-10-13,2017-18,Stuttgart,FC Koln,2,1
2017-10-14,2017-18,Bayern Munich,Freiburg,5,0
2017-10-14,2017-18,Dortmund,RB Leipzig,2,3
2017-10-14,2017-18,Hannover,Ein Frankfurt,1,2
2017-10-14,2017-18,Hertha,Schalke 04,0,2
2017-10-14,2017-18,Hoffenheim,Augsburg,2,2
2017-10-14,2017-18,Mainz,Hamburg,3,2
2017-10-15,2017-18,Leverkusen,Wolfsburg,2,2
2017-10-15,2017-18,Werder Bremen,M'gladbach,0,2
2017-10-20,2017-18,Schalke 04,Mainz,2,0
2017-10-21,2017-18,Augsburg,Hannover,1,2
2017-10-21,2017-18,Ein Frankfurt,Dortmund,2,2
2017-10-21,2017-18,Hamburg,Bayern Munich,0,1
2017-10-21,2017-18,M'gladbach,Leverkusen,1,5
2017-10-21,2017-18,RB Leipzig,Stuttgart,1,0
2017-10-22,2017-18,FC Koln,Werder Bremen,0,0
2017-10-22,2017-18,Freiburg,Hertha,1,1
2017-10-22,2017-18,Wolfsburg,Hoffenheim,1,1
2017-10-27,2017-18,Mainz,Ein Frankfurt,1,1
2017-10-28,2017-18,Bayern Munich,RB Leipzig,2,0
2017-10-28,2017-18,Hannover,Dortmund,4,2
2017-10-28,2017-18,Hertha,Hamburg,2,1
2017-10-28,2017-18,Hoffenheim,M'gladbach,1,3
2017-10-28,2017-18,Leverkusen,FC Koln,2,1
2017-10-28,2017-18,Schalke 04,Wolfsburg,1,1
2017-10-29,2017-18,Stuttgart,Freiburg,3,0
2017-10-29,2017-18,Werder Bremen,Augsburg,0,3
2017-11-03,2017-18,Ein Frankfurt,Werder Bremen,2,1
2017-11-04,2017-18,Augsburg,Leverkusen,1,1
2017-11-04,2017-18,Dortmund,Bayern Munich,1,3
2017-11-04,2017-18,Freiburg,Schalke 04,0,1
2017-11-04,2017-18,Hamburg,Stuttgart,3,1
2017-11-04,2017-18,M'gladbach,Mainz,1,1
2017-11-04,2017-18,RB Leipzig,Hannover,2,1
2017-11-05,2017-18,FC Koln,Hoffenheim,0,3
2017-11-05,2017-18,Wolfsburg,Hertha,3,3
2017-11-17,2017-18,Stuttgart,Dortmund,2,1
2017-11-18,2017-18,Bayern Munich,Augsburg,3,0
2017-11-18,2017-18,Hertha,M'gladbach,2,4
2017-11-18,2017-18,Hoffenheim,Ein Frankfurt,1,1
2017-11-18,2017-18,Leverkusen,RB Leipzig,2,2
2017-11-18,2017-18,Mainz,FC Koln,1,0
2017-11-18,2017-18,Wolfsburg,Freiburg,3,1
2017-11-19,2017-18,Schalke 04,Hamburg,2,0
2017-11-19,2017-18,Werder Bremen,Hannover,4,0
2017-11-24,2017-18,Hannover,Stuttgart,1,1
2017-11-25,2017-18,Augsburg,Wolfsburg,2,1
2017-11-25,2017-18,Dortmund,Schalke 04,4,4
2017-11-25,2017-18,Ein Frankfurt,Leverkusen,0,1
2017-11-25,2017-18,Freiburg,Mainz,2,1
2017-11-25,2017-18,M'gladbach,Bayern Munich,2,1
2017-11-25,2017-18,RB Leipzig,Werder Bremen,2,0
2017-11-26,2017-18,FC Koln,Hertha,0,2
2017-11-26,2017-18,Hamburg,Hoffenheim,3,0
2017-12-01,2017-18,Freiburg,Hamburg,0,0
2017-12-02,2017-18,Bayern Munich,Hannover,3,1
2017-12-02,2017-18,Hoffenheim,RB Leipzig,4,0
2017-12-02,2017-18,Leverkusen,Dortmund,1,1
2017-12-02,2017-18,Mainz,Augsburg,1,3
2017-12-02,2017-18,Schalke 04,FC Koln,2,2
2017-12-02,2017-18,Werder Bremen,Stuttgart,1,0
2017-12-03,2017-18,Hertha,Ein Frankfurt,1,2
2017-12-03,2017-18,Wolfsburg,M'gladbach,3,0
2017-12-08,2017-18,Stuttgart,Leverkusen,0,2
2017-12-09,2017-18,Dortmund,Werder Bremen,1,2
2017-12-09,2017-18,Ein Frankfurt,Bayern Munich,0,1
2017-12-09,2017-18,Hamburg,Wolfsburg,0,0
2017-12-09,2017-18,M'gladbach,Schalke 04,1,1
2017-12-09,2017-18,RB Leipzig,Mainz,2,2
2017-12-10,2017-18,Augsburg,Hertha,1,1
2017-12-10,2017-18,FC Koln,Freiburg,3,4
2017-12-10,2017-18,Hannover,Hoffenheim,2,0
2017-12-12,2017-18,Freiburg,M'gladbach,1,0
2017-12-12,2017-18,Hamburg,Ein Frankfurt,1,2
2017-12-12,2017-18,Mainz,Dortmund,0,2
2017-12-12,2017-18,Wolfsburg,RB Leipzig,1,1
2017-12-13,2017-18,Bayern Munich,FC Koln,1,0
2017-12-13,2017-18,Hertha,Hannover,3,1
2017-12-13,2017-18,Hoffenheim,Stuttgart,1,0
2017-12-13,2017-18,Leverkusen,Werder Bremen,1,0
2017-12-13,2017-18,Schalke 04,Augsburg,3,2
2017-12-15,2017-18,M'gladbach,Hamburg,3,1
2017-12-16,2017-18,Augsburg,Freiburg,3,3
2017-12-16,2017-18,Dortmund,Hoffenheim,2,1
2017-12-16,2017-18,Ein Frankfurt,Schalke 04,2,2
2017-12-16,2017-18,FC Koln,Wolfsburg,1,0
2017-12-16,2017-18,Stuttgart,Bayern Munich,0,1
2017-12-16,2017-18,Werder Bremen,Mainz,2,2
2017-12-17,2017-18,Hannover,Leverkusen,4,4
2017-12-17,2017-18,RB Leipzig,Hertha,2,3
2018-01-12,2017-18,Leverkusen,Bayern Munich,1,3
2018-01-13,2017-18,Augsburg,Hamburg,1,0
2018-01-13,2017-18,Ein Frankfurt,Freiburg,1,1
2018-01-13,2017-18,Hannover,Mainz,3,2
2018-01-13,2017-18,RB Leipzig,Schalke 04,3,1
2018-01-13,2017-18,Stuttgart,Hertha,1,0
2018-01-13,2017-18,Werder Bremen,Hoffenheim,1,1
2018-01-14,2017-18,Dortmund,Wolfsburg,0,0
2018-01-14,2017-18,FC Koln,M'gladbach,2,1
2018-01-19,2017-18,Hertha,Dortmund,1,1
2018-01-20,2017-18,Freiburg,RB Leipzig,2,1
2018-01-20,2017-18,Hamburg,FC Koln,0,2
2018-01-20,2017-18,Hoffenheim,Leverkusen,1,4
2018-01-20,2017-18,Mainz,Stuttgart,3,2
2018-01-20,2017-18,M'gladbach,Augsburg,2,0
2018-01-20,2017-18,Wolfsburg,Ein Frankfurt,1,3
2018-01-21,2017-18,Bayern Munich,Werder Bremen,4,2
2018-01-21,2017-18,Schalke 04,Hannover,1,1
2018-01-26,2017-18,Ein Frankfurt,M'gladbach,2,0
2018-01-27,2017-18,Bayern Munich,Hoffenheim,5,2
2018-01-27,2017-18,Dortmund,Freiburg,2,2
2018-01-27,2017-18,FC Koln,Augsburg,1,1
2018-01-27,2017-18,RB Leipzig,Hamburg,1,1
2018-01-27,2017-18,Stuttgart,Schalke 04,0,2
2018-01-27,2017-18,Werder Bremen,Hertha,0,0
2018-01-28,2017-18,Hannover,Wolfsburg,0,1
2018-01-28,2017-18,Leverkusen,Mainz,2,0
2018-02-02,2017-18,FC Koln,Dortmund,2,3
2018-02-03,2017-18,Freiburg,Leverkusen,0,0
2018-02-03,2017-18,Hertha,Hoffenheim,1,1
2018-02-03,2017-18,Mainz,Bayern Munich,0,2
2018-02-03,2017-18,M'gladbach,RB Leipzig,0,1
2018-02-03,2017-18,Schalke 04,Werder Bremen,1,2
2018-02-03,2017-18,Wolfsburg,Stuttgart,1,1
2018-02-04,2017-18,Augsburg,Ein Frankfurt,3,0
2018-02-04,2017-18,Hamburg,Hannover,1,1
2018-02-09,2017-18,RB Leipzig,Augsburg,2,0
2018-02-10,2017-18,Bayern Munich,Schalke 04,2,1
2018-02-10,2017-18,Dortmund,Hamburg,2,0
2018-02-10,2017-18,Ein Frankfurt,FC Koln,4,2
2018-02-10,2017-18,Hannover,Freiburg,2,1
2018-02-10,2017-18,Hoffenheim,Mainz,4,2
2018-02-10,2017-18,Leverkusen,Hertha,0,2
2018-02-11,2017-18,Stuttgart,M'gladbach,1,0
2018-02-11,2017-18,Werder Bremen,Wolfsburg,3,1
2018-02-16,2017-18,Hertha,Mainz,0,2
2018-02-17,2017-18,FC Koln,Hannover,1,1
2018-02-17,2017-18,Freiburg,Werder Bremen,1,0
2018-02-17,2017-18,Hamburg,Leverkusen,1,2
2018-02-17,2017-18,Schalke 04,Hoffenheim,2,1
2018-02-17,2017-18,Wolfsburg,Bayern Munich,1,2
2018-02-18,2017-18,Augsburg,Stuttgart,0,1
2018-02-18,2017-18,M'gladbach,Dortmund,0,1
2018-02-19,2017-18,Ein Frankfurt,RB Leipzig,2,1
2018-02-23,2017-18,Mainz,Wolfsburg,1,1
2018-02-24,2017-18,Bayern Munich,Hertha,0,0
2018-02-24,2017-18,Hannover,M'gladbach,0,1
2018-02-24,2017-18,Hoffenheim,Freiburg,1,1
2018-02-24,2017-18,Stuttgart,Ein Frankfurt,1,0
2018-02-24,2017-18,Werder Bremen,Hamburg,1,0
2018-02-25,2017-18,Leverkusen,Schalke 04,0,2
2018-02-25,2017-18,RB Leipzig,FC Koln,1,2
2018-02-26,2017-18,Dortmund,Augsburg,1,1
2018-03-02,2017-18,M'gladbach,Werder Bremen,2,2
2018-03-03,2017-18,Augsburg,Hoffenheim,0,2
2018-03-03,2017-18,Ein Frankfurt,Hannover,1,0
2018-03-03,2017-18,Hamburg,Mainz,0,0
2018-03-03,2017-18,RB Leipzig,Dortmund,1,1
2018-03-03,2017-18,Schalke 04,Hertha,1,0
2018-03-03,2017-18,Wolfsburg,Leverkusen,1,2
2018-03-04,2017-18,FC Koln,Stuttgart,2,3
2018-03-04,2017-18,Freiburg,Bayern Munich,0,4
2018-03-09,2017-18,Mainz,Schalke 04,0,1
2018-03-10,2017-18,Bayern Munich,Hamburg,6,0
2018-03-10,2017-18,Hannover,Augsburg,1,3
2018-03-10,2017-18,Hertha,Freiburg,0,0
2018-03-10,2017-18,Hoffenheim,Wolfsburg,3,0
2018-03-10,2017-18,Leverkusen,M'gladbach,2,0
2018-03-11,2017-18,Dortmund,Ein Frankfurt,3,2
2018-03-11,2017-18,Stuttgart,RB Leipzig,0,0
2018-03-12,2017-18,Werder Bremen,FC Koln,3,1
2018-03-16,2017-18,Freiburg,Stuttgart,1,2
2018-03-17,2017-18,Augsburg,Werder Bremen,1,3
2018-03-17,2017-18,Ein Frankfurt,Mainz,3,0
2018-03-17,2017-18,Hamburg,Hertha,1,2
2018-03-17,2017-18,M'gladbach,Hoffenheim,3,3
2018-03-17,2017-18,Wolfsburg,Schalke 04,0,1
2018-03-18,2017-18,Dortmund,Hannover,1,0
2018-03-18,2017-18,FC Koln,Leverkusen,2,0
2018-03-18,2017-18,RB Leipzig,Bayern Munich,2,1
2018-03-31,2017-18,Bayern Munich,Dortmund,6,0
2018-03-31,2017-18,Hannover,RB Leipzig,2,3
2018-03-31,2017-18,Hertha,Wolfsburg,0,0
2018-03-31,2017-18,Hoffenheim,FC Koln,6,0
2018-03-31,2017-18,Leverkusen,Augsburg,0,0
2018-03-31,2017-18,Schalke 04,Freiburg,2,0
2018-03-31,2017-18,Stuttgart,Hamburg,1,1
2018-04-01,2017-18,Mainz,M'gladbach,0,0
2018-04-01,2017-18,Werder Bremen,Ein Frankfurt,2,1
2018-04-06,2017-18,Hannover,Werder Bremen,2,1
2018-04-07,2017-18,Augsburg,Bayern Munich,1,4
2018-04-07,2017-18,FC Koln,Mainz,1,1
2018-04-07,2017-18,Freiburg,Wolfsburg,0,2
2018-04-07,2017-18,Hamburg,Schalke 04,3,2
2018-04-07,2017-18,M'gladbach,Hertha,2,1
2018-04-08,2017-18,Dortmund,Stuttgart,3,0
2018-04-08,2017-18,Ein Frankfurt,Hoffenheim,1,1
2018-04-09,2017-18,RB Leipzig,Leverkusen,1,4
2018-04-13,2017-18,Wolfsburg,Augsburg,0,0
2018-04-14,2017-18,Bayern Munich,M'gladbach,5,1
2018-04-14,2017-18,Hertha,FC Koln,2,1
2018-04-14,2017-18,Hoffenheim,Hamburg,2,0
2018-04-14,2017-18,Leverkusen,Ein Frankfurt,4,1
2018-04-14,2017-18,Stuttgart,Hannover,1,1
2018-04-15,2017-18,Schalke 04,Dortmund,2,0
2018-04-15,2017-18,Werder Bremen,RB Leipzig,1,1
2018-04-16,2017-18,Mainz,Freiburg,2,0
2018-04-20,2017-18,M'gladbach,Wolfsburg,3,0
2018-04-21,2017-18,Dortmund,Leverkusen,4,0
2018-04-21,2017-18,Ein Frankfurt,Hertha,0,3
2018-04-21,2017-18,Hamburg,Freiburg,1,0
2018-04-21,2017-18,Hannover,Bayern Munich,0,3
2018-04-21,2017-18,RB Leipzig,Hoffenheim,2,5
2018-04-21,2017-18,Stuttgart,Werder Bremen,2,0
2018-04-22,2017-18,Augsburg,Mainz,2,0
2018-04-22,2017-18,FC Koln,Schalke 04,2,2
2018-04-27,2017-18,Hoffenheim,Hannover,3,1
2018-04-28,2017-18,Bayern Munich,Ein Frankfurt,4,1
2018-04-28,2017-18,Freiburg,FC Koln,3,2
2018-04-28,2017-18,Hertha,Augsburg,2,2
2018-04-28,2017-18,Leverkusen,Stuttgart,0,1
2018-04-28,2017-18,Schalke 04,M'gladbach,1,1
2018-04-28,2017-18,Wolfsburg,Hamburg,1,3
2018-04-29,2017-18,Mainz,RB Leipzig,3,0
2018-04-29,2017-18,Werder Bremen,Dortmund,1,1
2018-05-05,2017-18,Augsburg,Schalke 04,1,2
2018-05-05,2017-18,Dortmund,Mainz,1,2
2018-05-05,2017-18,Ein Frankfurt,Hamburg,3,0
2018-05-05,2017-18,FC Koln,Bayern Munich,1,3
2018-05-05,2017-18,Hannover,Hertha,3,1
2018-05-05,2017-18,M'gladbach,Freiburg,3,1
2018-05-05,2017-18,RB Leipzig,Wolfsburg,4,1
2018-05-05,2017-18,Stuttgart,Hoffenheim,2,0
2018-05-05,2017-18,Werder Bremen,Leverkusen,0,0
2018-05-12,2017-18,Bayern Munich,Stuttgart,1,4
2018-05-12,2017-18,Freiburg,Augsburg,2,0
2018-05-12,2017-18,Hamburg,M'gladbach,2,1
2018-05-12,2017-18,Hertha,RB Leipzig,2,6
2018-05-12,2017-18,Hoffenheim,Dortmund,3,1
2018-05-12,2017-18,Leverkusen,Hannover,3,2
2018-05-12,2017-18,Mainz,Werder Bremen,1,2
2018-05-12,2017-18,Schalke 04,Ein Frankfurt,1,0
2018-05-12,2017-18,Wolfsburg,FC Koln,4,1
2018-08-24,2018-19,Bayern Munich,Hoffenheim,3,1
2018-08-25,2018-19,Fortuna Dusseldorf,Augsburg,1,2
2018-08-25,2018-19,Freiburg,Ein Frankfurt,0,2
2018-08-25,2018-19,Hertha,Nurnberg,1,0
2018-08-25,2018-19,M'gladbach,Leverkusen,2,0
2018-08-25,2018-19,Werder Bremen,Hannover,1,1
2018-08-25,2018-19,Wolfsburg,Schalke 04,2,1
2018-08-26,2018-19,Dortmund,RB Leipzig,4,1
2018-08-26,2018-19,Mainz,Stuttgart,1,0
2018-08-31,2018-19,Hannover,Dortmund,0,0
2018-09-01,2018-19,Augsburg,M'gladbach,1,1
2018-09-01,2018-19,Ein Frankfurt,Werder Bremen,1,2
2018-09-01,2018-19,Hoffenheim,Freiburg,3,1
2018-09-01,2018-19,Leverkusen,Wolfsburg,1,3
2018-09-01,2018-19,Nurnberg,Mainz,1,1
2018-09-01,2018-19,Stuttgart,Bayern Munich,0,3
2018-09-02,2018-19,RB Leipzig,Fortuna Dusseldorf,1,1
2018-09-02,2018-19,Schalke 04,Hertha,0,2
2018-09-14,2018-19,Dortmund,Ein Frankfurt,3,1
2018-09-15,2018-19,Bayern Munich,Leverkusen,3,1
2018-09-15,2018-19,Fortuna Dusseldorf,Hoffenheim,2,1
2018-09-15,2018-19,Mainz,Augsburg,2,1
2018-09-15,2018-19,M'gladbach,Schalke 04,2,1
2018-09-15,2018-19,RB Leipzig,Hannover,3,2
2018-09-15,2018-19,Wolfsburg,Hertha,2,2
2018-09-16,2018-19,Freiburg,Stuttgart,3,3
2018-09-16,2018-19,Werder Bremen,Nurnberg,1,1
2018-09-21,2018-19,Stuttgart,Fortuna Dusseldorf,0,0
2018-09-22,2018-19,Augsburg,Werder Bremen,2,3
2018-09-22,2018-19,Hertha,M'gladbach,4,2
2018-09-22,2018-19,Hoffenheim,Dortmund,1,1
2018-09-22,2018-19,Nurnberg,Hannover,2,0
2018-09-22,2018-19,Schalke 04,Bayern Munich,0,2
2018-09-22,2018-19,Wolfsburg,Freiburg,1,3
2018-09-23,2018-19,Ein Frankfurt,RB Leipzig,1,1
2018-09-23,2018-19,Leverkusen,Mainz,1,0
2018-09-25,2018-19,Bayern Munich,Augsburg,1,1
2018-09-25,2018-19,Freiburg,Schalke 04,1,0
2018-09-25,2018-19,Hannover,Hoffenheim,1,3
2018-09-25,2018-19,Werder Bremen,Hertha,3,1
2018-09-26,2018-19,Dortmund,Nurnberg,7,0
2018-09-26,2018-19,Fortuna Dusseldorf,Leverkusen,1,2
2018-09-26,2018-19,Mainz,Wolfsburg,0,0
2018-09-26,2018-19,M'gladbach,Ein Frankfurt,3,1
2018-09-26,2018-19,RB Leipzig,Stuttgart,2,0
2018-09-28,2018-19,Hertha,Bayern Munich,2,0
2018-09-29,2018-19,Hoffenheim,RB Leipzig,1,2
2018-09-29,2018-19,Leverkusen,Dortmund,2,4
2018-09-29,2018-19,Nurnberg,Fortuna Dusseldorf,3,0
2018-09-29,2018-19,Schalke 04,Mainz,1,0
2018-09-29,2018-19,Stuttgart,Werder Bremen,2,1
2018-09-29,2018-19,Wolfsburg,M'gladbach,2,2
2018-09-30,2018-19,Augsburg,Freiburg,4,1
2018-09-30,2018-19,Ein Frankfurt,Hannover,4,1
2018-10-05,2018-19,Werder Bremen,Wolfsburg,2,0
2018-10-06,2018-19,Bayern Munich,M'gladbach,0,3
2018-10-06,2018-19,Dortmund,Augsburg,4,3
2018-10-06,2018-19,Fortuna Dusseldorf,Schalke 04,0,2
2018-10-06,2018-19,Hannover,Stuttgart,3,1
2018-10-06,2018-19,Mainz,Hertha,0,0
2018-10-07,2018-19,Freiburg,Leverkusen,0,0
2018-10-07,2018-19,Hoffenheim,Ein Frankfurt,1,2
2018-10-07,2018-19,RB Leipzig,Nurnberg,6,0
2018-10-19,2018-19,Ein Frankfurt,Fortuna Dusseldorf,7,1
2018-10-20,2018-19,Augsburg,RB Leipzig,0,0
2018-10-20,2018-19,Leverkusen,Hannover,2,2
2018-10-20,2018-19,Nurnberg,Hoffenheim,1,3
2018-10-20,2018-19,Schalke 04,Werder Bremen,0,2
2018-10-20,2018-19,Stuttgart,Dortmund,0,4
2018-10-20,2018-19,Wolfsburg,Bayern Munich,1,3
2018-10-21,2018-19,Hertha,Freiburg,1,1
2018-10-21,2018-19,M'gladbach,Mainz,4,0
2018-10-26,2018-19,Freiburg,M'gladbach,3,1
2018-10-27,2018-19,Dortmund,Hertha,2,2
2018-10-27,2018-19,Fortuna Dusseldorf,Wolfsburg,0,3
2018-10-27,2018-19,Hannover,Augsburg,1,2
2018-10-27,2018-19,Hoffenheim,Stuttgart,4,0
2018-10-27,2018-19,Mainz,Bayern Munich,1,2
2018-10-28,2018-19,Nurnberg,Ein Frankfurt,1,1
2018-10-28,2018-19,RB Leipzig,Schalke 04,0,0
2018-10-28,2018-19,Werder Bremen,Leverkusen,2,6
2018-11-02,2018-19,Stuttgart,Ein Frankfurt,0,3
2018-11-03,2018-19,Augsburg,Nurnberg,2,2
2018-11-03,2018-19,Bayern Munich,Freiburg,1,1
2018-11-03,2018-19,Hertha,RB Leipzig,0,3
2018-11-03,2018-19,Leverkusen,Hoffenheim,1,4
2018-11-03,2018-19,Schalke 04,Hannover,3,1
2018-11-03,2018-19,Wolfsburg,Dortmund,0,1
2018-11-04,2018-19,Mainz,Werder Bremen,2,1
2018-11-04,2018-19,M'gladbach,Fortuna Dusseldorf,3,0
2018-11-09,2018-19,Hannover,Wolfsburg,2,1
2018-11-10,2018-19,Dortmund,Bayern Munich,3,2
2018-11-10,2018-19,Fortuna Dusseldorf,Hertha,4,1
2018-11-10,2018-19,Freiburg,Mainz,1,3
2018-11-10,2018-19,Hoffenheim,Augsburg,2,1
2018-11-10,2018-19,Nurnberg,Stuttgart,0,2
2018-11-10,2018-19,Werder Bremen,M'gladbach,1,3
2018-11-11,2018-19,Ein Frankfurt,Schalke 04,3,0
2018-11-11,2018-19,RB Leipzig,Leverkusen,3,0
2018-11-23,2018-19,Leverkusen,Stuttgart,2,0
2018-11-24,2018-19,Augsburg,Ein Frankfurt,1,3
2018-11-24,2018-19,Bayern Munich,Fortuna Dusseldorf,3,3
2018-11-24,2018-19,Hertha,Hoffenheim,3,3
2018-11-24,2018-19,Mainz,Dortmund,1,2
2018-11-24,2018-19,Schalke 04,Nurnberg,5,2
2018-11-24,2018-19,Wolfsburg,RB Leipzig,1,0
2018-11-25,2018-19,Freiburg,Werder Bremen,1,1
2018-11-25,2018-19,M'gladbach,Hannover,4,1
2018-11-30,2018-19,Fortuna Dusseldorf,Mainz,0,1
2018-12-01,2018-19,Dortmund,Freiburg,2,0
2018-12-01,2018-19,Hannover,Hertha,0,2
2018-12-01,2018-19,Hoffenheim,Schalke 04,1,1
2018-12-01,2018-19,Stuttgart,Augsburg,1,0
2018-12-01,2018-19,Werder Bremen,Bayern Munich,1,2
2018-12-02,2018-19,Ein Frankfurt,Wolfsburg,1,2
2018-12-02,2018-19,RB Leipzig,M'gladbach,2,0
2018-12-03,2018-19,Nurnberg,Leverkusen,1,1
2018-12-07,2018-19,Werder Bremen,Fortuna Dusseldorf,3,1
2018-12-08,2018-19,Bayern Munich,Nurnberg,3,0
2018-12-08,2018-19,Freiburg,RB Leipzig,3,0
2018-12-08,2018-19,Hertha,Ein Frankfurt,1,0
2018-12-08,2018-19,Leverkusen,Augsburg,1,0
2018-12-08,2018-19,Schalke 04,Dortmund,1,2
2018-12-08,2018-19,Wolfsburg,Hoffenheim,2,2
2018-12-09,2018-19,Mainz,Hannover,1,1
2018-12-09,2018-19,M'gladbach,Stuttgart,3,0
2018-12-14,2018-19,Nurnberg,Wolfsburg,0,2
2018-12-15,2018-19,Augsburg,Schalke 04,1,1
2018-12-15,2018-19,Dortmund,Werder Bremen,2,1
2018-12-15,2018-19,Fortuna Dusseldorf,Freiburg,2,0
2018-12-15,2018-19,Hannover,Bayern Munich,0,4
2018-12-15,2018-19,Hoffenheim,M'gladbach,0,0
2018-12-15,2018-19,Stuttgart,Hertha,2,1
2018-12-16,2018-19,Ein Frankfurt,Leverkusen,2,1
2018-12-16,2018-19,RB Leipzig,Mainz,4,1
2018-12-18,2018-19,Fortuna Dusseldorf,Dortmund,2,1
2018-12-18,2018-19,Hertha,Augsburg,2,2
2018-12-18,2018-19,M'gladbach,Nurnberg,2,0
2018-12-18,2018-19,Wolfsburg,Stuttgart,2,0
2018-12-19,2018-19,Bayern Munich,RB Leipzig,1,0
2018-12-19,2018-19,Freiburg,Hannover,1,1
2018-12-19,2018-19,Mainz,Ein Frankfurt,2,2
2018-12-19,2018-19,Schalke 04,Leverkusen,1,2
2018-12-19,2018-19,Werder Bremen,Hoffenheim,1,1
2018-12-21,2018-19,Dortmund,M'gladbach,2,1
2018-12-22,2018-19,Ein Frankfurt,Bayern Munich,0,3
2018-12-22,2018-19,Hannover,Fortuna Dusseldorf,0,1
2018-12-22,2018-19,Leverkusen,Hertha,3,1
2018-12-22,2018-19,Nurnberg,Freiburg,0,1
2018-12-22,2018-19,RB Leipzig,Werder Bremen,3,2
2018-12-22,2018-19,Stuttgart,Schalke 04,1,3
2018-12-23,2018-19,Augsburg,Wolfsburg,2,3
2018-12-23,2018-19,Hoffenheim,Mainz,1,1
2019-01-18,2018-19,Hoffenheim,Bayern Munich,1,3
2019-01-19,2018-19,Augsburg,Fortuna Dusseldorf,1,2
2019-01-19,2018-19,Ein Frankfurt,Freiburg,3,1
2019-01-19,2018-19,Hannover,Werder Bremen,0,1
2019-01-19,2018-19,Leverkusen,M'gladbach,0,1
2019-01-19,2018-19,RB Leipzig,Dortmund,0,1
2019-01-19,2018-19,Stuttgart,Mainz,2,3
2019-01-20,2018-19,Nurnberg,Hertha,1,3
2019-01-20,2018-19,Schalke 04,Wolfsburg,2,1
2019-01-25,2018-19,Hertha,Schalke 04,2,2
2019-01-26,2018-19,Dortmund,Hannover,5,1
2019-01-26,2018-19,Freiburg,Hoffenheim,2,4
2019-01-26,2018-19,Mainz,Nurnberg,2,1
2019-01-26,2018-19,M'gladbach,Augsburg,2,0
2019-01-26,2018-19,Werder Bremen,Ein Frankfurt,2,2
2019-01-26,2018-19,Wolfsburg,Leverkusen,0,3
2019-01-27,2018-19,Bayern Munich,Stuttgart,4,1
2019-01-27,2018-19,Fortuna Dusseldorf,RB Leipzig,0,4
2019-02-01,2018-19,Hannover,RB Leipzig,0,3
2019-02-02,2018-19,Ein Frankfurt,Dortmund,1,1
2019-02-02,2018-19,Hertha,Wolfsburg,0,1
2019-02-02,2018-19,Hoffenheim,Fortuna Dusseldorf,1,1
2019-02-02,2018-19,Leverkusen,Bayern Munich,3,1
2019-02-02,2018-19,Nurnberg,Werder Bremen,1,1
2019-02-02,2018-19,Schalke 04,M'gladbach,0,2
2019-02-03,2018-19,Augsburg,Mainz,3,0
2019-02-03,2018-19,Stuttgart,Freiburg,2,2
2019-02-08,2018-19,Mainz,Leverkusen,1,5
2019-02-09,2018-19,Bayern Munich,Schalke 04,3,1
2019-02-09,2018-19,Dortmund,Hoffenheim,3,3
2019-02-09,2018-19,Freiburg,Wolfsburg,3,3
2019-02-09,2018-19,Hannover,Nurnberg,2,0
2019-02-09,2018-19,M'gladbach,Hertha,0,3
2019-02-09,2018-19,RB Leipzig,Ein Frankfurt,0,0
2019-02-10,2018-19,Fortuna Dusseldorf,Stuttgart,3,0
2019-02-10,2018-19,Werder Bremen,Augsburg,4,0
2019-02-15,2018-19,Augsburg,Bayern Munich,2,3
2019-02-16,2018-19,Hertha,Werder Bremen,1,1
2019-02-16,2018-19,Hoffenheim,Hannover,3,0
2019-02-16,2018-19,Schalke 04,Freiburg,0,0
2019-02-16,2018-19,Stuttgart,RB Leipzig,1,3
2019-02-16,2018-19,Wolfsburg,Mainz,3,0
2019-02-17,2018-19,Ein Frankfurt,M'gladbach,1,1
2019-02-17,2018-19,Leverkusen,Fortuna Dusseldorf,2,0
2019-02-18,2018-19,Nurnberg,Dortmund,0,0
2019-02-22,2018-19,Werder Bremen,Stuttgart,1,1
2019-02-23,2018-19,Bayern Munich,Hertha,1,0
2019-02-23,2018-19,Fortuna Dusseldorf,Nurnberg,2,1
2019-02-23,2018-19,Freiburg,Augsburg,5,1
2019-02-23,2018-19,Mainz,Schalke 04,3,0
2019-02-23,2018-19,M'gladbach,Wolfsburg,0,3
2019-02-24,2018-19,Dortmund,Leverkusen,3,2
2019-02-24,2018-19,Hannover,Ein Frankfurt,0,3
2019-02-25,2018-19,RB Leipzig,Hoffenheim,1,1
2019-03-01,2018-19,Augsburg,Dortmund,2,1
2019-03-02,2018-19,Ein Frankfurt,Hoffenheim,3,2
2019-03-02,2018-19,Hertha,Mainz,2,1
2019-03-02,2018-19,Leverkusen,Freiburg,2,0
2019-03-02,2018-19,M'gladbach,Bayern Munich,1,5
2019-03-02,2018-19,Nurnberg,RB Leipzig,0,1
2019-03-02,2018-19,Schalke 04,Fortuna Dusseldorf,0,4
2019-03-03,2018-19,Stuttgart,Hannover,5,1
2019-03-03,2018-19,Wolfsburg,Werder Bremen,1,1
2019-03-08,2018-19,Werder Bremen,Schalke 04,4,2
2019-03-09,2018-19,Bayern Munich,Wolfsburg,6,0
2019-03-09,2018-19,Dortmund,Stuttgart,3,1
2019-03-09,2018-19,Freiburg,Hertha,2,1
2019-03-09,2018-19,Mainz,M'gladbach,0,1
2019-03-09,2018-19,RB Leipzig,Augsburg,0,0
2019-03-10,2018-19,Hannover,Leverkusen,2,3
2019-03-10,2018-19,Hoffenheim,Nurnberg,2,1
2019-03-11,2018-19,Fortuna Dusseldorf,Ein Frankfurt,0,3
2019-03-15,2018-19,M'gladbach,Freiburg,1,1
2019-03-16,2018-19,Augsburg,Hannover,3,1
2019-03-16,2018-19,Hertha,Dortmund,2,3
2019-03-16,2018-19,Schalke 04,RB Leipzig,0,1
2019-03-16,2018-19,Stuttgart,Hoffenheim,1,1
2019-03-16,2018-19,Wolfsburg,Fortuna Dusseldorf,5,2
2019-03-17,2018-19,Bayern Munich,Mainz,6,0
2019-03-17,2018-19,Ein Frankfurt,Nurnberg,1,0
2019-03-17,2018-19,Leverkusen,Werder Bremen,1,3
2019-03-29,2018-19,Hoffenheim,Leverkusen,4,1
2019-03-30,2018-19,Dortmund,Wolfsburg,2,0
2019-03-30,2018-19,Fortuna Dusseldorf,M'gladbach,3,1
2019-03-30,2018-19,Freiburg,Bayern Munich,1,1
2019-03-30,2018-19,Nurnberg,Augsburg,3,0
2019-03-30,2018-19,RB Leipzig,Hertha,5,0
2019-03-30,2018-19,Werder Bremen,Mainz,3,1
2019-03-31,2018-19,Ein Frankfurt,Stuttgart,3,0
2019-03-31,2018-19,Hannover,Schalke 04,0,1
2019-04-05,2018-19,Mainz,Freiburg,5,0
2019-04-06,2018-19,Bayern Munich,Dortmund,5,0
2019-04-06,2018-19,Hertha,Fortuna Dusseldorf,1,2
2019-04-06,2018-19,Leverkusen,RB Leipzig,2,4
2019-04-06,2018-19,Schalke 04,Ein Frankfurt,1,2
2019-04-06,2018-19,Stuttgart,Nurnberg,1,1
2019-04-06,2018-19,Wolfsburg,Hannover,3,1
2019-04-07,2018-19,Augsburg,Hoffenheim,0,4
2019-04-07,2018-19,M'gladbach,Werder Bremen,1,1
2019-04-12,2018-19,Nurnberg,Schalke 04,1,1
2019-04-13,2018-19,Dortmund,Mainz,2,1
2019-04-13,2018-19,Hannover,M'gladbach,0,1
2019-04-13,2018-19,RB Leipzig,Wolfsburg,2,0
2019-04-13,2018-19,Stuttgart,Leverkusen,0,1
2019-04-13,2018-19,Werder Bremen,Freiburg,2,1
2019-04-14,2018-19,Ein Frankfurt,Augsburg,1,3
2019-04-14,2018-19,Fortuna Dusseldorf,Bayern Munich,1,4
2019-04-14,2018-19,Hoffenheim,Hertha,2,0
2019-04-20,2018-19,Augsburg,Stuttgart,6,0
2019-04-20,2018-19,Bayern Munich,Werder Bremen,1,0
2019-04-20,2018-19,Leverkusen,Nurnberg,2,0
2019-04-20,2018-19,Mainz,Fortuna Dusseldorf,3,1
2019-04-20,2018-19,M'gladbach,RB Leipzig,1,2
2019-04-20,2018-19,Schalke 04,Hoffenheim,2,5
2019-04-21,2018-19,Freiburg,Dortmund,0,4
2019-04-21,2018-19,Hertha,Hannover,0,0
2019-04-22,2018-19,Wolfsburg,Ein Frankfurt,1,1
2019-04-26,2018-19,Augsburg,Leverkusen,1,4
2019-04-27,2018-19,Dortmund,Schalke 04,2,4
2019-04-27,2018-19,Ein Frankfurt,Hertha,0,0
2019-04-27,2018-19,Fortuna Dusseldorf,Werder Bremen,4,1
2019-04-27,2018-19,Hannover,Mainz,1,0
2019-04-27,2018-19,RB Leipzig,Freiburg,2,1
2019-04-27,2018-19,Stuttgart,M'gladbach,1,0
2019-04-28,2018-19,Hoffenheim,Wolfsburg,1,4
2019-04-28,2018-19,Nurnberg,Bayern Munich,1,1
2019-05-03,2018-19,Mainz,RB Leipzig,3,3
2019-05-04,2018-19,Bayern Munich,Hannover,3,1
2019-05-04,2018-19,Hertha,Stuttgart,3,1
2019-05-04,2018-19,M'gladbach,Hoffenheim,2,2
2019-05-04,2018-19,Werder Bremen,Dortmund,2,2
2019-05-04,2018-19,Wolfsburg,Nurnberg,2,0
2019-05-05,2018-19,Freiburg,Fortuna Dusseldorf,1,1
2019-05-05,2018-19,Leverkusen,Ein Frankfurt,6,1
2019-05-05,2018-19,Schalke 04,Augsburg,0,0
2019-05-11,2018-19,Augsburg,Hertha,3,4
2019-05-11,2018-19,Dortmund,Fortuna Dusseldorf,3,2
2019-05-11,2018-19,Hannover,Freiburg,3,0
2019-05-11,2018-19,Hoffenheim,Werder Bremen,0,1
2019-05-11,2018-19,Leverkusen,Schalke 04,1,1
2019-05-11,2018-19,Nurnberg,M'gladbach,0,4
2019-05-11,2018-19,RB Leipzig,Bayern Munich,0,0
2019-05-11,2018-19,Stuttgart,Wolfsburg,3,0
2019-05-12,2018-19,Ein Frankfurt,Mainz,0,2
2019-05-18,2018-19,Bayern Munich,Ein Frankfurt,5,1
2019-05-18,2018-19,Fortuna Dusseldorf,Hannover,2,1
2019-05-18,2018-19,Freiburg,Nurnberg,5,1
2019-05-18,2018-19,Hertha,Leverkusen,1,5
2019-05-18,2018-19,Mainz,Hoffenheim,4,2
2019-05-18,2018-19,M'gladbach,Dortmund,0,2
2019-05-18,2018-19,Schalke 04,Stuttgart,0,0
2019-05-18,2018-19,Werder Bremen,RB Leipzig,2,1
2019-05-18,2018-19,Wolfsburg,Augsburg,8,1
2019-08-16,2019-20,Bayern Munich,Hertha,2,2
2019-08-17,2019-20,Dortmund,Augsburg,5,1
2019-08-17,2019-20,Freiburg,Mainz,3,0
2019-08-17,2019-20,Leverkusen,Paderborn,3,2
2019-08-17,2019-20,Werder Bremen,Fortuna Dusseldorf,1,3
2019-08-17,2019-20,Wolfsburg,FC Koln,2,1
2019-08-17,2019-20,M'gladbach,Schalke 04,0,0
2019-08-18,2019-20,Ein Frankfurt,Hoffenheim,1,0
2019-08-18,2019-20,Union Berlin,RB Leipzig,0,4
2019-08-23,2019-20,FC Koln,Dortmund,1,3
2019-08-24,2019-20,Augsburg,Union Berlin,1,1
2019-08-24,2019-20,Fortuna Dusseldorf,Leverkusen,1,3
2019-08-24,2019-20,Hoffenheim,Werder Bremen,3,2
2019-08-24,2019-20,Mainz,M'gladbach,1,3
2019-08-24,2019-20,Paderborn,Freiburg,1,3
2019-08-24,2019-20,Schalke 04,Bayern Munich,0,3
2019-08-25,2019-20,RB Leipzig,Ein Frankfurt,2,1
2019-08-25,2019-20,Hertha,Wolfsburg,0,3
2019-08-30,2019-20,M'gladbach,RB Leipzig,1,3
2019-08-31,2019-20,Bayern Munich,Mainz,6,1
2019-08-31,2019-20,Freiburg,FC Koln,1,2
2019-08-31,2019-20,Leverkusen,Hoffenheim,0,0
2019-08-31,2019-20,Schalke 04,Hertha,3,0
2019-08-31,2019-20,Wolfsburg,Paderborn,1,1
2019-08-31,2019-20,Union Berlin,Dortmund,3,1
2019-09-01,2019-20,Werder Bremen,Augsburg,3,2
2019-09-01,2019-20,Ein Frankfurt,Fortuna Dusseldorf,2,1
2019-09-13,2019-20,Fortuna Dusseldorf,Wolfsburg,1,1
2019-09-14,2019-20,Augsburg,Ein Frankfurt,2,1
2019-09-14,2019-20,Dortmund,Leverkusen,4,0
2019-09-14,2019-20,FC Koln,M'gladbach,0,1
2019-09-14,2019-20,Mainz,Hertha,2,1
2019-09-14,2019-20,Union Berlin,Werder Bremen,1,2
2019-09-14,2019-20,RB Leipzig,Bayern Munich,1,1
2019-09-15,2019-20,Hoffenheim,Freiburg,0,3
2019-09-15,2019-20,Paderborn,Schalke 04,1,5
2019-09-20,2019-20,Schalke 04,Mainz,2,1
2019-09-21,2019-20,Bayern Munich,FC Koln,4,0
2019-09-21,2019-20,Freiburg,Augsburg,1,1
2019-09-21,2019-20,Hertha,Paderborn,2,1
2019-09-21,2019-20,Leverkusen,Union Berlin,2,0
2019-09-21,2019-20,Werder Bremen,RB Leipzig,0,3
2019-09-22,2019-20,M'gladbach,Fortuna Dusseldorf,2,1
2019-09-22,2019-20,Ein Frankfurt,Dortmund,2,2
2019-09-23,2019-20,Wolfsburg,Hoffenheim,1,1
2019-09-27,2019-20,Union Berlin,Ein Frankfurt,1,2
2019-09-28,2019-20,Augsburg,Leverkusen,0,3
2019-09-28,2019-20,Hoffenheim,M'gladbach,0,3
2019-09-28,2019-20,Mainz,Wolfsburg,0,1
2019-09-28,2019-20,Paderborn,Bayern Munich,2,3
2019-09-28,2019-20,RB Leipzig,Schalke 04,1,3
2019-09-28,2019-20,Dortmund,Werder Bremen,2,2
2019-09-29,2019-20,Fortuna Dusseldorf,Freiburg,1,2
2019-09-29,2019-20,FC Koln,Hertha,0,4
2019-10-04,2019-20,Hertha,Fortuna Dusseldorf,3,1
2019-10-05,2019-20,Bayern Munich,Hoffenheim,1,2
2019-10-05,2019-20,Freiburg,Dortmund,2,2
2019-10-05,2019-20,Leverkusen,RB Leipzig,1,1
2019-10-05,2019-20,Paderborn,Mainz,1,2
2019-10-05,2019-20,Schalke 04,FC Koln,1,1
2019-10-06,2019-20,M'gladbach,Augsburg,5,1
2019-10-06,2019-20,Wolfsburg,Union Berlin,1,0
2019-10-06,2019-20,Ein Frankfurt,Werder Bremen,2,2
2019-10-18,2019-20,Ein Frankfurt,Leverkusen,3,0
2019-10-19,2019-20,Augsburg,Bayern Munich,2,2
2019-10-19,2019-20,Fortuna Dusseldorf,Mainz,1,0
2019-10-19,2019-20,RB Leipzig,Wolfsburg,1,1
2019-10-19,2019-20,Union Berlin,Freiburg,2,0
2019-10-19,2019-20,Werder Bremen,Hertha,1,1
2019-10-19,2019-20,Dortmund,M'gladbach,1,0
2019-10-20,2019-20,FC Koln,Paderborn,3,0
2019-10-20,2019-20,Hoffenheim,Schalke 04,2,0
2019-10-25,2019-20,Mainz,FC Koln,3,1
2019-10-26,2019-20,Bayern Munich,Union Berlin,2,1
2019-10-26,2019-20,Freiburg,RB Leipzig,2,1
2019-10-26,2019-20,Hertha,Hoffenheim,2,3
2019-10-26,2019-20,Paderborn,Fortuna Dusseldorf,2,0
2019-10-26,2019-20,Schalke 04,Dortmund,0,0
2019-10-26,2019-20,Leverkusen,Werder Bremen,2,2
2019-10-27,2019-20,Wolfsburg,Augsburg,0,0
2019-10-27,2019-20,M'gladbach,Ein Frankfurt,4,2
2019-11-01,2019-20,Hoffenheim,Paderborn,3,0
2019-11-02,2019-20,Dortmund,Wolfsburg,3,0
2019-11-02,2019-20,Ein Frankfurt,Bayern Munich,5,1
2019-11-02,2019-20,Leverkusen,M'gladbach,1,2
2019-11-02,2019-20,RB Leipzig,Mainz,8,0
2019-11-02,2019-20,Werder Bremen,Freiburg,2,2
2019-11-02,2019-20,Union Berlin,Hertha,1,0
2019-11-03,2019-20,Fortuna Dusseldorf,FC Koln,2,0
2019-11-03,2019-20,Augsburg,Schalke 04,2,3
2019-11-08,2019-20,FC Koln,Hoffenheim,1,2
2019-11-09,2019-20,Hertha,RB Leipzig,2,4
2019-11-09,2019-20,Mainz,Union Berlin,2,3
2019-11-09,2019-20,Paderborn,Augsburg,0,1
2019-11-09,2019-20,Schalke 04,Fortuna Dusseldorf,3,3
2019-11-09,2019-20,Bayern Munich,Dortmund,4,0
2019-11-10,2019-20,M'gladbach,Werder Bremen,3,1
2019-11-10,2019-20,Wolfsburg,Leverkusen,0,2
2019-11-10,2019-20,Freiburg,Ein Frankfurt,1,0
2019-11-22,2019-20,Dortmund,Paderborn,3,3
2019-11-23,2019-20,Ein Frankfurt,Wolfsburg,0,2
2019-11-23,2019-20,Fortuna Dusseldorf,Bayern Munich,0,4
2019-11-23,2019-20,Leverkusen,Freiburg,1,1
2019-11-23,2019-20,Union Berlin,M'gladbach,2,0
2019-11-23,2019-20,Werder Bremen,Schalke 04,1,2
2019-11-23,2019-20,RB Leipzig,FC Koln,4,1
2019-11-24,2019-20,Augsburg,Hertha,4,0
2019-11-24,2019-20,Hoffenheim,Mainz,1,5
2019-11-29,2019-20,Schalke 04,Union Berlin,2,1
2019-11-30,2019-20,FC Koln,Augsburg,1,1
2019-11-30,2019-20,Hertha,Dortmund,1,2
2019-11-30,2019-20,Hoffenheim,Fortuna Dusseldorf,1,1
2019-11-30,2019-20,Paderborn,RB Leipzig,2,3
2019-11-30,2019-20,Bayern Munich,Leverkusen,1,2
2019-12-01,2019-20,M'gladbach,Freiburg,4,2
2019-12-01,2019-20,Wolfsburg,Werder Bremen,2,3
2019-12-02,2019-20,Mainz,Ein Frankfurt,2,1
2019-12-06,2019-20,Ein Frankfurt,Hertha,2,2
2019-12-07,2019-20,Augsburg,Mainz,2,1
2019-12-07,2019-20,Dortmund,Fortuna Dusseldorf,5,0
2019-12-07,2019-20,Freiburg,Wolfsburg,1,0
2019-12-07,2019-20,M'gladbach,Bayern Munich,2,1
2019-12-07,2019-20,RB Leipzig,Hoffenheim,3,1
2019-12-07,2019-20,Leverkusen,Schalke 04,2,1
2019-12-08,2019-20,Union Berlin,FC Koln,2,0
2019-12-08,2019-20,Werder Bremen,Paderborn,0,1
2019-12-13,2019-20,Hoffenheim,Augsburg,2,4
2019-12-14,2019-20,Bayern Munich,Werder Bremen,6,1
2019-12-14,2019-20,FC Koln,Leverkusen,2,0
2019-12-14,2019-20,Hertha,Freiburg,1,0
2019-12-14,2019-20,Mainz,Dortmund,0,4
2019-12-14,2019-20,Paderborn,Union Berlin,1,1
2019-12-14,2019-20,Fortuna Dusseldorf,RB Leipzig,0,3
2019-12-15,2019-20,Wolfsburg,M'gladbach,2,1
2019-12-15,2019-20,Schalke 04,Ein Frankfurt,1,0
2019-12-17,2019-20,Werder Bremen,Mainz,0,5
2019-12-17,2019-20,Augsburg,Fortuna Dusseldorf,3,0
2019-12-17,2019-20,Dortmund,RB Leipzig,3,3
2019-12-17,2019-20,Union Berlin,Hoffenheim,0,2
2019-12-18,2019-20,Leverkusen,Hertha,0,1
2019-12-18,2019-20,Ein Frankfurt,FC Koln,2,4
2019-12-18,2019-20,Freiburg,Bayern Munich,1,3
2019-12-18,2019-20,M'gladbach,Paderborn,2,0
2019-12-18,2019-20,Wolfsburg,Schalke 04,1,1
2019-12-20,2019-20,Hoffenheim,Dortmund,2,1
2019-12-21,2019-20,Bayern Munich,Wolfsburg,2,0
2019-12-21,2019-20,FC Koln,Werder Bremen,1,0
2019-12-21,2019-20,Mainz,Leverkusen,0,1
2019-12-21,2019-20,RB Leipzig,Augsburg,3,1
2019-12-21,2019-20,Schalke 04,Freiburg,2,2
2019-12-21,2019-20,Hertha,M'gladbach,0,0
2019-12-22,2019-20,Fortuna Dusseldorf,Union Berlin,2,1
2019-12-22,2019-20,Paderborn,Ein Frankfurt,2,1
2020-01-17,2019-20,Schalke 04,M'gladbach,2,0
2020-01-18,2019-20,Augsburg,Dortmund,3,5
2020-01-18,2019-20,FC Koln,Wolfsburg,3,1
2020-01-18,2019-20,Fortuna Dusseldorf,Werder Bremen,0,1
2020-01-18,2019-20,Hoffenheim,Ein Frankfurt,1,2
2020-01-18,2019-20,Mainz,Freiburg,1,2
2020-01-18,2019-20,RB Leipzig,Union Berlin,3,1
2020-01-19,2019-20,Hertha,Bayern Munich,0,4
2020-01-19,2019-20,Paderborn,Leverkusen,1,4
2020-01-24,2019-20,Dortmund,FC Koln,5,1
2020-01-25,2019-20,Ein Frankfurt,RB Leipzig,2,0
2020-01-25,2019-20,Freiburg,Paderborn,0,2
2020-01-25,2019-20,M'gladbach,Mainz,3,1
2020-01-25,2019-20,Union Berlin,Augsburg,2,0
2020-01-25,2019-20,Wolfsburg,Hertha,1,2
2020-01-25,2019-20,Bayern Munich,Schalke 04,5,0
2020-01-26,2019-20,Werder Bremen,Hoffenheim,0,3
2020-01-26,2019-20,Leverkusen,Fortuna Dusseldorf,3,0
2020-01-31,2019-20,Hertha,Schalke 04,0,0
2020-02-01,2019-20,Augsburg,Werder Bremen,2,1
2020-02-01,2019-20,Dortmund,Union Berlin,5,0
2020-02-01,2019-20,Fortuna Dusseldorf,Ein Frankfurt,1,1
2020-02-01,2019-20,Hoffenheim,Leverkusen,2,1
2020-02-01,2019-20,Mainz,Bayern Munich,1,3
2020-02-01,2019-20,RB Leipzig,M'gladbach,2,2
2020-02-02,2019-20,FC Koln,Freiburg,4,0
2020-02-02,2019-20,Paderborn,Wolfsburg,2,4
2020-02-07,2019-20,Ein Frankfurt,Augsburg,5,0
2020-02-08,2019-20,Freiburg,Hoffenheim,1,0
2020-02-08,2019-20,Hertha,Mainz,1,3
2020-02-08,2019-20,Schalke 04,Paderborn,1,1
2020-02-08,2019-20,Werder Bremen,Union Berlin,0,2
2020-02-08,2019-20,Wolfsburg,Fortuna Dusseldorf,1,1
2020-02-08,2019-20,Leverkusen,Dortmund,4,3
2020-02-09,2019-20,Bayern Munich,RB Leipzig,0,0
2020-02-14,2019-20,Dortmund,Ein Frankfurt,4,0
2020-02-15,2019-20,Augsburg,Freiburg,1,1
2020-02-15,2019-20,Hoffenheim,Wolfsburg,2,3
2020-02-15,2019-20,Paderborn,Hertha,1,2
2020-02-15,2019-20,RB Leipzig,Werder Bremen,3,0
2020-02-15,2019-20,Union Berlin,Leverkusen,2,3
2020-02-15,2019-20,Fortuna Dusseldorf,M'gladbach,1,4
2020-02-16,2019-20,FC Koln,Bayern Munich,1,4
2020-02-16,2019-20,Mainz,Schalke 04,0,0
2020-02-21,2019-20,Bayern Munich,Paderborn,3,2
2020-02-22,2019-20,Freiburg,Fortuna Dusseldorf,0,2
2020-02-22,2019-20,Hertha,FC Koln,0,5
2020-02-22,2019-20,M'gladbach,Hoffenheim,1,1
2020-02-22,2019-20,Werder Bremen,Dortmund,0,2
2020-02-22,2019-20,Schalke 04,RB Leipzig,0,5
2020-02-23,2019-20,Leverkusen,Augsburg,2,0
2020-02-23,2019-20,Wolfsburg,Mainz,4,0
2020-02-24,2019-20,Ein Frankfurt,Union Berlin,1,2
2020-02-28,2019-20,Fortuna Dusseldorf,Hertha,3,3
2020-02-29,2019-20,Augsburg,M'gladbach,2,3
2020-02-29,2019-20,Dortmund,Freiburg,1,0
2020-02-29,2019-20,Hoffenheim,Bayern Munich,0,6
2020-02-29,2019-20,Mainz,Paderborn,2,0
2020-02-29,2019-20,FC Koln,Schalke 04,3,0
2020-03-01,2019-20,Union Berlin,Wolfsburg,2,2
2020-03-01,2019-20,RB Leipzig,Leverkusen,1,1
2020-03-06,2019-20,Paderborn,FC Koln,1,2
2020-03-07,2019-20,Freiburg,Union Berlin,3,1
2020-03-07,2019-20,Hertha,Werder Bremen,2,2
2020-03-07,2019-20,Leverkusen,Ein Frankfurt,4,0
2020-03-07,2019-20,Schalke 04,Hoffenheim,1,1
2020-03-07,2019-20,Wolfsburg,RB Leipzig,0,0
2020-03-07,2019-20,M'gladbach,Dortmund,1,2
2020-03-08,2019-20,Bayern Munich,Augsburg,2,0
2020-03-08,2019-20,Mainz,Fortuna Dusseldorf,1,1
2020-03-11,2019-20,M'gladbach,FC Koln,2,1
2020-05-16,2019-20,Augsburg,Wolfsburg,1,2
2020-05-16,2019-20,Dortmund,Schalke 04,4,0
2020-05-16,2019-20,Fortuna Dusseldorf,Paderborn,0,0
2020-05-16,2019-20,Hoffenheim,Hertha,0,3
2020-05-16,2019-20,RB Leipzig,Freiburg,1,1
2020-05-16,2019-20,Ein Frankfurt,M'gladbach,1,3
2020-05-17,2019-20,FC Koln,Mainz,2,2
2020-05-17,2019-20,Union Berlin,Bayern Munich,0,2
2020-05-18,2019-20,Werder Bremen,Leverkusen,1,4
2020-05-22,2019-20,Hertha,Union Berlin,4,0
2020-05-23,2019-20,Freiburg,Werder Bremen,0,1
2020-05-23,2019-20,M'gladbach,Leverkusen,1,3
2020-05-23,2019-20,Paderborn,Hoffenheim,1,1
2020-05-23,2019-20,Wolfsburg,Dortmund,0,2
2020-05-23,2019-20,Bayern Munich,Ein Frankfurt,5,2
2020-05-24,2019-20,Schalke 04,Augsburg,0,3
2020-05-24,2019-20,Mainz,RB Leipzig,0,5
2020-05-24,2019-20,FC Koln,Fortuna Dusseldorf,2,2
2020-05-26,2019-20,Dortmund,Bayern Munich,0,1
2020-05-26,2019-20,Ein Frankfurt,Freiburg,3,3
2020-05-26,2019-20,Leverkusen,Wolfsburg,1,4
2020-05-26,2019-20,Werder Bremen,M'gladbach,0,0
2020-05-27,2019-20,RB Leipzig,Hertha,2,2
2020-05-27,2019-20,Augsburg,Paderborn,0,0
2020-05-27,2019-20,Fortuna Dusseldorf,Schalke 04,2,1
2020-05-27,2019-20,Hoffenheim,FC Koln,3,1
2020-05-27,2019-20,Union Berlin,Mainz,1,1
2020-05-29,2019-20,Freiburg,Leverkusen,0,1
2020-05-30,2019-20,Hertha,Augsburg,2,0
2020-05-30,2019-20,Mainz,Hoffenheim,0,1
2020-05-30,2019-20,Schalke 04,Werder Bremen,0,1
2020-05-30,2019-20,Wolfsburg,Ein Frankfurt,1,2
2020-05-30,2019-20,Bayern Munich,Fortuna Dusseldorf,5,0
2020-05-31,2019-20,M'gladbach,Union Berlin,4,1
2020-05-31,2019-20,Paderborn,Dortmund,1,6
2020-06-01,2019-20,FC Koln,RB Leipzig,2,4
2020-06-03,2019-20,Werder Bremen,Ein Frankfurt,0,3
2020-06-05,2019-20,Freiburg,M'gladbach,1,0
2020-06-06,2019-20,Ein Frankfurt,Mainz,0,2
2020-06-06,2019-20,Fortuna Dusseldorf,Hoffenheim,2,2
2020-06-06,2019-20,Leverkusen,Bayern Munich,2,4
2020-06-06,2019-20,RB Leipzig,Paderborn,1,1
2020-06-06,2019-20,Dortmund,Hertha,1,0
2020-06-07,2019-20,Werder Bremen,Wolfsburg,0,1
2020-06-07,2019-20,Union Berlin,Schalke 04,1,1
2020-06-07,2019-20,Augsburg,FC Koln,1,1
2020-06-12,2019-20,Hoffenheim,RB Leipzig,0,2
2020-06-13,2019-20,FC Koln,Union Berlin,1,2
2020-06-13,2019-20,Fortuna Dusseldorf,Dortmund,0,1
2020-06-13,2019-20,Hertha,Ein Frankfurt,1,4
2020-06-13,2019-20,Paderborn,Werder Bremen,1,5
2020-06-13,2019-20,Wolfsburg,Freiburg,2,2
2020-06-13,2019-20,Bayern Munich,M'gladbach,2,1
2020-06-14,2019-20,Mainz,Augsburg,0,1
2020-06-14,2019-20,Schalke 04,Leverkusen,1,1
2020-06-16,2019-20,M'gladbach,Wolfsburg,3,0
2020-06-16,2019-20,Freiburg,Hertha,2,1
2020-06-16,2019-20,Union Berlin,Paderborn,1,0
2020-06-16,2019-20,Werder Bremen,Bayern Munich,0,1
2020-06-17,2019-20,Ein Frankfurt,Schalke 04,2,1
2020-06-17,2019-20,Augsburg,Hoffenheim,1,3
2020-06-17,2019-20,Dortmund,Mainz,0,2
2020-06-17,2019-20,Leverkusen,FC Koln,3,1
2020-06-17,2019-20,RB Leipzig,Fortuna Dusseldorf,2,2
2020-06-20,2019-20,Bayern Munich,Freiburg,3,1
2020-06-20,2019-20,FC Koln,Ein Frankfurt,1,1
2020-06-20,2019-20,Fortuna Dusseldorf,Augsburg,1,1
2020-06-20,2019-20,Hertha,Leverkusen,2,0
2020-06-20,2019-20,Hoffenheim,Union Berlin,4,0
2020-06-20,2019-20,Mainz,Werder Bremen,3,1
2020-06-20,2019-20,Paderborn,M'gladbach,1,3
2020-06-20,2019-20,RB Leipzig,Dortmund,0,2
2020-06-20,2019-20,Schalke 04,Wolfsburg,1,4
2020-06-27,2019-20,Augsburg,RB Leipzig,1,2
2020-06-27,2019-20,Dortmund,Hoffenheim,0,4
2020-06-27,2019-20,Ein Frankfurt,Paderborn,3,2
2020-06-27,2019-20,Freiburg,Schalke 04,4,0
2020-06-27,2019-20,Leverkusen,Mainz,1,0
2020-06-27,2019-20,M'gladbach,Hertha,2,1
2020-06-27,2019-20,Union Berlin,Fortuna Dusseldorf,3,0
2020-06-27,2019-20,Werder Bremen,FC Koln,6,1
2020-06-27,2019-20,Wolfsburg,Bayern Munich,0,4
2020-09-18,2020-21,Bayern Munich,Schalke 04,8,0
2020-09-19,2020-21,Ein Frankfurt,Bielefeld,1,1
2020-09-19,2020-21,FC Koln,Hoffenheim,2,3
2020-09-19,2020-21,Stuttgart,Freiburg,2,3
2020-09-19,2020-21,Union Berlin,Augsburg,1,3
2020-09-19,2020-21,Werder Bremen,Hertha,1,4
2020-09-19,2020-21,Dortmund,M'gladbach,3,0
2020-09-20,2020-21,RB Leipzig,Mainz,3,1
2020-09-20,2020-21,Wolfsburg,Leverkusen,0,0
2020-09-25,2020-21,Hertha,Ein Frankfurt,1,3
2020-09-26,2020-21,Augsburg,Dortmund,2,0
2020-09-26,2020-21,Bielefeld,FC Koln,1,0
2020-09-26,2020-21,Leverkusen,RB Leipzig,1,1
2020-09-26,2020-21,Mainz,Stuttgart,1,4
2020-09-26,2020-21,M'gladbach,Union Berlin,1,1
2020-09-26,2020-21,Schalke 04,Werder Bremen,1,3
2020-09-27,2020-21,Hoffenheim,Bayern Munich,4,1
2020-09-27,2020-21,Freiburg,Wolfsburg,1,1
2020-10-02,2020-21,Union Berlin,Mainz,4,0
2020-10-03,2020-21,Dortmund,Freiburg,4,0
2020-10-03,2020-21,Ein Frankfurt,Hoffenheim,2,1
2020-10-03,2020-21,FC Koln,M'gladbach,1,3
2020-10-03,2020-21,Stuttgart,Leverkusen,1,1
2020-10-03,2020-21,Werder Bremen,Bielefeld,1,0
2020-10-03,2020-21,RB Leipzig,Schalke 04,4,0
2020-10-04,2020-21,Wolfsburg,Augsburg,0,0
2020-10-04,2020-21,Bayern Munich,Hertha,4,3
2020-10-17,2020-21,Augsburg,RB Leipzig,0,2
2020-10-17,2020-21,Freiburg,Werder Bremen,1,1
2020-10-17,2020-21,Hertha,Stuttgart,0,2
2020-10-17,2020-21,Hoffenheim,Dortmund,0,1
2020-10-17,2020-21,Mainz,Leverkusen,0,1
2020-10-17,2020-21,Bielefeld,Bayern Munich,1,4
2020-10-17,2020-21,M'gladbach,Wolfsburg,1,1
2020-10-18,2020-21,FC Koln,Ein Frankfurt,1,1
2020-10-18,2020-21,Schalke 04,Union Berlin,1,1
2020-10-23,2020-21,Stuttgart,FC Koln,1,1
2020-10-24,2020-21,Bayern Munich,Ein Frankfurt,5,0
2020-10-24,2020-21,Mainz,M'gladbach,2,3
2020-10-24,2020-21,RB Leipzig,Hertha,2,1
2020-10-24,2020-21,Union Berlin,Freiburg,1,1
2020-10-24,2020-21,Dortmund,Schalke 04,3,0
2020-10-25,2020-21,Wolfsburg,Bielefeld,2,1
2020-10-25,2020-21,Werder Bremen,Hoffenheim,1,1
2020-10-26,2020-21,Leverkusen,Augsburg,3,1
2020-10-30,2020-21,Schalke 04,Stuttgart,1,1
2020-10-31,2020-21,Augsburg,Mainz,3,1
2020-10-31,2020-21,Bielefeld,Dortmund,0,2
2020-10-31,2020-21,Ein Frankfurt,Werder Bremen,1,1
2020-10-31,2020-21,FC Koln,Bayern Munich,1,2
2020-10-31,2020-21,M'gladbach,RB Leipzig,1,0
2020-11-01,2020-21,Freiburg,Leverkusen,2,4
2020-11-01,2020-21,Hertha,Wolfsburg,1,1
2020-11-02,2020-21,Hoffenheim,Union Berlin,1,3
2020-11-06,2020-21,Werder Bremen,FC Koln,1,1
2020-11-07,2020-21,Augsburg,Hertha,0,3
2020-11-07,2020-21,Mainz,Schalke 04,2,2
2020-11-07,2020-21,RB Leipzig,Freiburg,3,0
2020-11-07,2020-21,Stuttgart,Ein Frankfurt,2,2
2020-11-07,2020-21,Union Berlin,Bielefeld,5,0
2020-11-07,2020-21,Dortmund,Bayern Munich,2,3
2020-11-08,2020-21,Wolfsburg,Hoffenheim,2,1
2020-11-08,2020-21,Leverkusen,M'gladbach,4,3
2020-11-21,2020-21,Bayern Munich,Werder Bremen,1,1
2020-11-21,2020-21,Bielefeld,Leverkusen,1,2
2020-11-21,2020-21,Hoffenheim,Stuttgart,3,3
2020-11-21,2020-21,M'gladbach,Augsburg,1,1
2020-11-21,2020-21,Schalke 04,Wolfsburg,0,2
2020-11-21,2020-21,Ein Frankfurt,RB Leipzig,1,1
2020-11-21,2020-21,Hertha,Dortmund,2,5
2020-11-22,2020-21,Freiburg,Mainz,1,3
2020-11-22,2020-21,FC Koln,Union Berlin,1,2
2020-11-27,2020-21,Wolfsburg,Werder Bremen,5,3
2020-11-28,2020-21,Augsburg,Freiburg,1,1
2020-11-28,2020-21,Dortmund,FC Koln,1,2
2020-11-28,2020-21,RB Leipzig,Bielefeld,2,1
2020-11-28,2020-21,Stuttgart,Bayern Munich,1,3
2020-11-28,2020-21,Union Berlin,Ein Frankfurt,3,3
2020-11-28,2020-21,M'gladbach,Schalke 04,4,1
2020-11-29,2020-21,Leverkusen,Hertha,0,0
2020-11-29,2020-21,Mainz,Hoffenheim,1,1
2020-12-04,2020-21,Hertha,Union Berlin,3,1
2020-12-05,2020-21,Bielefeld,Mainz,2,1
2020-12-05,2020-21,Ein Frankfurt,Dortmund,1,1
2020-12-05,2020-21,FC Koln,Wolfsburg,2,2
2020-12-05,2020-21,Freiburg,M'gladbach,2,2
2020-12-05,2020-21,Bayern Munich,RB Leipzig,3,3
2020-12-06,2020-21,Werder Bremen,Stuttgart,1,2
2020-12-06,2020-21,Schalke 04,Leverkusen,0,3
2020-12-07,2020-21,Hoffenheim,Augsburg,3,1
2020-12-11,2020-21,Wolfsburg,Ein Frankfurt,2,1
2020-12-12,2020-21,Dortmund,Stuttgart,1,5
2020-12-12,2020-21,Freiburg,Bielefeld,2,0
2020-12-12,2020-21,Mainz,FC Koln,0,1
2020-12-12,2020-21,M'gladbach,Hertha,1,1
2020-12-12,2020-21,RB Leipzig,Werder Bremen,2,0
2020-12-12,2020-21,Union Berlin,Bayern Munich,1,1
2020-12-13,2020-21,Augsburg,Schalke 04,2,2
2020-12-13,2020-21,Leverkusen,Hoffenheim,4,1
2020-12-15,2020-21,Ein Frankfurt,M'gladbach,3,3
2020-12-15,2020-21,Hertha,Mainz,0,0
2020-12-15,2020-21,Stuttgart,Union Berlin,2,2
2020-12-15,2020-21,Werder Bremen,Dortmund,1,2
2020-12-16,2020-21,Schalke 04,Freiburg,0,2
2020-12-16,2020-21,Bayern Munich,Wolfsburg,2,1
2020-12-16,2020-21,Bielefeld,Augsburg,0,1
2020-12-16,2020-21,FC Koln,Leverkusen,0,4
2020-12-16,2020-21,Hoffenheim,RB Leipzig,0,1
2020-12-18,2020-21,Union Berlin,Dortmund,2,1
2020-12-19,2020-21,Augsburg,Ein Frankfurt,0,2
2020-12-19,2020-21,Mainz,Werder Bremen,0,1
2020-12-19,2020-21,M'gladbach,Hoffenheim,1,2
2020-12-19,2020-21,RB Leipzig,FC Koln,0,0
2020-12-19,2020-21,Schalke 04,Bielefeld,0,1
2020-12-19,2020-21,Leverkusen,Bayern Munich,1,2
2020-12-20,2020-21,Freiburg,Hertha,4,1
2020-12-20,2020-21,Wolfsburg,Stuttgart,1,0
2021-01-02,2020-21,Bielefeld,M'gladbach,0,1
2021-01-02,2020-21,Ein Frankfurt,Leverkusen,2,1
2021-01-02,2020-21,FC Koln,Augsburg,0,1
2021-01-02,2020-21,Hoffenheim,Freiburg,1,3
2021-01-02,2020-21,Werder Bremen,Union Berlin,0,2
2021-01-02,2020-21,Hertha,Schalke 04,3,0
2021-01-02,2020-21,Stuttgart,RB Leipzig,0,1
2021-01-03,2020-21,Dortmund,Wolfsburg,2,0
2021-01-03,2020-21,Bayern Munich,Mainz,5,2
2021-01-08,2020-21,M'gladbach,Bayern Munich,3,2
2021-01-09,2020-21,Freiburg,FC Koln,5,0
2021-01-09,2020-21,Leverkusen,Werder Bremen,1,1
2021-01-09,2020-21,Mainz,Ein Frankfurt,0,2
2021-01-09,2020-21,Schalke 04,Hoffenheim,4,0
2021-01-09,2020-21,Union Berlin,Wolfsburg,2,2
2021-01-09,2020-21,RB Leipzig,Dortmund,1,3
2021-01-10,2020-21,Augsburg,Stuttgart,1,4
2021-01-10,2020-21,Bielefeld,Hertha,1,0
2021-01-15,2020-21,Union Berlin,Leverkusen,1,0
2021-01-16,2020-21,Dortmund,Mainz,1,1
2021-01-16,2020-21,FC Koln,Hertha,0,0
2021-01-16,2020-21,Hoffenheim,Bielefeld,0,0
2021-01-16,2020-21,Werder Bremen,Augsburg,2,0
2021-01-16,2020-21,Wolfsburg,RB Leipzig,2,2
2021-01-16,2020-21,Stuttgart,M'gladbach,2,2
2021-01-17,2020-21,Bayern Munich,Freiburg,2,1
2021-01-17,2020-21,Ein Frankfurt,Schalke 04,3,1
2021-01-19,2020-21,M'gladbach,Werder Bremen,1,0
2021-01-19,2020-21,Hertha,Hoffenheim,0,3
2021-01-19,2020-21,Leverkusen,Dortmund,2,1
2021-01-19,2020-21,Mainz,Wolfsburg,0,2
2021-01-20,2020-21,Schalke 04,FC Koln,1,2
2021-01-20,2020-21,Augsburg,Bayern Munich,0,1
2021-01-20,2020-21,Bielefeld,Stuttgart,3,0
2021-01-20,2020-21,Freiburg,Ein Frankfurt,2,2
2021-01-20,2020-21,RB Leipzig,Union Berlin,1,0
2021-01-22,2020-21,M'gladbach,Dortmund,4,2
2021-01-23,2020-21,Augsburg,Union Berlin,2,1
2021-01-23,2020-21,Bielefeld,Ein Frankfurt,1,5
2021-01-23,2020-21,Freiburg,Stuttgart,2,1
2021-01-23,2020-21,Leverkusen,Wolfsburg,0,1
2021-01-23,2020-21,Mainz,RB Leipzig,3,2
2021-01-23,2020-21,Hertha,Werder Bremen,1,4
2021-01-24,2020-21,Schalke 04,Bayern Munich,0,4
2021-01-24,2020-21,Hoffenheim,FC Koln,3,0
2021-01-29,2020-21,Stuttgart,Mainz,2,0
2021-01-30,2020-21,Bayern Munich,Hoffenheim,4,1
2021-01-30,2020-21,Dortmund,Augsburg,3,1
2021-01-30,2020-21,Ein Frankfurt,Hertha,3,1
2021-01-30,2020-21,Union Berlin,M'gladbach,1,1
2021-01-30,2020-21,Werder Bremen,Schalke 04,1,1
2021-01-30,2020-21,RB Leipzig,Leverkusen,1,0
2021-01-31,2020-21,FC Koln,Bielefeld,3,1
2021-01-31,2020-21,Wolfsburg,Freiburg,3,0
2021-02-05,2020-21,Hertha,Bayern Munich,0,1
2021-02-06,2020-21,Augsburg,Wolfsburg,0,2
2021-02-06,2020-21,Freiburg,Dortmund,2,1
2021-02-06,2020-21,Leverkusen,Stuttgart,5,2
2021-02-06,2020-21,Mainz,Union Berlin,1,0
2021-02-06,2020-21,Schalke 04,RB Leipzig,0,3
2021-02-06,2020-21,M'gladbach,FC Koln,1,2
2021-02-07,2020-21,Hoffenheim,Ein Frankfurt,1,3
2021-02-12,2020-21,RB Leipzig,Augsburg,2,1
2021-02-13,2020-21,Dortmund,Hoffenheim,2,2
2021-02-13,2020-21,Leverkusen,Mainz,2,2
2021-02-13,2020-21,Stuttgart,Hertha,1,1
2021-02-13,2020-21,Werder Bremen,Freiburg,0,0
2021-02-13,2020-21,Union Berlin,Schalke 04,0,0
2021-02-14,2020-21,Ein Frankfurt,FC Koln,2,0
2021-02-14,2020-21,Wolfsburg,M'gladbach,0,0
2021-02-15,2020-21,Bayern Munich,Bielefeld,3,3
2021-02-19,2020-21,Bielefeld,Wolfsburg,0,3
2021-02-20,2020-21,Ein Frankfurt,Bayern Munich,2,1
2021-02-20,2020-21,FC Koln,Stuttgart,0,1
2021-02-20,2020-21,Freiburg,Union Berlin,0,1
2021-02-20,2020-21,M'gladbach,Mainz,1,2
2021-02-20,2020-21,Schalke 04,Dortmund,0,4
2021-02-21,2020-21,Augsburg,Leverkusen,1,1
2021-02-21,2020-21,Hertha,RB Leipzig,0,3
2021-02-21,2020-21,Hoffenheim,Werder Bremen,4,0
2021-02-26,2020-21,Werder Bremen,Ein Frankfurt,2,1
2021-02-27,2020-21,Bayern Munich,FC Koln,5,1
2021-02-27,2020-21,Dortmund,Bielefeld,3,0
2021-02-27,2020-21,Stuttgart,Schalke 04,5,1
2021-02-27,2020-21,Wolfsburg,Hertha,2,0
2021-02-27,2020-21,RB Leipzig,M'gladbach,3,2
2021-02-28,2020-21,Union Berlin,Hoffenheim,1,1
2021-02-28,2020-21,Mainz,Augsburg,0,1
2021-02-28,2020-21,Leverkusen,Freiburg,1,2
2021-03-05,2020-21,Schalke 04,Mainz,0,0
2021-03-06,2020-21,Ein Frankfurt,Stuttgart,1,1
2021-03-06,2020-21,Freiburg,RB Leipzig,0,3
2021-03-06,2020-21,Hertha,Augsburg,2,1
2021-03-06,2020-21,Hoffenheim,Wolfsburg,2,1
2021-03-06,2020-21,M'gladbach,Leverkusen,0,1
2021-03-06,2020-21,Bayern Munich,Dortmund,4,2
2021-03-07,2020-21,FC Koln,Werder Bremen,1,1
2021-03-07,2020-21,Bielefeld,Union Berlin,0,0
2021-03-10,2020-21,Bielefeld,Werder Bremen,0,2
2021-03-12,2020-21,Augsburg,M'gladbach,3,1
2021-03-13,2020-21,Mainz,Freiburg,1,0
2021-03-13,2020-21,Union Berlin,FC Koln,2,1
2021-03-13,2020-21,Werder Bremen,Bayern Munich,1,3
2021-03-13,2020-21,Wolfsburg,Schalke 04,5,0
2021-03-13,2020-21,Dortmund,Hertha,2,0
2021-03-14,2020-21,Leverkusen,Bielefeld,1,2
2021-03-14,2020-21,RB Leipzig,Ein Frankfurt,1,1
2021-03-14,2020-21,Stuttgart,Hoffenheim,2,0
2021-03-19,2020-21,Bielefeld,RB Leipzig,0,1
2021-03-20,2020-21,Bayern Munich,Stuttgart,4,0
2021-03-20,2020-21,Ein Frankfurt,Union Berlin,5,2
2021-03-20,2020-21,FC Koln,Dortmund,2,2
2021-03-20,2020-21,Werder Bremen,Wolfsburg,1,2
2021-03-20,2020-21,Schalke 04,M'gladbach,0,3
2021-03-21,2020-21,Hoffenheim,Mainz,1,2
2021-03-21,2020-21,Hertha,Leverkusen,3,0
2021-03-21,2020-21,Freiburg,Augsburg,2,0
2021-04-03,2020-21,Augsburg,Hoffenheim,2,1
2021-04-03,2020-21,Dortmund,Ein Frankfurt,1,2
2021-04-03,2020-21,Leverkusen,Schalke 04,2,1
2021-04-03,2020-21,Mainz,Bielefeld,1,1
2021-04-03,2020-21,Wolfsburg,FC Koln,1,0
2021-04-03,2020-21,RB Leipzig,Bayern Munich,0,1
2021-04-03,2020-21,M'gladbach,Freiburg,2,1
2021-04-04,2020-21,Stuttgart,Werder Bremen,1,0
2021-04-04,2020-21,Union Berlin,Hertha,1,1
2021-04-09,2020-21,Bielefeld,Freiburg,1,0
2021-04-10,2020-21,Bayern Munich,Union Berlin,1,1
2021-04-10,2020-21,Ein Frankfurt,Wolfsburg,4,3
2021-04-10,2020-21,Hertha,M'gladbach,2,2
2021-04-10,2020-21,Werder Bremen,RB Leipzig,1,4
2021-04-10,2020-21,Stuttgart,Dortmund,2,3
2021-04-11,2020-21,Schalke 04,Augsburg,1,0
2021-04-11,2020-21,FC Koln,Mainz,2,3
2021-04-12,2020-21,Hoffenheim,Leverkusen,0,0
2021-04-16,2020-21,RB Leipzig,Hoffenheim,0,0
2021-04-17,2020-21,Augsburg,Bielefeld,0,0
2021-04-17,2020-21,Freiburg,Schalke 04,4,0
2021-04-17,2020-21,M'gladbach,Ein Frankfurt,4,0
2021-04-17,2020-21,Union Berlin,Stuttgart,2,1
2021-04-17,2020-21,Wolfsburg,Bayern Munich,2,3
2021-04-17,2020-21,Leverkusen,FC Koln,3,0
2021-04-18,2020-21,Dortmund,Werder Bremen,4,1
2021-04-20,2020-21,FC Koln,RB Leipzig,2,1
2021-04-20,2020-21,Bayern Munich,Leverkusen,2,0
2021-04-20,2020-21,Bielefeld,Schalke 04,1,0
2021-04-20,2020-21,Ein Frankfurt,Augsburg,2,0
2021-04-21,2020-21,Dortmund,Union Berlin,2,0
2021-04-21,2020-21,Hoffenheim,M'gladbach,3,2
2021-04-21,2020-21,Stuttgart,Wolfsburg,1,3
2021-04-21,2020-21,Werder Bremen,Mainz,0,1
2021-04-23,2020-21,Augsburg,FC Koln,2,3
2021-04-24,2020-21,Freiburg,Hoffenheim,1,1
2021-04-24,2020-21,Mainz,Bayern Munich,2,1
2021-04-24,2020-21,Union Berlin,Werder Bremen,3,1
2021-04-24,2020-21,Wolfsburg,Dortmund,0,2
2021-04-24,2020-21,Leverkusen,Ein Frankfurt,3,1
2021-04-25,2020-21,RB Leipzig,Stuttgart,2,0
2021-04-25,2020-21,M'gladbach,Bielefeld,5,0
2021-05-03,2020-21,Mainz,Hertha,1,1
2021-05-06,2020-21,Hertha,Freiburg,3,0
2021-05-07,2020-21,Stuttgart,Augsburg,2,1
2021-05-08,2020-21,Dortmund,RB Leipzig,3,2
2021-05-08,2020-21,Hoffenheim,Schalke 04,4,2
2021-05-08,2020-21,Werder Bremen,Leverkusen,0,0
2021-05-08,2020-21,Wolfsburg,Union Berlin,3,0
2021-05-08,2020-21,Bayern Munich,M'gladbach,6,0
2021-05-09,2020-21,FC Koln,Freiburg,1,4
2021-05-09,2020-21,Ein Frankfurt,Mainz,1,1
2021-05-09,2020-21,Hertha,Bielefeld,0,0
2021-05-12,2020-21,Schalke 04,Hertha,1,2
2021-05-15,2020-21,Augsburg,Werder Bremen,2,0
2021-05-15,2020-21,Bielefeld,Hoffenheim,1,1
2021-05-15,2020-21,Freiburg,Bayern Munich,2,2
2021-05-15,2020-21,Hertha,FC Koln,0,0
2021-05-15,2020-21,Leverkusen,Union Berlin,1,1
2021-05-15,2020-21,M'gladbach,Stuttgart,1,2
2021-05-15,2020-21,Schalke 04,Ein Frankfurt,4,3
2021-05-16,2020-21,Mainz,Dortmund,1,3
2021-05-16,2020-21,RB Leipzig,Wolfsburg,2,2
2021-05-22,2020-21,Bayern Munich,Augsburg,5,2
2021-05-22,2020-21,Dortmund,Leverkusen,3,1
2021-05-22,2020-21,Ein Frankfurt,Freiburg,3,1
2021-05-22,2020-21,FC Koln,Schalke 04,1,0
2021-05-22,2020-21,Hoffenheim,Hertha,2,1
2021-05-22,2020-21,Stuttgart,Bielefeld,0,2
2021-05-22,2020-21,Union Berlin,RB Leipzig,2,1
2021-05-22,2020-21,Werder Bremen,M'gladbach,2,4
2021-05-22,2020-21,Wolfsburg,Mainz,2,3
2021-08-13,2021-22,M'gladbach,Bayern Munich,1,1
2021-08-14,2021-22,Augsburg,Hoffenheim,0,4
2021-08-14,2021-22,Bielefeld,Freiburg,0,0
2021-08-14,2021-22,Stuttgart,Greuther Furth,5,1
2021-08-14,2021-22,Union Berlin,Leverkusen,1,1
2021-08-14,2021-22,Wolfsburg,Bochum,1,0
2021-08-14,2021-22,Dortmund,Ein Frankfurt,5,2
2021-08-15,2021-22,Mainz,RB Leipzig,1,0
2021-08-15,2021-22,FC Koln,Hertha,3,1
2021-08-20,2021-22,RB Leipzig,Stuttgart,4,0
2021-08-21,2021-22,Bochum,Mainz,2,0
2021-08-21,2021-22,Ein Frankfurt,Augsburg,0,0
2021-08-21,2021-22,Freiburg,Dortmund,2,1
2021-08-21,2021-22,Greuther Furth,Bielefeld,1,1
2021-08-21,2021-22,Hertha,Wolfsburg,1,2
2021-08-21,2021-22,Leverkusen,M'gladbach,4,0
2021-08-22,2021-22,Hoffenheim,Union Berlin,2,2
2021-08-22,2021-22,Bayern Munich,FC Koln,3,2
2021-08-27,2021-22,Dortmund,Hoffenheim,3,2
2021-08-28,2021-22,Augsburg,Leverkusen,1,4
2021-08-28,2021-22,Bielefeld,Ein Frankfurt,1,1
2021-08-28,2021-22,FC Koln,Bochum,2,1
2021-08-28,2021-22,Mainz,Greuther Furth,3,0
2021-08-28,2021-22,Stuttgart,Freiburg,2,3
2021-08-28,2021-22,Bayern Munich,Hertha,5,0
2021-08-29,2021-22,Union Berlin,M'gladbach,2,1
2021-08-29,2021-22,Wolfsburg,RB Leipzig,1,0
2021-09-11,2021-22,Freiburg,FC Koln,1,1
2021-09-11,2021-22,Greuther Furth,Wolfsburg,0,2
2021-09-11,2021-22,Hoffenheim,Mainz,0,2
2021-09-11,2021-22,Leverkusen,Dortmund,3,4
2021-09-11,2021-22,Union Berlin,Augsburg,0,0
2021-09-11,2021-22,RB Leipzig,Bayern Munich,1,4
2021-09-12,2021-22,Ein Frankfurt,Stuttgart,1,1
2021-09-12,2021-22,Bochum,Hertha,1,3
2021-09-12,2021-22,M'gladbach,Bielefeld,3,1
2021-09-17,2021-22,Hertha,Greuther Furth,2,1
2021-09-18,2021-22,Augsburg,M'gladbach,1,0
2021-09-18,2021-22,Bayern Munich,Bochum,7,0
2021-09-18,2021-22,Bielefeld,Hoffenheim,0,0
2021-09-18,2021-22,Mainz,Freiburg,0,0
2021-09-18,2021-22,FC Koln,RB Leipzig,1,1
2021-09-19,2021-22,Stuttgart,Leverkusen,1,3
2021-09-19,2021-22,Dortmund,Union Berlin,4,2
2021-09-19,2021-22,Wolfsburg,Ein Frankfurt,1,1
2021-09-24,2021-22,Greuther Furth,Bayern Munich,1,3
2021-09-25,2021-22,Ein Frankfurt,FC Koln,1,1
2021-09-25,2021-22,Hoffenheim,Wolfsburg,3,1
2021-09-25,2021-22,Leverkusen,Mainz,1,0
2021-09-25,2021-22,RB Leipzig,Hertha,6,0
2021-09-25,2021-22,Union Berlin,Bielefeld,1,0
2021-09-25,2021-22,M'gladbach,Dortmund,1,0
2021-09-26,2021-22,Bochum,Stuttgart,0,0
2021-09-26,2021-22,Freiburg,Augsburg,3,0
2021-10-01,2021-22,FC Koln,Greuther Furth,3,1
2021-10-02,2021-22,Dortmund,Augsburg,2,1
2021-10-02,2021-22,Hertha,Freiburg,1,2
2021-10-02,2021-22,Stuttgart,Hoffenheim,3,1
2021-10-02,2021-22,Wolfsburg,M'gladbach,1,3
2021-10-02,2021-22,RB Leipzig,Bochum,3,0
2021-10-03,2021-22,Mainz,Union Berlin,1,2
2021-10-03,2021-22,Bayern Munich,Ein Frankfurt,1,2
2021-10-03,2021-22,Bielefeld,Leverkusen,0,4
2021-10-15,2021-22,Hoffenheim,FC Koln,5,0
2021-10-16,2021-22,Dortmund,Mainz,3,1
2021-10-16,2021-22,Ein Frankfurt,Hertha,1,2
2021-10-16,2021-22,Freiburg,RB Leipzig,1,1
2021-10-16,2021-22,Greuther Furth,Bochum,0,1
2021-10-16,2021-22,Union Berlin,Wolfsburg,2,0
2021-10-16,2021-22,M'gladbach,Stuttgart,1,1
2021-10-17,2021-22,Leverkusen,Bayern Munich,1,5
2021-10-17,2021-22,Augsburg,Bielefeld,1,1
2021-10-22,2021-22,Mainz,Augsburg,4,1
2021-10-23,2021-22,Bayern Munich,Hoffenheim,4,0
2021-10-23,2021-22,Bielefeld,Dortmund,1,3
2021-10-23,2021-22,RB Leipzig,Greuther Furth,4,1
2021-10-23,2021-22,Wolfsburg,Freiburg,0,2
2021-10-23,2021-22,Hertha,M'gladbach,1,0
2021-10-24,2021-22,FC Koln,Leverkusen,2,2
2021-10-24,2021-22,Stuttgart,Union Berlin,1,1
2021-10-24,2021-22,Bochum,Ein Frankfurt,2,0
2021-10-29,2021-22,Hoffenheim,Hertha,2,0
2021-10-30,2021-22,Bielefeld,Mainz,1,2
2021-10-30,2021-22,Dortmund,FC Koln,2,0
2021-10-30,2021-22,Freiburg,Greuther Furth,3,1
2021-10-30,2021-22,Leverkusen,Wolfsburg,0,2
2021-10-30,2021-22,Union Berlin,Bayern Munich,2,5
2021-10-30,2021-22,Ein Frankfurt,RB Leipzig,1,1
2021-10-31,2021-22,Augsburg,Stuttgart,4,1
2021-10-31,2021-22,M'gladbach,Bochum,2,1
2021-11-05,2021-22,Mainz,M'gladbach,1,1
2021-11-06,2021-22,Bayern Munich,Freiburg,2,1
2021-11-06,2021-22,Bochum,Hoffenheim,2,0
2021-11-06,2021-22,Stuttgart,Bielefeld,0,1
2021-11-06,2021-22,Wolfsburg,Augsburg,1,0
2021-11-06,2021-22,RB Leipzig,Dortmund,2,1
2021-11-07,2021-22,Hertha,Leverkusen,1,1
2021-11-07,2021-22,FC Koln,Union Berlin,2,2
2021-11-07,2021-22,Greuther Furth,Ein Frankfurt,1,2
2021-11-19,2021-22,Augsburg,Bayern Munich,2,1
2021-11-20,2021-22,Bielefeld,Wolfsburg,2,2
2021-11-20,2021-22,Dortmund,Stuttgart,2,1
2021-11-20,2021-22,Hoffenheim,RB Leipzig,2,0
2021-11-20,2021-22,Leverkusen,Bochum,1,0
2021-11-20,2021-22,M'gladbach,Greuther Furth,4,0
2021-11-20,2021-22,Union Berlin,Hertha,2,0
2021-11-21,2021-22,Freiburg,Ein Frankfurt,0,2
2021-11-21,2021-22,Mainz,FC Koln,1,1
2021-11-26,2021-22,Stuttgart,Mainz,2,1
2021-11-27,2021-22,Bochum,Freiburg,2,1
2021-11-27,2021-22,FC Koln,M'gladbach,4,1
2021-11-27,2021-22,Greuther Furth,Hoffenheim,3,6
2021-11-27,2021-22,Hertha,Augsburg,1,1
2021-11-27,2021-22,Wolfsburg,Dortmund,1,3
2021-11-27,2021-22,Bayern Munich,Bielefeld,1,0
2021-11-28,2021-22,Ein Frankfurt,Union Berlin,2,1
2021-11-28,2021-22,RB Leipzig,Leverkusen,1,3
2021-12-03,2021-22,Union Berlin,RB Leipzig,2,1
2021-12-04,2021-22,Augsburg,Bochum,2,3
2021-12-04,2021-22,Bielefeld,FC Koln,1,1
2021-12-04,2021-22,Hoffenheim,Ein Frankfurt,3,2
2021-12-04,2021-22,Leverkusen,Greuther Furth,7,1
2021-12-04,2021-22,Mainz,Wolfsburg,3,0
2021-12-04,2021-22,Dortmund,Bayern Munich,2,3
2021-12-05,2021-22,Stuttgart,Hertha,2,2
2021-12-05,2021-22,M'gladbach,Freiburg,0,6
2021-12-10,2021-22,FC Koln,Augsburg,0,2
2021-12-11,2021-22,Bayern Munich,Mainz,2,1
2021-12-11,2021-22,Bochum,Dortmund,1,1
2021-12-11,2021-22,Freiburg,Hoffenheim,1,2
2021-12-11,2021-22,Hertha,Bielefeld,2,0
2021-12-11,2021-22,RB Leipzig,M'gladbach,4,1
2021-12-11,2021-22,Wolfsburg,Stuttgart,0,2
2021-12-12,2021-22,Greuther Furth,Union Berlin,1,0
2021-12-12,2021-22,Ein Frankfurt,Leverkusen,5,2
2021-12-14,2021-22,Stuttgart,Bayern Munich,0,5
2021-12-14,2021-22,Bielefeld,Bochum,2,0
2021-12-14,2021-22,Mainz,Hertha,4,0
2021-12-14,2021-22,Wolfsburg,FC Koln,2,3
2021-12-15,2021-22,M'gladbach,Ein Frankfurt,2,3
2021-12-15,2021-22,Augsburg,RB Leipzig,1,1
2021-12-15,2021-22,Dortmund,Greuther Furth,3,0
2021-12-15,2021-22,Leverkusen,Hoffenheim,2,2
2021-12-15,2021-22,Union Berlin,Freiburg,0,0
2021-12-17,2021-22,Bayern Munich,Wolfsburg,4,0
2021-12-18,2021-22,Bochum,Union Berlin,0,1
2021-12-18,2021-22,Ein Frankfurt,Mainz,1,0
2021-12-18,2021-22,Greuther Furth,Augsburg,0,0
2021-12-18,2021-22,Hoffenheim,M'gladbach,1,1
2021-12-18,2021-22,RB Leipzig,Bielefeld,0,2
2021-12-18,2021-22,Hertha,Dortmund,3,2
2021-12-19,2021-22,Freiburg,Leverkusen,2,1
2021-12-19,2021-22,FC Koln,Stuttgart,1,0
2022-01-07,2021-22,Bayern Munich,M'gladbach,1,2
2022-01-08,2021-22,Freiburg,Bielefeld,2,2
2022-01-08,2021-22,Greuther Furth,Stuttgart,0,0
2022-01-08,2021-22,Hoffenheim,Augsburg,3,1
2022-01-08,2021-22,Leverkusen,Union Berlin,2,2
2022-01-08,2021-22,RB Leipzig,Mainz,4,1
2022-01-08,2021-22,Ein Frankfurt,Dortmund,2,3
2022-01-09,2021-22,Hertha,FC Koln,1,3
2022-01-09,2021-22,Bochum,Wolfsburg,1,0
2022-01-14,2021-22,Dortmund,Freiburg,5,1
2022-01-15,2021-22,FC Koln,Bayern Munich,0,4
2022-01-15,2021-22,Mainz,Bochum,1,0
2022-01-15,2021-22,Stuttgart,RB Leipzig,0,2
2022-01-15,2021-22,Union Berlin,Hoffenheim,2,1
2022-01-15,2021-22,Wolfsburg,Hertha,0,0
2022-01-15,2021-22,M'gladbach,Leverkusen,1,2
2022-01-16,2021-22,Augsburg,Ein Frankfurt,1,1
2022-01-16,2021-22,Bielefeld,Greuther Furth,2,2
2022-01-21,2021-22,Ein Frankfurt,Bielefeld,0,2
2022-01-22,2021-22,Freiburg,Stuttgart,2,0
2022-01-22,2021-22,Greuther Furth,Mainz,2,1
2022-01-22,2021-22,Hoffenheim,Dortmund,2,3
2022-01-22,2021-22,Leverkusen,Augsburg,5,1
2022-01-22,2021-22,M'gladbach,Union Berlin,1,2
2022-01-22,2021-22,Bochum,FC Koln,2,2
2022-01-23,2021-22,RB Leipzig,Wolfsburg,2,0
2022-01-23,2021-22,Hertha,Bayern Munich,1,4
2022-02-04,2021-22,Hertha,Bochum,1,1
2022-02-05,2021-22,Augsburg,Union Berlin,2,0
2022-02-05,2021-22,Bielefeld,M'gladbach,1,1
2022-02-05,2021-22,FC Koln,Freiburg,1,0
2022-02-05,2021-22,Mainz,Hoffenheim,2,0
2022-02-05,2021-22,Stuttgart,Ein Frankfurt,2,3
2022-02-05,2021-22,Bayern Munich,RB Leipzig,3,2
2022-02-06,2021-22,Dortmund,Leverkusen,2,5
2022-02-06,2021-22,Wolfsburg,Greuther Furth,4,1
2022-02-11,2021-22,RB Leipzig,FC Koln,3,1
2022-02-12,2021-22,Bochum,Bayern Munich,4,2
2022-02-12,2021-22,Ein Frankfurt,Wolfsburg,0,2
2022-02-12,2021-22,Freiburg,Mainz,1,1
2022-02-12,2021-22,Greuther Furth,Hertha,2,1
2022-02-12,2021-22,M'gladbach,Augsburg,3,2
2022-02-12,2021-22,Leverkusen,Stuttgart,4,2
2022-02-13,2021-22,Union Berlin,Dortmund,0,3
2022-02-13,2021-22,Hoffenheim,Bielefeld,2,0
2022-02-18,2021-22,Mainz,Leverkusen,3,2
2022-02-19,2021-22,Augsburg,Freiburg,1,2
2022-02-19,2021-22,Bielefeld,Union Berlin,1,0
2022-02-19,2021-22,Stuttgart,Bochum,1,1
2022-02-19,2021-22,Wolfsburg,Hoffenheim,1,2
2022-02-19,2021-22,FC Koln,Ein Frankfurt,1,0
2022-02-20,2021-22,Bayern Munich,Greuther Furth,4,1
2022-02-20,2021-22,Dortmund,M'gladbach,6,0
2022-02-20,2021-22,Hertha,RB Leipzig,1,6
2022-02-25,2021-22,Hoffenheim,Stuttgart,2,1
2022-02-26,2021-22,Freiburg,Hertha,3,0
2022-02-26,2021-22,Greuther Furth,FC Koln,1,1
2022-02-26,2021-22,Leverkusen,Bielefeld,3,0
2022-02-26,2021-22,M'gladbach,Wolfsburg,2,2
2022-02-26,2021-22,Union Berlin,Mainz,3,1
2022-02-26,2021-22,Ein Frankfurt,Bayern Munich,0,1
2022-02-27,2021-22,Bochum,RB Leipzig,0,1
2022-02-27,2021-22,Augsburg,Dortmund,1,1
2022-03-04,2021-22,Bielefeld,Augsburg,0,1
2022-03-05,2021-22,Bayern Munich,Leverkusen,1,1
2022-03-05,2021-22,Bochum,Greuther Furth,2,1
2022-03-05,2021-22,Hertha,Ein Frankfurt,1,4
2022-03-05,2021-22,RB Leipzig,Freiburg,1,1
2022-03-05,2021-22,Wolfsburg,Union Berlin,1,0
2022-03-05,2021-22,Stuttgart,M'gladbach,3,2
2022-03-06,2021-22,FC Koln,Hoffenheim,0,1
2022-03-12,2021-22,Freiburg,Wolfsburg,3,2
2022-03-12,2021-22,Hoffenheim,Bayern Munich,1,1
2022-03-12,2021-22,Union Berlin,Stuttgart,1,1
2022-03-12,2021-22,M'gladbach,Hertha,2,0
2022-03-13,2021-22,Leverkusen,FC Koln,0,1
2022-03-13,2021-22,Dortmund,Bielefeld,1,0
2022-03-13,2021-22,Ein Frankfurt,Bochum,2,1
2022-03-13,2021-22,Greuther Furth,RB Leipzig,1,6
2022-03-16,2021-22,Mainz,Dortmund,0,1
2022-03-18,2021-22,Bochum,M'gladbach,0,2
2022-03-19,2021-22,Greuther Furth,Freiburg,0,0
2022-03-19,2021-22,Hertha,Hoffenheim,3,0
2022-03-19,2021-22,Mainz,Bielefeld,4,0
2022-03-19,2021-22,Stuttgart,Augsburg,3,2
2022-03-19,2021-22,Bayern Munich,Union Berlin,4,0
2022-03-20,2021-22,RB Leipzig,Ein Frankfurt,0,0
2022-03-20,2021-22,Wolfsburg,Leverkusen,0,2
2022-03-20,2021-22,FC Koln,Dortmund,1,1
2022-04-01,2021-22,Union Berlin,FC Koln,1,0
2022-04-02,2021-22,Bielefeld,Stuttgart,1,1
2022-04-02,2021-22,Ein Frankfurt,Greuther Furth,0,0
2022-04-02,2021-22,Freiburg,Bayern Munich,1,4
2022-04-02,2021-22,Hoffenheim,Bochum,1,2
2022-04-02,2021-22,Leverkusen,Hertha,2,1
2022-04-02,2021-22,Dortmund,RB Leipzig,1,4
2022-04-03,2021-22,Augsburg,Wolfsburg,3,0
2022-04-03,2021-22,M'gladbach,Mainz,1,1
2022-04-06,2021-22,Augsburg,Mainz,2,1
2022-04-08,2021-22,Stuttgart,Dortmund,0,2
2022-04-09,2021-22,Bayern Munich,Augsburg,1,0
2022-04-09,2021-22,FC Koln,Mainz,3,2
2022-04-09,2021-22,Greuther Furth,M'gladbach,0,2
2022-04-09,2021-22,Wolfsburg,Bielefeld,4,0
2022-04-09,2021-22,Hertha,Union Berlin,1,4
2022-04-10,2021-22,Bochum,Leverkusen,0,0
2022-04-10,2021-22,Ein Frankfurt,Freiburg,1,2
2022-04-10,2021-22,RB Leipzig,Hoffenheim,3,0
2022-04-16,2021-22,Augsburg,Hertha,0,1
2022-04-16,2021-22,Dortmund,Wolfsburg,6,1
2022-04-16,2021-22,Freiburg,Bochum,3,0
2022-04-16,2021-22,Mainz,Stuttgart,0,0
2022-04-16,2021-22,M'gladbach,FC Koln,1,3
2022-04-17,2021-22,Bielefeld,Bayern Munich,0,3
2022-04-17,2021-22,Hoffenheim,Greuther Furth,0,0
2022-04-17,2021-22,Union Berlin,Ein Frankfurt,2,0
2022-04-17,2021-22,Leverkusen,RB Leipzig,0,1
2022-04-22,2021-22,Wolfsburg,Mainz,5,0
2022-04-23,2021-22,Ein Frankfurt,Hoffenheim,2,2
2022-04-23,2021-22,FC Koln,Bielefeld,3,1
2022-04-23,2021-22,Freiburg,M'gladbach,3,3
2022-04-23,2021-22,Greuther Furth,Leverkusen,1,4
2022-04-23,2021-22,RB Leipzig,Union Berlin,1,2
2022-04-23,2021-22,Bayern Munich,Dortmund,3,1
2022-04-24,2021-22,Bochum,Augsburg,0,2
2022-04-24,2021-22,Hertha,Stuttgart,2,0
2022-04-29,2021-22,Union Berlin,Greuther Furth,1,1
2022-04-30,2021-22,Augsburg,FC Koln,1,4
2022-04-30,2021-22,Bielefeld,Hertha,1,1
2022-04-30,2021-22,Dortmund,Bochum,3,4
2022-04-30,2021-22,Mainz,Bayern Munich,3,1
2022-04-30,2021-22,Stuttgart,Wolfsburg,1,1
2022-04-30,2021-22,Hoffenheim,Freiburg,3,4
2022-05-02,2021-22,Leverkusen,Ein Frankfurt,2,0
2022-05-02,2021-22,M'gladbach,RB Leipzig,3,1
2022-05-06,2021-22,Bochum,Bielefeld,2,1
2022-05-07,2021-22,FC Koln,Wolfsburg,0,1
2022-05-07,2021-22,Freiburg,Union Berlin,1,4
2022-05-07,2021-22,Greuther Furth,Dortmund,1,3
2022-05-07,2021-22,Hoffenheim,Leverkusen,2,4
2022-05-07,2021-22,Hertha,Mainz,1,2
2022-05-08,2021-22,Ein Frankfurt,M'gladbach,1,1
2022-05-08,2021-22,Bayern Munich,Stuttgart,2,2
2022-05-08,2021-22,RB Leipzig,Augsburg,4,0
2022-05-14,2021-22,Augsburg,Greuther Furth,2,1
2022-05-14,2021-22,Bielefeld,RB Leipzig,1,1
2022-05-14,2021-22,Dortmund,Hertha,2,1
2022-05-14,2021-22,Leverkusen,Freiburg,2,1
2022-05-14,2021-22,Mainz,Ein Frankfurt,2,2
2022-05-14,2021-22,M'gladbach,Hoffenheim,5,1
2022-05-14,2021-22,Stuttgart,FC Koln,2,1
2022-05-14,2021-22,Union Berlin,Bochum,3,2
2022-05-14,2021-22,Wolfsburg,Bayern Munich,2,2
2022-08-05,2022-23,Ein Frankfurt,Bayern Munich,1,6
2022-08-06,2022-23,Augsburg,Freiburg,0,4
2022-08-06,2022-23,Bochum,Mainz,1,2
2022-08-06,2022-23,M'gladbach,Hoffenheim,3,1
2022-08-06,2022-23,Union Berlin,Hertha,3,1
2022-08-06,2022-23,Wolfsburg,Werder Bremen,2,2
2022-08-06,2022-23,Dortmund,Leverkusen,1,0
2022-08-07,2022-23,Stuttgart,RB Leipzig,1,1
2022-08-07,2022-23,FC Koln,Schalke 04,3,1
2022-08-12,2022-23,Freiburg,Dortmund,1,3
2022-08-13,2022-23,Hertha,Ein Frankfurt,1,1
2022-08-13,2022-23,Hoffenheim,Bochum,3,2
2022-08-13,2022-23,Leverkusen,Augsburg,1,2
2022-08-13,2022-23,RB Leipzig,FC Koln,2,2
2022-08-13,2022-23,Werder Bremen,Stuttgart,2,2
2022-08-13,2022-23,Schalke 04,M'gladbach,2,2
2022-08-14,2022-23,Mainz,Union Berlin,0,0
2022-08-14,2022-23,Bayern Munich,Wolfsburg,2,0
2022-08-19,2022-23,M'gladbach,Hertha,1,0
2022-08-20,2022-23,Augsburg,Mainz,1,2
2022-08-20,2022-23,Dortmund,Werder Bremen,2,3
2022-08-20,2022-23,Leverkusen,Hoffenheim,0,3
2022-08-20,2022-23,Stuttgart,Freiburg,0,1
2022-08-20,2022-23,Wolfsburg,Schalke 04,0,0
2022-08-20,2022-23,Union Berlin,RB Leipzig,2,1
2022-08-21,2022-23,Ein Frankfurt,FC Koln,1,1
2022-08-21,2022-23,Bochum,Bayern Munich,0,7
2022-08-26,2022-23,Freiburg,Bochum,1,0
2022-08-27,2022-23,Hertha,Dortmund,0,1
2022-08-27,2022-23,Hoffenheim,Augsburg,1,0
2022-08-27,2022-23,Mainz,Leverkusen,0,3
2022-08-27,2022-23,RB Leipzig,Wolfsburg,2,0
2022-08-27,2022-23,Schalke 04,Union Berlin,1,6
2022-08-27,2022-23,Bayern Munich,M'gladbach,1,1
2022-08-28,2022-23,FC Koln,Stuttgart,0,0
2022-08-28,2022-23,Werder Bremen,Ein Frankfurt,3,4
2022-09-02,2022-23,Dortmund,Hoffenheim,1,0
2022-09-03,2022-23,Bochum,Werder Bremen,0,2
2022-09-03,2022-23,Leverkusen,Freiburg,2,3
2022-09-03,2022-23,Stuttgart,Schalke 04,1,1
2022-09-03,2022-23,Union Berlin,Bayern Munich,1,1
2022-09-03,2022-23,Wolfsburg,FC Koln,2,4
2022-09-03,2022-23,Ein Frankfurt,RB Leipzig,4,0
2022-09-04,2022-23,Augsburg,Hertha,0,2
2022-09-04,2022-23,M'gladbach,Mainz,0,1
2022-09-09,2022-23,Werder Bremen,Augsburg,0,1
2022-09-10,2022-23,Bayern Munich,Stuttgart,2,2
2022-09-10,2022-23,Ein Frankfurt,Wolfsburg,0,1
2022-09-10,2022-23,Hertha,Leverkusen,2,2
2022-09-10,2022-23,Hoffenheim,Mainz,4,1
2022-09-10,2022-23,RB Leipzig,Dortmund,3,0
2022-09-10,2022-23,Schalke 04,Bochum,3,1
2022-09-11,2022-23,FC Koln,Union Berlin,0,1
2022-09-11,2022-23,Freiburg,M'gladbach,0,0
2022-09-16,2022-23,Mainz,Hertha,1,1
2022-09-17,2022-23,Augsburg,Bayern Munich,1,0
2022-09-17,2022-23,Dortmund,Schalke 04,1,0
2022-09-17,2022-23,Leverkusen,Werder Bremen,1,1
2022-09-17,2022-23,Stuttgart,Ein Frankfurt,1,3
2022-09-17,2022-23,M'gladbach,RB Leipzig,3,0
2022-09-18,2022-23,Union Berlin,Wolfsburg,2,0
2022-09-18,2022-23,Bochum,FC Koln,1,1
2022-09-18,2022-23,Hoffenheim,Freiburg,0,0
2022-09-30,2022-23,Bayern Munich,Leverkusen,4,0
2022-10-01,2022-23,Ein Frankfurt,Union Berlin,2,0
2022-10-01,2022-23,FC Koln,Dortmund,3,2
2022-10-01,2022-23,Freiburg,Mainz,2,1
2022-10-01,2022-23,RB Leipzig,Bochum,4,0
2022-10-01,2022-23,Wolfsburg,Stuttgart,3,2
2022-10-01,2022-23,Werder Bremen,M'gladbach,5,1
2022-10-02,2022-23,Hertha,Hoffenheim,1,1
2022-10-02,2022-23,Schalke 04,Augsburg,2,3
2022-10-07,2022-23,Hoffenheim,Werder Bremen,1,2
2022-10-08,2022-23,Augsburg,Wolfsburg,1,1
2022-10-08,2022-23,Bochum,Ein Frankfurt,3,0
2022-10-08,2022-23,Leverkusen,Schalke 04,4,0
2022-10-08,2022-23,Mainz,RB Leipzig,1,1
2022-10-08,2022-23,Dortmund,Bayern Munich,2,2
2022-10-09,2022-23,M'gladbach,FC Koln,5,2
2022-10-09,2022-23,Hertha,Freiburg,2,2
2022-10-09,2022-23,Stuttgart,Union Berlin,0,1
2022-10-14,2022-23,Schalke 04,Hoffenheim,0,3
2022-10-15,2022-23,Ein Frankfurt,Leverkusen,5,1
2022-10-15,2022-23,Stuttgart,Bochum,4,1
2022-10-15,2022-23,Werder Bremen,Mainz,0,2
2022-10-15,2022-23,Wolfsburg,M'gladbach,2,2
2022-10-15,2022-23,RB Leipzig,Hertha,3,2
2022-10-16,2022-23,FC Koln,Augsburg,3,2
2022-10-16,2022-23,Union Berlin,Dortmund,2,0
2022-10-16,2022-23,Bayern Munich,Freiburg,5,0
2022-10-21,2022-23,Mainz,FC Koln,5,0
2022-10-22,2022-23,Augsburg,RB Leipzig,3,3
2022-10-22,2022-23,Dortmund,Stuttgart,5,0
2022-10-22,2022-23,Freiburg,Werder Bremen,2,0
2022-10-22,2022-23,Hoffenheim,Bayern Munich,0,2
2022-10-22,2022-23,Leverkusen,Wolfsburg,2,2
2022-10-22,2022-23,M'gladbach,Ein Frankfurt,1,3
2022-10-23,2022-23,Bochum,Union Berlin,2,1
2022-10-23,2022-23,Hertha,Schalke 04,2,1
2022-10-28,2022-23,Werder Bremen,Hertha,1,0
2022-10-29,2022-23,Bayern Munich,Mainz,6,2
2022-10-29,2022-23,RB Leipzig,Leverkusen,2,0
2022-10-29,2022-23,Stuttgart,Augsburg,2,1
2022-10-29,2022-23,Wolfsburg,Bochum,4,0
2022-10-29,2022-23,Ein Frankfurt,Dortmund,1,2
2022-10-30,2022-23,Union Berlin,M'gladbach,2,1
2022-10-30,2022-23,Schalke 04,Freiburg,0,2
2022-10-30,2022-23,FC Koln,Hoffenheim,1,1
2022-11-04,2022-23,M'gladbach,Stuttgart,3,1
2022-11-05,2022-23,Augsburg,Ein Frankfurt,1,2
2022-11-05,2022-23,Dortmund,Bochum,3,0
2022-11-05,2022-23,Hertha,Bayern Munich,2,3
2022-11-05,2022-23,Hoffenheim,RB Leipzig,1,3
2022-11-05,2022-23,Mainz,Wolfsburg,0,3
2022-11-05,2022-23,Werder Bremen,Schalke 04,2,1
2022-11-06,2022-23,Leverkusen,Union Berlin,5,0
2022-11-06,2022-23,Freiburg,FC Koln,2,0
2022-11-08,2022-23,Wolfsburg,Dortmund,2,0
2022-11-08,2022-23,Bayern Munich,Werder Bremen,6,1
2022-11-08,2022-23,Bochum,M'gladbach,2,1
2022-11-08,2022-23,Stuttgart,Hertha,2,1
2022-11-09,2022-23,FC Koln,Leverkusen,1,2
2022-11-09,2022-23,Ein Frankfurt,Hoffenheim,4,2
2022-11-09,2022-23,RB Leipzig,Freiburg,3,1
2022-11-09,2022-23,Schalke 04,Mainz,1,0
2022-11-09,2022-23,Union Berlin,Augsburg,2,2
2022-11-11,2022-23,M'gladbach,Dortmund,4,2
2022-11-12,2022-23,Augsburg,Bochum,0,1
2022-11-12,2022-23,Hertha,FC Koln,2,0
2022-11-12,2022-23,Hoffenheim,Wolfsburg,1,2
2022-11-12,2022-23,Leverkusen,Stuttgart,2,0
2022-11-12,2022-23,Werder Bremen,RB Leipzig,1,2
2022-11-12,2022-23,Schalke 04,Bayern Munich,0,2
2022-11-13,2022-23,Mainz,Ein Frankfurt,1,1
2022-11-13,2022-23,Freiburg,Union Berlin,4,1
2023-01-20,2022-23,RB Leipzig,Bayern Munich,1,1
2023-01-21,2022-23,Bochum,Hertha,3,1
2023-01-21,2022-23,Ein Frankfurt,Schalke 04,3,0
2023-01-21,2022-23,Stuttgart,Mainz,1,1
2023-01-21,2022-23,Union Berlin,Hoffenheim,3,1
2023-01-21,2022-23,Wolfsburg,Freiburg,6,0
2023-01-21,2022-23,FC Koln,Werder Bremen,7,1
2023-01-22,2022-23,Dortmund,Augsburg,4,3
2023-01-22,2022-23,M'gladbach,Leverkusen,2,3
2023-01-24,2022-23,Schalke 04,RB Leipzig,1,6
2023-01-24,2022-23,Bayern Munich,FC Koln,1,1
2023-01-24,2022-23,Hertha,Wolfsburg,0,5
2023-01-24,2022-23,Hoffenheim,Stuttgart,2,2
2023-01-25,2022-23,Mainz,Dortmund,1,2
2023-01-25,2022-23,Augsburg,M'gladbach,1,0
2023-01-25,2022-23,Freiburg,Ein Frankfurt,1,1
2023-01-25,2022-23,Leverkusen,Bochum,2,0
2023-01-25,2022-23,Werder Bremen,Union Berlin,1,2
2023-01-27,2022-23,RB Leipzig,Stuttgart,2,1
2023-01-28,2022-23,Freiburg,Augsburg,3,1
2023-01-28,2022-23,Hertha,Union Berlin,0,2
2023-01-28,2022-23,Hoffenheim,M'gladbach,1,4
2023-01-28,2022-23,Mainz,Bochum,5,2
2023-01-28,2022-23,Werder Bremen,Wolfsburg,2,1
2023-01-28,2022-23,Bayern Munich,Ein Frankfurt,1,1
2023-01-29,2022-23,Schalke 04,FC Koln,0,0
2023-01-29,2022-23,Leverkusen,Dortmund,0,2
2023-02-03,2022-23,Augsburg,Leverkusen,1,0
2023-02-04,2022-23,Bochum,Hoffenheim,5,2
2023-02-04,2022-23,Dortmund,Freiburg,5,1
2023-02-04,2022-23,Ein Frankfurt,Hertha,3,0
2023-02-04,2022-23,FC Koln,RB Leipzig,0,0
2023-02-04,2022-23,Union Berlin,Mainz,2,1
2023-02-04,2022-23,M'gladbach,Schalke 04,0,0
2023-02-05,2022-23,Stuttgart,Werder Bremen,0,2
2023-02-05,2022-23,Wolfsburg,Bayern Munich,2,4
2023-02-10,2022-23,Schalke 04,Wolfsburg,0,0
2023-02-11,2022-23,Bayern Munich,Bochum,3,0
2023-02-11,2022-23,Freiburg,Stuttgart,2,1
2023-02-11,2022-23,Hoffenheim,Leverkusen,1,3
2023-02-11,2022-23,Mainz,Augsburg,3,1
2023-02-11,2022-23,Werder Bremen,Dortmund,0,2
2023-02-11,2022-23,RB Leipzig,Union Berlin,1,2
2023-02-12,2022-23,Hertha,M'gladbach,4,1
2023-02-12,2022-23,FC Koln,Ein Frankfurt,3,0
2023-02-17,2022-23,Augsburg,Hoffenheim,1,0
2023-02-18,2022-23,Bochum,Freiburg,0,2
2023-02-18,2022-23,M'gladbach,Bayern Munich,3,2
2023-02-18,2022-23,Stuttgart,FC Koln,3,0
2023-02-18,2022-23,Wolfsburg,RB Leipzig,0,3
2023-02-18,2022-23,Ein Frankfurt,Werder Bremen,2,0
2023-02-19,2022-23,Union Berlin,Schalke 04,0,0
2023-02-19,2022-23,Dortmund,Hertha,4,1
2023-02-19,2022-23,Leverkusen,Mainz,2,3
2023-02-24,2022-23,Mainz,M'gladbach,4,0
2023-02-25,2022-23,FC Koln,Wolfsburg,0,2
2023-02-25,2022-23,Hertha,Augsburg,2,0
2023-02-25,2022-23,Hoffenheim,Dortmund,0,1
2023-02-25,2022-23,RB Leipzig,Ein Frankfurt,2,1
2023-02-25,2022-23,Werder Bremen,Bochum,3,0
2023-02-25,2022-23,Schalke 04,Stuttgart,2,1
2023-02-26,2022-23,Freiburg,Leverkusen,1,1
2023-02-26,2022-23,Bayern Munich,Union Berlin,3,0
2023-03-03,2022-23,Dortmund,RB Leipzig,2,1
2023-03-04,2022-23,Augsburg,Werder Bremen,2,1
2023-03-04,2022-23,Bochum,Schalke 04,0,2
2023-03-04,2022-23,Mainz,Hoffenheim,1,0
2023-03-04,2022-23,M'gladbach,Freiburg,0,0
2023-03-04,2022-23,Union Berlin,FC Koln,0,0
2023-03-04,2022-23,Stuttgart,Bayern Munich,1,2
2023-03-05,2022-23,Leverkusen,Hertha,4,1
2023-03-05,2022-23,Wolfsburg,Ein Frankfurt,2,2
2023-03-10,2022-23,FC Koln,Bochum,0,2
2023-03-11,2022-23,Bayern Munich,Augsburg,5,3
2023-03-11,2022-23,Ein Frankfurt,Stuttgart,1,1
2023-03-11,2022-23,Hertha,Mainz,1,1
2023-03-11,2022-23,RB Leipzig,M'gladbach,3,0
2023-03-11,2022-23,Schalke 04,Dortmund,2,2
2023-03-12,2022-23,Freiburg,Hoffenheim,2,1
2023-03-12,2022-23,Werder Bremen,Leverkusen,2,3
2023-03-12,2022-23,Wolfsburg,Union Berlin,1,1
2023-03-17,2022-23,M'gladbach,Werder Bremen,2,2
2023-03-18,2022-23,Augsburg,Schalke 04,1,1
2023-03-18,2022-23,Bochum,RB Leipzig,1,0
2023-03-18,2022-23,Hoffenheim,Hertha,3,1
2023-03-18,2022-23,Stuttgart,Wolfsburg,0,1
2023-03-18,2022-23,Dortmund,FC Koln,6,1
2023-03-19,2022-23,Union Berlin,Ein Frankfurt,2,0
2023-03-19,2022-23,Leverkusen,Bayern Munich,2,1
2023-03-19,2022-23,Mainz,Freiburg,1,1
2023-03-31,2022-23,Ein Frankfurt,Bochum,1,1
2023-04-01,2022-23,Freiburg,Hertha,1,1
2023-04-01,2022-23,RB Leipzig,Mainz,0,3
2023-04-01,2022-23,Schalke 04,Leverkusen,0,3
2023-04-01,2022-23,Union Berlin,Stuttgart,3,0
2023-04-01,2022-23,Wolfsburg,Augsburg,2,2
2023-04-01,2022-23,Bayern Munich,Dortmund,4,2
2023-04-02,2022-23,FC Koln,M'gladbach,0,0
2023-04-02,2022-23,Werder Bremen,Hoffenheim,1,2
2023-04-08,2022-23,Augsburg,FC Koln,1,3
2023-04-08,2022-23,Dortmund,Union Berlin,2,1
2023-04-08,2022-23,Freiburg,Bayern Munich,0,1
2023-04-08,2022-23,Leverkusen,Ein Frankfurt,3,1
2023-04-08,2022-23,Mainz,Werder Bremen,2,2
2023-04-08,2022-23,Hertha,RB Leipzig,0,1
2023-04-09,2022-23,M'gladbach,Wolfsburg,2,0
2023-04-09,2022-23,Bochum,Stuttgart,2,3
2023-04-09,2022-23,Hoffenheim,Schalke 04,2,0
2023-04-14,2022-23,Schalke 04,Hertha,5,2
2023-04-15,2022-23,Bayern Munich,Hoffenheim,1,1
2023-04-15,2022-23,FC Koln,Mainz,1,1
2023-04-15,2022-23,RB Leipzig,Augsburg,3,2
2023-04-15,2022-23,Stuttgart,Dortmund,3,3
2023-04-15,2022-23,Ein Frankfurt,M'gladbach,1,1
2023-04-16,2022-23,Werder Bremen,Freiburg,1,2
2023-04-16,2022-23,Union Berlin,Bochum,1,1
2023-04-16,2022-23,Wolfsburg,Leverkusen,0,0
2023-04-21,2022-23,Augsburg,Stuttgart,1,1
2023-04-22,2022-23,Bochum,Wolfsburg,1,5
2023-04-22,2022-23,Hertha,Werder Bremen,2,4
2023-04-22,2022-23,Hoffenheim,FC Koln,1,3
2023-04-22,2022-23,Mainz,Bayern Munich,3,1
2023-04-22,2022-23,Dortmund,Ein Frankfurt,4,0
2023-04-23,2022-23,Freiburg,Schalke 04,4,0
2023-04-23,2022-23,Leverkusen,RB Leipzig,2,0
2023-04-23,2022-23,M'gladbach,Union Berlin,0,1
2023-04-28,2022-23,Bochum,Dortmund,1,1
2023-04-29,2022-23,Ein Frankfurt,Augsburg,1,1
2023-04-29,2022-23,FC Koln,Freiburg,0,1
2023-04-29,2022-23,RB Leipzig,Hoffenheim,1,0
2023-04-29,2022-23,Stuttgart,M'gladbach,2,1
2023-04-29,2022-23,Union Berlin,Leverkusen,0,0
2023-04-29,2022-23,Schalke 04,Werder Bremen,2,1
2023-04-30,2022-23,Bayern Munich,Hertha,2,0
2023-04-30,2022-23,Wolfsburg,Mainz,3,0
2023-05-05,2022-23,Leverkusen,FC Koln,1,2
2023-05-05,2022-23,Mainz,Schalke 04,2,3
2023-05-06,2022-23,Augsburg,Union Berlin,1,0
2023-05-06,2022-23,Freiburg,RB Leipzig,0,1
2023-05-06,2022-23,Hertha,Stuttgart,2,1
2023-05-06,2022-23,Hoffenheim,Ein Frankfurt,3,1
2023-05-06,2022-23,M'gladbach,Bochum,2,0
2023-05-06,2022-23,Werder Bremen,Bayern Munich,1,2
2023-05-07,2022-23,Dortmund,Wolfsburg,6,0
2023-05-12,2022-23,FC Koln,Hertha,5,2
2023-05-13,2022-23,Bayern Munich,Schalke 04,6,0
2023-05-13,2022-23,Bochum,Augsburg,3,2
2023-05-13,2022-23,Ein Frankfurt,Mainz,3,0
2023-05-13,2022-23,Union Berlin,Freiburg,4,2
2023-05-13,2022-23,Wolfsburg,Hoffenheim,2,1
2023-05-13,2022-23,Dortmund,M'gladbach,5,2
2023-05-14,2022-23,Stuttgart,Leverkusen,1,1
2023-05-14,2022-23,RB Leipzig,Werder Bremen,2,1
2023-05-19,2022-23,Freiburg,Wolfsburg,2,0
2023-05-20,2022-23,Hertha,Bochum,1,1
2023-05-20,2022-23,Hoffenheim,Union Berlin,4,2
2023-05-20,2022-23,Schalke 04,Ein Frankfurt,2,2
2023-05-20,2022-23,Werder Bremen,FC Koln,1,1
2023-05-20,2022-23,Bayern Munich,RB Leipzig,1,3
2023-05-21,2022-23,Mainz,Stuttgart,1,4
2023-05-21,2022-23,Augsburg,Dortmund,0,3
2023-05-21,2022-23,Leverkusen,M'gladbach,2,2
2023-05-27,2022-23,Bochum,Leverkusen,3,0
2023-05-27,2022-23,Dortmund,Mainz,2,2
2023-05-27,2022-23,Ein Frankfurt,Freiburg,2,1
2023-05-27,2022-23,FC Koln,Bayern Munich,1,2
2023-05-27,2022-23,M'gladbach,Augsburg,2,0
2023-05-27,2022-23,RB Leipzig,Schalke 04,4,2
2023-05-27,2022-23,Stuttgart,Hoffenheim,1,1
2023-05-27,2022-23,Union Berlin,Werder Bremen,1,0
2023-05-27,2022-23,Wolfsburg,Hertha,1,2
2023-08-18,2023-24,Werder Bremen,Bayern Munich,0,4
2023-08-19,2023-24,Augsburg,M'gladbach,4,4
2023-08-19,2023-24,Hoffenheim,Freiburg,1,2
2023-08-19,2023-24,Leverkusen,RB Leipzig,3,2
2023-08-19,2023-24,Stuttgart,Bochum,5,0
2023-08-19,2023-24,Wolfsburg,Heidenheim,2,0
2023-08-19,2023-24,Dortmund,FC Koln,1,0
2023-08-20,2023-24,Union Berlin,Mainz,4,1
2023-08-20,2023-24,Ein Frankfurt,Darmstadt,1,0
2023-08-25,2023-24,RB Leipzig,Stuttgart,5,1
2023-08-26,2023-24,Bochum,Dortmund,1,1
2023-08-26,2023-24,Darmstadt,Union Berlin,1,4
2023-08-26,2023-24,FC Koln,Wolfsburg,1,2
2023-08-26,2023-24,Freiburg,Werder Bremen,1,0
2023-08-26,2023-24,Heidenheim,Hoffenheim,2,3
2023-08-26,2023-24,M'gladbach,Leverkusen,0,3
2023-08-27,2023-24,Mainz,Ein Frankfurt,1,1
2023-08-27,2023-24,Bayern Munich,Augsburg,3,1
2023-09-01,2023-24,Dortmund,Heidenheim,2,2
2023-09-02,2023-24,Augsburg,Bochum,2,2
2023-09-02,2023-24,Hoffenheim,Wolfsburg,3,1
2023-09-02,2023-24,Leverkusen,Darmstadt,5,1
2023-09-02,2023-24,Stuttgart,Freiburg,5,0
2023-09-02,2023-24,Werder Bremen,Mainz,4,0
2023-09-02,2023-24,M'gladbach,Bayern Munich,1,2
2023-09-03,2023-24,Ein Frankfurt,FC Koln,1,1
2023-09-03,2023-24,Union Berlin,RB Leipzig,0,3
2023-09-15,2023-24,Bayern Munich,Leverkusen,2,2
2023-09-16,2023-24,FC Koln,Hoffenheim,1,3
2023-09-16,2023-24,Freiburg,Dortmund,2,4
2023-09-16,2023-24,Mainz,Stuttgart,1,3
2023-09-16,2023-24,RB Leipzig,Augsburg,3,0
2023-09-16,2023-24,Wolfsburg,Union Berlin,2,1
2023-09-16,2023-24,Bochum,Ein Frankfurt,1,1
2023-09-17,2023-24,Heidenheim,Werder Bremen,4,2
2023-09-17,2023-24,Darmstadt,M'gladbach,3,3
2023-09-22,2023-24,Stuttgart,Darmstadt,3,1
2023-09-23,2023-24,Augsburg,Mainz,2,1
2023-09-23,2023-24,Bayern Munich,Bochum,7,0
2023-09-23,2023-24,Dortmund,Wolfsburg,1,0
2023-09-23,2023-24,M'gladbach,RB Leipzig,0,1
2023-09-23,2023-24,Union Berlin,Hoffenheim,0,2
2023-09-23,2023-24,Werder Bremen,FC Koln,2,1
2023-09-24,2023-24,Leverkusen,Heidenheim,4,1
2023-09-24,2023-24,Ein Frankfurt,Freiburg,0,0
2023-09-29,2023-24,Hoffenheim,Dortmund,1,3
2023-09-30,2023-24,Bochum,M'gladbach,1,3
2023-09-30,2023-24,FC Koln,Stuttgart,0,2
2023-09-30,2023-24,Heidenheim,Union Berlin,1,0
2023-09-30,2023-24,Mainz,Leverkusen,0,3
2023-09-30,2023-24,Wolfsburg,Ein Frankfurt,2,0
2023-09-30,2023-24,RB Leipzig,Bayern Munich,2,2
2023-10-01,2023-24,Darmstadt,Werder Bremen,4,2
2023-10-01,2023-24,Freiburg,Augsburg,2,0
2023-10-06,2023-24,M'gladbach,Mainz,2,2
2023-10-07,2023-24,Augsburg,Darmstadt,1,2
2023-10-07,2023-24,Dortmund,Union Berlin,4,2
2023-10-07,2023-24,RB Leipzig,Bochum,0,0
2023-10-07,2023-24,Stuttgart,Wolfsburg,3,1
2023-10-07,2023-24,Werder Bremen,Hoffenheim,2,3
2023-10-08,2023-24,Leverkusen,FC Koln,3,0
2023-10-08,2023-24,Bayern Munich,Freiburg,3,0
2023-10-08,2023-24,Ein Frankfurt,Heidenheim,2,0
2023-10-20,2023-24,Dortmund,Werder Bremen,1,0
2023-10-21,2023-24,Darmstadt,RB Leipzig,1,3
2023-10-21,2023-24,Freiburg,Bochum,2,1
2023-10-21,2023-24,Hoffenheim,Ein Frankfurt,1,3
2023-10-21,2023-24,Union Berlin,Stuttgart,0,3
2023-10-21,2023-24,Wolfsburg,Leverkusen,1,2
2023-10-21,2023-24,Mainz,Bayern Munich,1,3
2023-10-22,2023-24,FC Koln,M'gladbach,3,1
2023-10-22,2023-24,Heidenheim,Augsburg,2,5
2023-10-27,2023-24,Bochum,Mainz,2,2
2023-10-28,2023-24,Augsburg,Wolfsburg,3,2
2023-10-28,2023-24,Bayern Munich,Darmstadt,8,0
2023-10-28,2023-24,M'gladbach,Heidenheim,2,1
2023-10-28,2023-24,Stuttgart,Hoffenheim,2,3
2023-10-28,2023-24,Werder Bremen,Union Berlin,2,0
2023-10-28,2023-24,RB Leipzig,FC Koln,6,0
2023-10-29,2023-24,Ein Frankfurt,Dortmund,3,3
2023-10-29,2023-24,Leverkusen,Freiburg,2,1
2023-11-03,2023-24,Darmstadt,Bochum,1,2
2023-11-04,2023-24,FC Koln,Augsburg,1,1
2023-11-04,2023-24,Freiburg,M'gladbach,3,3
2023-11-04,2023-24,Hoffenheim,Leverkusen,2,3
2023-11-04,2023-24,Mainz,RB Leipzig,2,0
2023-11-04,2023-24,Union Berlin,Ein Frankfurt,0,3
2023-11-04,2023-24,Dortmund,Bayern Munich,0,4
2023-11-05,2023-24,Wolfsburg,Werder Bremen,2,2
2023-11-05,2023-24,Heidenheim,Stuttgart,2,0
2023-11-10,2023-24,M'gladbach,Wolfsburg,4,0
2023-11-11,2023-24,Augsburg,Hoffenheim,1,1
2023-11-11,2023-24,Bayern Munich,Heidenheim,4,2
2023-11-11,2023-24,Darmstadt,Mainz,0,0
2023-11-11,2023-24,Stuttgart,Dortmund,2,1
2023-11-11,2023-24,Bochum,FC Koln,1,1
2023-11-12,2023-24,Leverkusen,Union Berlin,4,0
2023-11-12,2023-24,Werder Bremen,Ein Frankfurt,2,2
2023-11-12,2023-24,RB Leipzig,Freiburg,3,1
2023-11-24,2023-24,FC Koln,Bayern Munich,0,1
2023-11-25,2023-24,Dortmund,M'gladbach,4,2
2023-11-25,2023-24,Freiburg,Darmstadt,1,1
2023-11-25,2023-24,Union Berlin,Augsburg,1,1
2023-11-25,2023-24,Werder Bremen,Leverkusen,0,3
2023-11-25,2023-24,Wolfsburg,RB Leipzig,2,1
2023-11-25,2023-24,Ein Frankfurt,Stuttgart,1,2
2023-11-26,2023-24,Heidenheim,Bochum,0,0
2023-11-26,2023-24,Hoffenheim,Mainz,1,1
2023-12-01,2023-24,Darmstadt,FC Koln,0,1
2023-12-02,2023-24,Bochum,Wolfsburg,3,1
2023-12-02,2023-24,M'gladbach,Hoffenheim,2,1
2023-12-02,2023-24,RB Leipzig,Heidenheim,2,1
2023-12-02,2023-24,Stuttgart,Werder Bremen,2,0
2023-12-03,2023-24,Mainz,Freiburg,0,1
2023-12-03,2023-24,Leverkusen,Dortmund,1,1
2023-12-03,2023-24,Augsburg,Ein Frankfurt,2,1
2023-12-08,2023-24,Hoffenheim,Bochum,3,1
2023-12-09,2023-24,Ein Frankfurt,Bayern Munich,5,1
2023-12-09,2023-24,Heidenheim,Darmstadt,3,2
2023-12-09,2023-24,Union Berlin,M'gladbach,3,1
2023-12-09,2023-24,Werder Bremen,Augsburg,2,0
2023-12-09,2023-24,Wolfsburg,Freiburg,0,1
2023-12-09,2023-24,Dortmund,RB Leipzig,2,3
2023-12-10,2023-24,Stuttgart,Leverkusen,1,1
2023-12-10,2023-24,FC Koln,Mainz,0,0
2023-12-15,2023-24,M'gladbach,Werder Bremen,2,2
2023-12-16,2023-24,Augsburg,Dortmund,1,1
2023-12-16,2023-24,Bochum,Union Berlin,3,0
2023-12-16,2023-24,Darmstadt,Wolfsburg,0,1
2023-12-16,2023-24,Mainz,Heidenheim,0,1
2023-12-16,2023-24,RB Leipzig,Hoffenheim,3,1
2023-12-17,2023-24,Freiburg,FC Koln,2,0
2023-12-17,2023-24,Leverkusen,Ein Frankfurt,3,0
2023-12-17,2023-24,Bayern Munich,Stuttgart,3,0
2023-12-19,2023-24,Werder Bremen,RB Leipzig,1,1
2023-12-19,2023-24,Dortmund,Mainz,1,1
2023-12-19,2023-24,Hoffenheim,Darmstadt,3,3
2023-12-20,2023-24,Union Berlin,FC Koln,2,0
2023-12-20,2023-24,Ein Frankfurt,M'gladbach,2,1
2023-12-20,2023-24,Heidenheim,Freiburg,3,2
2023-12-20,2023-24,Leverkusen,Bochum,4,0
2023-12-20,2023-24,Stuttgart,Augsburg,3,0
2023-12-20,2023-24,Wolfsburg,Bayern Munich,1,2
2024-01-12,2023-24,Bayern Munich,Hoffenheim,3,0
2024-01-13,2023-24,Augsburg,Leverkusen,0,1
2024-01-13,2023-24,FC Koln,Heidenheim,1,1
2024-01-13,2023-24,Freiburg,Union Berlin,0,0
2024-01-13,2023-24,Mainz,Wolfsburg,1,1
2024-01-13,2023-24,RB Leipzig,Ein Frankfurt,0,1
2024-01-13,2023-24,Darmstadt,Dortmund,0,3
2024-01-14,2023-24,Bochum,Werder Bremen,1,1
2024-01-14,2023-24,M'gladbach,Stuttgart,3,1
2024-01-20,2023-24,Bochum,Stuttgart,1,0
2024-01-20,2023-24,Darmstadt,Ein Frankfurt,2,2
2024-01-20,2023-24,FC Koln,Dortmund,0,4
2024-01-20,2023-24,Freiburg,Hoffenheim,3,2
2024-01-20,2023-24,Heidenheim,Wolfsburg,1,1
2024-01-20,2023-24,RB Leipzig,Leverkusen,2,3
2024-01-21,2023-24,Bayern Munich,Werder Bremen,0,1
2024-01-21,2023-24,M'gladbach,Augsburg,1,2
2024-01-24,2023-24,Bayern Munich,Union Berlin,1,0
2024-01-26,2023-24,Ein Frankfurt,Mainz,1,0
2024-01-27,2023-24,Augsburg,Bayern Munich,2,3
2024-01-27,2023-24,Hoffenheim,Heidenheim,1,1
2024-01-27,2023-24,Stuttgart,RB Leipzig,5,2
2024-01-27,2023-24,Werder Bremen,Freiburg,3,1
2024-01-27,2023-24,Wolfsburg,FC Koln,1,1
2024-01-27,2023-24,Leverkusen,M'gladbach,0,0
2024-01-28,2023-24,Union Berlin,Darmstadt,1,0
2024-01-28,2023-24,Dortmund,Bochum,3,1
2024-02-02,2023-24,Heidenheim,Dortmund,0,0
2024-02-03,2023-24,Bayern Munich,M'gladbach,3,1
2024-02-03,2023-24,Bochum,Augsburg,1,1
2024-02-03,2023-24,Darmstadt,Leverkusen,0,2
2024-02-03,2023-24,Freiburg,Stuttgart,1,3
2024-02-03,2023-24,Mainz,Werder Bremen,0,1
2024-02-03,2023-24,FC Koln,Ein Frankfurt,2,0
2024-02-04,2023-24,Wolfsburg,Hoffenheim,2,2
2024-02-04,2023-24,RB Leipzig,Union Berlin,2,0
2024-02-07,2023-24,Mainz,Union Berlin,1,1
2024-02-09,2023-24,Dortmund,Freiburg,3,0
2024-02-10,2023-24,Augsburg,RB Leipzig,2,2
2024-02-10,2023-24,Ein Frankfurt,Bochum,1,1
2024-02-10,2023-24,M'gladbach,Darmstadt,0,0
2024-02-10,2023-24,Union Berlin,Wolfsburg,1,0
2024-02-10,2023-24,Werder Bremen,Heidenheim,1,2
2024-02-10,2023-24,Leverkusen,Bayern Munich,3,0
2024-02-11,2023-24,Stuttgart,Mainz,3,1
2024-02-11,2023-24,Hoffenheim,FC Koln,1,1
2024-02-16,2023-24,FC Koln,Werder Bremen,0,1
2024-02-17,2023-24,Darmstadt,Stuttgart,1,2
2024-02-17,2023-24,Heidenheim,Leverkusen,1,2
2024-02-17,2023-24,Hoffenheim,Union Berlin,0,1
2024-02-17,2023-24,Mainz,Augsburg,1,0
2024-02-17,2023-24,Wolfsburg,Dortmund,1,1
2024-02-17,2023-24,RB Leipzig,M'gladbach,2,0
2024-02-18,2023-24,Freiburg,Ein Frankfurt,3,3
2024-02-18,2023-24,Bochum,Bayern Munich,3,2
2024-02-23,2023-24,Leverkusen,Mainz,2,1
2024-02-24,2023-24,M'gladbach,Bochum,5,2
2024-02-24,2023-24,Stuttgart,FC Koln,1,1
2024-02-24,2023-24,Union Berlin,Heidenheim,2,2
2024-02-24,2023-24,Werder Bremen,Darmstadt,1,1
2024-02-24,2023-24,Bayern Munich,RB Leipzig,2,1
2024-02-25,2023-24,Ein Frankfurt,Wolfsburg,2,2
2024-02-25,2023-24,Dortmund,Hoffenheim,2,3
2024-02-25,2023-24,Augsburg,Freiburg,2,1
2024-03-01,2023-24,Freiburg,Bayern Munich,2,2
2024-03-02,2023-24,Bochum,RB Leipzig,1,4
2024-03-02,2023-24,Darmstadt,Augsburg,0,6
2024-03-02,2023-24,Heidenheim,Ein Frankfurt,1,2
2024-03-02,2023-24,Mainz,M'gladbach,1,1
2024-03-02,2023-24,Union Berlin,Dortmund,0,2
2024-03-02,2023-24,Wolfsburg,Stuttgart,2,3
2024-03-03,2023-24,FC Koln,Leverkusen,0,2
2024-03-03,2023-24,Hoffenheim,Werder Bremen,2,1
2024-03-08,2023-24,Stuttgart,Union Berlin,2,0
2024-03-09,2023-24,Augsburg,Heidenheim,1,0
2024-03-09,2023-24,Bayern Munich,Mainz,8,1
2024-03-09,2023-24,M'gladbach,FC Koln,3,3
2024-03-09,2023-24,RB Leipzig,Darmstadt,2,0
2024-03-09,2023-24,Werder Bremen,Dortmund,1,2
2024-03-10,2023-24,Bochum,Freiburg,1,2
2024-03-10,2023-24,Ein Frankfurt,Hoffenheim,3,1
2024-03-10,2023-24,Leverkusen,Wolfsburg,2,0
2024-03-15,2023-24,FC Koln,RB Leipzig,1,5
2024-03-16,2023-24,Darmstadt,Bayern Munich,2,5
2024-03-16,2023-24,Heidenheim,M'gladbach,1,1
2024-03-16,2023-24,Mainz,Bochum,2,0
2024-03-16,2023-24,Union Berlin,Werder Bremen,2,1
2024-03-16,2023-24,Wolfsburg,Augsburg,1,3
2024-03-16,2023-24,Hoffenheim,Stuttgart,0,3
2024-03-17,2023-24,Freiburg,Leverkusen,2,3
2024-03-17,2023-24,Dortmund,Ein Frankfurt,3,1
2024-03-30,2023-24,Ein Frankfurt,Union Berlin,0,0
2024-03-30,2023-24,Leverkusen,Hoffenheim,2,1
2024-03-30,2023-24,M'gladbach,Freiburg,0,3
2024-03-30,2023-24,RB Leipzig,Mainz,0,0
2024-03-30,2023-24,Werder Bremen,Wolfsburg,0,2
2024-03-30,2023-24,Bayern Munich,Dortmund,0,2
2024-03-31,2023-24,Augsburg,FC Koln,1,1
2024-03-31,2023-24,Stuttgart,Heidenheim,3,3
2024-03-31,2023-24,Bochum,Darmstadt,2,2
2024-04-05,2023-24,Ein Frankfurt,Werder Bremen,1,1
2024-04-06,2023-24,FC Koln,Bochum,2,1
2024-04-06,2023-24,Freiburg,RB Leipzig,1,4
2024-04-06,2023-24,Heidenheim,Bayern Munich,3,2
2024-04-06,2023-24,Mainz,Darmstadt,4,0
2024-04-06,2023-24,Union Berlin,Leverkusen,0,1
2024-04-06,2023-24,Dortmund,Stuttgart,0,1
2024-04-07,2023-24,Hoffenheim,Augsburg,3,1
2024-04-07,2023-24,Wolfsburg,M'gladbach,1,3
2024-04-12,2023-24,Augsburg,Union Berlin,2,0
2024-04-13,2023-24,Bayern Munich,FC Koln,2,0
2024-04-13,2023-24,Bochum,Heidenheim,1,1
2024-04-13,2023-24,Mainz,Hoffenheim,4,1
2024-04-13,2023-24,M'gladbach,Dortmund,1,2
2024-04-13,2023-24,RB Leipzig,Wolfsburg,3,0
2024-04-13,2023-24,Stuttgart,Ein Frankfurt,3,0
2024-04-14,2023-24,Darmstadt,Freiburg,0,1
2024-04-14,2023-24,Leverkusen,Werder Bremen,5,0
2024-04-19,2023-24,Ein Frankfurt,Augsburg,3,1
2024-04-20,2023-24,FC Koln,Darmstadt,0,2
2024-04-20,2023-24,Heidenheim,RB Leipzig,1,2
2024-04-20,2023-24,Hoffenheim,M'gladbach,4,3
2024-04-20,2023-24,Wolfsburg,Bochum,1,0
2024-04-20,2023-24,Union Berlin,Bayern Munich,1,5
2024-04-21,2023-24,Werder Bremen,Stuttgart,2,1
2024-04-21,2023-24,Dortmund,Leverkusen,1,1
2024-04-21,2023-24,Freiburg,Mainz,1,1
2024-04-26,2023-24,Bochum,Hoffenheim,3,2
2024-04-27,2023-24,Augsburg,Werder Bremen,0,3
2024-04-27,2023-24,Bayern Munich,Ein Frankfurt,2,1
2024-04-27,2023-24,Freiburg,Wolfsburg,1,2
2024-04-27,2023-24,RB Leipzig,Dortmund,4,1
2024-04-27,2023-24,Leverkusen,Stuttgart,2,2
2024-04-28,2023-24,M'gladbach,Union Berlin,0,0
2024-04-28,2023-24,Mainz,FC Koln,1,1
2024-04-28,2023-24,Darmstadt,Heidenheim,0,1
2024-05-03,2023-24,Hoffenheim,RB Leipzig,1,1
2024-05-04,2023-24,Dortmund,Augsburg,5,1
2024-05-04,2023-24,Stuttgart,Bayern Munich,3,1
2024-05-04,2023-24,Werder Bremen,M'gladbach,2,2
2024-05-04,2023-24,Wolfsburg,Darmstadt,3,0
2024-05-04,2023-24,FC Koln,Freiburg,0,0
2024-05-05,2023-24,Union Berlin,Bochum,3,4
2024-05-05,2023-24,Ein Frankfurt,Leverkusen,1,5
2024-05-05,2023-24,Heidenheim,Mainz,1,1
2024-05-10,2023-24,Augsburg,Stuttgart,0,1
2024-05-11,2023-24,FC Koln,Union Berlin,3,2
2024-05-11,2023-24,Freiburg,Heidenheim,1,1
2024-05-11,2023-24,M'gladbach,Ein Frankfurt,1,1
2024-05-11,2023-24,RB Leipzig,Werder Bremen,1,1
2024-05-11,2023-24,Mainz,Dortmund,3,0
2024-05-12,2023-24,Darmstadt,Hoffenheim,0,6
2024-05-12,2023-24,Bayern Munich,Wolfsburg,2,0
2024-05-12,2023-24,Bochum,Leverkusen,0,5
2024-05-18,2023-24,Dortmund,Darmstadt,4,0
2024-05-18,2023-24,Ein Frankfurt,RB Leipzig,2,2
2024-05-18,2023-24,Heidenheim,FC Koln,4,1
2024-05-18,2023-24,Hoffenheim,Bayern Munich,4,2
2024-05-18,2023-24,Leverkusen,Augsburg,2,1
2024-05-18,2023-24,Stuttgart,M'gladbach,4,0
2024-05-18,2023-24,Union Berlin,Freiburg,2,1
2024-05-18,2023-24,Werder Bremen,Bochum,4,1
2024-05-18,2023-24,Wolfsburg,Mainz,1,3
