date,season,home_team,away_team,home_score,away_score
1993-09-05,1993-94,Ath Bilbao,Albacete,4,1
1993-09-05,1993-94,Ath Madrid,Logrones,1,0
1993-09-05,1993-94,Barcelona,Sociedad,3,0
1993-09-05,1993-94,La Coruna,Celta,0,0
1993-09-05,1993-94,Osasuna,Real Madrid,1,4
1993-09-05,1993-94,Oviedo,Valencia,0,3
1993-09-05,1993-94,Santander,Vallecano,1,0
1993-09-05,1993-94,Tenerife,Lerida,1,0
1993-09-05,1993-94,Valladolid,Sp Gijon,0,1
1993-09-05,1993-94,Zaragoza,Sevilla,1,2
1993-09-12,1993-94,Albacete,Barcelona,0,0
1993-09-12,1993-94,Celta,Oviedo,1,1
1993-09-12,1993-94,Lerida,Ath Bilbao,1,2
1993-09-12,1993-94,Logrones,Santander,0,1
1993-09-12,1993-94,Real Madrid,Valladolid,1,3
1993-09-12,1993-94,Sevilla,Osasuna,1,1
1993-09-12,1993-94,Sociedad,Zaragoza,2,2
1993-09-12,1993-94,Sp Gijon,La Coruna,0,2
1993-09-12,1993-94,Valencia,Ath Madrid,2,2
1993-09-12,1993-94,Vallecano,Tenerife,4,3
1993-09-19,1993-94,Ath Bilbao,Barcelona,0,0
1993-09-19,1993-94,Ath Madrid,Celta,3,2
1993-09-19,1993-94,La Coruna,Real Madrid,4,0
1993-09-19,1993-94,Lerida,Vallecano,0,1
1993-09-19,1993-94,Osasuna,Sociedad,0,2
1993-09-19,1993-94,Oviedo,Sp Gijon,0,1
1993-09-19,1993-94,Santander,Valencia,0,1
1993-09-19,1993-94,Tenerife,Logrones,2,0
1993-09-19,1993-94,Valladolid,Sevilla,2,2
1993-09-19,1993-94,Zaragoza,Albacete,1,1
1993-09-26,1993-94,Albacete,Osasuna,2,1
1993-09-26,1993-94,Barcelona,Zaragoza,4,1
1993-09-26,1993-94,Celta,Santander,0,0
1993-09-26,1993-94,Logrones,Lerida,2,1
1993-09-26,1993-94,Real Madrid,Oviedo,0,1
1993-09-26,1993-94,Sevilla,La Coruna,0,0
1993-09-26,1993-94,Sociedad,Valladolid,1,0
1993-09-26,1993-94,Sp Gijon,Ath Madrid,1,1
1993-09-26,1993-94,Valencia,Tenerife,3,2
1993-09-26,1993-94,Vallecano,Ath Bilbao,1,2
1993-10-03,1993-94,Ath Bilbao,Zaragoza,2,1
1993-10-03,1993-94,Ath Madrid,Real Madrid,0,0
1993-10-03,1993-94,La Coruna,Sociedad,0,1
1993-10-03,1993-94,Lerida,Valencia,1,1
1993-10-03,1993-94,Osasuna,Barcelona,2,3
1993-10-03,1993-94,Oviedo,Sevilla,0,2
1993-10-03,1993-94,Santander,Sp Gijon,2,0
1993-10-03,1993-94,Tenerife,Celta,0,0
1993-10-03,1993-94,Valladolid,Albacete,1,0
1993-10-03,1993-94,Vallecano,Logrones,3,1
1993-10-06,1993-94,Albacete,La Coruna,0,0
1993-10-06,1993-94,Barcelona,Valladolid,3,0
1993-10-06,1993-94,Celta,Lerida,1,0
1993-10-06,1993-94,Logrones,Ath Bilbao,4,2
1993-10-06,1993-94,Real Madrid,Santander,2,1
1993-10-06,1993-94,Sevilla,Ath Madrid,2,1
1993-10-06,1993-94,Sociedad,Oviedo,2,2
1993-10-06,1993-94,Sp Gijon,Tenerife,1,2
1993-10-06,1993-94,Valencia,Vallecano,3,1
1993-10-06,1993-94,Zaragoza,Osasuna,2,1
1993-10-17,1993-94,Ath Bilbao,Osasuna,1,2
1993-10-17,1993-94,Ath Madrid,Sociedad,1,2
1993-10-17,1993-94,La Coruna,Barcelona,1,0
1993-10-17,1993-94,Lerida,Sp Gijon,1,1
1993-10-17,1993-94,Logrones,Valencia,2,0
1993-10-17,1993-94,Oviedo,Albacete,1,1
1993-10-17,1993-94,Santander,Sevilla,1,0
1993-10-17,1993-94,Tenerife,Real Madrid,0,0
1993-10-17,1993-94,Valladolid,Zaragoza,0,0
1993-10-17,1993-94,Vallecano,Celta,1,1
1993-10-24,1993-94,Albacete,Ath Madrid,2,2
1993-10-24,1993-94,Barcelona,Oviedo,1,0
1993-10-24,1993-94,Celta,Logrones,2,0
1993-10-24,1993-94,Osasuna,Valladolid,2,0
1993-10-24,1993-94,Real Madrid,Lerida,5,0
1993-10-24,1993-94,Sevilla,Tenerife,4,0
1993-10-24,1993-94,Sociedad,Santander,2,0
1993-10-24,1993-94,Sp Gijon,Vallecano,2,0
1993-10-24,1993-94,Valencia,Ath Bilbao,1,0
1993-10-24,1993-94,Zaragoza,La Coruna,0,1
1993-10-31,1993-94,Ath Bilbao,Valladolid,3,0
1993-10-31,1993-94,Ath Madrid,Barcelona,4,3
1993-10-31,1993-94,La Coruna,Osasuna,3,1
1993-10-31,1993-94,Lerida,Sevilla,0,3
1993-10-31,1993-94,Logrones,Sp Gijon,1,2
1993-10-31,1993-94,Oviedo,Zaragoza,2,1
1993-10-31,1993-94,Santander,Albacete,1,1
1993-10-31,1993-94,Tenerife,Sociedad,2,1
1993-10-31,1993-94,Valencia,Celta,3,0
1993-10-31,1993-94,Vallecano,Real Madrid,0,2
1993-11-07,1993-94,Albacete,Tenerife,2,3
1993-11-07,1993-94,Barcelona,Santander,2,1
1993-11-07,1993-94,Celta,Ath Bilbao,1,1
1993-11-07,1993-94,Osasuna,Oviedo,2,0
1993-11-07,1993-94,Real Madrid,Logrones,2,1
1993-11-07,1993-94,Sevilla,Vallecano,3,1
1993-11-07,1993-94,Sociedad,Lerida,1,3
1993-11-07,1993-94,Sp Gijon,Valencia,2,0
1993-11-07,1993-94,Valladolid,La Coruna,0,0
1993-11-07,1993-94,Zaragoza,Ath Madrid,2,1
1993-11-10,1993-94,Ath Bilbao,La Coruna,3,1
1993-11-10,1993-94,Ath Madrid,Osasuna,3,0
1993-11-10,1993-94,Celta,Sp Gijon,0,2
1993-11-10,1993-94,Lerida,Albacete,0,1
1993-11-10,1993-94,Logrones,Sevilla,1,1
1993-11-10,1993-94,Oviedo,Valladolid,1,0
1993-11-10,1993-94,Santander,Zaragoza,2,0
1993-11-10,1993-94,Tenerife,Barcelona,2,3
1993-11-10,1993-94,Valencia,Real Madrid,0,3
1993-11-10,1993-94,Vallecano,Sociedad,4,1
1993-11-21,1993-94,Albacete,Vallecano,1,1
1993-11-21,1993-94,Barcelona,Lerida,0,1
1993-11-21,1993-94,La Coruna,Oviedo,4,0
1993-11-21,1993-94,Osasuna,Santander,0,0
1993-11-21,1993-94,Real Madrid,Celta,2,1
1993-11-21,1993-94,Sevilla,Valencia,0,1
1993-11-21,1993-94,Sociedad,Logrones,2,2
1993-11-21,1993-94,Sp Gijon,Ath Bilbao,0,1
1993-11-21,1993-94,Valladolid,Ath Madrid,1,1
1993-11-21,1993-94,Zaragoza,Tenerife,6,2
1993-11-28,1993-94,Ath Bilbao,Oviedo,1,1
1993-11-28,1993-94,Ath Madrid,La Coruna,0,1
1993-11-28,1993-94,Celta,Sevilla,2,1
1993-11-28,1993-94,Lerida,Zaragoza,0,1
1993-11-28,1993-94,Logrones,Albacete,2,2
1993-11-28,1993-94,Santander,Valladolid,5,1
1993-11-28,1993-94,Sp Gijon,Real Madrid,2,1
1993-11-28,1993-94,Tenerife,Osasuna,1,0
1993-11-28,1993-94,Valencia,Sociedad,0,0
1993-11-28,1993-94,Vallecano,Barcelona,2,4
1993-12-05,1993-94,Albacete,Valencia,3,1
1993-12-05,1993-94,Barcelona,Logrones,2,2
1993-12-05,1993-94,La Coruna,Santander,1,0
1993-12-05,1993-94,Osasuna,Lerida,1,0
1993-12-05,1993-94,Oviedo,Ath Madrid,1,1
1993-12-05,1993-94,Real Madrid,Ath Bilbao,2,1
1993-12-05,1993-94,Sevilla,Sp Gijon,1,2
1993-12-05,1993-94,Sociedad,Celta,2,1
1993-12-05,1993-94,Valladolid,Tenerife,2,0
1993-12-05,1993-94,Zaragoza,Vallecano,4,1
1993-12-12,1993-94,Ath Bilbao,Ath Madrid,3,2
1993-12-12,1993-94,Celta,Albacete,1,4
1993-12-12,1993-94,Lerida,Valladolid,1,0
1993-12-12,1993-94,Logrones,Zaragoza,2,2
1993-12-12,1993-94,Real Madrid,Sevilla,0,0
1993-12-12,1993-94,Santander,Oviedo,1,2
1993-12-12,1993-94,Sp Gijon,Sociedad,3,2
1993-12-12,1993-94,Tenerife,La Coruna,0,1
1993-12-12,1993-94,Valencia,Barcelona,0,4
1993-12-12,1993-94,Vallecano,Osasuna,1,0
1993-12-19,1993-94,Albacete,Sp Gijon,3,1
1993-12-19,1993-94,Ath Madrid,Santander,4,0
1993-12-19,1993-94,Barcelona,Celta,1,0
1993-12-19,1993-94,La Coruna,Lerida,2,0
1993-12-19,1993-94,Osasuna,Logrones,1,3
1993-12-19,1993-94,Oviedo,Tenerife,1,0
1993-12-19,1993-94,Sevilla,Ath Bilbao,1,3
1993-12-19,1993-94,Sociedad,Real Madrid,2,0
1993-12-19,1993-94,Valladolid,Vallecano,1,3
1993-12-19,1993-94,Zaragoza,Valencia,1,0
1994-01-02,1993-94,Ath Bilbao,Santander,1,2
1994-01-02,1993-94,Celta,Zaragoza,1,0
1994-01-02,1993-94,Lerida,Oviedo,1,1
1994-01-02,1993-94,Logrones,Valladolid,0,0
1994-01-02,1993-94,Real Madrid,Albacete,2,0
1994-01-02,1993-94,Sevilla,Sociedad,1,0
1994-01-02,1993-94,Sp Gijon,Barcelona,2,0
1994-01-02,1993-94,Tenerife,Ath Madrid,1,1
1994-01-02,1993-94,Valencia,Osasuna,0,0
1994-01-02,1993-94,Vallecano,La Coruna,0,0
1994-01-09,1993-94,Albacete,Sevilla,2,2
1994-01-09,1993-94,Ath Bilbao,Sociedad,0,0
1994-01-09,1993-94,Ath Madrid,Lerida,0,0
1994-01-09,1993-94,Barcelona,Real Madrid,5,0
1994-01-09,1993-94,La Coruna,Logrones,3,0
1994-01-09,1993-94,Osasuna,Celta,0,1
1994-01-09,1993-94,Oviedo,Vallecano,5,0
1994-01-09,1993-94,Santander,Tenerife,1,0
1994-01-09,1993-94,Valladolid,Valencia,1,1
1994-01-09,1993-94,Zaragoza,Sp Gijon,3,0
1994-01-16,1993-94,Celta,Valladolid,1,2
1994-01-16,1993-94,Lerida,Santander,0,0
1994-01-16,1993-94,Logrones,Oviedo,2,2
1994-01-16,1993-94,Real Madrid,Zaragoza,3,2
1994-01-16,1993-94,Sevilla,Barcelona,0,0
1994-01-16,1993-94,Sociedad,Albacete,1,1
1994-01-16,1993-94,Sp Gijon,Osasuna,7,1
1994-01-16,1993-94,Tenerife,Ath Bilbao,2,1
1994-01-16,1993-94,Valencia,La Coruna,1,3
1994-01-16,1993-94,Vallecano,Ath Madrid,2,1
1994-01-23,1993-94,Albacete,Ath Bilbao,1,0
1994-01-23,1993-94,Celta,La Coruna,0,0
1994-01-23,1993-94,Lerida,Tenerife,1,1
1994-01-23,1993-94,Logrones,Ath Madrid,1,0
1994-01-23,1993-94,Real Madrid,Osasuna,0,0
1994-01-23,1993-94,Sevilla,Zaragoza,0,1
1994-01-23,1993-94,Sociedad,Barcelona,2,1
1994-01-23,1993-94,Sp Gijon,Valladolid,2,0
1994-01-23,1993-94,Valencia,Oviedo,2,2
1994-01-23,1993-94,Vallecano,Santander,1,1
1994-01-30,1993-94,Ath Bilbao,Lerida,4,0
1994-01-30,1993-94,Ath Madrid,Valencia,2,0
1994-01-30,1993-94,Barcelona,Albacete,2,1
1994-01-30,1993-94,La Coruna,Sp Gijon,2,1
1994-01-30,1993-94,Osasuna,Sevilla,0,0
1994-01-30,1993-94,Oviedo,Celta,1,0
1994-01-30,1993-94,Santander,Logrones,0,0
1994-01-30,1993-94,Tenerife,Vallecano,3,1
1994-01-30,1993-94,Valladolid,Real Madrid,0,0
1994-01-30,1993-94,Zaragoza,Sociedad,3,0
1994-02-06,1993-94,Albacete,Zaragoza,2,1
1994-02-06,1993-94,Barcelona,Ath Bilbao,2,3
1994-02-06,1993-94,Celta,Ath Madrid,3,2
1994-02-06,1993-94,Logrones,Tenerife,1,2
1994-02-06,1993-94,Real Madrid,La Coruna,2,0
1994-02-06,1993-94,Sevilla,Valladolid,3,3
1994-02-06,1993-94,Sociedad,Osasuna,1,0
1994-02-06,1993-94,Sp Gijon,Oviedo,0,0
1994-02-06,1993-94,Valencia,Santander,2,1
1994-02-06,1993-94,Vallecano,Lerida,1,2
1994-02-13,1993-94,Ath Bilbao,Vallecano,0,0
1994-02-13,1993-94,Ath Madrid,Sp Gijon,2,0
1994-02-13,1993-94,La Coruna,Sevilla,2,0
1994-02-13,1993-94,Lerida,Logrones,1,1
1994-02-13,1993-94,Osasuna,Albacete,3,1
1994-02-13,1993-94,Oviedo,Real Madrid,0,1
1994-02-13,1993-94,Santander,Celta,2,1
1994-02-13,1993-94,Tenerife,Valencia,1,0
1994-02-13,1993-94,Valladolid,Sociedad,0,0
1994-02-13,1993-94,Zaragoza,Barcelona,6,3
1994-02-20,1993-94,Albacete,Valladolid,1,1
1994-02-20,1993-94,Barcelona,Osasuna,8,1
1994-02-20,1993-94,Celta,Tenerife,1,0
1994-02-20,1993-94,Logrones,Vallecano,1,1
1994-02-20,1993-94,Real Madrid,Ath Madrid,1,0
1994-02-20,1993-94,Sevilla,Oviedo,2,0
1994-02-20,1993-94,Sociedad,La Coruna,0,1
1994-02-20,1993-94,Sp Gijon,Santander,0,2
1994-02-20,1993-94,Valencia,Lerida,3,3
1994-02-20,1993-94,Zaragoza,Ath Bilbao,1,0
1994-02-23,1993-94,Ath Bilbao,Logrones,0,0
1994-02-23,1993-94,Ath Madrid,Sevilla,2,4
1994-02-23,1993-94,La Coruna,Albacete,5,1
1994-02-23,1993-94,Lerida,Celta,0,0
1994-02-23,1993-94,Osasuna,Zaragoza,0,0
1994-02-23,1993-94,Oviedo,Sociedad,2,1
1994-02-23,1993-94,Santander,Real Madrid,1,3
1994-02-23,1993-94,Tenerife,Sp Gijon,3,0
1994-02-23,1993-94,Valladolid,Barcelona,1,3
1994-02-23,1993-94,Vallecano,Valencia,1,1
1994-02-27,1993-94,Albacete,Oviedo,5,0
1994-02-27,1993-94,Barcelona,La Coruna,3,0
1994-02-27,1993-94,Celta,Vallecano,0,0
1994-02-27,1993-94,Osasuna,Ath Bilbao,0,0
1994-02-27,1993-94,Real Madrid,Tenerife,1,1
1994-02-27,1993-94,Sevilla,Santander,2,1
1994-02-27,1993-94,Sociedad,Ath Madrid,2,1
1994-02-27,1993-94,Sp Gijon,Lerida,1,1
1994-02-27,1993-94,Valencia,Logrones,3,1
1994-02-27,1993-94,Zaragoza,Valladolid,2,0
1994-03-06,1993-94,Ath Bilbao,Valencia,2,1
1994-03-06,1993-94,Ath Madrid,Albacete,0,0
1994-03-06,1993-94,La Coruna,Zaragoza,1,1
1994-03-06,1993-94,Lerida,Real Madrid,2,1
1994-03-06,1993-94,Logrones,Celta,1,1
1994-03-06,1993-94,Oviedo,Barcelona,1,3
1994-03-06,1993-94,Santander,Sociedad,4,1
1994-03-06,1993-94,Tenerife,Sevilla,2,1
1994-03-06,1993-94,Valladolid,Osasuna,2,1
1994-03-06,1993-94,Vallecano,Sp Gijon,2,1
1994-03-13,1993-94,Albacete,Santander,3,0
1994-03-13,1993-94,Barcelona,Ath Madrid,5,3
1994-03-13,1993-94,Celta,Valencia,1,2
1994-03-13,1993-94,Osasuna,La Coruna,0,0
1994-03-13,1993-94,Real Madrid,Vallecano,5,2
1994-03-13,1993-94,Sevilla,Lerida,2,1
1994-03-13,1993-94,Sociedad,Tenerife,2,1
1994-03-13,1993-94,Sp Gijon,Logrones,1,2
1994-03-13,1993-94,Valladolid,Ath Bilbao,1,1
1994-03-13,1993-94,Zaragoza,Oviedo,2,1
1994-03-20,1993-94,Ath Bilbao,Celta,2,1
1994-03-20,1993-94,Ath Madrid,Zaragoza,0,4
1994-03-20,1993-94,La Coruna,Valladolid,0,0
1994-03-20,1993-94,Lerida,Sociedad,1,0
1994-03-20,1993-94,Logrones,Real Madrid,3,4
1994-03-20,1993-94,Oviedo,Osasuna,1,0
1994-03-20,1993-94,Santander,Barcelona,1,1
1994-03-20,1993-94,Tenerife,Albacete,2,1
1994-03-20,1993-94,Valencia,Sp Gijon,1,0
1994-03-20,1993-94,Vallecano,Sevilla,2,1
1994-03-27,1993-94,Albacete,Lerida,2,1
1994-03-27,1993-94,Barcelona,Tenerife,2,1
1994-03-27,1993-94,La Coruna,Ath Bilbao,4,1
1994-03-27,1993-94,Osasuna,Ath Madrid,0,1
1994-03-27,1993-94,Real Madrid,Valencia,3,2
1994-03-27,1993-94,Sevilla,Logrones,4,1
1994-03-27,1993-94,Sociedad,Vallecano,1,1
1994-03-27,1993-94,Sp Gijon,Celta,2,1
1994-03-27,1993-94,Valladolid,Oviedo,0,0
1994-03-27,1993-94,Zaragoza,Santander,2,0
1994-04-03,1993-94,Ath Bilbao,Sp Gijon,7,0
1994-04-03,1993-94,Ath Madrid,Valladolid,2,0
1994-04-03,1993-94,Celta,Real Madrid,3,2
1994-04-03,1993-94,Lerida,Barcelona,1,2
1994-04-03,1993-94,Logrones,Sociedad,2,0
1994-04-03,1993-94,Oviedo,La Coruna,2,5
1994-04-03,1993-94,Santander,Osasuna,3,1
1994-04-03,1993-94,Tenerife,Zaragoza,5,3
1994-04-03,1993-94,Valencia,Sevilla,1,1
1994-04-03,1993-94,Vallecano,Albacete,0,0
1994-04-06,1993-94,Albacete,Logrones,2,2
1994-04-06,1993-94,Barcelona,Vallecano,1,0
1994-04-06,1993-94,La Coruna,Ath Madrid,2,1
1994-04-06,1993-94,Osasuna,Tenerife,1,0
1994-04-06,1993-94,Oviedo,Ath Bilbao,3,0
1994-04-06,1993-94,Real Madrid,Sp Gijon,2,2
1994-04-06,1993-94,Sevilla,Celta,4,1
1994-04-06,1993-94,Sociedad,Valencia,0,0
1994-04-06,1993-94,Valladolid,Santander,0,3
1994-04-06,1993-94,Zaragoza,Lerida,1,1
1994-04-10,1993-94,Ath Bilbao,Real Madrid,2,1
1994-04-10,1993-94,Ath Madrid,Oviedo,0,3
1994-04-10,1993-94,Celta,Sociedad,3,2
1994-04-10,1993-94,Lerida,Osasuna,1,2
1994-04-10,1993-94,Logrones,Barcelona,0,0
1994-04-10,1993-94,Santander,La Coruna,0,1
1994-04-10,1993-94,Sp Gijon,Sevilla,0,1
1994-04-10,1993-94,Tenerife,Valladolid,0,2
1994-04-10,1993-94,Valencia,Albacete,4,0
1994-04-10,1993-94,Vallecano,Zaragoza,1,2
1994-04-17,1993-94,Albacete,Celta,0,4
1994-04-17,1993-94,Ath Madrid,Ath Bilbao,4,2
1994-04-17,1993-94,Barcelona,Valencia,3,1
1994-04-17,1993-94,La Coruna,Tenerife,2,0
1994-04-17,1993-94,Osasuna,Vallecano,1,1
1994-04-17,1993-94,Oviedo,Santander,3,0
1994-04-17,1993-94,Sevilla,Real Madrid,0,1
1994-04-17,1993-94,Sociedad,Sp Gijon,0,1
1994-04-17,1993-94,Valladolid,Lerida,0,2
1994-04-17,1993-94,Zaragoza,Logrones,1,1
1994-04-24,1993-94,Ath Bilbao,Sevilla,1,1
1994-04-24,1993-94,Celta,Barcelona,0,4
1994-04-24,1993-94,Lerida,La Coruna,0,0
1994-04-24,1993-94,Logrones,Osasuna,3,2
1994-04-24,1993-94,Real Madrid,Sociedad,0,1
1994-04-24,1993-94,Santander,Ath Madrid,2,0
1994-04-24,1993-94,Sp Gijon,Albacete,1,0
1994-04-24,1993-94,Tenerife,Oviedo,2,2
1994-04-24,1993-94,Valencia,Zaragoza,3,0
1994-04-24,1993-94,Vallecano,Valladolid,0,1
1994-05-01,1993-94,Albacete,Real Madrid,1,4
1994-05-01,1993-94,Ath Madrid,Tenerife,2,0
1994-05-01,1993-94,Barcelona,Sp Gijon,4,0
1994-05-01,1993-94,La Coruna,Vallecano,0,0
1994-05-01,1993-94,Osasuna,Valencia,3,3
1994-05-01,1993-94,Oviedo,Lerida,0,0
1994-05-01,1993-94,Santander,Ath Bilbao,2,2
1994-05-01,1993-94,Sociedad,Sevilla,0,0
1994-05-01,1993-94,Valladolid,Logrones,2,0
1994-05-01,1993-94,Zaragoza,Celta,4,1
1994-05-08,1993-94,Celta,Osasuna,4,0
1994-05-08,1993-94,Lerida,Ath Madrid,0,1
1994-05-08,1993-94,Logrones,La Coruna,0,2
1994-05-08,1993-94,Real Madrid,Barcelona,0,1
1994-05-08,1993-94,Sevilla,Albacete,2,0
1994-05-08,1993-94,Sociedad,Ath Bilbao,0,0
1994-05-08,1993-94,Sp Gijon,Zaragoza,0,3
1994-05-08,1993-94,Tenerife,Santander,1,0
1994-05-08,1993-94,Valencia,Valladolid,5,1
1994-05-08,1993-94,Vallecano,Oviedo,0,0
1994-05-15,1993-94,Albacete,Sociedad,1,1
1994-05-15,1993-94,Ath Bilbao,Tenerife,3,2
1994-05-15,1993-94,Ath Madrid,Vallecano,2,0
1994-05-15,1993-94,Barcelona,Sevilla,5,2
1994-05-15,1993-94,La Coruna,Valencia,0,0
1994-05-15,1993-94,Osasuna,Sp Gijon,3,0
1994-05-15,1993-94,Oviedo,Logrones,1,2
1994-05-15,1993-94,Santander,Lerida,2,1
1994-05-15,1993-94,Valladolid,Celta,0,0
1994-05-15,1993-94,Zaragoza,Real Madrid,4,1
1994-09-03,1994-95,Sevilla,Real Madrid,1,4
1994-09-04,1994-95,Albacete,Celta,1,1
1994-09-04,1994-95,Ath Bilbao,La Coruna,0,2
1994-09-04,1994-95,Ath Madrid,Valencia,2,4
1994-09-04,1994-95,Compostela,Sociedad,0,2
1994-09-04,1994-95,Espanol,Oviedo,4,2
1994-09-04,1994-95,Logrones,Betis,0,0
1994-09-04,1994-95,Santander,Valladolid,0,0
1994-09-04,1994-95,Sp Gijon,Barcelona,2,1
1994-09-04,1994-95,Zaragoza,Tenerife,2,2
1994-09-10,1994-95,Barcelona,Santander,2,1
1994-09-10,1994-95,Celta,Ath Bilbao,1,1
1994-09-10,1994-95,La Coruna,Sp Gijon,2,1
1994-09-10,1994-95,Real Madrid,Logrones,2,0
1994-09-10,1994-95,Tenerife,Ath Madrid,1,0
1994-09-11,1994-95,Betis,Albacete,4,1
1994-09-11,1994-95,Oviedo,Compostela,2,2
1994-09-11,1994-95,Sociedad,Zaragoza,1,2
1994-09-11,1994-95,Valencia,Sevilla,0,1
1994-09-11,1994-95,Valladolid,Espanol,0,4
1994-09-18,1994-95,Albacete,Real Madrid,1,1
1994-09-18,1994-95,Ath Bilbao,Betis,1,0
1994-09-18,1994-95,Ath Madrid,Sociedad,2,1
1994-09-18,1994-95,Compostela,Valladolid,1,0
1994-09-18,1994-95,Espanol,Barcelona,0,0
1994-09-18,1994-95,Santander,La Coruna,1,2
1994-09-18,1994-95,Sevilla,Logrones,1,0
1994-09-18,1994-95,Sp Gijon,Celta,0,0
1994-09-18,1994-95,Valencia,Tenerife,2,1
1994-09-18,1994-95,Zaragoza,Oviedo,2,1
1994-09-24,1994-95,Barcelona,Compostela,4,0
1994-09-24,1994-95,La Coruna,Espanol,1,1
1994-09-24,1994-95,Real Madrid,Ath Bilbao,4,0
1994-09-24,1994-95,Valladolid,Zaragoza,2,0
1994-09-25,1994-95,Betis,Sp Gijon,5,0
1994-09-25,1994-95,Celta,Santander,2,1
1994-09-25,1994-95,Logrones,Albacete,1,1
1994-09-25,1994-95,Oviedo,Ath Madrid,1,0
1994-09-25,1994-95,Sociedad,Valencia,0,2
1994-09-25,1994-95,Tenerife,Sevilla,0,0
1994-10-01,1994-95,Compostela,La Coruna,0,1
1994-10-01,1994-95,Valencia,Oviedo,1,0
1994-10-02,1994-95,Ath Bilbao,Logrones,1,0
1994-10-02,1994-95,Ath Madrid,Valladolid,6,0
1994-10-02,1994-95,Espanol,Celta,0,0
1994-10-02,1994-95,Santander,Betis,0,0
1994-10-02,1994-95,Sevilla,Albacete,0,2
1994-10-02,1994-95,Sp Gijon,Real Madrid,1,0
1994-10-02,1994-95,Tenerife,Sociedad,3,0
1994-10-02,1994-95,Zaragoza,Barcelona,2,1
1994-10-08,1994-95,Barcelona,Ath Madrid,4,3
1994-10-09,1994-95,Albacete,Ath Bilbao,1,2
1994-10-09,1994-95,Betis,Espanol,3,1
1994-10-09,1994-95,Celta,Compostela,1,2
1994-10-09,1994-95,La Coruna,Zaragoza,3,3
1994-10-09,1994-95,Logrones,Sp Gijon,1,3
1994-10-09,1994-95,Oviedo,Tenerife,1,2
1994-10-09,1994-95,Real Madrid,Santander,3,1
1994-10-09,1994-95,Sociedad,Sevilla,0,0
1994-10-09,1994-95,Valladolid,Valencia,2,0
1994-10-15,1994-95,Ath Madrid,La Coruna,1,1
1994-10-15,1994-95,Espanol,Real Madrid,1,2
1994-10-15,1994-95,Sevilla,Ath Bilbao,0,0
1994-10-15,1994-95,Valencia,Barcelona,1,2
1994-10-16,1994-95,Compostela,Betis,1,1
1994-10-16,1994-95,Santander,Logrones,3,0
1994-10-16,1994-95,Sociedad,Oviedo,3,1
1994-10-16,1994-95,Sp Gijon,Albacete,3,2
1994-10-16,1994-95,Tenerife,Valladolid,0,0
1994-10-16,1994-95,Zaragoza,Celta,4,0
1994-10-22,1994-95,Celta,Ath Madrid,1,0
1994-10-23,1994-95,Albacete,Santander,2,0
1994-10-23,1994-95,Ath Bilbao,Sp Gijon,2,0
1994-10-23,1994-95,Barcelona,Tenerife,1,0
1994-10-23,1994-95,Betis,Zaragoza,0,1
1994-10-23,1994-95,La Coruna,Valencia,3,1
1994-10-23,1994-95,Logrones,Espanol,1,1
1994-10-23,1994-95,Oviedo,Sevilla,1,0
1994-10-23,1994-95,Real Madrid,Compostela,1,1
1994-10-23,1994-95,Valladolid,Sociedad,1,1
1994-10-29,1994-95,Sociedad,Barcelona,1,1
1994-10-29,1994-95,Tenerife,La Coruna,1,1
1994-10-29,1994-95,Valencia,Celta,1,0
1994-10-29,1994-95,Zaragoza,Real Madrid,3,2
1994-10-30,1994-95,Ath Madrid,Betis,0,2
1994-10-30,1994-95,Compostela,Logrones,2,0
1994-10-30,1994-95,Espanol,Albacete,5,1
1994-10-30,1994-95,Oviedo,Valladolid,1,0
1994-10-30,1994-95,Sevilla,Sp Gijon,5,1
1994-10-31,1994-95,Santander,Ath Bilbao,0,2
1994-11-05,1994-95,Real Madrid,Ath Madrid,4,2
1994-11-06,1994-95,Albacete,Compostela,1,3
1994-11-06,1994-95,Ath Bilbao,Espanol,1,3
1994-11-06,1994-95,Barcelona,Oviedo,1,0
1994-11-06,1994-95,Betis,Valencia,1,1
1994-11-06,1994-95,Celta,Tenerife,3,2
1994-11-06,1994-95,La Coruna,Sociedad,3,1
1994-11-06,1994-95,Logrones,Zaragoza,0,0
1994-11-06,1994-95,Sp Gijon,Santander,2,3
1994-11-06,1994-95,Valladolid,Sevilla,0,4
1994-11-19,1994-95,Compostela,Ath Bilbao,0,1
1994-11-19,1994-95,Oviedo,La Coruna,2,0
1994-11-19,1994-95,Valencia,Real Madrid,1,2
1994-11-19,1994-95,Valladolid,Barcelona,1,3
1994-11-20,1994-95,Ath Madrid,Logrones,3,0
1994-11-20,1994-95,Espanol,Sp Gijon,1,1
1994-11-20,1994-95,Sevilla,Santander,1,3
1994-11-20,1994-95,Sociedad,Celta,2,3
1994-11-20,1994-95,Tenerife,Betis,1,4
1994-11-20,1994-95,Zaragoza,Albacete,1,0
1994-11-27,1994-95,Albacete,Ath Madrid,2,2
1994-11-27,1994-95,Ath Bilbao,Zaragoza,1,0
1994-11-27,1994-95,Barcelona,Sevilla,0,1
1994-11-27,1994-95,Betis,Sociedad,0,0
1994-11-27,1994-95,Celta,Oviedo,0,0
1994-11-27,1994-95,La Coruna,Valladolid,4,0
1994-11-27,1994-95,Logrones,Valencia,2,2
1994-11-27,1994-95,Real Madrid,Tenerife,4,2
1994-11-27,1994-95,Santander,Espanol,0,0
1994-11-27,1994-95,Sp Gijon,Compostela,1,1
1994-12-03,1994-95,Ath Madrid,Ath Bilbao,2,1
1994-12-03,1994-95,Barcelona,La Coruna,1,1
1994-12-03,1994-95,Sociedad,Real Madrid,1,1
1994-12-03,1994-95,Valencia,Albacete,3,3
1994-12-04,1994-95,Compostela,Santander,2,1
1994-12-04,1994-95,Oviedo,Betis,0,0
1994-12-04,1994-95,Sevilla,Espanol,3,0
1994-12-04,1994-95,Tenerife,Logrones,4,0
1994-12-04,1994-95,Valladolid,Celta,1,1
1994-12-04,1994-95,Zaragoza,Sp Gijon,3,2
1994-12-10,1994-95,Ath Bilbao,Valencia,2,1
1994-12-11,1994-95,Albacete,Tenerife,2,1
1994-12-11,1994-95,Betis,Valladolid,1,2
1994-12-11,1994-95,Celta,Barcelona,2,4
1994-12-11,1994-95,Espanol,Compostela,2,0
1994-12-11,1994-95,La Coruna,Sevilla,5,1
1994-12-11,1994-95,Logrones,Sociedad,0,4
1994-12-11,1994-95,Real Madrid,Oviedo,2,0
1994-12-11,1994-95,Santander,Zaragoza,0,1
1994-12-11,1994-95,Sp Gijon,Ath Madrid,0,2
1994-12-21,1994-95,Ath Madrid,Santander,0,1
1994-12-21,1994-95,Barcelona,Betis,1,1
1994-12-21,1994-95,La Coruna,Celta,1,2
1994-12-21,1994-95,Oviedo,Logrones,1,0
1994-12-21,1994-95,Sevilla,Compostela,3,0
1994-12-21,1994-95,Sociedad,Albacete,2,0
1994-12-21,1994-95,Tenerife,Ath Bilbao,1,0
1994-12-21,1994-95,Valencia,Sp Gijon,0,0
1994-12-21,1994-95,Zaragoza,Espanol,1,0
1994-12-22,1994-95,Valladolid,Real Madrid,0,5
1995-01-07,1994-95,Real Madrid,Barcelona,5,0
1995-01-08,1994-95,Albacete,Oviedo,1,0
1995-01-08,1994-95,Ath Bilbao,Sociedad,0,0
1995-01-08,1994-95,Betis,La Coruna,0,0
1995-01-08,1994-95,Celta,Sevilla,0,0
1995-01-08,1994-95,Compostela,Zaragoza,3,2
1995-01-08,1994-95,Espanol,Ath Madrid,2,0
1995-01-08,1994-95,Logrones,Valladolid,0,0
1995-01-08,1994-95,Santander,Valencia,3,2
1995-01-08,1994-95,Sp Gijon,Tenerife,1,1
1995-01-14,1994-95,La Coruna,Real Madrid,0,0
1995-01-15,1994-95,Ath Madrid,Compostela,1,1
1995-01-15,1994-95,Barcelona,Logrones,3,0
1995-01-15,1994-95,Celta,Betis,0,2
1995-01-15,1994-95,Oviedo,Ath Bilbao,1,1
1995-01-15,1994-95,Sevilla,Zaragoza,2,1
1995-01-15,1994-95,Sociedad,Sp Gijon,2,2
1995-01-15,1994-95,Tenerife,Santander,3,0
1995-01-15,1994-95,Valencia,Espanol,0,0
1995-01-15,1994-95,Valladolid,Albacete,1,1
1995-01-21,1994-95,Logrones,La Coruna,0,1
1995-01-22,1994-95,Albacete,Barcelona,2,2
1995-01-22,1994-95,Ath Bilbao,Valladolid,1,1
1995-01-22,1994-95,Compostela,Valencia,1,1
1995-01-22,1994-95,Espanol,Tenerife,0,0
1995-01-22,1994-95,Real Madrid,Celta,4,0
1995-01-22,1994-95,Santander,Sociedad,0,0
1995-01-22,1994-95,Sevilla,Betis,0,1
1995-01-22,1994-95,Sp Gijon,Oviedo,1,1
1995-01-22,1994-95,Zaragoza,Ath Madrid,3,1
1995-01-28,1994-95,Barcelona,Ath Bilbao,1,0
1995-01-29,1994-95,Ath Madrid,Sevilla,2,2
1995-01-29,1994-95,Betis,Real Madrid,0,0
1995-01-29,1994-95,Celta,Logrones,0,1
1995-01-29,1994-95,La Coruna,Albacete,2,1
1995-01-29,1994-95,Oviedo,Santander,3,1
1995-01-29,1994-95,Sociedad,Espanol,2,0
1995-01-29,1994-95,Tenerife,Compostela,2,0
1995-01-29,1994-95,Valencia,Zaragoza,3,0
1995-01-29,1994-95,Valladolid,Sp Gijon,2,0
1995-02-04,1994-95,La Coruna,Ath Bilbao,0,0
1995-02-05,1994-95,Barcelona,Sp Gijon,3,1
1995-02-05,1994-95,Betis,Logrones,1,0
1995-02-05,1994-95,Celta,Albacete,0,0
1995-02-05,1994-95,Oviedo,Espanol,3,0
1995-02-05,1994-95,Real Madrid,Sevilla,2,0
1995-02-05,1994-95,Sociedad,Compostela,1,1
1995-02-05,1994-95,Tenerife,Zaragoza,2,0
1995-02-05,1994-95,Valencia,Ath Madrid,0,0
1995-02-05,1994-95,Valladolid,Santander,1,1
1995-02-11,1994-95,Ath Madrid,Tenerife,3,1
1995-02-11,1994-95,Santander,Barcelona,5,0
1995-02-12,1994-95,Albacete,Betis,3,1
1995-02-12,1994-95,Ath Bilbao,Celta,1,1
1995-02-12,1994-95,Compostela,Oviedo,1,1
1995-02-12,1994-95,Espanol,Valladolid,3,0
1995-02-12,1994-95,Logrones,Real Madrid,1,4
1995-02-12,1994-95,Sevilla,Valencia,1,1
1995-02-12,1994-95,Sp Gijon,La Coruna,3,1
1995-02-12,1994-95,Zaragoza,Sociedad,1,1
1995-02-18,1994-95,Barcelona,Espanol,3,0
1995-02-19,1994-95,Betis,Ath Bilbao,0,0
1995-02-19,1994-95,Celta,Sp Gijon,2,0
1995-02-19,1994-95,La Coruna,Santander,3,0
1995-02-19,1994-95,Logrones,Sevilla,0,2
1995-02-19,1994-95,Oviedo,Zaragoza,2,1
1995-02-19,1994-95,Real Madrid,Albacete,0,0
1995-02-19,1994-95,Sociedad,Ath Madrid,3,1
1995-02-19,1994-95,Tenerife,Valencia,1,2
1995-02-19,1994-95,Valladolid,Compostela,2,0
1995-02-25,1994-95,Compostela,Barcelona,1,2
1995-02-25,1994-95,Sp Gijon,Betis,1,1
1995-02-25,1994-95,Zaragoza,Valladolid,1,0
1995-02-26,1994-95,Albacete,Logrones,0,0
1995-02-26,1994-95,Ath Bilbao,Real Madrid,1,1
1995-02-26,1994-95,Ath Madrid,Oviedo,3,3
1995-02-26,1994-95,Espanol,La Coruna,1,0
1995-02-26,1994-95,Santander,Celta,2,0
1995-02-26,1994-95,Sevilla,Tenerife,1,2
1995-02-26,1994-95,Valencia,Sociedad,4,2
1995-03-04,1994-95,Oviedo,Valencia,1,0
1995-03-05,1994-95,Albacete,Sevilla,1,1
1995-03-05,1994-95,Barcelona,Zaragoza,3,0
1995-03-05,1994-95,Betis,Santander,2,0
1995-03-05,1994-95,Celta,Espanol,1,2
1995-03-05,1994-95,La Coruna,Compostela,1,0
1995-03-05,1994-95,Logrones,Ath Bilbao,0,1
1995-03-05,1994-95,Real Madrid,Sp Gijon,4,0
1995-03-05,1994-95,Sociedad,Tenerife,5,2
1995-03-05,1994-95,Valladolid,Ath Madrid,0,1
1995-03-11,1994-95,Ath Madrid,Barcelona,2,0
1995-03-12,1994-95,Ath Bilbao,Albacete,1,2
1995-03-12,1994-95,Compostela,Celta,2,0
1995-03-12,1994-95,Espanol,Betis,0,0
1995-03-12,1994-95,Santander,Real Madrid,3,1
1995-03-12,1994-95,Sevilla,Sociedad,2,0
1995-03-12,1994-95,Sp Gijon,Logrones,2,2
1995-03-12,1994-95,Tenerife,Oviedo,1,1
1995-03-12,1994-95,Valencia,Valladolid,3,0
1995-03-12,1994-95,Zaragoza,La Coruna,1,0
1995-03-18,1994-95,Ath Bilbao,Sevilla,0,2
1995-03-18,1994-95,La Coruna,Ath Madrid,0,1
1995-03-19,1994-95,Albacete,Sp Gijon,1,2
1995-03-19,1994-95,Barcelona,Valencia,0,0
1995-03-19,1994-95,Betis,Compostela,1,0
1995-03-19,1994-95,Celta,Zaragoza,0,0
1995-03-19,1994-95,Logrones,Santander,0,1
1995-03-19,1994-95,Oviedo,Sociedad,3,0
1995-03-19,1994-95,Real Madrid,Espanol,1,0
1995-03-19,1994-95,Valladolid,Tenerife,1,4
1995-04-01,1994-95,Valencia,La Coruna,1,2
1995-04-01,1994-95,Zaragoza,Betis,3,0
1995-04-02,1994-95,Ath Madrid,Celta,0,2
1995-04-02,1994-95,Compostela,Real Madrid,1,1
1995-04-02,1994-95,Espanol,Logrones,2,0
1995-04-02,1994-95,Santander,Albacete,2,1
1995-04-02,1994-95,Sevilla,Oviedo,1,1
1995-04-02,1994-95,Sociedad,Valladolid,3,0
1995-04-02,1994-95,Sp Gijon,Ath Bilbao,1,1
1995-04-02,1994-95,Tenerife,Barcelona,2,1
1995-04-08,1994-95,Betis,Ath Madrid,2,0
1995-04-09,1994-95,Albacete,Espanol,1,1
1995-04-09,1994-95,Ath Bilbao,Santander,2,0
1995-04-09,1994-95,Barcelona,Sociedad,1,1
1995-04-09,1994-95,Celta,Valencia,0,0
1995-04-09,1994-95,La Coruna,Tenerife,4,1
1995-04-09,1994-95,Logrones,Compostela,0,4
1995-04-09,1994-95,Real Madrid,Zaragoza,3,0
1995-04-09,1994-95,Sp Gijon,Sevilla,3,0
1995-04-09,1994-95,Valladolid,Oviedo,2,1
1995-04-15,1994-95,Ath Madrid,Real Madrid,0,2
1995-04-15,1994-95,Zaragoza,Logrones,3,0
1995-04-16,1994-95,Compostela,Albacete,0,0
1995-04-16,1994-95,Espanol,Ath Bilbao,3,1
1995-04-16,1994-95,Oviedo,Barcelona,0,0
1995-04-16,1994-95,Santander,Sp Gijon,0,0
1995-04-16,1994-95,Sevilla,Valladolid,1,0
1995-04-16,1994-95,Sociedad,La Coruna,1,3
1995-04-16,1994-95,Tenerife,Celta,3,0
1995-04-16,1994-95,Valencia,Betis,2,1
1995-04-22,1994-95,Real Madrid,Valencia,3,1
1995-04-23,1994-95,Albacete,Zaragoza,0,3
1995-04-23,1994-95,Ath Bilbao,Compostela,1,0
1995-04-23,1994-95,Barcelona,Valladolid,4,1
1995-04-23,1994-95,Betis,Tenerife,3,0
1995-04-23,1994-95,Celta,Sociedad,2,1
1995-04-23,1994-95,La Coruna,Oviedo,2,2
1995-04-23,1994-95,Logrones,Ath Madrid,0,0
1995-04-23,1994-95,Santander,Sevilla,0,3
1995-04-23,1994-95,Sp Gijon,Espanol,0,0
1995-04-30,1994-95,Ath Madrid,Albacete,4,0
1995-04-30,1994-95,Compostela,Sp Gijon,3,2
1995-04-30,1994-95,Espanol,Santander,2,0
1995-04-30,1994-95,Oviedo,Celta,2,2
1995-04-30,1994-95,Sevilla,Barcelona,4,2
1995-04-30,1994-95,Sociedad,Betis,1,1
1995-04-30,1994-95,Tenerife,Real Madrid,0,1
1995-04-30,1994-95,Valencia,Logrones,3,0
1995-04-30,1994-95,Valladolid,La Coruna,0,0
1995-04-30,1994-95,Zaragoza,Ath Bilbao,1,4
1995-05-06,1994-95,La Coruna,Barcelona,1,0
1995-05-06,1994-95,Sp Gijon,Zaragoza,1,3
1995-05-07,1994-95,Albacete,Valencia,1,0
1995-05-07,1994-95,Ath Bilbao,Ath Madrid,3,1
1995-05-07,1994-95,Betis,Oviedo,0,0
1995-05-07,1994-95,Celta,Valladolid,1,0
1995-05-07,1994-95,Espanol,Sevilla,2,2
1995-05-07,1994-95,Logrones,Tenerife,4,2
1995-05-07,1994-95,Real Madrid,Sociedad,0,0
1995-05-07,1994-95,Santander,Compostela,2,2
1995-05-13,1994-95,Sevilla,La Coruna,0,0
1995-05-13,1994-95,Valencia,Ath Bilbao,3,1
1995-05-14,1994-95,Ath Madrid,Sp Gijon,3,2
1995-05-14,1994-95,Barcelona,Celta,1,1
1995-05-14,1994-95,Compostela,Espanol,1,1
1995-05-14,1994-95,Oviedo,Real Madrid,3,2
1995-05-14,1994-95,Sociedad,Logrones,6,0
1995-05-14,1994-95,Tenerife,Albacete,2,2
1995-05-14,1994-95,Valladolid,Betis,0,2
1995-05-14,1994-95,Zaragoza,Santander,1,1
1995-05-20,1994-95,Espanol,Zaragoza,2,0
1995-05-21,1994-95,Albacete,Sociedad,0,1
1995-05-21,1994-95,Ath Bilbao,Tenerife,3,2
1995-05-21,1994-95,Betis,Barcelona,1,1
1995-05-21,1994-95,Celta,La Coruna,0,2
1995-05-21,1994-95,Compostela,Sevilla,0,4
1995-05-21,1994-95,Logrones,Oviedo,0,2
1995-05-21,1994-95,Real Madrid,Valladolid,1,0
1995-05-21,1994-95,Santander,Ath Madrid,0,0
1995-05-21,1994-95,Sp Gijon,Valencia,1,0
1995-05-27,1994-95,Barcelona,Real Madrid,1,0
1995-05-27,1994-95,La Coruna,Betis,2,0
1995-05-27,1994-95,Oviedo,Albacete,1,3
1995-05-27,1994-95,Tenerife,Sp Gijon,3,0
1995-05-27,1994-95,Valencia,Santander,1,1
1995-05-28,1994-95,Ath Madrid,Espanol,3,1
1995-05-28,1994-95,Sevilla,Celta,2,3
1995-05-28,1994-95,Sociedad,Ath Bilbao,5,0
1995-05-28,1994-95,Valladolid,Logrones,2,1
1995-05-28,1994-95,Zaragoza,Compostela,5,3
1995-06-03,1994-95,Espanol,Valencia,5,0
1995-06-03,1994-95,Real Madrid,La Coruna,2,1
1995-06-04,1994-95,Albacete,Valladolid,1,0
1995-06-04,1994-95,Ath Bilbao,Oviedo,1,0
1995-06-04,1994-95,Betis,Celta,1,1
1995-06-04,1994-95,Compostela,Ath Madrid,2,1
1995-06-04,1994-95,Logrones,Barcelona,1,4
1995-06-04,1994-95,Santander,Tenerife,2,1
1995-06-04,1994-95,Sp Gijon,Sociedad,1,2
1995-06-04,1994-95,Zaragoza,Sevilla,0,1
1995-06-10,1994-95,Barcelona,Albacete,0,1
1995-06-10,1994-95,Celta,Real Madrid,0,2
1995-06-10,1994-95,La Coruna,Logrones,5,0
1995-06-10,1994-95,Valencia,Compostela,4,1
1995-06-11,1994-95,Ath Madrid,Zaragoza,2,0
1995-06-11,1994-95,Betis,Sevilla,2,1
1995-06-11,1994-95,Oviedo,Sp Gijon,1,0
1995-06-11,1994-95,Sociedad,Santander,0,1
1995-06-11,1994-95,Tenerife,Espanol,1,1
1995-06-11,1994-95,Valladolid,Ath Bilbao,0,1
1995-06-17,1994-95,Sp Gijon,Valladolid,1,3
1995-06-18,1994-95,Albacete,La Coruna,2,8
1995-06-18,1994-95,Ath Bilbao,Barcelona,0,2
1995-06-18,1994-95,Compostela,Tenerife,2,0
1995-06-18,1994-95,Espanol,Sociedad,0,0
1995-06-18,1994-95,Logrones,Celta,0,3
1995-06-18,1994-95,Real Madrid,Betis,0,2
1995-06-18,1994-95,Santander,Oviedo,2,0
1995-06-18,1994-95,Sevilla,Ath Madrid,2,2
1995-06-18,1994-95,Zaragoza,Valencia,2,2
1995-09-02,1995-96,La Coruna,Valencia,3,0
1995-09-02,1995-96,Sp Gijon,Albacete,3,0
1995-09-03,1995-96,Ath Bilbao,Santander,4,0
1995-09-03,1995-96,Ath Madrid,Sociedad,4,1
1995-09-03,1995-96,Celta,Compostela,0,1
1995-09-03,1995-96,Espanol,Salamanca,3,1
1995-09-03,1995-96,Merida,Betis,1,1
1995-09-03,1995-96,Sevilla,Tenerife,0,1
1995-09-03,1995-96,Valladolid,Barcelona,0,2
1995-09-03,1995-96,Vallecano,Real Madrid,1,5
1995-09-03,1995-96,Zaragoza,Oviedo,1,0
1995-09-09,1995-96,Albacete,Sevilla,3,2
1995-09-09,1995-96,Barcelona,Merida,2,2
1995-09-09,1995-96,Betis,Zaragoza,3,1
1995-09-09,1995-96,Real Madrid,Ath Bilbao,1,2
1995-09-10,1995-96,Compostela,La Coruna,4,0
1995-09-10,1995-96,Oviedo,Vallecano,2,0
1995-09-10,1995-96,Salamanca,Celta,0,1
1995-09-10,1995-96,Santander,Ath Madrid,0,4
1995-09-10,1995-96,Sociedad,Sp Gijon,2,0
1995-09-10,1995-96,Tenerife,Espanol,1,4
1995-09-10,1995-96,Valencia,Valladolid,1,0
1995-09-16,1995-96,Ath Bilbao,Ath Madrid,0,2
1995-09-17,1995-96,Celta,Tenerife,2,2
1995-09-17,1995-96,Espanol,Albacete,1,0
1995-09-17,1995-96,La Coruna,Salamanca,2,0
1995-09-17,1995-96,Merida,Valencia,0,2
1995-09-17,1995-96,Real Madrid,Oviedo,2,3
1995-09-17,1995-96,Sevilla,Sociedad,2,1
1995-09-17,1995-96,Sp Gijon,Santander,4,2
1995-09-17,1995-96,Valladolid,Compostela,0,0
1995-09-17,1995-96,Vallecano,Betis,1,2
1995-09-17,1995-96,Zaragoza,Barcelona,0,3
1995-09-23,1995-96,Barcelona,Vallecano,2,0
1995-09-23,1995-96,Betis,Real Madrid,0,0
1995-09-23,1995-96,Santander,Sevilla,1,1
1995-09-24,1995-96,Albacete,Celta,4,0
1995-09-24,1995-96,Ath Madrid,Sp Gijon,2,0
1995-09-24,1995-96,Compostela,Merida,1,0
1995-09-24,1995-96,Oviedo,Ath Bilbao,0,0
1995-09-24,1995-96,Salamanca,Valladolid,0,0
1995-09-24,1995-96,Sociedad,Espanol,0,1
1995-09-24,1995-96,Tenerife,La Coruna,1,1
1995-09-24,1995-96,Valencia,Zaragoza,0,0
1995-09-30,1995-96,Ath Bilbao,Sp Gijon,2,1
1995-09-30,1995-96,Real Madrid,Barcelona,1,1
1995-10-01,1995-96,Celta,Sociedad,1,1
1995-10-01,1995-96,Espanol,Santander,1,0
1995-10-01,1995-96,La Coruna,Albacete,5,0
1995-10-01,1995-96,Merida,Salamanca,0,0
1995-10-01,1995-96,Oviedo,Betis,0,1
1995-10-01,1995-96,Sevilla,Ath Madrid,0,0
1995-10-01,1995-96,Valladolid,Tenerife,3,0
1995-10-01,1995-96,Vallecano,Valencia,3,2
1995-10-01,1995-96,Zaragoza,Compostela,1,0
1995-10-04,1995-96,Albacete,Valladolid,4,2
1995-10-04,1995-96,Barcelona,Oviedo,4,1
1995-10-04,1995-96,Betis,Ath Bilbao,0,0
1995-10-04,1995-96,Compostela,Vallecano,1,0
1995-10-04,1995-96,Salamanca,Zaragoza,0,1
1995-10-04,1995-96,Santander,Celta,2,1
1995-10-04,1995-96,Sociedad,La Coruna,2,1
1995-10-04,1995-96,Sp Gijon,Sevilla,3,1
1995-10-04,1995-96,Tenerife,Merida,1,0
1995-10-04,1995-96,Valencia,Real Madrid,4,3
1995-10-05,1995-96,Ath Madrid,Espanol,2,1
1995-10-07,1995-96,Betis,Barcelona,1,5
1995-10-08,1995-96,Ath Bilbao,Sevilla,1,1
1995-10-08,1995-96,Celta,Ath Madrid,0,3
1995-10-08,1995-96,Espanol,Sp Gijon,0,0
1995-10-08,1995-96,La Coruna,Santander,2,3
1995-10-08,1995-96,Merida,Albacete,1,1
1995-10-08,1995-96,Oviedo,Valencia,0,1
1995-10-08,1995-96,Real Madrid,Compostela,2,1
1995-10-08,1995-96,Valladolid,Sociedad,3,0
1995-10-08,1995-96,Vallecano,Salamanca,1,4
1995-10-08,1995-96,Zaragoza,Tenerife,0,2
1995-10-14,1995-96,Ath Madrid,La Coruna,1,0
1995-10-14,1995-96,Barcelona,Ath Bilbao,4,1
1995-10-14,1995-96,Sevilla,Espanol,0,3
1995-10-14,1995-96,Valencia,Betis,1,1
1995-10-15,1995-96,Albacete,Zaragoza,0,1
1995-10-15,1995-96,Compostela,Oviedo,4,1
1995-10-15,1995-96,Salamanca,Real Madrid,0,2
1995-10-15,1995-96,Santander,Valladolid,0,0
1995-10-15,1995-96,Sociedad,Merida,1,2
1995-10-15,1995-96,Sp Gijon,Celta,1,0
1995-10-15,1995-96,Tenerife,Vallecano,2,2
1995-10-21,1995-96,Valladolid,Ath Madrid,0,1
1995-10-22,1995-96,Ath Bilbao,Espanol,0,0
1995-10-22,1995-96,Barcelona,Valencia,1,0
1995-10-22,1995-96,Betis,Compostela,5,0
1995-10-22,1995-96,Celta,Sevilla,4,0
1995-10-22,1995-96,La Coruna,Sp Gijon,1,0
1995-10-22,1995-96,Merida,Santander,3,1
1995-10-22,1995-96,Oviedo,Salamanca,2,2
1995-10-22,1995-96,Real Madrid,Tenerife,2,0
1995-10-22,1995-96,Vallecano,Albacete,2,0
1995-10-22,1995-96,Zaragoza,Sociedad,1,2
1995-10-28,1995-96,Albacete,Real Madrid,1,1
1995-10-28,1995-96,Compostela,Barcelona,2,1
1995-10-28,1995-96,Sevilla,La Coruna,0,0
1995-10-29,1995-96,Ath Madrid,Merida,1,1
1995-10-29,1995-96,Espanol,Celta,2,2
1995-10-29,1995-96,Salamanca,Betis,2,1
1995-10-29,1995-96,Santander,Zaragoza,0,0
1995-10-29,1995-96,Sociedad,Vallecano,2,1
1995-10-29,1995-96,Sp Gijon,Valladolid,4,2
1995-10-29,1995-96,Tenerife,Oviedo,3,3
1995-10-29,1995-96,Valencia,Ath Bilbao,3,1
1995-11-04,1995-96,Real Madrid,Sociedad,3,2
1995-11-05,1995-96,Ath Bilbao,Celta,3,0
1995-11-05,1995-96,Barcelona,Salamanca,4,1
1995-11-05,1995-96,Betis,Tenerife,3,3
1995-11-05,1995-96,La Coruna,Espanol,0,1
1995-11-05,1995-96,Merida,Sp Gijon,1,0
1995-11-05,1995-96,Oviedo,Albacete,1,0
1995-11-05,1995-96,Valencia,Compostela,5,2
1995-11-05,1995-96,Valladolid,Sevilla,3,3
1995-11-05,1995-96,Vallecano,Santander,1,2
1995-11-05,1995-96,Zaragoza,Ath Madrid,0,1
1995-11-11,1995-96,Celta,La Coruna,0,0
1995-11-12,1995-96,Albacete,Betis,0,0
1995-11-12,1995-96,Ath Madrid,Vallecano,0,0
1995-11-12,1995-96,Compostela,Ath Bilbao,2,1
1995-11-12,1995-96,Espanol,Valladolid,2,0
1995-11-12,1995-96,Salamanca,Valencia,4,0
1995-11-12,1995-96,Santander,Real Madrid,2,0
1995-11-12,1995-96,Sevilla,Merida,3,0
1995-11-12,1995-96,Sociedad,Oviedo,1,1
1995-11-12,1995-96,Sp Gijon,Zaragoza,4,1
1995-11-12,1995-96,Tenerife,Barcelona,1,1
1995-11-18,1995-96,Barcelona,Albacete,3,0
1995-11-18,1995-96,Betis,Sociedad,3,1
1995-11-18,1995-96,Real Madrid,Ath Madrid,1,0
1995-11-18,1995-96,Zaragoza,Sevilla,0,1
1995-11-19,1995-96,Ath Bilbao,La Coruna,1,0
1995-11-19,1995-96,Compostela,Salamanca,0,0
1995-11-19,1995-96,Merida,Espanol,0,1
1995-11-19,1995-96,Oviedo,Santander,2,1
1995-11-19,1995-96,Valencia,Tenerife,2,2
1995-11-19,1995-96,Valladolid,Celta,1,1
1995-11-19,1995-96,Vallecano,Sp Gijon,2,0
1995-11-25,1995-96,Sociedad,Barcelona,1,1
1995-11-26,1995-96,Albacete,Valencia,1,3
1995-11-26,1995-96,Ath Madrid,Oviedo,3,0
1995-11-26,1995-96,Celta,Merida,2,0
1995-11-26,1995-96,Espanol,Zaragoza,1,1
1995-11-26,1995-96,La Coruna,Valladolid,3,1
1995-11-26,1995-96,Salamanca,Ath Bilbao,2,1
1995-11-26,1995-96,Santander,Betis,0,0
1995-11-26,1995-96,Sevilla,Vallecano,1,0
1995-11-26,1995-96,Sp Gijon,Real Madrid,0,0
1995-11-26,1995-96,Tenerife,Compostela,1,1
1995-12-02,1995-96,Barcelona,Santander,1,1
1995-12-02,1995-96,Real Madrid,Sevilla,4,1
1995-12-02,1995-96,Vallecano,Espanol,1,0
1995-12-03,1995-96,Ath Bilbao,Valladolid,2,1
1995-12-03,1995-96,Betis,Ath Madrid,2,1
1995-12-03,1995-96,Compostela,Albacete,3,1
1995-12-03,1995-96,Merida,La Coruna,0,2
1995-12-03,1995-96,Oviedo,Sp Gijon,1,0
1995-12-03,1995-96,Salamanca,Tenerife,1,2
1995-12-03,1995-96,Valencia,Sociedad,0,1
1995-12-03,1995-96,Zaragoza,Celta,0,0
1995-12-09,1995-96,Ath Madrid,Barcelona,3,1
1995-12-09,1995-96,Santander,Valencia,0,3
1995-12-10,1995-96,Albacete,Salamanca,3,3
1995-12-10,1995-96,Celta,Vallecano,2,0
1995-12-10,1995-96,Espanol,Real Madrid,3,1
1995-12-10,1995-96,La Coruna,Zaragoza,2,3
1995-12-10,1995-96,Sevilla,Oviedo,1,1
1995-12-10,1995-96,Sociedad,Compostela,0,1
1995-12-10,1995-96,Sp Gijon,Betis,2,3
1995-12-10,1995-96,Tenerife,Ath Bilbao,3,2
1995-12-10,1995-96,Valladolid,Merida,1,1
1995-12-16,1995-96,Barcelona,Sp Gijon,1,0
1995-12-16,1995-96,Betis,Sevilla,1,1
1995-12-17,1995-96,Ath Bilbao,Merida,1,1
1995-12-17,1995-96,Compostela,Santander,2,0
1995-12-17,1995-96,Oviedo,Espanol,1,2
1995-12-17,1995-96,Real Madrid,Celta,1,0
1995-12-17,1995-96,Salamanca,Sociedad,3,3
1995-12-17,1995-96,Tenerife,Albacete,1,3
1995-12-17,1995-96,Valencia,Ath Madrid,0,1
1995-12-17,1995-96,Vallecano,La Coruna,0,6
1995-12-17,1995-96,Zaragoza,Valladolid,5,3
1995-12-20,1995-96,Albacete,Ath Bilbao,2,0
1995-12-20,1995-96,Ath Madrid,Compostela,3,0
1995-12-20,1995-96,Celta,Oviedo,1,0
1995-12-20,1995-96,Espanol,Betis,1,1
1995-12-20,1995-96,Merida,Zaragoza,1,1
1995-12-20,1995-96,Santander,Salamanca,2,1
1995-12-20,1995-96,Sevilla,Barcelona,1,0
1995-12-20,1995-96,Sociedad,Tenerife,0,1
1995-12-20,1995-96,Sp Gijon,Valencia,1,3
1995-12-20,1995-96,Valladolid,Vallecano,1,1
1995-12-21,1995-96,La Coruna,Real Madrid,3,0
1996-01-03,1995-96,Albacete,Sociedad,3,5
1996-01-03,1995-96,Ath Bilbao,Zaragoza,1,0
1996-01-03,1995-96,Betis,Celta,0,3
1996-01-03,1995-96,Compostela,Sp Gijon,1,0
1996-01-03,1995-96,Oviedo,La Coruna,0,2
1996-01-03,1995-96,Real Madrid,Valladolid,4,1
1996-01-03,1995-96,Salamanca,Ath Madrid,1,3
1996-01-03,1995-96,Tenerife,Santander,2,0
1996-01-03,1995-96,Valencia,Sevilla,1,0
1996-01-03,1995-96,Vallecano,Merida,4,1
1996-01-04,1995-96,Barcelona,Espanol,2,1
1996-01-06,1995-96,Ath Bilbao,Sociedad,0,0
1996-01-06,1995-96,Ath Madrid,Tenerife,3,1
1996-01-07,1995-96,Celta,Barcelona,1,0
1996-01-07,1995-96,Espanol,Valencia,2,0
1996-01-07,1995-96,La Coruna,Betis,0,0
1996-01-07,1995-96,Merida,Real Madrid,2,2
1996-01-07,1995-96,Santander,Albacete,5,5
1996-01-07,1995-96,Sevilla,Compostela,0,1
1996-01-07,1995-96,Sp Gijon,Salamanca,3,2
1996-01-07,1995-96,Valladolid,Oviedo,2,2
1996-01-07,1995-96,Zaragoza,Vallecano,1,1
1996-01-13,1995-96,Albacete,Ath Madrid,1,1
1996-01-13,1995-96,Betis,Valladolid,3,0
1996-01-14,1995-96,Barcelona,La Coruna,1,1
1996-01-14,1995-96,Compostela,Espanol,2,1
1996-01-14,1995-96,Oviedo,Merida,0,0
1996-01-14,1995-96,Real Madrid,Zaragoza,2,2
1996-01-14,1995-96,Salamanca,Sevilla,4,1
1996-01-14,1995-96,Sociedad,Santander,2,1
1996-01-14,1995-96,Tenerife,Sp Gijon,3,0
1996-01-14,1995-96,Valencia,Celta,3,0
1996-01-14,1995-96,Vallecano,Ath Bilbao,2,2
1996-01-20,1995-96,Valencia,La Coruna,2,1
1996-01-21,1995-96,Albacete,Sp Gijon,1,3
1996-01-21,1995-96,Barcelona,Valladolid,1,0
1996-01-21,1995-96,Betis,Merida,0,1
1996-01-21,1995-96,Compostela,Celta,1,1
1996-01-21,1995-96,Oviedo,Zaragoza,1,1
1996-01-21,1995-96,Real Madrid,Vallecano,1,2
1996-01-21,1995-96,Salamanca,Espanol,2,2
1996-01-21,1995-96,Santander,Ath Bilbao,1,1
1996-01-21,1995-96,Sociedad,Ath Madrid,1,0
1996-01-21,1995-96,Tenerife,Sevilla,4,2
1996-01-24,1995-96,Ath Bilbao,Real Madrid,0,5
1996-01-24,1995-96,Ath Madrid,Santander,2,0
1996-01-24,1995-96,Celta,Salamanca,2,1
1996-01-24,1995-96,Espanol,Tenerife,2,1
1996-01-24,1995-96,La Coruna,Compostela,2,0
1996-01-24,1995-96,Sevilla,Albacete,1,1
1996-01-24,1995-96,Sp Gijon,Sociedad,1,1
1996-01-24,1995-96,Valladolid,Valencia,2,5
1996-01-24,1995-96,Vallecano,Oviedo,1,2
1996-01-24,1995-96,Zaragoza,Betis,1,2
1996-01-25,1995-96,Merida,Barcelona,0,0
1996-01-27,1995-96,Salamanca,La Coruna,0,5
1996-01-28,1995-96,Albacete,Espanol,0,0
1996-01-28,1995-96,Ath Madrid,Ath Bilbao,4,1
1996-01-28,1995-96,Barcelona,Zaragoza,3,1
1996-01-28,1995-96,Betis,Vallecano,0,0
1996-01-28,1995-96,Compostela,Valladolid,1,3
1996-01-28,1995-96,Oviedo,Real Madrid,1,2
1996-01-28,1995-96,Santander,Sp Gijon,1,1
1996-01-28,1995-96,Sociedad,Sevilla,1,0
1996-01-28,1995-96,Tenerife,Celta,1,0
1996-01-28,1995-96,Valencia,Merida,4,1
1996-02-03,1995-96,Sp Gijon,Ath Madrid,1,2
1996-02-03,1995-96,Zaragoza,Valencia,4,1
1996-02-04,1995-96,Ath Bilbao,Oviedo,0,1
1996-02-04,1995-96,Celta,Albacete,2,2
1996-02-04,1995-96,Espanol,Sociedad,0,0
1996-02-04,1995-96,La Coruna,Tenerife,1,1
1996-02-04,1995-96,Merida,Compostela,0,2
1996-02-04,1995-96,Real Madrid,Betis,4,2
1996-02-04,1995-96,Sevilla,Santander,0,1
1996-02-04,1995-96,Valladolid,Salamanca,1,0
1996-02-04,1995-96,Vallecano,Barcelona,1,1
1996-02-10,1995-96,Ath Madrid,Sevilla,0,1
1996-02-10,1995-96,Barcelona,Real Madrid,3,0
1996-02-10,1995-96,Valencia,Vallecano,3,0
1996-02-11,1995-96,Albacete,La Coruna,1,0
1996-02-11,1995-96,Betis,Oviedo,2,1
1996-02-11,1995-96,Compostela,Zaragoza,3,2
1996-02-11,1995-96,Salamanca,Merida,2,2
1996-02-11,1995-96,Santander,Espanol,1,1
1996-02-11,1995-96,Sociedad,Celta,3,1
1996-02-11,1995-96,Sp Gijon,Ath Bilbao,1,2
1996-02-11,1995-96,Tenerife,Valladolid,1,0
1996-02-17,1995-96,Real Madrid,Valencia,0,0
1996-02-17,1995-96,Zaragoza,Salamanca,1,1
1996-02-18,1995-96,Ath Bilbao,Betis,0,1
1996-02-18,1995-96,Celta,Santander,0,0
1996-02-18,1995-96,Espanol,Ath Madrid,0,2
1996-02-18,1995-96,La Coruna,Sociedad,1,1
1996-02-18,1995-96,Merida,Tenerife,2,0
1996-02-18,1995-96,Oviedo,Barcelona,1,2
1996-02-18,1995-96,Sevilla,Sp Gijon,2,0
1996-02-18,1995-96,Valladolid,Albacete,3,0
1996-02-18,1995-96,Vallecano,Compostela,0,1
1996-02-24,1995-96,Santander,La Coruna,2,1
1996-02-25,1995-96,Albacete,Merida,2,0
1996-02-25,1995-96,Ath Madrid,Celta,3,2
1996-02-25,1995-96,Barcelona,Betis,1,0
1996-02-25,1995-96,Compostela,Real Madrid,3,3
1996-02-25,1995-96,Salamanca,Vallecano,1,2
1996-02-25,1995-96,Sevilla,Ath Bilbao,1,1
1996-02-25,1995-96,Sociedad,Valladolid,1,0
1996-02-25,1995-96,Sp Gijon,Espanol,2,3
1996-02-25,1995-96,Tenerife,Zaragoza,1,2
1996-02-25,1995-96,Valencia,Oviedo,3,1
1996-03-02,1995-96,Ath Bilbao,Barcelona,0,0
1996-03-02,1995-96,Espanol,Sevilla,0,1
1996-03-02,1995-96,Merida,Sociedad,1,2
1996-03-02,1995-96,Real Madrid,Salamanca,5,0
1996-03-02,1995-96,Valladolid,Santander,3,1
1996-03-03,1995-96,Betis,Valencia,3,0
1996-03-03,1995-96,Celta,Sp Gijon,0,0
1996-03-03,1995-96,La Coruna,Ath Madrid,2,2
1996-03-03,1995-96,Oviedo,Compostela,3,1
1996-03-03,1995-96,Vallecano,Tenerife,2,4
1996-03-03,1995-96,Zaragoza,Albacete,3,1
1996-03-09,1995-96,Valencia,Barcelona,4,1
1996-03-10,1995-96,Albacete,Vallecano,1,2
1996-03-10,1995-96,Ath Madrid,Valladolid,0,2
1996-03-10,1995-96,Compostela,Betis,1,2
1996-03-10,1995-96,Espanol,Ath Bilbao,3,0
1996-03-10,1995-96,Salamanca,Oviedo,0,1
1996-03-10,1995-96,Santander,Merida,2,0
1996-03-10,1995-96,Sevilla,Celta,0,0
1996-03-10,1995-96,Sociedad,Zaragoza,3,1
1996-03-10,1995-96,Sp Gijon,La Coruna,1,1
1996-03-10,1995-96,Tenerife,Real Madrid,3,0
1996-03-16,1995-96,Barcelona,Compostela,1,0
1996-03-16,1995-96,Real Madrid,Albacete,2,0
1996-03-16,1995-96,Zaragoza,Santander,1,2
1996-03-17,1995-96,Ath Bilbao,Valencia,0,1
1996-03-17,1995-96,Betis,Salamanca,4,0
1996-03-17,1995-96,Celta,Espanol,4,2
1996-03-17,1995-96,La Coruna,Sevilla,3,2
1996-03-17,1995-96,Merida,Ath Madrid,0,1
1996-03-17,1995-96,Oviedo,Tenerife,1,3
1996-03-17,1995-96,Valladolid,Sp Gijon,1,0
1996-03-17,1995-96,Vallecano,Sociedad,2,0
1996-03-23,1995-96,Sp Gijon,Merida,3,1
1996-03-23,1995-96,Tenerife,Betis,1,2
1996-03-24,1995-96,Albacete,Oviedo,0,1
1996-03-24,1995-96,Ath Madrid,Zaragoza,1,1
1996-03-24,1995-96,Celta,Ath Bilbao,3,1
1996-03-24,1995-96,Compostela,Valencia,0,4
1996-03-24,1995-96,Espanol,La Coruna,0,0
1996-03-24,1995-96,Salamanca,Barcelona,1,3
1996-03-24,1995-96,Santander,Vallecano,1,2
1996-03-24,1995-96,Sevilla,Valladolid,1,1
1996-03-24,1995-96,Sociedad,Real Madrid,1,1
1996-03-27,1995-96,Ath Bilbao,Compostela,0,0
1996-03-27,1995-96,Barcelona,Tenerife,2,2
1996-03-27,1995-96,Betis,Albacete,2,3
1996-03-27,1995-96,La Coruna,Celta,2,1
1996-03-27,1995-96,Merida,Sevilla,3,2
1996-03-27,1995-96,Real Madrid,Santander,1,2
1996-03-27,1995-96,Valencia,Salamanca,2,0
1996-03-27,1995-96,Valladolid,Espanol,0,0
1996-03-27,1995-96,Vallecano,Ath Madrid,0,3
1996-03-27,1995-96,Zaragoza,Sp Gijon,1,1
1996-03-28,1995-96,Oviedo,Sociedad,0,0
1996-03-31,1995-96,Albacete,Barcelona,0,1
1996-03-31,1995-96,Ath Madrid,Real Madrid,1,2
1996-03-31,1995-96,Celta,Valladolid,1,1
1996-03-31,1995-96,Espanol,Merida,3,0
1996-03-31,1995-96,La Coruna,Ath Bilbao,0,0
1996-03-31,1995-96,Salamanca,Compostela,1,0
1996-03-31,1995-96,Santander,Oviedo,0,0
1996-03-31,1995-96,Sevilla,Zaragoza,1,1
1996-03-31,1995-96,Sociedad,Betis,1,1
1996-03-31,1995-96,Sp Gijon,Vallecano,3,1
1996-03-31,1995-96,Tenerife,Valencia,2,1
1996-04-06,1995-96,Barcelona,Sociedad,1,0
1996-04-06,1995-96,Oviedo,Ath Madrid,1,1
1996-04-06,1995-96,Zaragoza,Espanol,1,1
1996-04-07,1995-96,Ath Bilbao,Salamanca,3,1
1996-04-07,1995-96,Betis,Santander,2,2
1996-04-07,1995-96,Compostela,Tenerife,0,2
1996-04-07,1995-96,Merida,Celta,2,0
1996-04-07,1995-96,Real Madrid,Sp Gijon,0,1
1996-04-07,1995-96,Valencia,Albacete,1,0
1996-04-07,1995-96,Valladolid,La Coruna,2,2
1996-04-07,1995-96,Vallecano,Sevilla,0,0
1996-04-13,1995-96,Santander,Barcelona,1,1
1996-04-13,1995-96,Sevilla,Real Madrid,0,1
1996-04-14,1995-96,Albacete,Compostela,2,1
1996-04-14,1995-96,Ath Madrid,Betis,1,1
1996-04-14,1995-96,Celta,Zaragoza,1,1
1996-04-14,1995-96,Espanol,Vallecano,4,2
1996-04-14,1995-96,La Coruna,Merida,2,1
1996-04-14,1995-96,Sociedad,Valencia,5,2
1996-04-14,1995-96,Sp Gijon,Oviedo,0,1
1996-04-14,1995-96,Tenerife,Salamanca,4,0
1996-04-14,1995-96,Valladolid,Ath Bilbao,1,1
1996-04-20,1995-96,Barcelona,Ath Madrid,1,3
1996-04-20,1995-96,Valencia,Santander,2,1
1996-04-21,1995-96,Ath Bilbao,Tenerife,2,0
1996-04-21,1995-96,Betis,Sp Gijon,2,5
1996-04-21,1995-96,Compostela,Sociedad,2,0
1996-04-21,1995-96,Merida,Valladolid,1,0
1996-04-21,1995-96,Oviedo,Sevilla,2,3
1996-04-21,1995-96,Real Madrid,Espanol,1,2
1996-04-21,1995-96,Salamanca,Albacete,2,4
1996-04-21,1995-96,Vallecano,Celta,1,3
1996-04-21,1995-96,Zaragoza,La Coruna,2,3
1996-04-27,1995-96,Ath Madrid,Valencia,2,3
1996-04-28,1995-96,Albacete,Tenerife,0,0
1996-04-28,1995-96,Celta,Real Madrid,1,1
1996-04-28,1995-96,La Coruna,Vallecano,1,0
1996-04-28,1995-96,Merida,Ath Bilbao,1,0
1996-04-28,1995-96,Santander,Compostela,1,0
1996-04-28,1995-96,Sevilla,Betis,1,0
1996-04-28,1995-96,Sociedad,Salamanca,1,0
1996-04-28,1995-96,Sp Gijon,Barcelona,0,3
1996-04-28,1995-96,Valladolid,Zaragoza,0,0
1996-05-04,1995-96,Compostela,Ath Madrid,1,3
1996-05-04,1995-96,Valencia,Sp Gijon,1,0
1996-05-05,1995-96,Ath Bilbao,Albacete,2,2
1996-05-05,1995-96,Barcelona,Sevilla,1,1
1996-05-05,1995-96,Betis,Espanol,2,3
1996-05-05,1995-96,Oviedo,Celta,1,1
1996-05-05,1995-96,Real Madrid,La Coruna,1,0
1996-05-05,1995-96,Salamanca,Santander,5,0
1996-05-05,1995-96,Tenerife,Sociedad,1,0
1996-05-05,1995-96,Vallecano,Valladolid,0,2
1996-05-05,1995-96,Zaragoza,Merida,3,1
1996-05-08,1995-96,Espanol,Oviedo,5,0
1996-05-12,1995-96,Ath Madrid,Salamanca,2,1
1996-05-12,1995-96,Celta,Betis,2,0
1996-05-12,1995-96,La Coruna,Oviedo,0,4
1996-05-12,1995-96,Merida,Vallecano,0,1
1996-05-12,1995-96,Santander,Tenerife,1,2
1996-05-12,1995-96,Sevilla,Valencia,1,2
1996-05-12,1995-96,Sociedad,Albacete,8,1
1996-05-12,1995-96,Sp Gijon,Compostela,2,1
1996-05-12,1995-96,Valladolid,Real Madrid,0,3
1996-05-12,1995-96,Zaragoza,Ath Bilbao,1,0
1996-05-15,1995-96,Espanol,Barcelona,1,1
1996-05-18,1995-96,Tenerife,Ath Madrid,1,1
1996-05-19,1995-96,Albacete,Santander,2,2
1996-05-19,1995-96,Barcelona,Celta,3,2
1996-05-19,1995-96,Betis,La Coruna,1,0
1996-05-19,1995-96,Compostela,Sevilla,0,0
1996-05-19,1995-96,Oviedo,Valladolid,3,8
1996-05-19,1995-96,Real Madrid,Merida,4,0
1996-05-19,1995-96,Salamanca,Sp Gijon,3,0
1996-05-19,1995-96,Sociedad,Ath Bilbao,2,2
1996-05-19,1995-96,Valencia,Espanol,1,0
1996-05-19,1995-96,Vallecano,Zaragoza,4,3
1996-05-25,1995-96,Ath Bilbao,Vallecano,3,1
1996-05-25,1995-96,Ath Madrid,Albacete,2,0
1996-05-25,1995-96,Celta,Valencia,1,1
1996-05-25,1995-96,Espanol,Compostela,0,0
1996-05-25,1995-96,Santander,Sociedad,2,3
1996-05-25,1995-96,Sevilla,Salamanca,3,1
1996-05-25,1995-96,Sp Gijon,Tenerife,0,2
1996-05-25,1995-96,Valladolid,Betis,3,1
1996-05-25,1995-96,Zaragoza,Real Madrid,0,1
1996-05-26,1995-96,La Coruna,Barcelona,2,2
1996-05-26,1995-96,Merida,Oviedo,3,1
1996-08-31,1996-97,La Coruna,Real Madrid,1,1
1996-09-01,1996-97,Ath Madrid,Celta,2,0
1996-09-01,1996-97,Betis,Ath Bilbao,3,0
1996-09-01,1996-97,Hercules,Extremadura,2,1
1996-09-01,1996-97,Oviedo,Barcelona,2,4
1996-09-01,1996-97,Santander,Valencia,3,2
1996-09-01,1996-97,Sociedad,Sevilla,1,0
1996-09-01,1996-97,Tenerife,Compostela,6,0
1996-09-01,1996-97,Vallecano,Valladolid,1,2
1996-09-01,1996-97,Zaragoza,Logrones,2,2
1996-09-02,1996-97,Espanol,Sp Gijon,2,3
1996-09-07,1996-97,Barcelona,Espanol,2,1
1996-09-07,1996-97,Compostela,Ath Madrid,3,1
1996-09-07,1996-97,Logrones,Tenerife,0,1
1996-09-07,1996-97,Valencia,Sociedad,0,1
1996-09-08,1996-97,Ath Bilbao,Vallecano,3,2
1996-09-08,1996-97,Celta,La Coruna,1,1
1996-09-08,1996-97,Real Madrid,Hercules,3,0
1996-09-08,1996-97,Sevilla,Zaragoza,1,2
1996-09-08,1996-97,Sp Gijon,Santander,0,1
1996-09-08,1996-97,Valladolid,Oviedo,0,1
1996-09-09,1996-97,Extremadura,Betis,0,3
1996-09-14,1996-97,Zaragoza,Valencia,1,1
1996-09-15,1996-97,Ath Madrid,La Coruna,0,2
1996-09-15,1996-97,Compostela,Logrones,1,2
1996-09-15,1996-97,Espanol,Valladolid,1,0
1996-09-15,1996-97,Hercules,Celta,0,2
1996-09-15,1996-97,Oviedo,Ath Bilbao,2,0
1996-09-15,1996-97,Santander,Barcelona,1,1
1996-09-15,1996-97,Sociedad,Sp Gijon,1,1
1996-09-15,1996-97,Tenerife,Sevilla,0,2
1996-09-15,1996-97,Vallecano,Extremadura,3,0
1996-09-16,1996-97,Betis,Real Madrid,1,1
1996-09-21,1996-97,Ath Bilbao,Espanol,2,2
1996-09-21,1996-97,Logrones,Ath Madrid,0,3
1996-09-21,1996-97,Valencia,Tenerife,2,1
1996-09-21,1996-97,Valladolid,Santander,3,0
1996-09-22,1996-97,Barcelona,Sociedad,3,2
1996-09-22,1996-97,Celta,Betis,0,2
1996-09-22,1996-97,Extremadura,Oviedo,0,2
1996-09-22,1996-97,La Coruna,Hercules,4,0
1996-09-22,1996-97,Real Madrid,Vallecano,1,0
1996-09-22,1996-97,Sp Gijon,Zaragoza,2,0
1996-09-23,1996-97,Sevilla,Compostela,0,1
1996-09-28,1996-97,Betis,La Coruna,1,2
1996-09-28,1996-97,Espanol,Extremadura,5,1
1996-09-28,1996-97,Santander,Ath Bilbao,1,2
1996-09-28,1996-97,Sociedad,Valladolid,0,0
1996-09-29,1996-97,Compostela,Valencia,0,3
1996-09-29,1996-97,Logrones,Sevilla,2,0
1996-09-29,1996-97,Oviedo,Real Madrid,2,3
1996-09-29,1996-97,Tenerife,Sp Gijon,6,0
1996-09-29,1996-97,Vallecano,Celta,3,0
1996-09-29,1996-97,Zaragoza,Barcelona,3,5
1996-09-30,1996-97,Ath Madrid,Hercules,3,0
1996-10-01,1996-97,Real Madrid,Espanol,2,0
1996-10-02,1996-97,Ath Bilbao,Sociedad,1,3
1996-10-02,1996-97,Barcelona,Tenerife,1,1
1996-10-02,1996-97,Celta,Oviedo,3,1
1996-10-02,1996-97,Extremadura,Santander,1,2
1996-10-02,1996-97,Hercules,Betis,0,1
1996-10-02,1996-97,La Coruna,Vallecano,1,1
1996-10-02,1996-97,Sp Gijon,Compostela,1,1
1996-10-02,1996-97,Valencia,Logrones,0,1
1996-10-02,1996-97,Valladolid,Zaragoza,1,1
1996-10-03,1996-97,Sevilla,Ath Madrid,0,0
1996-10-12,1996-97,Ath Madrid,Betis,2,2
1996-10-12,1996-97,Compostela,Barcelona,1,5
1996-10-12,1996-97,Espanol,Celta,0,0
1996-10-12,1996-97,Sevilla,Valencia,0,2
1996-10-12,1996-97,Tenerife,Valladolid,1,3
1996-10-12,1996-97,Zaragoza,Ath Bilbao,1,1
1996-10-13,1996-97,Logrones,Sp Gijon,0,2
1996-10-13,1996-97,Oviedo,La Coruna,0,1
1996-10-13,1996-97,Santander,Real Madrid,2,2
1996-10-13,1996-97,Sociedad,Extremadura,3,0
1996-10-13,1996-97,Vallecano,Hercules,2,1
1996-10-19,1996-97,Ath Bilbao,Tenerife,2,0
1996-10-19,1996-97,Extremadura,Zaragoza,2,1
1996-10-19,1996-97,Hercules,Oviedo,1,1
1996-10-19,1996-97,La Coruna,Espanol,2,0
1996-10-19,1996-97,Real Madrid,Sociedad,6,1
1996-10-19,1996-97,Valladolid,Compostela,3,1
1996-10-20,1996-97,Barcelona,Logrones,8,0
1996-10-20,1996-97,Betis,Vallecano,3,0
1996-10-20,1996-97,Celta,Santander,1,1
1996-10-20,1996-97,Valencia,Ath Madrid,3,1
1996-10-21,1996-97,Sp Gijon,Sevilla,1,1
1996-10-22,1996-97,Zaragoza,Real Madrid,1,2
1996-10-23,1996-97,Ath Madrid,Vallecano,1,3
1996-10-23,1996-97,Compostela,Ath Bilbao,1,1
1996-10-23,1996-97,Espanol,Hercules,2,1
1996-10-23,1996-97,Logrones,Valladolid,0,1
1996-10-23,1996-97,Oviedo,Betis,1,1
1996-10-23,1996-97,Santander,La Coruna,1,1
1996-10-23,1996-97,Sevilla,Barcelona,0,1
1996-10-23,1996-97,Sociedad,Celta,1,2
1996-10-23,1996-97,Tenerife,Extremadura,2,1
1996-10-23,1996-97,Valencia,Sp Gijon,2,1
1996-10-26,1996-97,Barcelona,Valencia,3,2
1996-10-26,1996-97,Betis,Espanol,1,2
1996-10-26,1996-97,Real Madrid,Tenerife,0,0
1996-10-26,1996-97,Sp Gijon,Ath Madrid,0,1
1996-10-27,1996-97,Ath Bilbao,Logrones,6,0
1996-10-27,1996-97,Celta,Zaragoza,0,0
1996-10-27,1996-97,Extremadura,Compostela,1,1
1996-10-27,1996-97,Hercules,Santander,0,1
1996-10-27,1996-97,La Coruna,Sociedad,1,0
1996-10-27,1996-97,Vallecano,Oviedo,2,2
1996-10-28,1996-97,Valladolid,Sevilla,0,1
1996-11-02,1996-97,Santander,Betis,1,1
1996-11-03,1996-97,Ath Madrid,Oviedo,3,0
1996-11-03,1996-97,Compostela,Real Madrid,1,2
1996-11-03,1996-97,Espanol,Vallecano,0,0
1996-11-03,1996-97,Logrones,Extremadura,0,0
1996-11-03,1996-97,Sevilla,Ath Bilbao,4,2
1996-11-03,1996-97,Sociedad,Hercules,2,1
1996-11-03,1996-97,Tenerife,Celta,0,0
1996-11-03,1996-97,Valencia,Valladolid,2,4
1996-11-03,1996-97,Zaragoza,La Coruna,1,2
1996-11-04,1996-97,Sp Gijon,Barcelona,0,0
1996-11-09,1996-97,Barcelona,Ath Madrid,3,3
1996-11-10,1996-97,Ath Bilbao,Valencia,2,0
1996-11-10,1996-97,Betis,Sociedad,2,1
1996-11-10,1996-97,Celta,Compostela,1,2
1996-11-10,1996-97,Extremadura,Sevilla,0,1
1996-11-10,1996-97,Hercules,Zaragoza,1,1
1996-11-10,1996-97,La Coruna,Tenerife,0,0
1996-11-10,1996-97,Oviedo,Espanol,3,1
1996-11-10,1996-97,Real Madrid,Logrones,0,0
1996-11-10,1996-97,Vallecano,Santander,0,0
1996-11-11,1996-97,Valladolid,Sp Gijon,1,0
1996-11-16,1996-97,Ath Madrid,Espanol,2,1
1996-11-16,1996-97,Compostela,La Coruna,0,0
1996-11-16,1996-97,Tenerife,Hercules,3,1
1996-11-16,1996-97,Valencia,Extremadura,0,0
1996-11-17,1996-97,Logrones,Celta,0,3
1996-11-17,1996-97,Santander,Oviedo,1,0
1996-11-17,1996-97,Sevilla,Real Madrid,1,3
1996-11-17,1996-97,Sociedad,Vallecano,3,1
1996-11-17,1996-97,Sp Gijon,Ath Bilbao,2,4
1996-11-17,1996-97,Zaragoza,Betis,2,2
1996-11-18,1996-97,Barcelona,Valladolid,6,1
1996-11-23,1996-97,Ath Bilbao,Barcelona,2,1
1996-11-23,1996-97,Extremadura,Sp Gijon,1,2
1996-11-24,1996-97,Betis,Tenerife,3,1
1996-11-24,1996-97,Celta,Sevilla,4,2
1996-11-24,1996-97,Espanol,Santander,0,0
1996-11-24,1996-97,Hercules,Compostela,1,0
1996-11-24,1996-97,La Coruna,Logrones,4,1
1996-11-24,1996-97,Oviedo,Sociedad,0,0
1996-11-24,1996-97,Real Madrid,Valencia,4,2
1996-11-24,1996-97,Vallecano,Zaragoza,1,1
1996-11-25,1996-97,Valladolid,Ath Madrid,0,3
1996-11-30,1996-97,Ath Madrid,Santander,1,0
1996-11-30,1996-97,Sp Gijon,Real Madrid,0,1
1996-11-30,1996-97,Tenerife,Vallecano,1,2
1996-11-30,1996-97,Valencia,Celta,2,0
1996-12-01,1996-97,Compostela,Betis,0,2
1996-12-01,1996-97,Logrones,Hercules,3,2
1996-12-01,1996-97,Sevilla,La Coruna,0,1
1996-12-01,1996-97,Sociedad,Espanol,1,0
1996-12-01,1996-97,Valladolid,Ath Bilbao,0,0
1996-12-01,1996-97,Zaragoza,Oviedo,1,0
1996-12-02,1996-97,Barcelona,Extremadura,3,0
1996-12-07,1996-97,Real Madrid,Barcelona,2,0
1996-12-08,1996-97,Ath Bilbao,Ath Madrid,1,1
1996-12-08,1996-97,Betis,Logrones,5,1
1996-12-08,1996-97,Celta,Sp Gijon,2,1
1996-12-08,1996-97,Espanol,Zaragoza,3,0
1996-12-08,1996-97,Extremadura,Valladolid,1,1
1996-12-08,1996-97,La Coruna,Valencia,1,0
1996-12-08,1996-97,Oviedo,Tenerife,1,3
1996-12-08,1996-97,Santander,Sociedad,1,2
1996-12-08,1996-97,Vallecano,Compostela,0,1
1996-12-09,1996-97,Hercules,Sevilla,3,0
1996-12-21,1996-97,Valladolid,Real Madrid,1,1
1996-12-22,1996-97,Ath Bilbao,Extremadura,0,0
1996-12-22,1996-97,Ath Madrid,Sociedad,2,2
1996-12-22,1996-97,Barcelona,Celta,1,0
1996-12-22,1996-97,Compostela,Oviedo,0,2
1996-12-22,1996-97,Logrones,Vallecano,0,2
1996-12-22,1996-97,Sevilla,Betis,0,3
1996-12-22,1996-97,Sp Gijon,La Coruna,1,1
1996-12-22,1996-97,Tenerife,Espanol,5,1
1996-12-22,1996-97,Zaragoza,Santander,0,2
1996-12-23,1996-97,Valencia,Hercules,3,0
1997-01-04,1996-97,Celta,Valladolid,0,2
1997-01-04,1996-97,La Coruna,Barcelona,0,1
1997-01-05,1996-97,Espanol,Compostela,0,2
1997-01-05,1996-97,Extremadura,Ath Madrid,2,4
1997-01-05,1996-97,Hercules,Sp Gijon,1,1
1997-01-05,1996-97,Oviedo,Logrones,2,1
1997-01-05,1996-97,Real Madrid,Ath Bilbao,1,0
1997-01-05,1996-97,Santander,Tenerife,1,2
1997-01-05,1996-97,Sociedad,Zaragoza,1,0
1997-01-06,1996-97,Betis,Valencia,1,1
1997-01-11,1996-97,Tenerife,Sociedad,0,1
1997-01-12,1996-97,Ath Bilbao,Celta,2,2
1997-01-12,1996-97,Ath Madrid,Zaragoza,5,1
1997-01-12,1996-97,Compostela,Santander,1,1
1997-01-12,1996-97,Extremadura,Real Madrid,0,0
1997-01-12,1996-97,Logrones,Espanol,1,0
1997-01-12,1996-97,Sevilla,Oviedo,2,1
1997-01-12,1996-97,Valencia,Vallecano,1,0
1997-01-12,1996-97,Valladolid,La Coruna,1,1
1997-01-13,1996-97,Barcelona,Hercules,2,3
1997-01-18,1996-97,Ath Madrid,Real Madrid,1,4
1997-01-19,1996-97,Betis,Barcelona,2,4
1997-01-19,1996-97,Celta,Extremadura,0,1
1997-01-19,1996-97,Hercules,Valladolid,1,0
1997-01-19,1996-97,La Coruna,Ath Bilbao,2,2
1997-01-19,1996-97,Oviedo,Valencia,3,0
1997-01-19,1996-97,Santander,Logrones,2,1
1997-01-19,1996-97,Sociedad,Compostela,4,1
1997-01-19,1996-97,Vallecano,Sp Gijon,0,1
1997-01-19,1996-97,Zaragoza,Tenerife,1,1
1997-01-20,1996-97,Espanol,Sevilla,1,0
1997-01-25,1996-97,Extremadura,La Coruna,1,0
1997-01-25,1996-97,Valencia,Espanol,1,1
1997-01-26,1996-97,Ath Bilbao,Hercules,5,0
1997-01-26,1996-97,Barcelona,Vallecano,6,0
1997-01-26,1996-97,Compostela,Zaragoza,2,1
1997-01-26,1996-97,Logrones,Sociedad,1,0
1997-01-26,1996-97,Real Madrid,Celta,4,0
1997-01-26,1996-97,Sevilla,Santander,0,0
1997-01-26,1996-97,Sp Gijon,Oviedo,0,0
1997-01-27,1996-97,Valladolid,Betis,1,3
1997-02-01,1996-97,Celta,Ath Madrid,1,1
1997-02-02,1996-97,Ath Bilbao,Betis,0,3
1997-02-02,1996-97,Barcelona,Oviedo,2,2
1997-02-02,1996-97,Compostela,Tenerife,1,1
1997-02-02,1996-97,Logrones,Zaragoza,1,2
1997-02-02,1996-97,Real Madrid,La Coruna,3,2
1997-02-02,1996-97,Sevilla,Sociedad,2,3
1997-02-02,1996-97,Sp Gijon,Espanol,4,3
1997-02-02,1996-97,Valencia,Santander,1,1
1997-02-02,1996-97,Valladolid,Vallecano,4,0
1997-02-03,1996-97,Extremadura,Hercules,0,0
1997-02-08,1996-97,Sociedad,Valencia,0,1
1997-02-09,1996-97,Ath Madrid,Compostela,4,1
1997-02-09,1996-97,Betis,Extremadura,3,1
1997-02-09,1996-97,Espanol,Barcelona,2,0
1997-02-09,1996-97,Hercules,Real Madrid,2,3
1997-02-09,1996-97,La Coruna,Celta,2,2
1997-02-09,1996-97,Oviedo,Valladolid,1,1
1997-02-09,1996-97,Santander,Sp Gijon,2,0
1997-02-09,1996-97,Tenerife,Logrones,2,0
1997-02-09,1996-97,Vallecano,Ath Bilbao,1,1
1997-02-09,1996-97,Zaragoza,Sevilla,2,1
1997-02-15,1996-97,Real Madrid,Betis,2,2
1997-02-15,1996-97,Sevilla,Tenerife,2,1
1997-02-15,1996-97,Valencia,Zaragoza,1,1
1997-02-16,1996-97,Ath Bilbao,Oviedo,3,2
1997-02-16,1996-97,Barcelona,Santander,1,0
1997-02-16,1996-97,Celta,Hercules,3,0
1997-02-16,1996-97,Extremadura,Vallecano,1,0
1997-02-16,1996-97,La Coruna,Ath Madrid,0,0
1997-02-16,1996-97,Logrones,Compostela,1,1
1997-02-16,1996-97,Sp Gijon,Sociedad,0,0
1997-02-16,1996-97,Valladolid,Espanol,2,1
1997-02-18,1996-97,Compostela,Sevilla,2,0
1997-02-19,1996-97,Ath Madrid,Logrones,2,0
1997-02-19,1996-97,Betis,Celta,1,1
1997-02-19,1996-97,Espanol,Ath Bilbao,0,2
1997-02-19,1996-97,Hercules,La Coruna,1,3
1997-02-19,1996-97,Oviedo,Extremadura,0,0
1997-02-19,1996-97,Santander,Valladolid,2,0
1997-02-19,1996-97,Tenerife,Valencia,2,1
1997-02-19,1996-97,Vallecano,Real Madrid,1,0
1997-02-19,1996-97,Zaragoza,Sp Gijon,5,0
1997-02-20,1996-97,Sociedad,Barcelona,2,0
1997-02-22,1996-97,Hercules,Ath Madrid,0,2
1997-02-23,1996-97,Ath Bilbao,Santander,2,2
1997-02-23,1996-97,Barcelona,Zaragoza,4,1
1997-02-23,1996-97,Celta,Vallecano,2,0
1997-02-23,1996-97,Extremadura,Espanol,3,0
1997-02-23,1996-97,La Coruna,Betis,3,0
1997-02-23,1996-97,Real Madrid,Oviedo,6,1
1997-02-23,1996-97,Sevilla,Logrones,1,4
1997-02-23,1996-97,Sp Gijon,Tenerife,2,1
1997-02-23,1996-97,Valladolid,Sociedad,3,0
1997-02-24,1996-97,Valencia,Compostela,2,1
1997-03-01,1996-97,Ath Madrid,Sevilla,3,2
1997-03-01,1996-97,Logrones,Valencia,2,1
1997-03-01,1996-97,Tenerife,Barcelona,4,0
1997-03-01,1996-97,Vallecano,La Coruna,1,2
1997-03-02,1996-97,Betis,Hercules,2,1
1997-03-02,1996-97,Compostela,Sp Gijon,2,1
1997-03-02,1996-97,Oviedo,Celta,2,1
1997-03-02,1996-97,Santander,Extremadura,2,3
1997-03-02,1996-97,Sociedad,Ath Bilbao,0,0
1997-03-02,1996-97,Zaragoza,Valladolid,1,0
1997-03-03,1996-97,Espanol,Real Madrid,0,2
1997-03-05,1996-97,Vallecano,Sevilla,2,0
1997-03-06,1996-97,Sp Gijon,Betis,2,4
1997-03-08,1996-97,Valencia,Sevilla,4,2
1997-03-09,1996-97,Ath Bilbao,Zaragoza,2,2
1997-03-09,1996-97,Barcelona,Compostela,3,0
1997-03-09,1996-97,Betis,Ath Madrid,3,2
1997-03-09,1996-97,Celta,Espanol,2,2
1997-03-09,1996-97,Extremadura,Sociedad,1,0
1997-03-09,1996-97,Hercules,Vallecano,1,0
1997-03-09,1996-97,La Coruna,Oviedo,3,0
1997-03-09,1996-97,Sp Gijon,Logrones,2,0
1997-03-09,1996-97,Valladolid,Tenerife,0,2
1997-03-10,1996-97,Real Madrid,Santander,2,1
1997-03-14,1996-97,Tenerife,Ath Bilbao,3,3
1997-03-15,1996-97,Ath Madrid,Valencia,1,4
1997-03-15,1996-97,Espanol,La Coruna,0,1
1997-03-16,1996-97,Compostela,Valladolid,1,1
1997-03-16,1996-97,Logrones,Barcelona,0,1
1997-03-16,1996-97,Oviedo,Hercules,2,0
1997-03-16,1996-97,Santander,Celta,1,0
1997-03-16,1996-97,Sevilla,Sp Gijon,2,1
1997-03-16,1996-97,Vallecano,Betis,0,4
1997-03-16,1996-97,Zaragoza,Extremadura,3,1
1997-03-17,1996-97,Sociedad,Real Madrid,1,2
1997-03-22,1996-97,Betis,Oviedo,4,0
1997-03-22,1996-97,Celta,Sociedad,1,1
1997-03-23,1996-97,Ath Bilbao,Compostela,2,2
1997-03-23,1996-97,Barcelona,Sevilla,4,0
1997-03-23,1996-97,Extremadura,Tenerife,2,0
1997-03-23,1996-97,Hercules,Espanol,1,2
1997-03-23,1996-97,La Coruna,Santander,2,1
1997-03-23,1996-97,Real Madrid,Zaragoza,2,0
1997-03-23,1996-97,Valladolid,Logrones,2,1
1997-03-23,1996-97,Vallecano,Ath Madrid,1,2
1997-03-24,1996-97,Sp Gijon,Valencia,2,1
1997-03-29,1996-97,Sociedad,La Coruna,1,1
1997-03-30,1996-97,Compostela,Extremadura,4,0
1997-03-30,1996-97,Espanol,Betis,0,0
1997-03-30,1996-97,Logrones,Ath Bilbao,1,4
1997-03-30,1996-97,Oviedo,Vallecano,0,2
1997-03-30,1996-97,Santander,Hercules,1,2
1997-03-30,1996-97,Sevilla,Valladolid,2,2
1997-03-30,1996-97,Tenerife,Real Madrid,1,1
1997-03-30,1996-97,Valencia,Barcelona,1,1
1997-03-30,1996-97,Zaragoza,Celta,1,1
1997-03-31,1996-97,Ath Madrid,Sp Gijon,2,1
1997-04-05,1996-97,Celta,Tenerife,3,1
1997-04-05,1996-97,Oviedo,Ath Madrid,4,1
1997-04-06,1996-97,Ath Bilbao,Sevilla,0,0
1997-04-06,1996-97,Barcelona,Sp Gijon,4,0
1997-04-06,1996-97,Betis,Santander,2,2
1997-04-06,1996-97,Extremadura,Logrones,3,0
1997-04-06,1996-97,Hercules,Sociedad,2,1
1997-04-06,1996-97,La Coruna,Zaragoza,1,0
1997-04-06,1996-97,Valladolid,Valencia,4,1
1997-04-06,1996-97,Vallecano,Espanol,0,1
1997-04-07,1996-97,Real Madrid,Compostela,0,0
1997-04-12,1996-97,Sevilla,Extremadura,0,0
1997-04-12,1996-97,Tenerife,La Coruna,2,1
1997-04-12,1996-97,Valencia,Ath Bilbao,5,2
1997-04-13,1996-97,Ath Madrid,Barcelona,2,5
1997-04-13,1996-97,Compostela,Celta,2,1
1997-04-13,1996-97,Logrones,Real Madrid,0,2
1997-04-13,1996-97,Santander,Vallecano,1,2
1997-04-13,1996-97,Sociedad,Betis,0,1
1997-04-13,1996-97,Sp Gijon,Valladolid,1,2
1997-04-13,1996-97,Zaragoza,Hercules,2,0
1997-04-14,1996-97,Espanol,Oviedo,2,0
1997-04-15,1996-97,Extremadura,Valencia,1,0
1997-04-16,1996-97,Ath Bilbao,Sp Gijon,4,0
1997-04-16,1996-97,Betis,Zaragoza,2,2
1997-04-16,1996-97,Celta,Logrones,4,0
1997-04-16,1996-97,Hercules,Tenerife,3,1
1997-04-16,1996-97,La Coruna,Compostela,1,0
1997-04-16,1996-97,Real Madrid,Sevilla,4,2
1997-04-16,1996-97,Valladolid,Barcelona,3,1
1997-04-16,1996-97,Vallecano,Sociedad,1,0
1997-04-17,1996-97,Espanol,Ath Madrid,0,0
1997-04-17,1996-97,Oviedo,Santander,1,5
1997-04-19,1996-97,Tenerife,Betis,0,1
1997-04-20,1996-97,Ath Madrid,Valladolid,3,1
1997-04-20,1996-97,Barcelona,Ath Bilbao,2,0
1997-04-20,1996-97,Compostela,Hercules,2,2
1997-04-20,1996-97,Logrones,La Coruna,1,2
1997-04-20,1996-97,Santander,Espanol,1,1
1997-04-20,1996-97,Sevilla,Celta,2,0
1997-04-20,1996-97,Sociedad,Oviedo,1,0
1997-04-20,1996-97,Sp Gijon,Extremadura,1,1
1997-04-20,1996-97,Zaragoza,Vallecano,3,2
1997-04-21,1996-97,Valencia,Real Madrid,1,1
1997-05-03,1996-97,La Coruna,Sevilla,3,0
1997-05-04,1996-97,Ath Bilbao,Valladolid,0,0
1997-05-04,1996-97,Betis,Compostela,0,0
1997-05-04,1996-97,Celta,Valencia,1,1
1997-05-04,1996-97,Espanol,Sociedad,3,0
1997-05-04,1996-97,Hercules,Logrones,1,0
1997-05-04,1996-97,Oviedo,Zaragoza,1,0
1997-05-04,1996-97,Real Madrid,Sp Gijon,3,1
1997-05-04,1996-97,Santander,Ath Madrid,1,1
1997-05-04,1996-97,Vallecano,Tenerife,1,2
1997-05-05,1996-97,Extremadura,Barcelona,1,3
1997-05-10,1996-97,Barcelona,Real Madrid,1,0
1997-05-10,1996-97,Valladolid,Extremadura,4,0
1997-05-11,1996-97,Ath Madrid,Ath Bilbao,2,1
1997-05-11,1996-97,Compostela,Vallecano,2,1
1997-05-11,1996-97,Logrones,Betis,2,1
1997-05-11,1996-97,Sevilla,Hercules,5,0
1997-05-11,1996-97,Sociedad,Santander,2,0
1997-05-11,1996-97,Sp Gijon,Celta,2,1
1997-05-11,1996-97,Tenerife,Oviedo,2,2
1997-05-11,1996-97,Zaragoza,Espanol,1,0
1997-05-12,1996-97,Valencia,La Coruna,1,1
1997-05-15,1996-97,Tenerife,Ath Madrid,2,3
1997-05-17,1996-97,Betis,Sevilla,3,3
1997-05-18,1996-97,Espanol,Tenerife,1,0
1997-05-18,1996-97,Extremadura,Ath Bilbao,1,2
1997-05-18,1996-97,Hercules,Valencia,0,2
1997-05-18,1996-97,La Coruna,Sp Gijon,0,0
1997-05-18,1996-97,Oviedo,Compostela,2,2
1997-05-18,1996-97,Real Madrid,Valladolid,1,0
1997-05-18,1996-97,Santander,Zaragoza,1,2
1997-05-18,1996-97,Sociedad,Ath Madrid,1,1
1997-05-18,1996-97,Vallecano,Logrones,1,0
1997-05-19,1996-97,Celta,Barcelona,1,3
1997-05-24,1996-97,Barcelona,La Coruna,1,0
1997-05-25,1996-97,Ath Bilbao,Real Madrid,1,0
1997-05-25,1996-97,Ath Madrid,Extremadura,1,1
1997-05-25,1996-97,Compostela,Espanol,3,1
1997-05-25,1996-97,Logrones,Oviedo,1,1
1997-05-25,1996-97,Sevilla,Vallecano,2,0
1997-05-25,1996-97,Sp Gijon,Hercules,2,0
1997-05-25,1996-97,Tenerife,Santander,2,2
1997-05-25,1996-97,Valladolid,Celta,0,1
1997-05-25,1996-97,Zaragoza,Sociedad,3,0
1997-05-26,1996-97,Valencia,Betis,1,1
1997-05-31,1996-97,Betis,Sp Gijon,0,1
1997-05-31,1996-97,Vallecano,Valencia,3,1
1997-06-01,1996-97,Celta,Ath Bilbao,0,2
1997-06-01,1996-97,Espanol,Logrones,5,1
1997-06-01,1996-97,Hercules,Barcelona,2,1
1997-06-01,1996-97,La Coruna,Valladolid,0,2
1997-06-01,1996-97,Oviedo,Sevilla,1,0
1997-06-01,1996-97,Real Madrid,Extremadura,5,0
1997-06-01,1996-97,Santander,Compostela,2,2
1997-06-02,1996-97,Sociedad,Tenerife,3,0
1997-06-02,1996-97,Zaragoza,Ath Madrid,2,3
1997-06-14,1996-97,Real Madrid,Ath Madrid,3,1
1997-06-15,1996-97,Barcelona,Betis,3,0
1997-06-15,1996-97,Compostela,Sociedad,1,2
1997-06-15,1996-97,Extremadura,Celta,2,0
1997-06-15,1996-97,Logrones,Santander,1,1
1997-06-15,1996-97,Sevilla,Espanol,3,1
1997-06-15,1996-97,Sp Gijon,Vallecano,3,0
1997-06-15,1996-97,Tenerife,Zaragoza,3,3
1997-06-15,1996-97,Valencia,Oviedo,2,1
1997-06-15,1996-97,Valladolid,Hercules,1,0
1997-06-16,1996-97,Ath Bilbao,La Coruna,1,0
1997-06-21,1996-97,Betis,Valladolid,2,0
1997-06-21,1996-97,Espanol,Valencia,3,2
1997-06-22,1996-97,Celta,Real Madrid,4,0
1997-06-22,1996-97,Hercules,Ath Bilbao,3,2
1997-06-22,1996-97,La Coruna,Extremadura,1,0
1997-06-22,1996-97,Oviedo,Sp Gijon,0,0
1997-06-22,1996-97,Santander,Sevilla,1,4
1997-06-22,1996-97,Sociedad,Logrones,2,1
1997-06-22,1996-97,Vallecano,Barcelona,1,2
1997-06-22,1996-97,Zaragoza,Compostela,1,3
1997-06-23,1996-97,Ath Madrid,Tenerife,0,3
1997-08-30,1997-98,Real Madrid,Ath Madrid,1,1
1997-08-31,1997-98,Ath Bilbao,Espanol,1,3
1997-08-31,1997-98,Barcelona,Sociedad,3,0
1997-08-31,1997-98,Celta,Zaragoza,2,1
1997-08-31,1997-98,Compostela,Sp Gijon,2,0
1997-08-31,1997-98,Mallorca,Valencia,2,1
1997-08-31,1997-98,Oviedo,Merida,2,0
1997-08-31,1997-98,Santander,Salamanca,1,0
1997-08-31,1997-98,Tenerife,La Coruna,0,0
1997-09-01,1997-98,Valladolid,Betis,1,3
1997-09-06,1997-98,Ath Madrid,Valladolid,5,0
1997-09-06,1997-98,Betis,Ath Bilbao,1,1
1997-09-07,1997-98,Espanol,Celta,1,1
1997-09-07,1997-98,La Coruna,Mallorca,1,1
1997-09-07,1997-98,Merida,Compostela,3,3
1997-09-07,1997-98,Salamanca,Real Madrid,0,2
1997-09-07,1997-98,Sociedad,Santander,1,0
1997-09-07,1997-98,Sp Gijon,Tenerife,0,2
1997-09-07,1997-98,Zaragoza,Oviedo,3,3
1997-09-08,1997-98,Valencia,Barcelona,0,3
1997-09-13,1997-98,Ath Bilbao,Ath Madrid,1,0
1997-09-13,1997-98,Barcelona,La Coruna,2,1
1997-09-13,1997-98,Real Madrid,Sociedad,2,0
1997-09-13,1997-98,Valladolid,Salamanca,1,2
1997-09-14,1997-98,Celta,Betis,2,0
1997-09-14,1997-98,Compostela,Tenerife,1,2
1997-09-14,1997-98,Merida,Zaragoza,0,1
1997-09-14,1997-98,Oviedo,Espanol,1,1
1997-09-14,1997-98,Santander,Valencia,2,1
1997-09-15,1997-98,Mallorca,Sp Gijon,6,2
1997-09-28,1997-98,Ath Madrid,Celta,3,3
1997-09-28,1997-98,Betis,Oviedo,1,1
1997-09-28,1997-98,La Coruna,Santander,4,1
1997-09-28,1997-98,Salamanca,Ath Bilbao,0,0
1997-09-28,1997-98,Sociedad,Valladolid,3,0
1997-09-28,1997-98,Sp Gijon,Barcelona,1,4
1997-09-28,1997-98,Tenerife,Mallorca,1,4
1997-09-28,1997-98,Valencia,Real Madrid,0,2
1997-09-28,1997-98,Zaragoza,Compostela,2,2
1997-09-29,1997-98,Espanol,Merida,0,0
1997-10-04,1997-98,Ath Bilbao,Sociedad,1,1
1997-10-04,1997-98,Zaragoza,Espanol,1,1
1997-10-05,1997-98,Barcelona,Tenerife,3,2
1997-10-05,1997-98,Celta,Salamanca,4,1
1997-10-05,1997-98,Compostela,Mallorca,2,2
1997-10-05,1997-98,Oviedo,Ath Madrid,0,2
1997-10-05,1997-98,Real Madrid,La Coruna,0,0
1997-10-05,1997-98,Santander,Sp Gijon,4,1
1997-10-05,1997-98,Valladolid,Valencia,0,3
1997-10-06,1997-98,Merida,Betis,1,3
1997-10-14,1997-98,Mallorca,Barcelona,0,1
1997-10-15,1997-98,Ath Madrid,Merida,4,0
1997-10-15,1997-98,Betis,Zaragoza,3,3
1997-10-15,1997-98,Espanol,Compostela,1,0
1997-10-15,1997-98,La Coruna,Valladolid,1,3
1997-10-15,1997-98,Salamanca,Oviedo,0,2
1997-10-15,1997-98,Sociedad,Celta,2,1
1997-10-15,1997-98,Sp Gijon,Real Madrid,0,2
1997-10-15,1997-98,Tenerife,Santander,2,2
1997-10-15,1997-98,Valencia,Ath Bilbao,1,1
1997-10-18,1997-98,Ath Bilbao,La Coruna,1,1
1997-10-18,1997-98,Compostela,Barcelona,2,2
1997-10-18,1997-98,Real Madrid,Tenerife,3,0
1997-10-18,1997-98,Valladolid,Sp Gijon,1,1
1997-10-18,1997-98,Zaragoza,Ath Madrid,1,5
1997-10-19,1997-98,Celta,Valencia,1,0
1997-10-19,1997-98,Espanol,Betis,5,0
1997-10-19,1997-98,Merida,Salamanca,1,0
1997-10-19,1997-98,Oviedo,Sociedad,0,5
1997-10-19,1997-98,Santander,Mallorca,0,1
1997-10-25,1997-98,La Coruna,Celta,1,1
1997-10-26,1997-98,Ath Madrid,Espanol,0,2
1997-10-26,1997-98,Barcelona,Santander,2,0
1997-10-26,1997-98,Betis,Compostela,1,0
1997-10-26,1997-98,Salamanca,Zaragoza,1,2
1997-10-26,1997-98,Sociedad,Merida,2,1
1997-10-26,1997-98,Sp Gijon,Ath Bilbao,1,2
1997-10-26,1997-98,Tenerife,Valladolid,1,0
1997-10-26,1997-98,Valencia,Oviedo,1,1
1997-10-27,1997-98,Mallorca,Real Madrid,0,0
1997-11-01,1997-98,Ath Bilbao,Tenerife,3,0
1997-11-01,1997-98,Betis,Ath Madrid,2,3
1997-11-01,1997-98,Real Madrid,Barcelona,2,3
1997-11-01,1997-98,Valladolid,Mallorca,0,0
1997-11-02,1997-98,Celta,Sp Gijon,1,0
1997-11-02,1997-98,Compostela,Santander,3,1
1997-11-02,1997-98,Espanol,Salamanca,3,0
1997-11-02,1997-98,Oviedo,La Coruna,1,1
1997-11-02,1997-98,Zaragoza,Sociedad,0,0
1997-11-03,1997-98,Merida,Valencia,1,0
1997-11-08,1997-98,Santander,Real Madrid,1,2
1997-11-09,1997-98,Ath Madrid,Compostela,3,1
1997-11-09,1997-98,Barcelona,Valladolid,1,2
1997-11-09,1997-98,La Coruna,Merida,0,1
1997-11-09,1997-98,Mallorca,Ath Bilbao,4,0
1997-11-09,1997-98,Salamanca,Betis,0,0
1997-11-09,1997-98,Sociedad,Espanol,2,0
1997-11-09,1997-98,Sp Gijon,Oviedo,1,2
1997-11-09,1997-98,Tenerife,Celta,1,3
1997-11-09,1997-98,Valencia,Zaragoza,2,1
1997-11-11,1997-98,Ath Madrid,Salamanca,1,1
1997-11-12,1997-98,Betis,Sociedad,0,0
1997-11-12,1997-98,Celta,Mallorca,1,0
1997-11-12,1997-98,Compostela,Real Madrid,2,3
1997-11-12,1997-98,Espanol,Valencia,3,0
1997-11-12,1997-98,Merida,Sp Gijon,1,0
1997-11-12,1997-98,Oviedo,Tenerife,1,0
1997-11-12,1997-98,Valladolid,Santander,0,0
1997-11-12,1997-98,Zaragoza,La Coruna,1,2
1997-11-13,1997-98,Ath Bilbao,Barcelona,3,0
1997-11-15,1997-98,Sociedad,Ath Madrid,0,0
1997-11-16,1997-98,Barcelona,Celta,3,2
1997-11-16,1997-98,La Coruna,Espanol,1,1
1997-11-16,1997-98,Mallorca,Oviedo,1,1
1997-11-16,1997-98,Salamanca,Compostela,0,1
1997-11-16,1997-98,Santander,Ath Bilbao,0,0
1997-11-16,1997-98,Sp Gijon,Zaragoza,2,3
1997-11-16,1997-98,Tenerife,Merida,1,1
1997-11-16,1997-98,Valencia,Betis,1,0
1997-11-17,1997-98,Real Madrid,Valladolid,3,1
1997-11-22,1997-98,Ath Bilbao,Real Madrid,1,1
1997-11-22,1997-98,Ath Madrid,Valencia,3,1
1997-11-22,1997-98,Oviedo,Barcelona,1,0
1997-11-23,1997-98,Betis,La Coruna,1,0
1997-11-23,1997-98,Celta,Santander,1,2
1997-11-23,1997-98,Compostela,Valladolid,0,0
1997-11-23,1997-98,Merida,Mallorca,0,0
1997-11-23,1997-98,Salamanca,Sociedad,0,0
1997-11-23,1997-98,Zaragoza,Tenerife,1,0
1997-11-24,1997-98,Espanol,Sp Gijon,1,1
1997-11-29,1997-98,Sp Gijon,Betis,2,3
1997-11-30,1997-98,La Coruna,Ath Madrid,2,2
1997-11-30,1997-98,Mallorca,Zaragoza,0,2
1997-11-30,1997-98,Real Madrid,Celta,3,1
1997-11-30,1997-98,Santander,Oviedo,0,0
1997-11-30,1997-98,Sociedad,Compostela,5,1
1997-11-30,1997-98,Tenerife,Espanol,0,0
1997-11-30,1997-98,Valencia,Salamanca,0,1
1997-11-30,1997-98,Valladolid,Ath Bilbao,3,0
1997-12-01,1997-98,Barcelona,Merida,3,1
1997-12-06,1997-98,Ath Madrid,Sp Gijon,2,1
1997-12-06,1997-98,Espanol,Mallorca,1,0
1997-12-06,1997-98,Oviedo,Real Madrid,1,1
1997-12-06,1997-98,Zaragoza,Barcelona,1,2
1997-12-07,1997-98,Betis,Tenerife,3,0
1997-12-07,1997-98,Celta,Valladolid,2,0
1997-12-07,1997-98,Compostela,Ath Bilbao,1,4
1997-12-07,1997-98,Merida,Santander,1,2
1997-12-07,1997-98,Salamanca,La Coruna,4,1
1997-12-07,1997-98,Sociedad,Valencia,1,1
1997-12-13,1997-98,Ath Bilbao,Celta,2,1
1997-12-13,1997-98,Barcelona,Espanol,3,1
1997-12-13,1997-98,Mallorca,Betis,1,2
1997-12-14,1997-98,La Coruna,Sociedad,1,1
1997-12-14,1997-98,Real Madrid,Merida,1,0
1997-12-14,1997-98,Santander,Zaragoza,2,3
1997-12-14,1997-98,Sp Gijon,Salamanca,1,1
1997-12-14,1997-98,Tenerife,Ath Madrid,2,2
1997-12-14,1997-98,Valencia,Compostela,4,1
1997-12-14,1997-98,Valladolid,Oviedo,1,0
1997-12-17,1997-98,Ath Madrid,Mallorca,2,3
1997-12-17,1997-98,Compostela,Celta,0,0
1997-12-17,1997-98,Espanol,Santander,0,0
1997-12-17,1997-98,Merida,Valladolid,0,0
1997-12-17,1997-98,Oviedo,Ath Bilbao,1,2
1997-12-17,1997-98,Salamanca,Tenerife,2,0
1997-12-17,1997-98,Sociedad,Sp Gijon,2,1
1997-12-17,1997-98,Zaragoza,Real Madrid,2,2
1997-12-18,1997-98,Valencia,La Coruna,1,0
1997-12-20,1997-98,Barcelona,Ath Madrid,3,1
1997-12-21,1997-98,Ath Bilbao,Merida,5,1
1997-12-21,1997-98,Celta,Oviedo,3,0
1997-12-21,1997-98,Compostela,La Coruna,0,0
1997-12-21,1997-98,Real Madrid,Espanol,2,1
1997-12-21,1997-98,Santander,Betis,2,0
1997-12-21,1997-98,Sp Gijon,Valencia,0,3
1997-12-21,1997-98,Tenerife,Sociedad,0,0
1997-12-21,1997-98,Valladolid,Zaragoza,4,0
1997-12-22,1997-98,Mallorca,Salamanca,1,0
1998-01-03,1997-98,Betis,Real Madrid,3,2
1998-01-04,1997-98,Ath Madrid,Santander,2,1
1998-01-04,1997-98,Espanol,Valladolid,2,0
1998-01-04,1997-98,La Coruna,Sp Gijon,2,1
1998-01-04,1997-98,Merida,Celta,4,0
1998-01-04,1997-98,Oviedo,Compostela,1,1
1998-01-04,1997-98,Sociedad,Mallorca,1,0
1998-01-04,1997-98,Valencia,Tenerife,1,2
1998-01-04,1997-98,Zaragoza,Ath Bilbao,1,1
1998-01-05,1997-98,Salamanca,Barcelona,4,3
1998-01-10,1997-98,Ath Madrid,Real Madrid,1,1
1998-01-11,1997-98,Espanol,Ath Bilbao,0,1
1998-01-11,1997-98,La Coruna,Tenerife,1,0
1998-01-11,1997-98,Merida,Oviedo,2,1
1998-01-11,1997-98,Salamanca,Santander,0,0
1998-01-11,1997-98,Sociedad,Barcelona,2,2
1998-01-11,1997-98,Sp Gijon,Compostela,0,2
1998-01-11,1997-98,Zaragoza,Celta,1,0
1998-01-12,1997-98,Valencia,Mallorca,0,0
1998-01-17,1997-98,Celta,Espanol,1,0
1998-01-17,1997-98,Oviedo,Zaragoza,3,0
1998-01-17,1997-98,Valladolid,Ath Madrid,2,1
1998-01-18,1997-98,Ath Bilbao,Betis,0,0
1998-01-18,1997-98,Compostela,Merida,3,0
1998-01-18,1997-98,Mallorca,La Coruna,0,0
1998-01-18,1997-98,Real Madrid,Salamanca,1,0
1998-01-18,1997-98,Santander,Sociedad,3,1
1998-01-18,1997-98,Tenerife,Sp Gijon,2,1
1998-01-19,1997-98,Barcelona,Valencia,3,4
1998-01-24,1997-98,Ath Madrid,Ath Bilbao,3,0
1998-01-25,1997-98,Betis,Celta,2,0
1998-01-25,1997-98,Espanol,Oviedo,0,0
1998-01-25,1997-98,La Coruna,Barcelona,3,1
1998-01-25,1997-98,Sociedad,Real Madrid,4,2
1998-01-25,1997-98,Sp Gijon,Mallorca,1,3
1998-01-25,1997-98,Tenerife,Compostela,5,1
1998-01-25,1997-98,Valencia,Santander,6,1
1998-01-25,1997-98,Zaragoza,Merida,1,1
1998-01-26,1997-98,Salamanca,Valladolid,1,0
1998-01-31,1997-98,Ath Bilbao,Salamanca,1,0
1998-01-31,1997-98,Mallorca,Tenerife,5,1
1998-01-31,1997-98,Oviedo,Betis,0,0
1998-02-01,1997-98,Barcelona,Sp Gijon,2,1
1998-02-01,1997-98,Celta,Ath Madrid,1,1
1998-02-01,1997-98,Compostela,Zaragoza,2,0
1998-02-01,1997-98,Merida,Espanol,1,1
1998-02-01,1997-98,Santander,La Coruna,0,1
1998-02-01,1997-98,Valladolid,Sociedad,0,4
1998-02-02,1997-98,Real Madrid,Valencia,1,2
1998-02-08,1997-98,Betis,Merida,2,1
1998-02-08,1997-98,Espanol,Zaragoza,0,1
1998-02-08,1997-98,La Coruna,Real Madrid,2,2
1998-02-08,1997-98,Mallorca,Compostela,2,1
1998-02-08,1997-98,Salamanca,Celta,0,1
1998-02-08,1997-98,Sociedad,Ath Bilbao,1,1
1998-02-08,1997-98,Sp Gijon,Santander,2,1
1998-02-08,1997-98,Tenerife,Barcelona,1,1
1998-02-08,1997-98,Valencia,Valladolid,1,2
1998-02-09,1997-98,Ath Madrid,Oviedo,4,1
1998-02-14,1997-98,Valladolid,La Coruna,1,0
1998-02-15,1997-98,Ath Bilbao,Valencia,0,3
1998-02-15,1997-98,Barcelona,Mallorca,0,0
1998-02-15,1997-98,Celta,Sociedad,2,1
1998-02-15,1997-98,Compostela,Espanol,1,1
1998-02-15,1997-98,Merida,Ath Madrid,2,1
1998-02-15,1997-98,Oviedo,Salamanca,2,0
1998-02-15,1997-98,Real Madrid,Sp Gijon,3,0
1998-02-15,1997-98,Santander,Tenerife,2,1
1998-02-15,1997-98,Zaragoza,Betis,3,1
1998-02-21,1997-98,Sp Gijon,Valladolid,1,2
1998-02-21,1997-98,Tenerife,Real Madrid,4,3
1998-02-22,1997-98,Barcelona,Compostela,2,0
1998-02-22,1997-98,Betis,Espanol,1,3
1998-02-22,1997-98,La Coruna,Ath Bilbao,3,0
1998-02-22,1997-98,Mallorca,Santander,2,1
1998-02-22,1997-98,Salamanca,Merida,3,1
1998-02-22,1997-98,Sociedad,Oviedo,2,2
1998-02-22,1997-98,Valencia,Celta,2,1
1998-02-23,1997-98,Ath Madrid,Zaragoza,2,1
1998-02-25,1997-98,Betis,Valladolid,3,0
1998-02-28,1997-98,Compostela,Betis,2,3
1998-02-28,1997-98,Espanol,Ath Madrid,2,2
1998-02-28,1997-98,Real Madrid,Mallorca,2,0
1998-03-01,1997-98,Ath Bilbao,Sp Gijon,2,2
1998-03-01,1997-98,Celta,La Coruna,2,1
1998-03-01,1997-98,Merida,Sociedad,3,1
1998-03-01,1997-98,Oviedo,Valencia,0,0
1998-03-01,1997-98,Valladolid,Tenerife,2,1
1998-03-01,1997-98,Zaragoza,Salamanca,1,1
1998-03-02,1997-98,Santander,Barcelona,2,4
1998-03-07,1997-98,Barcelona,Real Madrid,3,0
1998-03-08,1997-98,Ath Madrid,Betis,0,0
1998-03-08,1997-98,La Coruna,Oviedo,2,1
1998-03-08,1997-98,Mallorca,Valladolid,1,1
1998-03-08,1997-98,Salamanca,Espanol,2,1
1998-03-08,1997-98,Santander,Compostela,1,1
1998-03-08,1997-98,Sociedad,Zaragoza,0,1
1998-03-08,1997-98,Sp Gijon,Celta,0,1
1998-03-08,1997-98,Tenerife,Ath Bilbao,0,2
1998-03-09,1997-98,Valencia,Merida,3,0
1998-03-14,1997-98,Compostela,Ath Madrid,2,1
1998-03-14,1997-98,Real Madrid,Santander,2,2
1998-03-15,1997-98,Betis,Salamanca,2,1
1998-03-15,1997-98,Celta,Tenerife,0,0
1998-03-15,1997-98,Espanol,Sociedad,0,3
1998-03-15,1997-98,Merida,La Coruna,1,0
1998-03-15,1997-98,Oviedo,Sp Gijon,2,1
1998-03-15,1997-98,Valladolid,Barcelona,1,2
1998-03-15,1997-98,Zaragoza,Valencia,0,2
1998-03-16,1997-98,Ath Bilbao,Mallorca,3,1
1998-03-21,1997-98,Salamanca,Ath Madrid,5,4
1998-03-22,1997-98,Barcelona,Ath Bilbao,4,0
1998-03-22,1997-98,La Coruna,Zaragoza,2,1
1998-03-22,1997-98,Mallorca,Celta,4,2
1998-03-22,1997-98,Real Madrid,Compostela,2,1
1998-03-22,1997-98,Santander,Valladolid,1,2
1998-03-22,1997-98,Sociedad,Betis,2,0
1998-03-22,1997-98,Sp Gijon,Merida,0,0
1998-03-22,1997-98,Tenerife,Oviedo,1,0
1998-03-22,1997-98,Valencia,Espanol,0,0
1998-03-28,1997-98,Ath Madrid,Sociedad,2,2
1998-03-28,1997-98,Betis,Valencia,1,0
1998-03-28,1997-98,Valladolid,Real Madrid,1,1
1998-03-29,1997-98,Ath Bilbao,Santander,4,3
1998-03-29,1997-98,Celta,Barcelona,3,1
1998-03-29,1997-98,Compostela,Salamanca,2,0
1998-03-29,1997-98,Espanol,La Coruna,2,0
1998-03-29,1997-98,Merida,Tenerife,1,1
1998-03-29,1997-98,Oviedo,Mallorca,0,1
1998-03-29,1997-98,Zaragoza,Sp Gijon,0,0
1998-04-04,1997-98,Barcelona,Oviedo,2,1
1998-04-04,1997-98,La Coruna,Betis,2,0
1998-04-04,1997-98,Real Madrid,Ath Bilbao,0,0
1998-04-05,1997-98,Mallorca,Merida,1,0
1998-04-05,1997-98,Santander,Celta,2,1
1998-04-05,1997-98,Sociedad,Salamanca,1,1
1998-04-05,1997-98,Sp Gijon,Espanol,1,0
1998-04-05,1997-98,Tenerife,Zaragoza,0,0
1998-04-05,1997-98,Valencia,Ath Madrid,4,1
1998-04-05,1997-98,Valladolid,Compostela,4,1
1998-04-07,1997-98,Betis,Barcelona,0,2
1998-04-11,1997-98,Ath Madrid,La Coruna,3,0
1998-04-11,1997-98,Celta,Real Madrid,2,1
1998-04-11,1997-98,Merida,Barcelona,1,2
1998-04-12,1997-98,Ath Bilbao,Valladolid,2,0
1998-04-12,1997-98,Compostela,Sociedad,1,3
1998-04-12,1997-98,Espanol,Tenerife,2,0
1998-04-12,1997-98,Oviedo,Santander,0,1
1998-04-12,1997-98,Salamanca,Valencia,6,0
1998-04-12,1997-98,Zaragoza,Mallorca,2,3
1998-04-13,1997-98,Betis,Sp Gijon,2,1
1998-04-18,1997-98,Valencia,Sociedad,3,2
1998-04-19,1997-98,Ath Bilbao,Compostela,2,0
1998-04-19,1997-98,Barcelona,Zaragoza,1,0
1998-04-19,1997-98,La Coruna,Salamanca,1,0
1998-04-19,1997-98,Mallorca,Espanol,2,2
1998-04-19,1997-98,Real Madrid,Oviedo,5,1
1998-04-19,1997-98,Santander,Merida,2,0
1998-04-19,1997-98,Sp Gijon,Ath Madrid,2,3
1998-04-19,1997-98,Tenerife,Betis,3,1
1998-04-19,1997-98,Valladolid,Celta,0,0
1998-04-25,1997-98,Betis,Mallorca,2,1
1998-04-25,1997-98,Espanol,Barcelona,1,1
1998-04-26,1997-98,Ath Madrid,Tenerife,2,2
1998-04-26,1997-98,Celta,Ath Bilbao,1,1
1998-04-26,1997-98,Compostela,Valencia,3,1
1998-04-26,1997-98,Merida,Real Madrid,2,2
1998-04-26,1997-98,Oviedo,Valladolid,0,1
1998-04-26,1997-98,Salamanca,Sp Gijon,4,0
1998-04-26,1997-98,Zaragoza,Santander,2,0
1998-04-27,1997-98,Sociedad,La Coruna,1,1
1998-05-02,1997-98,La Coruna,Valencia,1,2
1998-05-03,1997-98,Ath Bilbao,Oviedo,3,0
1998-05-03,1997-98,Barcelona,Betis,1,3
1998-05-03,1997-98,Celta,Compostela,3,3
1998-05-03,1997-98,Mallorca,Ath Madrid,2,1
1998-05-03,1997-98,Santander,Espanol,1,1
1998-05-03,1997-98,Sp Gijon,Sociedad,0,2
1998-05-03,1997-98,Tenerife,Salamanca,2,0
1998-05-03,1997-98,Valladolid,Merida,0,0
1998-05-04,1997-98,Real Madrid,Zaragoza,0,2
1998-05-09,1997-98,Espanol,Real Madrid,1,0
1998-05-09,1997-98,Valencia,Sp Gijon,2,2
1998-05-10,1997-98,Ath Madrid,Barcelona,5,2
1998-05-10,1997-98,Betis,Santander,0,2
1998-05-10,1997-98,La Coruna,Compostela,2,6
1998-05-10,1997-98,Merida,Ath Bilbao,0,0
1998-05-10,1997-98,Oviedo,Celta,3,1
1998-05-10,1997-98,Salamanca,Mallorca,1,1
1998-05-10,1997-98,Sociedad,Tenerife,1,1
1998-05-10,1997-98,Zaragoza,Valladolid,0,0
1998-05-15,1997-98,Ath Bilbao,Zaragoza,1,0
1998-05-15,1997-98,Barcelona,Salamanca,1,4
1998-05-15,1997-98,Celta,Merida,2,0
1998-05-15,1997-98,Compostela,Oviedo,1,0
1998-05-15,1997-98,Mallorca,Sociedad,0,1
1998-05-15,1997-98,Real Madrid,Betis,1,0
1998-05-15,1997-98,Santander,Ath Madrid,0,1
1998-05-15,1997-98,Tenerife,Valencia,3,2
1998-05-15,1997-98,Valladolid,Espanol,0,0
1998-05-16,1997-98,Sp Gijon,La Coruna,0,3
1998-08-29,1998-99,Alaves,Betis,0,0
1998-08-29,1998-99,Valencia,Ath Madrid,1,0
1998-08-30,1998-99,Celta,La Coruna,0,0
1998-08-30,1998-99,Espanol,Tenerife,2,1
1998-08-30,1998-99,Extremadura,Valladolid,0,0
1998-08-30,1998-99,Salamanca,Mallorca,0,0
1998-08-30,1998-99,Santander,Barcelona,0,0
1998-08-30,1998-99,Sociedad,Oviedo,3,3
1998-08-30,1998-99,Zaragoza,Ath Bilbao,2,0
1998-08-31,1998-99,Real Madrid,Villareal,4,1
1998-09-12,1998-99,Ath Bilbao,Santander,2,0
1998-09-12,1998-99,Ath Madrid,Salamanca,2,0
1998-09-12,1998-99,Barcelona,Extremadura,1,0
1998-09-12,1998-99,Betis,Zaragoza,1,3
1998-09-12,1998-99,La Coruna,Valencia,1,0
1998-09-12,1998-99,Tenerife,Sociedad,2,2
1998-09-12,1998-99,Valladolid,Real Madrid,0,1
1998-09-12,1998-99,Villareal,Celta,1,1
1998-09-13,1998-99,Mallorca,Espanol,2,0
1998-09-13,1998-99,Oviedo,Alaves,1,0
1998-09-19,1998-99,Real Madrid,Barcelona,2,2
1998-09-20,1998-99,Alaves,Zaragoza,1,0
1998-09-20,1998-99,Celta,Valladolid,0,0
1998-09-20,1998-99,Espanol,Ath Madrid,1,1
1998-09-20,1998-99,Extremadura,Ath Bilbao,0,1
1998-09-20,1998-99,Oviedo,Tenerife,0,1
1998-09-20,1998-99,Salamanca,La Coruna,3,1
1998-09-20,1998-99,Santander,Betis,1,0
1998-09-20,1998-99,Sociedad,Mallorca,0,1
1998-09-20,1998-99,Valencia,Villareal,1,0
1998-09-26,1998-99,Ath Bilbao,Real Madrid,2,3
1998-09-26,1998-99,Ath Madrid,Sociedad,4,1
1998-09-26,1998-99,Barcelona,Celta,2,2
1998-09-26,1998-99,Betis,Extremadura,1,1
1998-09-26,1998-99,Valladolid,Valencia,3,1
1998-09-27,1998-99,La Coruna,Espanol,1,0
1998-09-27,1998-99,Mallorca,Oviedo,0,0
1998-09-27,1998-99,Tenerife,Alaves,1,2
1998-09-27,1998-99,Villareal,Salamanca,5,0
1998-09-27,1998-99,Zaragoza,Santander,3,1
1998-10-03,1998-99,Valencia,Barcelona,1,3
1998-10-04,1998-99,Alaves,Santander,0,1
1998-10-04,1998-99,Celta,Ath Bilbao,3,2
1998-10-04,1998-99,Espanol,Villareal,1,1
1998-10-04,1998-99,Extremadura,Zaragoza,0,2
1998-10-04,1998-99,Oviedo,Ath Madrid,3,1
1998-10-04,1998-99,Real Madrid,Betis,0,1
1998-10-04,1998-99,Salamanca,Valladolid,1,0
1998-10-04,1998-99,Sociedad,La Coruna,2,0
1998-10-04,1998-99,Tenerife,Mallorca,1,1
1998-10-17,1998-99,Ath Bilbao,Valencia,2,0
1998-10-17,1998-99,Ath Madrid,Tenerife,2,0
1998-10-17,1998-99,Barcelona,Salamanca,1,1
1998-10-17,1998-99,Betis,Celta,0,3
1998-10-17,1998-99,Villareal,Sociedad,1,1
1998-10-17,1998-99,Zaragoza,Real Madrid,3,4
1998-10-18,1998-99,La Coruna,Oviedo,4,0
1998-10-18,1998-99,Mallorca,Alaves,2,1
1998-10-18,1998-99,Santander,Extremadura,3,1
1998-10-18,1998-99,Valladolid,Espanol,2,1
1998-10-24,1998-99,Celta,Zaragoza,2,0
1998-10-25,1998-99,Alaves,Extremadura,0,1
1998-10-25,1998-99,Espanol,Barcelona,1,2
1998-10-25,1998-99,Mallorca,Ath Madrid,4,0
1998-10-25,1998-99,Oviedo,Villareal,0,0
1998-10-25,1998-99,Real Madrid,Santander,2,2
1998-10-25,1998-99,Salamanca,Ath Bilbao,2,1
1998-10-25,1998-99,Sociedad,Valladolid,1,0
1998-10-25,1998-99,Tenerife,La Coruna,1,1
1998-10-25,1998-99,Valencia,Betis,5,1
1998-10-31,1998-99,Ath Bilbao,Espanol,2,2
1998-10-31,1998-99,Ath Madrid,Alaves,3,0
1998-10-31,1998-99,Barcelona,Sociedad,4,1
1998-10-31,1998-99,Betis,Salamanca,1,0
1998-10-31,1998-99,Extremadura,Real Madrid,1,5
1998-10-31,1998-99,Santander,Celta,2,2
1998-10-31,1998-99,Zaragoza,Valencia,1,4
1998-11-01,1998-99,La Coruna,Mallorca,1,1
1998-11-01,1998-99,Valladolid,Oviedo,2,1
1998-11-01,1998-99,Villareal,Tenerife,2,5
1998-11-07,1998-99,Espanol,Betis,1,0
1998-11-08,1998-99,Alaves,Real Madrid,1,1
1998-11-08,1998-99,Ath Madrid,La Coruna,1,1
1998-11-08,1998-99,Celta,Extremadura,5,1
1998-11-08,1998-99,Mallorca,Villareal,1,0
1998-11-08,1998-99,Oviedo,Barcelona,2,1
1998-11-08,1998-99,Salamanca,Zaragoza,1,2
1998-11-08,1998-99,Sociedad,Ath Bilbao,3,1
1998-11-08,1998-99,Tenerife,Valladolid,2,2
1998-11-08,1998-99,Valencia,Santander,3,0
1998-11-14,1998-99,Real Madrid,Celta,1,2
1998-11-15,1998-99,Ath Bilbao,Oviedo,3,5
1998-11-15,1998-99,Barcelona,Tenerife,4,1
1998-11-15,1998-99,Betis,Sociedad,1,0
1998-11-15,1998-99,Extremadura,Valencia,1,0
1998-11-15,1998-99,La Coruna,Alaves,2,2
1998-11-15,1998-99,Santander,Salamanca,4,1
1998-11-15,1998-99,Valladolid,Mallorca,1,0
1998-11-15,1998-99,Villareal,Ath Madrid,2,1
1998-11-15,1998-99,Zaragoza,Espanol,0,3
1998-11-20,1998-99,Tenerife,Ath Bilbao,0,1
1998-11-21,1998-99,Alaves,Celta,2,0
1998-11-21,1998-99,Ath Madrid,Valladolid,6,1
1998-11-21,1998-99,Mallorca,Barcelona,1,0
1998-11-21,1998-99,Oviedo,Betis,0,1
1998-11-21,1998-99,Sociedad,Zaragoza,0,0
1998-11-21,1998-99,Valencia,Real Madrid,3,1
1998-11-22,1998-99,Espanol,Santander,1,1
1998-11-22,1998-99,La Coruna,Villareal,2,1
1998-11-22,1998-99,Salamanca,Extremadura,2,1
1998-11-28,1998-99,Barcelona,Ath Madrid,0,1
1998-11-29,1998-99,Ath Bilbao,Mallorca,1,0
1998-11-29,1998-99,Betis,Tenerife,1,0
1998-11-29,1998-99,Celta,Valencia,2,2
1998-11-29,1998-99,Extremadura,Espanol,1,0
1998-11-29,1998-99,Santander,Sociedad,0,1
1998-11-29,1998-99,Valladolid,La Coruna,0,1
1998-11-29,1998-99,Villareal,Alaves,2,0
1998-11-29,1998-99,Zaragoza,Oviedo,1,0
1998-12-05,1998-99,Ath Madrid,Ath Bilbao,0,0
1998-12-05,1998-99,Espanol,Real Madrid,0,0
1998-12-05,1998-99,La Coruna,Barcelona,2,1
1998-12-05,1998-99,Mallorca,Betis,1,0
1998-12-05,1998-99,Salamanca,Celta,1,1
1998-12-05,1998-99,Sociedad,Extremadura,2,0
1998-12-06,1998-99,Alaves,Valencia,0,1
1998-12-06,1998-99,Oviedo,Santander,1,0
1998-12-06,1998-99,Tenerife,Zaragoza,1,1
1998-12-06,1998-99,Villareal,Valladolid,2,1
1998-12-12,1998-99,Betis,Ath Madrid,0,0
1998-12-13,1998-99,Ath Bilbao,La Coruna,2,1
1998-12-13,1998-99,Barcelona,Villareal,1,3
1998-12-13,1998-99,Celta,Espanol,2,0
1998-12-13,1998-99,Extremadura,Oviedo,0,1
1998-12-13,1998-99,Real Madrid,Sociedad,3,2
1998-12-13,1998-99,Santander,Tenerife,0,0
1998-12-13,1998-99,Valencia,Salamanca,1,0
1998-12-13,1998-99,Valladolid,Alaves,3,0
1998-12-13,1998-99,Zaragoza,Mallorca,0,1
1998-12-19,1998-99,La Coruna,Betis,2,2
1998-12-20,1998-99,Alaves,Salamanca,1,0
1998-12-20,1998-99,Ath Madrid,Zaragoza,0,0
1998-12-20,1998-99,Espanol,Valencia,2,1
1998-12-20,1998-99,Mallorca,Santander,1,1
1998-12-20,1998-99,Oviedo,Real Madrid,1,0
1998-12-20,1998-99,Sociedad,Celta,2,0
1998-12-20,1998-99,Tenerife,Extremadura,1,1
1998-12-20,1998-99,Valladolid,Barcelona,0,1
1998-12-20,1998-99,Villareal,Ath Bilbao,0,1
1999-01-02,1998-99,Valencia,Sociedad,2,0
1999-01-03,1998-99,Ath Bilbao,Valladolid,2,1
1999-01-03,1998-99,Barcelona,Alaves,7,1
1999-01-03,1998-99,Betis,Villareal,4,1
1999-01-03,1998-99,Celta,Oviedo,6,2
1999-01-03,1998-99,Extremadura,Mallorca,1,0
1999-01-03,1998-99,Real Madrid,Tenerife,4,0
1999-01-03,1998-99,Salamanca,Espanol,2,3
1999-01-03,1998-99,Santander,Ath Madrid,2,3
1999-01-03,1998-99,Zaragoza,La Coruna,3,1
1999-01-06,1998-99,Real Madrid,Salamanca,3,1
1999-01-09,1998-99,Barcelona,Ath Bilbao,4,2
1999-01-10,1998-99,Alaves,Espanol,1,1
1999-01-10,1998-99,Ath Madrid,Extremadura,5,0
1999-01-10,1998-99,La Coruna,Santander,1,2
1999-01-10,1998-99,Mallorca,Real Madrid,2,1
1999-01-10,1998-99,Oviedo,Valencia,2,2
1999-01-10,1998-99,Sociedad,Salamanca,4,0
1999-01-10,1998-99,Tenerife,Celta,0,2
1999-01-10,1998-99,Valladolid,Betis,0,3
1999-01-10,1998-99,Villareal,Zaragoza,1,1
1999-01-16,1998-99,Celta,Mallorca,4,2
1999-01-17,1998-99,Alaves,Ath Bilbao,1,2
1999-01-17,1998-99,Betis,Barcelona,0,3
1999-01-17,1998-99,Espanol,Sociedad,0,0
1999-01-17,1998-99,Extremadura,La Coruna,1,2
1999-01-17,1998-99,Real Madrid,Ath Madrid,4,2
1999-01-17,1998-99,Salamanca,Oviedo,1,1
1999-01-17,1998-99,Santander,Villareal,1,2
1999-01-17,1998-99,Valencia,Tenerife,1,1
1999-01-17,1998-99,Zaragoza,Valladolid,2,0
1999-01-23,1998-99,Ath Bilbao,Betis,0,0
1999-01-24,1998-99,Ath Madrid,Celta,2,1
1999-01-24,1998-99,Barcelona,Zaragoza,3,1
1999-01-24,1998-99,La Coruna,Real Madrid,4,0
1999-01-24,1998-99,Mallorca,Valencia,0,1
1999-01-24,1998-99,Oviedo,Espanol,1,1
1999-01-24,1998-99,Sociedad,Alaves,2,1
1999-01-24,1998-99,Tenerife,Salamanca,1,0
1999-01-24,1998-99,Valladolid,Santander,0,0
1999-01-24,1998-99,Villareal,Extremadura,1,1
1999-01-30,1998-99,Ath Bilbao,Zaragoza,2,0
1999-01-30,1998-99,Ath Madrid,Valencia,1,2
1999-01-30,1998-99,Betis,Alaves,1,0
1999-01-30,1998-99,Mallorca,Salamanca,1,0
1999-01-30,1998-99,Oviedo,Sociedad,2,1
1999-01-30,1998-99,Villareal,Real Madrid,0,2
1999-01-31,1998-99,Barcelona,Santander,3,2
1999-01-31,1998-99,La Coruna,Celta,2,1
1999-01-31,1998-99,Tenerife,Espanol,0,0
1999-01-31,1998-99,Valladolid,Extremadura,0,0
1999-02-06,1998-99,Valencia,La Coruna,0,0
1999-02-07,1998-99,Alaves,Oviedo,2,2
1999-02-07,1998-99,Celta,Villareal,4,1
1999-02-07,1998-99,Espanol,Mallorca,1,0
1999-02-07,1998-99,Extremadura,Barcelona,1,2
1999-02-07,1998-99,Real Madrid,Valladolid,3,2
1999-02-07,1998-99,Salamanca,Ath Madrid,2,1
1999-02-07,1998-99,Santander,Ath Bilbao,2,0
1999-02-07,1998-99,Sociedad,Tenerife,1,1
1999-02-07,1998-99,Zaragoza,Betis,2,2
1999-02-13,1998-99,Ath Madrid,Espanol,1,2
1999-02-13,1998-99,La Coruna,Salamanca,1,0
1999-02-13,1998-99,Mallorca,Sociedad,1,0
1999-02-14,1998-99,Ath Bilbao,Extremadura,0,0
1999-02-14,1998-99,Barcelona,Real Madrid,3,0
1999-02-14,1998-99,Betis,Santander,1,1
1999-02-14,1998-99,Tenerife,Oviedo,0,2
1999-02-14,1998-99,Valladolid,Celta,2,1
1999-02-14,1998-99,Villareal,Valencia,1,0
1999-02-14,1998-99,Zaragoza,Alaves,1,1
1999-02-20,1998-99,Extremadura,Betis,2,1
1999-02-20,1998-99,Real Madrid,Ath Bilbao,0,1
1999-02-20,1998-99,Santander,Zaragoza,2,4
1999-02-21,1998-99,Alaves,Tenerife,3,1
1999-02-21,1998-99,Celta,Barcelona,0,0
1999-02-21,1998-99,Espanol,La Coruna,2,2
1999-02-21,1998-99,Oviedo,Mallorca,1,3
1999-02-21,1998-99,Salamanca,Villareal,1,0
1999-02-21,1998-99,Sociedad,Ath Madrid,3,2
1999-02-21,1998-99,Valencia,Valladolid,0,1
1999-02-27,1998-99,Ath Bilbao,Celta,0,0
1999-02-27,1998-99,Ath Madrid,Oviedo,0,0
1999-02-27,1998-99,Barcelona,Valencia,2,4
1999-02-27,1998-99,Betis,Real Madrid,3,2
1999-02-28,1998-99,La Coruna,Sociedad,0,1
1999-02-28,1998-99,Mallorca,Tenerife,1,1
1999-02-28,1998-99,Santander,Alaves,2,0
1999-02-28,1998-99,Valladolid,Salamanca,4,1
1999-02-28,1998-99,Villareal,Espanol,2,2
1999-02-28,1998-99,Zaragoza,Extremadura,3,1
1999-03-06,1998-99,Oviedo,La Coruna,1,2
1999-03-07,1998-99,Alaves,Mallorca,2,0
1999-03-07,1998-99,Celta,Betis,4,0
1999-03-07,1998-99,Espanol,Valladolid,0,2
1999-03-07,1998-99,Extremadura,Santander,0,3
1999-03-07,1998-99,Real Madrid,Zaragoza,3,2
1999-03-07,1998-99,Salamanca,Barcelona,1,4
1999-03-07,1998-99,Sociedad,Villareal,1,1
1999-03-07,1998-99,Tenerife,Ath Madrid,1,0
1999-03-07,1998-99,Valencia,Ath Bilbao,4,1
1999-03-13,1998-99,Ath Madrid,Mallorca,1,2
1999-03-13,1998-99,Betis,Valencia,0,1
1999-03-13,1998-99,Santander,Real Madrid,1,3
1999-03-13,1998-99,Zaragoza,Celta,0,1
1999-03-14,1998-99,Ath Bilbao,Salamanca,1,0
1999-03-14,1998-99,Barcelona,Espanol,3,0
1999-03-14,1998-99,Extremadura,Alaves,1,0
1999-03-14,1998-99,La Coruna,Tenerife,2,0
1999-03-14,1998-99,Valladolid,Sociedad,0,0
1999-03-14,1998-99,Villareal,Oviedo,0,0
1999-03-20,1998-99,Espanol,Ath Bilbao,1,1
1999-03-21,1998-99,Alaves,Ath Madrid,2,0
1999-03-21,1998-99,Celta,Santander,3,0
1999-03-21,1998-99,Mallorca,La Coruna,1,2
1999-03-21,1998-99,Oviedo,Valladolid,0,0
1999-03-21,1998-99,Real Madrid,Extremadura,2,0
1999-03-21,1998-99,Salamanca,Betis,1,3
1999-03-21,1998-99,Sociedad,Barcelona,0,2
1999-03-21,1998-99,Tenerife,Villareal,2,2
1999-03-21,1998-99,Valencia,Zaragoza,1,1
1999-04-03,1998-99,La Coruna,Ath Madrid,1,1
1999-04-03,1998-99,Santander,Valencia,0,1
1999-04-04,1998-99,Ath Bilbao,Sociedad,0,0
1999-04-04,1998-99,Barcelona,Oviedo,3,1
1999-04-04,1998-99,Betis,Espanol,0,1
1999-04-04,1998-99,Extremadura,Celta,1,1
1999-04-04,1998-99,Real Madrid,Alaves,3,2
1999-04-04,1998-99,Valladolid,Tenerife,2,1
1999-04-04,1998-99,Villareal,Mallorca,0,2
1999-04-04,1998-99,Zaragoza,Salamanca,2,0
1999-04-10,1998-99,Tenerife,Barcelona,2,3
1999-04-11,1998-99,Alaves,La Coruna,2,1
1999-04-11,1998-99,Ath Madrid,Villareal,2,2
1999-04-11,1998-99,Celta,Real Madrid,5,1
1999-04-11,1998-99,Espanol,Zaragoza,2,1
1999-04-11,1998-99,Mallorca,Valladolid,1,0
1999-04-11,1998-99,Oviedo,Ath Bilbao,0,0
1999-04-11,1998-99,Salamanca,Santander,1,2
1999-04-11,1998-99,Sociedad,Betis,1,0
1999-04-11,1998-99,Valencia,Extremadura,1,1
1999-04-17,1998-99,Barcelona,Mallorca,2,1
1999-04-17,1998-99,Valladolid,Ath Madrid,1,0
1999-04-18,1998-99,Ath Bilbao,Tenerife,2,0
1999-04-18,1998-99,Betis,Oviedo,5,0
1999-04-18,1998-99,Celta,Alaves,1,1
1999-04-18,1998-99,Extremadura,Salamanca,1,1
1999-04-18,1998-99,Real Madrid,Valencia,3,1
1999-04-18,1998-99,Santander,Espanol,0,2
1999-04-18,1998-99,Villareal,La Coruna,1,2
1999-04-18,1998-99,Zaragoza,Sociedad,1,1
1999-04-24,1998-99,Valencia,Celta,2,2
1999-04-25,1998-99,Alaves,Villareal,2,1
1999-04-25,1998-99,Ath Madrid,Barcelona,1,1
1999-04-25,1998-99,Espanol,Extremadura,0,0
1999-04-25,1998-99,La Coruna,Valladolid,3,0
1999-04-25,1998-99,Mallorca,Ath Bilbao,6,1
1999-04-25,1998-99,Oviedo,Zaragoza,1,2
1999-04-25,1998-99,Salamanca,Real Madrid,1,1
1999-04-25,1998-99,Sociedad,Santander,2,0
1999-04-25,1998-99,Tenerife,Betis,3,2
1999-05-01,1998-99,Real Madrid,Espanol,2,0
1999-05-01,1998-99,Valencia,Alaves,5,0
1999-05-02,1998-99,Ath Bilbao,Ath Madrid,1,2
1999-05-02,1998-99,Barcelona,La Coruna,4,0
1999-05-02,1998-99,Betis,Mallorca,1,3
1999-05-02,1998-99,Celta,Salamanca,1,0
1999-05-02,1998-99,Extremadura,Sociedad,1,0
1999-05-02,1998-99,Santander,Oviedo,0,0
1999-05-02,1998-99,Valladolid,Villareal,1,0
1999-05-02,1998-99,Zaragoza,Tenerife,3,1
1999-05-08,1998-99,Sociedad,Real Madrid,3,2
1999-05-09,1998-99,Alaves,Valladolid,2,0
1999-05-09,1998-99,Ath Madrid,Betis,2,3
1999-05-09,1998-99,Espanol,Celta,3,0
1999-05-09,1998-99,La Coruna,Ath Bilbao,1,1
1999-05-09,1998-99,Mallorca,Zaragoza,1,0
1999-05-09,1998-99,Oviedo,Extremadura,1,0
1999-05-09,1998-99,Salamanca,Valencia,0,1
1999-05-09,1998-99,Tenerife,Santander,2,2
1999-05-09,1998-99,Villareal,Barcelona,2,3
1999-05-14,1998-99,Santander,Mallorca,1,0
1999-05-15,1998-99,Barcelona,Valladolid,1,1
1999-05-16,1998-99,Ath Bilbao,Villareal,2,0
1999-05-16,1998-99,Betis,La Coruna,0,3
1999-05-16,1998-99,Celta,Sociedad,2,2
1999-05-16,1998-99,Extremadura,Tenerife,1,0
1999-05-16,1998-99,Real Madrid,Oviedo,2,1
1999-05-16,1998-99,Salamanca,Alaves,1,0
1999-05-16,1998-99,Valencia,Espanol,1,2
1999-05-16,1998-99,Zaragoza,Ath Madrid,2,0
1999-05-22,1998-99,Alaves,Barcelona,1,4
1999-05-23,1998-99,Ath Madrid,Santander,1,1
1999-05-23,1998-99,Espanol,Salamanca,4,0
1999-05-23,1998-99,La Coruna,Zaragoza,2,1
1999-05-23,1998-99,Mallorca,Extremadura,2,0
1999-05-23,1998-99,Oviedo,Celta,1,3
1999-05-23,1998-99,Sociedad,Valencia,1,1
1999-05-23,1998-99,Tenerife,Real Madrid,2,3
1999-05-23,1998-99,Valladolid,Ath Bilbao,0,3
1999-05-23,1998-99,Villareal,Betis,3,4
1999-05-29,1998-99,Ath Bilbao,Barcelona,1,3
1999-05-29,1998-99,Valencia,Oviedo,3,0
1999-05-30,1998-99,Betis,Valladolid,2,0
1999-05-30,1998-99,Celta,Tenerife,2,0
1999-05-30,1998-99,Espanol,Alaves,3,0
1999-05-30,1998-99,Extremadura,Ath Madrid,2,1
1999-05-30,1998-99,Real Madrid,Mallorca,2,1
1999-05-30,1998-99,Salamanca,Sociedad,0,1
1999-05-30,1998-99,Santander,La Coruna,1,1
1999-05-30,1998-99,Zaragoza,Villareal,4,0
1999-06-12,1998-99,Ath Madrid,Real Madrid,3,1
1999-06-12,1998-99,La Coruna,Extremadura,1,1
1999-06-12,1998-99,Valladolid,Zaragoza,1,1
1999-06-13,1998-99,Ath Bilbao,Alaves,5,0
1999-06-13,1998-99,Barcelona,Betis,4,1
1999-06-13,1998-99,Mallorca,Celta,2,0
1999-06-13,1998-99,Oviedo,Salamanca,3,2
1999-06-13,1998-99,Sociedad,Espanol,1,2
1999-06-13,1998-99,Tenerife,Valencia,3,2
1999-06-13,1998-99,Villareal,Santander,3,0
1999-06-19,1998-99,Salamanca,Tenerife,1,2
1999-06-19,1998-99,Santander,Valladolid,0,2
1999-06-20,1998-99,Alaves,Sociedad,2,1
1999-06-20,1998-99,Betis,Ath Bilbao,1,4
1999-06-20,1998-99,Celta,Ath Madrid,0,1
1999-06-20,1998-99,Espanol,Oviedo,2,1
1999-06-20,1998-99,Extremadura,Villareal,2,2
1999-06-20,1998-99,Real Madrid,La Coruna,3,1
1999-06-20,1998-99,Valencia,Mallorca,3,0
1999-06-20,1998-99,Zaragoza,Barcelona,2,0
1999-08-21,1999-00,Ath Bilbao,Betis,1,0
1999-08-21,1999-00,Mallorca,Real Madrid,1,2
1999-08-21,1999-00,Valencia,Santander,1,2
1999-08-22,1999-00,Ath Madrid,Vallecano,0,2
1999-08-22,1999-00,Barcelona,Zaragoza,2,0
1999-08-22,1999-00,La Coruna,Alaves,4,1
1999-08-22,1999-00,Malaga,Espanol,1,0
1999-08-22,1999-00,Numancia,Valladolid,1,0
1999-08-22,1999-00,Oviedo,Celta,1,0
1999-08-22,1999-00,Sevilla,Sociedad,2,2
1999-08-28,1999-00,Sociedad,Ath Madrid,4,1
1999-08-29,1999-00,Alaves,Malaga,2,1
1999-08-29,1999-00,Betis,La Coruna,0,0
1999-08-29,1999-00,Celta,Sevilla,2,1
1999-08-29,1999-00,Espanol,Valencia,3,2
1999-08-29,1999-00,Real Madrid,Numancia,4,1
1999-08-29,1999-00,Santander,Barcelona,1,2
1999-08-29,1999-00,Valladolid,Ath Bilbao,1,0
1999-08-29,1999-00,Vallecano,Mallorca,2,1
1999-08-29,1999-00,Zaragoza,Oviedo,4,0
1999-09-11,1999-00,Barcelona,Espanol,3,0
1999-09-11,1999-00,La Coruna,Valladolid,2,0
1999-09-11,1999-00,Valencia,Alaves,0,2
1999-09-12,1999-00,Ath Bilbao,Real Madrid,2,2
1999-09-12,1999-00,Ath Madrid,Celta,1,2
1999-09-12,1999-00,Malaga,Betis,3,0
1999-09-12,1999-00,Mallorca,Numancia,3,0
1999-09-12,1999-00,Oviedo,Santander,1,2
1999-09-12,1999-00,Sevilla,Zaragoza,0,0
1999-09-12,1999-00,Vallecano,Sociedad,2,1
1999-09-18,1999-00,Alaves,Barcelona,2,1
1999-09-18,1999-00,Betis,Valencia,1,0
1999-09-18,1999-00,Espanol,Oviedo,2,1
1999-09-18,1999-00,Real Madrid,La Coruna,1,1
1999-09-18,1999-00,Valladolid,Malaga,4,2
1999-09-19,1999-00,Celta,Vallecano,0,1
1999-09-19,1999-00,Numancia,Ath Bilbao,1,1
1999-09-19,1999-00,Santander,Sevilla,2,2
1999-09-19,1999-00,Sociedad,Mallorca,2,1
1999-09-19,1999-00,Zaragoza,Ath Madrid,1,1
1999-09-25,1999-00,Barcelona,Betis,4,1
1999-09-25,1999-00,Malaga,Real Madrid,1,1
1999-09-25,1999-00,Sociedad,Celta,0,2
1999-09-25,1999-00,Valencia,Valladolid,0,0
1999-09-26,1999-00,Ath Madrid,Santander,2,0
1999-09-26,1999-00,La Coruna,Numancia,0,2
1999-09-26,1999-00,Mallorca,Ath Bilbao,2,1
1999-09-26,1999-00,Oviedo,Alaves,1,0
1999-09-26,1999-00,Sevilla,Espanol,1,2
1999-09-26,1999-00,Vallecano,Zaragoza,0,1
1999-10-02,1999-00,Numancia,Malaga,1,1
1999-10-02,1999-00,Valladolid,Barcelona,0,2
1999-10-03,1999-00,Alaves,Sevilla,0,0
1999-10-03,1999-00,Ath Bilbao,La Coruna,2,3
1999-10-03,1999-00,Betis,Oviedo,1,0
1999-10-03,1999-00,Celta,Mallorca,1,0
1999-10-03,1999-00,Espanol,Ath Madrid,3,1
1999-10-03,1999-00,Real Madrid,Valencia,2,3
1999-10-03,1999-00,Santander,Vallecano,1,1
1999-10-03,1999-00,Zaragoza,Sociedad,2,0
1999-10-11,1999-00,Ath Madrid,Alaves,1,0
1999-10-12,1999-00,Malaga,Ath Bilbao,3,4
1999-10-12,1999-00,Mallorca,La Coruna,2,2
1999-10-12,1999-00,Sevilla,Betis,3,0
1999-10-13,1999-00,Barcelona,Real Madrid,2,2
1999-10-13,1999-00,Celta,Zaragoza,2,1
1999-10-13,1999-00,Oviedo,Valladolid,1,1
1999-10-13,1999-00,Sociedad,Santander,2,5
1999-10-13,1999-00,Valencia,Numancia,4,0
1999-10-13,1999-00,Vallecano,Espanol,2,1
1999-10-16,1999-00,Ath Bilbao,Valencia,1,0
1999-10-16,1999-00,La Coruna,Malaga,4,1
1999-10-16,1999-00,Numancia,Barcelona,3,3
1999-10-16,1999-00,Real Madrid,Oviedo,2,2
1999-10-16,1999-00,Santander,Celta,3,0
1999-10-17,1999-00,Alaves,Vallecano,0,1
1999-10-17,1999-00,Betis,Ath Madrid,2,1
1999-10-17,1999-00,Espanol,Sociedad,0,0
1999-10-17,1999-00,Valladolid,Sevilla,2,1
1999-10-17,1999-00,Zaragoza,Mallorca,3,0
1999-10-23,1999-00,Barcelona,Ath Bilbao,4,0
1999-10-23,1999-00,Sevilla,Real Madrid,1,1
1999-10-23,1999-00,Valencia,La Coruna,2,0
1999-10-24,1999-00,Ath Madrid,Valladolid,3,1
1999-10-24,1999-00,Celta,Espanol,2,1
1999-10-24,1999-00,Mallorca,Malaga,2,1
1999-10-24,1999-00,Oviedo,Numancia,1,0
1999-10-24,1999-00,Sociedad,Alaves,1,1
1999-10-24,1999-00,Vallecano,Betis,1,3
1999-10-24,1999-00,Zaragoza,Santander,4,1
1999-10-30,1999-00,La Coruna,Barcelona,2,1
1999-10-30,1999-00,Malaga,Valencia,1,1
1999-10-30,1999-00,Real Madrid,Ath Madrid,1,3
1999-10-31,1999-00,Alaves,Celta,1,0
1999-10-31,1999-00,Ath Bilbao,Oviedo,1,1
1999-10-31,1999-00,Betis,Sociedad,1,0
1999-10-31,1999-00,Espanol,Zaragoza,1,1
1999-10-31,1999-00,Numancia,Sevilla,2,0
1999-10-31,1999-00,Santander,Mallorca,1,1
1999-10-31,1999-00,Valladolid,Vallecano,1,2
1999-11-06,1999-00,Vallecano,Real Madrid,2,3
1999-11-07,1999-00,Ath Madrid,Numancia,2,2
1999-11-07,1999-00,Barcelona,Malaga,1,2
1999-11-07,1999-00,Celta,Betis,5,1
1999-11-07,1999-00,Mallorca,Valencia,1,0
1999-11-07,1999-00,Oviedo,La Coruna,0,1
1999-11-07,1999-00,Santander,Espanol,2,2
1999-11-07,1999-00,Sevilla,Ath Bilbao,0,0
1999-11-07,1999-00,Sociedad,Valladolid,3,0
1999-11-07,1999-00,Zaragoza,Alaves,2,1
1999-11-20,1999-00,Ath Bilbao,Ath Madrid,4,2
1999-11-20,1999-00,Valencia,Barcelona,3,1
1999-11-21,1999-00,Betis,Zaragoza,2,0
1999-11-21,1999-00,Espanol,Mallorca,1,2
1999-11-21,1999-00,Malaga,Oviedo,4,0
1999-11-21,1999-00,Numancia,Vallecano,3,1
1999-11-21,1999-00,Real Madrid,Sociedad,1,1
1999-11-21,1999-00,Valladolid,Celta,1,3
1999-11-22,1999-00,La Coruna,Sevilla,5,2
1999-11-27,1999-00,Sevilla,Malaga,0,0
1999-11-28,1999-00,Ath Madrid,La Coruna,1,3
1999-11-28,1999-00,Celta,Real Madrid,1,0
1999-11-28,1999-00,Espanol,Alaves,2,3
1999-11-28,1999-00,Mallorca,Barcelona,3,2
1999-11-28,1999-00,Oviedo,Valencia,0,0
1999-11-28,1999-00,Santander,Betis,1,1
1999-11-28,1999-00,Sociedad,Numancia,2,1
1999-11-28,1999-00,Vallecano,Ath Bilbao,1,2
1999-11-28,1999-00,Zaragoza,Valladolid,1,1
1999-12-04,1999-00,Ath Bilbao,Sociedad,1,1
1999-12-04,1999-00,Barcelona,Oviedo,3,2
1999-12-04,1999-00,Real Madrid,Zaragoza,1,5
1999-12-04,1999-00,Valencia,Sevilla,2,0
1999-12-05,1999-00,Alaves,Mallorca,2,2
1999-12-05,1999-00,Betis,Espanol,2,5
1999-12-05,1999-00,La Coruna,Vallecano,3,2
1999-12-05,1999-00,Malaga,Ath Madrid,2,3
1999-12-05,1999-00,Numancia,Celta,3,1
1999-12-05,1999-00,Valladolid,Santander,1,0
1999-12-08,1999-00,Alaves,Santander,2,1
1999-12-11,1999-00,Sevilla,Barcelona,3,2
1999-12-12,1999-00,Alaves,Betis,2,0
1999-12-12,1999-00,Ath Madrid,Valencia,1,2
1999-12-12,1999-00,Celta,Ath Bilbao,1,1
1999-12-12,1999-00,Espanol,Valladolid,1,1
1999-12-12,1999-00,Mallorca,Oviedo,1,1
1999-12-12,1999-00,Santander,Real Madrid,1,1
1999-12-12,1999-00,Sociedad,La Coruna,0,1
1999-12-12,1999-00,Vallecano,Malaga,4,1
1999-12-12,1999-00,Zaragoza,Numancia,3,3
1999-12-18,1999-00,La Coruna,Celta,1,0
1999-12-18,1999-00,Real Madrid,Espanol,2,1
1999-12-18,1999-00,Valladolid,Alaves,1,1
1999-12-19,1999-00,Ath Bilbao,Zaragoza,2,2
1999-12-19,1999-00,Barcelona,Ath Madrid,2,1
1999-12-19,1999-00,Betis,Mallorca,1,0
1999-12-19,1999-00,Malaga,Sociedad,0,0
1999-12-19,1999-00,Numancia,Santander,2,1
1999-12-19,1999-00,Oviedo,Sevilla,4,2
1999-12-19,1999-00,Valencia,Vallecano,3,1
1999-12-21,1999-00,Alaves,Real Madrid,1,3
1999-12-22,1999-00,Ath Madrid,Oviedo,5,0
1999-12-22,1999-00,Betis,Valladolid,0,1
1999-12-22,1999-00,Celta,Malaga,2,4
1999-12-22,1999-00,Espanol,Numancia,3,1
1999-12-22,1999-00,Mallorca,Sevilla,3,1
1999-12-22,1999-00,Santander,Ath Bilbao,2,2
1999-12-22,1999-00,Sociedad,Valencia,0,0
1999-12-22,1999-00,Vallecano,Barcelona,1,1
1999-12-22,1999-00,Zaragoza,La Coruna,2,1
2000-01-04,1999-00,Valencia,Celta,1,1
2000-01-05,1999-00,Ath Bilbao,Espanol,2,1
2000-01-05,1999-00,Barcelona,Sociedad,3,1
2000-01-05,1999-00,La Coruna,Santander,0,3
2000-01-05,1999-00,Malaga,Zaragoza,0,0
2000-01-05,1999-00,Mallorca,Valladolid,0,0
2000-01-05,1999-00,Numancia,Alaves,0,0
2000-01-05,1999-00,Oviedo,Vallecano,2,0
2000-01-05,1999-00,Sevilla,Ath Madrid,2,1
2000-01-08,1999-00,Espanol,La Coruna,0,0
2000-01-09,1999-00,Alaves,Ath Bilbao,1,2
2000-01-09,1999-00,Ath Madrid,Mallorca,1,0
2000-01-09,1999-00,Betis,Numancia,1,2
2000-01-09,1999-00,Celta,Barcelona,0,2
2000-01-09,1999-00,Santander,Malaga,2,3
2000-01-09,1999-00,Sociedad,Oviedo,0,0
2000-01-09,1999-00,Vallecano,Sevilla,2,0
2000-01-09,1999-00,Zaragoza,Valencia,4,2
2000-01-15,1999-00,Vallecano,Ath Madrid,1,1
2000-01-16,1999-00,Alaves,La Coruna,2,1
2000-01-16,1999-00,Betis,Ath Bilbao,2,1
2000-01-16,1999-00,Celta,Oviedo,5,3
2000-01-16,1999-00,Espanol,Malaga,0,2
2000-01-16,1999-00,Santander,Valencia,1,1
2000-01-16,1999-00,Sociedad,Sevilla,1,1
2000-01-16,1999-00,Valladolid,Numancia,2,0
2000-01-16,1999-00,Zaragoza,Barcelona,0,0
2000-01-17,1999-00,Real Madrid,Mallorca,2,1
2000-01-22,1999-00,La Coruna,Betis,2,0
2000-01-23,1999-00,Ath Bilbao,Valladolid,1,0
2000-01-23,1999-00,Ath Madrid,Sociedad,1,1
2000-01-23,1999-00,Barcelona,Santander,1,0
2000-01-23,1999-00,Malaga,Alaves,0,1
2000-01-23,1999-00,Mallorca,Vallecano,2,1
2000-01-23,1999-00,Numancia,Real Madrid,0,0
2000-01-23,1999-00,Oviedo,Zaragoza,1,0
2000-01-23,1999-00,Sevilla,Celta,0,1
2000-01-23,1999-00,Valencia,Espanol,1,2
2000-01-26,1999-00,Real Madrid,Betis,2,1
2000-01-29,1999-00,Celta,Ath Madrid,0,1
2000-01-29,1999-00,Espanol,Barcelona,1,1
2000-01-30,1999-00,Alaves,Valencia,0,1
2000-01-30,1999-00,Betis,Malaga,0,0
2000-01-30,1999-00,Numancia,Mallorca,3,1
2000-01-30,1999-00,Real Madrid,Ath Bilbao,3,1
2000-01-30,1999-00,Santander,Oviedo,3,1
2000-01-30,1999-00,Sociedad,Vallecano,2,1
2000-01-30,1999-00,Valladolid,La Coruna,4,1
2000-01-30,1999-00,Zaragoza,Sevilla,2,1
2000-02-05,1999-00,Valencia,Betis,3,1
2000-02-06,1999-00,Ath Bilbao,Numancia,2,1
2000-02-06,1999-00,Ath Madrid,Zaragoza,2,2
2000-02-06,1999-00,Barcelona,Alaves,0,1
2000-02-06,1999-00,La Coruna,Real Madrid,5,2
2000-02-06,1999-00,Malaga,Valladolid,0,0
2000-02-06,1999-00,Mallorca,Sociedad,2,1
2000-02-06,1999-00,Oviedo,Espanol,1,0
2000-02-06,1999-00,Sevilla,Santander,1,0
2000-02-06,1999-00,Vallecano,Celta,1,0
2000-02-12,1999-00,Ath Bilbao,Mallorca,1,1
2000-02-12,1999-00,Real Madrid,Malaga,1,0
2000-02-12,1999-00,Valladolid,Valencia,0,0
2000-02-13,1999-00,Alaves,Oviedo,1,0
2000-02-13,1999-00,Betis,Barcelona,2,1
2000-02-13,1999-00,Celta,Sociedad,4,1
2000-02-13,1999-00,Espanol,Sevilla,2,2
2000-02-13,1999-00,Numancia,La Coruna,1,0
2000-02-13,1999-00,Santander,Ath Madrid,2,1
2000-02-13,1999-00,Zaragoza,Vallecano,1,1
2000-02-15,1999-00,Valladolid,Real Madrid,0,1
2000-02-19,1999-00,La Coruna,Ath Bilbao,2,0
2000-02-20,1999-00,Ath Madrid,Espanol,1,1
2000-02-20,1999-00,Barcelona,Valladolid,4,0
2000-02-20,1999-00,Malaga,Numancia,3,1
2000-02-20,1999-00,Mallorca,Celta,1,0
2000-02-20,1999-00,Oviedo,Betis,1,1
2000-02-20,1999-00,Sevilla,Alaves,2,2
2000-02-20,1999-00,Sociedad,Zaragoza,2,1
2000-02-20,1999-00,Valencia,Real Madrid,1,1
2000-02-20,1999-00,Vallecano,Santander,1,2
2000-02-26,1999-00,Numancia,Valencia,1,2
2000-02-26,1999-00,Real Madrid,Barcelona,3,0
2000-02-27,1999-00,Alaves,Ath Madrid,2,0
2000-02-27,1999-00,Ath Bilbao,Malaga,2,2
2000-02-27,1999-00,Betis,Sevilla,1,1
2000-02-27,1999-00,Espanol,Vallecano,5,1
2000-02-27,1999-00,La Coruna,Mallorca,2,1
2000-02-27,1999-00,Santander,Sociedad,0,0
2000-02-27,1999-00,Valladolid,Oviedo,2,1
2000-02-27,1999-00,Zaragoza,Celta,2,1
2000-03-04,1999-00,Barcelona,Numancia,4,0
2000-03-04,1999-00,Oviedo,Real Madrid,1,1
2000-03-04,1999-00,Valencia,Ath Bilbao,2,0
2000-03-05,1999-00,Ath Madrid,Betis,0,0
2000-03-05,1999-00,Celta,Santander,2,0
2000-03-05,1999-00,Malaga,La Coruna,1,0
2000-03-05,1999-00,Mallorca,Zaragoza,1,1
2000-03-05,1999-00,Sevilla,Valladolid,0,1
2000-03-05,1999-00,Sociedad,Espanol,1,0
2000-03-05,1999-00,Vallecano,Alaves,0,1
2000-03-11,1999-00,Ath Bilbao,Barcelona,0,4
2000-03-11,1999-00,Betis,Vallecano,1,1
2000-03-11,1999-00,Real Madrid,Sevilla,3,1
2000-03-12,1999-00,Alaves,Sociedad,2,1
2000-03-12,1999-00,Espanol,Celta,3,0
2000-03-12,1999-00,La Coruna,Valencia,2,0
2000-03-12,1999-00,Malaga,Mallorca,0,0
2000-03-12,1999-00,Numancia,Oviedo,1,1
2000-03-12,1999-00,Santander,Zaragoza,1,2
2000-03-12,1999-00,Valladolid,Ath Madrid,1,0
2000-03-18,1999-00,Ath Madrid,Real Madrid,1,1
2000-03-18,1999-00,Barcelona,La Coruna,2,1
2000-03-18,1999-00,Valencia,Malaga,2,2
2000-03-19,1999-00,Celta,Alaves,1,1
2000-03-19,1999-00,Mallorca,Santander,1,2
2000-03-19,1999-00,Oviedo,Ath Bilbao,1,0
2000-03-19,1999-00,Sevilla,Numancia,4,0
2000-03-19,1999-00,Sociedad,Betis,1,0
2000-03-19,1999-00,Vallecano,Valladolid,4,1
2000-03-19,1999-00,Zaragoza,Espanol,1,1
2000-03-25,1999-00,Alaves,Zaragoza,0,2
2000-03-25,1999-00,Ath Bilbao,Sevilla,1,1
2000-03-25,1999-00,Espanol,Santander,1,0
2000-03-25,1999-00,Malaga,Barcelona,1,2
2000-03-25,1999-00,Numancia,Ath Madrid,3,0
2000-03-25,1999-00,Real Madrid,Vallecano,0,0
2000-03-25,1999-00,Valencia,Mallorca,1,0
2000-03-25,1999-00,Valladolid,Sociedad,2,1
2000-03-26,1999-00,Betis,Celta,0,0
2000-03-26,1999-00,La Coruna,Oviedo,3,1
2000-04-01,1999-00,Sociedad,Real Madrid,1,1
2000-04-02,1999-00,Ath Madrid,Ath Bilbao,1,2
2000-04-02,1999-00,Barcelona,Valencia,3,0
2000-04-02,1999-00,Celta,Valladolid,1,1
2000-04-02,1999-00,Mallorca,Espanol,1,3
2000-04-02,1999-00,Oviedo,Malaga,2,2
2000-04-02,1999-00,Santander,Alaves,0,0
2000-04-02,1999-00,Sevilla,La Coruna,1,3
2000-04-02,1999-00,Vallecano,Numancia,0,0
2000-04-02,1999-00,Zaragoza,Betis,1,0
2000-04-08,1999-00,La Coruna,Ath Madrid,4,1
2000-04-09,1999-00,Alaves,Espanol,0,0
2000-04-09,1999-00,Ath Bilbao,Vallecano,1,2
2000-04-09,1999-00,Barcelona,Mallorca,0,3
2000-04-09,1999-00,Betis,Santander,2,2
2000-04-09,1999-00,Malaga,Sevilla,3,0
2000-04-09,1999-00,Numancia,Sociedad,1,2
2000-04-09,1999-00,Real Madrid,Celta,1,0
2000-04-09,1999-00,Valencia,Oviedo,6,2
2000-04-09,1999-00,Valladolid,Zaragoza,1,1
2000-04-15,1999-00,Oviedo,Barcelona,3,0
2000-04-15,1999-00,Sevilla,Valencia,1,2
2000-04-15,1999-00,Zaragoza,Real Madrid,0,1
2000-04-16,1999-00,Ath Madrid,Malaga,2,2
2000-04-16,1999-00,Celta,Numancia,0,0
2000-04-16,1999-00,Espanol,Betis,3,0
2000-04-16,1999-00,Mallorca,Alaves,2,0
2000-04-16,1999-00,Santander,Valladolid,1,1
2000-04-16,1999-00,Sociedad,Ath Bilbao,4,1
2000-04-16,1999-00,Vallecano,La Coruna,2,0
2000-04-22,1999-00,Ath Bilbao,Celta,1,0
2000-04-22,1999-00,Barcelona,Sevilla,2,0
2000-04-22,1999-00,Malaga,Vallecano,2,0
2000-04-22,1999-00,Numancia,Zaragoza,1,2
2000-04-22,1999-00,Real Madrid,Santander,2,4
2000-04-22,1999-00,Valencia,Ath Madrid,2,0
2000-04-22,1999-00,Valladolid,Espanol,1,0
2000-04-23,1999-00,Betis,Alaves,0,1
2000-04-23,1999-00,La Coruna,Sociedad,2,0
2000-04-23,1999-00,Oviedo,Mallorca,0,0
2000-04-29,1999-00,Ath Madrid,Barcelona,0,3
2000-04-29,1999-00,Espanol,Real Madrid,0,2
2000-04-29,1999-00,Vallecano,Valencia,1,3
2000-04-30,1999-00,Alaves,Valladolid,1,0
2000-04-30,1999-00,Celta,La Coruna,2,1
2000-04-30,1999-00,Mallorca,Betis,4,0
2000-04-30,1999-00,Santander,Numancia,1,1
2000-04-30,1999-00,Sevilla,Oviedo,2,3
2000-04-30,1999-00,Sociedad,Malaga,2,2
2000-04-30,1999-00,Zaragoza,Ath Bilbao,0,0
2000-05-06,1999-00,Barcelona,Vallecano,0,2
2000-05-06,1999-00,Numancia,Espanol,2,0
2000-05-06,1999-00,Real Madrid,Alaves,0,1
2000-05-06,1999-00,Valencia,Sociedad,4,0
2000-05-07,1999-00,Ath Bilbao,Santander,2,2
2000-05-07,1999-00,La Coruna,Zaragoza,2,2
2000-05-07,1999-00,Malaga,Celta,0,1
2000-05-07,1999-00,Oviedo,Ath Madrid,2,2
2000-05-07,1999-00,Sevilla,Mallorca,0,4
2000-05-07,1999-00,Valladolid,Betis,0,3
2000-05-13,1999-00,Ath Madrid,Sevilla,1,1
2000-05-14,1999-00,Alaves,Numancia,2,2
2000-05-14,1999-00,Betis,Real Madrid,0,2
2000-05-14,1999-00,Celta,Valencia,0,0
2000-05-14,1999-00,Espanol,Ath Bilbao,0,0
2000-05-14,1999-00,Santander,La Coruna,0,0
2000-05-14,1999-00,Sociedad,Barcelona,0,0
2000-05-14,1999-00,Valladolid,Mallorca,2,1
2000-05-14,1999-00,Vallecano,Oviedo,1,2
2000-05-14,1999-00,Zaragoza,Malaga,3,2
2000-05-19,1999-00,Ath Bilbao,Alaves,2,1
2000-05-19,1999-00,Barcelona,Celta,2,2
2000-05-19,1999-00,La Coruna,Espanol,2,0
2000-05-19,1999-00,Mallorca,Ath Madrid,1,2
2000-05-19,1999-00,Real Madrid,Valladolid,0,1
2000-05-19,1999-00,Sevilla,Vallecano,2,3
2000-05-19,1999-00,Valencia,Zaragoza,2,1
2000-05-20,1999-00,Malaga,Santander,0,0
2000-05-20,1999-00,Numancia,Betis,1,2
2000-05-20,1999-00,Oviedo,Sociedad,0,1
2000-09-09,2000-01,Barcelona,Malaga,2,1
2000-09-09,2000-01,La Coruna,Ath Bilbao,2,0
2000-09-09,2000-01,Real Madrid,Valencia,2,1
2000-09-09,2000-01,Sociedad,Santander,2,2
2000-09-09,2000-01,Zaragoza,Espanol,1,2
2000-09-10,2000-01,Las Palmas,Alaves,0,3
2000-09-10,2000-01,Mallorca,Valladolid,1,1
2000-09-10,2000-01,Numancia,Oviedo,1,0
2000-09-10,2000-01,Osasuna,Celta,0,2
2000-09-10,2000-01,Villarreal,Vallecano,1,5
2000-09-16,2000-01,Ath Bilbao,Barcelona,3,1
2000-09-16,2000-01,Malaga,Real Madrid,3,3
2000-09-16,2000-01,Santander,La Coruna,0,3
2000-09-16,2000-01,Valencia,Mallorca,4,0
2000-09-16,2000-01,Valladolid,Numancia,2,0
2000-09-17,2000-01,Alaves,Villarreal,0,1
2000-09-17,2000-01,Celta,Sociedad,4,1
2000-09-17,2000-01,Espanol,Osasuna,1,2
2000-09-17,2000-01,Oviedo,Las Palmas,2,2
2000-09-17,2000-01,Vallecano,Zaragoza,0,0
2000-09-23,2000-01,Barcelona,Santander,3,1
2000-09-23,2000-01,Las Palmas,Valladolid,1,1
2000-09-23,2000-01,Real Madrid,Ath Bilbao,4,1
2000-09-23,2000-01,Sociedad,La Coruna,1,1
2000-09-23,2000-01,Zaragoza,Alaves,2,2
2000-09-24,2000-01,Celta,Espanol,1,0
2000-09-24,2000-01,Mallorca,Malaga,0,1
2000-09-24,2000-01,Numancia,Valencia,0,3
2000-09-24,2000-01,Osasuna,Vallecano,2,2
2000-09-24,2000-01,Villarreal,Oviedo,1,0
2000-09-30,2000-01,Santander,Real Madrid,0,0
2000-10-01,2000-01,Alaves,Osasuna,2,0
2000-10-01,2000-01,Ath Bilbao,Mallorca,2,1
2000-10-01,2000-01,La Coruna,Barcelona,2,0
2000-10-01,2000-01,Malaga,Numancia,1,3
2000-10-01,2000-01,Oviedo,Zaragoza,2,1
2000-10-01,2000-01,Vallecano,Celta,3,0
2000-10-01,2000-01,Valencia,Las Palmas,5,1
2000-10-01,2000-01,Valladolid,Villarreal,0,0
2000-10-14,2000-01,Espanol,Vallecano,0,0
2000-10-14,2000-01,Las Palmas,Malaga,2,1
2000-10-14,2000-01,Real Madrid,La Coruna,3,0
2000-10-14,2000-01,Sociedad,Barcelona,0,6
2000-10-14,2000-01,Villarreal,Valencia,1,1
2000-10-15,2000-01,Celta,Alaves,1,1
2000-10-15,2000-01,Mallorca,Santander,2,1
2000-10-15,2000-01,Numancia,Ath Bilbao,0,0
2000-10-15,2000-01,Osasuna,Oviedo,0,0
2000-10-15,2000-01,Zaragoza,Valladolid,0,0
2000-10-18,2000-01,Espanol,Sociedad,1,2
2000-10-21,2000-01,Barcelona,Real Madrid,2,0
2000-10-21,2000-01,La Coruna,Mallorca,1,1
2000-10-21,2000-01,Valencia,Zaragoza,1,0
2000-10-22,2000-01,Alaves,Espanol,1,0
2000-10-22,2000-01,Ath Bilbao,Las Palmas,0,3
2000-10-22,2000-01,Malaga,Villarreal,2,1
2000-10-22,2000-01,Oviedo,Celta,3,1
2000-10-22,2000-01,Vallecano,Sociedad,4,1
2000-10-22,2000-01,Santander,Numancia,4,2
2000-10-22,2000-01,Valladolid,Osasuna,1,1
2000-10-28,2000-01,Las Palmas,Santander,2,1
2000-10-28,2000-01,Mallorca,Barcelona,2,0
2000-10-28,2000-01,Numancia,La Coruna,1,2
2000-10-28,2000-01,Villarreal,Ath Bilbao,0,0
2000-10-28,2000-01,Zaragoza,Malaga,1,1
2000-10-29,2000-01,Celta,Valladolid,2,1
2000-10-29,2000-01,Espanol,Oviedo,2,0
2000-10-29,2000-01,Osasuna,Valencia,1,2
2000-10-29,2000-01,Sociedad,Real Madrid,1,4
2000-10-29,2000-01,Vallecano,Alaves,0,1
2000-10-31,2000-01,La Coruna,Las Palmas,4,0
2000-11-01,2000-01,Alaves,Sociedad,0,1
2000-11-01,2000-01,Ath Bilbao,Zaragoza,1,2
2000-11-01,2000-01,Barcelona,Numancia,1,1
2000-11-01,2000-01,Malaga,Osasuna,3,1
2000-11-01,2000-01,Oviedo,Vallecano,4,1
2000-11-01,2000-01,Real Madrid,Mallorca,0,2
2000-11-01,2000-01,Santander,Villarreal,3,1
2000-11-01,2000-01,Valencia,Celta,1,0
2000-11-01,2000-01,Valladolid,Espanol,1,1
2000-11-04,2000-01,Celta,Malaga,1,0
2000-11-04,2000-01,Espanol,Valencia,1,0
2000-11-04,2000-01,Las Palmas,Barcelona,0,1
2000-11-04,2000-01,Numancia,Real Madrid,3,1
2000-11-04,2000-01,Villarreal,La Coruna,3,2
2000-11-05,2000-01,Alaves,Oviedo,4,0
2000-11-05,2000-01,Osasuna,Ath Bilbao,1,1
2000-11-05,2000-01,Sociedad,Mallorca,0,1
2000-11-05,2000-01,Vallecano,Valladolid,2,1
2000-11-05,2000-01,Zaragoza,Santander,2,0
2000-11-11,2000-01,La Coruna,Zaragoza,2,0
2000-11-12,2000-01,Ath Bilbao,Celta,2,1
2000-11-12,2000-01,Barcelona,Villarreal,1,2
2000-11-12,2000-01,Malaga,Espanol,0,0
2000-11-12,2000-01,Mallorca,Numancia,2,1
2000-11-12,2000-01,Oviedo,Sociedad,1,0
2000-11-12,2000-01,Real Madrid,Las Palmas,5,1
2000-11-12,2000-01,Santander,Osasuna,0,0
2000-11-12,2000-01,Valencia,Vallecano,2,2
2000-11-12,2000-01,Valladolid,Alaves,2,1
2000-11-18,2000-01,Alaves,Valencia,1,1
2000-11-18,2000-01,Las Palmas,Mallorca,1,0
2000-11-18,2000-01,Osasuna,La Coruna,1,1
2000-11-18,2000-01,Villarreal,Real Madrid,0,1
2000-11-19,2000-01,Celta,Santander,1,1
2000-11-19,2000-01,Espanol,Ath Bilbao,2,1
2000-11-19,2000-01,Oviedo,Valladolid,4,1
2000-11-19,2000-01,Sociedad,Numancia,4,1
2000-11-19,2000-01,Vallecano,Malaga,4,2
2000-11-19,2000-01,Zaragoza,Barcelona,3,1
2000-11-25,2000-01,Mallorca,Villarreal,2,1
2000-11-26,2000-01,Ath Bilbao,Vallecano,4,2
2000-11-26,2000-01,Barcelona,Osasuna,2,0
2000-11-26,2000-01,La Coruna,Celta,1,0
2000-11-26,2000-01,Malaga,Alaves,3,1
2000-11-26,2000-01,Numancia,Las Palmas,0,1
2000-11-26,2000-01,Santander,Espanol,1,2
2000-11-26,2000-01,Valencia,Oviedo,2,0
2000-11-26,2000-01,Valladolid,Sociedad,2,1
2000-12-02,2000-01,Celta,Barcelona,3,3
2000-12-02,2000-01,Espanol,La Coruna,0,2
2000-12-02,2000-01,Osasuna,Real Madrid,2,3
2000-12-02,2000-01,Vallecano,Santander,4,1
2000-12-02,2000-01,Valladolid,Valencia,0,0
2000-12-03,2000-01,Alaves,Ath Bilbao,2,1
2000-12-03,2000-01,Oviedo,Malaga,3,2
2000-12-03,2000-01,Sociedad,Las Palmas,1,1
2000-12-03,2000-01,Villarreal,Numancia,0,0
2000-12-03,2000-01,Zaragoza,Mallorca,1,1
2000-12-09,2000-01,Las Palmas,Villarreal,1,5
2000-12-09,2000-01,Numancia,Zaragoza,1,1
2000-12-09,2000-01,Valencia,Sociedad,2,0
2000-12-10,2000-01,Ath Bilbao,Oviedo,4,0
2000-12-10,2000-01,Barcelona,Espanol,4,2
2000-12-10,2000-01,La Coruna,Vallecano,1,1
2000-12-10,2000-01,Malaga,Valladolid,3,1
2000-12-10,2000-01,Mallorca,Osasuna,1,1
2000-12-10,2000-01,Real Madrid,Celta,3,0
2000-12-10,2000-01,Santander,Alaves,2,1
2000-12-16,2000-01,Alaves,La Coruna,3,1
2000-12-16,2000-01,Espanol,Real Madrid,1,2
2000-12-16,2000-01,Sociedad,Villarreal,0,2
2000-12-16,2000-01,Vallecano,Barcelona,2,2
2000-12-16,2000-01,Zaragoza,Las Palmas,3,1
2000-12-17,2000-01,Celta,Mallorca,2,2
2000-12-17,2000-01,Osasuna,Numancia,2,0
2000-12-17,2000-01,Oviedo,Santander,1,0
2000-12-17,2000-01,Valencia,Malaga,2,0
2000-12-17,2000-01,Valladolid,Ath Bilbao,0,0
2000-12-19,2000-01,Real Madrid,Vallecano,3,1
2000-12-20,2000-01,Ath Bilbao,Valencia,1,1
2000-12-20,2000-01,Barcelona,Alaves,3,2
2000-12-20,2000-01,La Coruna,Oviedo,3,0
2000-12-20,2000-01,Las Palmas,Osasuna,3,2
2000-12-20,2000-01,Malaga,Sociedad,3,0
2000-12-20,2000-01,Mallorca,Espanol,3,2
2000-12-20,2000-01,Numancia,Celta,4,2
2000-12-20,2000-01,Santander,Valladolid,2,2
2000-12-20,2000-01,Villarreal,Zaragoza,1,1
2001-01-06,2000-01,Malaga,Ath Bilbao,2,1
2001-01-07,2000-01,Alaves,Real Madrid,1,3
2001-01-07,2000-01,Celta,Las Palmas,0,1
2001-01-07,2000-01,Espanol,Numancia,2,0
2001-01-07,2000-01,Osasuna,Villarreal,1,0
2001-01-07,2000-01,Oviedo,Barcelona,2,3
2001-01-07,2000-01,Sociedad,Zaragoza,1,1
2001-01-07,2000-01,Vallecano,Mallorca,2,2
2001-01-07,2000-01,Valencia,Santander,1,0
2001-01-07,2000-01,Valladolid,La Coruna,3,1
2001-01-13,2000-01,Barcelona,Valladolid,3,1
2001-01-13,2000-01,La Coruna,Valencia,2,0
2001-01-14,2000-01,Las Palmas,Espanol,1,0
2001-01-14,2000-01,Mallorca,Alaves,4,3
2001-01-14,2000-01,Numancia,Vallecano,0,2
2001-01-14,2000-01,Real Madrid,Oviedo,4,0
2001-01-14,2000-01,Sociedad,Ath Bilbao,0,2
2001-01-14,2000-01,Santander,Malaga,0,1
2001-01-14,2000-01,Villarreal,Celta,2,0
2001-01-14,2000-01,Zaragoza,Osasuna,4,2
2001-01-20,2000-01,Valencia,Barcelona,0,1
2001-01-21,2000-01,Alaves,Numancia,0,2
2001-01-21,2000-01,Ath Bilbao,Santander,3,1
2001-01-21,2000-01,Celta,Zaragoza,1,1
2001-01-21,2000-01,Espanol,Villarreal,2,1
2001-01-21,2000-01,Malaga,La Coruna,1,3
2001-01-21,2000-01,Osasuna,Sociedad,1,1
2001-01-21,2000-01,Oviedo,Mallorca,1,1
2001-01-21,2000-01,Vallecano,Las Palmas,1,1
2001-01-21,2000-01,Valladolid,Real Madrid,2,2
2001-01-24,2000-01,Real Madrid,Zaragoza,3,0
2001-01-27,2000-01,Ath Bilbao,La Coruna,2,2
2001-01-27,2000-01,Espanol,Zaragoza,5,0
2001-01-27,2000-01,Malaga,Barcelona,0,0
2001-01-28,2000-01,Alaves,Las Palmas,1,0
2001-01-28,2000-01,Celta,Osasuna,1,0
2001-01-28,2000-01,Oviedo,Numancia,3,0
2001-01-28,2000-01,Vallecano,Villarreal,0,1
2001-01-28,2000-01,Santander,Sociedad,1,4
2001-01-28,2000-01,Valencia,Real Madrid,0,1
2001-01-28,2000-01,Valladolid,Mallorca,2,0
2001-02-03,2000-01,Barcelona,Ath Bilbao,7,0
2001-02-04,2000-01,La Coruna,Santander,2,1
2001-02-04,2000-01,Las Palmas,Oviedo,1,0
2001-02-04,2000-01,Mallorca,Valencia,2,2
2001-02-04,2000-01,Numancia,Valladolid,0,0
2001-02-04,2000-01,Osasuna,Espanol,1,3
2001-02-04,2000-01,Real Madrid,Malaga,4,3
2001-02-04,2000-01,Sociedad,Celta,2,2
2001-02-04,2000-01,Villarreal,Alaves,2,0
2001-02-04,2000-01,Zaragoza,Vallecano,6,1
2001-02-10,2000-01,Ath Bilbao,Real Madrid,1,0
2001-02-10,2000-01,La Coruna,Sociedad,4,1
2001-02-10,2000-01,Espanol,Celta,0,1
2001-02-10,2000-01,Vallecano,Osasuna,2,1
2001-02-10,2000-01,Valencia,Numancia,3,0
2001-02-11,2000-01,Alaves,Zaragoza,1,0
2001-02-11,2000-01,Malaga,Mallorca,0,1
2001-02-11,2000-01,Oviedo,Villarreal,1,3
2001-02-11,2000-01,Santander,Barcelona,4,0
2001-02-11,2000-01,Valladolid,Las Palmas,1,0
2001-02-17,2000-01,Barcelona,La Coruna,2,3
2001-02-17,2000-01,Las Palmas,Valencia,0,2
2001-02-17,2000-01,Real Madrid,Santander,1,0
2001-02-18,2000-01,Celta,Vallecano,1,1
2001-02-18,2000-01,Mallorca,Ath Bilbao,1,0
2001-02-18,2000-01,Numancia,Malaga,3,2
2001-02-18,2000-01,Osasuna,Alaves,0,1
2001-02-18,2000-01,Sociedad,Espanol,2,1
2001-02-18,2000-01,Villarreal,Valladolid,2,1
2001-02-18,2000-01,Zaragoza,Oviedo,5,2
2001-02-24,2000-01,La Coruna,Real Madrid,2,2
2001-02-25,2000-01,Alaves,Celta,2,2
2001-02-25,2000-01,Ath Bilbao,Numancia,3,1
2001-02-25,2000-01,Barcelona,Sociedad,3,0
2001-02-25,2000-01,Malaga,Las Palmas,2,1
2001-02-25,2000-01,Oviedo,Osasuna,2,3
2001-02-25,2000-01,Vallecano,Espanol,1,1
2001-02-25,2000-01,Santander,Mallorca,2,1
2001-02-25,2000-01,Valencia,Villarreal,3,1
2001-02-25,2000-01,Valladolid,Zaragoza,2,0
2001-03-03,2000-01,Mallorca,La Coruna,2,1
2001-03-03,2000-01,Real Madrid,Barcelona,2,2
2001-03-03,2000-01,Sociedad,Vallecano,2,0
2001-03-03,2000-01,Zaragoza,Valencia,1,1
2001-03-04,2000-01,Celta,Oviedo,1,0
2001-03-04,2000-01,Espanol,Alaves,0,0
2001-03-04,2000-01,Las Palmas,Ath Bilbao,0,0
2001-03-04,2000-01,Numancia,Santander,1,0
2001-03-04,2000-01,Osasuna,Valladolid,2,1
2001-03-04,2000-01,Villarreal,Malaga,1,2
2001-03-10,2000-01,Ath Bilbao,Villarreal,1,1
2001-03-10,2000-01,La Coruna,Numancia,4,1
2001-03-10,2000-01,Valencia,Osasuna,1,0
2001-03-11,2000-01,Alaves,Vallecano,4,2
2001-03-11,2000-01,Barcelona,Mallorca,1,1
2001-03-11,2000-01,Malaga,Zaragoza,2,0
2001-03-11,2000-01,Oviedo,Espanol,2,2
2001-03-11,2000-01,Real Madrid,Sociedad,4,0
2001-03-11,2000-01,Santander,Las Palmas,2,1
2001-03-11,2000-01,Valladolid,Celta,1,2
2001-03-17,2000-01,Las Palmas,La Coruna,2,0
2001-03-18,2000-01,Celta,Valencia,3,2
2001-03-18,2000-01,Espanol,Valladolid,1,0
2001-03-18,2000-01,Mallorca,Real Madrid,1,0
2001-03-18,2000-01,Numancia,Barcelona,1,1
2001-03-18,2000-01,Osasuna,Malaga,3,3
2001-03-18,2000-01,Sociedad,Alaves,1,1
2001-03-18,2000-01,Vallecano,Oviedo,0,2
2001-03-18,2000-01,Villarreal,Santander,4,2
2001-03-18,2000-01,Zaragoza,Ath Bilbao,2,2
2001-03-31,2000-01,La Coruna,Villarreal,4,2
2001-03-31,2000-01,Malaga,Celta,1,4
2001-03-31,2000-01,Real Madrid,Numancia,1,0
2001-03-31,2000-01,Valencia,Espanol,0,1
2001-04-01,2000-01,Ath Bilbao,Osasuna,0,1
2001-04-01,2000-01,Barcelona,Las Palmas,4,1
2001-04-01,2000-01,Mallorca,Sociedad,1,1
2001-04-01,2000-01,Oviedo,Alaves,3,3
2001-04-01,2000-01,Santander,Zaragoza,2,1
2001-04-01,2000-01,Valladolid,Vallecano,1,3
2001-04-07,2000-01,Vallecano,Valencia,1,4
2001-04-08,2000-01,Alaves,Valladolid,4,2
2001-04-08,2000-01,Celta,Ath Bilbao,2,1
2001-04-08,2000-01,Espanol,Malaga,1,2
2001-04-08,2000-01,Las Palmas,Real Madrid,0,1
2001-04-08,2000-01,Numancia,Mallorca,0,2
2001-04-08,2000-01,Osasuna,Santander,1,1
2001-04-08,2000-01,Sociedad,Oviedo,3,0
2001-04-08,2000-01,Villarreal,Barcelona,4,4
2001-04-08,2000-01,Zaragoza,La Coruna,2,1
2001-04-14,2000-01,Barcelona,Zaragoza,4,4
2001-04-14,2000-01,La Coruna,Osasuna,2,1
2001-04-14,2000-01,Real Madrid,Villarreal,4,0
2001-04-14,2000-01,Valencia,Alaves,1,2
2001-04-15,2000-01,Ath Bilbao,Espanol,0,1
2001-04-15,2000-01,Malaga,Vallecano,1,1
2001-04-15,2000-01,Mallorca,Las Palmas,2,1
2001-04-15,2000-01,Numancia,Sociedad,3,3
2001-04-15,2000-01,Santander,Celta,3,0
2001-04-15,2000-01,Valladolid,Oviedo,1,0
2001-04-21,2000-01,Celta,La Coruna,2,1
2001-04-22,2000-01,Alaves,Malaga,1,2
2001-04-22,2000-01,Espanol,Santander,3,0
2001-04-22,2000-01,Las Palmas,Numancia,1,1
2001-04-22,2000-01,Osasuna,Barcelona,3,1
2001-04-22,2000-01,Oviedo,Valencia,0,0
2001-04-22,2000-01,Sociedad,Valladolid,3,1
2001-04-22,2000-01,Vallecano,Ath Bilbao,1,2
2001-04-22,2000-01,Villarreal,Mallorca,2,2
2001-04-22,2000-01,Zaragoza,Real Madrid,2,3
2001-04-28,2000-01,Real Madrid,Osasuna,1,1
2001-04-28,2000-01,Valencia,Valladolid,1,0
2001-04-29,2000-01,Ath Bilbao,Alaves,2,0
2001-04-29,2000-01,Barcelona,Celta,1,1
2001-04-29,2000-01,La Coruna,Espanol,1,0
2001-04-29,2000-01,Las Palmas,Sociedad,2,1
2001-04-29,2000-01,Malaga,Oviedo,2,2
2001-04-29,2000-01,Mallorca,Zaragoza,2,1
2001-04-29,2000-01,Numancia,Villarreal,1,3
2001-04-29,2000-01,Santander,Vallecano,1,1
2001-05-05,2000-01,Celta,Real Madrid,3,0
2001-05-05,2000-01,Espanol,Barcelona,0,0
2001-05-05,2000-01,Sociedad,Valencia,1,2
2001-05-06,2000-01,Alaves,Santander,5,1
2001-05-06,2000-01,Osasuna,Mallorca,1,0
2001-05-06,2000-01,Oviedo,Ath Bilbao,5,0
2001-05-06,2000-01,Vallecano,La Coruna,1,1
2001-05-06,2000-01,Valladolid,Malaga,0,0
2001-05-06,2000-01,Villarreal,Las Palmas,2,1
2001-05-06,2000-01,Zaragoza,Numancia,3,1
2001-05-11,2000-01,La Coruna,Alaves,2,1
2001-05-12,2000-01,Villarreal,Sociedad,1,3
2001-05-13,2000-01,Ath Bilbao,Valladolid,1,1
2001-05-13,2000-01,Barcelona,Vallecano,5,1
2001-05-13,2000-01,Las Palmas,Zaragoza,2,1
2001-05-13,2000-01,Malaga,Valencia,3,0
2001-05-13,2000-01,Mallorca,Celta,2,0
2001-05-13,2000-01,Numancia,Osasuna,1,0
2001-05-13,2000-01,Real Madrid,Espanol,2,2
2001-05-13,2000-01,Santander,Oviedo,2,0
2001-05-18,2000-01,Valencia,Ath Bilbao,1,0
2001-05-19,2000-01,Alaves,Barcelona,0,1
2001-05-20,2000-01,Celta,Numancia,1,1
2001-05-20,2000-01,Espanol,Mallorca,0,1
2001-05-20,2000-01,Osasuna,Las Palmas,3,3
2001-05-20,2000-01,Oviedo,La Coruna,2,3
2001-05-20,2000-01,Sociedad,Malaga,4,0
2001-05-20,2000-01,Vallecano,Real Madrid,0,1
2001-05-20,2000-01,Valladolid,Santander,1,1
2001-05-20,2000-01,Zaragoza,Villarreal,0,0
2001-05-26,2000-01,Las Palmas,Celta,0,1
2001-05-26,2000-01,Real Madrid,Alaves,5,0
2001-05-27,2000-01,Ath Bilbao,Malaga,1,3
2001-05-27,2000-01,Barcelona,Oviedo,0,1
2001-05-27,2000-01,La Coruna,Valladolid,1,2
2001-05-27,2000-01,Mallorca,Vallecano,4,0
2001-05-27,2000-01,Numancia,Espanol,2,1
2001-05-27,2000-01,Santander,Valencia,1,1
2001-05-27,2000-01,Villarreal,Osasuna,2,0
2001-05-27,2000-01,Zaragoza,Sociedad,1,1
2001-06-10,2000-01,Alaves,Mallorca,2,4
2001-06-10,2000-01,Ath Bilbao,Sociedad,1,3
2001-06-10,2000-01,Celta,Villarreal,1,0
2001-06-10,2000-01,Espanol,Las Palmas,3,2
2001-06-10,2000-01,Malaga,Santander,2,1
2001-06-10,2000-01,Osasuna,Zaragoza,1,0
2001-06-10,2000-01,Oviedo,Real Madrid,1,1
2001-06-10,2000-01,Vallecano,Numancia,2,1
2001-06-10,2000-01,Valencia,La Coruna,0,1
2001-06-10,2000-01,Valladolid,Barcelona,2,2
2001-06-16,2000-01,Las Palmas,Vallecano,1,0
2001-06-16,2000-01,Numancia,Alaves,2,1
2001-06-16,2000-01,Santander,Ath Bilbao,3,0
2001-06-16,2000-01,Villarreal,Espanol,4,0
2001-06-17,2000-01,Barcelona,Valencia,3,2
2001-06-17,2000-01,La Coruna,Malaga,4,0
2001-06-17,2000-01,Mallorca,Oviedo,4,2
2001-06-17,2000-01,Real Madrid,Valladolid,2,1
2001-06-17,2000-01,Sociedad,Osasuna,0,1
2001-06-17,2000-01,Zaragoza,Celta,1,1
2001-08-25,2001-02,Valencia,Real Madrid,1,0
2001-08-26,2001-02,La Coruna,Valladolid,4,0
2001-08-26,2001-02,Espanol,Zaragoza,2,1
2001-08-26,2001-02,Malaga,Betis,3,2
2001-08-26,2001-02,Mallorca,Las Palmas,0,3
2001-08-26,2001-02,Osasuna,Celta,0,3
2001-08-26,2001-02,Sociedad,Ath Bilbao,1,3
2001-08-26,2001-02,Vallecano,Villarreal,1,2
2001-08-26,2001-02,Sevilla,Barcelona,1,2
2001-08-26,2001-02,Tenerife,Alaves,0,2
2001-09-08,2001-02,Ath Bilbao,Mallorca,0,1
2001-09-08,2001-02,Las Palmas,La Coruna,0,1
2001-09-08,2001-02,Real Madrid,Malaga,1,1
2001-09-08,2001-02,Villarreal,Osasuna,3,0
2001-09-09,2001-02,Alaves,Sociedad,2,0
2001-09-09,2001-02,Barcelona,Vallecano,1,1
2001-09-09,2001-02,Betis,Espanol,2,0
2001-09-09,2001-02,Celta,Tenerife,3,0
2001-09-09,2001-02,Valladolid,Valencia,1,1
2001-09-09,2001-02,Zaragoza,Sevilla,1,1
2001-09-15,2001-02,Betis,Real Madrid,3,1
2001-09-15,2001-02,La Coruna,Ath Bilbao,1,2
2001-09-15,2001-02,Mallorca,Alaves,0,0
2001-09-15,2001-02,Osasuna,Barcelona,0,0
2001-09-16,2001-02,Espanol,Sevilla,2,3
2001-09-16,2001-02,Malaga,Valladolid,1,2
2001-09-16,2001-02,Sociedad,Celta,0,0
2001-09-16,2001-02,Vallecano,Zaragoza,1,2
2001-09-16,2001-02,Tenerife,Villarreal,2,0
2001-09-16,2001-02,Valencia,Las Palmas,1,0
2001-09-22,2001-02,Alaves,La Coruna,2,3
2001-09-22,2001-02,Barcelona,Tenerife,2,0
2001-09-22,2001-02,Las Palmas,Malaga,0,0
2001-09-22,2001-02,Real Madrid,Espanol,5,1
2001-09-22,2001-02,Villarreal,Sociedad,1,0
2001-09-23,2001-02,Ath Bilbao,Valencia,2,2
2001-09-23,2001-02,Celta,Mallorca,2,0
2001-09-23,2001-02,Sevilla,Vallecano,2,1
2001-09-23,2001-02,Valladolid,Betis,0,2
2001-09-23,2001-02,Zaragoza,Osasuna,0,1
2001-09-29,2001-02,Espanol,Vallecano,3,1
2001-09-29,2001-02,Malaga,Ath Bilbao,1,2
2001-09-29,2001-02,Real Madrid,Valladolid,2,2
2001-09-29,2001-02,Sociedad,Barcelona,0,2
2001-09-30,2001-02,Betis,Las Palmas,1,0
2001-09-30,2001-02,La Coruna,Celta,2,2
2001-09-30,2001-02,Mallorca,Villarreal,0,1
2001-09-30,2001-02,Osasuna,Sevilla,1,0
2001-09-30,2001-02,Tenerife,Zaragoza,0,0
2001-09-30,2001-02,Valencia,Alaves,0,0
2001-10-03,2001-02,Alaves,Malaga,1,0
2001-10-03,2001-02,Ath Bilbao,Betis,0,0
2001-10-03,2001-02,Barcelona,Mallorca,3,0
2001-10-03,2001-02,Las Palmas,Real Madrid,4,2
2001-10-03,2001-02,Vallecano,Osasuna,0,1
2001-10-03,2001-02,Sevilla,Tenerife,2,0
2001-10-03,2001-02,Valladolid,Espanol,0,1
2001-10-03,2001-02,Villarreal,La Coruna,1,1
2001-10-03,2001-02,Zaragoza,Sociedad,3,2
2001-10-04,2001-02,Celta,Valencia,1,1
2001-10-06,2001-02,La Coruna,Barcelona,2,1
2001-10-06,2001-02,Real Madrid,Ath Bilbao,2,0
2001-10-07,2001-02,Betis,Alaves,1,0
2001-10-07,2001-02,Espanol,Osasuna,1,1
2001-10-07,2001-02,Malaga,Celta,2,2
2001-10-07,2001-02,Mallorca,Zaragoza,0,1
2001-10-07,2001-02,Sociedad,Sevilla,3,3
2001-10-07,2001-02,Tenerife,Vallecano,3,1
2001-10-07,2001-02,Valencia,Villarreal,1,0
2001-10-07,2001-02,Valladolid,Las Palmas,1,0
2001-10-13,2001-02,Alaves,Real Madrid,0,0
2001-10-13,2001-02,Sevilla,Mallorca,2,2
2001-10-13,2001-02,Zaragoza,La Coruna,1,2
2001-10-14,2001-02,Ath Bilbao,Valladolid,1,4
2001-10-14,2001-02,Barcelona,Valencia,2,2
2001-10-14,2001-02,Celta,Betis,3,1
2001-10-14,2001-02,Las Palmas,Espanol,2,0
2001-10-14,2001-02,Osasuna,Tenerife,0,2
2001-10-14,2001-02,Vallecano,Sociedad,2,1
2001-10-14,2001-02,Villarreal,Malaga,1,2
2001-10-20,2001-02,Betis,Villarreal,1,1
2001-10-20,2001-02,La Coruna,Sevilla,1,0
2001-10-20,2001-02,Las Palmas,Ath Bilbao,1,1
2001-10-20,2001-02,Malaga,Barcelona,1,1
2001-10-20,2001-02,Sociedad,Osasuna,2,1
2001-10-21,2001-02,Espanol,Tenerife,2,0
2001-10-21,2001-02,Mallorca,Vallecano,3,0
2001-10-21,2001-02,Real Madrid,Celta,1,1
2001-10-21,2001-02,Valencia,Zaragoza,2,0
2001-10-21,2001-02,Valladolid,Alaves,1,3
2001-10-27,2001-02,Barcelona,Betis,3,0
2001-10-27,2001-02,Osasuna,Mallorca,4,0
2001-10-27,2001-02,Vallecano,La Coruna,2,1
2001-10-27,2001-02,Tenerife,Sociedad,0,1
2001-10-27,2001-02,Villarreal,Real Madrid,2,3
2001-10-28,2001-02,Alaves,Las Palmas,1,0
2001-10-28,2001-02,Ath Bilbao,Espanol,1,1
2001-10-28,2001-02,Celta,Valladolid,1,1
2001-10-28,2001-02,Sevilla,Valencia,1,1
2001-10-28,2001-02,Zaragoza,Malaga,0,2
2001-11-03,2001-02,Ath Bilbao,Alaves,2,1
2001-11-04,2001-02,Betis,Zaragoza,0,1
2001-11-04,2001-02,La Coruna,Osasuna,5,1
2001-11-04,2001-02,Espanol,Sociedad,1,2
2001-11-04,2001-02,Las Palmas,Celta,4,2
2001-11-04,2001-02,Malaga,Sevilla,1,3
2001-11-04,2001-02,Mallorca,Tenerife,2,0
2001-11-04,2001-02,Real Madrid,Barcelona,2,0
2001-11-04,2001-02,Valencia,Vallecano,2,1
2001-11-04,2001-02,Valladolid,Villarreal,1,0
2001-11-10,2001-02,Sevilla,Betis,0,0
2001-11-11,2001-02,Alaves,Espanol,2,1
2001-11-11,2001-02,Barcelona,Valladolid,4,0
2001-11-11,2001-02,Celta,Ath Bilbao,2,3
2001-11-11,2001-02,Osasuna,Valencia,0,0
2001-11-11,2001-02,Sociedad,Mallorca,1,2
2001-11-11,2001-02,Vallecano,Malaga,3,0
2001-11-11,2001-02,Tenerife,La Coruna,3,1
2001-11-11,2001-02,Villarreal,Las Palmas,2,0
2001-11-11,2001-02,Zaragoza,Real Madrid,2,1
2001-11-17,2001-02,La Coruna,Sociedad,3,1
2001-11-17,2001-02,Las Palmas,Barcelona,0,0
2001-11-17,2001-02,Real Madrid,Sevilla,2,1
2001-11-18,2001-02,Alaves,Celta,1,0
2001-11-18,2001-02,Ath Bilbao,Villarreal,0,0
2001-11-18,2001-02,Betis,Vallecano,2,0
2001-11-18,2001-02,Espanol,Mallorca,2,1
2001-11-18,2001-02,Malaga,Osasuna,2,1
2001-11-18,2001-02,Valencia,Tenerife,0,0
2001-11-18,2001-02,Valladolid,Zaragoza,2,0
2001-11-24,2001-02,Barcelona,Ath Bilbao,1,2
2001-11-25,2001-02,Celta,Espanol,4,1
2001-11-25,2001-02,Mallorca,La Coruna,4,1
2001-11-25,2001-02,Osasuna,Betis,1,2
2001-11-25,2001-02,Sociedad,Valencia,2,0
2001-11-25,2001-02,Vallecano,Real Madrid,0,3
2001-11-25,2001-02,Sevilla,Valladolid,4,0
2001-11-25,2001-02,Tenerife,Malaga,1,0
2001-11-25,2001-02,Villarreal,Alaves,1,0
2001-11-25,2001-02,Zaragoza,Las Palmas,2,1
2001-12-01,2001-02,Alaves,Barcelona,2,0
2001-12-01,2001-02,Espanol,La Coruna,1,0
2001-12-01,2001-02,Real Madrid,Osasuna,2,1
2001-12-01,2001-02,Valencia,Mallorca,1,1
2001-12-02,2001-02,Ath Bilbao,Zaragoza,2,1
2001-12-02,2001-02,Betis,Tenerife,1,0
2001-12-02,2001-02,Celta,Villarreal,3,1
2001-12-02,2001-02,Las Palmas,Sevilla,1,0
2001-12-02,2001-02,Malaga,Sociedad,1,0
2001-12-02,2001-02,Valladolid,Vallecano,3,1
2001-12-08,2001-02,Sevilla,Ath Bilbao,3,3
2001-12-08,2001-02,Tenerife,Real Madrid,0,2
2001-12-09,2001-02,Barcelona,Celta,2,2
2001-12-09,2001-02,La Coruna,Valencia,1,0
2001-12-09,2001-02,Mallorca,Malaga,1,1
2001-12-09,2001-02,Osasuna,Valladolid,1,0
2001-12-09,2001-02,Sociedad,Betis,0,0
2001-12-09,2001-02,Vallecano,Las Palmas,0,0
2001-12-09,2001-02,Villarreal,Espanol,1,1
2001-12-09,2001-02,Zaragoza,Alaves,0,2
2001-12-15,2001-02,Espanol,Valencia,2,3
2001-12-15,2001-02,Las Palmas,Osasuna,1,1
2001-12-15,2001-02,Real Madrid,Sociedad,3,1
2001-12-16,2001-02,Alaves,Sevilla,0,1
2001-12-16,2001-02,Ath Bilbao,Vallecano,1,1
2001-12-16,2001-02,Betis,Mallorca,1,0
2001-12-16,2001-02,Celta,Zaragoza,2,0
2001-12-16,2001-02,Malaga,La Coruna,1,1
2001-12-16,2001-02,Valladolid,Tenerife,0,0
2001-12-16,2001-02,Villarreal,Barcelona,0,1
2001-12-22,2001-02,La Coruna,Betis,2,0
2001-12-22,2001-02,Espanol,Barcelona,2,0
2001-12-22,2001-02,Sociedad,Valladolid,6,0
2001-12-22,2001-02,Sevilla,Celta,0,1
2001-12-22,2001-02,Tenerife,Las Palmas,1,3
2001-12-22,2001-02,Valencia,Malaga,2,1
2001-12-23,2001-02,Mallorca,Real Madrid,1,1
2001-12-23,2001-02,Osasuna,Ath Bilbao,0,1
2001-12-23,2001-02,Zaragoza,Villarreal,3,2
2002-01-05,2001-02,Celta,Vallecano,2,2
2002-01-05,2001-02,Las Palmas,Sociedad,0,0
2002-01-05,2001-02,Real Madrid,La Coruna,3,1
2002-01-05,2001-02,Villarreal,Sevilla,0,2
2002-01-06,2001-02,Alaves,Osasuna,0,2
2002-01-06,2001-02,Ath Bilbao,Tenerife,1,2
2002-01-06,2001-02,Barcelona,Zaragoza,2,0
2002-01-06,2001-02,Betis,Valencia,1,3
2002-01-06,2001-02,Malaga,Espanol,2,0
2002-01-06,2001-02,Valladolid,Mallorca,2,1
2002-01-12,2001-02,Ath Bilbao,Sociedad,2,1
2002-01-12,2001-02,Villarreal,Vallecano,1,1
2002-01-13,2001-02,Alaves,Tenerife,1,0
2002-01-13,2001-02,Barcelona,Sevilla,3,1
2002-01-13,2001-02,Betis,Malaga,1,1
2002-01-13,2001-02,Celta,Osasuna,1,1
2002-01-13,2001-02,Las Palmas,Mallorca,3,1
2002-01-13,2001-02,Real Madrid,Valencia,1,0
2002-01-13,2001-02,Valladolid,La Coruna,3,0
2002-01-13,2001-02,Zaragoza,Espanol,0,0
2002-01-19,2001-02,Malaga,Real Madrid,1,1
2002-01-19,2001-02,Sociedad,Alaves,1,2
2002-01-20,2001-02,La Coruna,Las Palmas,1,0
2002-01-20,2001-02,Espanol,Betis,1,1
2002-01-20,2001-02,Mallorca,Ath Bilbao,3,0
2002-01-20,2001-02,Osasuna,Villarreal,2,2
2002-01-20,2001-02,Vallecano,Barcelona,2,1
2002-01-20,2001-02,Sevilla,Zaragoza,4,2
2002-01-20,2001-02,Tenerife,Celta,1,1
2002-01-20,2001-02,Valencia,Valladolid,1,2
2002-01-23,2001-02,Vallecano,Alaves,2,0
2002-01-26,2001-02,Celta,Sociedad,3,1
2002-01-26,2001-02,Las Palmas,Valencia,0,1
2002-01-27,2001-02,Alaves,Mallorca,0,4
2002-01-27,2001-02,Ath Bilbao,La Coruna,1,1
2002-01-27,2001-02,Barcelona,Osasuna,0,1
2002-01-27,2001-02,Real Madrid,Betis,1,1
2002-01-27,2001-02,Sevilla,Espanol,3,0
2002-01-27,2001-02,Valladolid,Malaga,0,0
2002-01-27,2001-02,Villarreal,Tenerife,2,1
2002-01-27,2001-02,Zaragoza,Vallecano,3,2
2002-02-02,2001-02,La Coruna,Alaves,0,1
2002-02-02,2001-02,Mallorca,Celta,0,1
2002-02-02,2001-02,Sociedad,Villarreal,2,1
2002-02-02,2001-02,Vallecano,Sevilla,2,1
2002-02-02,2001-02,Tenerife,Barcelona,0,6
2002-02-03,2001-02,Betis,Valladolid,2,0
2002-02-03,2001-02,Espanol,Real Madrid,2,1
2002-02-03,2001-02,Malaga,Las Palmas,1,1
2002-02-03,2001-02,Osasuna,Zaragoza,0,0
2002-02-03,2001-02,Valencia,Ath Bilbao,2,1
2002-02-05,2001-02,Celta,La Coruna,0,2
2002-02-06,2001-02,Alaves,Valencia,1,2
2002-02-06,2001-02,Ath Bilbao,Malaga,3,2
2002-02-06,2001-02,Barcelona,Sociedad,2,0
2002-02-06,2001-02,Las Palmas,Betis,0,0
2002-02-06,2001-02,Vallecano,Espanol,2,2
2002-02-06,2001-02,Sevilla,Osasuna,0,0
2002-02-06,2001-02,Valladolid,Real Madrid,2,1
2002-02-06,2001-02,Villarreal,Mallorca,2,1
2002-02-06,2001-02,Zaragoza,Tenerife,1,1
2002-02-09,2001-02,Mallorca,Barcelona,0,0
2002-02-09,2001-02,Valencia,Celta,0,0
2002-02-10,2001-02,Betis,Ath Bilbao,1,1
2002-02-10,2001-02,La Coruna,Villarreal,0,0
2002-02-10,2001-02,Espanol,Valladolid,1,0
2002-02-10,2001-02,Malaga,Alaves,1,0
2002-02-10,2001-02,Osasuna,Vallecano,1,0
2002-02-10,2001-02,Real Madrid,Las Palmas,7,0
2002-02-10,2001-02,Sociedad,Zaragoza,3,1
2002-02-10,2001-02,Tenerife,Sevilla,1,1
2002-02-16,2001-02,Ath Bilbao,Real Madrid,2,1
2002-02-16,2001-02,Barcelona,La Coruna,3,2
2002-02-16,2001-02,Villarreal,Valencia,1,1
2002-02-17,2001-02,Alaves,Betis,0,1
2002-02-17,2001-02,Celta,Malaga,0,0
2002-02-17,2001-02,Las Palmas,Valladolid,1,1
2002-02-17,2001-02,Osasuna,Espanol,1,1
2002-02-17,2001-02,Vallecano,Tenerife,2,0
2002-02-17,2001-02,Sevilla,Sociedad,0,1
2002-02-17,2001-02,Zaragoza,Mallorca,1,0
2002-02-23,2001-02,La Coruna,Zaragoza,1,0
2002-02-23,2001-02,Real Madrid,Alaves,3,1
2002-02-23,2001-02,Valencia,Barcelona,2,0
2002-02-24,2001-02,Betis,Celta,4,1
2002-02-24,2001-02,Espanol,Las Palmas,3,1
2002-02-24,2001-02,Malaga,Villarreal,2,1
2002-02-24,2001-02,Mallorca,Sevilla,0,4
2002-02-24,2001-02,Sociedad,Vallecano,2,2
2002-02-24,2001-02,Tenerife,Osasuna,3,1
2002-02-24,2001-02,Valladolid,Ath Bilbao,2,0
2002-03-02,2001-02,Celta,Real Madrid,0,1
2002-03-02,2001-02,Sevilla,La Coruna,0,1
2002-03-02,2001-02,Villarreal,Betis,1,1
2002-03-03,2001-02,Alaves,Valladolid,3,1
2002-03-03,2001-02,Ath Bilbao,Las Palmas,3,1
2002-03-03,2001-02,Barcelona,Malaga,5,1
2002-03-03,2001-02,Osasuna,Sociedad,1,1
2002-03-03,2001-02,Vallecano,Mallorca,0,2
2002-03-03,2001-02,Tenerife,Espanol,1,1
2002-03-03,2001-02,Zaragoza,Valencia,0,1
2002-03-09,2001-02,Betis,Barcelona,2,1
2002-03-09,2001-02,La Coruna,Vallecano,1,1
2002-03-09,2001-02,Las Palmas,Alaves,2,1
2002-03-09,2001-02,Real Madrid,Villarreal,3,0
2002-03-10,2001-02,Espanol,Ath Bilbao,2,0
2002-03-10,2001-02,Malaga,Zaragoza,2,1
2002-03-10,2001-02,Mallorca,Osasuna,4,2
2002-03-10,2001-02,Sociedad,Tenerife,0,2
2002-03-10,2001-02,Valencia,Sevilla,2,0
2002-03-10,2001-02,Valladolid,Celta,2,4
2002-03-16,2001-02,Barcelona,Real Madrid,1,1
2002-03-16,2001-02,Osasuna,La Coruna,1,3
2002-03-17,2001-02,Alaves,Ath Bilbao,2,3
2002-03-17,2001-02,Celta,Las Palmas,3,2
2002-03-17,2001-02,Sociedad,Espanol,1,0
2002-03-17,2001-02,Vallecano,Valencia,2,1
2002-03-17,2001-02,Sevilla,Malaga,0,2
2002-03-17,2001-02,Tenerife,Mallorca,0,0
2002-03-17,2001-02,Villarreal,Valladolid,2,2
2002-03-17,2001-02,Zaragoza,Betis,1,1
2002-03-23,2001-02,Betis,Sevilla,0,0
2002-03-23,2001-02,Las Palmas,Villarreal,3,2
2002-03-23,2001-02,Malaga,Vallecano,0,0
2002-03-24,2001-02,Ath Bilbao,Celta,1,6
2002-03-24,2001-02,La Coruna,Tenerife,3,1
2002-03-24,2001-02,Espanol,Alaves,1,2
2002-03-24,2001-02,Mallorca,Sociedad,0,2
2002-03-24,2001-02,Real Madrid,Zaragoza,3,1
2002-03-24,2001-02,Valencia,Osasuna,2,1
2002-03-24,2001-02,Valladolid,Barcelona,1,2
2002-03-30,2001-02,Barcelona,Las Palmas,1,1
2002-03-30,2001-02,Celta,Alaves,3,1
2002-03-30,2001-02,Sociedad,La Coruna,1,1
2002-03-30,2001-02,Sevilla,Real Madrid,0,1
2002-03-30,2001-02,Tenerife,Valencia,0,1
2002-03-31,2001-02,Mallorca,Espanol,2,1
2002-03-31,2001-02,Osasuna,Malaga,0,2
2002-03-31,2001-02,Vallecano,Betis,0,0
2002-03-31,2001-02,Villarreal,Ath Bilbao,5,2
2002-03-31,2001-02,Zaragoza,Valladolid,0,0
2002-04-06,2001-02,Ath Bilbao,Barcelona,0,2
2002-04-06,2001-02,La Coruna,Mallorca,5,0
2002-04-06,2001-02,Las Palmas,Zaragoza,1,1
2002-04-06,2001-02,Real Madrid,Vallecano,3,1
2002-04-07,2001-02,Alaves,Villarreal,2,1
2002-04-07,2001-02,Betis,Osasuna,0,0
2002-04-07,2001-02,Espanol,Celta,2,0
2002-04-07,2001-02,Malaga,Tenerife,2,0
2002-04-07,2001-02,Valencia,Sociedad,4,0
2002-04-07,2001-02,Valladolid,Sevilla,1,1
2002-04-13,2001-02,Mallorca,Valencia,1,1
2002-04-14,2001-02,Barcelona,Alaves,3,2
2002-04-14,2001-02,La Coruna,Espanol,3,1
2002-04-14,2001-02,Osasuna,Real Madrid,3,1
2002-04-14,2001-02,Sociedad,Malaga,2,1
2002-04-14,2001-02,Vallecano,Valladolid,1,0
2002-04-14,2001-02,Sevilla,Las Palmas,1,1
2002-04-14,2001-02,Tenerife,Betis,2,1
2002-04-14,2001-02,Villarreal,Celta,2,1
2002-04-14,2001-02,Zaragoza,Ath Bilbao,2,2
2002-04-20,2001-02,Celta,Barcelona,2,1
2002-04-20,2001-02,Las Palmas,Vallecano,0,2
2002-04-20,2001-02,Real Madrid,Tenerife,4,1
2002-04-21,2001-02,Alaves,Zaragoza,2,1
2002-04-21,2001-02,Ath Bilbao,Sevilla,0,1
2002-04-21,2001-02,Betis,Sociedad,3,0
2002-04-21,2001-02,Espanol,Villarreal,3,1
2002-04-21,2001-02,Malaga,Mallorca,0,0
2002-04-21,2001-02,Valencia,La Coruna,1,0
2002-04-21,2001-02,Valladolid,Osasuna,1,0
2002-04-27,2001-02,Barcelona,Villarreal,4,1
2002-04-27,2001-02,Sociedad,Real Madrid,3,0
2002-04-27,2001-02,Valencia,Espanol,2,1
2002-04-28,2001-02,La Coruna,Malaga,2,2
2002-04-28,2001-02,Mallorca,Betis,1,3
2002-04-28,2001-02,Osasuna,Las Palmas,3,2
2002-04-28,2001-02,Vallecano,Ath Bilbao,4,2
2002-04-28,2001-02,Sevilla,Alaves,2,0
2002-04-28,2001-02,Tenerife,Valladolid,1,5
2002-04-28,2001-02,Zaragoza,Celta,0,1
2002-05-05,2001-02,Alaves,Vallecano,0,1
2002-05-05,2001-02,Ath Bilbao,Osasuna,1,1
2002-05-05,2001-02,Barcelona,Espanol,2,0
2002-05-05,2001-02,Betis,La Coruna,0,3
2002-05-05,2001-02,Celta,Sevilla,1,2
2002-05-05,2001-02,Las Palmas,Tenerife,0,1
2002-05-05,2001-02,Malaga,Valencia,0,2
2002-05-05,2001-02,Real Madrid,Mallorca,0,0
2002-05-05,2001-02,Valladolid,Sociedad,1,3
2002-05-05,2001-02,Villarreal,Zaragoza,2,1
2002-05-10,2001-02,La Coruna,Real Madrid,3,0
2002-05-11,2001-02,Espanol,Malaga,1,2
2002-05-11,2001-02,Mallorca,Valladolid,2,1
2002-05-11,2001-02,Osasuna,Alaves,0,1
2002-05-11,2001-02,Sociedad,Las Palmas,1,1
2002-05-11,2001-02,Vallecano,Celta,1,0
2002-05-11,2001-02,Sevilla,Villarreal,1,0
2002-05-11,2001-02,Tenerife,Ath Bilbao,2,3
2002-05-11,2001-02,Valencia,Betis,2,0
2002-05-11,2001-02,Zaragoza,Barcelona,1,1
2002-08-31,2002-03,Santander,Valladolid,0,1
2002-09-01,2002-03,Barcelona,Ath Madrid,2,2
2002-09-01,2002-03,La Coruna,Betis,2,4
2002-09-01,2002-03,Mallorca,Valencia,0,2
2002-09-01,2002-03,Recreativo,Malaga,2,3
2002-09-01,2002-03,Sevilla,Celta,0,1
2002-09-01,2002-03,Sociedad,Ath Bilbao,4,2
2002-09-01,2002-03,Vallecano,Alaves,2,2
2002-09-01,2002-03,Villarreal,Osasuna,2,2
2002-09-02,2002-03,Real Madrid,Espanol,2,0
2002-09-14,2002-03,Ath Bilbao,Barcelona,0,2
2002-09-14,2002-03,Malaga,Vallecano,2,1
2002-09-14,2002-03,Osasuna,La Coruna,1,2
2002-09-14,2002-03,Valencia,Recreativo,3,0
2002-09-15,2002-03,Alaves,Santander,0,1
2002-09-15,2002-03,Ath Madrid,Sevilla,1,1
2002-09-15,2002-03,Celta,Mallorca,3,1
2002-09-15,2002-03,Espanol,Sociedad,1,3
2002-09-15,2002-03,Valladolid,Villarreal,1,0
2002-09-21,2002-03,Barcelona,Espanol,2,0
2002-09-21,2002-03,La Coruna,Valladolid,2,0
2002-09-21,2002-03,Real Madrid,Osasuna,4,1
2002-09-22,2002-03,Malaga,Valencia,2,2
2002-09-22,2002-03,Mallorca,Ath Madrid,0,4
2002-09-22,2002-03,Recreativo,Celta,0,3
2002-09-22,2002-03,Sevilla,Ath Bilbao,1,1
2002-09-22,2002-03,Sociedad,Betis,3,3
2002-09-22,2002-03,Vallecano,Santander,3,1
2002-09-22,2002-03,Villarreal,Alaves,0,1
2002-09-28,2002-03,Alaves,La Coruna,1,2
2002-09-28,2002-03,Betis,Barcelona,3,0
2002-09-28,2002-03,Valladolid,Real Madrid,1,1
2002-09-29,2002-03,Ath Bilbao,Mallorca,0,2
2002-09-29,2002-03,Ath Madrid,Recreativo,1,1
2002-09-29,2002-03,Celta,Malaga,2,2
2002-09-29,2002-03,Espanol,Sevilla,0,0
2002-09-29,2002-03,Osasuna,Sociedad,2,3
2002-09-29,2002-03,Santander,Villarreal,1,1
2002-09-29,2002-03,Valencia,Vallecano,3,0
2002-10-05,2002-03,Recreativo,Ath Bilbao,1,2
2002-10-06,2002-03,Barcelona,Osasuna,2,2
2002-10-06,2002-03,La Coruna,Santander,0,2
2002-10-06,2002-03,Malaga,Ath Madrid,3,1
2002-10-06,2002-03,Mallorca,Espanol,2,0
2002-10-06,2002-03,Real Madrid,Alaves,5,2
2002-10-06,2002-03,Sevilla,Betis,1,1
2002-10-06,2002-03,Sociedad,Valladolid,2,1
2002-10-06,2002-03,Valencia,Celta,0,1
2002-10-06,2002-03,Vallecano,Villarreal,2,2
2002-10-08,2002-03,Betis,Real Madrid,1,1
2002-10-19,2002-03,Ath Madrid,Valencia,1,1
2002-10-19,2002-03,Santander,Real Madrid,2,0
2002-10-19,2002-03,Villarreal,La Coruna,3,1
2002-10-20,2002-03,Alaves,Sociedad,2,2
2002-10-20,2002-03,Ath Bilbao,Malaga,1,1
2002-10-20,2002-03,Betis,Mallorca,0,1
2002-10-20,2002-03,Celta,Vallecano,0,1
2002-10-20,2002-03,Espanol,Recreativo,2,0
2002-10-20,2002-03,Osasuna,Sevilla,2,1
2002-10-20,2002-03,Valladolid,Barcelona,2,1
2002-10-26,2002-03,Barcelona,Alaves,6,1
2002-10-26,2002-03,Celta,Ath Madrid,0,0
2002-10-26,2002-03,Real Madrid,Villarreal,1,1
2002-10-26,2002-03,Recreativo,Betis,1,1
2002-10-26,2002-03,Valencia,Ath Bilbao,5,1
2002-10-26,2002-03,Vallecano,La Coruna,1,2
2002-10-27,2002-03,Malaga,Espanol,3,4
2002-10-27,2002-03,Mallorca,Osasuna,2,0
2002-10-27,2002-03,Sevilla,Valladolid,2,1
2002-10-27,2002-03,Sociedad,Santander,2,1
2002-11-02,2002-03,Ath Madrid,Vallecano,2,0
2002-11-02,2002-03,La Coruna,Real Madrid,0,0
2002-11-02,2002-03,Valladolid,Mallorca,1,3
2002-11-03,2002-03,Alaves,Sevilla,1,0
2002-11-03,2002-03,Ath Bilbao,Celta,2,1
2002-11-03,2002-03,Betis,Malaga,3,0
2002-11-03,2002-03,Espanol,Valencia,0,1
2002-11-03,2002-03,Osasuna,Recreativo,0,1
2002-11-03,2002-03,Santander,Barcelona,1,1
2002-11-03,2002-03,Villarreal,Sociedad,0,1
2002-11-09,2002-03,Barcelona,Villarreal,1,0
2002-11-09,2002-03,Malaga,Osasuna,1,0
2002-11-09,2002-03,Sociedad,La Coruna,1,1
2002-11-09,2002-03,Valencia,Betis,1,1
2002-11-09,2002-03,Vallecano,Real Madrid,2,3
2002-11-10,2002-03,Ath Madrid,Ath Bilbao,3,3
2002-11-10,2002-03,Celta,Espanol,1,0
2002-11-10,2002-03,Mallorca,Alaves,3,1
2002-11-10,2002-03,Recreativo,Valladolid,1,3
2002-11-10,2002-03,Sevilla,Santander,1,0
2002-11-16,2002-03,La Coruna,Barcelona,2,0
2002-11-16,2002-03,Villarreal,Sevilla,1,0
2002-11-17,2002-03,Alaves,Recreativo,3,0
2002-11-17,2002-03,Ath Bilbao,Vallecano,2,1
2002-11-17,2002-03,Betis,Celta,2,1
2002-11-17,2002-03,Espanol,Ath Madrid,1,2
2002-11-17,2002-03,Osasuna,Valencia,1,0
2002-11-17,2002-03,Real Madrid,Sociedad,0,0
2002-11-17,2002-03,Santander,Mallorca,1,2
2002-11-17,2002-03,Valladolid,Malaga,0,0
2002-11-23,2002-03,Barcelona,Real Madrid,0,0
2002-11-23,2002-03,Sevilla,La Coruna,1,1
2002-11-23,2002-03,Vallecano,Sociedad,0,0
2002-11-24,2002-03,Ath Bilbao,Espanol,4,1
2002-11-24,2002-03,Ath Madrid,Betis,1,0
2002-11-24,2002-03,Celta,Osasuna,0,0
2002-11-24,2002-03,Malaga,Alaves,0,0
2002-11-24,2002-03,Mallorca,Villarreal,1,1
2002-11-24,2002-03,Recreativo,Santander,2,1
2002-11-24,2002-03,Valencia,Valladolid,2,0
2002-11-30,2002-03,Osasuna,Ath Madrid,1,0
2002-12-01,2002-03,Alaves,Valencia,0,0
2002-12-01,2002-03,Betis,Ath Bilbao,1,0
2002-12-01,2002-03,Espanol,Vallecano,3,1
2002-12-01,2002-03,La Coruna,Mallorca,2,2
2002-12-01,2002-03,Santander,Malaga,1,0
2002-12-01,2002-03,Sociedad,Barcelona,2,1
2002-12-01,2002-03,Valladolid,Celta,0,2
2002-12-01,2002-03,Villarreal,Recreativo,1,0
2002-12-07,2002-03,Malaga,Villarreal,1,1
2002-12-07,2002-03,Recreativo,La Coruna,1,1
2002-12-07,2002-03,Sevilla,Sociedad,0,1
2002-12-07,2002-03,Valencia,Santander,2,0
2002-12-07,2002-03,Vallecano,Barcelona,1,0
2002-12-08,2002-03,Ath Bilbao,Osasuna,1,3
2002-12-08,2002-03,Ath Madrid,Valladolid,1,0
2002-12-08,2002-03,Celta,Alaves,2,1
2002-12-08,2002-03,Espanol,Betis,2,4
2002-12-08,2002-03,Mallorca,Real Madrid,1,5
2002-12-14,2002-03,Alaves,Ath Madrid,2,0
2002-12-14,2002-03,Villarreal,Valencia,0,2
2002-12-15,2002-03,Barcelona,Sevilla,0,3
2002-12-15,2002-03,Betis,Vallecano,0,1
2002-12-15,2002-03,La Coruna,Malaga,1,0
2002-12-15,2002-03,Osasuna,Espanol,1,0
2002-12-15,2002-03,Real Madrid,Recreativo,4,2
2002-12-15,2002-03,Santander,Celta,3,0
2002-12-15,2002-03,Sociedad,Mallorca,2,1
2002-12-15,2002-03,Valladolid,Ath Bilbao,2,0
2002-12-21,2002-03,Ath Bilbao,Alaves,2,0
2002-12-21,2002-03,Ath Madrid,Santander,1,2
2002-12-21,2002-03,Celta,Villarreal,3,1
2002-12-21,2002-03,Malaga,Real Madrid,2,3
2002-12-21,2002-03,Mallorca,Barcelona,0,4
2002-12-21,2002-03,Vallecano,Sevilla,0,1
2002-12-22,2002-03,Betis,Osasuna,2,1
2002-12-22,2002-03,Espanol,Valladolid,1,0
2002-12-22,2002-03,Recreativo,Sociedad,1,3
2002-12-22,2002-03,Valencia,La Coruna,0,1
2003-01-02,2002-03,Real Madrid,Sevilla,3,0
2003-01-04,2002-03,La Coruna,Celta,3,0
2003-01-04,2002-03,Osasuna,Vallecano,0,1
2003-01-04,2002-03,Santander,Ath Bilbao,3,4
2003-01-04,2002-03,Valladolid,Betis,3,0
2003-01-05,2002-03,Alaves,Espanol,2,1
2003-01-05,2002-03,Barcelona,Recreativo,3,0
2003-01-05,2002-03,Real Madrid,Valencia,4,1
2003-01-05,2002-03,Sevilla,Mallorca,3,0
2003-01-05,2002-03,Sociedad,Malaga,2,2
2003-01-05,2002-03,Villarreal,Ath Madrid,4,3
2003-01-11,2002-03,Celta,Real Madrid,0,1
2003-01-11,2002-03,Valencia,Sociedad,2,2
2003-01-12,2002-03,Ath Bilbao,Villarreal,0,1
2003-01-12,2002-03,Ath Madrid,La Coruna,3,1
2003-01-12,2002-03,Betis,Alaves,2,2
2003-01-12,2002-03,Espanol,Santander,3,0
2003-01-12,2002-03,Malaga,Barcelona,0,0
2003-01-12,2002-03,Osasuna,Valladolid,1,1
2003-01-12,2002-03,Recreativo,Sevilla,0,0
2003-01-12,2002-03,Vallecano,Mallorca,1,2
2003-01-18,2002-03,Barcelona,Valencia,2,4
2003-01-18,2002-03,Sociedad,Celta,1,0
2003-01-19,2002-03,Alaves,Osasuna,1,1
2003-01-19,2002-03,La Coruna,Ath Bilbao,2,1
2003-01-19,2002-03,Mallorca,Recreativo,1,1
2003-01-19,2002-03,Real Madrid,Ath Madrid,2,2
2003-01-19,2002-03,Santander,Betis,0,1
2003-01-19,2002-03,Sevilla,Malaga,0,0
2003-01-19,2002-03,Vallecano,Valladolid,0,1
2003-01-19,2002-03,Villarreal,Espanol,0,0
2003-01-25,2002-03,Ath Madrid,Sociedad,1,2
2003-01-26,2002-03,Ath Bilbao,Real Madrid,1,1
2003-01-26,2002-03,Betis,Villarreal,2,1
2003-01-26,2002-03,Celta,Barcelona,2,0
2003-01-26,2002-03,Espanol,La Coruna,3,1
2003-01-26,2002-03,Malaga,Mallorca,1,0
2003-01-26,2002-03,Osasuna,Santander,3,1
2003-01-26,2002-03,Recreativo,Vallecano,2,1
2003-01-26,2002-03,Valencia,Sevilla,1,0
2003-01-26,2002-03,Valladolid,Alaves,1,3
2003-02-01,2002-03,Ath Madrid,Barcelona,3,0
2003-02-02,2002-03,Alaves,Vallecano,1,1
2003-02-02,2002-03,Ath Bilbao,Sociedad,3,0
2003-02-02,2002-03,Betis,La Coruna,0,2
2003-02-02,2002-03,Celta,Sevilla,0,1
2003-02-02,2002-03,Espanol,Real Madrid,2,2
2003-02-02,2002-03,Malaga,Recreativo,4,0
2003-02-02,2002-03,Osasuna,Villarreal,0,1
2003-02-02,2002-03,Valencia,Mallorca,1,0
2003-02-02,2002-03,Valladolid,Santander,2,1
2003-02-08,2002-03,Real Madrid,Betis,4,1
2003-02-08,2002-03,Villarreal,Valladolid,1,0
2003-02-09,2002-03,Barcelona,Ath Bilbao,2,2
2003-02-09,2002-03,La Coruna,Osasuna,1,1
2003-02-09,2002-03,Mallorca,Celta,0,2
2003-02-09,2002-03,Recreativo,Valencia,1,1
2003-02-09,2002-03,Santander,Alaves,2,0
2003-02-09,2002-03,Sevilla,Ath Madrid,1,1
2003-02-09,2002-03,Sociedad,Espanol,0,0
2003-02-09,2002-03,Vallecano,Malaga,2,1
2003-02-15,2002-03,Espanol,Barcelona,0,2
2003-02-15,2002-03,Valencia,Malaga,2,0
2003-02-15,2002-03,Valladolid,La Coruna,0,1
2003-02-16,2002-03,Alaves,Villarreal,1,0
2003-02-16,2002-03,Ath Bilbao,Sevilla,2,0
2003-02-16,2002-03,Ath Madrid,Mallorca,2,1
2003-02-16,2002-03,Betis,Sociedad,3,2
2003-02-16,2002-03,Celta,Recreativo,4,1
2003-02-16,2002-03,Osasuna,Real Madrid,1,0
2003-02-16,2002-03,Santander,Vallecano,2,0
2003-02-22,2002-03,Barcelona,Betis,4,0
2003-02-22,2002-03,La Coruna,Alaves,6,0
2003-02-22,2002-03,Real Madrid,Valladolid,3,1
2003-02-23,2002-03,Malaga,Celta,1,1
2003-02-23,2002-03,Mallorca,Ath Bilbao,1,1
2003-02-23,2002-03,Recreativo,Ath Madrid,3,0
2003-02-23,2002-03,Sevilla,Espanol,1,0
2003-02-23,2002-03,Sociedad,Osasuna,2,0
2003-02-23,2002-03,Vallecano,Valencia,0,4
2003-02-23,2002-03,Villarreal,Santander,0,3
2003-03-01,2002-03,Alaves,Real Madrid,1,5
2003-03-01,2002-03,Ath Bilbao,Recreativo,2,3
2003-03-01,2002-03,Espanol,Mallorca,2,0
2003-03-02,2002-03,Ath Madrid,Malaga,2,1
2003-03-02,2002-03,Betis,Sevilla,0,1
2003-03-02,2002-03,Celta,Valencia,1,1
2003-03-02,2002-03,Osasuna,Barcelona,2,2
2003-03-02,2002-03,Santander,La Coruna,1,2
2003-03-02,2002-03,Valladolid,Sociedad,3,0
2003-03-02,2002-03,Villarreal,Vallecano,2,1
2003-03-08,2002-03,Barcelona,Valladolid,1,1
2003-03-08,2002-03,La Coruna,Villarreal,2,1
2003-03-08,2002-03,Real Madrid,Santander,4,1
2003-03-08,2002-03,Valencia,Ath Madrid,0,1
2003-03-09,2002-03,Malaga,Ath Bilbao,3,0
2003-03-09,2002-03,Mallorca,Betis,2,1
2003-03-09,2002-03,Recreativo,Espanol,0,0
2003-03-09,2002-03,Sevilla,Osasuna,2,0
2003-03-09,2002-03,Sociedad,Alaves,3,1
2003-03-09,2002-03,Vallecano,Celta,1,0
2003-03-15,2002-03,La Coruna,Vallecano,2,0
2003-03-15,2002-03,Santander,Sociedad,1,2
2003-03-15,2002-03,Villarreal,Real Madrid,0,1
2003-03-16,2002-03,Alaves,Barcelona,0,0
2003-03-16,2002-03,Ath Bilbao,Valencia,1,0
2003-03-16,2002-03,Ath Madrid,Celta,0,1
2003-03-16,2002-03,Betis,Recreativo,1,1
2003-03-16,2002-03,Espanol,Malaga,2,1
2003-03-16,2002-03,Osasuna,Mallorca,0,0
2003-03-16,2002-03,Valladolid,Sevilla,0,0
2003-03-22,2002-03,Vallecano,Ath Madrid,0,0
2003-03-23,2002-03,Barcelona,Santander,6,1
2003-03-23,2002-03,Celta,Ath Bilbao,2,1
2003-03-23,2002-03,Malaga,Betis,0,0
2003-03-23,2002-03,Mallorca,Valladolid,2,1
2003-03-23,2002-03,Real Madrid,La Coruna,2,0
2003-03-23,2002-03,Recreativo,Osasuna,1,1
2003-03-23,2002-03,Sevilla,Alaves,3,2
2003-03-23,2002-03,Sociedad,Villarreal,2,2
2003-03-23,2002-03,Valencia,Espanol,1,1
2003-04-05,2002-03,Betis,Valencia,2,0
2003-04-05,2002-03,Espanol,Celta,0,0
2003-04-05,2002-03,Real Madrid,Vallecano,3,1
2003-04-05,2002-03,Villarreal,Barcelona,2,0
2003-04-06,2002-03,Alaves,Mallorca,0,0
2003-04-06,2002-03,Ath Bilbao,Ath Madrid,1,0
2003-04-06,2002-03,La Coruna,Sociedad,2,1
2003-04-06,2002-03,Osasuna,Malaga,0,1
2003-04-06,2002-03,Santander,Sevilla,1,0
2003-04-06,2002-03,Valladolid,Recreativo,0,1
2003-04-12,2002-03,Barcelona,La Coruna,2,4
2003-04-12,2002-03,Sevilla,Villarreal,3,1
2003-04-13,2002-03,Ath Madrid,Espanol,3,3
2003-04-13,2002-03,Celta,Betis,1,0
2003-04-13,2002-03,Malaga,Valladolid,1,0
2003-04-13,2002-03,Mallorca,Santander,3,3
2003-04-13,2002-03,Recreativo,Alaves,1,0
2003-04-13,2002-03,Sociedad,Real Madrid,4,2
2003-04-13,2002-03,Valencia,Osasuna,1,0
2003-04-13,2002-03,Vallecano,Ath Bilbao,1,1
2003-04-19,2002-03,Real Madrid,Barcelona,1,1
2003-04-19,2002-03,Valladolid,Valencia,1,0
2003-04-19,2002-03,Villarreal,Mallorca,1,1
2003-04-20,2002-03,Alaves,Malaga,0,1
2003-04-20,2002-03,Betis,Ath Madrid,2,2
2003-04-20,2002-03,Espanol,Ath Bilbao,3,3
2003-04-20,2002-03,La Coruna,Sevilla,3,1
2003-04-20,2002-03,Osasuna,Celta,0,2
2003-04-20,2002-03,Santander,Recreativo,1,0
2003-04-20,2002-03,Sociedad,Vallecano,5,0
2003-04-26,2002-03,Ath Bilbao,Betis,3,1
2003-04-26,2002-03,Ath Madrid,Osasuna,0,1
2003-04-27,2002-03,Barcelona,Sociedad,2,1
2003-04-27,2002-03,Celta,Valladolid,0,0
2003-04-27,2002-03,Malaga,Santander,2,2
2003-04-27,2002-03,Mallorca,La Coruna,3,0
2003-04-27,2002-03,Recreativo,Villarreal,5,0
2003-04-27,2002-03,Sevilla,Real Madrid,1,3
2003-04-27,2002-03,Valencia,Alaves,3,0
2003-04-27,2002-03,Vallecano,Espanol,0,3
2003-05-03,2002-03,Real Madrid,Mallorca,1,5
2003-05-03,2002-03,Sociedad,Sevilla,1,0
2003-05-04,2002-03,Alaves,Celta,0,0
2003-05-04,2002-03,Barcelona,Vallecano,3,0
2003-05-04,2002-03,Betis,Espanol,1,1
2003-05-04,2002-03,La Coruna,Recreativo,5,0
2003-05-04,2002-03,Osasuna,Ath Bilbao,1,5
2003-05-04,2002-03,Santander,Valencia,2,1
2003-05-04,2002-03,Valladolid,Ath Madrid,3,1
2003-05-04,2002-03,Villarreal,Malaga,0,0
2003-05-10,2002-03,Ath Bilbao,Valladolid,0,0
2003-05-10,2002-03,Ath Madrid,Alaves,0,1
2003-05-10,2002-03,Espanol,Osasuna,0,0
2003-05-10,2002-03,Malaga,La Coruna,0,2
2003-05-10,2002-03,Recreativo,Real Madrid,0,0
2003-05-11,2002-03,Celta,Santander,2,2
2003-05-11,2002-03,Mallorca,Sociedad,1,3
2003-05-11,2002-03,Sevilla,Barcelona,0,0
2003-05-11,2002-03,Valencia,Villarreal,1,2
2003-05-11,2002-03,Vallecano,Betis,1,1
2003-05-17,2002-03,La Coruna,Valencia,1,2
2003-05-17,2002-03,Santander,Ath Madrid,0,2
2003-05-18,2002-03,Alaves,Ath Bilbao,2,4
2003-05-18,2002-03,Barcelona,Mallorca,1,2
2003-05-18,2002-03,Osasuna,Betis,2,1
2003-05-18,2002-03,Real Madrid,Malaga,5,1
2003-05-18,2002-03,Sevilla,Vallecano,3,3
2003-05-18,2002-03,Sociedad,Recreativo,1,0
2003-05-18,2002-03,Valladolid,Espanol,1,1
2003-05-18,2002-03,Villarreal,Celta,5,0
2003-05-24,2002-03,Ath Bilbao,Santander,2,1
2003-05-24,2002-03,Ath Madrid,Villarreal,3,2
2003-05-24,2002-03,Celta,La Coruna,3,0
2003-05-24,2002-03,Valencia,Real Madrid,1,2
2003-05-24,2002-03,Vallecano,Osasuna,0,0
2003-05-25,2002-03,Betis,Valladolid,2,2
2003-05-25,2002-03,Espanol,Alaves,3,1
2003-05-25,2002-03,Malaga,Sociedad,0,2
2003-05-25,2002-03,Mallorca,Sevilla,1,3
2003-05-25,2002-03,Recreativo,Barcelona,1,3
2003-05-31,2002-03,Real Madrid,Celta,1,1
2003-06-01,2002-03,Alaves,Betis,0,1
2003-06-01,2002-03,Barcelona,Malaga,2,1
2003-06-01,2002-03,La Coruna,Ath Madrid,3,2
2003-06-01,2002-03,Mallorca,Vallecano,1,1
2003-06-01,2002-03,Santander,Espanol,5,2
2003-06-01,2002-03,Sevilla,Recreativo,1,0
2003-06-01,2002-03,Sociedad,Valencia,1,1
2003-06-01,2002-03,Valladolid,Osasuna,0,2
2003-06-01,2002-03,Villarreal,Ath Bilbao,1,1
2003-06-14,2002-03,Valladolid,Vallecano,2,0
2003-06-15,2002-03,Ath Bilbao,La Coruna,3,2
2003-06-15,2002-03,Ath Madrid,Real Madrid,0,4
2003-06-15,2002-03,Betis,Santander,4,2
2003-06-15,2002-03,Celta,Sociedad,3,2
2003-06-15,2002-03,Espanol,Villarreal,2,2
2003-06-15,2002-03,Malaga,Sevilla,3,2
2003-06-15,2002-03,Osasuna,Alaves,4,2
2003-06-15,2002-03,Recreativo,Mallorca,1,1
2003-06-15,2002-03,Valencia,Barcelona,1,3
2003-06-21,2002-03,Alaves,Valladolid,1,1
2003-06-21,2002-03,La Coruna,Espanol,2,1
2003-06-21,2002-03,Mallorca,Malaga,1,0
2003-06-21,2002-03,Santander,Osasuna,2,3
2003-06-21,2002-03,Sevilla,Valencia,0,3
2003-06-21,2002-03,Vallecano,Recreativo,0,0
2003-06-22,2002-03,Barcelona,Celta,2,0
2003-06-22,2002-03,Real Madrid,Ath Bilbao,3,1
2003-06-22,2002-03,Sociedad,Ath Madrid,3,0
2003-06-22,2002-03,Villarreal,Betis,1,4
2003-08-30,2003-04,Albacete,Osasuna,0,2
2003-08-30,2003-04,Ath Bilbao,Barcelona,0,1
2003-08-30,2003-04,Espanol,Sociedad,1,1
2003-08-30,2003-04,Malaga,Villarreal,0,0
2003-08-30,2003-04,Real Madrid,Betis,2,1
2003-08-30,2003-04,Valencia,Valladolid,1,1
2003-08-31,2003-04,Celta,Murcia,1,1
2003-08-31,2003-04,Santander,Mallorca,2,1
2003-08-31,2003-04,Sevilla,Ath Madrid,1,0
2003-08-31,2003-04,Zaragoza,La Coruna,0,1
2003-09-02,2003-04,Osasuna,Valencia,0,1
2003-09-02,2003-04,Sociedad,Celta,1,1
2003-09-02,2003-04,Villarreal,Real Madrid,1,1
2003-09-03,2003-04,Ath Madrid,Albacete,1,0
2003-09-03,2003-04,Barcelona,Sevilla,1,1
2003-09-03,2003-04,Betis,Espanol,2,2
2003-09-03,2003-04,La Coruna,Ath Bilbao,2,0
2003-09-03,2003-04,Mallorca,Zaragoza,2,0
2003-09-03,2003-04,Murcia,Santander,1,1
2003-09-03,2003-04,Valladolid,Malaga,1,0
2003-09-13,2003-04,Celta,Betis,0,2
2003-09-13,2003-04,Real Madrid,Valladolid,7,2
2003-09-13,2003-04,Santander,Sociedad,0,1
2003-09-13,2003-04,Sevilla,La Coruna,1,2
2003-09-14,2003-04,Albacete,Barcelona,1,2
2003-09-14,2003-04,Ath Bilbao,Mallorca,4,0
2003-09-14,2003-04,Espanol,Villarreal,1,2
2003-09-14,2003-04,Osasuna,Ath Madrid,1,0
2003-09-14,2003-04,Valencia,Malaga,1,0
2003-09-14,2003-04,Zaragoza,Murcia,3,0
2003-09-20,2003-04,Ath Madrid,Valencia,0,3
2003-09-20,2003-04,Barcelona,Osasuna,1,1
2003-09-21,2003-04,Betis,Santander,0,0
2003-09-21,2003-04,La Coruna,Albacete,3,0
2003-09-21,2003-04,Malaga,Real Madrid,1,3
2003-09-21,2003-04,Mallorca,Sevilla,1,1
2003-09-21,2003-04,Murcia,Ath Bilbao,2,2
2003-09-21,2003-04,Sociedad,Zaragoza,3,0
2003-09-21,2003-04,Valladolid,Espanol,3,1
2003-09-21,2003-04,Villarreal,Celta,1,1
2003-09-27,2003-04,Ath Bilbao,Sociedad,1,0
2003-09-27,2003-04,Celta,Valladolid,3,2
2003-09-27,2003-04,Osasuna,La Coruna,3,2
2003-09-27,2003-04,Valencia,Real Madrid,2,0
2003-09-28,2003-04,Albacete,Mallorca,2,0
2003-09-28,2003-04,Ath Madrid,Barcelona,0,0
2003-09-28,2003-04,Espanol,Malaga,1,2
2003-09-28,2003-04,Santander,Villarreal,0,2
2003-09-28,2003-04,Sevilla,Murcia,1,0
2003-09-28,2003-04,Zaragoza,Betis,0,1
2003-10-04,2003-04,Betis,Ath Bilbao,1,1
2003-10-04,2003-04,La Coruna,Ath Madrid,5,1
2003-10-04,2003-04,Villarreal,Zaragoza,1,1
2003-10-05,2003-04,Barcelona,Valencia,0,1
2003-10-05,2003-04,Malaga,Celta,2,1
2003-10-05,2003-04,Mallorca,Osasuna,1,1
2003-10-05,2003-04,Murcia,Albacete,1,0
2003-10-05,2003-04,Real Madrid,Espanol,2,1
2003-10-05,2003-04,Sociedad,Sevilla,1,1
2003-10-05,2003-04,Valladolid,Santander,0,4
2003-10-18,2003-04,Albacete,Sociedad,3,1
2003-10-18,2003-04,Barcelona,La Coruna,0,2
2003-10-18,2003-04,Celta,Real Madrid,0,2
2003-10-19,2003-04,Ath Bilbao,Villarreal,2,0
2003-10-19,2003-04,Ath Madrid,Mallorca,2,1
2003-10-19,2003-04,Osasuna,Murcia,2,1
2003-10-19,2003-04,Santander,Malaga,4,2
2003-10-19,2003-04,Sevilla,Betis,2,2
2003-10-19,2003-04,Valencia,Espanol,4,0
2003-10-19,2003-04,Zaragoza,Valladolid,1,0
2003-10-25,2003-04,La Coruna,Valencia,2,1
2003-10-25,2003-04,Malaga,Zaragoza,2,1
2003-10-25,2003-04,Real Madrid,Santander,3,1
2003-10-26,2003-04,Betis,Albacete,3,2
2003-10-26,2003-04,Espanol,Celta,0,4
2003-10-26,2003-04,Mallorca,Barcelona,1,3
2003-10-26,2003-04,Murcia,Ath Madrid,1,3
2003-10-26,2003-04,Sociedad,Osasuna,1,0
2003-10-26,2003-04,Valladolid,Ath Bilbao,2,0
2003-10-26,2003-04,Villarreal,Sevilla,3,3
2003-10-28,2003-04,Zaragoza,Real Madrid,0,0
2003-10-29,2003-04,Albacete,Villarreal,2,0
2003-10-29,2003-04,Ath Bilbao,Malaga,2,1
2003-10-29,2003-04,Barcelona,Murcia,3,0
2003-10-29,2003-04,La Coruna,Mallorca,0,2
2003-10-29,2003-04,Osasuna,Betis,2,0
2003-10-29,2003-04,Santander,Espanol,0,1
2003-10-29,2003-04,Sevilla,Valladolid,1,1
2003-10-29,2003-04,Valencia,Celta,2,2
2003-10-30,2003-04,Ath Madrid,Sociedad,4,0
2003-11-01,2003-04,Celta,Santander,0,1
2003-11-01,2003-04,Murcia,La Coruna,0,0
2003-11-01,2003-04,Real Madrid,Ath Bilbao,3,0
2003-11-02,2003-04,Betis,Ath Madrid,1,2
2003-11-02,2003-04,Espanol,Zaragoza,0,2
2003-11-02,2003-04,Malaga,Sevilla,2,0
2003-11-02,2003-04,Mallorca,Valencia,0,5
2003-11-02,2003-04,Sociedad,Barcelona,3,3
2003-11-02,2003-04,Valladolid,Albacete,2,0
2003-11-02,2003-04,Villarreal,Osasuna,1,0
2003-11-08,2003-04,Ath Bilbao,Espanol,1,0
2003-11-08,2003-04,La Coruna,Sociedad,2,1
2003-11-08,2003-04,Zaragoza,Celta,1,1
2003-11-09,2003-04,Albacete,Malaga,0,1
2003-11-09,2003-04,Ath Madrid,Villarreal,1,0
2003-11-09,2003-04,Barcelona,Betis,2,1
2003-11-09,2003-04,Mallorca,Murcia,4,1
2003-11-09,2003-04,Osasuna,Valladolid,1,1
2003-11-09,2003-04,Sevilla,Real Madrid,4,1
2003-11-09,2003-04,Valencia,Santander,1,2
2003-11-22,2003-04,Betis,La Coruna,0,0
2003-11-22,2003-04,Sociedad,Mallorca,0,1
2003-11-22,2003-04,Villarreal,Barcelona,2,1
2003-11-23,2003-04,Celta,Ath Bilbao,0,2
2003-11-23,2003-04,Espanol,Sevilla,1,0
2003-11-23,2003-04,Malaga,Osasuna,0,0
2003-11-23,2003-04,Murcia,Valencia,2,2
2003-11-23,2003-04,Real Madrid,Albacete,2,1
2003-11-23,2003-04,Santander,Zaragoza,1,2
2003-11-23,2003-04,Valladolid,Ath Madrid,3,1
2003-11-29,2003-04,Ath Madrid,Malaga,2,0
2003-11-29,2003-04,Murcia,Sociedad,2,2
2003-11-29,2003-04,Osasuna,Real Madrid,1,1
2003-11-29,2003-04,Valencia,Zaragoza,3,2
2003-11-30,2003-04,Albacete,Espanol,2,1
2003-11-30,2003-04,Ath Bilbao,Santander,1,2
2003-11-30,2003-04,Barcelona,Valladolid,0,0
2003-11-30,2003-04,La Coruna,Villarreal,0,1
2003-11-30,2003-04,Mallorca,Betis,2,1
2003-11-30,2003-04,Sevilla,Celta,0,1
2003-12-02,2003-04,Sociedad,Valencia,0,0
2003-12-03,2003-04,Betis,Murcia,1,1
2003-12-03,2003-04,Celta,Albacete,2,2
2003-12-03,2003-04,Espanol,Osasuna,0,1
2003-12-03,2003-04,Malaga,Barcelona,5,1
2003-12-03,2003-04,Real Madrid,Ath Madrid,2,0
2003-12-03,2003-04,Valladolid,La Coruna,1,1
2003-12-03,2003-04,Villarreal,Mallorca,0,2
2003-12-04,2003-04,Santander,Sevilla,0,4
2003-12-04,2003-04,Zaragoza,Ath Bilbao,2,2
2003-12-06,2003-04,Barcelona,Real Madrid,1,2
2003-12-06,2003-04,La Coruna,Malaga,1,0
2003-12-06,2003-04,Osasuna,Celta,3,2
2003-12-06,2003-04,Sociedad,Betis,0,4
2003-12-07,2003-04,Albacete,Santander,4,0
2003-12-07,2003-04,Ath Madrid,Espanol,2,0
2003-12-07,2003-04,Mallorca,Valladolid,1,0
2003-12-07,2003-04,Murcia,Villarreal,1,1
2003-12-07,2003-04,Sevilla,Zaragoza,3,2
2003-12-07,2003-04,Valencia,Ath Bilbao,2,1
2003-12-13,2003-04,Celta,Ath Madrid,2,2
2003-12-13,2003-04,Espanol,Barcelona,1,3
2003-12-13,2003-04,Villarreal,Sociedad,2,0
2003-12-14,2003-04,Ath Bilbao,Sevilla,2,1
2003-12-14,2003-04,Betis,Valencia,0,1
2003-12-14,2003-04,Malaga,Mallorca,3,1
2003-12-14,2003-04,Real Madrid,La Coruna,2,1
2003-12-14,2003-04,Santander,Osasuna,0,0
2003-12-14,2003-04,Valladolid,Murcia,0,0
2003-12-14,2003-04,Zaragoza,Albacete,0,1
2003-12-20,2003-04,Ath Madrid,Santander,2,2
2003-12-20,2003-04,Sociedad,Valladolid,1,3
2003-12-20,2003-04,Valencia,Sevilla,1,0
2003-12-21,2003-04,Albacete,Ath Bilbao,1,1
2003-12-21,2003-04,Barcelona,Celta,1,1
2003-12-21,2003-04,Betis,Villarreal,1,3
2003-12-21,2003-04,La Coruna,Espanol,2,1
2003-12-21,2003-04,Mallorca,Real Madrid,1,3
2003-12-21,2003-04,Murcia,Malaga,1,2
2003-12-21,2003-04,Osasuna,Zaragoza,0,1
2004-01-03,2003-04,Celta,La Coruna,0,5
2004-01-03,2003-04,Real Madrid,Murcia,1,0
2004-01-03,2003-04,Zaragoza,Ath Madrid,0,0
2004-01-04,2003-04,Ath Bilbao,Osasuna,1,1
2004-01-04,2003-04,Espanol,Mallorca,2,0
2004-01-04,2003-04,Malaga,Sociedad,1,2
2004-01-04,2003-04,Santander,Barcelona,3,0
2004-01-04,2003-04,Sevilla,Albacete,2,0
2004-01-04,2003-04,Valencia,Villarreal,4,2
2004-01-04,2003-04,Valladolid,Betis,0,0
2004-01-10,2003-04,Albacete,Valencia,0,1
2004-01-10,2003-04,Mallorca,Celta,2,4
2004-01-10,2003-04,Sociedad,Real Madrid,1,0
2004-01-11,2003-04,Ath Madrid,Ath Bilbao,3,0
2004-01-11,2003-04,Barcelona,Zaragoza,3,0
2004-01-11,2003-04,Betis,Malaga,3,0
2004-01-11,2003-04,La Coruna,Santander,1,1
2004-01-11,2003-04,Murcia,Espanol,0,1
2004-01-11,2003-04,Osasuna,Sevilla,1,1
2004-01-11,2003-04,Villarreal,Valladolid,3,1
2004-01-17,2003-04,Barcelona,Ath Bilbao,1,1
2004-01-17,2003-04,Murcia,Celta,2,2
2004-01-17,2003-04,Valladolid,Valencia,0,0
2004-01-18,2003-04,Ath Madrid,Sevilla,2,1
2004-01-18,2003-04,Betis,Real Madrid,1,1
2004-01-18,2003-04,La Coruna,Zaragoza,4,1
2004-01-18,2003-04,Mallorca,Santander,1,1
2004-01-18,2003-04,Osasuna,Albacete,1,1
2004-01-18,2003-04,Sociedad,Espanol,3,1
2004-01-18,2003-04,Villarreal,Malaga,2,0
2004-01-24,2003-04,Albacete,Ath Madrid,1,1
2004-01-24,2003-04,Real Madrid,Villarreal,2,1
2004-01-25,2003-04,Ath Bilbao,La Coruna,1,0
2004-01-25,2003-04,Celta,Sociedad,2,5
2004-01-25,2003-04,Espanol,Betis,1,2
2004-01-25,2003-04,Malaga,Valladolid,2,3
2004-01-25,2003-04,Santander,Murcia,3,2
2004-01-25,2003-04,Sevilla,Barcelona,0,1
2004-01-25,2003-04,Valencia,Osasuna,0,1
2004-01-25,2003-04,Zaragoza,Mallorca,1,3
2004-01-31,2003-04,Ath Madrid,Osasuna,1,1
2004-01-31,2003-04,Betis,Celta,1,0
2004-01-31,2003-04,Malaga,Valencia,1,6
2004-02-01,2003-04,Barcelona,Albacete,5,0
2004-02-01,2003-04,La Coruna,Sevilla,1,0
2004-02-01,2003-04,Mallorca,Ath Bilbao,1,3
2004-02-01,2003-04,Murcia,Zaragoza,1,0
2004-02-01,2003-04,Sociedad,Santander,1,0
2004-02-01,2003-04,Valladolid,Real Madrid,2,3
2004-02-01,2003-04,Villarreal,Espanol,0,1
2004-02-07,2003-04,Real Madrid,Malaga,2,1
2004-02-07,2003-04,Valencia,Ath Madrid,3,0
2004-02-08,2003-04,Albacete,La Coruna,0,2
2004-02-08,2003-04,Ath Bilbao,Murcia,2,1
2004-02-08,2003-04,Celta,Villarreal,2,1
2004-02-08,2003-04,Espanol,Valladolid,2,0
2004-02-08,2003-04,Osasuna,Barcelona,1,2
2004-02-08,2003-04,Santander,Betis,1,2
2004-02-08,2003-04,Sevilla,Mallorca,3,0
2004-02-08,2003-04,Zaragoza,Sociedad,2,1
2004-02-14,2003-04,Murcia,Sevilla,1,3
2004-02-14,2003-04,Sociedad,Ath Bilbao,1,1
2004-02-15,2003-04,Barcelona,Ath Madrid,3,1
2004-02-15,2003-04,Betis,Zaragoza,2,1
2004-02-15,2003-04,La Coruna,Osasuna,2,0
2004-02-15,2003-04,Malaga,Espanol,5,2
2004-02-15,2003-04,Mallorca,Albacete,0,0
2004-02-15,2003-04,Real Madrid,Valencia,1,1
2004-02-15,2003-04,Valladolid,Celta,0,2
2004-02-15,2003-04,Villarreal,Santander,6,3
2004-02-21,2003-04,Ath Madrid,La Coruna,0,0
2004-02-21,2003-04,Celta,Malaga,0,2
2004-02-21,2003-04,Espanol,Real Madrid,2,4
2004-02-21,2003-04,Sevilla,Sociedad,1,0
2004-02-21,2003-04,Valencia,Barcelona,0,1
2004-02-22,2003-04,Albacete,Murcia,1,0
2004-02-22,2003-04,Ath Bilbao,Betis,1,1
2004-02-22,2003-04,Osasuna,Mallorca,1,1
2004-02-22,2003-04,Santander,Valladolid,1,0
2004-02-22,2003-04,Zaragoza,Villarreal,4,1
2004-02-28,2003-04,Betis,Sevilla,1,1
2004-02-28,2003-04,Valladolid,Zaragoza,1,2
2004-02-29,2003-04,Espanol,Valencia,2,1
2004-02-29,2003-04,La Coruna,Barcelona,2,3
2004-02-29,2003-04,Malaga,Santander,1,0
2004-02-29,2003-04,Mallorca,Ath Madrid,0,1
2004-02-29,2003-04,Murcia,Osasuna,0,1
2004-02-29,2003-04,Real Madrid,Celta,4,2
2004-02-29,2003-04,Sociedad,Albacete,0,1
2004-02-29,2003-04,Villarreal,Ath Bilbao,0,1
2004-03-06,2003-04,Celta,Espanol,1,5
2004-03-06,2003-04,Osasuna,Sociedad,1,1
2004-03-06,2003-04,Santander,Real Madrid,1,1
2004-03-06,2003-04,Valencia,La Coruna,3,0
2004-03-07,2003-04,Albacete,Betis,1,0
2004-03-07,2003-04,Ath Bilbao,Valladolid,1,4
2004-03-07,2003-04,Ath Madrid,Murcia,1,1
2004-03-07,2003-04,Barcelona,Mallorca,3,2
2004-03-07,2003-04,Sevilla,Villarreal,2,0
2004-03-07,2003-04,Zaragoza,Malaga,1,0
2004-03-13,2003-04,Real Madrid,Zaragoza,1,1
2004-03-13,2003-04,Sociedad,Ath Madrid,2,1
2004-03-14,2003-04,Betis,Osasuna,1,1
2004-03-14,2003-04,Celta,Valencia,0,2
2004-03-14,2003-04,Espanol,Santander,0,1
2004-03-14,2003-04,Malaga,Ath Bilbao,2,1
2004-03-14,2003-04,Mallorca,La Coruna,4,2
2004-03-14,2003-04,Murcia,Barcelona,0,2
2004-03-14,2003-04,Valladolid,Sevilla,2,0
2004-03-14,2003-04,Villarreal,Albacete,2,1
2004-03-20,2003-04,Ath Bilbao,Real Madrid,4,2
2004-03-20,2003-04,Ath Madrid,Betis,2,1
2004-03-20,2003-04,La Coruna,Murcia,1,0
2004-03-21,2003-04,Albacete,Valladolid,2,0
2004-03-21,2003-04,Barcelona,Sociedad,1,0
2004-03-21,2003-04,Osasuna,Villarreal,2,1
2004-03-21,2003-04,Santander,Celta,4,4
2004-03-21,2003-04,Sevilla,Malaga,0,1
2004-03-21,2003-04,Valencia,Mallorca,5,1
2004-03-21,2003-04,Zaragoza,Espanol,1,1
2004-03-27,2003-04,Espanol,Ath Bilbao,2,1
2004-03-27,2003-04,Sociedad,La Coruna,1,2
2004-03-28,2003-04,Celta,Zaragoza,0,2
2004-03-28,2003-04,Malaga,Albacete,1,1
2004-03-28,2003-04,Murcia,Mallorca,2,0
2004-03-28,2003-04,Real Madrid,Sevilla,5,1
2004-03-28,2003-04,Santander,Valencia,0,3
2004-03-28,2003-04,Valladolid,Osasuna,1,1
2004-03-28,2003-04,Villarreal,Ath Madrid,0,0
2004-04-03,2003-04,Albacete,Real Madrid,1,2
2004-04-03,2003-04,Barcelona,Villarreal,0,0
2004-04-03,2003-04,Sevilla,Espanol,1,0
2004-04-04,2003-04,Ath Bilbao,Celta,0,0
2004-04-04,2003-04,Ath Madrid,Valladolid,2,1
2004-04-04,2003-04,La Coruna,Betis,2,2
2004-04-04,2003-04,Mallorca,Sociedad,1,1
2004-04-04,2003-04,Osasuna,Malaga,1,1
2004-04-04,2003-04,Valencia,Murcia,2,0
2004-04-04,2003-04,Zaragoza,Santander,2,2
2004-04-10,2003-04,Celta,Sevilla,0,0
2004-04-10,2003-04,Malaga,Ath Madrid,3,1
2004-04-10,2003-04,Valladolid,Barcelona,1,3
2004-04-11,2003-04,Betis,Mallorca,0,2
2004-04-11,2003-04,Espanol,Albacete,1,1
2004-04-11,2003-04,Real Madrid,Osasuna,0,3
2004-04-11,2003-04,Santander,Ath Bilbao,1,2
2004-04-11,2003-04,Sociedad,Murcia,2,0
2004-04-11,2003-04,Villarreal,La Coruna,0,2
2004-04-11,2003-04,Zaragoza,Valencia,0,1
2004-04-14,2003-04,Betis,Barcelona,1,1
2004-04-17,2003-04,Ath Bilbao,Zaragoza,4,0
2004-04-17,2003-04,Ath Madrid,Real Madrid,1,2
2004-04-17,2003-04,La Coruna,Valladolid,1,1
2004-04-18,2003-04,Albacete,Celta,0,2
2004-04-18,2003-04,Barcelona,Malaga,3,0
2004-04-18,2003-04,Mallorca,Villarreal,1,2
2004-04-18,2003-04,Murcia,Betis,0,1
2004-04-18,2003-04,Osasuna,Espanol,1,3
2004-04-18,2003-04,Sevilla,Santander,5,2
2004-04-18,2003-04,Valencia,Sociedad,2,2
2004-04-24,2003-04,Espanol,Ath Madrid,3,1
2004-04-24,2003-04,Malaga,La Coruna,1,1
2004-04-25,2003-04,Ath Bilbao,Valencia,1,1
2004-04-25,2003-04,Betis,Sociedad,2,1
2004-04-25,2003-04,Celta,Osasuna,1,0
2004-04-25,2003-04,Real Madrid,Barcelona,1,2
2004-04-25,2003-04,Santander,Albacete,0,2
2004-04-25,2003-04,Valladolid,Mallorca,1,3
2004-04-25,2003-04,Villarreal,Murcia,1,0
2004-04-25,2003-04,Zaragoza,Sevilla,4,4
2004-05-01,2003-04,Ath Madrid,Celta,3,2
2004-05-01,2003-04,La Coruna,Real Madrid,2,0
2004-05-02,2003-04,Albacete,Zaragoza,3,1
2004-05-02,2003-04,Barcelona,Espanol,4,1
2004-05-02,2003-04,Mallorca,Malaga,2,1
2004-05-02,2003-04,Murcia,Valladolid,2,1
2004-05-02,2003-04,Osasuna,Santander,1,2
2004-05-02,2003-04,Sevilla,Ath Bilbao,2,0
2004-05-02,2003-04,Sociedad,Villarreal,2,2
2004-05-02,2003-04,Valencia,Betis,2,0
2004-05-08,2003-04,Celta,Barcelona,1,0
2004-05-08,2003-04,Real Madrid,Mallorca,2,3
2004-05-09,2003-04,Ath Bilbao,Albacete,1,1
2004-05-09,2003-04,Espanol,La Coruna,2,0
2004-05-09,2003-04,Malaga,Murcia,1,0
2004-05-09,2003-04,Santander,Ath Madrid,2,2
2004-05-09,2003-04,Sevilla,Valencia,0,2
2004-05-09,2003-04,Valladolid,Sociedad,2,2
2004-05-09,2003-04,Villarreal,Betis,1,0
2004-05-09,2003-04,Zaragoza,Osasuna,1,0
2004-05-14,2003-04,Villarreal,Valencia,2,1
2004-05-15,2003-04,Betis,Valladolid,1,0
2004-05-15,2003-04,La Coruna,Celta,3,0
2004-05-16,2003-04,Albacete,Sevilla,1,4
2004-05-16,2003-04,Ath Madrid,Zaragoza,1,2
2004-05-16,2003-04,Barcelona,Santander,1,0
2004-05-16,2003-04,Mallorca,Espanol,4,2
2004-05-16,2003-04,Murcia,Real Madrid,2,1
2004-05-16,2003-04,Osasuna,Ath Bilbao,1,2
2004-05-16,2003-04,Sociedad,Malaga,1,1
2004-05-23,2003-04,Ath Bilbao,Ath Madrid,3,4
2004-05-23,2003-04,Celta,Mallorca,1,2
2004-05-23,2003-04,Espanol,Murcia,2,0
2004-05-23,2003-04,Malaga,Betis,2,3
2004-05-23,2003-04,Real Madrid,Sociedad,1,4
2004-05-23,2003-04,Santander,La Coruna,0,1
2004-05-23,2003-04,Sevilla,Osasuna,1,0
2004-05-23,2003-04,Valencia,Albacete,0,1
2004-05-23,2003-04,Valladolid,Villarreal,3,0
2004-05-23,2003-04,Zaragoza,Barcelona,2,1
2004-08-28,2004-05,Ath Madrid,Malaga,2,0
2004-08-28,2004-05,Espanol,La Coruna,1,1
2004-08-28,2004-05,Numancia,Betis,1,1
2004-08-29,2004-05,Mallorca,Real Madrid,0,1
2004-08-29,2004-05,Osasuna,Ath Bilbao,1,1
2004-08-29,2004-05,Santander,Barcelona,0,2
2004-08-29,2004-05,Sevilla,Albacete,1,0
2004-08-29,2004-05,Sociedad,Levante,1,1
2004-08-29,2004-05,Zaragoza,Getafe,3,1
2004-08-30,2004-05,Valencia,Villarreal,2,1
2004-09-11,2004-05,Ath Bilbao,Valencia,2,2
2004-09-11,2004-05,Barcelona,Sevilla,2,0
2004-09-11,2004-05,Real Madrid,Numancia,1,0
2004-09-12,2004-05,Albacete,Ath Madrid,0,2
2004-09-12,2004-05,Betis,Espanol,1,4
2004-09-12,2004-05,Getafe,Mallorca,1,2
2004-09-12,2004-05,La Coruna,Osasuna,1,3
2004-09-12,2004-05,Levante,Santander,3,1
2004-09-12,2004-05,Malaga,Zaragoza,0,0
2004-09-12,2004-05,Villarreal,Sociedad,0,0
2004-09-18,2004-05,Espanol,Real Madrid,1,0
2004-09-18,2004-05,Osasuna,Betis,3,2
2004-09-18,2004-05,Valencia,Sociedad,3,1
2004-09-19,2004-05,Ath Bilbao,La Coruna,1,2
2004-09-19,2004-05,Ath Madrid,Barcelona,1,1
2004-09-19,2004-05,Mallorca,Malaga,1,2
2004-09-19,2004-05,Numancia,Getafe,1,0
2004-09-19,2004-05,Santander,Villarreal,1,1
2004-09-19,2004-05,Sevilla,Levante,3,0
2004-09-19,2004-05,Zaragoza,Albacete,4,3
2004-09-21,2004-05,Real Madrid,Osasuna,1,0
2004-09-22,2004-05,Albacete,Mallorca,0,0
2004-09-22,2004-05,Betis,Ath Bilbao,2,1
2004-09-22,2004-05,Getafe,Espanol,1,0
2004-09-22,2004-05,La Coruna,Valencia,1,5
2004-09-22,2004-05,Levante,Ath Madrid,1,0
2004-09-22,2004-05,Malaga,Numancia,4,1
2004-09-22,2004-05,Sociedad,Santander,0,1
2004-09-22,2004-05,Villarreal,Sevilla,0,0
2004-09-23,2004-05,Barcelona,Zaragoza,4,1
2004-09-25,2004-05,Ath Bilbao,Real Madrid,2,1
2004-09-25,2004-05,Ath Madrid,Villarreal,1,0
2004-09-25,2004-05,La Coruna,Betis,1,1
2004-09-26,2004-05,Espanol,Malaga,1,0
2004-09-26,2004-05,Mallorca,Barcelona,1,3
2004-09-26,2004-05,Numancia,Albacete,0,0
2004-09-26,2004-05,Osasuna,Getafe,2,1
2004-09-26,2004-05,Sevilla,Sociedad,2,1
2004-09-26,2004-05,Valencia,Santander,2,0
2004-09-26,2004-05,Zaragoza,Levante,4,3
2004-10-02,2004-05,Betis,Valencia,1,1
2004-10-02,2004-05,Sociedad,Ath Madrid,1,0
2004-10-03,2004-05,Albacete,Espanol,1,0
2004-10-03,2004-05,Barcelona,Numancia,1,0
2004-10-03,2004-05,Getafe,Ath Bilbao,3,1
2004-10-03,2004-05,Levante,Mallorca,2,0
2004-10-03,2004-05,Malaga,Osasuna,2,0
2004-10-03,2004-05,Real Madrid,La Coruna,0,1
2004-10-03,2004-05,Santander,Sevilla,0,0
2004-10-03,2004-05,Villarreal,Zaragoza,2,0
2004-10-16,2004-05,Betis,Real Madrid,1,1
2004-10-16,2004-05,Espanol,Barcelona,0,1
2004-10-16,2004-05,La Coruna,Getafe,2,1
2004-10-17,2004-05,Ath Bilbao,Malaga,1,0
2004-10-17,2004-05,Ath Madrid,Santander,1,0
2004-10-17,2004-05,Mallorca,Villarreal,1,1
2004-10-17,2004-05,Numancia,Levante,1,3
2004-10-17,2004-05,Osasuna,Albacete,3,2
2004-10-17,2004-05,Valencia,Sevilla,1,2
2004-10-17,2004-05,Zaragoza,Sociedad,2,1
2004-10-23,2004-05,Malaga,La Coruna,1,1
2004-10-23,2004-05,Real Madrid,Valencia,1,0
2004-10-24,2004-05,Albacete,Ath Bilbao,1,0
2004-10-24,2004-05,Barcelona,Osasuna,3,0
2004-10-24,2004-05,Getafe,Betis,0,2
2004-10-24,2004-05,Levante,Espanol,0,2
2004-10-24,2004-05,Santander,Zaragoza,1,0
2004-10-24,2004-05,Sevilla,Ath Madrid,2,1
2004-10-24,2004-05,Sociedad,Mallorca,2,1
2004-10-24,2004-05,Villarreal,Numancia,4,0
2004-10-30,2004-05,Ath Bilbao,Barcelona,1,1
2004-10-30,2004-05,Valencia,Ath Madrid,1,1
2004-10-31,2004-05,Betis,Malaga,1,1
2004-10-31,2004-05,Espanol,Villarreal,0,0
2004-10-31,2004-05,La Coruna,Albacete,0,0
2004-10-31,2004-05,Mallorca,Santander,1,2
2004-10-31,2004-05,Numancia,Sociedad,0,2
2004-10-31,2004-05,Osasuna,Levante,0,1
2004-10-31,2004-05,Real Madrid,Getafe,2,0
2004-10-31,2004-05,Zaragoza,Sevilla,3,0
2004-11-06,2004-05,Albacete,Betis,0,0
2004-11-06,2004-05,Barcelona,La Coruna,2,1
2004-11-07,2004-05,Ath Madrid,Zaragoza,1,1
2004-11-07,2004-05,Getafe,Valencia,1,0
2004-11-07,2004-05,Levante,Ath Bilbao,1,0
2004-11-07,2004-05,Malaga,Real Madrid,0,2
2004-11-07,2004-05,Santander,Numancia,2,0
2004-11-07,2004-05,Sevilla,Mallorca,1,1
2004-11-07,2004-05,Sociedad,Espanol,0,2
2004-11-07,2004-05,Villarreal,Osasuna,3,0
2004-11-13,2004-05,Ath Bilbao,Villarreal,2,1
2004-11-13,2004-05,Espanol,Santander,2,1
2004-11-13,2004-05,Getafe,Malaga,1,0
2004-11-13,2004-05,La Coruna,Levante,1,0
2004-11-13,2004-05,Numancia,Sevilla,2,1
2004-11-13,2004-05,Osasuna,Sociedad,1,0
2004-11-13,2004-05,Valencia,Zaragoza,0,0
2004-11-14,2004-05,Betis,Barcelona,2,1
2004-11-14,2004-05,Mallorca,Ath Madrid,1,1
2004-11-14,2004-05,Real Madrid,Albacete,6,1
2004-11-20,2004-05,Barcelona,Real Madrid,3,0
2004-11-20,2004-05,Malaga,Valencia,0,2
2004-11-20,2004-05,Villarreal,La Coruna,0,2
2004-11-21,2004-05,Albacete,Getafe,1,1
2004-11-21,2004-05,Ath Madrid,Numancia,2,0
2004-11-21,2004-05,Levante,Betis,1,2
2004-11-21,2004-05,Santander,Osasuna,1,1
2004-11-21,2004-05,Sevilla,Espanol,1,0
2004-11-21,2004-05,Sociedad,Ath Bilbao,3,2
2004-11-21,2004-05,Zaragoza,Mallorca,0,1
2004-11-27,2004-05,Ath Bilbao,Santander,3,0
2004-11-27,2004-05,Espanol,Ath Madrid,2,1
2004-11-27,2004-05,Getafe,Barcelona,1,2
2004-11-28,2004-05,Betis,Villarreal,2,1
2004-11-28,2004-05,La Coruna,Sociedad,2,2
2004-11-28,2004-05,Malaga,Albacete,0,2
2004-11-28,2004-05,Numancia,Zaragoza,2,1
2004-11-28,2004-05,Osasuna,Sevilla,4,1
2004-11-28,2004-05,Real Madrid,Levante,5,0
2004-11-28,2004-05,Valencia,Mallorca,2,0
2004-12-04,2004-05,Albacete,Valencia,0,1
2004-12-04,2004-05,Barcelona,Malaga,4,0
2004-12-04,2004-05,Sociedad,Betis,1,0
2004-12-05,2004-05,Ath Madrid,Osasuna,3,2
2004-12-05,2004-05,Levante,Getafe,0,0
2004-12-05,2004-05,Mallorca,Numancia,3,2
2004-12-05,2004-05,Santander,La Coruna,2,2
2004-12-05,2004-05,Sevilla,Ath Bilbao,2,0
2004-12-05,2004-05,Villarreal,Real Madrid,0,0
2004-12-05,2004-05,Zaragoza,Espanol,0,1
2004-12-11,2004-05,Albacete,Barcelona,1,2
2004-12-11,2004-05,Ath Bilbao,Ath Madrid,1,0
2004-12-12,2004-05,Betis,Santander,2,1
2004-12-12,2004-05,Espanol,Mallorca,2,1
2004-12-12,2004-05,Getafe,Villarreal,1,2
2004-12-12,2004-05,La Coruna,Sevilla,2,2
2004-12-12,2004-05,Malaga,Levante,1,0
2004-12-12,2004-05,Osasuna,Zaragoza,2,2
2004-12-12,2004-05,Valencia,Numancia,1,0
2004-12-18,2004-05,Barcelona,Valencia,1,1
2004-12-18,2004-05,Levante,Albacete,1,1
2004-12-18,2004-05,Santander,Real Madrid,2,3
2004-12-19,2004-05,Ath Madrid,La Coruna,1,0
2004-12-19,2004-05,Mallorca,Osasuna,1,2
2004-12-19,2004-05,Numancia,Espanol,0,0
2004-12-19,2004-05,Sevilla,Betis,2,1
2004-12-19,2004-05,Sociedad,Getafe,1,1
2004-12-19,2004-05,Villarreal,Malaga,3,0
2004-12-19,2004-05,Zaragoza,Ath Bilbao,0,2
2004-12-21,2004-05,Barcelona,Levante,2,1
2004-12-21,2004-05,Betis,Ath Madrid,1,0
2004-12-22,2004-05,Albacete,Villarreal,2,2
2004-12-22,2004-05,Ath Bilbao,Mallorca,4,0
2004-12-22,2004-05,Getafe,Santander,2,0
2004-12-22,2004-05,La Coruna,Zaragoza,2,3
2004-12-22,2004-05,Malaga,Sociedad,1,5
2004-12-22,2004-05,Osasuna,Numancia,2,0
2004-12-22,2004-05,Real Madrid,Sevilla,0,1
2004-12-22,2004-05,Valencia,Espanol,3,0
2005-01-05,2004-05,Real Madrid,Sociedad,2,1
2005-01-08,2004-05,Numancia,Ath Bilbao,1,1
2005-01-08,2004-05,Sevilla,Getafe,0,0
2005-01-08,2004-05,Valencia,Levante,2,1
2005-01-09,2004-05,Ath Madrid,Real Madrid,0,3
2005-01-09,2004-05,Espanol,Osasuna,4,1
2005-01-09,2004-05,Mallorca,La Coruna,2,2
2005-01-09,2004-05,Santander,Malaga,2,1
2005-01-09,2004-05,Sociedad,Albacete,0,2
2005-01-09,2004-05,Villarreal,Barcelona,3,0
2005-01-09,2004-05,Zaragoza,Betis,1,0
2005-01-15,2004-05,Getafe,Ath Madrid,1,1
2005-01-15,2004-05,Malaga,Sevilla,1,0
2005-01-16,2004-05,Albacete,Santander,0,0
2005-01-16,2004-05,Ath Bilbao,Espanol,1,1
2005-01-16,2004-05,Barcelona,Sociedad,1,0
2005-01-16,2004-05,Betis,Mallorca,2,0
2005-01-16,2004-05,La Coruna,Numancia,1,1
2005-01-16,2004-05,Levante,Villarreal,2,4
2005-01-16,2004-05,Osasuna,Valencia,0,0
2005-01-16,2004-05,Real Madrid,Zaragoza,3,1
2005-01-22,2004-05,Ath Bilbao,Osasuna,4,3
2005-01-22,2004-05,Barcelona,Santander,3,0
2005-01-23,2004-05,Albacete,Sevilla,0,2
2005-01-23,2004-05,Betis,Numancia,4,0
2005-01-23,2004-05,Getafe,Zaragoza,3,0
2005-01-23,2004-05,La Coruna,Espanol,4,1
2005-01-23,2004-05,Levante,Sociedad,2,1
2005-01-23,2004-05,Malaga,Ath Madrid,1,0
2005-01-23,2004-05,Real Madrid,Mallorca,3,1
2005-01-23,2004-05,Villarreal,Valencia,3,1
2005-01-29,2004-05,Ath Madrid,Albacete,3,1
2005-01-29,2004-05,Sevilla,Barcelona,0,4
2005-01-30,2004-05,Espanol,Betis,2,2
2005-01-30,2004-05,Mallorca,Getafe,3,1
2005-01-30,2004-05,Numancia,Real Madrid,1,2
2005-01-30,2004-05,Osasuna,La Coruna,1,1
2005-01-30,2004-05,Santander,Levante,2,2
2005-01-30,2004-05,Sociedad,Villarreal,0,4
2005-01-30,2004-05,Valencia,Ath Bilbao,2,2
2005-01-30,2004-05,Zaragoza,Malaga,1,0
2005-02-05,2004-05,Real Madrid,Espanol,4,0
2005-02-05,2004-05,Sociedad,Valencia,3,3
2005-02-06,2004-05,Albacete,Zaragoza,2,1
2005-02-06,2004-05,Barcelona,Ath Madrid,0,2
2005-02-06,2004-05,Betis,Osasuna,3,1
2005-02-06,2004-05,Getafe,Numancia,1,0
2005-02-06,2004-05,La Coruna,Ath Bilbao,1,1
2005-02-06,2004-05,Levante,Sevilla,0,3
2005-02-06,2004-05,Malaga,Mallorca,0,0
2005-02-06,2004-05,Villarreal,Santander,2,1
2005-02-12,2004-05,Valencia,La Coruna,1,2
2005-02-12,2004-05,Zaragoza,Barcelona,1,4
2005-02-13,2004-05,Ath Bilbao,Betis,4,4
2005-02-13,2004-05,Ath Madrid,Levante,0,0
2005-02-13,2004-05,Espanol,Getafe,2,0
2005-02-13,2004-05,Mallorca,Albacete,2,1
2005-02-13,2004-05,Numancia,Malaga,0,1
2005-02-13,2004-05,Osasuna,Real Madrid,1,2
2005-02-13,2004-05,Santander,Sociedad,1,3
2005-02-13,2004-05,Sevilla,Villarreal,2,1
2005-02-19,2004-05,Barcelona,Mallorca,2,0
2005-02-19,2004-05,Real Madrid,Ath Bilbao,0,2
2005-02-19,2004-05,Sociedad,Sevilla,1,0
2005-02-20,2004-05,Albacete,Numancia,1,2
2005-02-20,2004-05,Betis,La Coruna,2,0
2005-02-20,2004-05,Getafe,Osasuna,0,0
2005-02-20,2004-05,Levante,Zaragoza,0,0
2005-02-20,2004-05,Malaga,Espanol,3,2
2005-02-20,2004-05,Santander,Valencia,1,0
2005-02-20,2004-05,Villarreal,Ath Madrid,3,2
2005-02-26,2004-05,Espanol,Albacete,2,1
2005-02-26,2004-05,La Coruna,Real Madrid,2,0
2005-02-26,2004-05,Mallorca,Levante,1,2
2005-02-26,2004-05,Numancia,Barcelona,1,1
2005-02-27,2004-05,Ath Madrid,Sociedad,1,0
2005-02-27,2004-05,Osasuna,Malaga,1,6
2005-02-27,2004-05,Sevilla,Santander,2,2
2005-02-27,2004-05,Valencia,Betis,2,1
2005-02-27,2004-05,Zaragoza,Villarreal,1,0
2005-03-01,2004-05,Barcelona,Espanol,0,0
2005-03-02,2004-05,Albacete,Osasuna,1,1
2005-03-02,2004-05,Getafe,La Coruna,1,1
2005-03-02,2004-05,Levante,Numancia,1,1
2005-03-02,2004-05,Malaga,Ath Bilbao,1,0
2005-03-02,2004-05,Real Madrid,Betis,3,1
2005-03-02,2004-05,Santander,Ath Madrid,2,1
2005-03-02,2004-05,Sevilla,Valencia,2,2
2005-03-02,2004-05,Sociedad,Zaragoza,2,1
2005-03-02,2004-05,Villarreal,Mallorca,2,1
2005-03-05,2004-05,Ath Madrid,Sevilla,3,0
2005-03-05,2004-05,Osasuna,Barcelona,0,1
2005-03-05,2004-05,Valencia,Real Madrid,1,1
2005-03-06,2004-05,Ath Bilbao,Albacete,3,1
2005-03-06,2004-05,Betis,Getafe,2,2
2005-03-06,2004-05,Espanol,Levante,2,1
2005-03-06,2004-05,La Coruna,Malaga,1,0
2005-03-06,2004-05,Mallorca,Sociedad,3,2
2005-03-06,2004-05,Numancia,Villarreal,1,1
2005-03-06,2004-05,Zaragoza,Santander,1,0
2005-03-12,2004-05,Barcelona,Ath Bilbao,2,0
2005-03-12,2004-05,Malaga,Betis,1,2
2005-03-13,2004-05,Albacete,La Coruna,0,1
2005-03-13,2004-05,Ath Madrid,Valencia,1,0
2005-03-13,2004-05,Getafe,Real Madrid,2,1
2005-03-13,2004-05,Levante,Osasuna,4,0
2005-03-13,2004-05,Santander,Mallorca,3,0
2005-03-13,2004-05,Sevilla,Zaragoza,0,1
2005-03-13,2004-05,Sociedad,Numancia,2,1
2005-03-13,2004-05,Villarreal,Espanol,4,1
2005-03-16,2004-05,Ath Bilbao,Getafe,1,2
2005-03-19,2004-05,Betis,Albacete,2,1
2005-03-19,2004-05,Espanol,Sociedad,2,2
2005-03-19,2004-05,La Coruna,Barcelona,0,1
2005-03-20,2004-05,Ath Bilbao,Levante,3,1
2005-03-20,2004-05,Mallorca,Sevilla,0,1
2005-03-20,2004-05,Numancia,Santander,2,3
2005-03-20,2004-05,Real Madrid,Malaga,1,0
2005-03-20,2004-05,Valencia,Getafe,3,1
2005-03-20,2004-05,Zaragoza,Ath Madrid,0,0
2005-04-02,2004-05,Sociedad,Osasuna,2,0
2005-04-02,2004-05,Villarreal,Ath Bilbao,3,1
2005-04-02,2004-05,Zaragoza,Valencia,2,2
2005-04-03,2004-05,Albacete,Real Madrid,1,2
2005-04-03,2004-05,Ath Madrid,Mallorca,4,0
2005-04-03,2004-05,Barcelona,Betis,3,3
2005-04-03,2004-05,Levante,La Coruna,0,1
2005-04-03,2004-05,Malaga,Getafe,1,1
2005-04-03,2004-05,Santander,Espanol,1,3
2005-04-03,2004-05,Sevilla,Numancia,1,0
2005-04-09,2004-05,Ath Bilbao,Sociedad,3,0
2005-04-09,2004-05,Numancia,Ath Madrid,1,0
2005-04-10,2004-05,Betis,Levante,2,2
2005-04-10,2004-05,Espanol,Sevilla,1,3
2005-04-10,2004-05,Getafe,Albacete,1,0
2005-04-10,2004-05,La Coruna,Villarreal,1,1
2005-04-10,2004-05,Mallorca,Zaragoza,0,2
2005-04-10,2004-05,Osasuna,Santander,1,0
2005-04-10,2004-05,Real Madrid,Barcelona,4,2
2005-04-10,2004-05,Valencia,Malaga,2,2
2005-04-16,2004-05,Ath Madrid,Espanol,0,0
2005-04-16,2004-05,Sevilla,Osasuna,0,1
2005-04-16,2004-05,Sociedad,La Coruna,1,0
2005-04-17,2004-05,Albacete,Malaga,1,2
2005-04-17,2004-05,Barcelona,Getafe,2,0
2005-04-17,2004-05,Levante,Real Madrid,0,2
2005-04-17,2004-05,Mallorca,Valencia,0,0
2005-04-17,2004-05,Santander,Ath Bilbao,0,2
2005-04-17,2004-05,Villarreal,Betis,0,0
2005-04-17,2004-05,Zaragoza,Numancia,4,1
2005-04-23,2004-05,Osasuna,Ath Madrid,1,0
2005-04-23,2004-05,Real Madrid,Villarreal,2,1
2005-04-24,2004-05,Ath Bilbao,Sevilla,1,3
2005-04-24,2004-05,Betis,Sociedad,2,3
2005-04-24,2004-05,Espanol,Zaragoza,3,1
2005-04-24,2004-05,Getafe,Levante,1,0
2005-04-24,2004-05,La Coruna,Santander,1,4
2005-04-24,2004-05,Malaga,Barcelona,0,4
2005-04-24,2004-05,Numancia,Mallorca,1,2
2005-04-24,2004-05,Valencia,Albacete,2,0
2005-04-28,2004-05,Osasuna,Villarreal,3,2
2005-04-30,2004-05,Ath Madrid,Ath Bilbao,1,1
2005-04-30,2004-05,Numancia,Valencia,1,1
2005-04-30,2004-05,Sociedad,Real Madrid,0,2
2005-05-01,2004-05,Barcelona,Albacete,2,0
2005-05-01,2004-05,Levante,Malaga,0,1
2005-05-01,2004-05,Mallorca,Espanol,3,2
2005-05-01,2004-05,Santander,Betis,1,1
2005-05-01,2004-05,Sevilla,La Coruna,2,0
2005-05-01,2004-05,Villarreal,Getafe,4,0
2005-05-01,2004-05,Zaragoza,Osasuna,5,1
2005-05-07,2004-05,Ath Bilbao,Zaragoza,2,0
2005-05-07,2004-05,Betis,Sevilla,1,0
2005-05-07,2004-05,Osasuna,Mallorca,1,1
2005-05-07,2004-05,Real Madrid,Santander,5,0
2005-05-08,2004-05,Albacete,Levante,3,1
2005-05-08,2004-05,Espanol,Numancia,3,0
2005-05-08,2004-05,Getafe,Sociedad,2,0
2005-05-08,2004-05,La Coruna,Ath Madrid,2,0
2005-05-08,2004-05,Malaga,Villarreal,0,2
2005-05-08,2004-05,Valencia,Barcelona,0,2
2005-05-14,2004-05,Levante,Barcelona,1,1
2005-05-14,2004-05,Sevilla,Real Madrid,2,2
2005-05-15,2004-05,Ath Madrid,Betis,1,2
2005-05-15,2004-05,Espanol,Valencia,2,2
2005-05-15,2004-05,Mallorca,Ath Bilbao,4,3
2005-05-15,2004-05,Numancia,Osasuna,2,2
2005-05-15,2004-05,Santander,Getafe,2,1
2005-05-15,2004-05,Sociedad,Malaga,1,3
2005-05-15,2004-05,Villarreal,Albacete,1,0
2005-05-15,2004-05,Zaragoza,La Coruna,2,2
2005-05-21,2004-05,Betis,Zaragoza,3,2
2005-05-21,2004-05,Real Madrid,Ath Madrid,0,0
2005-05-22,2004-05,Albacete,Sociedad,2,2
2005-05-22,2004-05,Ath Bilbao,Numancia,0,2
2005-05-22,2004-05,Barcelona,Villarreal,3,3
2005-05-22,2004-05,Getafe,Sevilla,0,0
2005-05-22,2004-05,La Coruna,Mallorca,0,3
2005-05-22,2004-05,Levante,Valencia,0,0
2005-05-22,2004-05,Malaga,Santander,2,0
2005-05-22,2004-05,Osasuna,Espanol,1,1
2005-05-29,2004-05,Ath Madrid,Getafe,2,2
2005-05-29,2004-05,Espanol,Ath Bilbao,2,0
2005-05-29,2004-05,Mallorca,Betis,1,1
2005-05-29,2004-05,Numancia,La Coruna,1,1
2005-05-29,2004-05,Santander,Albacete,1,0
2005-05-29,2004-05,Sevilla,Malaga,0,2
2005-05-29,2004-05,Sociedad,Barcelona,0,0
2005-05-29,2004-05,Valencia,Osasuna,1,0
2005-05-29,2004-05,Villarreal,Levante,4,1
2005-05-29,2004-05,Zaragoza,Real Madrid,1,3
2005-08-27,2005-06,Alaves,Barcelona,0,0
2005-08-27,2005-06,Ath Bilbao,Sociedad,3,0
2005-08-27,2005-06,Valencia,Betis,1,0
2005-08-28,2005-06,Ath Madrid,Zaragoza,0,0
2005-08-28,2005-06,Cadiz,Real Madrid,1,2
2005-08-28,2005-06,Celta,Malaga,2,0
2005-08-28,2005-06,Espanol,Getafe,0,2
2005-08-28,2005-06,Mallorca,La Coruna,0,1
2005-08-28,2005-06,Osasuna,Villarreal,2,1
2005-08-28,2005-06,Sevilla,Santander,1,0
2005-09-10,2005-06,Betis,Osasuna,1,0
2005-09-10,2005-06,La Coruna,Ath Madrid,1,0
2005-09-10,2005-06,Real Madrid,Celta,2,3
2005-09-11,2005-06,Barcelona,Mallorca,2,0
2005-09-11,2005-06,Getafe,Ath Bilbao,1,1
2005-09-11,2005-06,Malaga,Espanol,1,2
2005-09-11,2005-06,Santander,Cadiz,0,1
2005-09-11,2005-06,Sociedad,Alaves,2,1
2005-09-11,2005-06,Villarreal,Sevilla,1,1
2005-09-11,2005-06,Zaragoza,Valencia,2,2
2005-09-17,2005-06,Mallorca,Sociedad,5,2
2005-09-17,2005-06,Valencia,La Coruna,2,2
2005-09-18,2005-06,Alaves,Getafe,3,4
2005-09-18,2005-06,Ath Bilbao,Malaga,1,2
2005-09-18,2005-06,Ath Madrid,Barcelona,2,1
2005-09-18,2005-06,Betis,Zaragoza,0,0
2005-09-18,2005-06,Cadiz,Villarreal,1,1
2005-09-18,2005-06,Celta,Santander,0,1
2005-09-18,2005-06,Espanol,Real Madrid,1,0
2005-09-18,2005-06,Osasuna,Sevilla,1,0
2005-09-21,2005-06,Barcelona,Valencia,2,2
2005-09-21,2005-06,Getafe,Mallorca,1,1
2005-09-21,2005-06,La Coruna,Betis,1,1
2005-09-21,2005-06,Malaga,Alaves,0,0
2005-09-21,2005-06,Santander,Espanol,1,0
2005-09-21,2005-06,Sevilla,Cadiz,0,0
2005-09-21,2005-06,Sociedad,Ath Madrid,3,2
2005-09-21,2005-06,Villarreal,Celta,1,2
2005-09-21,2005-06,Zaragoza,Osasuna,3,1
2005-09-22,2005-06,Real Madrid,Ath Bilbao,3,1
2005-09-24,2005-06,Ath Madrid,Getafe,0,1
2005-09-24,2005-06,Betis,Barcelona,1,4
2005-09-24,2005-06,Espanol,Villarreal,1,2
2005-09-24,2005-06,Valencia,Sociedad,2,1
2005-09-24,2005-06,Zaragoza,La Coruna,1,1
2005-09-25,2005-06,Alaves,Real Madrid,0,3
2005-09-25,2005-06,Ath Bilbao,Santander,0,0
2005-09-25,2005-06,Celta,Sevilla,2,1
2005-09-25,2005-06,Mallorca,Malaga,1,4
2005-09-25,2005-06,Osasuna,Cadiz,2,0
2005-10-01,2005-06,Barcelona,Zaragoza,2,2
2005-10-01,2005-06,Getafe,Valencia,2,1
2005-10-02,2005-06,Cadiz,Celta,1,1
2005-10-02,2005-06,La Coruna,Osasuna,0,1
2005-10-02,2005-06,Malaga,Ath Madrid,0,2
2005-10-02,2005-06,Real Madrid,Mallorca,4,0
2005-10-02,2005-06,Santander,Alaves,1,2
2005-10-02,2005-06,Sevilla,Espanol,1,1
2005-10-02,2005-06,Sociedad,Betis,1,1
2005-10-02,2005-06,Villarreal,Ath Bilbao,3,1
2005-10-15,2005-06,Alaves,Villarreal,1,1
2005-10-15,2005-06,Ath Madrid,Real Madrid,0,3
2005-10-15,2005-06,La Coruna,Barcelona,3,3
2005-10-16,2005-06,Ath Bilbao,Sevilla,0,1
2005-10-16,2005-06,Betis,Getafe,1,0
2005-10-16,2005-06,Espanol,Cadiz,0,2
2005-10-16,2005-06,Mallorca,Santander,0,0
2005-10-16,2005-06,Osasuna,Celta,2,0
2005-10-16,2005-06,Valencia,Malaga,2,1
2005-10-16,2005-06,Zaragoza,Sociedad,0,1
2005-10-22,2005-06,Barcelona,Osasuna,3,0
2005-10-22,2005-06,Sevilla,Alaves,2,0
2005-10-23,2005-06,Cadiz,Ath Bilbao,1,0
2005-10-23,2005-06,Celta,Espanol,1,0
2005-10-23,2005-06,Getafe,Zaragoza,5,2
2005-10-23,2005-06,Malaga,Betis,5,0
2005-10-23,2005-06,Real Madrid,Valencia,1,2
2005-10-23,2005-06,Santander,Ath Madrid,0,1
2005-10-23,2005-06,Sociedad,La Coruna,2,0
2005-10-23,2005-06,Villarreal,Mallorca,3,0
2005-10-26,2005-06,Barcelona,Malaga,2,0
2005-10-26,2005-06,Betis,Villarreal,2,3
2005-10-26,2005-06,La Coruna,Real Madrid,3,1
2005-10-26,2005-06,Mallorca,Celta,1,0
2005-10-26,2005-06,Osasuna,Ath Bilbao,3,2
2005-10-27,2005-06,Alaves,Espanol,1,1
2005-10-27,2005-06,Ath Madrid,Cadiz,3,0
2005-10-27,2005-06,Sociedad,Getafe,3,0
2005-10-27,2005-06,Valencia,Sevilla,0,2
2005-10-27,2005-06,Zaragoza,Santander,1,1
2005-10-29,2005-06,Ath Bilbao,Celta,1,1
2005-10-29,2005-06,Betis,Real Madrid,0,2
2005-10-30,2005-06,Alaves,Cadiz,0,0
2005-10-30,2005-06,Ath Madrid,Villarreal,1,1
2005-10-30,2005-06,Barcelona,Sociedad,5,0
2005-10-30,2005-06,La Coruna,Getafe,1,0
2005-10-30,2005-06,Mallorca,Sevilla,1,1
2005-10-30,2005-06,Osasuna,Espanol,2,0
2005-10-30,2005-06,Valencia,Santander,1,1
2005-10-30,2005-06,Zaragoza,Malaga,1,1
2005-11-05,2005-06,Espanol,Ath Bilbao,1,1
2005-11-05,2005-06,Sociedad,Osasuna,1,2
2005-11-05,2005-06,Villarreal,Valencia,1,0
2005-11-06,2005-06,Cadiz,Mallorca,1,2
2005-11-06,2005-06,Celta,Alaves,2,1
2005-11-06,2005-06,Getafe,Barcelona,1,3
2005-11-06,2005-06,Malaga,La Coruna,1,1
2005-11-06,2005-06,Real Madrid,Zaragoza,1,0
2005-11-06,2005-06,Santander,Betis,1,1
2005-11-06,2005-06,Sevilla,Ath Madrid,0,0
2005-11-19,2005-06,Getafe,Osasuna,0,0
2005-11-19,2005-06,Real Madrid,Barcelona,0,3
2005-11-19,2005-06,Sevilla,Betis,1,0
2005-11-19,2005-06,Villarreal,Zaragoza,0,0
2005-11-20,2005-06,Ath Bilbao,Alaves,0,2
2005-11-20,2005-06,Cadiz,Valencia,0,1
2005-11-20,2005-06,Celta,Ath Madrid,2,1
2005-11-20,2005-06,Espanol,Mallorca,2,0
2005-11-20,2005-06,Malaga,Sociedad,3,1
2005-11-20,2005-06,Santander,La Coruna,0,3
2005-11-26,2005-06,Mallorca,Ath Bilbao,0,1
2005-11-26,2005-06,Valencia,Celta,2,0
2005-11-27,2005-06,Ath Madrid,Espanol,1,1
2005-11-27,2005-06,Barcelona,Santander,4,1
2005-11-27,2005-06,Betis,Cadiz,1,1
2005-11-27,2005-06,Getafe,Malaga,3,2
2005-11-27,2005-06,La Coruna,Villarreal,0,2
2005-11-27,2005-06,Osasuna,Alaves,3,2
2005-11-27,2005-06,Sociedad,Real Madrid,2,2
2005-11-27,2005-06,Zaragoza,Sevilla,0,2
2005-12-03,2005-06,Ath Bilbao,Ath Madrid,1,1
2005-12-03,2005-06,Celta,Betis,2,1
2005-12-03,2005-06,Real Madrid,Getafe,1,0
2005-12-04,2005-06,Alaves,Mallorca,0,3
2005-12-04,2005-06,Cadiz,Zaragoza,1,2
2005-12-04,2005-06,Espanol,Valencia,1,3
2005-12-04,2005-06,Malaga,Osasuna,1,2
2005-12-04,2005-06,Santander,Sociedad,2,2
2005-12-04,2005-06,Sevilla,La Coruna,0,2
2005-12-04,2005-06,Villarreal,Barcelona,0,2
2005-12-10,2005-06,Sociedad,Villarreal,1,3
2005-12-10,2005-06,Valencia,Ath Bilbao,1,1
2005-12-11,2005-06,Ath Madrid,Alaves,1,1
2005-12-11,2005-06,Barcelona,Sevilla,2,1
2005-12-11,2005-06,Betis,Espanol,0,0
2005-12-11,2005-06,Getafe,Santander,1,2
2005-12-11,2005-06,La Coruna,Cadiz,1,0
2005-12-11,2005-06,Malaga,Real Madrid,0,2
2005-12-11,2005-06,Osasuna,Mallorca,1,0
2005-12-11,2005-06,Zaragoza,Celta,1,0
2005-12-17,2005-06,Ath Bilbao,Betis,2,0
2005-12-17,2005-06,Cadiz,Barcelona,1,3
2005-12-17,2005-06,Celta,La Coruna,0,3
2005-12-18,2005-06,Alaves,Valencia,0,1
2005-12-18,2005-06,Espanol,Zaragoza,2,2
2005-12-18,2005-06,Mallorca,Ath Madrid,2,2
2005-12-18,2005-06,Real Madrid,Osasuna,1,1
2005-12-18,2005-06,Santander,Malaga,1,1
2005-12-18,2005-06,Sevilla,Sociedad,3,2
2005-12-18,2005-06,Villarreal,Getafe,2,1
2005-12-20,2005-06,Barcelona,Celta,2,0
2005-12-21,2005-06,Betis,Alaves,3,0
2005-12-21,2005-06,Getafe,Sevilla,1,0
2005-12-21,2005-06,La Coruna,Espanol,1,2
2005-12-21,2005-06,Malaga,Villarreal,0,0
2005-12-21,2005-06,Real Madrid,Santander,1,2
2005-12-21,2005-06,Sociedad,Cadiz,2,0
2005-12-21,2005-06,Valencia,Mallorca,3,0
2005-12-21,2005-06,Zaragoza,Ath Bilbao,3,2
2005-12-22,2005-06,Osasuna,Ath Madrid,2,1
2006-01-07,2005-06,Ath Bilbao,La Coruna,1,2
2006-01-07,2005-06,Espanol,Barcelona,1,2
2006-01-08,2005-06,Alaves,Zaragoza,0,2
2006-01-08,2005-06,Ath Madrid,Valencia,0,0
2006-01-08,2005-06,Cadiz,Getafe,1,0
2006-01-08,2005-06,Celta,Sociedad,1,0
2006-01-08,2005-06,Mallorca,Betis,1,1
2006-01-08,2005-06,Osasuna,Santander,1,1
2006-01-08,2005-06,Sevilla,Malaga,3,1
2006-01-08,2005-06,Villarreal,Real Madrid,0,0
2006-01-14,2005-06,Betis,Ath Madrid,1,0
2006-01-14,2005-06,Valencia,Osasuna,2,0
2006-01-15,2005-06,Barcelona,Ath Bilbao,2,1
2006-01-15,2005-06,Getafe,Celta,1,1
2006-01-15,2005-06,La Coruna,Alaves,0,2
2006-01-15,2005-06,Malaga,Cadiz,0,2
2006-01-15,2005-06,Real Madrid,Sevilla,4,2
2006-01-15,2005-06,Santander,Villarreal,1,0
2006-01-15,2005-06,Sociedad,Espanol,0,1
2006-01-15,2005-06,Zaragoza,Mallorca,3,1
2006-01-21,2005-06,Real Madrid,Cadiz,3,1
2006-01-21,2005-06,Zaragoza,Ath Madrid,0,2
2006-01-22,2005-06,Barcelona,Alaves,2,0
2006-01-22,2005-06,Betis,Valencia,0,2
2006-01-22,2005-06,Getafe,Espanol,5,0
2006-01-22,2005-06,La Coruna,Mallorca,2,2
2006-01-22,2005-06,Malaga,Celta,0,2
2006-01-22,2005-06,Santander,Sevilla,2,3
2006-01-22,2005-06,Sociedad,Ath Bilbao,3,3
2006-01-22,2005-06,Villarreal,Osasuna,2,1
2006-01-28,2005-06,Ath Bilbao,Getafe,1,0
2006-01-28,2005-06,Ath Madrid,La Coruna,3,2
2006-01-28,2005-06,Cadiz,Santander,1,1
2006-01-29,2005-06,Alaves,Sociedad,3,1
2006-01-29,2005-06,Celta,Real Madrid,1,2
2006-01-29,2005-06,Espanol,Malaga,3,1
2006-01-29,2005-06,Mallorca,Barcelona,0,3
2006-01-29,2005-06,Osasuna,Betis,0,2
2006-01-29,2005-06,Sevilla,Villarreal,2,0
2006-01-29,2005-06,Valencia,Zaragoza,2,2
2006-02-04,2005-06,La Coruna,Valencia,0,1
2006-02-04,2005-06,Malaga,Ath Bilbao,2,1
2006-02-04,2005-06,Real Madrid,Espanol,4,0
2006-02-05,2005-06,Barcelona,Ath Madrid,1,3
2006-02-05,2005-06,Getafe,Alaves,2,2
2006-02-05,2005-06,Santander,Celta,0,1
2006-02-05,2005-06,Sevilla,Osasuna,0,1
2006-02-05,2005-06,Sociedad,Mallorca,2,1
2006-02-05,2005-06,Villarreal,Cadiz,1,1
2006-02-05,2005-06,Zaragoza,Betis,4,3
2006-02-11,2005-06,Ath Bilbao,Real Madrid,0,2
2006-02-11,2005-06,Cadiz,Sevilla,0,4
2006-02-11,2005-06,Osasuna,Zaragoza,1,1
2006-02-12,2005-06,Alaves,Malaga,3,2
2006-02-12,2005-06,Ath Madrid,Sociedad,1,0
2006-02-12,2005-06,Betis,La Coruna,0,1
2006-02-12,2005-06,Celta,Villarreal,1,0
2006-02-12,2005-06,Espanol,Santander,0,2
2006-02-12,2005-06,Mallorca,Getafe,1,1
2006-02-12,2005-06,Valencia,Barcelona,1,0
2006-02-18,2005-06,Barcelona,Betis,5,1
2006-02-18,2005-06,Real Madrid,Alaves,3,0
2006-02-18,2005-06,Sevilla,Celta,1,0
2006-02-18,2005-06,Villarreal,Espanol,4,0
2006-02-19,2005-06,Cadiz,Osasuna,1,3
2006-02-19,2005-06,Getafe,Ath Madrid,0,3
2006-02-19,2005-06,La Coruna,Zaragoza,1,1
2006-02-19,2005-06,Malaga,Mallorca,0,2
2006-02-19,2005-06,Santander,Ath Bilbao,0,1
2006-02-19,2005-06,Sociedad,Valencia,1,2
2006-02-25,2005-06,Ath Madrid,Malaga,5,0
2006-02-25,2005-06,Zaragoza,Barcelona,0,2
2006-02-26,2005-06,Alaves,Santander,2,2
2006-02-26,2005-06,Ath Bilbao,Villarreal,1,1
2006-02-26,2005-06,Betis,Sociedad,2,0
2006-02-26,2005-06,Celta,Cadiz,2,0
2006-02-26,2005-06,Espanol,Sevilla,5,0
2006-02-26,2005-06,Mallorca,Real Madrid,2,1
2006-02-26,2005-06,Osasuna,La Coruna,1,2
2006-02-26,2005-06,Valencia,Getafe,1,1
2006-03-04,2005-06,Barcelona,La Coruna,3,2
2006-03-04,2005-06,Cadiz,Espanol,2,0
2006-03-04,2005-06,Real Madrid,Ath Madrid,2,1
2006-03-04,2005-06,Villarreal,Alaves,3,2
2006-03-05,2005-06,Celta,Osasuna,2,0
2006-03-05,2005-06,Getafe,Betis,1,0
2006-03-05,2005-06,Malaga,Valencia,0,0
2006-03-05,2005-06,Santander,Mallorca,0,0
2006-03-05,2005-06,Sevilla,Ath Bilbao,2,1
2006-03-05,2005-06,Sociedad,Zaragoza,1,3
2006-03-11,2005-06,Espanol,Celta,2,0
2006-03-11,2005-06,La Coruna,Sociedad,0,1
2006-03-11,2005-06,Valencia,Real Madrid,0,0
2006-03-12,2005-06,Alaves,Sevilla,2,1
2006-03-12,2005-06,Ath Bilbao,Cadiz,1,0
2006-03-12,2005-06,Ath Madrid,Santander,2,1
2006-03-12,2005-06,Betis,Malaga,1,1
2006-03-12,2005-06,Mallorca,Villarreal,1,1
2006-03-12,2005-06,Osasuna,Barcelona,2,1
2006-03-12,2005-06,Zaragoza,Getafe,1,2
2006-03-18,2005-06,Getafe,La Coruna,1,2
2006-03-18,2005-06,Sociedad,Barcelona,0,2
2006-03-18,2005-06,Villarreal,Ath Madrid,1,1
2006-03-19,2005-06,Cadiz,Alaves,0,0
2006-03-19,2005-06,Celta,Ath Bilbao,0,1
2006-03-19,2005-06,Espanol,Osasuna,2,4
2006-03-19,2005-06,Malaga,Zaragoza,0,1
2006-03-19,2005-06,Real Madrid,Betis,0,0
2006-03-19,2005-06,Santander,Valencia,2,1
2006-03-19,2005-06,Sevilla,Mallorca,1,1
2006-03-21,2005-06,Barcelona,Getafe,3,1
2006-03-22,2005-06,Alaves,Celta,1,0
2006-03-22,2005-06,Ath Bilbao,Espanol,1,1
2006-03-22,2005-06,Betis,Santander,1,0
2006-03-22,2005-06,La Coruna,Malaga,2,1
2006-03-22,2005-06,Mallorca,Cadiz,1,0
2006-03-22,2005-06,Osasuna,Sociedad,2,0
2006-03-22,2005-06,Valencia,Villarreal,1,1
2006-03-22,2005-06,Zaragoza,Real Madrid,1,1
2006-03-23,2005-06,Ath Madrid,Sevilla,0,1
2006-03-25,2005-06,Ath Bilbao,Osasuna,1,0
2006-03-25,2005-06,Malaga,Barcelona,0,0
2006-03-25,2005-06,Villarreal,Betis,1,2
2006-03-26,2005-06,Cadiz,Ath Madrid,1,1
2006-03-26,2005-06,Celta,Mallorca,2,0
2006-03-26,2005-06,Espanol,Alaves,0,0
2006-03-26,2005-06,Getafe,Sociedad,2,1
2006-03-26,2005-06,Real Madrid,La Coruna,4,0
2006-03-26,2005-06,Santander,Zaragoza,0,0
2006-03-26,2005-06,Sevilla,Valencia,1,0
2006-04-01,2005-06,Barcelona,Real Madrid,1,1
2006-04-01,2005-06,Sociedad,Malaga,3,0
2006-04-01,2005-06,Zaragoza,Villarreal,0,1
2006-04-02,2005-06,Alaves,Ath Bilbao,0,0
2006-04-02,2005-06,Ath Madrid,Celta,0,3
2006-04-02,2005-06,Betis,Sevilla,2,1
2006-04-02,2005-06,La Coruna,Santander,2,0
2006-04-02,2005-06,Mallorca,Espanol,0,0
2006-04-02,2005-06,Osasuna,Getafe,0,4
2006-04-02,2005-06,Valencia,Cadiz,5,3
2006-04-08,2005-06,Cadiz,Betis,1,1
2006-04-08,2005-06,Celta,Valencia,0,1
2006-04-08,2005-06,Malaga,Getafe,1,2
2006-04-08,2005-06,Real Madrid,Sociedad,1,1
2006-04-09,2005-06,Alaves,Osasuna,1,2
2006-04-09,2005-06,Ath Bilbao,Mallorca,1,1
2006-04-09,2005-06,Espanol,Ath Madrid,1,1
2006-04-09,2005-06,Santander,Barcelona,2,2
2006-04-09,2005-06,Sevilla,Zaragoza,1,1
2006-04-09,2005-06,Villarreal,La Coruna,1,1
2006-04-14,2005-06,Barcelona,Villarreal,1,0
2006-04-15,2005-06,La Coruna,Sevilla,0,0
2006-04-15,2005-06,Mallorca,Alaves,0,0
2006-04-15,2005-06,Sociedad,Santander,1,0
2006-04-16,2005-06,Ath Madrid,Ath Bilbao,1,0
2006-04-16,2005-06,Betis,Celta,0,2
2006-04-16,2005-06,Getafe,Real Madrid,1,1
2006-04-16,2005-06,Osasuna,Malaga,1,1
2006-04-16,2005-06,Valencia,Espanol,4,0
2006-04-16,2005-06,Zaragoza,Cadiz,1,2
2006-04-22,2005-06,Alaves,Ath Madrid,0,1
2006-04-22,2005-06,Celta,Zaragoza,4,0
2006-04-22,2005-06,Villarreal,Sociedad,0,2
2006-04-23,2005-06,Ath Bilbao,Valencia,0,3
2006-04-23,2005-06,Cadiz,La Coruna,1,1
2006-04-23,2005-06,Espanol,Betis,2,0
2006-04-23,2005-06,Mallorca,Osasuna,0,1
2006-04-23,2005-06,Real Madrid,Malaga,2,1
2006-04-23,2005-06,Santander,Getafe,1,3
2006-04-29,2005-06,Barcelona,Cadiz,1,0
2006-04-29,2005-06,Betis,Ath Bilbao,1,1
2006-04-29,2005-06,La Coruna,Celta,0,2
2006-04-30,2005-06,Ath Madrid,Mallorca,0,1
2006-04-30,2005-06,Getafe,Villarreal,1,1
2006-04-30,2005-06,Malaga,Santander,2,3
2006-04-30,2005-06,Osasuna,Real Madrid,0,1
2006-04-30,2005-06,Sociedad,Sevilla,1,2
2006-04-30,2005-06,Valencia,Alaves,3,0
2006-04-30,2005-06,Zaragoza,Espanol,1,1
2006-05-03,2005-06,Alaves,Betis,2,0
2006-05-03,2005-06,Ath Bilbao,Zaragoza,1,0
2006-05-03,2005-06,Ath Madrid,Osasuna,0,1
2006-05-03,2005-06,Cadiz,Sociedad,2,2
2006-05-03,2005-06,Celta,Barcelona,0,1
2006-05-03,2005-06,Espanol,La Coruna,1,2
2006-05-03,2005-06,Mallorca,Valencia,2,1
2006-05-03,2005-06,Sevilla,Getafe,3,0
2006-05-03,2005-06,Villarreal,Malaga,2,1
2006-05-04,2005-06,Santander,Real Madrid,2,3
2006-05-06,2005-06,Barcelona,Espanol,2,0
2006-05-06,2005-06,Malaga,Sevilla,0,2
2006-05-06,2005-06,Valencia,Ath Madrid,1,1
2006-05-07,2005-06,Betis,Mallorca,2,1
2006-05-07,2005-06,Getafe,Cadiz,3,1
2006-05-07,2005-06,La Coruna,Ath Bilbao,1,2
2006-05-07,2005-06,Real Madrid,Villarreal,3,3
2006-05-07,2005-06,Santander,Osasuna,2,1
2006-05-07,2005-06,Sociedad,Celta,2,2
2006-05-07,2005-06,Zaragoza,Alaves,3,0
2006-05-13,2005-06,Alaves,La Coruna,1,0
2006-05-13,2005-06,Ath Madrid,Betis,1,1
2006-05-13,2005-06,Cadiz,Malaga,5,0
2006-05-13,2005-06,Celta,Getafe,1,0
2006-05-13,2005-06,Espanol,Sociedad,1,0
2006-05-13,2005-06,Mallorca,Zaragoza,3,1
2006-05-13,2005-06,Sevilla,Barcelona,3,2
2006-05-13,2005-06,Villarreal,Santander,2,0
2006-05-16,2005-06,Osasuna,Valencia,2,1
2006-05-16,2005-06,Sevilla,Real Madrid,4,3
2006-05-20,2005-06,Ath Bilbao,Barcelona,3,1
2006-08-26,2006-07,Valencia,Betis,2,1
2006-08-27,2006-07,Ath Bilbao,Sociedad,1,1
2006-08-27,2006-07,Espanol,Gimnastic,0,1
2006-08-27,2006-07,La Coruna,Zaragoza,3,2
2006-08-27,2006-07,Osasuna,Getafe,0,2
2006-08-27,2006-07,Real Madrid,Villarreal,0,0
2006-08-27,2006-07,Recreativo,Mallorca,1,1
2006-08-27,2006-07,Santander,Ath Madrid,0,1
2006-08-28,2006-07,Celta,Barcelona,2,3
2006-08-29,2006-07,Sevilla,Levante,4,0
2006-09-09,2006-07,Ath Madrid,Valencia,0,1
2006-09-09,2006-07,Barcelona,Osasuna,3,0
2006-09-10,2006-07,Betis,Ath Bilbao,3,0
2006-09-10,2006-07,Getafe,Santander,1,0
2006-09-10,2006-07,Gimnastic,Celta,1,2
2006-09-10,2006-07,Levante,Real Madrid,1,4
2006-09-10,2006-07,Mallorca,La Coruna,0,0
2006-09-10,2006-07,Sociedad,Sevilla,1,3
2006-09-10,2006-07,Villarreal,Recreativo,0,1
2006-09-10,2006-07,Zaragoza,Espanol,3,0
2006-09-16,2006-07,La Coruna,Villarreal,2,0
2006-09-17,2006-07,Ath Bilbao,Ath Madrid,1,4
2006-09-17,2006-07,Espanol,Celta,2,1
2006-09-17,2006-07,Osasuna,Gimnastic,2,0
2006-09-17,2006-07,Real Madrid,Sociedad,2,0
2006-09-17,2006-07,Recreativo,Levante,0,1
2006-09-17,2006-07,Santander,Barcelona,0,3
2006-09-17,2006-07,Sevilla,Betis,3,2
2006-09-17,2006-07,Valencia,Getafe,2,0
2006-09-17,2006-07,Zaragoza,Mallorca,2,0
2006-09-23,2006-07,Betis,Real Madrid,0,1
2006-09-24,2006-07,Ath Madrid,Sevilla,2,1
2006-09-24,2006-07,Barcelona,Valencia,1,1
2006-09-24,2006-07,Celta,Osasuna,0,2
2006-09-24,2006-07,Getafe,Ath Bilbao,0,0
2006-09-24,2006-07,Gimnastic,Santander,2,2
2006-09-24,2006-07,Levante,La Coruna,2,0
2006-09-24,2006-07,Mallorca,Espanol,1,0
2006-09-24,2006-07,Sociedad,Recreativo,2,3
2006-09-24,2006-07,Villarreal,Zaragoza,3,2
2006-09-30,2006-07,Ath Bilbao,Barcelona,1,3
2006-10-01,2006-07,Espanol,Osasuna,0,0
2006-10-01,2006-07,La Coruna,Sociedad,2,0
2006-10-01,2006-07,Mallorca,Villarreal,1,2
2006-10-01,2006-07,Real Madrid,Ath Madrid,1,1
2006-10-01,2006-07,Recreativo,Betis,2,0
2006-10-01,2006-07,Santander,Celta,1,1
2006-10-01,2006-07,Sevilla,Getafe,1,0
2006-10-01,2006-07,Valencia,Gimnastic,4,0
2006-10-01,2006-07,Zaragoza,Levante,2,2
2006-10-14,2006-07,Ath Madrid,Recreativo,2,1
2006-10-14,2006-07,Getafe,Real Madrid,1,0
2006-10-15,2006-07,Barcelona,Sevilla,3,1
2006-10-15,2006-07,Betis,La Coruna,1,1
2006-10-15,2006-07,Celta,Valencia,3,2
2006-10-15,2006-07,Gimnastic,Ath Bilbao,2,3
2006-10-15,2006-07,Levante,Mallorca,0,1
2006-10-15,2006-07,Osasuna,Santander,0,1
2006-10-15,2006-07,Sociedad,Zaragoza,1,3
2006-10-15,2006-07,Villarreal,Espanol,0,0
2006-10-21,2006-07,La Coruna,Ath Madrid,1,0
2006-10-21,2006-07,Villarreal,Levante,1,1
2006-10-21,2006-07,Zaragoza,Betis,2,1
2006-10-22,2006-07,Ath Bilbao,Celta,0,1
2006-10-22,2006-07,Espanol,Santander,2,2
2006-10-22,2006-07,Mallorca,Sociedad,0,0
2006-10-22,2006-07,Real Madrid,Barcelona,2,0
2006-10-22,2006-07,Recreativo,Getafe,1,2
2006-10-22,2006-07,Sevilla,Gimnastic,2,1
2006-10-22,2006-07,Valencia,Osasuna,1,0
2006-10-28,2006-07,Barcelona,Recreativo,3,0
2006-10-28,2006-07,Gimnastic,Real Madrid,1,3
2006-10-28,2006-07,Santander,Valencia,1,0
2006-10-29,2006-07,Ath Madrid,Zaragoza,0,1
2006-10-29,2006-07,Betis,Mallorca,0,1
2006-10-29,2006-07,Celta,Sevilla,1,2
2006-10-29,2006-07,Getafe,La Coruna,2,0
2006-10-29,2006-07,Levante,Espanol,0,0
2006-10-29,2006-07,Osasuna,Ath Bilbao,1,1
2006-10-29,2006-07,Sociedad,Villarreal,0,1
2006-11-04,2006-07,La Coruna,Barcelona,1,1
2006-11-04,2006-07,Levante,Sociedad,2,0
2006-11-04,2006-07,Mallorca,Ath Madrid,0,0
2006-11-05,2006-07,Ath Bilbao,Santander,0,0
2006-11-05,2006-07,Espanol,Valencia,1,1
2006-11-05,2006-07,Real Madrid,Celta,1,2
2006-11-05,2006-07,Recreativo,Gimnastic,2,1
2006-11-05,2006-07,Sevilla,Osasuna,2,0
2006-11-05,2006-07,Villarreal,Betis,3,2
2006-11-05,2006-07,Zaragoza,Getafe,3,1
2006-11-11,2006-07,Ath Madrid,Villarreal,3,1
2006-11-11,2006-07,Valencia,Ath Bilbao,1,1
2006-11-12,2006-07,Barcelona,Zaragoza,3,1
2006-11-12,2006-07,Betis,Levante,2,1
2006-11-12,2006-07,Celta,Recreativo,1,2
2006-11-12,2006-07,Getafe,Mallorca,1,0
2006-11-12,2006-07,Gimnastic,La Coruna,0,0
2006-11-12,2006-07,Osasuna,Real Madrid,1,4
2006-11-12,2006-07,Santander,Sevilla,0,0
2006-11-12,2006-07,Sociedad,Espanol,1,1
2006-11-18,2006-07,Real Madrid,Santander,3,1
2006-11-18,2006-07,Sevilla,Valencia,3,0
2006-11-19,2006-07,Espanol,Ath Bilbao,3,2
2006-11-19,2006-07,La Coruna,Celta,0,1
2006-11-19,2006-07,Levante,Ath Madrid,0,3
2006-11-19,2006-07,Mallorca,Barcelona,1,4
2006-11-19,2006-07,Recreativo,Osasuna,2,0
2006-11-19,2006-07,Sociedad,Betis,0,0
2006-11-19,2006-07,Villarreal,Getafe,1,0
2006-11-19,2006-07,Zaragoza,Gimnastic,3,0
2006-11-25,2006-07,Ath Madrid,Sociedad,1,1
2006-11-25,2006-07,Barcelona,Villarreal,4,0
2006-11-26,2006-07,Ath Bilbao,Sevilla,1,3
2006-11-26,2006-07,Betis,Espanol,1,1
2006-11-26,2006-07,Celta,Zaragoza,1,1
2006-11-26,2006-07,Getafe,Levante,0,0
2006-11-26,2006-07,Gimnastic,Mallorca,2,3
2006-11-26,2006-07,Osasuna,La Coruna,4,1
2006-11-26,2006-07,Santander,Recreativo,4,3
2006-11-26,2006-07,Valencia,Real Madrid,0,1
2006-12-02,2006-07,Betis,Ath Madrid,0,1
2006-12-02,2006-07,Levante,Barcelona,1,1
2006-12-02,2006-07,Recreativo,Valencia,2,0
2006-12-03,2006-07,Espanol,Sevilla,2,1
2006-12-03,2006-07,La Coruna,Santander,0,0
2006-12-03,2006-07,Mallorca,Celta,2,2
2006-12-03,2006-07,Real Madrid,Ath Bilbao,2,1
2006-12-03,2006-07,Sociedad,Getafe,0,0
2006-12-03,2006-07,Villarreal,Gimnastic,2,0
2006-12-03,2006-07,Zaragoza,Osasuna,1,2
2006-12-09,2006-07,Barcelona,Sociedad,1,0
2006-12-09,2006-07,Sevilla,Real Madrid,2,1
2006-12-10,2006-07,Ath Bilbao,Recreativo,4,2
2006-12-10,2006-07,Ath Madrid,Espanol,1,2
2006-12-10,2006-07,Celta,Villarreal,1,1
2006-12-10,2006-07,Getafe,Betis,1,1
2006-12-10,2006-07,Gimnastic,Levante,2,1
2006-12-10,2006-07,Osasuna,Mallorca,3,0
2006-12-10,2006-07,Santander,Zaragoza,0,2
2006-12-10,2006-07,Valencia,La Coruna,4,0
2006-12-16,2006-07,La Coruna,Ath Bilbao,0,2
2006-12-16,2006-07,Mallorca,Santander,1,2
2006-12-16,2006-07,Zaragoza,Valencia,0,1
2006-12-17,2006-07,Ath Madrid,Getafe,1,0
2006-12-17,2006-07,Espanol,Real Madrid,0,1
2006-12-17,2006-07,Levante,Celta,1,1
2006-12-17,2006-07,Recreativo,Sevilla,1,3
2006-12-17,2006-07,Sociedad,Gimnastic,3,2
2006-12-17,2006-07,Villarreal,Osasuna,1,4
2006-12-19,2006-07,Ath Bilbao,Zaragoza,0,0
2006-12-19,2006-07,Valencia,Mallorca,3,1
2006-12-20,2006-07,Celta,Sociedad,0,0
2006-12-20,2006-07,Getafe,Espanol,0,1
2006-12-20,2006-07,Gimnastic,Betis,0,1
2006-12-20,2006-07,Osasuna,Levante,2,1
2006-12-20,2006-07,Real Madrid,Recreativo,0,3
2006-12-20,2006-07,Santander,Villarreal,2,1
2006-12-20,2006-07,Sevilla,La Coruna,4,0
2006-12-21,2006-07,Barcelona,Ath Madrid,1,1
2007-01-06,2006-07,Ath Madrid,Gimnastic,0,0
2007-01-06,2006-07,Sociedad,Osasuna,2,1
2007-01-06,2006-07,Zaragoza,Sevilla,2,1
2007-01-07,2006-07,Betis,Celta,1,0
2007-01-07,2006-07,Espanol,Recreativo,0,1
2007-01-07,2006-07,Getafe,Barcelona,1,1
2007-01-07,2006-07,La Coruna,Real Madrid,2,0
2007-01-07,2006-07,Levante,Santander,2,0
2007-01-07,2006-07,Mallorca,Ath Bilbao,1,3
2007-01-07,2006-07,Villarreal,Valencia,0,1
2007-01-13,2006-07,Espanol,Barcelona,3,1
2007-01-13,2006-07,Valencia,Levante,3,0
2007-01-14,2006-07,Ath Bilbao,Villarreal,0,1
2007-01-14,2006-07,Celta,Ath Madrid,1,3
2007-01-14,2006-07,Gimnastic,Getafe,1,3
2007-01-14,2006-07,Osasuna,Betis,5,1
2007-01-14,2006-07,Real Madrid,Zaragoza,1,0
2007-01-14,2006-07,Recreativo,La Coruna,1,1
2007-01-14,2006-07,Santander,Sociedad,1,0
2007-01-14,2006-07,Sevilla,Mallorca,1,2
2007-01-20,2006-07,Ath Madrid,Osasuna,1,0
2007-01-20,2006-07,Villarreal,Sevilla,0,0
2007-01-21,2006-07,Barcelona,Gimnastic,3,0
2007-01-21,2006-07,Betis,Santander,1,1
2007-01-21,2006-07,Getafe,Celta,1,0
2007-01-21,2006-07,La Coruna,Espanol,0,0
2007-01-21,2006-07,Levante,Ath Bilbao,0,0
2007-01-21,2006-07,Mallorca,Real Madrid,0,1
2007-01-21,2006-07,Sociedad,Valencia,0,1
2007-01-21,2006-07,Zaragoza,Recreativo,0,0
2007-01-24,2006-07,Betis,Barcelona,1,1
2007-01-27,2006-07,Ath Madrid,Santander,1,1
2007-01-27,2006-07,Villarreal,Real Madrid,1,0
2007-01-28,2006-07,Barcelona,Celta,3,1
2007-01-28,2006-07,Betis,Valencia,2,1
2007-01-28,2006-07,Getafe,Osasuna,2,0
2007-01-28,2006-07,Gimnastic,Espanol,4,0
2007-01-28,2006-07,Levante,Sevilla,2,4
2007-01-28,2006-07,Mallorca,Recreativo,2,1
2007-01-28,2006-07,Sociedad,Ath Bilbao,0,2
2007-01-28,2006-07,Zaragoza,La Coruna,1,1
2007-02-03,2006-07,Espanol,Zaragoza,1,2
2007-02-03,2006-07,La Coruna,Mallorca,1,0
2007-02-03,2006-07,Valencia,Ath Madrid,3,1
2007-02-04,2006-07,Ath Bilbao,Betis,1,2
2007-02-04,2006-07,Celta,Gimnastic,1,1
2007-02-04,2006-07,Osasuna,Barcelona,0,0
2007-02-04,2006-07,Real Madrid,Levante,0,1
2007-02-04,2006-07,Recreativo,Villarreal,2,1
2007-02-04,2006-07,Santander,Getafe,1,0
2007-02-04,2006-07,Sevilla,Sociedad,0,0
2007-02-10,2006-07,Betis,Sevilla,0,0
2007-02-10,2006-07,Sociedad,Real Madrid,1,2
2007-02-11,2006-07,Ath Madrid,Ath Bilbao,1,0
2007-02-11,2006-07,Barcelona,Santander,2,0
2007-02-11,2006-07,Celta,Espanol,0,2
2007-02-11,2006-07,Getafe,Valencia,3,0
2007-02-11,2006-07,Gimnastic,Osasuna,2,3
2007-02-11,2006-07,Levante,Recreativo,2,1
2007-02-11,2006-07,Mallorca,Zaragoza,2,1
2007-02-11,2006-07,Villarreal,La Coruna,0,2
2007-02-17,2006-07,Real Madrid,Betis,0,0
2007-02-17,2006-07,Zaragoza,Villarreal,1,0
2007-02-18,2006-07,Ath Bilbao,Getafe,2,0
2007-02-18,2006-07,Espanol,Mallorca,3,1
2007-02-18,2006-07,La Coruna,Levante,0,0
2007-02-18,2006-07,Osasuna,Celta,0,1
2007-02-18,2006-07,Recreativo,Sociedad,1,0
2007-02-18,2006-07,Santander,Gimnastic,4,1
2007-02-18,2006-07,Sevilla,Ath Madrid,3,1
2007-02-18,2006-07,Valencia,Barcelona,2,1
2007-02-24,2006-07,Ath Madrid,Real Madrid,1,1
2007-02-24,2006-07,Sociedad,La Coruna,0,1
2007-02-25,2006-07,Barcelona,Ath Bilbao,3,0
2007-02-25,2006-07,Betis,Recreativo,0,0
2007-02-25,2006-07,Celta,Santander,2,2
2007-02-25,2006-07,Getafe,Sevilla,0,0
2007-02-25,2006-07,Gimnastic,Valencia,1,1
2007-02-25,2006-07,Levante,Zaragoza,0,0
2007-02-25,2006-07,Osasuna,Espanol,0,2
2007-02-25,2006-07,Villarreal,Mallorca,2,1
2007-03-03,2006-07,Sevilla,Barcelona,2,1
2007-03-03,2006-07,Valencia,Celta,1,0
2007-03-04,2006-07,Ath Bilbao,Gimnastic,0,2
2007-03-04,2006-07,Espanol,Villarreal,1,1
2007-03-04,2006-07,La Coruna,Betis,0,1
2007-03-04,2006-07,Mallorca,Levante,3,1
2007-03-04,2006-07,Real Madrid,Getafe,1,1
2007-03-04,2006-07,Recreativo,Ath Madrid,1,0
2007-03-04,2006-07,Santander,Osasuna,1,0
2007-03-04,2006-07,Zaragoza,Sociedad,3,2
2007-03-10,2006-07,Barcelona,Real Madrid,3,3
2007-03-10,2006-07,Levante,Villarreal,0,2
2007-03-11,2006-07,Ath Madrid,La Coruna,2,0
2007-03-11,2006-07,Betis,Zaragoza,1,1
2007-03-11,2006-07,Celta,Ath Bilbao,1,1
2007-03-11,2006-07,Getafe,Recreativo,1,1
2007-03-11,2006-07,Gimnastic,Sevilla,1,0
2007-03-11,2006-07,Osasuna,Valencia,1,1
2007-03-11,2006-07,Santander,Espanol,1,1
2007-03-11,2006-07,Sociedad,Mallorca,3,1
2007-03-17,2006-07,Ath Bilbao,Osasuna,0,3
2007-03-17,2006-07,Mallorca,Betis,2,0
2007-03-17,2006-07,Recreativo,Barcelona,0,4
2007-03-17,2006-07,Valencia,Santander,0,2
2007-03-18,2006-07,Espanol,Levante,1,1
2007-03-18,2006-07,La Coruna,Getafe,1,0
2007-03-18,2006-07,Real Madrid,Gimnastic,2,0
2007-03-18,2006-07,Sevilla,Celta,2,0
2007-03-18,2006-07,Villarreal,Sociedad,1,1
2007-03-18,2006-07,Zaragoza,Ath Madrid,1,0
2007-03-31,2006-07,Barcelona,La Coruna,2,1
2007-03-31,2006-07,Betis,Villarreal,3,3
2007-03-31,2006-07,Sociedad,Levante,1,0
2007-03-31,2006-07,Valencia,Espanol,3,2
2007-04-01,2006-07,Ath Madrid,Mallorca,1,1
2007-04-01,2006-07,Celta,Real Madrid,1,2
2007-04-01,2006-07,Getafe,Zaragoza,2,2
2007-04-01,2006-07,Gimnastic,Recreativo,1,1
2007-04-01,2006-07,Osasuna,Sevilla,0,0
2007-04-01,2006-07,Santander,Ath Bilbao,5,4
2007-04-07,2006-07,Ath Bilbao,Valencia,1,0
2007-04-07,2006-07,Zaragoza,Barcelona,1,0
2007-04-08,2006-07,Espanol,Sociedad,1,0
2007-04-08,2006-07,La Coruna,Gimnastic,1,0
2007-04-08,2006-07,Levante,Betis,1,1
2007-04-08,2006-07,Mallorca,Getafe,2,0
2007-04-08,2006-07,Real Madrid,Osasuna,2,0
2007-04-08,2006-07,Recreativo,Celta,4,2
2007-04-08,2006-07,Sevilla,Santander,0,0
2007-04-08,2006-07,Villarreal,Ath Madrid,0,1
2007-04-14,2006-07,Betis,Sociedad,0,1
2007-04-14,2006-07,Santander,Real Madrid,2,1
2007-04-15,2006-07,Ath Bilbao,Espanol,2,1
2007-04-15,2006-07,Ath Madrid,Levante,1,0
2007-04-15,2006-07,Barcelona,Mallorca,1,0
2007-04-15,2006-07,Celta,La Coruna,1,0
2007-04-15,2006-07,Getafe,Villarreal,3,0
2007-04-15,2006-07,Gimnastic,Zaragoza,1,0
2007-04-15,2006-07,Osasuna,Recreativo,1,1
2007-04-15,2006-07,Valencia,Sevilla,2,0
2007-04-21,2006-07,Real Madrid,Valencia,2,1
2007-04-21,2006-07,Sociedad,Ath Madrid,2,0
2007-04-22,2006-07,Espanol,Betis,2,2
2007-04-22,2006-07,La Coruna,Osasuna,1,0
2007-04-22,2006-07,Levante,Getafe,1,1
2007-04-22,2006-07,Mallorca,Gimnastic,1,0
2007-04-22,2006-07,Recreativo,Santander,4,2
2007-04-22,2006-07,Sevilla,Ath Bilbao,4,1
2007-04-22,2006-07,Villarreal,Barcelona,2,0
2007-04-22,2006-07,Zaragoza,Celta,2,0
2007-04-28,2006-07,Ath Madrid,Betis,0,0
2007-04-28,2006-07,Valencia,Recreativo,2,0
2007-04-29,2006-07,Ath Bilbao,Real Madrid,1,4
2007-04-29,2006-07,Barcelona,Levante,1,0
2007-04-29,2006-07,Celta,Mallorca,0,3
2007-04-29,2006-07,Getafe,Sociedad,1,0
2007-04-29,2006-07,Gimnastic,Villarreal,0,3
2007-04-29,2006-07,Osasuna,Zaragoza,2,2
2007-04-29,2006-07,Santander,La Coruna,0,0
2007-04-29,2006-07,Sevilla,Espanol,3,1
2007-05-05,2006-07,La Coruna,Valencia,1,2
2007-05-05,2006-07,Sociedad,Barcelona,0,2
2007-05-06,2006-07,Betis,Getafe,0,2
2007-05-06,2006-07,Espanol,Ath Madrid,2,1
2007-05-06,2006-07,Levante,Gimnastic,2,0
2007-05-06,2006-07,Mallorca,Osasuna,3,1
2007-05-06,2006-07,Real Madrid,Sevilla,3,2
2007-05-06,2006-07,Recreativo,Ath Bilbao,0,0
2007-05-06,2006-07,Villarreal,Celta,1,0
2007-05-06,2006-07,Zaragoza,Santander,0,0
2007-05-12,2006-07,Real Madrid,Espanol,4,3
2007-05-12,2006-07,Sevilla,Recreativo,2,1
2007-05-13,2006-07,Ath Bilbao,La Coruna,1,1
2007-05-13,2006-07,Barcelona,Betis,1,1
2007-05-13,2006-07,Celta,Levante,1,2
2007-05-13,2006-07,Getafe,Ath Madrid,1,4
2007-05-13,2006-07,Gimnastic,Sociedad,1,3
2007-05-13,2006-07,Osasuna,Villarreal,1,4
2007-05-13,2006-07,Santander,Mallorca,0,2
2007-05-13,2006-07,Valencia,Zaragoza,2,0
2007-05-19,2006-07,Betis,Gimnastic,1,1
2007-05-19,2006-07,Mallorca,Valencia,0,1
2007-05-19,2006-07,Zaragoza,Ath Bilbao,4,3
2007-05-20,2006-07,Ath Madrid,Barcelona,0,6
2007-05-20,2006-07,Espanol,Getafe,1,5
2007-05-20,2006-07,La Coruna,Sevilla,1,2
2007-05-20,2006-07,Levante,Osasuna,1,4
2007-05-20,2006-07,Recreativo,Real Madrid,2,3
2007-05-20,2006-07,Sociedad,Celta,3,1
2007-05-20,2006-07,Villarreal,Santander,2,1
2007-05-26,2006-07,Barcelona,Getafe,1,0
2007-05-26,2006-07,Real Madrid,La Coruna,3,1
2007-05-26,2006-07,Valencia,Villarreal,2,3
2007-05-27,2006-07,Ath Bilbao,Mallorca,1,0
2007-05-27,2006-07,Celta,Betis,2,1
2007-05-27,2006-07,Gimnastic,Ath Madrid,0,2
2007-05-27,2006-07,Osasuna,Sociedad,2,0
2007-05-27,2006-07,Recreativo,Espanol,0,1
2007-05-27,2006-07,Santander,Levante,2,3
2007-05-27,2006-07,Sevilla,Zaragoza,3,1
2007-06-09,2006-07,Ath Madrid,Celta,2,3
2007-06-09,2006-07,Barcelona,Espanol,2,2
2007-06-09,2006-07,Betis,Osasuna,0,5
2007-06-09,2006-07,Levante,Valencia,4,2
2007-06-09,2006-07,Mallorca,Sevilla,0,0
2007-06-09,2006-07,Sociedad,Santander,0,0
2007-06-09,2006-07,Villarreal,Ath Bilbao,3,1
2007-06-09,2006-07,Zaragoza,Real Madrid,2,2
2007-06-10,2006-07,Getafe,Gimnastic,0,1
2007-06-10,2006-07,La Coruna,Recreativo,2,5
2007-06-17,2006-07,Ath Bilbao,Levante,2,0
2007-06-17,2006-07,Celta,Getafe,2,1
2007-06-17,2006-07,Espanol,La Coruna,1,3
2007-06-17,2006-07,Gimnastic,Barcelona,1,5
2007-06-17,2006-07,Osasuna,Ath Madrid,1,2
2007-06-17,2006-07,Real Madrid,Mallorca,3,1
2007-06-17,2006-07,Recreativo,Zaragoza,1,1
2007-06-17,2006-07,Santander,Betis,0,2
2007-06-17,2006-07,Sevilla,Villarreal,0,1
2007-06-17,2006-07,Valencia,Sociedad,3,3
2007-08-25,2007-08,Real Madrid,Ath Madrid,2,1
2007-08-25,2007-08,Sevilla,Getafe,4,1
2007-08-26,2007-08,Ath Bilbao,Osasuna,0,0
2007-08-26,2007-08,Espanol,Valladolid,0,1
2007-08-26,2007-08,La Coruna,Almeria,0,3
2007-08-26,2007-08,Mallorca,Levante,3,0
2007-08-26,2007-08,Murcia,Zaragoza,2,1
2007-08-26,2007-08,Recreativo,Betis,1,1
2007-08-26,2007-08,Santander,Barcelona,0,0
2007-08-26,2007-08,Valencia,Villarreal,0,3
2007-09-01,2007-08,Levante,Murcia,0,0
2007-09-01,2007-08,Zaragoza,Santander,1,1
2007-09-02,2007-08,Almeria,Valencia,1,2
2007-09-02,2007-08,Ath Madrid,Mallorca,1,1
2007-09-02,2007-08,Barcelona,Ath Bilbao,3,1
2007-09-02,2007-08,Betis,Espanol,2,2
2007-09-02,2007-08,Getafe,Recreativo,1,1
2007-09-02,2007-08,Valladolid,La Coruna,2,2
2007-09-02,2007-08,Villarreal,Real Madrid,0,5
2007-09-15,2007-08,Ath Bilbao,Zaragoza,1,1
2007-09-15,2007-08,Real Madrid,Almeria,3,1
2007-09-15,2007-08,Valencia,Valladolid,2,1
2007-09-16,2007-08,Espanol,Getafe,1,0
2007-09-16,2007-08,La Coruna,Betis,1,0
2007-09-16,2007-08,Mallorca,Villarreal,0,1
2007-09-16,2007-08,Murcia,Ath Madrid,1,1
2007-09-16,2007-08,Osasuna,Barcelona,0,0
2007-09-16,2007-08,Santander,Levante,1,0
2007-09-16,2007-08,Sevilla,Recreativo,4,1
2007-09-22,2007-08,Barcelona,Sevilla,2,1
2007-09-22,2007-08,Recreativo,Espanol,2,1
2007-09-23,2007-08,Almeria,Mallorca,1,1
2007-09-23,2007-08,Ath Madrid,Santander,4,0
2007-09-23,2007-08,Betis,Valencia,1,2
2007-09-23,2007-08,Getafe,La Coruna,0,0
2007-09-23,2007-08,Levante,Ath Bilbao,1,2
2007-09-23,2007-08,Valladolid,Real Madrid,1,1
2007-09-23,2007-08,Villarreal,Murcia,2,0
2007-09-23,2007-08,Zaragoza,Osasuna,2,1
2007-09-25,2007-08,Sevilla,Espanol,2,3
2007-09-26,2007-08,Ath Bilbao,Ath Madrid,0,2
2007-09-26,2007-08,Barcelona,Zaragoza,4,1
2007-09-26,2007-08,La Coruna,Recreativo,0,2
2007-09-26,2007-08,Mallorca,Valladolid,4,2
2007-09-26,2007-08,Murcia,Almeria,0,1
2007-09-26,2007-08,Osasuna,Levante,4,1
2007-09-26,2007-08,Santander,Villarreal,0,2
2007-09-26,2007-08,Valencia,Getafe,2,1
2007-09-27,2007-08,Real Madrid,Betis,2,0
2007-09-29,2007-08,Levante,Barcelona,1,4
2007-09-29,2007-08,Zaragoza,Sevilla,2,0
2007-09-30,2007-08,Almeria,Santander,0,1
2007-09-30,2007-08,Ath Madrid,Osasuna,2,0
2007-09-30,2007-08,Betis,Mallorca,3,0
2007-09-30,2007-08,Espanol,La Coruna,1,0
2007-09-30,2007-08,Getafe,Real Madrid,0,1
2007-09-30,2007-08,Recreativo,Valencia,0,1
2007-09-30,2007-08,Valladolid,Murcia,1,4
2007-09-30,2007-08,Villarreal,Ath Bilbao,1,0
2007-10-06,2007-08,Valencia,Espanol,1,2
2007-10-07,2007-08,Ath Bilbao,Almeria,1,1
2007-10-07,2007-08,Barcelona,Ath Madrid,3,0
2007-10-07,2007-08,Mallorca,Getafe,4,2
2007-10-07,2007-08,Murcia,Betis,0,0
2007-10-07,2007-08,Osasuna,Villarreal,3,2
2007-10-07,2007-08,Real Madrid,Recreativo,2,0
2007-10-07,2007-08,Santander,Valladolid,2,0
2007-10-07,2007-08,Sevilla,La Coruna,0,1
2007-10-07,2007-08,Zaragoza,Levante,3,0
2007-10-20,2007-08,Espanol,Real Madrid,2,1
2007-10-20,2007-08,La Coruna,Valencia,2,4
2007-10-20,2007-08,Levante,Sevilla,0,2
2007-10-20,2007-08,Villarreal,Barcelona,3,1
2007-10-21,2007-08,Almeria,Osasuna,2,0
2007-10-21,2007-08,Ath Madrid,Zaragoza,4,0
2007-10-21,2007-08,Betis,Santander,1,1
2007-10-21,2007-08,Getafe,Murcia,2,0
2007-10-21,2007-08,Recreativo,Mallorca,0,2
2007-10-21,2007-08,Valladolid,Ath Bilbao,1,2
2007-10-27,2007-08,Ath Bilbao,Betis,0,0
2007-10-27,2007-08,Mallorca,Espanol,2,2
2007-10-27,2007-08,Real Madrid,La Coruna,3,1
2007-10-28,2007-08,Barcelona,Almeria,2,0
2007-10-28,2007-08,Levante,Ath Madrid,0,1
2007-10-28,2007-08,Murcia,Recreativo,1,0
2007-10-28,2007-08,Osasuna,Valladolid,2,2
2007-10-28,2007-08,Santander,Getafe,2,0
2007-10-28,2007-08,Sevilla,Valencia,3,0
2007-10-28,2007-08,Zaragoza,Villarreal,4,1
2007-10-31,2007-08,Almeria,Zaragoza,0,1
2007-10-31,2007-08,Ath Madrid,Sevilla,4,3
2007-10-31,2007-08,Betis,Osasuna,0,3
2007-10-31,2007-08,Getafe,Ath Bilbao,2,0
2007-10-31,2007-08,La Coruna,Mallorca,1,1
2007-10-31,2007-08,Recreativo,Santander,0,0
2007-10-31,2007-08,Valencia,Real Madrid,1,5
2007-10-31,2007-08,Villarreal,Levante,3,0
2007-11-01,2007-08,Espanol,Murcia,0,0
2007-11-01,2007-08,Valladolid,Barcelona,1,1
2007-11-03,2007-08,Mallorca,Valencia,0,2
2007-11-03,2007-08,Sevilla,Real Madrid,2,0
2007-11-04,2007-08,Ath Bilbao,Recreativo,2,0
2007-11-04,2007-08,Ath Madrid,Villarreal,3,4
2007-11-04,2007-08,Barcelona,Betis,3,0
2007-11-04,2007-08,Levante,Almeria,3,0
2007-11-04,2007-08,Murcia,La Coruna,0,2
2007-11-04,2007-08,Osasuna,Getafe,0,2
2007-11-04,2007-08,Santander,Espanol,1,1
2007-11-04,2007-08,Zaragoza,Valladolid,2,3
2007-11-10,2007-08,Getafe,Barcelona,2,0
2007-11-10,2007-08,Valencia,Murcia,3,0
2007-11-11,2007-08,Almeria,Ath Madrid,0,0
2007-11-11,2007-08,Betis,Zaragoza,2,1
2007-11-11,2007-08,Espanol,Ath Bilbao,2,1
2007-11-11,2007-08,La Coruna,Santander,0,1
2007-11-11,2007-08,Real Madrid,Mallorca,4,3
2007-11-11,2007-08,Recreativo,Osasuna,1,0
2007-11-11,2007-08,Valladolid,Levante,1,0
2007-11-11,2007-08,Villarreal,Sevilla,3,2
2007-11-24,2007-08,Barcelona,Recreativo,3,0
2007-11-24,2007-08,Murcia,Real Madrid,1,1
2007-11-24,2007-08,Sevilla,Mallorca,1,2
2007-11-25,2007-08,Ath Bilbao,La Coruna,2,2
2007-11-25,2007-08,Ath Madrid,Valladolid,4,3
2007-11-25,2007-08,Levante,Betis,4,3
2007-11-25,2007-08,Osasuna,Espanol,1,2
2007-11-25,2007-08,Santander,Valencia,1,0
2007-11-25,2007-08,Villarreal,Almeria,1,1
2007-11-25,2007-08,Zaragoza,Getafe,1,1
2007-12-01,2007-08,Almeria,Sevilla,1,0
2007-12-01,2007-08,Espanol,Barcelona,1,1
2007-12-01,2007-08,Real Madrid,Santander,3,1
2007-12-02,2007-08,Betis,Ath Madrid,0,2
2007-12-02,2007-08,Getafe,Levante,2,1
2007-12-02,2007-08,La Coruna,Osasuna,1,2
2007-12-02,2007-08,Mallorca,Murcia,1,1
2007-12-02,2007-08,Recreativo,Zaragoza,2,1
2007-12-02,2007-08,Valencia,Ath Bilbao,0,3
2007-12-02,2007-08,Valladolid,Villarreal,2,0
2007-12-05,2007-08,Osasuna,Sevilla,1,1
2007-12-08,2007-08,Ath Bilbao,Real Madrid,0,1
2007-12-08,2007-08,Osasuna,Valencia,0,0
2007-12-09,2007-08,Almeria,Valladolid,1,0
2007-12-09,2007-08,Ath Madrid,Getafe,1,0
2007-12-09,2007-08,Barcelona,La Coruna,2,1
2007-12-09,2007-08,Levante,Recreativo,0,2
2007-12-09,2007-08,Santander,Mallorca,3,1
2007-12-09,2007-08,Sevilla,Murcia,3,1
2007-12-09,2007-08,Villarreal,Betis,0,1
2007-12-09,2007-08,Zaragoza,Espanol,3,3
2007-12-15,2007-08,Espanol,Levante,1,0
2007-12-15,2007-08,Valencia,Barcelona,0,3
2007-12-16,2007-08,Betis,Almeria,3,1
2007-12-16,2007-08,Getafe,Villarreal,1,3
2007-12-16,2007-08,La Coruna,Zaragoza,1,1
2007-12-16,2007-08,Mallorca,Ath Bilbao,0,0
2007-12-16,2007-08,Murcia,Santander,2,1
2007-12-16,2007-08,Real Madrid,Osasuna,2,0
2007-12-16,2007-08,Recreativo,Ath Madrid,0,0
2007-12-16,2007-08,Valladolid,Sevilla,0,0
2007-12-22,2007-08,Almeria,Getafe,0,2
2007-12-22,2007-08,Sevilla,Santander,4,1
2007-12-22,2007-08,Zaragoza,Valencia,2,2
2007-12-23,2007-08,Ath Bilbao,Murcia,1,1
2007-12-23,2007-08,Ath Madrid,Espanol,1,2
2007-12-23,2007-08,Barcelona,Real Madrid,0,1
2007-12-23,2007-08,Levante,La Coruna,0,1
2007-12-23,2007-08,Osasuna,Mallorca,3,1
2007-12-23,2007-08,Valladolid,Betis,0,0
2007-12-23,2007-08,Villarreal,Recreativo,1,1
2008-01-05,2007-08,Espanol,Villarreal,3,0
2008-01-05,2007-08,Mallorca,Barcelona,0,2
2008-01-06,2007-08,Getafe,Valladolid,0,3
2008-01-06,2007-08,La Coruna,Ath Madrid,0,3
2008-01-06,2007-08,Murcia,Osasuna,2,0
2008-01-06,2007-08,Real Madrid,Zaragoza,2,0
2008-01-06,2007-08,Recreativo,Almeria,1,1
2008-01-06,2007-08,Santander,Ath Bilbao,1,0
2008-01-06,2007-08,Sevilla,Betis,3,0
2008-01-06,2007-08,Valencia,Levante,0,0
2008-01-12,2007-08,Ath Bilbao,Sevilla,2,0
2008-01-12,2007-08,Barcelona,Murcia,4,0
2008-01-13,2007-08,Almeria,Espanol,1,0
2008-01-13,2007-08,Ath Madrid,Valencia,1,0
2008-01-13,2007-08,Betis,Getafe,3,2
2008-01-13,2007-08,Levante,Real Madrid,0,2
2008-01-13,2007-08,Osasuna,Santander,0,2
2008-01-13,2007-08,Valladolid,Recreativo,3,1
2008-01-13,2007-08,Villarreal,La Coruna,4,3
2008-01-13,2007-08,Zaragoza,Mallorca,2,2
2008-01-19,2007-08,Getafe,Sevilla,3,2
2008-01-19,2007-08,Villarreal,Valencia,3,0
2008-01-20,2007-08,Almeria,La Coruna,1,0
2008-01-20,2007-08,Ath Madrid,Real Madrid,0,2
2008-01-20,2007-08,Barcelona,Santander,1,0
2008-01-20,2007-08,Betis,Recreativo,1,1
2008-01-20,2007-08,Levante,Mallorca,2,2
2008-01-20,2007-08,Osasuna,Ath Bilbao,2,0
2008-01-20,2007-08,Valladolid,Espanol,2,1
2008-01-20,2007-08,Zaragoza,Murcia,3,1
2008-01-26,2007-08,Sevilla,Osasuna,2,1
2008-01-27,2007-08,Ath Bilbao,Barcelona,1,1
2008-01-27,2007-08,Espanol,Betis,1,2
2008-01-27,2007-08,La Coruna,Valladolid,3,1
2008-01-27,2007-08,Mallorca,Ath Madrid,1,0
2008-01-27,2007-08,Murcia,Levante,2,3
2008-01-27,2007-08,Real Madrid,Villarreal,3,2
2008-01-27,2007-08,Recreativo,Getafe,1,3
2008-01-27,2007-08,Santander,Zaragoza,2,2
2008-01-27,2007-08,Valencia,Almeria,0,1
2008-02-02,2007-08,Almeria,Real Madrid,2,0
2008-02-02,2007-08,Betis,La Coruna,0,1
2008-02-03,2007-08,Ath Madrid,Murcia,1,1
2008-02-03,2007-08,Barcelona,Osasuna,1,0
2008-02-03,2007-08,Getafe,Espanol,0,1
2008-02-03,2007-08,Levante,Santander,1,1
2008-02-03,2007-08,Recreativo,Sevilla,1,2
2008-02-03,2007-08,Valladolid,Valencia,0,2
2008-02-03,2007-08,Villarreal,Mallorca,1,1
2008-02-03,2007-08,Zaragoza,Ath Bilbao,1,0
2008-02-09,2007-08,La Coruna,Getafe,1,1
2008-02-09,2007-08,Murcia,Villarreal,0,1
2008-02-09,2007-08,Sevilla,Barcelona,1,1
2008-02-10,2007-08,Ath Bilbao,Levante,1,0
2008-02-10,2007-08,Espanol,Recreativo,1,2
2008-02-10,2007-08,Mallorca,Almeria,0,0
2008-02-10,2007-08,Osasuna,Zaragoza,1,0
2008-02-10,2007-08,Real Madrid,Valladolid,7,0
2008-02-10,2007-08,Santander,Ath Madrid,0,2
2008-02-10,2007-08,Valencia,Betis,3,1
2008-02-16,2007-08,Betis,Real Madrid,2,1
2008-02-16,2007-08,Espanol,Sevilla,2,4
2008-02-16,2007-08,Zaragoza,Barcelona,1,2
2008-02-17,2007-08,Almeria,Murcia,1,0
2008-02-17,2007-08,Ath Madrid,Ath Bilbao,1,2
2008-02-17,2007-08,Getafe,Valencia,0,0
2008-02-17,2007-08,Levante,Osasuna,2,1
2008-02-17,2007-08,Recreativo,La Coruna,3,2
2008-02-17,2007-08,Valladolid,Mallorca,1,1
2008-02-17,2007-08,Villarreal,Santander,0,0
2008-02-23,2007-08,Sevilla,Zaragoza,5,0
2008-02-23,2007-08,Valencia,Recreativo,1,1
2008-02-24,2007-08,Ath Bilbao,Villarreal,1,2
2008-02-24,2007-08,Barcelona,Levante,5,1
2008-02-24,2007-08,La Coruna,Espanol,2,0
2008-02-24,2007-08,Mallorca,Betis,1,1
2008-02-24,2007-08,Murcia,Valladolid,0,1
2008-02-24,2007-08,Osasuna,Ath Madrid,3,1
2008-02-24,2007-08,Real Madrid,Getafe,0,1
2008-02-24,2007-08,Santander,Almeria,1,0
2008-03-01,2007-08,Ath Madrid,Barcelona,4,2
2008-03-01,2007-08,Espanol,Valencia,2,0
2008-03-01,2007-08,La Coruna,Sevilla,2,1
2008-03-01,2007-08,Recreativo,Real Madrid,2,3
2008-03-02,2007-08,Almeria,Ath Bilbao,1,1
2008-03-02,2007-08,Betis,Murcia,4,0
2008-03-02,2007-08,Getafe,Mallorca,3,3
2008-03-02,2007-08,Levante,Zaragoza,2,1
2008-03-02,2007-08,Valladolid,Santander,0,1
2008-03-02,2007-08,Villarreal,Osasuna,0,0
2008-03-08,2007-08,Real Madrid,Espanol,2,1
2008-03-08,2007-08,Zaragoza,Ath Madrid,2,1
2008-03-09,2007-08,Ath Bilbao,Valladolid,2,0
2008-03-09,2007-08,Barcelona,Villarreal,1,2
2008-03-09,2007-08,Mallorca,Recreativo,7,1
2008-03-09,2007-08,Murcia,Getafe,0,3
2008-03-09,2007-08,Osasuna,Almeria,2,1
2008-03-09,2007-08,Santander,Betis,3,0
2008-03-09,2007-08,Sevilla,Levante,2,1
2008-03-09,2007-08,Valencia,La Coruna,2,2
2008-03-15,2007-08,Betis,Ath Bilbao,1,2
2008-03-15,2007-08,La Coruna,Real Madrid,1,0
2008-03-15,2007-08,Recreativo,Murcia,4,2
2008-03-15,2007-08,Valencia,Sevilla,1,2
2008-03-16,2007-08,Almeria,Barcelona,2,2
2008-03-16,2007-08,Ath Madrid,Levante,3,0
2008-03-16,2007-08,Espanol,Mallorca,2,1
2008-03-16,2007-08,Getafe,Santander,2,1
2008-03-16,2007-08,Valladolid,Osasuna,0,0
2008-03-16,2007-08,Villarreal,Zaragoza,2,0
2008-03-22,2007-08,Mallorca,La Coruna,1,0
2008-03-22,2007-08,Sevilla,Ath Madrid,1,2
2008-03-23,2007-08,Ath Bilbao,Getafe,1,0
2008-03-23,2007-08,Barcelona,Valladolid,4,1
2008-03-23,2007-08,Levante,Villarreal,1,2
2008-03-23,2007-08,Murcia,Espanol,4,0
2008-03-23,2007-08,Osasuna,Betis,0,1
2008-03-23,2007-08,Real Madrid,Valencia,2,3
2008-03-23,2007-08,Santander,Recreativo,2,0
2008-03-23,2007-08,Zaragoza,Almeria,1,1
2008-03-29,2007-08,Betis,Barcelona,3,2
2008-03-29,2007-08,Villarreal,Ath Madrid,3,0
2008-03-30,2007-08,Almeria,Levante,2,1
2008-03-30,2007-08,Espanol,Santander,0,3
2008-03-30,2007-08,Getafe,Osasuna,0,2
2008-03-30,2007-08,La Coruna,Murcia,3,1
2008-03-30,2007-08,Real Madrid,Sevilla,3,1
2008-03-30,2007-08,Recreativo,Ath Bilbao,1,1
2008-03-30,2007-08,Valencia,Mallorca,0,3
2008-03-30,2007-08,Valladolid,Zaragoza,2,1
2008-04-05,2007-08,Mallorca,Real Madrid,1,1
2008-04-05,2007-08,Osasuna,Recreativo,0,1
2008-04-06,2007-08,Ath Bilbao,Espanol,1,0
2008-04-06,2007-08,Ath Madrid,Almeria,6,3
2008-04-06,2007-08,Barcelona,Getafe,0,0
2008-04-06,2007-08,Levante,Valladolid,0,3
2008-04-06,2007-08,Murcia,Valencia,1,0
2008-04-06,2007-08,Santander,La Coruna,1,3
2008-04-06,2007-08,Sevilla,Villarreal,2,0
2008-04-06,2007-08,Zaragoza,Betis,0,3
2008-04-12,2007-08,Recreativo,Barcelona,2,2
2008-04-12,2007-08,Valencia,Santander,1,2
2008-04-13,2007-08,Almeria,Villarreal,1,0
2008-04-13,2007-08,Betis,Levante,0,1
2008-04-13,2007-08,Espanol,Osasuna,0,1
2008-04-13,2007-08,Getafe,Zaragoza,0,0
2008-04-13,2007-08,La Coruna,Ath Bilbao,3,0
2008-04-13,2007-08,Mallorca,Sevilla,2,3
2008-04-13,2007-08,Real Madrid,Murcia,1,0
2008-04-13,2007-08,Valladolid,Ath Madrid,1,1
2008-04-19,2007-08,Ath Madrid,Betis,1,3
2008-04-19,2007-08,Barcelona,Espanol,0,0
2008-04-19,2007-08,Sevilla,Almeria,1,4
2008-04-19,2007-08,Zaragoza,Recreativo,3,0
2008-04-20,2007-08,Ath Bilbao,Valencia,5,1
2008-04-20,2007-08,Levante,Getafe,3,1
2008-04-20,2007-08,Murcia,Mallorca,1,4
2008-04-20,2007-08,Osasuna,La Coruna,0,1
2008-04-20,2007-08,Santander,Real Madrid,0,2
2008-04-20,2007-08,Villarreal,Valladolid,2,0
2008-04-26,2007-08,La Coruna,Barcelona,2,0
2008-04-26,2007-08,Murcia,Sevilla,0,0
2008-04-27,2007-08,Betis,Villarreal,0,1
2008-04-27,2007-08,Espanol,Zaragoza,1,1
2008-04-27,2007-08,Getafe,Ath Madrid,1,1
2008-04-27,2007-08,Mallorca,Santander,3,1
2008-04-27,2007-08,Real Madrid,Ath Bilbao,3,0
2008-04-27,2007-08,Recreativo,Levante,2,0
2008-04-27,2007-08,Valencia,Osasuna,3,0
2008-04-27,2007-08,Valladolid,Almeria,1,0
2008-05-03,2007-08,Ath Madrid,Recreativo,3,0
2008-05-03,2007-08,Zaragoza,La Coruna,1,0
2008-05-04,2007-08,Almeria,Betis,1,1
2008-05-04,2007-08,Ath Bilbao,Mallorca,1,2
2008-05-04,2007-08,Barcelona,Valencia,6,0
2008-05-04,2007-08,Levante,Espanol,1,1
2008-05-04,2007-08,Osasuna,Real Madrid,1,2
2008-05-04,2007-08,Santander,Murcia,3,2
2008-05-04,2007-08,Sevilla,Valladolid,2,0
2008-05-04,2007-08,Villarreal,Getafe,2,0
2008-05-07,2007-08,Betis,Valladolid,1,1
2008-05-07,2007-08,Getafe,Almeria,4,2
2008-05-07,2007-08,La Coruna,Levante,1,0
2008-05-07,2007-08,Mallorca,Osasuna,2,1
2008-05-07,2007-08,Murcia,Ath Bilbao,1,2
2008-05-07,2007-08,Real Madrid,Barcelona,4,1
2008-05-07,2007-08,Recreativo,Villarreal,0,2
2008-05-07,2007-08,Santander,Sevilla,0,3
2008-05-07,2007-08,Valencia,Zaragoza,1,0
2008-05-08,2007-08,Espanol,Ath Madrid,0,2
2008-05-11,2007-08,Almeria,Recreativo,0,2
2008-05-11,2007-08,Ath Bilbao,Santander,0,0
2008-05-11,2007-08,Ath Madrid,La Coruna,1,0
2008-05-11,2007-08,Barcelona,Mallorca,2,3
2008-05-11,2007-08,Betis,Sevilla,0,2
2008-05-11,2007-08,Levante,Valencia,1,5
2008-05-11,2007-08,Osasuna,Murcia,2,1
2008-05-11,2007-08,Valladolid,Getafe,0,0
2008-05-11,2007-08,Villarreal,Espanol,2,0
2008-05-11,2007-08,Zaragoza,Real Madrid,2,2
2008-05-17,2007-08,Murcia,Barcelona,3,5
2008-05-18,2007-08,Espanol,Almeria,1,3
2008-05-18,2007-08,Getafe,Betis,1,1
2008-05-18,2007-08,La Coruna,Villarreal,0,2
2008-05-18,2007-08,Mallorca,Zaragoza,3,2
2008-05-18,2007-08,Real Madrid,Levante,5,2
2008-05-18,2007-08,Recreativo,Valladolid,1,1
2008-05-18,2007-08,Santander,Osasuna,1,0
2008-05-18,2007-08,Sevilla,Ath Bilbao,4,1
2008-05-18,2007-08,Valencia,Ath Madrid,3,1
2008-08-30,2008-09,Espanol,Valladolid,1,0
2008-08-30,2008-09,Valencia,Mallorca,3,0
2008-08-31,2008-09,Ath Bilbao,Almeria,1,3
2008-08-31,2008-09,Ath Madrid,Malaga,4,0
2008-08-31,2008-09,Betis,Recreativo,0,1
2008-08-31,2008-09,La Coruna,Real Madrid,2,1
2008-08-31,2008-09,Numancia,Barcelona,1,0
2008-08-31,2008-09,Osasuna,Villarreal,1,1
2008-08-31,2008-09,Santander,Sevilla,1,1
2008-08-31,2008-09,Sp Gijon,Getafe,1,2
2008-09-13,2008-09,Barcelona,Santander,1,1
2008-09-13,2008-09,Valladolid,Ath Madrid,2,1
2008-09-14,2008-09,Almeria,Valencia,2,2
2008-09-14,2008-09,Getafe,Betis,0,0
2008-09-14,2008-09,Malaga,Ath Bilbao,0,0
2008-09-14,2008-09,Mallorca,Osasuna,1,1
2008-09-14,2008-09,Real Madrid,Numancia,4,3
2008-09-14,2008-09,Recreativo,Espanol,0,1
2008-09-14,2008-09,Sevilla,Sp Gijon,4,3
2008-09-14,2008-09,Villarreal,La Coruna,1,0
2008-09-20,2008-09,Ath Madrid,Recreativo,4,0
2008-09-20,2008-09,Espanol,Getafe,1,1
2008-09-21,2008-09,Almeria,Malaga,1,0
2008-09-21,2008-09,Ath Bilbao,Valladolid,2,0
2008-09-21,2008-09,Betis,Sevilla,0,0
2008-09-21,2008-09,La Coruna,Mallorca,0,0
2008-09-21,2008-09,Numancia,Villarreal,1,2
2008-09-21,2008-09,Santander,Real Madrid,0,2
2008-09-21,2008-09,Sp Gijon,Barcelona,1,6
2008-09-21,2008-09,Valencia,Osasuna,1,0
2008-09-24,2008-09,Barcelona,Betis,3,2
2008-09-24,2008-09,Getafe,Ath Madrid,1,2
2008-09-24,2008-09,Osasuna,La Coruna,0,0
2008-09-24,2008-09,Real Madrid,Sp Gijon,7,1
2008-09-24,2008-09,Sevilla,Espanol,2,0
2008-09-24,2008-09,Villarreal,Santander,2,0
2008-09-25,2008-09,Malaga,Valencia,0,2
2008-09-25,2008-09,Mallorca,Numancia,2,0
2008-09-25,2008-09,Recreativo,Ath Bilbao,1,1
2008-09-25,2008-09,Valladolid,Almeria,2,0
2008-09-27,2008-09,Betis,Real Madrid,1,2
2008-09-27,2008-09,Espanol,Barcelona,1,2
2008-09-27,2008-09,Sp Gijon,Villarreal,0,1
2008-09-28,2008-09,Almeria,Recreativo,1,0
2008-09-28,2008-09,Ath Bilbao,Getafe,0,1
2008-09-28,2008-09,Ath Madrid,Sevilla,0,1
2008-09-28,2008-09,Malaga,Valladolid,2,1
2008-09-28,2008-09,Numancia,Osasuna,0,0
2008-09-28,2008-09,Santander,Mallorca,1,2
2008-09-28,2008-09,Valencia,La Coruna,4,2
2008-10-04,2008-09,Barcelona,Ath Madrid,6,1
2008-10-04,2008-09,Villarreal,Betis,2,1
2008-10-05,2008-09,Getafe,Almeria,2,2
2008-10-05,2008-09,La Coruna,Numancia,1,0
2008-10-05,2008-09,Mallorca,Sp Gijon,0,2
2008-10-05,2008-09,Osasuna,Santander,0,1
2008-10-05,2008-09,Real Madrid,Espanol,2,2
2008-10-05,2008-09,Recreativo,Malaga,0,4
2008-10-05,2008-09,Sevilla,Ath Bilbao,4,0
2008-10-05,2008-09,Valladolid,Valencia,0,1
2008-10-18,2008-09,Ath Madrid,Real Madrid,1,2
2008-10-18,2008-09,Espanol,Villarreal,0,0
2008-10-19,2008-09,Almeria,Sevilla,0,1
2008-10-19,2008-09,Ath Bilbao,Barcelona,0,1
2008-10-19,2008-09,Betis,Mallorca,3,0
2008-10-19,2008-09,Malaga,Getafe,2,1
2008-10-19,2008-09,Santander,La Coruna,0,0
2008-10-19,2008-09,Sp Gijon,Osasuna,2,1
2008-10-19,2008-09,Valencia,Numancia,4,0
2008-10-19,2008-09,Valladolid,Recreativo,1,1
2008-10-25,2008-09,Barcelona,Almeria,5,0
2008-10-25,2008-09,Osasuna,Betis,0,2
2008-10-26,2008-09,Getafe,Valladolid,1,0
2008-10-26,2008-09,La Coruna,Sp Gijon,0,3
2008-10-26,2008-09,Mallorca,Espanol,3,0
2008-10-26,2008-09,Numancia,Santander,2,1
2008-10-26,2008-09,Real Madrid,Ath Bilbao,3,2
2008-10-26,2008-09,Recreativo,Valencia,1,1
2008-10-26,2008-09,Sevilla,Malaga,0,1
2008-10-26,2008-09,Villarreal,Ath Madrid,4,4
2008-11-01,2008-09,Ath Bilbao,Villarreal,1,4
2008-11-01,2008-09,Ath Madrid,Mallorca,2,0
2008-11-01,2008-09,Malaga,Barcelona,1,4
2008-11-01,2008-09,Valencia,Santander,2,4
2008-11-02,2008-09,Almeria,Real Madrid,1,1
2008-11-02,2008-09,Betis,La Coruna,0,3
2008-11-02,2008-09,Espanol,Osasuna,1,0
2008-11-02,2008-09,Recreativo,Getafe,1,1
2008-11-02,2008-09,Sp Gijon,Numancia,3,1
2008-11-02,2008-09,Valladolid,Sevilla,3,2
2008-11-08,2008-09,Barcelona,Valladolid,6,0
2008-11-08,2008-09,Real Madrid,Malaga,4,3
2008-11-09,2008-09,Getafe,Valencia,0,3
2008-11-09,2008-09,La Coruna,Espanol,1,0
2008-11-09,2008-09,Mallorca,Ath Bilbao,3,3
2008-11-09,2008-09,Numancia,Betis,2,4
2008-11-09,2008-09,Osasuna,Ath Madrid,0,0
2008-11-09,2008-09,Santander,Sp Gijon,1,0
2008-11-09,2008-09,Sevilla,Recreativo,1,0
2008-11-09,2008-09,Villarreal,Almeria,2,1
2008-11-15,2008-09,Valencia,Sp Gijon,2,3
2008-11-15,2008-09,Valladolid,Real Madrid,1,0
2008-11-16,2008-09,Almeria,Mallorca,2,1
2008-11-16,2008-09,Ath Bilbao,Osasuna,2,0
2008-11-16,2008-09,Ath Madrid,La Coruna,4,1
2008-11-16,2008-09,Betis,Santander,3,1
2008-11-16,2008-09,Espanol,Numancia,3,4
2008-11-16,2008-09,Getafe,Sevilla,0,2
2008-11-16,2008-09,Malaga,Villarreal,2,2
2008-11-16,2008-09,Recreativo,Barcelona,0,2
2008-11-22,2008-09,Real Madrid,Recreativo,1,0
2008-11-22,2008-09,Sevilla,Valencia,0,0
2008-11-22,2008-09,Villarreal,Valladolid,0,3
2008-11-23,2008-09,Barcelona,Getafe,1,1
2008-11-23,2008-09,La Coruna,Ath Bilbao,3,1
2008-11-23,2008-09,Mallorca,Malaga,2,2
2008-11-23,2008-09,Numancia,Ath Madrid,1,1
2008-11-23,2008-09,Osasuna,Almeria,3,1
2008-11-23,2008-09,Santander,Espanol,3,0
2008-11-23,2008-09,Sp Gijon,Betis,1,2
2008-11-29,2008-09,Getafe,Real Madrid,3,1
2008-11-29,2008-09,Sevilla,Barcelona,0,3
2008-11-30,2008-09,Almeria,La Coruna,0,1
2008-11-30,2008-09,Ath Bilbao,Numancia,2,0
2008-11-30,2008-09,Ath Madrid,Santander,4,1
2008-11-30,2008-09,Espanol,Sp Gijon,0,1
2008-11-30,2008-09,Malaga,Osasuna,4,2
2008-11-30,2008-09,Recreativo,Villarreal,1,2
2008-11-30,2008-09,Valencia,Betis,3,2
2008-11-30,2008-09,Valladolid,Mallorca,3,0
2008-12-06,2008-09,Barcelona,Valencia,4,0
2008-12-06,2008-09,Sp Gijon,Ath Madrid,2,5
2008-12-06,2008-09,Villarreal,Getafe,3,3
2008-12-07,2008-09,Betis,Espanol,1,1
2008-12-07,2008-09,La Coruna,Malaga,2,0
2008-12-07,2008-09,Mallorca,Recreativo,2,3
2008-12-07,2008-09,Numancia,Almeria,2,1
2008-12-07,2008-09,Osasuna,Valladolid,3,3
2008-12-07,2008-09,Real Madrid,Sevilla,3,4
2008-12-07,2008-09,Santander,Ath Bilbao,1,1
2008-12-13,2008-09,Barcelona,Real Madrid,2,0
2008-12-13,2008-09,Valencia,Espanol,2,1
2008-12-14,2008-09,Almeria,Santander,1,1
2008-12-14,2008-09,Ath Bilbao,Sp Gijon,3,0
2008-12-14,2008-09,Ath Madrid,Betis,2,0
2008-12-14,2008-09,Getafe,Mallorca,4,1
2008-12-14,2008-09,Malaga,Numancia,2,0
2008-12-14,2008-09,Recreativo,Osasuna,1,0
2008-12-14,2008-09,Sevilla,Villarreal,1,0
2008-12-14,2008-09,Valladolid,La Coruna,3,0
2008-12-20,2008-09,Espanol,Ath Madrid,2,3
2008-12-20,2008-09,Real Madrid,Valencia,1,0
2008-12-21,2008-09,Betis,Ath Bilbao,0,1
2008-12-21,2008-09,La Coruna,Recreativo,4,1
2008-12-21,2008-09,Mallorca,Sevilla,0,0
2008-12-21,2008-09,Numancia,Valladolid,4,3
2008-12-21,2008-09,Osasuna,Getafe,5,2
2008-12-21,2008-09,Santander,Malaga,1,1
2008-12-21,2008-09,Sp Gijon,Almeria,1,0
2008-12-21,2008-09,Villarreal,Barcelona,1,2
2009-01-03,2008-09,Barcelona,Mallorca,3,1
2009-01-03,2008-09,Valencia,Ath Madrid,3,1
2009-01-04,2008-09,Almeria,Betis,1,0
2009-01-04,2008-09,Ath Bilbao,Espanol,1,1
2009-01-04,2008-09,Getafe,La Coruna,1,2
2009-01-04,2008-09,Malaga,Sp Gijon,1,0
2009-01-04,2008-09,Real Madrid,Villarreal,1,0
2009-01-04,2008-09,Recreativo,Numancia,3,1
2009-01-04,2008-09,Sevilla,Osasuna,1,1
2009-01-04,2008-09,Valladolid,Santander,0,1
2009-01-10,2008-09,La Coruna,Sevilla,1,3
2009-01-10,2008-09,Valencia,Villarreal,3,3
2009-01-11,2008-09,Ath Madrid,Ath Bilbao,2,3
2009-01-11,2008-09,Betis,Malaga,1,2
2009-01-11,2008-09,Espanol,Almeria,2,2
2009-01-11,2008-09,Mallorca,Real Madrid,0,3
2009-01-11,2008-09,Numancia,Getafe,2,0
2009-01-11,2008-09,Osasuna,Barcelona,2,3
2009-01-11,2008-09,Santander,Recreativo,1,1
2009-01-11,2008-09,Sp Gijon,Valladolid,2,1
2009-01-17,2008-09,Barcelona,La Coruna,5,0
2009-01-17,2008-09,Sevilla,Numancia,1,0
2009-01-18,2008-09,Almeria,Ath Madrid,1,1
2009-01-18,2008-09,Ath Bilbao,Valencia,3,2
2009-01-18,2008-09,Getafe,Santander,0,1
2009-01-18,2008-09,Malaga,Espanol,4,0
2009-01-18,2008-09,Real Madrid,Osasuna,3,1
2009-01-18,2008-09,Recreativo,Sp Gijon,2,0
2009-01-18,2008-09,Valladolid,Betis,1,3
2009-01-18,2008-09,Villarreal,Mallorca,2,0
2009-01-24,2008-09,Barcelona,Numancia,4,1
2009-01-24,2008-09,Villarreal,Osasuna,1,1
2009-01-25,2008-09,Almeria,Ath Bilbao,2,1
2009-01-25,2008-09,Getafe,Sp Gijon,5,1
2009-01-25,2008-09,Malaga,Ath Madrid,1,1
2009-01-25,2008-09,Mallorca,Valencia,3,1
2009-01-25,2008-09,Real Madrid,La Coruna,1,0
2009-01-25,2008-09,Recreativo,Betis,1,0
2009-01-25,2008-09,Sevilla,Santander,0,2
2009-01-25,2008-09,Valladolid,Espanol,1,1
2009-01-31,2008-09,Ath Bilbao,Malaga,3,2
2009-01-31,2008-09,Numancia,Real Madrid,0,2
2009-02-01,2008-09,Ath Madrid,Valladolid,1,2
2009-02-01,2008-09,Betis,Getafe,2,2
2009-02-01,2008-09,Espanol,Recreativo,1,1
2009-02-01,2008-09,La Coruna,Villarreal,3,0
2009-02-01,2008-09,Osasuna,Mallorca,1,0
2009-02-01,2008-09,Santander,Barcelona,1,2
2009-02-01,2008-09,Sp Gijon,Sevilla,1,0
2009-02-01,2008-09,Valencia,Almeria,3,2
2009-02-07,2008-09,Real Madrid,Santander,1,0
2009-02-07,2008-09,Sevilla,Betis,1,2
2009-02-08,2008-09,Barcelona,Sp Gijon,3,1
2009-02-08,2008-09,Getafe,Espanol,1,1
2009-02-08,2008-09,Malaga,Almeria,3,2
2009-02-08,2008-09,Mallorca,La Coruna,1,1
2009-02-08,2008-09,Osasuna,Valencia,1,0
2009-02-08,2008-09,Recreativo,Ath Madrid,0,3
2009-02-08,2008-09,Valladolid,Ath Bilbao,2,1
2009-02-08,2008-09,Villarreal,Numancia,2,1
2009-02-14,2008-09,Betis,Barcelona,2,2
2009-02-14,2008-09,La Coruna,Osasuna,0,0
2009-02-14,2008-09,Valencia,Malaga,1,1
2009-02-15,2008-09,Almeria,Valladolid,3,2
2009-02-15,2008-09,Ath Bilbao,Recreativo,1,1
2009-02-15,2008-09,Ath Madrid,Getafe,1,1
2009-02-15,2008-09,Espanol,Sevilla,0,2
2009-02-15,2008-09,Numancia,Mallorca,0,1
2009-02-15,2008-09,Santander,Villarreal,1,1
2009-02-15,2008-09,Sp Gijon,Real Madrid,0,4
2009-02-21,2008-09,Barcelona,Espanol,1,2
2009-02-21,2008-09,Real Madrid,Betis,6,1
2009-02-21,2008-09,Sevilla,Ath Madrid,1,0
2009-02-21,2008-09,Villarreal,Sp Gijon,2,1
2009-02-22,2008-09,Getafe,Ath Bilbao,1,1
2009-02-22,2008-09,La Coruna,Valencia,1,1
2009-02-22,2008-09,Mallorca,Santander,1,0
2009-02-22,2008-09,Osasuna,Numancia,2,0
2009-02-22,2008-09,Recreativo,Almeria,1,1
2009-02-22,2008-09,Valladolid,Malaga,1,3
2009-02-28,2008-09,Ath Bilbao,Sevilla,1,2
2009-02-28,2008-09,Espanol,Real Madrid,0,2
2009-03-01,2008-09,Almeria,Getafe,2,1
2009-03-01,2008-09,Ath Madrid,Barcelona,4,3
2009-03-01,2008-09,Betis,Villarreal,2,2
2009-03-01,2008-09,Malaga,Recreativo,0,2
2009-03-01,2008-09,Numancia,La Coruna,0,1
2009-03-01,2008-09,Santander,Osasuna,1,1
2009-03-01,2008-09,Sp Gijon,Mallorca,0,1
2009-03-01,2008-09,Valencia,Valladolid,1,2
2009-03-07,2008-09,Barcelona,Ath Bilbao,2,0
2009-03-07,2008-09,Real Madrid,Ath Madrid,1,1
2009-03-07,2008-09,Villarreal,Espanol,1,0
2009-03-08,2008-09,Getafe,Malaga,1,2
2009-03-08,2008-09,La Coruna,Santander,5,3
2009-03-08,2008-09,Mallorca,Betis,3,3
2009-03-08,2008-09,Numancia,Valencia,2,1
2009-03-08,2008-09,Osasuna,Sp Gijon,1,2
2009-03-08,2008-09,Recreativo,Valladolid,2,3
2009-03-08,2008-09,Sevilla,Almeria,2,1
2009-03-14,2008-09,Ath Bilbao,Real Madrid,2,5
2009-03-14,2008-09,Valencia,Recreativo,1,1
2009-03-15,2008-09,Almeria,Barcelona,0,2
2009-03-15,2008-09,Ath Madrid,Villarreal,3,2
2009-03-15,2008-09,Betis,Osasuna,0,0
2009-03-15,2008-09,Espanol,Mallorca,3,3
2009-03-15,2008-09,Malaga,Sevilla,2,2
2009-03-15,2008-09,Santander,Numancia,5,0
2009-03-15,2008-09,Sp Gijon,La Coruna,3,2
2009-03-15,2008-09,Valladolid,Getafe,1,0
2009-03-21,2008-09,Sevilla,Valladolid,4,1
2009-03-21,2008-09,Villarreal,Ath Bilbao,2,0
2009-03-22,2008-09,Barcelona,Malaga,6,0
2009-03-22,2008-09,Getafe,Recreativo,2,1
2009-03-22,2008-09,La Coruna,Betis,1,1
2009-03-22,2008-09,Mallorca,Ath Madrid,2,0
2009-03-22,2008-09,Numancia,Sp Gijon,2,1
2009-03-22,2008-09,Osasuna,Espanol,1,0
2009-03-22,2008-09,Real Madrid,Almeria,3,0
2009-03-22,2008-09,Santander,Valencia,0,1
2009-04-04,2008-09,Almeria,Villarreal,3,0
2009-04-04,2008-09,Ath Bilbao,Mallorca,2,1
2009-04-04,2008-09,Betis,Numancia,3,3
2009-04-04,2008-09,Malaga,Real Madrid,0,1
2009-04-04,2008-09,Recreativo,Sevilla,0,1
2009-04-04,2008-09,Valladolid,Barcelona,0,1
2009-04-05,2008-09,Ath Madrid,Osasuna,2,4
2009-04-05,2008-09,Espanol,La Coruna,3,1
2009-04-05,2008-09,Sp Gijon,Santander,0,2
2009-04-05,2008-09,Valencia,Getafe,4,1
2009-04-11,2008-09,Barcelona,Recreativo,2,0
2009-04-11,2008-09,Villarreal,Malaga,0,2
2009-04-12,2008-09,La Coruna,Ath Madrid,1,2
2009-04-12,2008-09,Mallorca,Almeria,2,0
2009-04-12,2008-09,Numancia,Espanol,0,0
2009-04-12,2008-09,Osasuna,Ath Bilbao,2,1
2009-04-12,2008-09,Real Madrid,Valladolid,2,0
2009-04-12,2008-09,Santander,Betis,2,3
2009-04-12,2008-09,Sevilla,Getafe,0,1
2009-04-12,2008-09,Sp Gijon,Valencia,2,3
2009-04-18,2008-09,Ath Bilbao,La Coruna,0,1
2009-04-18,2008-09,Ath Madrid,Numancia,3,0
2009-04-18,2008-09,Getafe,Barcelona,0,1
2009-04-18,2008-09,Malaga,Mallorca,1,1
2009-04-18,2008-09,Recreativo,Real Madrid,0,1
2009-04-19,2008-09,Almeria,Osasuna,2,1
2009-04-19,2008-09,Betis,Sp Gijon,2,0
2009-04-19,2008-09,Espanol,Santander,1,0
2009-04-19,2008-09,Valencia,Sevilla,3,1
2009-04-19,2008-09,Valladolid,Villarreal,0,0
2009-04-21,2008-09,Numancia,Ath Bilbao,1,2
2009-04-21,2008-09,Real Madrid,Getafe,3,2
2009-04-22,2008-09,Barcelona,Sevilla,4,0
2009-04-22,2008-09,Betis,Valencia,1,2
2009-04-22,2008-09,La Coruna,Almeria,2,0
2009-04-22,2008-09,Osasuna,Malaga,2,3
2009-04-23,2008-09,Mallorca,Valladolid,2,0
2009-04-23,2008-09,Santander,Ath Madrid,5,1
2009-04-23,2008-09,Sp Gijon,Espanol,0,3
2009-04-23,2008-09,Villarreal,Recreativo,2,1
2009-04-25,2008-09,Almeria,Numancia,2,1
2009-04-25,2008-09,Malaga,La Coruna,1,1
2009-04-25,2008-09,Valencia,Barcelona,2,2
2009-04-26,2008-09,Ath Bilbao,Santander,2,1
2009-04-26,2008-09,Ath Madrid,Sp Gijon,3,1
2009-04-26,2008-09,Espanol,Betis,2,0
2009-04-26,2008-09,Getafe,Villarreal,1,2
2009-04-26,2008-09,Recreativo,Mallorca,2,4
2009-04-26,2008-09,Sevilla,Real Madrid,2,4
2009-04-26,2008-09,Valladolid,Osasuna,0,0
2009-05-02,2008-09,Numancia,Malaga,2,0
2009-05-02,2008-09,Real Madrid,Barcelona,2,6
2009-05-02,2008-09,Villarreal,Sevilla,0,2
2009-05-03,2008-09,Betis,Ath Madrid,0,2
2009-05-03,2008-09,Espanol,Valencia,3,0
2009-05-03,2008-09,La Coruna,Valladolid,1,0
2009-05-03,2008-09,Mallorca,Getafe,2,1
2009-05-03,2008-09,Osasuna,Recreativo,1,2
2009-05-03,2008-09,Santander,Almeria,0,2
2009-05-03,2008-09,Sp Gijon,Ath Bilbao,1,1
2009-05-09,2008-09,Ath Bilbao,Betis,1,0
2009-05-09,2008-09,Sevilla,Mallorca,3,1
2009-05-09,2008-09,Valencia,Real Madrid,3,0
2009-05-10,2008-09,Almeria,Sp Gijon,3,1
2009-05-10,2008-09,Ath Madrid,Espanol,3,2
2009-05-10,2008-09,Barcelona,Villarreal,3,3
2009-05-10,2008-09,Getafe,Osasuna,3,0
2009-05-10,2008-09,Malaga,Santander,1,0
2009-05-10,2008-09,Recreativo,La Coruna,1,2
2009-05-10,2008-09,Valladolid,Numancia,0,0
2009-05-16,2008-09,La Coruna,Getafe,1,1
2009-05-16,2008-09,Osasuna,Sevilla,0,0
2009-05-16,2008-09,Villarreal,Real Madrid,3,2
2009-05-17,2008-09,Ath Madrid,Valencia,1,0
2009-05-17,2008-09,Betis,Almeria,2,0
2009-05-17,2008-09,Espanol,Ath Bilbao,1,0
2009-05-17,2008-09,Mallorca,Barcelona,2,1
2009-05-17,2008-09,Numancia,Recreativo,1,0
2009-05-17,2008-09,Santander,Valladolid,3,2
2009-05-17,2008-09,Sp Gijon,Malaga,2,1
2009-05-23,2008-09,Almeria,Espanol,0,3
2009-05-23,2008-09,Ath Bilbao,Ath Madrid,1,4
2009-05-23,2008-09,Barcelona,Osasuna,0,1
2009-05-23,2008-09,Getafe,Numancia,1,0
2009-05-23,2008-09,Malaga,Betis,1,1
2009-05-23,2008-09,Recreativo,Santander,0,1
2009-05-23,2008-09,Sevilla,La Coruna,1,0
2009-05-23,2008-09,Valladolid,Sp Gijon,1,2
2009-05-23,2008-09,Villarreal,Valencia,3,1
2009-05-24,2008-09,Real Madrid,Mallorca,1,3
2009-05-30,2008-09,Ath Madrid,Almeria,3,0
2009-05-30,2008-09,La Coruna,Barcelona,1,1
2009-05-30,2008-09,Mallorca,Villarreal,2,3
2009-05-30,2008-09,Valencia,Ath Bilbao,2,0
2009-05-31,2008-09,Betis,Valladolid,1,1
2009-05-31,2008-09,Espanol,Malaga,3,0
2009-05-31,2008-09,Numancia,Sevilla,0,2
2009-05-31,2008-09,Osasuna,Real Madrid,2,1
2009-05-31,2008-09,Santander,Getafe,1,1
2009-05-31,2008-09,Sp Gijon,Recreativo,2,1
2009-08-29,2009-10,Real Madrid,La Coruna,3,2
2009-08-29,2009-10,Zaragoza,Tenerife,1,0
2009-08-30,2009-10,Almeria,Valladolid,0,0
2009-08-30,2009-10,Ath Bilbao,Espanol,1,0
2009-08-30,2009-10,Malaga,Ath Madrid,3,0
2009-08-30,2009-10,Mallorca,Xerez,2,0
2009-08-30,2009-10,Osasuna,Villarreal,1,1
2009-08-30,2009-10,Santander,Getafe,1,4
2009-08-30,2009-10,Valencia,Sevilla,2,0
2009-08-31,2009-10,Barcelona,Sp Gijon,3,0
2009-09-12,2009-10,Ath Madrid,Santander,1,1
2009-09-12,2009-10,Espanol,Real Madrid,0,3
2009-09-12,2009-10,Getafe,Barcelona,0,2
2009-09-12,2009-10,Sevilla,Zaragoza,4,1
2009-09-13,2009-10,La Coruna,Malaga,1,0
2009-09-13,2009-10,Sp Gijon,Almeria,1,0
2009-09-13,2009-10,Tenerife,Osasuna,2,1
2009-09-13,2009-10,Valladolid,Valencia,2,4
2009-09-13,2009-10,Villarreal,Mallorca,1,1
2009-09-13,2009-10,Xerez,Ath Bilbao,0,1
2009-09-19,2009-10,Barcelona,Ath Madrid,5,2
2009-09-19,2009-10,La Coruna,Espanol,2,3
2009-09-19,2009-10,Malaga,Santander,1,2
2009-09-19,2009-10,Mallorca,Tenerife,4,0
2009-09-19,2009-10,Osasuna,Sevilla,0,2
2009-09-20,2009-10,Almeria,Getafe,1,0
2009-09-20,2009-10,Ath Bilbao,Villarreal,3,2
2009-09-20,2009-10,Real Madrid,Xerez,5,0
2009-09-20,2009-10,Valencia,Sp Gijon,2,2
2009-09-20,2009-10,Zaragoza,Valladolid,1,2
2009-09-22,2009-10,Santander,Barcelona,1,4
2009-09-22,2009-10,Sevilla,Mallorca,2,0
2009-09-23,2009-10,Ath Madrid,Almeria,2,2
2009-09-23,2009-10,Espanol,Malaga,2,1
2009-09-23,2009-10,Getafe,Valencia,3,1
2009-09-23,2009-10,Tenerife,Ath Bilbao,1,0
2009-09-23,2009-10,Valladolid,Osasuna,1,2
2009-09-23,2009-10,Villarreal,Real Madrid,0,2
2009-09-23,2009-10,Xerez,La Coruna,0,3
2009-09-24,2009-10,Sp Gijon,Zaragoza,1,1
2009-09-26,2009-10,Ath Bilbao,Sevilla,0,4
2009-09-26,2009-10,Malaga,Barcelona,0,2
2009-09-26,2009-10,Real Madrid,Tenerife,3,0
2009-09-26,2009-10,Valencia,Ath Madrid,2,2
2009-09-27,2009-10,Almeria,Santander,2,2
2009-09-27,2009-10,Espanol,Xerez,0,0
2009-09-27,2009-10,La Coruna,Villarreal,1,0
2009-09-27,2009-10,Mallorca,Valladolid,3,0
2009-09-27,2009-10,Osasuna,Sp Gijon,1,0
2009-09-27,2009-10,Zaragoza,Getafe,3,0
2009-10-03,2009-10,Ath Madrid,Zaragoza,2,1
2009-10-03,2009-10,Barcelona,Almeria,1,0
2009-10-03,2009-10,Tenerife,La Coruna,0,1
2009-10-04,2009-10,Getafe,Osasuna,2,1
2009-10-04,2009-10,Santander,Valencia,0,1
2009-10-04,2009-10,Sevilla,Real Madrid,2,1
2009-10-04,2009-10,Sp Gijon,Mallorca,4,1
2009-10-04,2009-10,Valladolid,Ath Bilbao,2,2
2009-10-04,2009-10,Villarreal,Espanol,0,0
2009-10-04,2009-10,Xerez,Malaga,1,1
2009-10-17,2009-10,La Coruna,Sevilla,1,0
2009-10-17,2009-10,Real Madrid,Valladolid,4,2
2009-10-17,2009-10,Valencia,Barcelona,0,0
2009-10-18,2009-10,Ath Bilbao,Sp Gijon,1,2
2009-10-18,2009-10,Espanol,Tenerife,2,1
2009-10-18,2009-10,Malaga,Almeria,1,2
2009-10-18,2009-10,Mallorca,Getafe,3,1
2009-10-18,2009-10,Osasuna,Ath Madrid,3,0
2009-10-18,2009-10,Xerez,Villarreal,2,1
2009-10-18,2009-10,Zaragoza,Santander,2,2
2009-10-24,2009-10,Ath Madrid,Mallorca,1,1
2009-10-24,2009-10,Sevilla,Espanol,0,0
2009-10-24,2009-10,Sp Gijon,Real Madrid,0,0
2009-10-25,2009-10,Almeria,Valencia,0,3
2009-10-25,2009-10,Barcelona,Zaragoza,6,1
2009-10-25,2009-10,Getafe,Ath Bilbao,2,0
2009-10-25,2009-10,Santander,Osasuna,1,1
2009-10-25,2009-10,Tenerife,Xerez,1,0
2009-10-25,2009-10,Valladolid,La Coruna,4,0
2009-10-25,2009-10,Villarreal,Malaga,2,1
2009-10-31,2009-10,Ath Bilbao,Ath Madrid,1,0
2009-10-31,2009-10,Osasuna,Barcelona,1,1
2009-10-31,2009-10,Real Madrid,Getafe,2,0
2009-10-31,2009-10,Xerez,Sevilla,0,2
2009-11-01,2009-10,Espanol,Valladolid,1,1
2009-11-01,2009-10,La Coruna,Sp Gijon,1,1
2009-11-01,2009-10,Malaga,Valencia,0,1
2009-11-01,2009-10,Mallorca,Santander,1,0
2009-11-01,2009-10,Villarreal,Tenerife,5,0
2009-11-01,2009-10,Zaragoza,Almeria,2,1
2009-11-07,2009-10,Ath Madrid,Real Madrid,2,3
2009-11-07,2009-10,Barcelona,Mallorca,4,2
2009-11-07,2009-10,Getafe,La Coruna,0,2
2009-11-07,2009-10,Tenerife,Malaga,2,2
2009-11-08,2009-10,Almeria,Osasuna,2,0
2009-11-08,2009-10,Santander,Ath Bilbao,0,2
2009-11-08,2009-10,Sevilla,Villarreal,3,2
2009-11-08,2009-10,Sp Gijon,Espanol,1,0
2009-11-08,2009-10,Valencia,Zaragoza,3,1
2009-11-08,2009-10,Valladolid,Xerez,0,0
2009-11-21,2009-10,Ath Bilbao,Barcelona,1,1
2009-11-21,2009-10,La Coruna,Ath Madrid,2,1
2009-11-21,2009-10,Real Madrid,Santander,1,0
2009-11-21,2009-10,Tenerife,Sevilla,1,2
2009-11-22,2009-10,Espanol,Getafe,0,2
2009-11-22,2009-10,Malaga,Zaragoza,1,1
2009-11-22,2009-10,Mallorca,Almeria,3,1
2009-11-22,2009-10,Osasuna,Valencia,1,3
2009-11-22,2009-10,Villarreal,Valladolid,3,1
2009-11-22,2009-10,Xerez,Sp Gijon,0,0
2009-11-28,2009-10,Sevilla,Malaga,2,2
2009-11-28,2009-10,Sp Gijon,Villarreal,1,0
2009-11-28,2009-10,Valencia,Mallorca,1,1
2009-11-29,2009-10,Almeria,Ath Bilbao,1,4
2009-11-29,2009-10,Ath Madrid,Espanol,4,0
2009-11-29,2009-10,Barcelona,Real Madrid,1,0
2009-11-29,2009-10,Getafe,Xerez,5,1
2009-11-29,2009-10,Santander,La Coruna,0,1
2009-11-29,2009-10,Valladolid,Tenerife,3,3
2009-11-29,2009-10,Zaragoza,Osasuna,0,1
2009-12-02,2009-10,Xerez,Barcelona,0,2
2009-12-05,2009-10,La Coruna,Barcelona,1,3
2009-12-05,2009-10,Real Madrid,Almeria,4,2
2009-12-05,2009-10,Sevilla,Valladolid,1,1
2009-12-05,2009-10,Xerez,Ath Madrid,0,2
2009-12-06,2009-10,Ath Bilbao,Valencia,1,2
2009-12-06,2009-10,Espanol,Santander,0,4
2009-12-06,2009-10,Malaga,Osasuna,1,1
2009-12-06,2009-10,Mallorca,Zaragoza,4,1
2009-12-06,2009-10,Tenerife,Sp Gijon,2,1
2009-12-06,2009-10,Villarreal,Getafe,3,2
2009-12-12,2009-10,Barcelona,Espanol,1,0
2009-12-12,2009-10,Valencia,Real Madrid,2,3
2009-12-12,2009-10,Zaragoza,Ath Bilbao,1,2
2009-12-13,2009-10,Almeria,La Coruna,1,1
2009-12-13,2009-10,Ath Madrid,Villarreal,1,2
2009-12-13,2009-10,Getafe,Tenerife,2,1
2009-12-13,2009-10,Osasuna,Mallorca,0,1
2009-12-13,2009-10,Santander,Xerez,3,2
2009-12-13,2009-10,Sp Gijon,Sevilla,0,1
2009-12-13,2009-10,Valladolid,Malaga,1,1
2009-12-19,2009-10,Ath Bilbao,Osasuna,2,0
2009-12-19,2009-10,Real Madrid,Zaragoza,6,0
2009-12-19,2009-10,Sevilla,Getafe,1,2
2009-12-20,2009-10,Espanol,Almeria,2,0
2009-12-20,2009-10,La Coruna,Valencia,0,0
2009-12-20,2009-10,Malaga,Mallorca,2,1
2009-12-20,2009-10,Tenerife,Ath Madrid,1,1
2009-12-20,2009-10,Valladolid,Sp Gijon,2,1
2009-12-20,2009-10,Villarreal,Santander,2,0
2010-01-02,2009-10,Ath Madrid,Sevilla,2,1
2010-01-02,2009-10,Barcelona,Villarreal,1,1
2010-01-02,2009-10,Valencia,Espanol,1,0
2010-01-03,2009-10,Almeria,Xerez,1,0
2010-01-03,2009-10,Getafe,Valladolid,1,0
2010-01-03,2009-10,Mallorca,Ath Bilbao,2,0
2010-01-03,2009-10,Osasuna,Real Madrid,0,0
2010-01-03,2009-10,Santander,Tenerife,2,0
2010-01-03,2009-10,Sp Gijon,Malaga,2,2
2010-01-03,2009-10,Zaragoza,La Coruna,0,0
2010-01-09,2009-10,Sevilla,Santander,1,2
2010-01-09,2009-10,Valladolid,Ath Madrid,0,4
2010-01-09,2009-10,Villarreal,Almeria,1,1
2010-01-10,2009-10,Espanol,Zaragoza,2,1
2010-01-10,2009-10,La Coruna,Osasuna,1,0
2010-01-10,2009-10,Malaga,Ath Bilbao,1,1
2010-01-10,2009-10,Real Madrid,Mallorca,2,0
2010-01-10,2009-10,Sp Gijon,Getafe,1,0
2010-01-10,2009-10,Tenerife,Barcelona,0,5
2010-01-10,2009-10,Xerez,Valencia,1,3
2010-01-16,2009-10,Ath Bilbao,Real Madrid,1,0
2010-01-16,2009-10,Barcelona,Sevilla,4,0
2010-01-16,2009-10,Osasuna,Espanol,2,0
2010-01-17,2009-10,Almeria,Tenerife,1,1
2010-01-17,2009-10,Ath Madrid,Sp Gijon,3,2
2010-01-17,2009-10,Malaga,Getafe,1,0
2010-01-17,2009-10,Mallorca,La Coruna,2,0
2010-01-17,2009-10,Santander,Valladolid,1,1
2010-01-17,2009-10,Valencia,Villarreal,4,1
2010-01-17,2009-10,Zaragoza,Xerez,0,0
2010-01-23,2009-10,La Coruna,Ath Bilbao,3,1
2010-01-23,2009-10,Sevilla,Almeria,1,0
2010-01-23,2009-10,Valladolid,Barcelona,0,3
2010-01-24,2009-10,Espanol,Mallorca,1,1
2010-01-24,2009-10,Getafe,Ath Madrid,1,0
2010-01-24,2009-10,Real Madrid,Malaga,2,0
2010-01-24,2009-10,Sp Gijon,Santander,0,1
2010-01-24,2009-10,Tenerife,Valencia,0,0
2010-01-24,2009-10,Villarreal,Zaragoza,4,2
2010-01-24,2009-10,Xerez,Osasuna,1,2
2010-01-30,2009-10,Espanol,Ath Bilbao,1,0
2010-01-30,2009-10,La Coruna,Real Madrid,1,3
2010-01-30,2009-10,Sp Gijon,Barcelona,0,1
2010-01-31,2009-10,Ath Madrid,Malaga,0,2
2010-01-31,2009-10,Getafe,Santander,0,0
2010-01-31,2009-10,Sevilla,Valencia,2,1
2010-01-31,2009-10,Tenerife,Zaragoza,1,3
2010-01-31,2009-10,Valladolid,Almeria,1,1
2010-01-31,2009-10,Villarreal,Osasuna,0,2
2010-01-31,2009-10,Xerez,Mallorca,2,1
2010-02-06,2009-10,Barcelona,Getafe,2,1
2010-02-06,2009-10,Real Madrid,Espanol,3,0
2010-02-06,2009-10,Valencia,Valladolid,2,0
2010-02-07,2009-10,Almeria,Sp Gijon,3,1
2010-02-07,2009-10,Ath Bilbao,Xerez,3,2
2010-02-07,2009-10,Malaga,La Coruna,0,0
2010-02-07,2009-10,Mallorca,Villarreal,1,0
2010-02-07,2009-10,Osasuna,Tenerife,1,0
2010-02-07,2009-10,Santander,Ath Madrid,1,1
2010-02-07,2009-10,Zaragoza,Sevilla,2,1
2010-02-13,2009-10,Sp Gijon,Valencia,1,1
2010-02-13,2009-10,Villarreal,Ath Bilbao,2,1
2010-02-13,2009-10,Xerez,Real Madrid,0,3
2010-02-14,2009-10,Ath Madrid,Barcelona,2,1
2010-02-14,2009-10,Espanol,La Coruna,2,0
2010-02-14,2009-10,Getafe,Almeria,2,2
2010-02-14,2009-10,Santander,Malaga,0,3
2010-02-14,2009-10,Sevilla,Osasuna,1,0
2010-02-14,2009-10,Valladolid,Zaragoza,1,1
2010-02-15,2009-10,Tenerife,Mallorca,1,0
2010-02-20,2009-10,Barcelona,Santander,4,0
2010-02-20,2009-10,La Coruna,Xerez,2,1
2010-02-20,2009-10,Mallorca,Sevilla,1,3
2010-02-21,2009-10,Almeria,Ath Madrid,1,0
2010-02-21,2009-10,Ath Bilbao,Tenerife,4,1
2010-02-21,2009-10,Malaga,Espanol,2,1
2010-02-21,2009-10,Osasuna,Valladolid,1,1
2010-02-21,2009-10,Real Madrid,Villarreal,6,2
2010-02-21,2009-10,Zaragoza,Sp Gijon,1,3
2010-02-22,2009-10,Valencia,Getafe,2,1
2010-02-27,2009-10,Barcelona,Malaga,2,1
2010-02-27,2009-10,Getafe,Zaragoza,0,2
2010-02-27,2009-10,Tenerife,Real Madrid,1,5
2010-02-28,2009-10,Ath Madrid,Valencia,4,1
2010-02-28,2009-10,Santander,Almeria,0,2
2010-02-28,2009-10,Sevilla,Ath Bilbao,0,0
2010-02-28,2009-10,Sp Gijon,Osasuna,3,2
2010-02-28,2009-10,Valladolid,Mallorca,1,2
2010-02-28,2009-10,Villarreal,La Coruna,1,0
2010-02-28,2009-10,Xerez,Espanol,1,1
2010-03-06,2009-10,Almeria,Barcelona,2,2
2010-03-06,2009-10,La Coruna,Tenerife,3,1
2010-03-06,2009-10,Real Madrid,Sevilla,3,2
2010-03-07,2009-10,Ath Bilbao,Valladolid,2,0
2010-03-07,2009-10,Espanol,Villarreal,0,0
2010-03-07,2009-10,Malaga,Xerez,2,4
2010-03-07,2009-10,Mallorca,Sp Gijon,3,0
2010-03-07,2009-10,Osasuna,Getafe,0,0
2010-03-07,2009-10,Zaragoza,Ath Madrid,1,1
2010-03-08,2009-10,Valencia,Santander,0,0
2010-03-13,2009-10,Getafe,Mallorca,3,0
2010-03-13,2009-10,Sevilla,La Coruna,1,1
2010-03-13,2009-10,Sp Gijon,Ath Bilbao,0,0
2010-03-14,2009-10,Almeria,Malaga,1,0
2010-03-14,2009-10,Barcelona,Valencia,3,0
2010-03-14,2009-10,Santander,Zaragoza,0,0
2010-03-14,2009-10,Tenerife,Espanol,4,1
2010-03-14,2009-10,Valladolid,Real Madrid,1,4
2010-03-14,2009-10,Villarreal,Xerez,2,0
2010-03-15,2009-10,Ath Madrid,Osasuna,1,0
2010-03-20,2009-10,Ath Bilbao,Getafe,2,2
2010-03-20,2009-10,Espanol,Sevilla,2,0
2010-03-20,2009-10,La Coruna,Valladolid,0,2
2010-03-20,2009-10,Real Madrid,Sp Gijon,3,1
2010-03-20,2009-10,Xerez,Tenerife,2,1
2010-03-21,2009-10,Malaga,Villarreal,2,0
2010-03-21,2009-10,Mallorca,Ath Madrid,4,1
2010-03-21,2009-10,Osasuna,Santander,1,3
2010-03-21,2009-10,Valencia,Almeria,2,0
2010-03-21,2009-10,Zaragoza,Barcelona,2,4
2010-03-23,2009-10,Sevilla,Xerez,1,1
2010-03-23,2009-10,Sp Gijon,La Coruna,2,1
2010-03-24,2009-10,Almeria,Zaragoza,1,0
2010-03-24,2009-10,Barcelona,Osasuna,2,0
2010-03-24,2009-10,Santander,Mallorca,0,0
2010-03-24,2009-10,Tenerife,Villarreal,2,2
2010-03-24,2009-10,Valencia,Malaga,1,0
2010-03-24,2009-10,Valladolid,Espanol,0,0
2010-03-25,2009-10,Ath Madrid,Ath Bilbao,2,0
2010-03-25,2009-10,Getafe,Real Madrid,2,4
2010-03-27,2009-10,Malaga,Tenerife,1,1
2010-03-27,2009-10,Mallorca,Barcelona,0,1
2010-03-27,2009-10,Zaragoza,Valencia,3,0
2010-03-28,2009-10,Espanol,Sp Gijon,0,0
2010-03-28,2009-10,La Coruna,Getafe,1,3
2010-03-28,2009-10,Osasuna,Almeria,1,0
2010-03-28,2009-10,Real Madrid,Ath Madrid,3,2
2010-03-28,2009-10,Villarreal,Sevilla,3,0
2010-03-28,2009-10,Xerez,Valladolid,3,0
2010-03-29,2009-10,Ath Bilbao,Santander,4,3
2010-04-03,2009-10,Barcelona,Ath Bilbao,4,1
2010-04-03,2009-10,Sevilla,Tenerife,3,0
2010-04-03,2009-10,Zaragoza,Malaga,2,0
2010-04-04,2009-10,Almeria,Mallorca,1,1
2010-04-04,2009-10,Ath Madrid,La Coruna,3,0
2010-04-04,2009-10,Getafe,Espanol,1,1
2010-04-04,2009-10,Santander,Real Madrid,0,2
2010-04-04,2009-10,Sp Gijon,Xerez,2,2
2010-04-04,2009-10,Valencia,Osasuna,3,0
2010-04-04,2009-10,Valladolid,Villarreal,0,2
2010-04-10,2009-10,Malaga,Sevilla,1,2
2010-04-10,2009-10,Real Madrid,Barcelona,0,2
2010-04-10,2009-10,Tenerife,Valladolid,0,0
2010-04-10,2009-10,Villarreal,Sp Gijon,1,0
2010-04-10,2009-10,Xerez,Getafe,0,1
2010-04-11,2009-10,Ath Bilbao,Almeria,4,1
2010-04-11,2009-10,Espanol,Ath Madrid,3,0
2010-04-11,2009-10,La Coruna,Santander,1,1
2010-04-11,2009-10,Mallorca,Valencia,3,2
2010-04-11,2009-10,Osasuna,Zaragoza,2,0
2010-04-13,2009-10,Getafe,Villarreal,3,0
2010-04-13,2009-10,Sp Gijon,Tenerife,0,2
2010-04-13,2009-10,Valladolid,Sevilla,2,1
2010-04-14,2009-10,Ath Madrid,Xerez,1,2
2010-04-14,2009-10,Barcelona,La Coruna,3,0
2010-04-14,2009-10,Osasuna,Malaga,2,2
2010-04-14,2009-10,Santander,Espanol,3,1
2010-04-14,2009-10,Zaragoza,Mallorca,1,1
2010-04-15,2009-10,Almeria,Real Madrid,1,2
2010-04-15,2009-10,Valencia,Ath Bilbao,2,0
2010-04-17,2009-10,Espanol,Barcelona,0,0
2010-04-17,2009-10,Sevilla,Sp Gijon,3,0
2010-04-17,2009-10,Villarreal,Ath Madrid,2,1
2010-04-18,2009-10,Ath Bilbao,Zaragoza,0,0
2010-04-18,2009-10,La Coruna,Almeria,0,0
2010-04-18,2009-10,Malaga,Valladolid,0,0
2010-04-18,2009-10,Real Madrid,Valencia,2,0
2010-04-18,2009-10,Tenerife,Getafe,3,2
2010-04-18,2009-10,Xerez,Santander,2,2
2010-04-19,2009-10,Mallorca,Osasuna,2,0
2010-04-24,2009-10,Barcelona,Xerez,3,1
2010-04-24,2009-10,Valencia,La Coruna,1,0
2010-04-24,2009-10,Zaragoza,Real Madrid,1,2
2010-04-25,2009-10,Almeria,Espanol,0,1
2010-04-25,2009-10,Ath Madrid,Tenerife,3,1
2010-04-25,2009-10,Getafe,Sevilla,4,3
2010-04-25,2009-10,Mallorca,Malaga,1,1
2010-04-25,2009-10,Santander,Villarreal,1,2
2010-04-25,2009-10,Sp Gijon,Valladolid,0,2
2010-04-26,2009-10,Osasuna,Ath Bilbao,0,0
2010-05-01,2009-10,Espanol,Valencia,0,2
2010-05-01,2009-10,La Coruna,Zaragoza,0,1
2010-05-01,2009-10,Malaga,Sp Gijon,1,1
2010-05-01,2009-10,Tenerife,Santander,2,1
2010-05-01,2009-10,Valladolid,Getafe,0,0
2010-05-01,2009-10,Villarreal,Barcelona,1,4
2010-05-01,2009-10,Xerez,Almeria,2,1
2010-05-02,2009-10,Ath Bilbao,Mallorca,1,3
2010-05-02,2009-10,Real Madrid,Osasuna,3,2
2010-05-02,2009-10,Sevilla,Ath Madrid,3,1
2010-05-04,2009-10,Almeria,Villarreal,4,2
2010-05-04,2009-10,Barcelona,Tenerife,4,1
2010-05-04,2009-10,Getafe,Sp Gijon,1,1
2010-05-04,2009-10,Valencia,Xerez,3,1
2010-05-05,2009-10,Ath Bilbao,Malaga,1,1
2010-05-05,2009-10,Ath Madrid,Valladolid,3,1
2010-05-05,2009-10,Mallorca,Real Madrid,1,4
2010-05-05,2009-10,Osasuna,La Coruna,3,1
2010-05-05,2009-10,Santander,Sevilla,1,5
2010-05-05,2009-10,Zaragoza,Espanol,1,0
2010-05-08,2009-10,Espanol,Osasuna,2,1
2010-05-08,2009-10,Getafe,Malaga,2,1
2010-05-08,2009-10,La Coruna,Mallorca,1,0
2010-05-08,2009-10,Real Madrid,Ath Bilbao,5,1
2010-05-08,2009-10,Sevilla,Barcelona,2,3
2010-05-08,2009-10,Sp Gijon,Ath Madrid,1,1
2010-05-08,2009-10,Tenerife,Almeria,2,2
2010-05-08,2009-10,Valladolid,Santander,2,1
2010-05-08,2009-10,Villarreal,Valencia,2,0
2010-05-08,2009-10,Xerez,Zaragoza,3,2
2010-05-15,2009-10,Almeria,Sevilla,2,3
2010-05-15,2009-10,Ath Bilbao,La Coruna,2,0
2010-05-15,2009-10,Ath Madrid,Getafe,0,3
2010-05-15,2009-10,Mallorca,Espanol,2,0
2010-05-15,2009-10,Zaragoza,Villarreal,3,3
2010-05-16,2009-10,Barcelona,Valladolid,4,0
2010-05-16,2009-10,Malaga,Real Madrid,1,1
2010-05-16,2009-10,Osasuna,Xerez,1,1
2010-05-16,2009-10,Santander,Sp Gijon,2,0
2010-05-16,2009-10,Valencia,Tenerife,1,0
2010-08-28,2010-11,Hercules,Ath Bilbao,0,1
2010-08-28,2010-11,Levante,Sevilla,1,4
2010-08-28,2010-11,Malaga,Valencia,1,3
2010-08-29,2010-11,Espanol,Getafe,3,1
2010-08-29,2010-11,La Coruna,Zaragoza,0,0
2010-08-29,2010-11,Mallorca,Real Madrid,0,0
2010-08-29,2010-11,Osasuna,Almeria,0,0
2010-08-29,2010-11,Santander,Barcelona,0,3
2010-08-29,2010-11,Sociedad,Villarreal,1,0
2010-08-30,2010-11,Ath Madrid,Sp Gijon,4,0
2010-09-11,2010-11,Ath Bilbao,Ath Madrid,1,2
2010-09-11,2010-11,Barcelona,Hercules,0,2
2010-09-11,2010-11,Real Madrid,Osasuna,1,0
2010-09-11,2010-11,Valencia,Santander,1,0
2010-09-12,2010-11,Getafe,Levante,4,1
2010-09-12,2010-11,Sevilla,La Coruna,0,0
2010-09-12,2010-11,Sp Gijon,Mallorca,2,0
2010-09-12,2010-11,Villarreal,Espanol,4,0
2010-09-12,2010-11,Zaragoza,Malaga,3,5
2010-09-13,2010-11,Almeria,Sociedad,2,2
2010-09-18,2010-11,Espanol,Almeria,1,0
2010-09-18,2010-11,Mallorca,Osasuna,2,0
2010-09-18,2010-11,Sociedad,Real Madrid,1,2
2010-09-18,2010-11,Sp Gijon,Ath Bilbao,2,2
2010-09-19,2010-11,Ath Madrid,Barcelona,1,2
2010-09-19,2010-11,Hercules,Valencia,1,2
2010-09-19,2010-11,Levante,Villarreal,1,2
2010-09-19,2010-11,Malaga,Sevilla,1,2
2010-09-19,2010-11,Santander,Zaragoza,2,0
2010-09-20,2010-11,La Coruna,Getafe,2,2
2010-09-21,2010-11,Ath Bilbao,Mallorca,3,0
2010-09-21,2010-11,Osasuna,Sociedad,3,1
2010-09-21,2010-11,Real Madrid,Espanol,3,0
2010-09-22,2010-11,Almeria,Levante,0,1
2010-09-22,2010-11,Barcelona,Sp Gijon,1,0
2010-09-22,2010-11,Valencia,Ath Madrid,1,1
2010-09-22,2010-11,Zaragoza,Hercules,0,0
2010-09-23,2010-11,Getafe,Malaga,0,2
2010-09-23,2010-11,Sevilla,Santander,1,1
2010-09-23,2010-11,Villarreal,La Coruna,1,0
2010-09-25,2010-11,Ath Bilbao,Barcelona,1,3
2010-09-25,2010-11,Levante,Real Madrid,0,0
2010-09-25,2010-11,Sp Gijon,Valencia,0,2
2010-09-26,2010-11,Ath Madrid,Zaragoza,1,0
2010-09-26,2010-11,Espanol,Osasuna,1,0
2010-09-26,2010-11,Hercules,Sevilla,2,0
2010-09-26,2010-11,La Coruna,Almeria,0,2
2010-09-26,2010-11,Mallorca,Sociedad,2,0
2010-09-26,2010-11,Santander,Getafe,0,1
2010-09-27,2010-11,Malaga,Villarreal,2,3
2010-10-02,2010-11,Sociedad,Espanol,1,0
2010-10-02,2010-11,Valencia,Ath Bilbao,2,1
2010-10-02,2010-11,Zaragoza,Sp Gijon,2,2
2010-10-03,2010-11,Almeria,Malaga,1,1
2010-10-03,2010-11,Barcelona,Mallorca,1,1
2010-10-03,2010-11,Getafe,Hercules,3,0
2010-10-03,2010-11,Osasuna,Levante,1,1
2010-10-03,2010-11,Real Madrid,La Coruna,6,1
2010-10-03,2010-11,Sevilla,Ath Madrid,3,1
2010-10-03,2010-11,Villarreal,Santander,2,0
2010-10-16,2010-11,Ath Madrid,Getafe,2,0
2010-10-16,2010-11,Barcelona,Valencia,2,1
2010-10-16,2010-11,Malaga,Real Madrid,1,4
2010-10-17,2010-11,Ath Bilbao,Zaragoza,2,1
2010-10-17,2010-11,La Coruna,Osasuna,0,0
2010-10-17,2010-11,Levante,Sociedad,2,1
2010-10-17,2010-11,Mallorca,Espanol,0,1
2010-10-17,2010-11,Santander,Almeria,1,0
2010-10-17,2010-11,Sp Gijon,Sevilla,2,0
2010-10-18,2010-11,Hercules,Villarreal,2,2
2010-10-23,2010-11,Real Madrid,Santander,6,1
2010-10-23,2010-11,Valencia,Mallorca,1,2
2010-10-23,2010-11,Zaragoza,Barcelona,0,2
2010-10-24,2010-11,Almeria,Hercules,1,1
2010-10-24,2010-11,Espanol,Levante,2,1
2010-10-24,2010-11,Getafe,Sp Gijon,3,0
2010-10-24,2010-11,Osasuna,Malaga,3,0
2010-10-24,2010-11,Sevilla,Ath Bilbao,4,3
2010-10-24,2010-11,Villarreal,Ath Madrid,2,0
2010-10-25,2010-11,Sociedad,La Coruna,3,0
2010-10-30,2010-11,Barcelona,Sevilla,5,0
2010-10-30,2010-11,Hercules,Real Madrid,1,3
2010-10-30,2010-11,Valencia,Zaragoza,1,1
2010-10-31,2010-11,Ath Bilbao,Getafe,3,0
2010-10-31,2010-11,Ath Madrid,Almeria,1,1
2010-10-31,2010-11,La Coruna,Espanol,3,0
2010-10-31,2010-11,Malaga,Sociedad,1,2
2010-10-31,2010-11,Santander,Osasuna,4,1
2010-10-31,2010-11,Sp Gijon,Villarreal,1,1
2010-11-01,2010-11,Mallorca,Levante,2,1
2010-11-06,2010-11,Espanol,Malaga,1,0
2010-11-06,2010-11,Sociedad,Santander,1,0
2010-11-07,2010-11,Almeria,Sp Gijon,1,1
2010-11-07,2010-11,Getafe,Barcelona,1,3
2010-11-07,2010-11,Levante,La Coruna,1,2
2010-11-07,2010-11,Osasuna,Hercules,3,0
2010-11-07,2010-11,Real Madrid,Ath Madrid,2,0
2010-11-07,2010-11,Villarreal,Ath Bilbao,4,1
2010-11-07,2010-11,Zaragoza,Mallorca,3,2
2010-11-08,2010-11,Sevilla,Valencia,2,0
2010-11-13,2010-11,Ath Bilbao,Almeria,1,0
2010-11-13,2010-11,Ath Madrid,Osasuna,3,0
2010-11-13,2010-11,Barcelona,Villarreal,3,1
2010-11-14,2010-11,Hercules,Sociedad,2,1
2010-11-14,2010-11,Malaga,Levante,1,0
2010-11-14,2010-11,Mallorca,La Coruna,0,0
2010-11-14,2010-11,Santander,Espanol,0,0
2010-11-14,2010-11,Sp Gijon,Real Madrid,0,1
2010-11-14,2010-11,Valencia,Getafe,2,0
2010-11-14,2010-11,Zaragoza,Sevilla,1,2
2010-11-20,2010-11,Almeria,Barcelona,0,8
2010-11-20,2010-11,Real Madrid,Ath Bilbao,5,1
2010-11-20,2010-11,Villarreal,Valencia,1,1
2010-11-21,2010-11,Espanol,Hercules,3,0
2010-11-21,2010-11,La Coruna,Malaga,3,0
2010-11-21,2010-11,Levante,Santander,3,1
2010-11-21,2010-11,Osasuna,Sp Gijon,1,0
2010-11-21,2010-11,Sevilla,Mallorca,1,2
2010-11-21,2010-11,Sociedad,Ath Madrid,2,4
2010-11-22,2010-11,Getafe,Zaragoza,1,1
2010-11-27,2010-11,Ath Madrid,Espanol,2,3
2010-11-27,2010-11,Sevilla,Getafe,1,3
2010-11-27,2010-11,Zaragoza,Villarreal,0,3
2010-11-28,2010-11,Ath Bilbao,Osasuna,1,0
2010-11-28,2010-11,Hercules,Levante,3,1
2010-11-28,2010-11,Mallorca,Malaga,2,0
2010-11-28,2010-11,Santander,La Coruna,1,0
2010-11-28,2010-11,Sp Gijon,Sociedad,1,3
2010-11-28,2010-11,Valencia,Almeria,2,1
2010-11-29,2010-11,Barcelona,Real Madrid,5,0
2010-12-04,2010-11,Levante,Ath Madrid,2,0
2010-12-04,2010-11,Osasuna,Barcelona,0,3
2010-12-04,2010-11,Real Madrid,Valencia,2,0
2010-12-05,2010-11,Almeria,Zaragoza,1,1
2010-12-05,2010-11,Espanol,Sp Gijon,1,0
2010-12-05,2010-11,Getafe,Mallorca,3,0
2010-12-05,2010-11,Malaga,Santander,4,1
2010-12-05,2010-11,Sociedad,Ath Bilbao,2,0
2010-12-05,2010-11,Villarreal,Sevilla,1,0
2010-12-06,2010-11,La Coruna,Hercules,1,0
2010-12-11,2010-11,Ath Madrid,La Coruna,2,0
2010-12-11,2010-11,Getafe,Villarreal,1,0
2010-12-11,2010-11,Sevilla,Almeria,1,3
2010-12-12,2010-11,Ath Bilbao,Espanol,2,1
2010-12-12,2010-11,Barcelona,Sociedad,5,0
2010-12-12,2010-11,Hercules,Malaga,4,1
2010-12-12,2010-11,Mallorca,Santander,0,1
2010-12-12,2010-11,Sp Gijon,Levante,1,1
2010-12-12,2010-11,Zaragoza,Real Madrid,1,3
2010-12-13,2010-11,Valencia,Osasuna,3,3
2010-12-18,2010-11,Espanol,Barcelona,1,5
2010-12-18,2010-11,La Coruna,Sp Gijon,1,1
2010-12-18,2010-11,Levante,Ath Bilbao,1,2
2010-12-18,2010-11,Sociedad,Valencia,1,2
2010-12-18,2010-11,Villarreal,Mallorca,3,1
2010-12-19,2010-11,Almeria,Getafe,2,3
2010-12-19,2010-11,Malaga,Ath Madrid,0,3
2010-12-19,2010-11,Osasuna,Zaragoza,0,0
2010-12-19,2010-11,Real Madrid,Sevilla,1,0
2010-12-20,2010-11,Santander,Hercules,0,0
2011-01-02,2010-11,Ath Bilbao,La Coruna,1,2
2011-01-02,2010-11,Barcelona,Levante,2,1
2011-01-02,2010-11,Sevilla,Osasuna,1,0
2011-01-02,2010-11,Sp Gijon,Malaga,1,2
2011-01-02,2010-11,Valencia,Espanol,2,1
2011-01-03,2010-11,Ath Madrid,Santander,0,0
2011-01-03,2010-11,Getafe,Real Madrid,2,3
2011-01-03,2010-11,Mallorca,Hercules,3,0
2011-01-03,2010-11,Villarreal,Almeria,2,0
2011-01-03,2010-11,Zaragoza,Sociedad,2,1
2011-01-08,2010-11,La Coruna,Barcelona,0,4
2011-01-08,2010-11,Malaga,Ath Bilbao,1,1
2011-01-08,2010-11,Sociedad,Sevilla,2,3
2011-01-09,2010-11,Espanol,Zaragoza,4,0
2011-01-09,2010-11,Levante,Valencia,0,1
2011-01-09,2010-11,Mallorca,Almeria,4,1
2011-01-09,2010-11,Osasuna,Getafe,0,0
2011-01-09,2010-11,Real Madrid,Villarreal,4,2
2011-01-09,2010-11,Santander,Sp Gijon,1,1
2011-01-10,2010-11,Hercules,Ath Madrid,4,1
2011-01-15,2010-11,Ath Bilbao,Santander,2,1
2011-01-15,2010-11,Getafe,Sociedad,0,4
2011-01-15,2010-11,Sevilla,Espanol,1,2
2011-01-15,2010-11,Sp Gijon,Hercules,2,0
2011-01-15,2010-11,Villarreal,Osasuna,4,2
2011-01-15,2010-11,Zaragoza,Levante,1,0
2011-01-16,2010-11,Almeria,Real Madrid,1,1
2011-01-16,2010-11,Barcelona,Malaga,4,1
2011-01-16,2010-11,Valencia,La Coruna,2,0
2011-01-17,2010-11,Ath Madrid,Mallorca,3,0
2011-01-22,2010-11,Barcelona,Santander,3,0
2011-01-22,2010-11,Sevilla,Levante,4,1
2011-01-22,2010-11,Valencia,Malaga,4,3
2011-01-23,2010-11,Almeria,Osasuna,3,2
2011-01-23,2010-11,Getafe,Espanol,1,3
2011-01-23,2010-11,Real Madrid,Mallorca,1,0
2011-01-23,2010-11,Sp Gijon,Ath Madrid,1,0
2011-01-23,2010-11,Villarreal,Sociedad,2,1
2011-01-23,2010-11,Zaragoza,La Coruna,1,0
2011-01-24,2010-11,Ath Bilbao,Hercules,3,0
2011-01-29,2010-11,Hercules,Barcelona,0,3
2011-01-29,2010-11,La Coruna,Sevilla,3,3
2011-01-29,2010-11,Levante,Getafe,2,0
2011-01-29,2010-11,Malaga,Zaragoza,1,2
2011-01-29,2010-11,Mallorca,Sp Gijon,0,4
2011-01-29,2010-11,Sociedad,Almeria,2,0
2011-01-30,2010-11,Ath Madrid,Ath Bilbao,0,2
2011-01-30,2010-11,Espanol,Villarreal,0,1
2011-01-30,2010-11,Osasuna,Real Madrid,1,0
2011-01-31,2010-11,Santander,Valencia,1,1
2011-02-05,2010-11,Almeria,Espanol,3,2
2011-02-05,2010-11,Ath Bilbao,Sp Gijon,3,0
2011-02-05,2010-11,Barcelona,Ath Madrid,3,0
2011-02-05,2010-11,Getafe,La Coruna,4,1
2011-02-05,2010-11,Osasuna,Mallorca,1,1
2011-02-05,2010-11,Villarreal,Levante,0,1
2011-02-05,2010-11,Zaragoza,Santander,1,1
2011-02-06,2010-11,Real Madrid,Sociedad,4,1
2011-02-06,2010-11,Sevilla,Malaga,0,0
2011-02-06,2010-11,Valencia,Hercules,2,0
2011-02-12,2010-11,Ath Madrid,Valencia,1,2
2011-02-12,2010-11,Santander,Sevilla,3,2
2011-02-12,2010-11,Sp Gijon,Barcelona,1,1
2011-02-13,2010-11,Espanol,Real Madrid,0,1
2011-02-13,2010-11,Hercules,Zaragoza,2,1
2011-02-13,2010-11,La Coruna,Villarreal,1,0
2011-02-13,2010-11,Levante,Almeria,1,0
2011-02-13,2010-11,Malaga,Getafe,2,2
2011-02-13,2010-11,Sociedad,Osasuna,1,0
2011-02-14,2010-11,Mallorca,Ath Bilbao,1,0
2011-02-19,2010-11,Real Madrid,Levante,2,0
2011-02-19,2010-11,Valencia,Sp Gijon,0,0
2011-02-19,2010-11,Zaragoza,Ath Madrid,0,1
2011-02-20,2010-11,Almeria,La Coruna,1,1
2011-02-20,2010-11,Barcelona,Ath Bilbao,2,1
2011-02-20,2010-11,Getafe,Santander,0,1
2011-02-20,2010-11,Osasuna,Espanol,4,0
2011-02-20,2010-11,Sevilla,Hercules,1,0
2011-02-20,2010-11,Villarreal,Malaga,1,1
2011-02-21,2010-11,Sociedad,Mallorca,1,0
2011-02-26,2010-11,Ath Madrid,Sevilla,2,2
2011-02-26,2010-11,Espanol,Sociedad,4,1
2011-02-26,2010-11,La Coruna,Real Madrid,0,0
2011-02-26,2010-11,Mallorca,Barcelona,0,3
2011-02-26,2010-11,Sp Gijon,Zaragoza,0,0
2011-02-27,2010-11,Ath Bilbao,Valencia,1,2
2011-02-27,2010-11,Hercules,Getafe,0,0
2011-02-27,2010-11,Levante,Osasuna,2,1
2011-02-27,2010-11,Santander,Villarreal,2,2
2011-02-28,2010-11,Malaga,Almeria,3,1
2011-03-01,2010-11,Espanol,Mallorca,1,2
2011-03-01,2010-11,Sevilla,Sp Gijon,3,0
2011-03-02,2010-11,Getafe,Ath Madrid,1,1
2011-03-02,2010-11,Osasuna,La Coruna,0,0
2011-03-02,2010-11,Sociedad,Levante,1,1
2011-03-02,2010-11,Valencia,Barcelona,0,1
2011-03-02,2010-11,Villarreal,Hercules,1,0
2011-03-02,2010-11,Zaragoza,Ath Bilbao,2,1
2011-03-03,2010-11,Almeria,Santander,1,1
2011-03-03,2010-11,Real Madrid,Malaga,7,0
2011-03-05,2010-11,Ath Madrid,Villarreal,3,1
2011-03-05,2010-11,Barcelona,Zaragoza,1,0
2011-03-05,2010-11,Mallorca,Valencia,1,2
2011-03-06,2010-11,Ath Bilbao,Sevilla,2,0
2011-03-06,2010-11,Hercules,Almeria,1,2
2011-03-06,2010-11,Levante,Espanol,1,0
2011-03-06,2010-11,Malaga,Osasuna,0,1
2011-03-06,2010-11,Santander,Real Madrid,1,3
2011-03-06,2010-11,Sp Gijon,Getafe,2,0
2011-03-07,2010-11,La Coruna,Sociedad,2,1
2011-03-12,2010-11,Almeria,Ath Madrid,2,2
2011-03-12,2010-11,Real Madrid,Hercules,2,0
2011-03-12,2010-11,Zaragoza,Valencia,4,0
2011-03-13,2010-11,Espanol,La Coruna,2,0
2011-03-13,2010-11,Levante,Mallorca,1,1
2011-03-13,2010-11,Osasuna,Santander,3,1
2011-03-13,2010-11,Sevilla,Barcelona,1,1
2011-03-13,2010-11,Sociedad,Malaga,0,2
2011-03-13,2010-11,Villarreal,Sp Gijon,1,1
2011-03-14,2010-11,Getafe,Ath Bilbao,2,2
2011-03-19,2010-11,Ath Madrid,Real Madrid,1,2
2011-03-19,2010-11,Barcelona,Getafe,2,1
2011-03-19,2010-11,Mallorca,Zaragoza,1,0
2011-03-20,2010-11,Ath Bilbao,Villarreal,0,1
2011-03-20,2010-11,Hercules,Osasuna,0,4
2011-03-20,2010-11,La Coruna,Levante,0,1
2011-03-20,2010-11,Malaga,Espanol,2,0
2011-03-20,2010-11,Santander,Sociedad,2,1
2011-03-20,2010-11,Sp Gijon,Almeria,1,0
2011-03-20,2010-11,Valencia,Sevilla,0,1
2011-04-02,2010-11,Getafe,Valencia,2,4
2011-04-02,2010-11,Real Madrid,Sp Gijon,0,1
2011-04-02,2010-11,Villarreal,Barcelona,0,1
2011-04-03,2010-11,Espanol,Santander,1,2
2011-04-03,2010-11,La Coruna,Mallorca,2,1
2011-04-03,2010-11,Levante,Malaga,3,1
2011-04-03,2010-11,Osasuna,Ath Madrid,2,3
2011-04-03,2010-11,Sevilla,Zaragoza,3,1
2011-04-03,2010-11,Sociedad,Hercules,1,3
2011-04-04,2010-11,Almeria,Ath Bilbao,1,3
2011-04-09,2010-11,Ath Bilbao,Real Madrid,0,3
2011-04-09,2010-11,Barcelona,Almeria,3,1
2011-04-09,2010-11,Mallorca,Sevilla,2,2
2011-04-10,2010-11,Ath Madrid,Sociedad,3,0
2011-04-10,2010-11,Hercules,Espanol,0,0
2011-04-10,2010-11,Malaga,La Coruna,0,0
2011-04-10,2010-11,Santander,Levante,1,1
2011-04-10,2010-11,Sp Gijon,Osasuna,1,0
2011-04-10,2010-11,Valencia,Villarreal,5,0
2011-04-11,2010-11,Zaragoza,Getafe,2,1
2011-04-16,2010-11,Almeria,Valencia,0,3
2011-04-16,2010-11,Getafe,Sevilla,1,0
2011-04-16,2010-11,Malaga,Mallorca,3,0
2011-04-16,2010-11,Real Madrid,Barcelona,1,1
2011-04-17,2010-11,Espanol,Ath Madrid,2,2
2011-04-17,2010-11,La Coruna,Santander,2,0
2011-04-17,2010-11,Levante,Hercules,2,1
2011-04-17,2010-11,Osasuna,Ath Bilbao,1,2
2011-04-17,2010-11,Sociedad,Sp Gijon,2,1
2011-04-18,2010-11,Villarreal,Zaragoza,1,0
2011-04-23,2010-11,Ath Bilbao,Sociedad,2,1
2011-04-23,2010-11,Barcelona,Osasuna,2,0
2011-04-23,2010-11,Valencia,Real Madrid,3,6
2011-04-24,2010-11,Ath Madrid,Levante,4,1
2011-04-24,2010-11,Hercules,La Coruna,1,0
2011-04-24,2010-11,Mallorca,Getafe,2,0
2011-04-24,2010-11,Santander,Malaga,1,2
2011-04-24,2010-11,Sevilla,Villarreal,3,2
2011-04-24,2010-11,Sp Gijon,Espanol,1,0
2011-04-25,2010-11,Zaragoza,Almeria,1,0
2011-04-30,2010-11,La Coruna,Ath Madrid,0,1
2011-04-30,2010-11,Real Madrid,Zaragoza,2,3
2011-04-30,2010-11,Sociedad,Barcelona,2,1
2011-05-01,2010-11,Almeria,Sevilla,0,1
2011-05-01,2010-11,Levante,Sp Gijon,0,0
2011-05-01,2010-11,Malaga,Hercules,3,1
2011-05-01,2010-11,Osasuna,Valencia,1,0
2011-05-01,2010-11,Santander,Mallorca,2,0
2011-05-01,2010-11,Villarreal,Getafe,2,1
2011-05-02,2010-11,Espanol,Ath Bilbao,2,1
2011-05-07,2010-11,Ath Bilbao,Levante,3,2
2011-05-07,2010-11,Ath Madrid,Malaga,0,3
2011-05-07,2010-11,Getafe,Almeria,2,0
2011-05-07,2010-11,Hercules,Santander,2,3
2011-05-07,2010-11,Sevilla,Real Madrid,2,6
2011-05-07,2010-11,Sp Gijon,La Coruna,2,2
2011-05-07,2010-11,Valencia,Sociedad,3,0
2011-05-08,2010-11,Barcelona,Espanol,2,0
2011-05-08,2010-11,Mallorca,Villarreal,0,0
2011-05-08,2010-11,Zaragoza,Osasuna,1,3
2011-05-10,2010-11,La Coruna,Ath Bilbao,2,1
2011-05-10,2010-11,Malaga,Sp Gijon,2,0
2011-05-10,2010-11,Real Madrid,Getafe,4,0
2011-05-10,2010-11,Santander,Ath Madrid,2,1
2011-05-11,2010-11,Almeria,Villarreal,0,0
2011-05-11,2010-11,Espanol,Valencia,2,2
2011-05-11,2010-11,Hercules,Mallorca,2,2
2011-05-11,2010-11,Levante,Barcelona,1,1
2011-05-11,2010-11,Osasuna,Sevilla,3,2
2011-05-11,2010-11,Sociedad,Zaragoza,2,1
2011-05-15,2010-11,Almeria,Mallorca,3,1
2011-05-15,2010-11,Ath Bilbao,Malaga,1,1
2011-05-15,2010-11,Ath Madrid,Hercules,2,1
2011-05-15,2010-11,Barcelona,La Coruna,0,0
2011-05-15,2010-11,Getafe,Osasuna,2,0
2011-05-15,2010-11,Sevilla,Sociedad,3,1
2011-05-15,2010-11,Sp Gijon,Santander,2,1
2011-05-15,2010-11,Valencia,Levante,0,0
2011-05-15,2010-11,Villarreal,Real Madrid,1,3
2011-05-15,2010-11,Zaragoza,Espanol,1,0
2011-05-21,2010-11,Espanol,Sevilla,2,3
2011-05-21,2010-11,Hercules,Sp Gijon,0,0
2011-05-21,2010-11,La Coruna,Valencia,0,2
2011-05-21,2010-11,Levante,Zaragoza,1,2
2011-05-21,2010-11,Malaga,Barcelona,1,3
2011-05-21,2010-11,Mallorca,Ath Madrid,3,4
2011-05-21,2010-11,Osasuna,Villarreal,1,0
2011-05-21,2010-11,Real Madrid,Almeria,8,1
2011-05-21,2010-11,Santander,Ath Bilbao,1,2
2011-05-21,2010-11,Sociedad,Getafe,1,1
2011-08-27,2011-12,Granada,Betis,0,1
2011-08-27,2011-12,Sp Gijon,Sociedad,1,2
2011-08-27,2011-12,Valencia,Santander,4,3
2011-08-28,2011-12,Ath Bilbao,Vallecano,1,1
2011-08-28,2011-12,Ath Madrid,Osasuna,0,0
2011-08-28,2011-12,Getafe,Levante,1,1
2011-08-28,2011-12,Mallorca,Espanol,1,0
2011-08-28,2011-12,Sevilla,Malaga,2,1
2011-08-28,2011-12,Zaragoza,Real Madrid,0,6
2011-08-29,2011-12,Barcelona,Villarreal,5,0
2011-09-10,2011-12,Real Madrid,Getafe,4,2
2011-09-10,2011-12,Sociedad,Barcelona,2,2
2011-09-10,2011-12,Valencia,Ath Madrid,1,0
2011-09-10,2011-12,Villarreal,Sevilla,2,2
2011-09-11,2011-12,Betis,Mallorca,1,0
2011-09-11,2011-12,Espanol,Ath Bilbao,2,1
2011-09-11,2011-12,Osasuna,Sp Gijon,2,1
2011-09-11,2011-12,Santander,Levante,0,0
2011-09-11,2011-12,Vallecano,Zaragoza,0,0
2011-09-12,2011-12,Malaga,Granada,4,0
2011-09-17,2011-12,Barcelona,Osasuna,8,0
2011-09-17,2011-12,Granada,Villarreal,1,0
2011-09-17,2011-12,Mallorca,Malaga,0,1
2011-09-17,2011-12,Sevilla,Sociedad,1,0
2011-09-17,2011-12,Sp Gijon,Valencia,0,1
2011-09-18,2011-12,Ath Bilbao,Betis,2,3
2011-09-18,2011-12,Ath Madrid,Santander,4,0
2011-09-18,2011-12,Getafe,Vallecano,0,1
2011-09-18,2011-12,Levante,Real Madrid,1,0
2011-09-18,2011-12,Zaragoza,Espanol,2,1
2011-09-20,2011-12,Osasuna,Sevilla,0,0
2011-09-20,2011-12,Sociedad,Granada,1,0
2011-09-20,2011-12,Villarreal,Mallorca,2,0
2011-09-21,2011-12,Ath Madrid,Sp Gijon,4,0
2011-09-21,2011-12,Malaga,Ath Bilbao,1,0
2011-09-21,2011-12,Santander,Real Madrid,0,0
2011-09-21,2011-12,Valencia,Barcelona,2,2
2011-09-21,2011-12,Vallecano,Levante,1,2
2011-09-22,2011-12,Betis,Zaragoza,4,3
2011-09-22,2011-12,Espanol,Getafe,1,0
2011-09-24,2011-12,Ath Bilbao,Villarreal,1,1
2011-09-24,2011-12,Barcelona,Ath Madrid,5,0
2011-09-24,2011-12,Real Madrid,Vallecano,6,2
2011-09-24,2011-12,Sevilla,Valencia,1,0
2011-09-25,2011-12,Granada,Osasuna,1,1
2011-09-25,2011-12,Levante,Espanol,3,1
2011-09-25,2011-12,Mallorca,Sociedad,2,1
2011-09-25,2011-12,Sp Gijon,Santander,0,0
2011-09-25,2011-12,Zaragoza,Malaga,0,0
2011-09-26,2011-12,Getafe,Betis,1,0
2011-10-01,2011-12,Malaga,Getafe,3,2
2011-10-01,2011-12,Osasuna,Mallorca,2,2
2011-10-01,2011-12,Santander,Vallecano,1,1
2011-10-01,2011-12,Valencia,Granada,1,0
2011-10-01,2011-12,Villarreal,Zaragoza,2,2
2011-10-02,2011-12,Ath Madrid,Sevilla,0,0
2011-10-02,2011-12,Betis,Levante,0,1
2011-10-02,2011-12,Espanol,Real Madrid,0,4
2011-10-02,2011-12,Sociedad,Ath Bilbao,1,2
2011-10-02,2011-12,Sp Gijon,Barcelona,0,1
2011-10-15,2011-12,Barcelona,Santander,3,0
2011-10-15,2011-12,Getafe,Villarreal,0,0
2011-10-15,2011-12,Granada,Ath Madrid,0,0
2011-10-15,2011-12,Mallorca,Valencia,1,1
2011-10-15,2011-12,Real Madrid,Betis,4,1
2011-10-16,2011-12,Levante,Malaga,3,0
2011-10-16,2011-12,Sevilla,Sp Gijon,2,1
2011-10-16,2011-12,Vallecano,Espanol,0,1
2011-10-16,2011-12,Zaragoza,Sociedad,2,0
2011-10-17,2011-12,Ath Bilbao,Osasuna,3,1
2011-10-22,2011-12,Barcelona,Sevilla,0,0
2011-10-22,2011-12,Malaga,Real Madrid,0,4
2011-10-22,2011-12,Santander,Espanol,0,1
2011-10-22,2011-12,Sp Gijon,Granada,2,0
2011-10-23,2011-12,Ath Madrid,Mallorca,1,1
2011-10-23,2011-12,Betis,Vallecano,0,2
2011-10-23,2011-12,Osasuna,Zaragoza,3,0
2011-10-23,2011-12,Sociedad,Getafe,0,0
2011-10-23,2011-12,Valencia,Ath Bilbao,1,1
2011-10-23,2011-12,Villarreal,Levante,0,3
2011-10-25,2011-12,Granada,Barcelona,0,1
2011-10-25,2011-12,Sevilla,Santander,2,2
2011-10-26,2011-12,Getafe,Osasuna,2,2
2011-10-26,2011-12,Levante,Sociedad,3,2
2011-10-26,2011-12,Mallorca,Sp Gijon,1,2
2011-10-26,2011-12,Real Madrid,Villarreal,3,0
2011-10-26,2011-12,Vallecano,Malaga,2,0
2011-10-26,2011-12,Zaragoza,Valencia,0,1
2011-10-27,2011-12,Ath Bilbao,Ath Madrid,3,0
2011-10-27,2011-12,Espanol,Betis,1,0
2011-10-29,2011-12,Barcelona,Mallorca,5,0
2011-10-29,2011-12,Sociedad,Real Madrid,0,1
2011-10-29,2011-12,Valencia,Getafe,3,1
2011-10-29,2011-12,Villarreal,Vallecano,2,0
2011-10-30,2011-12,Ath Madrid,Zaragoza,3,1
2011-10-30,2011-12,Malaga,Espanol,2,1
2011-10-30,2011-12,Osasuna,Levante,2,0
2011-10-30,2011-12,Santander,Betis,1,0
2011-10-30,2011-12,Sp Gijon,Ath Bilbao,1,1
2011-10-31,2011-12,Sevilla,Granada,1,2
2011-11-05,2011-12,Betis,Malaga,0,0
2011-11-05,2011-12,Levante,Valencia,0,2
2011-11-05,2011-12,Mallorca,Sevilla,0,0
2011-11-06,2011-12,Ath Bilbao,Barcelona,2,2
2011-11-06,2011-12,Espanol,Villarreal,0,0
2011-11-06,2011-12,Getafe,Ath Madrid,3,2
2011-11-06,2011-12,Granada,Santander,0,0
2011-11-06,2011-12,Real Madrid,Osasuna,7,1
2011-11-06,2011-12,Vallecano,Sociedad,4,0
2011-11-06,2011-12,Zaragoza,Sp Gijon,2,2
2011-11-19,2011-12,Barcelona,Zaragoza,4,0
2011-11-19,2011-12,Valencia,Real Madrid,2,3
2011-11-19,2011-12,Villarreal,Betis,1,0
2011-11-20,2011-12,Ath Madrid,Levante,3,2
2011-11-20,2011-12,Osasuna,Vallecano,0,0
2011-11-20,2011-12,Sevilla,Ath Bilbao,1,2
2011-11-20,2011-12,Sociedad,Espanol,0,0
2011-11-20,2011-12,Sp Gijon,Getafe,2,1
2011-11-21,2011-12,Santander,Malaga,1,3
2011-11-26,2011-12,Getafe,Barcelona,1,0
2011-11-26,2011-12,Real Madrid,Ath Madrid,4,1
2011-11-26,2011-12,Vallecano,Valencia,1,2
2011-11-27,2011-12,Ath Bilbao,Granada,0,1
2011-11-27,2011-12,Betis,Sociedad,2,3
2011-11-27,2011-12,Espanol,Osasuna,1,2
2011-11-27,2011-12,Levante,Sp Gijon,4,0
2011-11-27,2011-12,Mallorca,Santander,2,1
2011-11-27,2011-12,Zaragoza,Sevilla,0,1
2011-11-28,2011-12,Malaga,Villarreal,2,1
2011-11-29,2011-12,Barcelona,Vallecano,4,0
2011-12-03,2011-12,Barcelona,Levante,5,0
2011-12-03,2011-12,Santander,Villarreal,1,0
2011-12-03,2011-12,Sp Gijon,Real Madrid,0,3
2011-12-03,2011-12,Valencia,Espanol,2,1
2011-12-04,2011-12,Ath Madrid,Vallecano,3,1
2011-12-04,2011-12,Granada,Zaragoza,1,0
2011-12-04,2011-12,Mallorca,Ath Bilbao,1,1
2011-12-04,2011-12,Osasuna,Betis,2,1
2011-12-04,2011-12,Sociedad,Malaga,3,2
2011-12-05,2011-12,Sevilla,Getafe,3,0
2011-12-07,2011-12,Granada,Mallorca,2,2
2011-12-10,2011-12,Betis,Valencia,2,1
2011-12-10,2011-12,Levante,Sevilla,1,0
2011-12-10,2011-12,Real Madrid,Barcelona,1,3
2011-12-11,2011-12,Ath Bilbao,Santander,1,1
2011-12-11,2011-12,Espanol,Ath Madrid,4,2
2011-12-11,2011-12,Getafe,Granada,1,0
2011-12-11,2011-12,Malaga,Osasuna,1,1
2011-12-11,2011-12,Vallecano,Sp Gijon,1,3
2011-12-11,2011-12,Villarreal,Sociedad,1,1
2011-12-11,2011-12,Zaragoza,Mallorca,0,1
2011-12-17,2011-12,Ath Bilbao,Zaragoza,2,1
2011-12-17,2011-12,Mallorca,Getafe,1,2
2011-12-17,2011-12,Sevilla,Real Madrid,2,6
2011-12-17,2011-12,Sp Gijon,Espanol,1,2
2011-12-18,2011-12,Ath Madrid,Betis,0,2
2011-12-18,2011-12,Granada,Levante,2,1
2011-12-18,2011-12,Osasuna,Villarreal,2,1
2011-12-18,2011-12,Santander,Sociedad,0,0
2011-12-18,2011-12,Valencia,Malaga,2,0
2012-01-07,2011-12,Levante,Mallorca,0,0
2012-01-07,2011-12,Malaga,Ath Madrid,0,0
2012-01-07,2011-12,Real Madrid,Granada,5,1
2012-01-07,2011-12,Santander,Zaragoza,1,0
2012-01-07,2011-12,Sociedad,Osasuna,0,0
2012-01-08,2011-12,Betis,Sp Gijon,2,0
2012-01-08,2011-12,Espanol,Barcelona,1,1
2012-01-08,2011-12,Getafe,Ath Bilbao,0,0
2012-01-08,2011-12,Vallecano,Sevilla,2,1
2012-01-08,2011-12,Villarreal,Valencia,2,2
2012-01-14,2011-12,Granada,Vallecano,1,2
2012-01-14,2011-12,Mallorca,Real Madrid,1,2
2012-01-14,2011-12,Sevilla,Espanol,0,0
2012-01-14,2011-12,Valencia,Sociedad,0,1
2012-01-14,2011-12,Zaragoza,Getafe,1,1
2012-01-15,2011-12,Ath Bilbao,Levante,3,0
2012-01-15,2011-12,Ath Madrid,Villarreal,3,0
2012-01-15,2011-12,Barcelona,Betis,4,2
2012-01-15,2011-12,Osasuna,Santander,0,2
2012-01-15,2011-12,Sp Gijon,Malaga,2,1
2012-01-21,2011-12,Betis,Sevilla,1,1
2012-01-21,2011-12,Espanol,Granada,3,0
2012-01-21,2011-12,Santander,Getafe,1,2
2012-01-21,2011-12,Sociedad,Ath Madrid,0,4
2012-01-22,2011-12,Levante,Zaragoza,0,0
2012-01-22,2011-12,Malaga,Barcelona,1,4
2012-01-22,2011-12,Osasuna,Valencia,1,1
2012-01-22,2011-12,Real Madrid,Ath Bilbao,4,1
2012-01-22,2011-12,Vallecano,Mallorca,0,1
2012-01-23,2011-12,Villarreal,Sp Gijon,3,0
2012-01-28,2011-12,Espanol,Mallorca,1,0
2012-01-28,2011-12,Real Madrid,Zaragoza,3,1
2012-01-28,2011-12,Vallecano,Ath Bilbao,2,3
2012-01-28,2011-12,Villarreal,Barcelona,0,0
2012-01-29,2011-12,Betis,Granada,1,2
2012-01-29,2011-12,Levante,Getafe,1,2
2012-01-29,2011-12,Malaga,Sevilla,2,1
2012-01-29,2011-12,Santander,Valencia,2,2
2012-01-29,2011-12,Sociedad,Sp Gijon,5,1
2012-01-30,2011-12,Osasuna,Ath Madrid,0,1
2012-02-04,2011-12,Ath Bilbao,Espanol,3,3
2012-02-04,2011-12,Barcelona,Sociedad,2,1
2012-02-04,2011-12,Getafe,Real Madrid,0,1
2012-02-04,2011-12,Levante,Santander,1,1
2012-02-04,2011-12,Mallorca,Betis,1,0
2012-02-05,2011-12,Ath Madrid,Valencia,0,0
2012-02-05,2011-12,Sevilla,Villarreal,1,2
2012-02-05,2011-12,Sp Gijon,Osasuna,1,1
2012-02-05,2011-12,Zaragoza,Vallecano,1,2
2012-02-06,2011-12,Granada,Malaga,2,1
2012-02-11,2011-12,Betis,Ath Bilbao,2,1
2012-02-11,2011-12,Osasuna,Barcelona,3,2
2012-02-11,2011-12,Santander,Ath Madrid,0,0
2012-02-12,2011-12,Espanol,Zaragoza,0,2
2012-02-12,2011-12,Malaga,Mallorca,3,1
2012-02-12,2011-12,Real Madrid,Levante,4,2
2012-02-12,2011-12,Valencia,Sp Gijon,4,0
2012-02-12,2011-12,Vallecano,Getafe,2,0
2012-02-12,2011-12,Villarreal,Granada,3,1
2012-02-13,2011-12,Sociedad,Sevilla,2,0
2012-02-18,2011-12,Getafe,Espanol,1,1
2012-02-18,2011-12,Real Madrid,Santander,4,0
2012-02-18,2011-12,Sevilla,Osasuna,2,0
2012-02-19,2011-12,Ath Bilbao,Malaga,3,0
2012-02-19,2011-12,Barcelona,Valencia,5,1
2012-02-19,2011-12,Granada,Sociedad,4,1
2012-02-19,2011-12,Levante,Vallecano,3,5
2012-02-19,2011-12,Mallorca,Villarreal,4,0
2012-02-19,2011-12,Sp Gijon,Ath Madrid,1,1
2012-02-20,2011-12,Zaragoza,Betis,0,2
2012-02-25,2011-12,Betis,Getafe,1,1
2012-02-25,2011-12,Espanol,Levante,1,2
2012-02-25,2011-12,Malaga,Zaragoza,5,1
2012-02-25,2011-12,Santander,Sp Gijon,1,1
2012-02-26,2011-12,Ath Madrid,Barcelona,1,2
2012-02-26,2011-12,Osasuna,Granada,2,1
2012-02-26,2011-12,Sociedad,Mallorca,1,0
2012-02-26,2011-12,Valencia,Sevilla,1,2
2012-02-26,2011-12,Vallecano,Real Madrid,0,1
2012-02-26,2011-12,Villarreal,Ath Bilbao,2,2
2012-03-03,2011-12,Barcelona,Sp Gijon,3,1
2012-03-03,2011-12,Getafe,Malaga,1,3
2012-03-03,2011-12,Mallorca,Osasuna,1,1
2012-03-03,2011-12,Sevilla,Ath Madrid,1,1
2012-03-03,2011-12,Vallecano,Santander,4,2
2012-03-04,2011-12,Ath Bilbao,Sociedad,2,0
2012-03-04,2011-12,Granada,Valencia,0,1
2012-03-04,2011-12,Real Madrid,Espanol,5,0
2012-03-04,2011-12,Zaragoza,Villarreal,2,1
2012-03-05,2011-12,Levante,Betis,3,1
2012-03-10,2011-12,Betis,Real Madrid,2,3
2012-03-10,2011-12,Malaga,Levante,1,0
2012-03-10,2011-12,Sociedad,Zaragoza,3,0
2012-03-10,2011-12,Sp Gijon,Sevilla,1,0
2012-03-11,2011-12,Ath Madrid,Granada,2,0
2012-03-11,2011-12,Espanol,Vallecano,5,1
2012-03-11,2011-12,Osasuna,Ath Bilbao,2,1
2012-03-11,2011-12,Santander,Barcelona,0,2
2012-03-11,2011-12,Valencia,Mallorca,2,2
2012-03-12,2011-12,Villarreal,Getafe,1,2
2012-03-17,2011-12,Getafe,Sociedad,1,0
2012-03-17,2011-12,Granada,Sp Gijon,2,1
2012-03-17,2011-12,Sevilla,Barcelona,0,2
2012-03-17,2011-12,Vallecano,Betis,3,0
2012-03-17,2011-12,Zaragoza,Osasuna,1,1
2012-03-18,2011-12,Ath Bilbao,Valencia,0,3
2012-03-18,2011-12,Levante,Villarreal,1,0
2012-03-18,2011-12,Mallorca,Ath Madrid,2,1
2012-03-18,2011-12,Real Madrid,Malaga,1,1
2012-03-19,2011-12,Espanol,Santander,3,1
2012-03-20,2011-12,Barcelona,Granada,5,3
2012-03-20,2011-12,Osasuna,Getafe,0,0
2012-03-21,2011-12,Ath Madrid,Ath Bilbao,2,1
2012-03-21,2011-12,Sociedad,Levante,1,3
2012-03-21,2011-12,Sp Gijon,Mallorca,2,3
2012-03-21,2011-12,Valencia,Zaragoza,1,2
2012-03-21,2011-12,Villarreal,Real Madrid,1,1
2012-03-22,2011-12,Betis,Espanol,1,1
2012-03-22,2011-12,Malaga,Vallecano,4,2
2012-03-22,2011-12,Santander,Sevilla,0,3
2012-03-24,2011-12,Getafe,Valencia,3,1
2012-03-24,2011-12,Mallorca,Barcelona,0,2
2012-03-24,2011-12,Real Madrid,Sociedad,5,1
2012-03-25,2011-12,Ath Bilbao,Sp Gijon,1,1
2012-03-25,2011-12,Betis,Santander,1,1
2012-03-25,2011-12,Espanol,Malaga,1,2
2012-03-25,2011-12,Levante,Osasuna,0,2
2012-03-25,2011-12,Vallecano,Villarreal,0,2
2012-03-25,2011-12,Zaragoza,Ath Madrid,1,0
2012-03-26,2011-12,Granada,Sevilla,0,3
2012-03-31,2011-12,Barcelona,Ath Bilbao,2,0
2012-03-31,2011-12,Malaga,Betis,0,2
2012-03-31,2011-12,Osasuna,Real Madrid,1,5
2012-03-31,2011-12,Santander,Granada,0,1
2012-03-31,2011-12,Sp Gijon,Zaragoza,1,2
2012-04-01,2011-12,Ath Madrid,Getafe,3,0
2012-04-01,2011-12,Sociedad,Vallecano,4,0
2012-04-01,2011-12,Valencia,Levante,1,1
2012-04-01,2011-12,Villarreal,Espanol,0,0
2012-04-02,2011-12,Sevilla,Mallorca,3,1
2012-04-07,2011-12,Betis,Villarreal,3,1
2012-04-07,2011-12,Espanol,Sociedad,2,2
2012-04-07,2011-12,Getafe,Sp Gijon,2,0
2012-04-07,2011-12,Vallecano,Osasuna,6,0
2012-04-07,2011-12,Zaragoza,Barcelona,1,4
2012-04-08,2011-12,Ath Bilbao,Sevilla,1,0
2012-04-08,2011-12,Levante,Ath Madrid,2,0
2012-04-08,2011-12,Mallorca,Granada,0,0
2012-04-08,2011-12,Real Madrid,Valencia,0,0
2012-04-09,2011-12,Malaga,Santander,3,0
2012-04-10,2011-12,Barcelona,Getafe,4,0
2012-04-10,2011-12,Osasuna,Espanol,2,0
2012-04-10,2011-12,Sociedad,Betis,1,1
2012-04-11,2011-12,Ath Madrid,Real Madrid,1,4
2012-04-11,2011-12,Granada,Ath Bilbao,2,2
2012-04-11,2011-12,Sp Gijon,Levante,3,2
2012-04-11,2011-12,Valencia,Vallecano,4,1
2012-04-12,2011-12,Santander,Mallorca,0,3
2012-04-12,2011-12,Sevilla,Zaragoza,3,0
2012-04-12,2011-12,Villarreal,Malaga,2,1
2012-04-14,2011-12,Levante,Barcelona,1,2
2012-04-14,2011-12,Real Madrid,Sp Gijon,3,1
2012-04-15,2011-12,Ath Bilbao,Mallorca,1,0
2012-04-15,2011-12,Betis,Osasuna,1,0
2012-04-15,2011-12,Espanol,Valencia,4,0
2012-04-15,2011-12,Malaga,Sociedad,1,1
2012-04-15,2011-12,Vallecano,Ath Madrid,0,1
2012-04-15,2011-12,Villarreal,Santander,1,1
2012-04-15,2011-12,Zaragoza,Granada,1,0
2012-04-16,2011-12,Getafe,Sevilla,5,1
2012-04-21,2011-12,Barcelona,Real Madrid,1,2
2012-04-21,2011-12,Mallorca,Zaragoza,1,0
2012-04-21,2011-12,Sevilla,Levante,1,1
2012-04-21,2011-12,Sp Gijon,Vallecano,2,1
2012-04-22,2011-12,Ath Madrid,Espanol,3,1
2012-04-22,2011-12,Granada,Getafe,1,0
2012-04-22,2011-12,Santander,Ath Bilbao,0,1
2012-04-22,2011-12,Sociedad,Villarreal,1,1
2012-04-22,2011-12,Valencia,Betis,4,0
2012-04-23,2011-12,Osasuna,Malaga,1,1
2012-04-28,2011-12,Espanol,Sp Gijon,0,3
2012-04-28,2011-12,Getafe,Mallorca,1,3
2012-04-28,2011-12,Levante,Granada,3,1
2012-04-28,2011-12,Sociedad,Santander,3,0
2012-04-28,2011-12,Villarreal,Osasuna,1,1
2012-04-29,2011-12,Betis,Ath Madrid,2,2
2012-04-29,2011-12,Malaga,Valencia,1,0
2012-04-29,2011-12,Real Madrid,Sevilla,3,0
2012-04-29,2011-12,Vallecano,Barcelona,0,7
2012-04-29,2011-12,Zaragoza,Ath Bilbao,2,0
2012-05-01,2011-12,Getafe,Santander,1,1
2012-05-01,2011-12,Granada,Espanol,2,1
2012-05-01,2011-12,Sp Gijon,Villarreal,2,3
2012-05-02,2011-12,Ath Bilbao,Real Madrid,0,3
2012-05-02,2011-12,Ath Madrid,Sociedad,1,1
2012-05-02,2011-12,Barcelona,Malaga,4,1
2012-05-02,2011-12,Mallorca,Vallecano,1,0
2012-05-02,2011-12,Sevilla,Betis,1,2
2012-05-02,2011-12,Valencia,Osasuna,4,0
2012-05-02,2011-12,Zaragoza,Levante,1,0
2012-05-05,2011-12,Ath Bilbao,Getafe,0,0
2012-05-05,2011-12,Ath Madrid,Malaga,2,1
2012-05-05,2011-12,Barcelona,Espanol,4,0
2012-05-05,2011-12,Granada,Real Madrid,1,2
2012-05-05,2011-12,Mallorca,Levante,1,0
2012-05-05,2011-12,Osasuna,Sociedad,1,0
2012-05-05,2011-12,Sevilla,Vallecano,5,2
2012-05-05,2011-12,Sp Gijon,Betis,2,1
2012-05-05,2011-12,Valencia,Villarreal,1,0
2012-05-05,2011-12,Zaragoza,Santander,2,1
2012-05-12,2011-12,Betis,Barcelona,2,2
2012-05-12,2011-12,Sociedad,Valencia,1,0
2012-05-13,2011-12,Espanol,Sevilla,1,1
2012-05-13,2011-12,Getafe,Zaragoza,0,2
2012-05-13,2011-12,Levante,Ath Bilbao,3,0
2012-05-13,2011-12,Malaga,Sp Gijon,1,0
2012-05-13,2011-12,Real Madrid,Mallorca,4,1
2012-05-13,2011-12,Santander,Osasuna,2,4
2012-05-13,2011-12,Vallecano,Granada,1,0
2012-05-13,2011-12,Villarreal,Ath Madrid,0,1
2012-08-18,2012-13,Celta,Malaga,0,1
2012-08-18,2012-13,Mallorca,Espanol,2,1
2012-08-18,2012-13,Sevilla,Getafe,2,1
2012-08-19,2012-13,Ath Bilbao,Betis,3,5
2012-08-19,2012-13,Barcelona,Sociedad,5,1
2012-08-19,2012-13,Levante,Ath Madrid,1,1
2012-08-19,2012-13,Real Madrid,Valencia,1,1
2012-08-20,2012-13,La Coruna,Osasuna,2,0
2012-08-20,2012-13,Vallecano,Granada,1,0
2012-08-20,2012-13,Zaragoza,Valladolid,0,1
2012-08-25,2012-13,Betis,Vallecano,1,2
2012-08-25,2012-13,Espanol,Zaragoza,1,2
2012-08-25,2012-13,Malaga,Mallorca,1,1
2012-08-25,2012-13,Sociedad,Celta,2,1
2012-08-26,2012-13,Getafe,Real Madrid,2,1
2012-08-26,2012-13,Granada,Sevilla,1,1
2012-08-26,2012-13,Osasuna,Barcelona,1,2
2012-08-26,2012-13,Valencia,La Coruna,3,3
2012-08-27,2012-13,Ath Madrid,Ath Bilbao,4,0
2012-08-27,2012-13,Valladolid,Levante,2,0
2012-09-01,2012-13,Celta,Osasuna,2,0
2012-09-01,2012-13,La Coruna,Getafe,1,1
2012-09-01,2012-13,Mallorca,Sociedad,1,0
2012-09-01,2012-13,Zaragoza,Malaga,0,1
2012-09-02,2012-13,Ath Bilbao,Valladolid,2,0
2012-09-02,2012-13,Barcelona,Valencia,1,0
2012-09-02,2012-13,Levante,Espanol,3,2
2012-09-02,2012-13,Real Madrid,Granada,3,0
2012-09-02,2012-13,Vallecano,Sevilla,0,0
2012-09-15,2012-13,Getafe,Barcelona,1,4
2012-09-15,2012-13,Malaga,Levante,3,1
2012-09-15,2012-13,Sevilla,Real Madrid,1,0
2012-09-15,2012-13,Valencia,Celta,2,1
2012-09-16,2012-13,Ath Madrid,Vallecano,4,3
2012-09-16,2012-13,Espanol,Ath Bilbao,3,3
2012-09-16,2012-13,Granada,La Coruna,1,1
2012-09-16,2012-13,Osasuna,Mallorca,1,1
2012-09-16,2012-13,Sociedad,Zaragoza,2,0
2012-09-17,2012-13,Valladolid,Betis,0,1
2012-09-22,2012-13,Barcelona,Granada,2,0
2012-09-22,2012-13,Betis,Espanol,1,0
2012-09-22,2012-13,Celta,Getafe,2,1
2012-09-22,2012-13,Zaragoza,Osasuna,3,1
2012-09-23,2012-13,Ath Bilbao,Malaga,0,0
2012-09-23,2012-13,Ath Madrid,Valladolid,2,1
2012-09-23,2012-13,Levante,Sociedad,2,1
2012-09-23,2012-13,Mallorca,Valencia,2,0
2012-09-24,2012-13,La Coruna,Sevilla,0,2
2012-09-24,2012-13,Vallecano,Real Madrid,0,2
2012-09-26,2012-13,Betis,Ath Madrid,2,4
2012-09-29,2012-13,Malaga,Betis,4,0
2012-09-29,2012-13,Sevilla,Barcelona,2,3
2012-09-29,2012-13,Sociedad,Ath Bilbao,2,0
2012-09-29,2012-13,Valencia,Zaragoza,2,0
2012-09-30,2012-13,Espanol,Ath Madrid,0,1
2012-09-30,2012-13,Granada,Celta,2,1
2012-09-30,2012-13,Osasuna,Levante,4,0
2012-09-30,2012-13,Real Madrid,La Coruna,5,1
2012-09-30,2012-13,Valladolid,Vallecano,6,1
2012-10-01,2012-13,Getafe,Mallorca,1,0
2012-10-05,2012-13,Celta,Sevilla,2,0
2012-10-06,2012-13,Betis,Sociedad,2,0
2012-10-06,2012-13,Valladolid,Espanol,1,1
2012-10-06,2012-13,Vallecano,La Coruna,2,1
2012-10-06,2012-13,Zaragoza,Getafe,0,1
2012-10-07,2012-13,Ath Bilbao,Osasuna,1,0
2012-10-07,2012-13,Ath Madrid,Malaga,2,1
2012-10-07,2012-13,Barcelona,Real Madrid,2,2
2012-10-07,2012-13,Levante,Valencia,1,0
2012-10-07,2012-13,Mallorca,Granada,1,2
2012-10-20,2012-13,La Coruna,Barcelona,4,5
2012-10-20,2012-13,Malaga,Valladolid,2,1
2012-10-20,2012-13,Real Madrid,Celta,2,0
2012-10-20,2012-13,Valencia,Ath Bilbao,3,2
2012-10-21,2012-13,Espanol,Vallecano,3,2
2012-10-21,2012-13,Getafe,Levante,0,1
2012-10-21,2012-13,Granada,Zaragoza,1,2
2012-10-21,2012-13,Osasuna,Betis,0,0
2012-10-21,2012-13,Sociedad,Ath Madrid,0,1
2012-10-22,2012-13,Sevilla,Mallorca,3,2
2012-10-27,2012-13,Betis,Valencia,1,0
2012-10-27,2012-13,Celta,La Coruna,1,1
2012-10-27,2012-13,Espanol,Malaga,0,0
2012-10-27,2012-13,Vallecano,Barcelona,0,5
2012-10-28,2012-13,Ath Bilbao,Getafe,1,2
2012-10-28,2012-13,Ath Madrid,Osasuna,3,1
2012-10-28,2012-13,Levante,Granada,3,1
2012-10-28,2012-13,Mallorca,Real Madrid,0,5
2012-10-28,2012-13,Zaragoza,Sevilla,2,1
2012-10-29,2012-13,Valladolid,Sociedad,2,2
2012-11-03,2012-13,Barcelona,Celta,3,1
2012-11-03,2012-13,Malaga,Vallecano,1,2
2012-11-03,2012-13,Real Madrid,Zaragoza,4,0
2012-11-03,2012-13,Valencia,Ath Madrid,2,0
2012-11-04,2012-13,Granada,Ath Bilbao,1,2
2012-11-04,2012-13,La Coruna,Mallorca,1,0
2012-11-04,2012-13,Osasuna,Valladolid,0,1
2012-11-04,2012-13,Sevilla,Levante,0,0
2012-11-04,2012-13,Sociedad,Espanol,0,1
2012-11-05,2012-13,Getafe,Betis,2,4
2012-11-09,2012-13,Betis,Granada,1,2
2012-11-10,2012-13,Espanol,Osasuna,0,3
2012-11-10,2012-13,Malaga,Sociedad,1,2
2012-11-10,2012-13,Vallecano,Celta,3,2
2012-11-10,2012-13,Zaragoza,La Coruna,5,3
2012-11-11,2012-13,Ath Bilbao,Sevilla,2,1
2012-11-11,2012-13,Ath Madrid,Getafe,2,0
2012-11-11,2012-13,Levante,Real Madrid,1,2
2012-11-11,2012-13,Mallorca,Barcelona,2,4
2012-11-11,2012-13,Valladolid,Valencia,1,1
2012-11-17,2012-13,Barcelona,Zaragoza,3,1
2012-11-17,2012-13,Osasuna,Malaga,0,0
2012-11-17,2012-13,Real Madrid,Ath Bilbao,5,1
2012-11-17,2012-13,Valencia,Espanol,2,1
2012-11-18,2012-13,Celta,Mallorca,1,1
2012-11-18,2012-13,Getafe,Valladolid,2,1
2012-11-18,2012-13,Granada,Ath Madrid,0,1
2012-11-18,2012-13,La Coruna,Levante,0,2
2012-11-18,2012-13,Sevilla,Betis,5,1
2012-11-19,2012-13,Sociedad,Vallecano,4,0
2012-11-23,2012-13,Sociedad,Osasuna,0,0
2012-11-24,2012-13,Betis,Real Madrid,1,0
2012-11-24,2012-13,Malaga,Valencia,4,0
2012-11-24,2012-13,Valladolid,Granada,1,0
2012-11-24,2012-13,Vallecano,Mallorca,2,0
2012-11-25,2012-13,Ath Bilbao,La Coruna,1,1
2012-11-25,2012-13,Ath Madrid,Sevilla,4,0
2012-11-25,2012-13,Espanol,Getafe,0,2
2012-11-25,2012-13,Levante,Barcelona,0,4
2012-11-26,2012-13,Zaragoza,Celta,0,1
2012-11-30,2012-13,Osasuna,Vallecano,1,0
2012-12-01,2012-13,Barcelona,Ath Bilbao,5,1
2012-12-01,2012-13,Getafe,Malaga,1,0
2012-12-01,2012-13,Real Madrid,Ath Madrid,2,0
2012-12-01,2012-13,Valencia,Sociedad,2,5
2012-12-02,2012-13,Celta,Levante,1,1
2012-12-02,2012-13,Granada,Espanol,0,0
2012-12-02,2012-13,La Coruna,Betis,2,3
2012-12-02,2012-13,Mallorca,Zaragoza,1,1
2012-12-03,2012-13,Sevilla,Valladolid,1,2
2012-12-07,2012-13,Espanol,Sevilla,2,2
2012-12-08,2012-13,Malaga,Granada,4,0
2012-12-08,2012-13,Osasuna,Valencia,0,1
2012-12-08,2012-13,Sociedad,Getafe,1,1
2012-12-08,2012-13,Valladolid,Real Madrid,2,3
2012-12-09,2012-13,Ath Bilbao,Celta,1,0
2012-12-09,2012-13,Ath Madrid,La Coruna,6,0
2012-12-09,2012-13,Betis,Barcelona,1,2
2012-12-09,2012-13,Levante,Mallorca,4,0
2012-12-10,2012-13,Vallecano,Zaragoza,0,2
2012-12-15,2012-13,Getafe,Osasuna,1,1
2012-12-15,2012-13,Granada,Sociedad,0,0
2012-12-15,2012-13,Mallorca,Ath Bilbao,0,1
2012-12-15,2012-13,Sevilla,Malaga,0,2
2012-12-16,2012-13,Barcelona,Ath Madrid,4,1
2012-12-16,2012-13,Real Madrid,Espanol,2,2
2012-12-16,2012-13,Valencia,Vallecano,0,1
2012-12-16,2012-13,Zaragoza,Levante,0,1
2012-12-17,2012-13,Celta,Betis,0,1
2012-12-17,2012-13,La Coruna,Valladolid,0,0
2012-12-20,2012-13,Espanol,La Coruna,2,0
2012-12-20,2012-13,Sociedad,Sevilla,2,1
2012-12-20,2012-13,Vallecano,Levante,3,0
2012-12-21,2012-13,Ath Madrid,Celta,1,0
2012-12-21,2012-13,Valencia,Getafe,4,2
2012-12-22,2012-13,Ath Bilbao,Zaragoza,0,2
2012-12-22,2012-13,Betis,Mallorca,1,2
2012-12-22,2012-13,Malaga,Real Madrid,3,2
2012-12-22,2012-13,Osasuna,Granada,1,2
2012-12-22,2012-13,Valladolid,Barcelona,1,3
2013-01-04,2012-13,Zaragoza,Betis,1,2
2013-01-05,2012-13,Granada,Valencia,1,2
2013-01-05,2012-13,La Coruna,Malaga,1,0
2013-01-05,2012-13,Levante,Ath Bilbao,3,1
2013-01-05,2012-13,Sevilla,Osasuna,1,0
2013-01-06,2012-13,Barcelona,Espanol,4,0
2013-01-06,2012-13,Celta,Valladolid,3,1
2013-01-06,2012-13,Mallorca,Ath Madrid,1,1
2013-01-06,2012-13,Real Madrid,Sociedad,4,3
2013-01-07,2012-13,Vallecano,Getafe,3,1
2013-01-11,2012-13,Ath Bilbao,Vallecano,1,2
2013-01-12,2012-13,Espanol,Celta,1,0
2013-01-12,2012-13,Osasuna,Real Madrid,0,0
2013-01-12,2012-13,Valencia,Sevilla,2,0
2013-01-12,2012-13,Valladolid,Mallorca,3,1
2013-01-13,2012-13,Ath Madrid,Zaragoza,2,0
2013-01-13,2012-13,Betis,Levante,2,0
2013-01-13,2012-13,Malaga,Barcelona,1,3
2013-01-13,2012-13,Sociedad,La Coruna,1,1
2013-01-14,2012-13,Getafe,Granada,2,2
2013-01-18,2012-13,Espanol,Mallorca,3,2
2013-01-19,2012-13,Getafe,Sevilla,1,1
2013-01-19,2012-13,Granada,Vallecano,2,0
2013-01-19,2012-13,Malaga,Celta,1,1
2013-01-19,2012-13,Sociedad,Barcelona,3,2
2013-01-20,2012-13,Ath Madrid,Levante,2,0
2013-01-20,2012-13,Osasuna,La Coruna,2,1
2013-01-20,2012-13,Valencia,Real Madrid,0,5
2013-01-20,2012-13,Valladolid,Zaragoza,2,0
2013-01-21,2012-13,Betis,Ath Bilbao,1,1
2013-01-26,2012-13,Celta,Sociedad,1,1
2013-01-26,2012-13,La Coruna,Valencia,2,3
2013-01-26,2012-13,Levante,Valladolid,2,1
2013-01-26,2012-13,Zaragoza,Espanol,0,0
2013-01-27,2012-13,Ath Bilbao,Ath Madrid,3,0
2013-01-27,2012-13,Barcelona,Osasuna,5,1
2013-01-27,2012-13,Mallorca,Malaga,2,3
2013-01-27,2012-13,Real Madrid,Getafe,4,0
2013-01-27,2012-13,Vallecano,Betis,3,0
2013-01-28,2012-13,Sevilla,Granada,3,0
2013-02-01,2012-13,Valladolid,Ath Bilbao,2,2
2013-02-02,2012-13,Espanol,Levante,3,2
2013-02-02,2012-13,Getafe,La Coruna,3,1
2013-02-02,2012-13,Granada,Real Madrid,1,0
2013-02-02,2012-13,Osasuna,Celta,1,0
2013-02-03,2012-13,Ath Madrid,Betis,1,0
2013-02-03,2012-13,Malaga,Zaragoza,1,1
2013-02-03,2012-13,Sevilla,Vallecano,2,1
2013-02-03,2012-13,Sociedad,Mallorca,3,0
2013-02-03,2012-13,Valencia,Barcelona,1,1
2013-02-09,2012-13,Celta,Valencia,0,1
2013-02-09,2012-13,La Coruna,Granada,0,3
2013-02-09,2012-13,Levante,Malaga,1,2
2013-02-09,2012-13,Mallorca,Osasuna,1,1
2013-02-09,2012-13,Real Madrid,Sevilla,4,1
2013-02-10,2012-13,Ath Bilbao,Espanol,0,4
2013-02-10,2012-13,Barcelona,Getafe,6,1
2013-02-10,2012-13,Vallecano,Ath Madrid,2,1
2013-02-10,2012-13,Zaragoza,Sociedad,1,2
2013-02-11,2012-13,Betis,Valladolid,0,0
2013-02-15,2012-13,Sevilla,La Coruna,3,1
2013-02-16,2012-13,Getafe,Celta,3,1
2013-02-16,2012-13,Granada,Barcelona,1,2
2013-02-16,2012-13,Malaga,Ath Bilbao,1,0
2013-02-16,2012-13,Osasuna,Zaragoza,1,0
2013-02-17,2012-13,Espanol,Betis,1,0
2013-02-17,2012-13,Real Madrid,Vallecano,2,0
2013-02-17,2012-13,Sociedad,Levante,1,1
2013-02-17,2012-13,Valencia,Mallorca,2,0
2013-02-17,2012-13,Valladolid,Ath Madrid,0,3
2013-02-22,2012-13,Ath Bilbao,Sociedad,1,3
2013-02-23,2012-13,Barcelona,Sevilla,2,1
2013-02-23,2012-13,La Coruna,Real Madrid,1,2
2013-02-23,2012-13,Mallorca,Getafe,1,3
2013-02-23,2012-13,Zaragoza,Valencia,2,2
2013-02-24,2012-13,Ath Madrid,Espanol,1,0
2013-02-24,2012-13,Betis,Malaga,3,0
2013-02-24,2012-13,Celta,Granada,2,1
2013-02-24,2012-13,Vallecano,Valladolid,1,2
2013-02-25,2012-13,Levante,Osasuna,0,2
2013-03-01,2012-13,Getafe,Zaragoza,2,0
2013-03-02,2012-13,La Coruna,Vallecano,0,0
2013-03-02,2012-13,Osasuna,Ath Bilbao,0,1
2013-03-02,2012-13,Real Madrid,Barcelona,2,1
2013-03-02,2012-13,Valencia,Levante,2,2
2013-03-03,2012-13,Espanol,Valladolid,0,0
2013-03-03,2012-13,Granada,Mallorca,1,2
2013-03-03,2012-13,Malaga,Ath Madrid,0,0
2013-03-03,2012-13,Sociedad,Betis,3,3
2013-03-04,2012-13,Sevilla,Celta,4,1
2013-03-08,2012-13,Betis,Osasuna,2,1
2013-03-09,2012-13,Barcelona,La Coruna,2,0
2013-03-09,2012-13,Mallorca,Sevilla,2,1
2013-03-09,2012-13,Valladolid,Malaga,1,1
2013-03-09,2012-13,Vallecano,Espanol,2,0
2013-03-10,2012-13,Ath Bilbao,Valencia,1,0
2013-03-10,2012-13,Ath Madrid,Sociedad,0,1
2013-03-10,2012-13,Celta,Real Madrid,1,2
2013-03-10,2012-13,Levante,Getafe,0,0
2013-03-11,2012-13,Zaragoza,Granada,0,0
2013-03-15,2012-13,La Coruna,Celta,3,1
2013-03-16,2012-13,Getafe,Ath Bilbao,1,0
2013-03-16,2012-13,Real Madrid,Mallorca,5,2
2013-03-16,2012-13,Sociedad,Valladolid,4,1
2013-03-16,2012-13,Valencia,Betis,3,0
2013-03-17,2012-13,Barcelona,Vallecano,3,1
2013-03-17,2012-13,Granada,Levante,1,1
2013-03-17,2012-13,Malaga,Espanol,0,2
2013-03-17,2012-13,Osasuna,Ath Madrid,0,2
2013-03-17,2012-13,Sevilla,Zaragoza,4,0
2013-03-30,2012-13,Celta,Barcelona,2,2
2013-03-30,2012-13,Levante,Sevilla,1,0
2013-03-30,2012-13,Vallecano,Malaga,1,3
2013-03-30,2012-13,Zaragoza,Real Madrid,1,1
2013-03-31,2012-13,Ath Madrid,Valencia,1,1
2013-03-31,2012-13,Espanol,Sociedad,2,2
2013-03-31,2012-13,Mallorca,La Coruna,2,3
2013-03-31,2012-13,Valladolid,Osasuna,1,3
2013-04-01,2012-13,Ath Bilbao,Granada,1,0
2013-04-01,2012-13,Betis,Getafe,0,0
2013-04-05,2012-13,Granada,Betis,1,5
2013-04-06,2012-13,Barcelona,Mallorca,5,0
2013-04-06,2012-13,La Coruna,Zaragoza,3,2
2013-04-06,2012-13,Real Madrid,Levante,5,1
2013-04-06,2012-13,Sociedad,Malaga,4,2
2013-04-07,2012-13,Celta,Vallecano,0,2
2013-04-07,2012-13,Getafe,Ath Madrid,0,0
2013-04-07,2012-13,Osasuna,Espanol,0,2
2013-04-07,2012-13,Valencia,Valladolid,2,1
2013-04-08,2012-13,Sevilla,Ath Bilbao,2,1
2013-04-12,2012-13,Betis,Sevilla,3,3
2013-04-13,2012-13,Espanol,Valencia,3,3
2013-04-13,2012-13,Levante,La Coruna,0,4
2013-04-13,2012-13,Malaga,Osasuna,1,0
2013-04-13,2012-13,Valladolid,Getafe,2,1
2013-04-14,2012-13,Ath Bilbao,Real Madrid,0,3
2013-04-14,2012-13,Ath Madrid,Granada,5,0
2013-04-14,2012-13,Vallecano,Sociedad,0,2
2013-04-14,2012-13,Zaragoza,Barcelona,0,3
2013-04-15,2012-13,Mallorca,Celta,1,0
2013-04-19,2012-13,Mallorca,Vallecano,1,1
2013-04-20,2012-13,Barcelona,Levante,1,0
2013-04-20,2012-13,Granada,Valladolid,1,1
2013-04-20,2012-13,Real Madrid,Betis,3,1
2013-04-20,2012-13,Valencia,Malaga,5,1
2013-04-21,2012-13,Getafe,Espanol,0,2
2013-04-21,2012-13,La Coruna,Ath Bilbao,1,1
2013-04-21,2012-13,Osasuna,Sociedad,0,0
2013-04-21,2012-13,Sevilla,Ath Madrid,0,1
2013-04-22,2012-13,Celta,Zaragoza,2,1
2013-04-26,2012-13,Vallecano,Osasuna,2,2
2013-04-27,2012-13,Ath Bilbao,Barcelona,2,2
2013-04-27,2012-13,Ath Madrid,Real Madrid,1,2
2013-04-27,2012-13,Levante,Celta,0,1
2013-04-27,2012-13,Zaragoza,Mallorca,3,2
2013-04-28,2012-13,Espanol,Granada,0,1
2013-04-28,2012-13,Malaga,Getafe,2,1
2013-04-28,2012-13,Sociedad,Valencia,4,2
2013-04-28,2012-13,Valladolid,Sevilla,1,1
2013-04-29,2012-13,Betis,La Coruna,1,1
2013-05-03,2012-13,Celta,Ath Bilbao,1,1
2013-05-04,2012-13,Granada,Malaga,1,0
2013-05-04,2012-13,La Coruna,Ath Madrid,0,0
2013-05-04,2012-13,Real Madrid,Valladolid,4,3
2013-05-04,2012-13,Valencia,Osasuna,4,0
2013-05-05,2012-13,Barcelona,Betis,4,2
2013-05-05,2012-13,Mallorca,Levante,1,1
2013-05-05,2012-13,Sevilla,Espanol,3,0
2013-05-05,2012-13,Zaragoza,Vallecano,3,0
2013-05-06,2012-13,Getafe,Sociedad,2,1
2013-05-08,2012-13,Celta,Ath Madrid,1,3
2013-05-08,2012-13,Real Madrid,Malaga,6,2
2013-05-10,2012-13,Levante,Zaragoza,0,0
2013-05-11,2012-13,Ath Bilbao,Mallorca,2,1
2013-05-11,2012-13,Espanol,Real Madrid,1,1
2013-05-11,2012-13,Osasuna,Getafe,1,0
2013-05-11,2012-13,Valladolid,La Coruna,1,0
2013-05-12,2012-13,Ath Madrid,Barcelona,1,2
2013-05-12,2012-13,Betis,Celta,1,0
2013-05-12,2012-13,Malaga,Sevilla,0,0
2013-05-12,2012-13,Vallecano,Valencia,0,4
2013-05-13,2012-13,Sociedad,Granada,2,2
2013-05-18,2012-13,Getafe,Valencia,0,1
2013-05-18,2012-13,Granada,Osasuna,3,0
2013-05-18,2012-13,Sevilla,Sociedad,1,2
2013-05-19,2012-13,Barcelona,Valladolid,2,1
2013-05-19,2012-13,La Coruna,Espanol,2,0
2013-05-19,2012-13,Levante,Vallecano,2,3
2013-05-19,2012-13,Zaragoza,Ath Bilbao,1,2
2013-05-20,2012-13,Mallorca,Betis,1,0
2013-05-26,2012-13,Ath Bilbao,Levante,0,1
2013-05-26,2012-13,Ath Madrid,Mallorca,0,0
2013-05-26,2012-13,Betis,Zaragoza,4,0
2013-05-26,2012-13,Espanol,Barcelona,0,2
2013-05-26,2012-13,Getafe,Vallecano,1,2
2013-05-26,2012-13,Malaga,La Coruna,3,1
2013-05-26,2012-13,Osasuna,Sevilla,2,1
2013-05-26,2012-13,Sociedad,Real Madrid,3,3
2013-05-26,2012-13,Valencia,Granada,1,0
2013-05-26,2012-13,Valladolid,Celta,0,2
2013-06-01,2012-13,Barcelona,Malaga,4,1
2013-06-01,2012-13,Celta,Espanol,1,0
2013-06-01,2012-13,Granada,Getafe,2,0
2013-06-01,2012-13,La Coruna,Sociedad,0,1
2013-06-01,2012-13,Levante,Betis,1,1
2013-06-01,2012-13,Mallorca,Valladolid,4,2
2013-06-01,2012-13,Real Madrid,Osasuna,4,2
2013-06-01,2012-13,Sevilla,Valencia,4,3
2013-06-01,2012-13,Vallecano,Ath Bilbao,2,2
2013-06-01,2012-13,Zaragoza,Ath Madrid,1,3
2013-08-17,2013-14,Sociedad,Getafe,2,0
2013-08-17,2013-14,Valencia,Malaga,1,0
2013-08-17,2013-14,Valladolid,Ath Bilbao,1,2
2013-08-18,2013-14,Barcelona,Levante,7,0
2013-08-18,2013-14,Osasuna,Granada,1,2
2013-08-18,2013-14,Real Madrid,Betis,2,1
2013-08-18,2013-14,Sevilla,Ath Madrid,1,3
2013-08-19,2013-14,Almeria,Villarreal,2,3
2013-08-19,2013-14,Celta,Espanol,2,2
2013-08-19,2013-14,Vallecano,Elche,3,0
2013-08-23,2013-14,Ath Bilbao,Osasuna,2,0
2013-08-23,2013-14,Getafe,Almeria,2,2
2013-08-24,2013-14,Elche,Sociedad,1,1
2013-08-24,2013-14,Espanol,Valencia,3,1
2013-08-24,2013-14,Villarreal,Valladolid,2,1
2013-08-25,2013-14,Ath Madrid,Vallecano,5,0
2013-08-25,2013-14,Betis,Celta,1,2
2013-08-25,2013-14,Levante,Sevilla,0,0
2013-08-25,2013-14,Malaga,Barcelona,0,1
2013-08-26,2013-14,Granada,Real Madrid,0,1
2013-08-30,2013-14,Almeria,Elche,2,2
2013-08-30,2013-14,Vallecano,Levante,1,2
2013-08-31,2013-14,Celta,Granada,1,1
2013-08-31,2013-14,Osasuna,Villarreal,0,3
2013-08-31,2013-14,Valladolid,Getafe,1,0
2013-09-01,2013-14,Espanol,Betis,0,0
2013-09-01,2013-14,Real Madrid,Ath Bilbao,3,1
2013-09-01,2013-14,Sevilla,Malaga,2,2
2013-09-01,2013-14,Sociedad,Ath Madrid,1,2
2013-09-01,2013-14,Valencia,Barcelona,2,3
2013-09-14,2013-14,Ath Madrid,Almeria,4,2
2013-09-14,2013-14,Barcelona,Sevilla,3,2
2013-09-14,2013-14,Levante,Sociedad,0,0
2013-09-14,2013-14,Villarreal,Real Madrid,2,2
2013-09-15,2013-14,Betis,Valencia,3,1
2013-09-15,2013-14,Getafe,Osasuna,2,1
2013-09-15,2013-14,Granada,Espanol,0,1
2013-09-15,2013-14,Malaga,Vallecano,5,0
2013-09-16,2013-14,Ath Bilbao,Celta,3,2
2013-09-16,2013-14,Elche,Valladolid,0,0
2013-09-20,2013-14,Osasuna,Elche,2,1
2013-09-21,2013-14,Almeria,Levante,2,2
2013-09-21,2013-14,Sociedad,Malaga,0,0
2013-09-21,2013-14,Valladolid,Ath Madrid,0,2
2013-09-21,2013-14,Vallecano,Barcelona,0,4
2013-09-22,2013-14,Betis,Granada,0,0
2013-09-22,2013-14,Celta,Villarreal,0,0
2013-09-22,2013-14,Real Madrid,Getafe,4,1
2013-09-22,2013-14,Valencia,Sevilla,3,1
2013-09-23,2013-14,Espanol,Ath Bilbao,3,2
2013-09-24,2013-14,Ath Madrid,Osasuna,2,1
2013-09-24,2013-14,Barcelona,Sociedad,4,1
2013-09-24,2013-14,Levante,Valladolid,1,1
2013-09-24,2013-14,Malaga,Almeria,2,0
2013-09-25,2013-14,Elche,Real Madrid,1,2
2013-09-25,2013-14,Granada,Valencia,0,1
2013-09-25,2013-14,Sevilla,Vallecano,4,1
2013-09-26,2013-14,Ath Bilbao,Betis,2,1
2013-09-26,2013-14,Getafe,Celta,2,0
2013-09-26,2013-14,Villarreal,Espanol,2,1
2013-09-27,2013-14,Valladolid,Malaga,2,2
2013-09-28,2013-14,Almeria,Barcelona,0,2
2013-09-28,2013-14,Real Madrid,Ath Madrid,0,1
2013-09-28,2013-14,Sociedad,Sevilla,1,1
2013-09-28,2013-14,Valencia,Vallecano,1,0
2013-09-29,2013-14,Betis,Villarreal,1,0
2013-09-29,2013-14,Celta,Elche,0,1
2013-09-29,2013-14,Espanol,Getafe,0,2
2013-09-29,2013-14,Osasuna,Levante,0,1
2013-09-30,2013-14,Granada,Ath Bilbao,2,0
2013-10-04,2013-14,Malaga,Osasuna,0,1
2013-10-04,2013-14,Villarreal,Granada,3,0
2013-10-05,2013-14,Barcelona,Valladolid,4,1
2013-10-05,2013-14,Elche,Espanol,2,1
2013-10-05,2013-14,Levante,Real Madrid,2,3
2013-10-05,2013-14,Vallecano,Sociedad,1,0
2013-10-06,2013-14,Ath Bilbao,Valencia,1,1
2013-10-06,2013-14,Ath Madrid,Celta,2,1
2013-10-06,2013-14,Getafe,Betis,3,1
2013-10-06,2013-14,Sevilla,Almeria,2,1
2013-10-19,2013-14,Espanol,Ath Madrid,1,0
2013-10-19,2013-14,Osasuna,Barcelona,0,0
2013-10-19,2013-14,Real Madrid,Malaga,2,0
2013-10-19,2013-14,Valencia,Sociedad,1,2
2013-10-20,2013-14,Almeria,Vallecano,0,1
2013-10-20,2013-14,Betis,Elche,1,2
2013-10-20,2013-14,Granada,Getafe,0,2
2013-10-20,2013-14,Valladolid,Sevilla,2,2
2013-10-21,2013-14,Ath Bilbao,Villarreal,2,0
2013-10-21,2013-14,Celta,Levante,0,1
2013-10-25,2013-14,Vallecano,Valladolid,0,3
2013-10-26,2013-14,Barcelona,Real Madrid,2,1
2013-10-26,2013-14,Elche,Granada,0,1
2013-10-26,2013-14,Levante,Espanol,3,0
2013-10-26,2013-14,Malaga,Celta,0,5
2013-10-27,2013-14,Ath Madrid,Betis,5,0
2013-10-27,2013-14,Sevilla,Osasuna,2,1
2013-10-27,2013-14,Sociedad,Almeria,3,0
2013-10-27,2013-14,Villarreal,Valencia,4,1
2013-10-28,2013-14,Getafe,Ath Bilbao,0,1
2013-10-29,2013-14,Celta,Barcelona,0,3
2013-10-29,2013-14,Espanol,Malaga,0,0
2013-10-30,2013-14,Osasuna,Vallecano,3,1
2013-10-30,2013-14,Real Madrid,Sevilla,7,3
2013-10-30,2013-14,Valencia,Almeria,1,2
2013-10-30,2013-14,Valladolid,Sociedad,2,2
2013-10-31,2013-14,Ath Bilbao,Elche,2,2
2013-10-31,2013-14,Betis,Levante,0,0
2013-10-31,2013-14,Granada,Ath Madrid,1,2
2013-10-31,2013-14,Villarreal,Getafe,0,2
2013-11-01,2013-14,Barcelona,Espanol,1,0
2013-11-02,2013-14,Almeria,Valladolid,1,0
2013-11-02,2013-14,Sevilla,Celta,0,1
2013-11-02,2013-14,Sociedad,Osasuna,5,0
2013-11-02,2013-14,Vallecano,Real Madrid,2,3
2013-11-03,2013-14,Ath Madrid,Ath Bilbao,2,0
2013-11-03,2013-14,Getafe,Valencia,0,1
2013-11-03,2013-14,Levante,Granada,0,1
2013-11-03,2013-14,Malaga,Betis,3,2
2013-11-04,2013-14,Elche,Villarreal,0,1
2013-11-08,2013-14,Granada,Malaga,3,1
2013-11-08,2013-14,Osasuna,Almeria,0,1
2013-11-09,2013-14,Ath Bilbao,Levante,2,1
2013-11-09,2013-14,Celta,Vallecano,0,2
2013-11-09,2013-14,Getafe,Elche,1,1
2013-11-09,2013-14,Real Madrid,Sociedad,5,1
2013-11-10,2013-14,Betis,Barcelona,1,4
2013-11-10,2013-14,Espanol,Sevilla,1,3
2013-11-10,2013-14,Valencia,Valladolid,2,2
2013-11-10,2013-14,Villarreal,Ath Madrid,1,1
2013-11-22,2013-14,Valladolid,Osasuna,0,1
2013-11-23,2013-14,Almeria,Real Madrid,0,5
2013-11-23,2013-14,Ath Madrid,Getafe,7,0
2013-11-23,2013-14,Barcelona,Granada,4,0
2013-11-23,2013-14,Sociedad,Celta,4,3
2013-11-24,2013-14,Elche,Valencia,2,1
2013-11-24,2013-14,Levante,Villarreal,0,3
2013-11-24,2013-14,Sevilla,Betis,4,0
2013-11-24,2013-14,Vallecano,Espanol,1,4
2013-11-25,2013-14,Malaga,Ath Bilbao,1,2
2013-11-29,2013-14,Getafe,Levante,1,0
2013-11-29,2013-14,Villarreal,Malaga,1,1
2013-11-30,2013-14,Celta,Almeria,3,1
2013-11-30,2013-14,Elche,Ath Madrid,0,2
2013-11-30,2013-14,Espanol,Sociedad,1,2
2013-11-30,2013-14,Real Madrid,Valladolid,4,0
2013-12-01,2013-14,Ath Bilbao,Barcelona,1,0
2013-12-01,2013-14,Betis,Vallecano,2,2
2013-12-01,2013-14,Granada,Sevilla,1,2
2013-12-01,2013-14,Valencia,Osasuna,3,0
2013-12-13,2013-14,Levante,Elche,2,1
2013-12-14,2013-14,Barcelona,Villarreal,2,1
2013-12-14,2013-14,Malaga,Getafe,1,0
2013-12-14,2013-14,Osasuna,Real Madrid,2,2
2013-12-14,2013-14,Vallecano,Granada,0,2
2013-12-15,2013-14,Almeria,Espanol,0,0
2013-12-15,2013-14,Ath Madrid,Valencia,3,0
2013-12-15,2013-14,Sevilla,Ath Bilbao,1,1
2013-12-15,2013-14,Sociedad,Betis,5,1
2013-12-16,2013-14,Valladolid,Celta,3,0
2013-12-20,2013-14,Elche,Malaga,0,1
2013-12-21,2013-14,Ath Madrid,Levante,3,2
2013-12-21,2013-14,Betis,Almeria,0,1
2013-12-21,2013-14,Granada,Sociedad,1,3
2013-12-21,2013-14,Villarreal,Sevilla,1,2
2013-12-22,2013-14,Ath Bilbao,Vallecano,2,1
2013-12-22,2013-14,Celta,Osasuna,1,1
2013-12-22,2013-14,Espanol,Valladolid,4,2
2013-12-22,2013-14,Getafe,Barcelona,2,5
2013-12-22,2013-14,Valencia,Real Madrid,2,3
2014-01-04,2013-14,Almeria,Granada,3,0
2014-01-04,2013-14,Malaga,Ath Madrid,0,1
2014-01-04,2013-14,Valencia,Levante,2,0
2014-01-04,2013-14,Valladolid,Betis,0,0
2014-01-05,2013-14,Barcelona,Elche,4,0
2014-01-05,2013-14,Osasuna,Espanol,1,0
2014-01-05,2013-14,Sevilla,Getafe,3,0
2014-01-05,2013-14,Sociedad,Ath Bilbao,2,0
2014-01-06,2013-14,Real Madrid,Celta,3,0
2014-01-06,2013-14,Vallecano,Villarreal,2,5
2014-01-10,2013-14,Granada,Valladolid,4,0
2014-01-11,2013-14,Ath Bilbao,Almeria,6,1
2014-01-11,2013-14,Ath Madrid,Barcelona,0,0
2014-01-11,2013-14,Celta,Valencia,2,1
2014-01-11,2013-14,Elche,Sevilla,1,1
2014-01-12,2013-14,Betis,Osasuna,1,2
2014-01-12,2013-14,Espanol,Real Madrid,0,1
2014-01-12,2013-14,Getafe,Vallecano,0,1
2014-01-12,2013-14,Levante,Malaga,1,0
2014-01-13,2013-14,Villarreal,Sociedad,5,1
2014-01-17,2013-14,Malaga,Valencia,0,0
2014-01-18,2013-14,Betis,Real Madrid,0,5
2014-01-18,2013-14,Elche,Vallecano,2,0
2014-01-18,2013-14,Espanol,Celta,1,0
2014-01-18,2013-14,Granada,Osasuna,0,0
2014-01-19,2013-14,Ath Madrid,Sevilla,1,1
2014-01-19,2013-14,Getafe,Sociedad,2,2
2014-01-19,2013-14,Levante,Barcelona,1,1
2014-01-19,2013-14,Villarreal,Almeria,2,0
2014-01-20,2013-14,Ath Bilbao,Valladolid,4,2
2014-01-24,2013-14,Celta,Betis,4,2
2014-01-25,2013-14,Real Madrid,Granada,2,0
2014-01-25,2013-14,Sevilla,Levante,2,3
2014-01-25,2013-14,Valencia,Espanol,2,2
2014-01-25,2013-14,Valladolid,Villarreal,1,0
2014-01-26,2013-14,Almeria,Getafe,1,0
2014-01-26,2013-14,Barcelona,Malaga,3,0
2014-01-26,2013-14,Osasuna,Ath Bilbao,1,5
2014-01-26,2013-14,Vallecano,Ath Madrid,2,4
2014-01-27,2013-14,Sociedad,Elche,4,0
2014-01-31,2013-14,Granada,Celta,1,2
2014-02-01,2013-14,Barcelona,Valencia,2,3
2014-02-01,2013-14,Getafe,Valladolid,0,0
2014-02-01,2013-14,Levante,Vallecano,0,0
2014-02-01,2013-14,Malaga,Sevilla,3,2
2014-02-02,2013-14,Ath Bilbao,Real Madrid,1,1
2014-02-02,2013-14,Ath Madrid,Sociedad,4,0
2014-02-02,2013-14,Betis,Espanol,2,0
2014-02-02,2013-14,Elche,Almeria,1,0
2014-02-03,2013-14,Villarreal,Osasuna,3,1
2014-02-07,2013-14,Espanol,Granada,1,0
2014-02-08,2013-14,Almeria,Ath Madrid,2,0
2014-02-08,2013-14,Real Madrid,Villarreal,4,2
2014-02-08,2013-14,Valencia,Betis,5,0
2014-02-08,2013-14,Vallecano,Malaga,4,1
2014-02-09,2013-14,Osasuna,Getafe,2,0
2014-02-09,2013-14,Sevilla,Barcelona,1,4
2014-02-09,2013-14,Sociedad,Levante,0,0
2014-02-09,2013-14,Valladolid,Elche,2,2
2014-02-10,2013-14,Celta,Ath Bilbao,0,0
2014-02-14,2013-14,Elche,Osasuna,0,0
2014-02-15,2013-14,Ath Madrid,Valladolid,3,0
2014-02-15,2013-14,Barcelona,Vallecano,6,0
2014-02-15,2013-14,Levante,Almeria,1,0
2014-02-15,2013-14,Villarreal,Celta,0,2
2014-02-16,2013-14,Ath Bilbao,Espanol,1,2
2014-02-16,2013-14,Getafe,Real Madrid,0,3
2014-02-16,2013-14,Granada,Betis,1,0
2014-02-16,2013-14,Sevilla,Valencia,0,0
2014-02-17,2013-14,Malaga,Sociedad,0,1
2014-02-21,2013-14,Valladolid,Levante,1,1
2014-02-22,2013-14,Almeria,Malaga,0,0
2014-02-22,2013-14,Celta,Getafe,1,1
2014-02-22,2013-14,Real Madrid,Elche,3,0
2014-02-22,2013-14,Sociedad,Barcelona,3,1
2014-02-23,2013-14,Betis,Ath Bilbao,0,2
2014-02-23,2013-14,Osasuna,Ath Madrid,3,0
2014-02-23,2013-14,Valencia,Granada,2,1
2014-02-23,2013-14,Vallecano,Sevilla,0,1
2014-02-24,2013-14,Espanol,Villarreal,1,2
2014-02-28,2013-14,Ath Bilbao,Granada,4,0
2014-03-01,2013-14,Elche,Celta,1,0
2014-03-01,2013-14,Getafe,Espanol,0,0
2014-03-01,2013-14,Levante,Osasuna,2,0
2014-03-01,2013-14,Malaga,Valladolid,1,1
2014-03-02,2013-14,Ath Madrid,Real Madrid,2,2
2014-03-02,2013-14,Barcelona,Almeria,4,1
2014-03-02,2013-14,Sevilla,Sociedad,1,0
2014-03-02,2013-14,Vallecano,Valencia,1,0
2014-03-02,2013-14,Villarreal,Betis,1,1
2014-03-08,2013-14,Betis,Getafe,2,0
2014-03-08,2013-14,Celta,Ath Madrid,0,2
2014-03-08,2013-14,Granada,Villarreal,2,0
2014-03-08,2013-14,Valladolid,Barcelona,1,0
2014-03-09,2013-14,Almeria,Sevilla,1,3
2014-03-09,2013-14,Espanol,Elche,3,1
2014-03-09,2013-14,Real Madrid,Levante,3,0
2014-03-09,2013-14,Valencia,Ath Bilbao,1,1
2014-03-10,2013-14,Osasuna,Malaga,0,2
2014-03-10,2013-14,Sociedad,Vallecano,2,3
2014-03-14,2013-14,Getafe,Granada,3,3
2014-03-15,2013-14,Ath Madrid,Espanol,1,0
2014-03-15,2013-14,Levante,Celta,0,1
2014-03-15,2013-14,Malaga,Real Madrid,0,1
2014-03-15,2013-14,Vallecano,Almeria,3,1
2014-03-16,2013-14,Barcelona,Osasuna,7,0
2014-03-16,2013-14,Elche,Betis,0,0
2014-03-16,2013-14,Sevilla,Valladolid,4,1
2014-03-16,2013-14,Sociedad,Valencia,1,0
2014-03-17,2013-14,Villarreal,Ath Bilbao,1,1
2014-03-21,2013-14,Celta,Malaga,0,2
2014-03-22,2013-14,Ath Bilbao,Getafe,1,0
2014-03-22,2013-14,Espanol,Levante,0,0
2014-03-22,2013-14,Granada,Elche,1,0
2014-03-22,2013-14,Valladolid,Vallecano,1,1
2014-03-23,2013-14,Betis,Ath Madrid,0,2
2014-03-23,2013-14,Osasuna,Sevilla,1,2
2014-03-23,2013-14,Real Madrid,Barcelona,3,4
2014-03-23,2013-14,Valencia,Villarreal,2,1
2014-03-24,2013-14,Almeria,Sociedad,4,3
2014-03-25,2013-14,Elche,Ath Bilbao,0,0
2014-03-25,2013-14,Malaga,Espanol,1,2
2014-03-26,2013-14,Ath Madrid,Granada,1,0
2014-03-26,2013-14,Barcelona,Celta,3,0
2014-03-26,2013-14,Sevilla,Real Madrid,2,1
2014-03-26,2013-14,Vallecano,Osasuna,1,0
2014-03-27,2013-14,Almeria,Valencia,2,2
2014-03-27,2013-14,Getafe,Villarreal,0,1
2014-03-27,2013-14,Levante,Betis,1,3
2014-03-27,2013-14,Sociedad,Valladolid,1,0
2014-03-29,2013-14,Ath Bilbao,Ath Madrid,1,2
2014-03-29,2013-14,Celta,Sevilla,1,0
2014-03-29,2013-14,Espanol,Barcelona,0,1
2014-03-29,2013-14,Real Madrid,Vallecano,5,0
2014-03-30,2013-14,Osasuna,Sociedad,1,1
2014-03-30,2013-14,Valencia,Getafe,1,3
2014-03-30,2013-14,Valladolid,Almeria,1,0
2014-03-30,2013-14,Villarreal,Elche,1,1
2014-03-31,2013-14,Betis,Malaga,1,2
2014-03-31,2013-14,Granada,Levante,0,2
2014-04-04,2013-14,Almeria,Osasuna,1,2
2014-04-05,2013-14,Ath Madrid,Villarreal,1,0
2014-04-05,2013-14,Barcelona,Betis,3,1
2014-04-05,2013-14,Sociedad,Real Madrid,0,4
2014-04-05,2013-14,Vallecano,Celta,3,0
2014-04-06,2013-14,Elche,Getafe,1,0
2014-04-06,2013-14,Malaga,Granada,4,1
2014-04-06,2013-14,Sevilla,Espanol,4,1
2014-04-06,2013-14,Valladolid,Valencia,0,0
2014-04-07,2013-14,Levante,Ath Bilbao,1,2
2014-04-11,2013-14,Osasuna,Valladolid,0,0
2014-04-12,2013-14,Celta,Sociedad,2,2
2014-04-12,2013-14,Granada,Barcelona,1,0
2014-04-12,2013-14,Real Madrid,Almeria,4,0
2014-04-12,2013-14,Villarreal,Levante,1,0
2014-04-13,2013-14,Betis,Sevilla,0,2
2014-04-13,2013-14,Espanol,Vallecano,2,2
2014-04-13,2013-14,Getafe,Ath Madrid,0,2
2014-04-13,2013-14,Valencia,Elche,2,1
2014-04-14,2013-14,Ath Bilbao,Malaga,3,0
2014-04-18,2013-14,Ath Madrid,Elche,2,0
2014-04-19,2013-14,Levante,Getafe,0,0
2014-04-19,2013-14,Osasuna,Valencia,1,1
2014-04-19,2013-14,Sociedad,Espanol,2,1
2014-04-20,2013-14,Almeria,Celta,2,4
2014-04-20,2013-14,Barcelona,Ath Bilbao,2,1
2014-04-20,2013-14,Sevilla,Granada,4,0
2014-04-20,2013-14,Vallecano,Betis,3,1
2014-04-21,2013-14,Malaga,Villarreal,2,0
2014-04-25,2013-14,Elche,Levante,1,1
2014-04-26,2013-14,Betis,Sociedad,0,1
2014-04-26,2013-14,Getafe,Malaga,1,0
2014-04-26,2013-14,Granada,Vallecano,0,3
2014-04-26,2013-14,Real Madrid,Osasuna,4,0
2014-04-27,2013-14,Ath Bilbao,Sevilla,3,1
2014-04-27,2013-14,Espanol,Almeria,1,2
2014-04-27,2013-14,Valencia,Ath Madrid,0,1
2014-04-27,2013-14,Villarreal,Barcelona,2,3
2014-04-28,2013-14,Celta,Valladolid,4,1
2014-05-02,2013-14,Vallecano,Ath Bilbao,0,3
2014-05-03,2013-14,Barcelona,Getafe,2,2
2014-05-03,2013-14,Malaga,Elche,0,1
2014-05-03,2013-14,Osasuna,Celta,0,2
2014-05-03,2013-14,Valladolid,Espanol,1,0
2014-05-04,2013-14,Almeria,Betis,3,2
2014-05-04,2013-14,Levante,Ath Madrid,2,0
2014-05-04,2013-14,Real Madrid,Valencia,2,2
2014-05-04,2013-14,Sevilla,Villarreal,0,0
2014-05-05,2013-14,Sociedad,Granada,1,1
2014-05-07,2013-14,Valladolid,Real Madrid,1,1
2014-05-10,2013-14,Levante,Valencia,2,0
2014-05-10,2013-14,Villarreal,Vallecano,4,0
2014-05-11,2013-14,Ath Bilbao,Sociedad,1,1
2014-05-11,2013-14,Ath Madrid,Malaga,1,1
2014-05-11,2013-14,Betis,Valladolid,4,3
2014-05-11,2013-14,Celta,Real Madrid,2,0
2014-05-11,2013-14,Elche,Barcelona,0,0
2014-05-11,2013-14,Espanol,Osasuna,1,1
2014-05-11,2013-14,Getafe,Sevilla,1,0
2014-05-11,2013-14,Granada,Almeria,0,2
2014-05-16,2013-14,Malaga,Levante,1,0
2014-05-17,2013-14,Barcelona,Ath Madrid,1,1
2014-05-17,2013-14,Real Madrid,Espanol,3,1
2014-05-17,2013-14,Valencia,Celta,2,1
2014-05-18,2013-14,Almeria,Ath Bilbao,0,0
2014-05-18,2013-14,Osasuna,Betis,2,1
2014-05-18,2013-14,Sevilla,Elche,3,1
2014-05-18,2013-14,Sociedad,Villarreal,1,2
2014-05-18,2013-14,Valladolid,Granada,0,1
2014-05-18,2013-14,Vallecano,Getafe,1,2
2014-08-23,2014-15,Almeria,Espanol,1,1
2014-08-23,2014-15,Granada,La Coruna,2,1
2014-08-23,2014-15,Malaga,Ath Bilbao,1,0
2014-08-23,2014-15,Sevilla,Valencia,1,1
2014-08-24,2014-15,Barcelona,Elche,3,0
2014-08-24,2014-15,Celta,Getafe,3,1
2014-08-24,2014-15,Eibar,Sociedad,1,0
2014-08-24,2014-15,Levante,Villarreal,0,2
2014-08-25,2014-15,Real Madrid,Cordoba,2,0
2014-08-25,2014-15,Vallecano,Ath Madrid,0,0
2014-08-29,2014-15,Getafe,Almeria,1,0
2014-08-29,2014-15,Valencia,Malaga,3,0
2014-08-30,2014-15,Ath Bilbao,Levante,3,0
2014-08-30,2014-15,Ath Madrid,Eibar,2,1
2014-08-30,2014-15,Cordoba,Celta,1,1
2014-08-30,2014-15,Espanol,Sevilla,1,2
2014-08-31,2014-15,Elche,Granada,1,1
2014-08-31,2014-15,La Coruna,Vallecano,2,2
2014-08-31,2014-15,Sociedad,Real Madrid,4,2
2014-08-31,2014-15,Villarreal,Barcelona,0,1
2014-09-12,2014-15,Almeria,Cordoba,1,1
2014-09-13,2014-15,Barcelona,Ath Bilbao,2,0
2014-09-13,2014-15,Celta,Sociedad,2,2
2014-09-13,2014-15,Malaga,Levante,0,0
2014-09-13,2014-15,Real Madrid,Ath Madrid,1,2
2014-09-14,2014-15,Granada,Villarreal,0,0
2014-09-14,2014-15,Sevilla,Getafe,2,0
2014-09-14,2014-15,Valencia,Espanol,3,1
2014-09-14,2014-15,Vallecano,Elche,2,3
2014-09-15,2014-15,Eibar,La Coruna,0,1
2014-09-19,2014-15,Elche,Eibar,0,2
2014-09-20,2014-15,Ath Bilbao,Granada,0,1
2014-09-20,2014-15,Ath Madrid,Celta,2,2
2014-09-20,2014-15,Espanol,Malaga,2,2
2014-09-20,2014-15,La Coruna,Real Madrid,2,8
2014-09-21,2014-15,Cordoba,Sevilla,1,3
2014-09-21,2014-15,Levante,Barcelona,0,5
2014-09-21,2014-15,Sociedad,Almeria,1,2
2014-09-21,2014-15,Villarreal,Vallecano,4,2
2014-09-22,2014-15,Getafe,Valencia,0,3
2014-09-23,2014-15,Celta,La Coruna,2,1
2014-09-23,2014-15,Real Madrid,Elche,5,1
2014-09-24,2014-15,Almeria,Ath Madrid,0,1
2014-09-24,2014-15,Eibar,Villarreal,1,1
2014-09-24,2014-15,Granada,Levante,0,1
2014-09-24,2014-15,Malaga,Barcelona,0,0
2014-09-24,2014-15,Sevilla,Sociedad,1,0
2014-09-24,2014-15,Vallecano,Ath Bilbao,2,1
2014-09-25,2014-15,Espanol,Getafe,2,0
2014-09-25,2014-15,Valencia,Cordoba,3,0
2014-09-26,2014-15,Elche,Celta,0,1
2014-09-27,2014-15,Ath Bilbao,Eibar,0,0
2014-09-27,2014-15,Ath Madrid,Sevilla,4,0
2014-09-27,2014-15,Barcelona,Granada,6,0
2014-09-27,2014-15,Levante,Vallecano,0,2
2014-09-27,2014-15,Villarreal,Real Madrid,0,2
2014-09-28,2014-15,Cordoba,Espanol,0,0
2014-09-28,2014-15,Getafe,Malaga,1,0
2014-09-28,2014-15,La Coruna,Almeria,0,1
2014-09-28,2014-15,Sociedad,Valencia,1,1
2014-10-03,2014-15,Getafe,Cordoba,1,1
2014-10-04,2014-15,Almeria,Elche,2,2
2014-10-04,2014-15,Eibar,Levante,3,3
2014-10-04,2014-15,Malaga,Granada,2,1
2014-10-04,2014-15,Valencia,Ath Madrid,3,1
2014-10-04,2014-15,Vallecano,Barcelona,0,2
2014-10-05,2014-15,Celta,Villarreal,1,3
2014-10-05,2014-15,Espanol,Sociedad,2,0
2014-10-05,2014-15,Real Madrid,Ath Bilbao,5,0
2014-10-05,2014-15,Sevilla,La Coruna,4,1
2014-10-17,2014-15,Granada,Vallecano,0,1
2014-10-18,2014-15,Ath Bilbao,Celta,1,1
2014-10-18,2014-15,Barcelona,Eibar,3,0
2014-10-18,2014-15,Cordoba,Malaga,1,2
2014-10-18,2014-15,Levante,Real Madrid,0,5
2014-10-19,2014-15,Ath Madrid,Espanol,2,0
2014-10-19,2014-15,Elche,Sevilla,0,2
2014-10-19,2014-15,La Coruna,Valencia,3,0
2014-10-19,2014-15,Villarreal,Almeria,2,0
2014-10-20,2014-15,Sociedad,Getafe,1,2
2014-10-24,2014-15,Celta,Levante,3,0
2014-10-25,2014-15,Almeria,Ath Bilbao,0,1
2014-10-25,2014-15,Cordoba,Sociedad,1,1
2014-10-25,2014-15,Eibar,Granada,1,1
2014-10-25,2014-15,Real Madrid,Barcelona,3,1
2014-10-25,2014-15,Valencia,Elche,3,1
2014-10-26,2014-15,Espanol,La Coruna,0,0
2014-10-26,2014-15,Getafe,Ath Madrid,0,1
2014-10-26,2014-15,Malaga,Vallecano,4,0
2014-10-26,2014-15,Sevilla,Villarreal,2,1
2014-10-31,2014-15,La Coruna,Getafe,1,2
2014-11-01,2014-15,Ath Madrid,Cordoba,4,2
2014-11-01,2014-15,Barcelona,Celta,0,1
2014-11-01,2014-15,Granada,Real Madrid,0,4
2014-11-01,2014-15,Sociedad,Malaga,0,1
2014-11-02,2014-15,Ath Bilbao,Sevilla,1,0
2014-11-02,2014-15,Elche,Espanol,2,1
2014-11-02,2014-15,Levante,Almeria,2,1
2014-11-02,2014-15,Villarreal,Valencia,1,3
2014-11-03,2014-15,Vallecano,Eibar,2,3
2014-11-07,2014-15,Cordoba,La Coruna,0,0
2014-11-08,2014-15,Almeria,Barcelona,1,2
2014-11-08,2014-15,Celta,Granada,0,0
2014-11-08,2014-15,Getafe,Elche,0,0
2014-11-08,2014-15,Malaga,Eibar,2,1
2014-11-08,2014-15,Real Madrid,Vallecano,5,1
2014-11-09,2014-15,Espanol,Villarreal,1,1
2014-11-09,2014-15,Sevilla,Levante,1,1
2014-11-09,2014-15,Sociedad,Ath Madrid,2,1
2014-11-09,2014-15,Valencia,Ath Bilbao,0,0
2014-11-21,2014-15,Ath Bilbao,Espanol,3,1
2014-11-22,2014-15,Ath Madrid,Malaga,3,1
2014-11-22,2014-15,Barcelona,Sevilla,5,1
2014-11-22,2014-15,Eibar,Real Madrid,0,4
2014-11-22,2014-15,La Coruna,Sociedad,0,0
2014-11-23,2014-15,Elche,Cordoba,2,2
2014-11-23,2014-15,Levante,Valencia,2,1
2014-11-23,2014-15,Vallecano,Celta,1,0
2014-11-23,2014-15,Villarreal,Getafe,2,1
2014-11-24,2014-15,Granada,Almeria,0,0
2014-11-28,2014-15,Sociedad,Elche,3,0
2014-11-29,2014-15,Celta,Eibar,0,1
2014-11-29,2014-15,Espanol,Levante,2,1
2014-11-29,2014-15,Getafe,Ath Bilbao,1,2
2014-11-29,2014-15,Malaga,Real Madrid,1,2
2014-11-30,2014-15,Ath Madrid,La Coruna,2,0
2014-11-30,2014-15,Cordoba,Villarreal,0,2
2014-11-30,2014-15,Sevilla,Granada,5,1
2014-11-30,2014-15,Valencia,Barcelona,0,1
2014-12-01,2014-15,Almeria,Vallecano,0,1
2014-12-06,2014-15,Ath Bilbao,Cordoba,0,1
2014-12-06,2014-15,Elche,Ath Madrid,0,2
2014-12-06,2014-15,La Coruna,Malaga,0,1
2014-12-06,2014-15,Real Madrid,Celta,3,0
2014-12-07,2014-15,Barcelona,Espanol,5,1
2014-12-07,2014-15,Granada,Valencia,1,1
2014-12-07,2014-15,Vallecano,Sevilla,0,1
2014-12-07,2014-15,Villarreal,Sociedad,4,0
2014-12-08,2014-15,Eibar,Almeria,5,2
2014-12-08,2014-15,Levante,Getafe,1,1
2014-12-12,2014-15,Almeria,Real Madrid,1,4
2014-12-13,2014-15,Cordoba,Levante,0,0
2014-12-13,2014-15,Getafe,Barcelona,0,0
2014-12-13,2014-15,Malaga,Celta,1,0
2014-12-13,2014-15,Valencia,Vallecano,3,0
2014-12-14,2014-15,Ath Madrid,Villarreal,0,1
2014-12-14,2014-15,Espanol,Granada,2,1
2014-12-14,2014-15,Sevilla,Eibar,0,0
2014-12-14,2014-15,Sociedad,Ath Bilbao,1,1
2014-12-15,2014-15,La Coruna,Elche,1,0
2014-12-19,2014-15,Celta,Almeria,0,1
2014-12-20,2014-15,Barcelona,Cordoba,5,0
2014-12-20,2014-15,Eibar,Valencia,0,1
2014-12-20,2014-15,Levante,Sociedad,1,1
2014-12-20,2014-15,Vallecano,Espanol,1,3
2014-12-21,2014-15,Ath Bilbao,Ath Madrid,1,4
2014-12-21,2014-15,Elche,Malaga,1,2
2014-12-21,2014-15,Granada,Getafe,1,1
2014-12-21,2014-15,Villarreal,La Coruna,3,0
2015-01-03,2014-15,Ath Madrid,Levante,3,1
2015-01-03,2014-15,Elche,Villarreal,2,2
2015-01-03,2014-15,La Coruna,Ath Bilbao,1,0
2015-01-03,2014-15,Malaga,Almeria,1,2
2015-01-03,2014-15,Sevilla,Celta,1,0
2015-01-04,2014-15,Espanol,Eibar,1,2
2015-01-04,2014-15,Getafe,Vallecano,1,2
2015-01-04,2014-15,Sociedad,Barcelona,1,0
2015-01-04,2014-15,Valencia,Real Madrid,2,1
2015-01-05,2014-15,Cordoba,Granada,2,0
2015-01-09,2014-15,Levante,La Coruna,0,0
2015-01-10,2014-15,Celta,Valencia,1,1
2015-01-10,2014-15,Eibar,Getafe,2,1
2015-01-10,2014-15,Malaga,Villarreal,1,1
2015-01-10,2014-15,Real Madrid,Espanol,3,0
2015-01-11,2014-15,Almeria,Sevilla,0,2
2015-01-11,2014-15,Ath Bilbao,Elche,1,2
2015-01-11,2014-15,Barcelona,Ath Madrid,3,1
2015-01-11,2014-15,Granada,Sociedad,1,1
2015-01-12,2014-15,Vallecano,Cordoba,0,1
2015-01-16,2014-15,Cordoba,Eibar,1,1
2015-01-17,2014-15,Espanol,Celta,1,0
2015-01-17,2014-15,Sociedad,Vallecano,0,1
2015-01-17,2014-15,Valencia,Almeria,3,2
2015-01-17,2014-15,Villarreal,Ath Bilbao,2,0
2015-01-18,2014-15,Ath Madrid,Granada,2,0
2015-01-18,2014-15,Elche,Levante,1,0
2015-01-18,2014-15,Getafe,Real Madrid,0,3
2015-01-18,2014-15,La Coruna,Barcelona,0,4
2015-01-18,2014-15,Sevilla,Malaga,2,0
2015-01-24,2014-15,Ath Madrid,Vallecano,3,1
2015-01-24,2014-15,Cordoba,Real Madrid,1,2
2015-01-24,2014-15,Elche,Barcelona,0,6
2015-01-24,2014-15,Sociedad,Eibar,1,0
2015-01-24,2014-15,Villarreal,Levante,1,0
2015-01-25,2014-15,Ath Bilbao,Malaga,1,1
2015-01-25,2014-15,Espanol,Almeria,3,0
2015-01-25,2014-15,La Coruna,Granada,2,2
2015-01-25,2014-15,Valencia,Sevilla,3,1
2015-01-26,2014-15,Getafe,Celta,2,1
2015-01-30,2014-15,Vallecano,La Coruna,1,2
2015-01-31,2014-15,Celta,Cordoba,1,0
2015-01-31,2014-15,Eibar,Ath Madrid,1,3
2015-01-31,2014-15,Granada,Elche,1,0
2015-01-31,2014-15,Real Madrid,Sociedad,4,1
2015-02-01,2014-15,Almeria,Getafe,1,0
2015-02-01,2014-15,Barcelona,Villarreal,3,2
2015-02-01,2014-15,Levante,Ath Bilbao,0,2
2015-02-01,2014-15,Sevilla,Espanol,3,2
2015-02-02,2014-15,Malaga,Valencia,1,0
2015-02-04,2014-15,Real Madrid,Sevilla,2,1
2015-02-06,2014-15,La Coruna,Eibar,2,0
2015-02-07,2014-15,Ath Madrid,Real Madrid,4,0
2015-02-07,2014-15,Levante,Malaga,4,1
2015-02-07,2014-15,Sociedad,Celta,1,1
2015-02-07,2014-15,Villarreal,Granada,2,0
2015-02-08,2014-15,Ath Bilbao,Barcelona,2,5
2015-02-08,2014-15,Cordoba,Almeria,1,2
2015-02-08,2014-15,Espanol,Valencia,1,2
2015-02-08,2014-15,Getafe,Sevilla,2,1
2015-02-09,2014-15,Elche,Vallecano,2,0
2015-02-13,2014-15,Almeria,Sociedad,2,2
2015-02-14,2014-15,Granada,Ath Bilbao,0,0
2015-02-14,2014-15,Malaga,Espanol,0,2
2015-02-14,2014-15,Real Madrid,La Coruna,2,0
2015-02-14,2014-15,Sevilla,Cordoba,3,0
2015-02-15,2014-15,Barcelona,Levante,5,0
2015-02-15,2014-15,Celta,Ath Madrid,2,0
2015-02-15,2014-15,Valencia,Getafe,1,0
2015-02-15,2014-15,Vallecano,Villarreal,2,0
2015-02-16,2014-15,Eibar,Elche,0,1
2015-02-20,2014-15,Getafe,Espanol,2,1
2015-02-21,2014-15,Ath Madrid,Almeria,3,0
2015-02-21,2014-15,Barcelona,Malaga,0,1
2015-02-21,2014-15,Cordoba,Valencia,1,2
2015-02-21,2014-15,La Coruna,Celta,0,2
2015-02-22,2014-15,Ath Bilbao,Vallecano,1,0
2015-02-22,2014-15,Elche,Real Madrid,0,2
2015-02-22,2014-15,Sociedad,Sevilla,4,3
2015-02-22,2014-15,Villarreal,Eibar,1,0
2015-02-23,2014-15,Levante,Granada,2,1
2015-02-27,2014-15,Espanol,Cordoba,1,0
2015-02-28,2014-15,Almeria,La Coruna,0,0
2015-02-28,2014-15,Granada,Barcelona,1,3
2015-02-28,2014-15,Malaga,Getafe,3,2
2015-02-28,2014-15,Vallecano,Levante,4,2
2015-03-01,2014-15,Eibar,Ath Bilbao,0,1
2015-03-01,2014-15,Real Madrid,Villarreal,1,1
2015-03-01,2014-15,Sevilla,Ath Madrid,0,0
2015-03-01,2014-15,Valencia,Sociedad,2,0
2015-03-02,2014-15,Celta,Elche,1,1
2015-03-06,2014-15,Levante,Eibar,2,1
2015-03-07,2014-15,Ath Bilbao,Real Madrid,1,0
2015-03-07,2014-15,Elche,Almeria,1,0
2015-03-07,2014-15,Granada,Malaga,1,0
2015-03-07,2014-15,La Coruna,Sevilla,3,4
2015-03-08,2014-15,Ath Madrid,Valencia,1,1
2015-03-08,2014-15,Barcelona,Vallecano,6,1
2015-03-08,2014-15,Sociedad,Espanol,1,0
2015-03-08,2014-15,Villarreal,Celta,4,1
2015-03-09,2014-15,Cordoba,Getafe,1,2
2015-03-13,2014-15,Valencia,La Coruna,2,0
2015-03-14,2014-15,Celta,Ath Bilbao,1,2
2015-03-14,2014-15,Eibar,Barcelona,0,2
2015-03-14,2014-15,Espanol,Ath Madrid,0,0
2015-03-14,2014-15,Vallecano,Granada,3,1
2015-03-15,2014-15,Almeria,Villarreal,0,0
2015-03-15,2014-15,Malaga,Cordoba,2,0
2015-03-15,2014-15,Real Madrid,Levante,2,0
2015-03-15,2014-15,Sevilla,Elche,3,0
2015-03-16,2014-15,Getafe,Sociedad,0,1
2015-03-20,2014-15,Elche,Valencia,0,4
2015-03-21,2014-15,Ath Bilbao,Almeria,2,1
2015-03-21,2014-15,Ath Madrid,Getafe,2,0
2015-03-21,2014-15,Granada,Eibar,0,0
2015-03-21,2014-15,Levante,Celta,0,1
2015-03-21,2014-15,Vallecano,Malaga,1,0
2015-03-22,2014-15,Barcelona,Real Madrid,2,1
2015-03-22,2014-15,La Coruna,Espanol,0,0
2015-03-22,2014-15,Sociedad,Cordoba,3,1
2015-03-22,2014-15,Villarreal,Sevilla,0,2
2015-04-03,2014-15,Eibar,Vallecano,1,2
2015-04-04,2014-15,Almeria,Levante,1,4
2015-04-04,2014-15,Cordoba,Ath Madrid,0,2
2015-04-04,2014-15,Malaga,Sociedad,1,1
2015-04-04,2014-15,Sevilla,Ath Bilbao,2,0
2015-04-05,2014-15,Celta,Barcelona,0,1
2015-04-05,2014-15,Getafe,La Coruna,2,1
2015-04-05,2014-15,Real Madrid,Granada,9,1
2015-04-05,2014-15,Valencia,Villarreal,0,0
2015-04-06,2014-15,Espanol,Elche,1,1
2015-04-07,2014-15,Ath Madrid,Sociedad,2,0
2015-04-07,2014-15,Eibar,Malaga,1,0
2015-04-07,2014-15,Levante,Sevilla,1,2
2015-04-08,2014-15,Barcelona,Almeria,4,0
2015-04-08,2014-15,Granada,Celta,1,1
2015-04-08,2014-15,La Coruna,Cordoba,1,1
2015-04-08,2014-15,Vallecano,Real Madrid,0,2
2015-04-09,2014-15,Ath Bilbao,Valencia,1,1
2015-04-09,2014-15,Elche,Getafe,0,1
2015-04-09,2014-15,Villarreal,Espanol,0,3
2015-04-11,2014-15,Almeria,Granada,3,0
2015-04-11,2014-15,Celta,Vallecano,6,1
2015-04-11,2014-15,Malaga,Ath Madrid,2,2
2015-04-11,2014-15,Real Madrid,Eibar,3,0
2015-04-11,2014-15,Sevilla,Barcelona,2,2
2015-04-12,2014-15,Cordoba,Elche,0,2
2015-04-12,2014-15,Espanol,Ath Bilbao,1,0
2015-04-12,2014-15,Getafe,Villarreal,1,1
2015-04-12,2014-15,Sociedad,La Coruna,2,2
2015-04-13,2014-15,Valencia,Levante,3,0
2015-04-17,2014-15,Levante,Espanol,2,2
2015-04-18,2014-15,Ath Bilbao,Getafe,4,0
2015-04-18,2014-15,Barcelona,Valencia,2,0
2015-04-18,2014-15,La Coruna,Ath Madrid,1,2
2015-04-18,2014-15,Real Madrid,Malaga,3,1
2015-04-19,2014-15,Eibar,Celta,0,1
2015-04-19,2014-15,Granada,Sevilla,1,1
2015-04-19,2014-15,Vallecano,Almeria,2,0
2015-04-19,2014-15,Villarreal,Cordoba,0,0
2015-04-20,2014-15,Elche,Sociedad,1,0
2015-04-24,2014-15,Cordoba,Ath Bilbao,0,1
2015-04-25,2014-15,Ath Madrid,Elche,3,0
2015-04-25,2014-15,Espanol,Barcelona,0,2
2015-04-25,2014-15,Getafe,Levante,0,1
2015-04-25,2014-15,Sociedad,Villarreal,0,0
2015-04-26,2014-15,Almeria,Eibar,2,0
2015-04-26,2014-15,Celta,Real Madrid,2,4
2015-04-26,2014-15,Malaga,La Coruna,1,1
2015-04-26,2014-15,Sevilla,Vallecano,2,0
2015-04-27,2014-15,Valencia,Granada,4,0
2015-04-28,2014-15,Ath Bilbao,Sociedad,1,1
2015-04-28,2014-15,Barcelona,Getafe,6,0
2015-04-28,2014-15,Levante,Cordoba,1,0
2015-04-29,2014-15,Celta,Malaga,1,0
2015-04-29,2014-15,Eibar,Sevilla,1,3
2015-04-29,2014-15,Elche,La Coruna,4,0
2015-04-29,2014-15,Real Madrid,Almeria,3,0
2015-04-29,2014-15,Villarreal,Ath Madrid,0,1
2015-04-30,2014-15,Granada,Espanol,1,2
2015-04-30,2014-15,Vallecano,Valencia,1,1
2015-05-01,2014-15,Sociedad,Levante,3,0
2015-05-02,2014-15,Ath Madrid,Ath Bilbao,0,0
2015-05-02,2014-15,Cordoba,Barcelona,0,8
2015-05-02,2014-15,La Coruna,Villarreal,1,1
2015-05-02,2014-15,Sevilla,Real Madrid,2,3
2015-05-03,2014-15,Espanol,Vallecano,1,1
2015-05-03,2014-15,Getafe,Granada,1,2
2015-05-03,2014-15,Malaga,Elche,1,2
2015-05-03,2014-15,Valencia,Eibar,3,1
2015-05-04,2014-15,Almeria,Celta,2,2
2015-05-08,2014-15,Eibar,Espanol,0,2
2015-05-09,2014-15,Ath Bilbao,La Coruna,1,1
2015-05-09,2014-15,Barcelona,Sociedad,2,0
2015-05-09,2014-15,Granada,Cordoba,2,0
2015-05-09,2014-15,Real Madrid,Valencia,2,2
2015-05-10,2014-15,Almeria,Malaga,1,2
2015-05-10,2014-15,Celta,Sevilla,1,1
2015-05-10,2014-15,Levante,Ath Madrid,2,2
2015-05-10,2014-15,Villarreal,Elche,1,0
2015-05-11,2014-15,Vallecano,Getafe,2,0
2015-05-17,2014-15,Ath Madrid,Barcelona,0,1
2015-05-17,2014-15,Cordoba,Vallecano,1,2
2015-05-17,2014-15,Elche,Ath Bilbao,2,3
2015-05-17,2014-15,Espanol,Real Madrid,1,4
2015-05-17,2014-15,Getafe,Eibar,1,1
2015-05-17,2014-15,La Coruna,Levante,2,0
2015-05-17,2014-15,Sevilla,Almeria,2,1
2015-05-17,2014-15,Sociedad,Granada,0,3
2015-05-17,2014-15,Valencia,Celta,1,1
2015-05-17,2014-15,Villarreal,Malaga,2,1
2015-05-23,2014-15,Almeria,Valencia,2,3
2015-05-23,2014-15,Ath Bilbao,Villarreal,4,0
2015-05-23,2014-15,Barcelona,La Coruna,2,2
2015-05-23,2014-15,Celta,Espanol,3,2
2015-05-23,2014-15,Eibar,Cordoba,3,0
2015-05-23,2014-15,Granada,Ath Madrid,0,0
2015-05-23,2014-15,Levante,Elche,0,0
2015-05-23,2014-15,Malaga,Sevilla,2,3
2015-05-23,2014-15,Real Madrid,Getafe,7,3
2015-05-23,2014-15,Vallecano,Sociedad,2,4
2015-08-21,2015-16,Malaga,Sevilla,0,0
2015-08-22,2015-16,Ath Madrid,Las Palmas,1,0
2015-08-22,2015-16,Espanol,Getafe,1,0
2015-08-22,2015-16,La Coruna,Sociedad,0,0
2015-08-22,2015-16,Vallecano,Valencia,0,0
2015-08-23,2015-16,Ath Bilbao,Barcelona,0,1
2015-08-23,2015-16,Betis,Villarreal,1,1
2015-08-23,2015-16,Levante,Celta,1,2
2015-08-23,2015-16,Sp Gijon,Real Madrid,0,0
2015-08-24,2015-16,Granada,Eibar,1,3
2015-08-28,2015-16,Villarreal,Espanol,3,1
2015-08-29,2015-16,Barcelona,Malaga,1,0
2015-08-29,2015-16,Celta,Vallecano,3,0
2015-08-29,2015-16,Real Madrid,Betis,5,0
2015-08-29,2015-16,Sociedad,Sp Gijon,0,0
2015-08-30,2015-16,Eibar,Ath Bilbao,2,0
2015-08-30,2015-16,Getafe,Granada,1,2
2015-08-30,2015-16,Las Palmas,Levante,0,0
2015-08-30,2015-16,Sevilla,Ath Madrid,0,3
2015-08-30,2015-16,Valencia,La Coruna,1,1
2015-09-11,2015-16,Levante,Sevilla,1,1
2015-09-12,2015-16,Ath Madrid,Barcelona,1,2
2015-09-12,2015-16,Betis,Sociedad,1,0
2015-09-12,2015-16,Espanol,Real Madrid,0,6
2015-09-12,2015-16,Sp Gijon,Valencia,0,1
2015-09-13,2015-16,Ath Bilbao,Getafe,3,1
2015-09-13,2015-16,Celta,Las Palmas,3,3
2015-09-13,2015-16,Granada,Villarreal,1,3
2015-09-13,2015-16,Malaga,Eibar,0,0
2015-09-14,2015-16,Vallecano,La Coruna,1,3
2015-09-18,2015-16,Getafe,Malaga,1,0
2015-09-19,2015-16,Eibar,Ath Madrid,0,2
2015-09-19,2015-16,Real Madrid,Granada,1,0
2015-09-19,2015-16,Sociedad,Espanol,2,3
2015-09-19,2015-16,Valencia,Betis,0,0
2015-09-20,2015-16,Barcelona,Levante,4,1
2015-09-20,2015-16,La Coruna,Sp Gijon,2,3
2015-09-20,2015-16,Las Palmas,Vallecano,0,1
2015-09-20,2015-16,Sevilla,Celta,1,2
2015-09-20,2015-16,Villarreal,Ath Bilbao,3,1
2015-09-22,2015-16,Ath Madrid,Getafe,2,0
2015-09-22,2015-16,Espanol,Valencia,1,0
2015-09-22,2015-16,Granada,Sociedad,0,3
2015-09-23,2015-16,Ath Bilbao,Real Madrid,1,2
2015-09-23,2015-16,Celta,Barcelona,4,1
2015-09-23,2015-16,Las Palmas,Sevilla,2,0
2015-09-23,2015-16,Levante,Eibar,2,2
2015-09-23,2015-16,Malaga,Villarreal,0,1
2015-09-23,2015-16,Vallecano,Sp Gijon,2,1
2015-09-24,2015-16,Betis,La Coruna,1,2
2015-09-25,2015-16,Valencia,Granada,1,0
2015-09-26,2015-16,Barcelona,Las Palmas,2,1
2015-09-26,2015-16,Eibar,Celta,1,1
2015-09-26,2015-16,Real Madrid,Malaga,0,0
2015-09-26,2015-16,Sevilla,Vallecano,3,2
2015-09-26,2015-16,Villarreal,Ath Madrid,1,0
2015-09-27,2015-16,Getafe,Levante,3,0
2015-09-27,2015-16,La Coruna,Espanol,3,0
2015-09-27,2015-16,Sociedad,Ath Bilbao,0,0
2015-09-27,2015-16,Sp Gijon,Betis,1,2
2015-10-02,2015-16,Celta,Getafe,0,0
2015-10-03,2015-16,Espanol,Sp Gijon,1,2
2015-10-03,2015-16,Granada,La Coruna,1,1
2015-10-03,2015-16,Las Palmas,Eibar,0,2
2015-10-03,2015-16,Malaga,Sociedad,3,1
2015-10-03,2015-16,Sevilla,Barcelona,2,1
2015-10-04,2015-16,Ath Bilbao,Valencia,3,1
2015-10-04,2015-16,Ath Madrid,Real Madrid,1,1
2015-10-04,2015-16,Levante,Villarreal,1,0
2015-10-04,2015-16,Vallecano,Betis,0,2
2015-10-17,2015-16,Barcelona,Vallecano,5,2
2015-10-17,2015-16,Betis,Espanol,1,3
2015-10-17,2015-16,Eibar,Sevilla,1,1
2015-10-17,2015-16,Real Madrid,Levante,3,0
2015-10-17,2015-16,Valencia,Malaga,3,0
2015-10-18,2015-16,Getafe,Las Palmas,4,0
2015-10-18,2015-16,La Coruna,Ath Bilbao,2,2
2015-10-18,2015-16,Sociedad,Ath Madrid,0,2
2015-10-18,2015-16,Villarreal,Celta,1,2
2015-10-19,2015-16,Sp Gijon,Granada,3,3
2015-10-23,2015-16,Vallecano,Espanol,3,0
2015-10-24,2015-16,Celta,Real Madrid,1,3
2015-10-24,2015-16,Granada,Betis,1,1
2015-10-24,2015-16,Malaga,La Coruna,2,0
2015-10-24,2015-16,Sevilla,Getafe,5,0
2015-10-25,2015-16,Ath Madrid,Valencia,2,1
2015-10-25,2015-16,Barcelona,Eibar,3,1
2015-10-25,2015-16,Las Palmas,Villarreal,0,0
2015-10-25,2015-16,Levante,Sociedad,0,4
2015-10-26,2015-16,Ath Bilbao,Sp Gijon,3,0
2015-10-30,2015-16,La Coruna,Ath Madrid,1,1
2015-10-31,2015-16,Getafe,Barcelona,0,2
2015-10-31,2015-16,Real Madrid,Las Palmas,3,1
2015-10-31,2015-16,Sociedad,Celta,2,3
2015-10-31,2015-16,Valencia,Levante,3,0
2015-10-31,2015-16,Villarreal,Sevilla,2,1
2015-11-01,2015-16,Betis,Ath Bilbao,1,3
2015-11-01,2015-16,Eibar,Vallecano,1,0
2015-11-01,2015-16,Espanol,Granada,1,1
2015-11-01,2015-16,Sp Gijon,Malaga,1,0
2015-11-06,2015-16,Las Palmas,Sociedad,2,0
2015-11-07,2015-16,Celta,Valencia,1,5
2015-11-07,2015-16,Eibar,Getafe,3,1
2015-11-07,2015-16,Levante,La Coruna,1,1
2015-11-07,2015-16,Malaga,Betis,0,1
2015-11-07,2015-16,Vallecano,Granada,2,1
2015-11-08,2015-16,Ath Bilbao,Espanol,2,1
2015-11-08,2015-16,Ath Madrid,Sp Gijon,1,0
2015-11-08,2015-16,Barcelona,Villarreal,3,0
2015-11-08,2015-16,Sevilla,Real Madrid,3,2
2015-11-21,2015-16,Espanol,Malaga,2,0
2015-11-21,2015-16,La Coruna,Celta,2,0
2015-11-21,2015-16,Real Madrid,Barcelona,0,4
2015-11-21,2015-16,Sociedad,Sevilla,2,0
2015-11-21,2015-16,Valencia,Las Palmas,1,1
2015-11-22,2015-16,Betis,Ath Madrid,0,1
2015-11-22,2015-16,Granada,Ath Bilbao,2,0
2015-11-22,2015-16,Sp Gijon,Levante,0,3
2015-11-22,2015-16,Villarreal,Eibar,1,1
2015-11-23,2015-16,Getafe,Vallecano,1,1
2015-11-27,2015-16,Levante,Betis,0,1
2015-11-28,2015-16,Ath Madrid,Espanol,1,0
2015-11-28,2015-16,Barcelona,Sociedad,4,0
2015-11-28,2015-16,Celta,Sp Gijon,2,1
2015-11-28,2015-16,Las Palmas,La Coruna,0,2
2015-11-28,2015-16,Malaga,Granada,2,2
2015-11-29,2015-16,Eibar,Real Madrid,0,2
2015-11-29,2015-16,Getafe,Villarreal,2,0
2015-11-29,2015-16,Sevilla,Valencia,1,0
2015-11-29,2015-16,Vallecano,Ath Bilbao,0,3
2015-12-05,2015-16,Betis,Celta,1,1
2015-12-05,2015-16,Granada,Ath Madrid,0,2
2015-12-05,2015-16,La Coruna,Sevilla,1,1
2015-12-05,2015-16,Real Madrid,Getafe,4,1
2015-12-05,2015-16,Valencia,Barcelona,1,1
2015-12-06,2015-16,Ath Bilbao,Malaga,0,0
2015-12-06,2015-16,Sociedad,Eibar,2,1
2015-12-06,2015-16,Sp Gijon,Las Palmas,3,1
2015-12-06,2015-16,Villarreal,Vallecano,2,1
2015-12-07,2015-16,Espanol,Levante,1,1
2015-12-11,2015-16,Getafe,Sociedad,1,1
2015-12-12,2015-16,Barcelona,La Coruna,2,2
2015-12-12,2015-16,Celta,Espanol,1,0
2015-12-12,2015-16,Las Palmas,Betis,1,0
2015-12-12,2015-16,Levante,Granada,1,2
2015-12-12,2015-16,Sevilla,Sp Gijon,2,0
2015-12-13,2015-16,Ath Madrid,Ath Bilbao,2,1
2015-12-13,2015-16,Eibar,Valencia,1,1
2015-12-13,2015-16,Vallecano,Malaga,1,2
2015-12-13,2015-16,Villarreal,Real Madrid,1,0
2015-12-19,2015-16,Betis,Sevilla,0,0
2015-12-19,2015-16,Espanol,Las Palmas,1,0
2015-12-19,2015-16,La Coruna,Eibar,2,0
2015-12-19,2015-16,Valencia,Getafe,2,2
2015-12-20,2015-16,Ath Bilbao,Levante,2,0
2015-12-20,2015-16,Granada,Celta,0,2
2015-12-20,2015-16,Malaga,Ath Madrid,1,0
2015-12-20,2015-16,Real Madrid,Vallecano,10,2
2015-12-20,2015-16,Sociedad,Villarreal,0,2
2015-12-30,2015-16,Barcelona,Betis,4,0
2015-12-30,2015-16,Celta,Ath Bilbao,0,1
2015-12-30,2015-16,Eibar,Sp Gijon,2,0
2015-12-30,2015-16,Getafe,La Coruna,0,0
2015-12-30,2015-16,Las Palmas,Granada,4,1
2015-12-30,2015-16,Levante,Malaga,0,1
2015-12-30,2015-16,Real Madrid,Sociedad,3,1
2015-12-30,2015-16,Sevilla,Espanol,2,0
2015-12-30,2015-16,Vallecano,Ath Madrid,0,2
2015-12-31,2015-16,Villarreal,Valencia,1,0
2016-01-02,2015-16,Ath Madrid,Levante,1,0
2016-01-02,2015-16,Espanol,Barcelona,0,0
2016-01-02,2015-16,Malaga,Celta,2,0
2016-01-03,2015-16,Ath Bilbao,Las Palmas,2,2
2016-01-03,2015-16,Betis,Eibar,0,4
2016-01-03,2015-16,Granada,Sevilla,2,1
2016-01-03,2015-16,La Coruna,Villarreal,1,2
2016-01-03,2015-16,Valencia,Real Madrid,2,2
2016-01-03,2015-16,Vallecano,Sociedad,2,2
2016-01-04,2015-16,Sp Gijon,Getafe,1,2
2016-01-09,2015-16,Barcelona,Granada,4,0
2016-01-09,2015-16,Getafe,Betis,1,0
2016-01-09,2015-16,Levante,Vallecano,2,1
2016-01-09,2015-16,Real Madrid,La Coruna,5,0
2016-01-09,2015-16,Sevilla,Ath Bilbao,2,0
2016-01-10,2015-16,Celta,Ath Madrid,0,2
2016-01-10,2015-16,Eibar,Espanol,2,1
2016-01-10,2015-16,Las Palmas,Malaga,1,1
2016-01-10,2015-16,Sociedad,Valencia,2,0
2016-01-10,2015-16,Villarreal,Sp Gijon,2,0
2016-01-16,2015-16,Celta,Levante,4,3
2016-01-16,2015-16,Sevilla,Malaga,2,1
2016-01-16,2015-16,Sociedad,La Coruna,1,1
2016-01-16,2015-16,Villarreal,Betis,0,0
2016-01-17,2015-16,Barcelona,Ath Bilbao,6,0
2016-01-17,2015-16,Getafe,Espanol,3,1
2016-01-17,2015-16,Las Palmas,Ath Madrid,0,3
2016-01-17,2015-16,Real Madrid,Sp Gijon,5,1
2016-01-17,2015-16,Valencia,Vallecano,2,2
2016-01-18,2015-16,Eibar,Granada,5,1
2016-01-22,2015-16,Sp Gijon,Sociedad,5,1
2016-01-23,2015-16,Espanol,Villarreal,2,2
2016-01-23,2015-16,Granada,Getafe,3,2
2016-01-23,2015-16,Malaga,Barcelona,1,2
2016-01-23,2015-16,Vallecano,Celta,3,0
2016-01-24,2015-16,Ath Bilbao,Eibar,5,2
2016-01-24,2015-16,Ath Madrid,Sevilla,0,0
2016-01-24,2015-16,Betis,Real Madrid,1,1
2016-01-24,2015-16,La Coruna,Valencia,1,1
2016-01-25,2015-16,Levante,Las Palmas,3,2
2016-01-30,2015-16,Barcelona,Ath Madrid,2,1
2016-01-30,2015-16,Eibar,Malaga,1,2
2016-01-30,2015-16,Getafe,Ath Bilbao,0,1
2016-01-30,2015-16,Sociedad,Betis,2,1
2016-01-30,2015-16,Villarreal,Granada,1,0
2016-01-31,2015-16,Las Palmas,Celta,2,1
2016-01-31,2015-16,Real Madrid,Espanol,6,0
2016-01-31,2015-16,Sevilla,Levante,3,1
2016-01-31,2015-16,Valencia,Sp Gijon,0,1
2016-02-01,2015-16,La Coruna,Vallecano,2,2
2016-02-05,2015-16,Malaga,Getafe,3,0
2016-02-06,2015-16,Ath Bilbao,Villarreal,0,0
2016-02-06,2015-16,Ath Madrid,Eibar,3,1
2016-02-06,2015-16,Sp Gijon,La Coruna,1,1
2016-02-06,2015-16,Vallecano,Las Palmas,2,0
2016-02-07,2015-16,Betis,Valencia,1,0
2016-02-07,2015-16,Celta,Sevilla,1,1
2016-02-07,2015-16,Granada,Real Madrid,1,2
2016-02-07,2015-16,Levante,Barcelona,0,2
2016-02-08,2015-16,Espanol,Sociedad,0,5
2016-02-12,2015-16,Sp Gijon,Vallecano,2,2
2016-02-13,2015-16,La Coruna,Betis,2,2
2016-02-13,2015-16,Real Madrid,Ath Bilbao,4,2
2016-02-13,2015-16,Valencia,Espanol,2,1
2016-02-13,2015-16,Villarreal,Malaga,1,0
2016-02-14,2015-16,Barcelona,Celta,6,1
2016-02-14,2015-16,Eibar,Levante,2,0
2016-02-14,2015-16,Getafe,Ath Madrid,0,1
2016-02-14,2015-16,Sevilla,Las Palmas,2,0
2016-02-14,2015-16,Sociedad,Granada,3,0
2016-02-17,2015-16,Sp Gijon,Barcelona,1,3
2016-02-19,2015-16,Levante,Getafe,3,0
2016-02-20,2015-16,Betis,Sp Gijon,1,1
2016-02-20,2015-16,Celta,Eibar,3,2
2016-02-20,2015-16,Espanol,La Coruna,1,0
2016-02-20,2015-16,Las Palmas,Barcelona,1,2
2016-02-21,2015-16,Ath Bilbao,Sociedad,0,1
2016-02-21,2015-16,Ath Madrid,Villarreal,0,0
2016-02-21,2015-16,Granada,Valencia,1,2
2016-02-21,2015-16,Malaga,Real Madrid,1,1
2016-02-21,2015-16,Vallecano,Sevilla,2,2
2016-02-26,2015-16,Eibar,Las Palmas,0,1
2016-02-27,2015-16,Betis,Vallecano,2,2
2016-02-27,2015-16,Getafe,Celta,0,1
2016-02-27,2015-16,Real Madrid,Ath Madrid,0,1
2016-02-27,2015-16,Sociedad,Malaga,1,1
2016-02-27,2015-16,Sp Gijon,Espanol,2,4
2016-02-28,2015-16,Barcelona,Sevilla,2,1
2016-02-28,2015-16,La Coruna,Granada,0,1
2016-02-28,2015-16,Valencia,Ath Bilbao,0,3
2016-02-28,2015-16,Villarreal,Levante,3,0
2016-03-01,2015-16,Ath Madrid,Sociedad,3,0
2016-03-01,2015-16,Las Palmas,Getafe,4,0
2016-03-02,2015-16,Ath Bilbao,La Coruna,4,1
2016-03-02,2015-16,Celta,Villarreal,0,0
2016-03-02,2015-16,Levante,Real Madrid,1,3
2016-03-02,2015-16,Malaga,Valencia,1,2
2016-03-02,2015-16,Sevilla,Eibar,1,0
2016-03-03,2015-16,Espanol,Betis,0,3
2016-03-03,2015-16,Granada,Sp Gijon,2,0
2016-03-03,2015-16,Vallecano,Barcelona,1,5
2016-03-05,2015-16,Getafe,Sevilla,1,1
2016-03-05,2015-16,La Coruna,Malaga,3,3
2016-03-05,2015-16,Real Madrid,Celta,7,1
2016-03-05,2015-16,Villarreal,Las Palmas,0,1
2016-03-06,2015-16,Betis,Granada,2,0
2016-03-06,2015-16,Eibar,Barcelona,0,4
2016-03-06,2015-16,Sociedad,Levante,1,1
2016-03-06,2015-16,Sp Gijon,Ath Bilbao,0,2
2016-03-06,2015-16,Valencia,Ath Madrid,1,3
2016-03-07,2015-16,Espanol,Vallecano,2,1
2016-03-11,2015-16,Malaga,Sp Gijon,1,0
2016-03-12,2015-16,Ath Madrid,La Coruna,3,0
2016-03-12,2015-16,Barcelona,Getafe,6,0
2016-03-12,2015-16,Celta,Sociedad,1,0
2016-03-12,2015-16,Vallecano,Eibar,1,1
2016-03-13,2015-16,Ath Bilbao,Betis,3,1
2016-03-13,2015-16,Las Palmas,Real Madrid,1,2
2016-03-13,2015-16,Levante,Valencia,1,0
2016-03-13,2015-16,Sevilla,Villarreal,4,2
2016-03-14,2015-16,Granada,Espanol,1,1
2016-03-18,2015-16,Getafe,Eibar,1,1
2016-03-19,2015-16,Betis,Malaga,0,1
2016-03-19,2015-16,Granada,Vallecano,2,2
2016-03-19,2015-16,La Coruna,Levante,2,1
2016-03-19,2015-16,Sociedad,Las Palmas,0,1
2016-03-19,2015-16,Sp Gijon,Ath Madrid,2,1
2016-03-20,2015-16,Espanol,Ath Bilbao,2,1
2016-03-20,2015-16,Real Madrid,Sevilla,4,0
2016-03-20,2015-16,Valencia,Celta,0,2
2016-03-20,2015-16,Villarreal,Barcelona,2,2
2016-04-01,2015-16,Vallecano,Getafe,2,0
2016-04-02,2015-16,Ath Madrid,Betis,5,1
2016-04-02,2015-16,Barcelona,Real Madrid,1,2
2016-04-02,2015-16,Celta,La Coruna,1,1
2016-04-02,2015-16,Las Palmas,Valencia,2,1
2016-04-03,2015-16,Ath Bilbao,Granada,1,1
2016-04-03,2015-16,Eibar,Villarreal,1,2
2016-04-03,2015-16,Malaga,Espanol,1,1
2016-04-03,2015-16,Sevilla,Sociedad,1,2
2016-04-04,2015-16,Levante,Sp Gijon,0,0
2016-04-08,2015-16,Granada,Malaga,0,0
2016-04-09,2015-16,Betis,Levante,1,0
2016-04-09,2015-16,Espanol,Ath Madrid,1,3
2016-04-09,2015-16,Real Madrid,Eibar,4,0
2016-04-09,2015-16,Sociedad,Barcelona,1,0
2016-04-10,2015-16,Ath Bilbao,Vallecano,1,0
2016-04-10,2015-16,Sp Gijon,Celta,0,1
2016-04-10,2015-16,Valencia,Sevilla,2,1
2016-04-10,2015-16,Villarreal,Getafe,2,0
2016-04-11,2015-16,La Coruna,Las Palmas,1,3
2016-04-15,2015-16,Levante,Espanol,2,1
2016-04-16,2015-16,Celta,Betis,1,1
2016-04-16,2015-16,Eibar,Sociedad,2,1
2016-04-16,2015-16,Getafe,Real Madrid,1,5
2016-04-16,2015-16,Las Palmas,Sp Gijon,1,1
2016-04-17,2015-16,Ath Madrid,Granada,3,0
2016-04-17,2015-16,Barcelona,Valencia,1,2
2016-04-17,2015-16,Malaga,Ath Bilbao,0,1
2016-04-17,2015-16,Sevilla,La Coruna,1,1
2016-04-17,2015-16,Vallecano,Villarreal,2,1
2016-04-19,2015-16,Betis,Las Palmas,1,0
2016-04-19,2015-16,Espanol,Celta,1,1
2016-04-20,2015-16,Ath Bilbao,Ath Madrid,0,1
2016-04-20,2015-16,La Coruna,Barcelona,0,8
2016-04-20,2015-16,Malaga,Vallecano,1,1
2016-04-20,2015-16,Real Madrid,Villarreal,3,0
2016-04-20,2015-16,Sp Gijon,Sevilla,2,1
2016-04-20,2015-16,Valencia,Eibar,4,0
2016-04-21,2015-16,Granada,Levante,5,1
2016-04-21,2015-16,Sociedad,Getafe,1,2
2016-04-22,2015-16,Las Palmas,Espanol,4,0
2016-04-23,2015-16,Ath Madrid,Malaga,1,0
2016-04-23,2015-16,Barcelona,Sp Gijon,6,0
2016-04-23,2015-16,Eibar,La Coruna,1,1
2016-04-23,2015-16,Vallecano,Real Madrid,2,3
2016-04-24,2015-16,Getafe,Valencia,2,2
2016-04-24,2015-16,Levante,Ath Bilbao,2,2
2016-04-24,2015-16,Sevilla,Betis,2,0
2016-04-24,2015-16,Villarreal,Sociedad,0,0
2016-04-25,2015-16,Celta,Granada,2,1
2016-04-29,2015-16,Sp Gijon,Eibar,2,0
2016-04-30,2015-16,Ath Madrid,Vallecano,1,0
2016-04-30,2015-16,Betis,Barcelona,0,2
2016-04-30,2015-16,Granada,Las Palmas,3,2
2016-04-30,2015-16,Sociedad,Real Madrid,0,1
2016-05-01,2015-16,Ath Bilbao,Celta,2,1
2016-05-01,2015-16,Espanol,Sevilla,1,0
2016-05-01,2015-16,La Coruna,Getafe,0,2
2016-05-01,2015-16,Valencia,Villarreal,0,2
2016-05-02,2015-16,Malaga,Levante,3,1
2016-05-08,2015-16,Barcelona,Espanol,5,0
2016-05-08,2015-16,Celta,Malaga,1,0
2016-05-08,2015-16,Eibar,Betis,1,1
2016-05-08,2015-16,Getafe,Sp Gijon,1,1
2016-05-08,2015-16,Las Palmas,Ath Bilbao,0,0
2016-05-08,2015-16,Levante,Ath Madrid,2,1
2016-05-08,2015-16,Real Madrid,Valencia,3,2
2016-05-08,2015-16,Sevilla,Granada,1,4
2016-05-08,2015-16,Sociedad,Vallecano,2,1
2016-05-08,2015-16,Villarreal,La Coruna,0,2
2016-05-13,2015-16,Valencia,Sociedad,0,1
2016-05-14,2015-16,Ath Bilbao,Sevilla,3,1
2016-05-14,2015-16,Ath Madrid,Celta,2,0
2016-05-14,2015-16,Granada,Barcelona,0,3
2016-05-14,2015-16,La Coruna,Real Madrid,0,2
2016-05-15,2015-16,Betis,Getafe,2,1
2016-05-15,2015-16,Espanol,Eibar,4,2
2016-05-15,2015-16,Malaga,Las Palmas,4,1
2016-05-15,2015-16,Sp Gijon,Villarreal,2,0
2016-05-15,2015-16,Vallecano,Levante,3,1
2016-08-19,2016-17,La Coruna,Eibar,2,1
2016-08-19,2016-17,Malaga,Osasuna,1,1
2016-08-20,2016-17,Barcelona,Betis,6,2
2016-08-20,2016-17,Granada,Villarreal,1,1
2016-08-20,2016-17,Sevilla,Espanol,6,4
2016-08-21,2016-17,Ath Madrid,Alaves,1,1
2016-08-21,2016-17,Sociedad,Real Madrid,0,3
2016-08-21,2016-17,Sp Gijon,Ath Bilbao,2,1
2016-08-22,2016-17,Celta,Leganes,0,1
2016-08-22,2016-17,Valencia,Las Palmas,2,4
2016-08-26,2016-17,Betis,La Coruna,0,0
2016-08-26,2016-17,Espanol,Malaga,2,2
2016-08-27,2016-17,Eibar,Valencia,1,0
2016-08-27,2016-17,Leganes,Ath Madrid,0,0
2016-08-27,2016-17,Osasuna,Sociedad,0,2
2016-08-27,2016-17,Real Madrid,Celta,2,1
2016-08-28,2016-17,Alaves,Sp Gijon,0,0
2016-08-28,2016-17,Ath Bilbao,Barcelona,0,1
2016-08-28,2016-17,Las Palmas,Granada,5,1
2016-08-28,2016-17,Villarreal,Sevilla,0,0
2016-09-09,2016-17,Sociedad,Espanol,1,1
2016-09-10,2016-17,Barcelona,Alaves,1,2
2016-09-10,2016-17,Celta,Ath Madrid,0,4
2016-09-10,2016-17,Malaga,Villarreal,0,2
2016-09-10,2016-17,Real Madrid,Osasuna,5,2
2016-09-10,2016-17,Sevilla,Las Palmas,2,1
2016-09-11,2016-17,Granada,Eibar,1,2
2016-09-11,2016-17,La Coruna,Ath Bilbao,0,1
2016-09-11,2016-17,Sp Gijon,Leganes,2,1
2016-09-11,2016-17,Valencia,Betis,2,3
2016-09-16,2016-17,Betis,Granada,2,2
2016-09-17,2016-17,Ath Madrid,Sp Gijon,5,0
2016-09-17,2016-17,Eibar,Sevilla,1,1
2016-09-17,2016-17,Las Palmas,Malaga,1,0
2016-09-17,2016-17,Leganes,Barcelona,1,5
2016-09-18,2016-17,Ath Bilbao,Valencia,2,1
2016-09-18,2016-17,Espanol,Real Madrid,0,2
2016-09-18,2016-17,Osasuna,Celta,0,0
2016-09-18,2016-17,Villarreal,Sociedad,2,1
2016-09-19,2016-17,Alaves,La Coruna,0,0
2016-09-20,2016-17,Malaga,Eibar,2,1
2016-09-20,2016-17,Sevilla,Betis,1,0
2016-09-21,2016-17,Barcelona,Ath Madrid,1,1
2016-09-21,2016-17,Celta,Sp Gijon,2,1
2016-09-21,2016-17,Granada,Ath Bilbao,1,2
2016-09-21,2016-17,Real Madrid,Villarreal,1,1
2016-09-21,2016-17,Sociedad,Las Palmas,4,1
2016-09-22,2016-17,La Coruna,Leganes,1,2
2016-09-22,2016-17,Osasuna,Espanol,1,2
2016-09-22,2016-17,Valencia,Alaves,2,1
2016-09-23,2016-17,Betis,Malaga,1,0
2016-09-24,2016-17,Ath Bilbao,Sevilla,3,1
2016-09-24,2016-17,Eibar,Sociedad,2,0
2016-09-24,2016-17,Las Palmas,Real Madrid,2,2
2016-09-24,2016-17,Sp Gijon,Barcelona,0,5
2016-09-25,2016-17,Ath Madrid,La Coruna,1,0
2016-09-25,2016-17,Espanol,Celta,0,2
2016-09-25,2016-17,Leganes,Valencia,1,2
2016-09-25,2016-17,Villarreal,Osasuna,3,1
2016-09-26,2016-17,Alaves,Granada,3,1
2016-09-30,2016-17,Sociedad,Betis,1,0
2016-10-01,2016-17,Granada,Leganes,0,1
2016-10-01,2016-17,La Coruna,Sp Gijon,2,1
2016-10-01,2016-17,Osasuna,Las Palmas,2,2
2016-10-01,2016-17,Sevilla,Alaves,2,1
2016-10-02,2016-17,Celta,Barcelona,4,3
2016-10-02,2016-17,Espanol,Villarreal,0,0
2016-10-02,2016-17,Malaga,Ath Bilbao,2,1
2016-10-02,2016-17,Real Madrid,Eibar,1,1
2016-10-02,2016-17,Valencia,Ath Madrid,0,2
2016-10-14,2016-17,Las Palmas,Espanol,0,0
2016-10-15,2016-17,Ath Madrid,Granada,7,1
2016-10-15,2016-17,Barcelona,La Coruna,4,0
2016-10-15,2016-17,Betis,Real Madrid,1,6
2016-10-15,2016-17,Leganes,Sevilla,2,3
2016-10-16,2016-17,Alaves,Malaga,1,1
2016-10-16,2016-17,Ath Bilbao,Sociedad,3,2
2016-10-16,2016-17,Sp Gijon,Valencia,1,2
2016-10-16,2016-17,Villarreal,Celta,5,0
2016-10-17,2016-17,Eibar,Osasuna,2,3
2016-10-21,2016-17,Osasuna,Betis,1,2
2016-10-22,2016-17,Espanol,Eibar,3,3
2016-10-22,2016-17,Granada,Sp Gijon,0,0
2016-10-22,2016-17,Sociedad,Alaves,3,0
2016-10-22,2016-17,Valencia,Barcelona,2,3
2016-10-23,2016-17,Celta,La Coruna,4,1
2016-10-23,2016-17,Malaga,Leganes,4,0
2016-10-23,2016-17,Real Madrid,Ath Bilbao,2,1
2016-10-23,2016-17,Sevilla,Ath Madrid,1,0
2016-10-23,2016-17,Villarreal,Las Palmas,2,1
2016-10-28,2016-17,Leganes,Sociedad,0,2
2016-10-29,2016-17,Alaves,Real Madrid,1,4
2016-10-29,2016-17,Ath Madrid,Malaga,4,2
2016-10-29,2016-17,Barcelona,Granada,1,0
2016-10-29,2016-17,Sp Gijon,Sevilla,1,1
2016-10-30,2016-17,Ath Bilbao,Osasuna,1,1
2016-10-30,2016-17,Betis,Espanol,0,1
2016-10-30,2016-17,Eibar,Villarreal,2,1
2016-10-30,2016-17,Las Palmas,Celta,3,3
2016-10-31,2016-17,La Coruna,Valencia,1,1
2016-11-04,2016-17,Malaga,Sp Gijon,3,2
2016-11-05,2016-17,Granada,La Coruna,1,1
2016-11-05,2016-17,Las Palmas,Eibar,1,0
2016-11-05,2016-17,Osasuna,Alaves,0,1
2016-11-05,2016-17,Sociedad,Ath Madrid,2,0
2016-11-06,2016-17,Celta,Valencia,2,1
2016-11-06,2016-17,Espanol,Ath Bilbao,0,0
2016-11-06,2016-17,Real Madrid,Leganes,3,0
2016-11-06,2016-17,Sevilla,Barcelona,1,2
2016-11-06,2016-17,Villarreal,Betis,2,0
2016-11-18,2016-17,Betis,Las Palmas,2,0
2016-11-19,2016-17,Ath Madrid,Real Madrid,0,3
2016-11-19,2016-17,Barcelona,Malaga,0,0
2016-11-19,2016-17,Eibar,Celta,1,0
2016-11-19,2016-17,La Coruna,Sevilla,2,3
2016-11-20,2016-17,Alaves,Espanol,0,1
2016-11-20,2016-17,Ath Bilbao,Villarreal,1,0
2016-11-20,2016-17,Sp Gijon,Sociedad,1,3
2016-11-20,2016-17,Valencia,Granada,1,1
2016-11-21,2016-17,Leganes,Osasuna,2,0
2016-11-25,2016-17,Eibar,Betis,3,1
2016-11-26,2016-17,Espanol,Leganes,3,0
2016-11-26,2016-17,Malaga,La Coruna,4,3
2016-11-26,2016-17,Real Madrid,Sp Gijon,2,1
2016-11-26,2016-17,Sevilla,Valencia,2,1
2016-11-27,2016-17,Celta,Granada,3,1
2016-11-27,2016-17,Osasuna,Ath Madrid,0,3
2016-11-27,2016-17,Sociedad,Barcelona,1,1
2016-11-27,2016-17,Villarreal,Alaves,0,2
2016-11-28,2016-17,Las Palmas,Ath Bilbao,3,1
2016-12-03,2016-17,Ath Madrid,Espanol,0,0
2016-12-03,2016-17,Barcelona,Real Madrid,1,1
2016-12-03,2016-17,Granada,Sevilla,2,1
2016-12-03,2016-17,Leganes,Villarreal,0,0
2016-12-04,2016-17,Alaves,Las Palmas,1,1
2016-12-04,2016-17,Ath Bilbao,Eibar,3,1
2016-12-04,2016-17,Betis,Celta,3,3
2016-12-04,2016-17,Sp Gijon,Osasuna,3,1
2016-12-04,2016-17,Valencia,Malaga,2,2
2016-12-05,2016-17,La Coruna,Sociedad,5,1
2016-12-09,2016-17,Malaga,Granada,1,1
2016-12-10,2016-17,Las Palmas,Leganes,1,1
2016-12-10,2016-17,Osasuna,Barcelona,0,3
2016-12-10,2016-17,Real Madrid,La Coruna,3,2
2016-12-10,2016-17,Sociedad,Valencia,3,2
2016-12-11,2016-17,Betis,Ath Bilbao,1,0
2016-12-11,2016-17,Celta,Sevilla,0,3
2016-12-11,2016-17,Eibar,Alaves,0,0
2016-12-11,2016-17,Espanol,Sp Gijon,2,1
2016-12-12,2016-17,Villarreal,Ath Madrid,3,0
2016-12-16,2016-17,Alaves,Betis,1,0
2016-12-17,2016-17,Ath Madrid,Las Palmas,1,0
2016-12-17,2016-17,Granada,Sociedad,0,2
2016-12-17,2016-17,Sevilla,Malaga,4,1
2016-12-17,2016-17,Sp Gijon,Villarreal,1,3
2016-12-18,2016-17,Barcelona,Espanol,4,1
2016-12-18,2016-17,La Coruna,Osasuna,2,0
2016-12-18,2016-17,Leganes,Eibar,1,1
2016-12-19,2016-17,Ath Bilbao,Celta,2,1
2017-01-06,2016-17,Espanol,La Coruna,1,1
2017-01-07,2016-17,Eibar,Ath Madrid,0,2
2017-01-07,2016-17,Las Palmas,Sp Gijon,1,0
2017-01-07,2016-17,Real Madrid,Granada,5,0
2017-01-07,2016-17,Sociedad,Sevilla,0,4
2017-01-08,2016-17,Ath Bilbao,Alaves,0,0
2017-01-08,2016-17,Betis,Leganes,2,0
2017-01-08,2016-17,Celta,Malaga,3,1
2017-01-08,2016-17,Villarreal,Barcelona,1,1
2017-01-09,2016-17,Osasuna,Valencia,3,3
2017-01-14,2016-17,Ath Madrid,Betis,1,0
2017-01-14,2016-17,Barcelona,Las Palmas,5,0
2017-01-14,2016-17,La Coruna,Villarreal,0,0
2017-01-14,2016-17,Leganes,Ath Bilbao,0,0
2017-01-15,2016-17,Celta,Alaves,1,0
2017-01-15,2016-17,Granada,Osasuna,1,1
2017-01-15,2016-17,Sevilla,Real Madrid,2,1
2017-01-15,2016-17,Sp Gijon,Eibar,2,3
2017-01-15,2016-17,Valencia,Espanol,2,1
2017-01-16,2016-17,Malaga,Sociedad,0,2
2017-01-20,2016-17,Las Palmas,La Coruna,1,1
2017-01-21,2016-17,Alaves,Leganes,2,2
2017-01-21,2016-17,Espanol,Granada,3,1
2017-01-21,2016-17,Real Madrid,Malaga,2,1
2017-01-21,2016-17,Villarreal,Valencia,0,2
2017-01-22,2016-17,Ath Bilbao,Ath Madrid,2,2
2017-01-22,2016-17,Betis,Sp Gijon,0,0
2017-01-22,2016-17,Eibar,Barcelona,0,4
2017-01-22,2016-17,Osasuna,Sevilla,3,4
2017-01-22,2016-17,Sociedad,Celta,1,0
2017-01-27,2016-17,Osasuna,Malaga,1,1
2017-01-28,2016-17,Alaves,Ath Madrid,0,0
2017-01-28,2016-17,Eibar,La Coruna,3,1
2017-01-28,2016-17,Leganes,Celta,0,2
2017-01-28,2016-17,Villarreal,Granada,2,0
2017-01-29,2016-17,Ath Bilbao,Sp Gijon,2,1
2017-01-29,2016-17,Betis,Barcelona,1,1
2017-01-29,2016-17,Espanol,Sevilla,3,1
2017-01-29,2016-17,Real Madrid,Sociedad,3,0
2017-01-30,2016-17,Las Palmas,Valencia,3,1
2017-02-04,2016-17,Ath Madrid,Leganes,2,0
2017-02-04,2016-17,Barcelona,Ath Bilbao,3,0
2017-02-04,2016-17,Malaga,Espanol,0,1
2017-02-04,2016-17,Valencia,Eibar,0,4
2017-02-05,2016-17,Sevilla,Villarreal,0,0
2017-02-05,2016-17,Sociedad,Osasuna,3,2
2017-02-05,2016-17,Sp Gijon,Alaves,2,4
2017-02-06,2016-17,Granada,Las Palmas,1,0
2017-02-10,2016-17,Espanol,Sociedad,1,2
2017-02-11,2016-17,Alaves,Barcelona,0,6
2017-02-11,2016-17,Ath Bilbao,La Coruna,2,1
2017-02-11,2016-17,Betis,Valencia,0,0
2017-02-11,2016-17,Osasuna,Real Madrid,1,3
2017-02-12,2016-17,Ath Madrid,Celta,3,2
2017-02-12,2016-17,Las Palmas,Sevilla,0,1
2017-02-12,2016-17,Leganes,Sp Gijon,0,2
2017-02-12,2016-17,Villarreal,Malaga,1,1
2017-02-13,2016-17,Eibar,Granada,4,0
2017-02-17,2016-17,Granada,Betis,4,1
2017-02-18,2016-17,La Coruna,Alaves,0,1
2017-02-18,2016-17,Real Madrid,Espanol,2,0
2017-02-18,2016-17,Sevilla,Eibar,2,0
2017-02-18,2016-17,Sp Gijon,Ath Madrid,1,4
2017-02-19,2016-17,Barcelona,Leganes,2,1
2017-02-19,2016-17,Celta,Osasuna,3,0
2017-02-19,2016-17,Sociedad,Villarreal,0,1
2017-02-19,2016-17,Valencia,Ath Bilbao,2,0
2017-02-20,2016-17,Malaga,Las Palmas,2,1
2017-02-22,2016-17,Valencia,Real Madrid,2,1
2017-02-24,2016-17,Las Palmas,Sociedad,0,1
2017-02-25,2016-17,Alaves,Valencia,2,1
2017-02-25,2016-17,Betis,Sevilla,1,2
2017-02-25,2016-17,Eibar,Malaga,3,0
2017-02-25,2016-17,Leganes,La Coruna,4,0
2017-02-26,2016-17,Ath Bilbao,Granada,3,1
2017-02-26,2016-17,Ath Madrid,Barcelona,1,2
2017-02-26,2016-17,Espanol,Osasuna,3,0
2017-02-26,2016-17,Sp Gijon,Celta,1,1
2017-02-26,2016-17,Villarreal,Real Madrid,2,3
2017-02-28,2016-17,Malaga,Betis,1,2
2017-02-28,2016-17,Sociedad,Eibar,2,2
2017-02-28,2016-17,Valencia,Leganes,1,0
2017-03-01,2016-17,Barcelona,Sp Gijon,6,1
2017-03-01,2016-17,Celta,Espanol,2,2
2017-03-01,2016-17,Granada,Alaves,2,1
2017-03-01,2016-17,Osasuna,Villarreal,1,4
2017-03-01,2016-17,Real Madrid,Las Palmas,3,3
2017-03-02,2016-17,La Coruna,Ath Madrid,1,1
2017-03-02,2016-17,Sevilla,Ath Bilbao,1,0
2017-03-03,2016-17,Betis,Sociedad,2,3
2017-03-04,2016-17,Barcelona,Celta,5,0
2017-03-04,2016-17,Eibar,Real Madrid,1,4
2017-03-04,2016-17,Leganes,Granada,1,0
2017-03-04,2016-17,Villarreal,Espanol,2,0
2017-03-05,2016-17,Ath Bilbao,Malaga,1,0
2017-03-05,2016-17,Ath Madrid,Valencia,3,0
2017-03-05,2016-17,Las Palmas,Osasuna,5,2
2017-03-05,2016-17,Sp Gijon,La Coruna,0,1
2017-03-06,2016-17,Alaves,Sevilla,1,1
2017-03-08,2016-17,La Coruna,Betis,1,1
2017-03-10,2016-17,Espanol,Las Palmas,4,3
2017-03-11,2016-17,Granada,Ath Madrid,0,1
2017-03-11,2016-17,Malaga,Alaves,1,2
2017-03-11,2016-17,Sevilla,Leganes,1,1
2017-03-11,2016-17,Valencia,Sp Gijon,1,1
2017-03-12,2016-17,Celta,Villarreal,0,1
2017-03-12,2016-17,La Coruna,Barcelona,2,1
2017-03-12,2016-17,Real Madrid,Betis,2,1
2017-03-12,2016-17,Sociedad,Ath Bilbao,0,2
2017-03-13,2016-17,Osasuna,Eibar,1,1
2017-03-17,2016-17,Las Palmas,Villarreal,1,0
2017-03-18,2016-17,Alaves,Sociedad,1,0
2017-03-18,2016-17,Ath Bilbao,Real Madrid,1,2
2017-03-18,2016-17,Betis,Osasuna,2,0
2017-03-18,2016-17,Eibar,Espanol,1,1
2017-03-19,2016-17,Ath Madrid,Sevilla,3,1
2017-03-19,2016-17,Barcelona,Valencia,4,2
2017-03-19,2016-17,La Coruna,Celta,0,1
2017-03-19,2016-17,Leganes,Malaga,0,0
2017-03-19,2016-17,Sp Gijon,Granada,3,1
2017-03-31,2016-17,Espanol,Betis,2,1
2017-04-01,2016-17,Malaga,Ath Madrid,0,2
2017-04-01,2016-17,Osasuna,Ath Bilbao,1,2
2017-04-01,2016-17,Sociedad,Leganes,1,1
2017-04-01,2016-17,Villarreal,Eibar,2,3
2017-04-02,2016-17,Granada,Barcelona,1,4
2017-04-02,2016-17,Real Madrid,Alaves,3,0
2017-04-02,2016-17,Sevilla,Sp Gijon,0,0
2017-04-02,2016-17,Valencia,La Coruna,3,0
2017-04-03,2016-17,Celta,Las Palmas,3,1
2017-04-04,2016-17,Ath Bilbao,Espanol,2,0
2017-04-04,2016-17,Ath Madrid,Sociedad,1,0
2017-04-04,2016-17,Betis,Villarreal,0,1
2017-04-05,2016-17,Alaves,Osasuna,0,1
2017-04-05,2016-17,Barcelona,Sevilla,3,0
2017-04-05,2016-17,La Coruna,Granada,0,0
2017-04-05,2016-17,Leganes,Real Madrid,2,4
2017-04-05,2016-17,Sp Gijon,Malaga,0,1
2017-04-06,2016-17,Eibar,Las Palmas,3,1
2017-04-06,2016-17,Valencia,Celta,3,2
2017-04-07,2016-17,Villarreal,Ath Bilbao,3,1
2017-04-08,2016-17,Espanol,Alaves,1,0
2017-04-08,2016-17,Malaga,Barcelona,2,0
2017-04-08,2016-17,Real Madrid,Ath Madrid,1,1
2017-04-08,2016-17,Sevilla,La Coruna,4,2
2017-04-09,2016-17,Celta,Eibar,0,2
2017-04-09,2016-17,Granada,Valencia,1,3
2017-04-09,2016-17,Las Palmas,Betis,4,1
2017-04-09,2016-17,Osasuna,Leganes,2,1
2017-04-10,2016-17,Sociedad,Sp Gijon,3,1
2017-04-14,2016-17,Ath Bilbao,Las Palmas,5,1
2017-04-15,2016-17,Ath Madrid,Osasuna,3,0
2017-04-15,2016-17,Barcelona,Sociedad,3,2
2017-04-15,2016-17,La Coruna,Malaga,2,0
2017-04-15,2016-17,Sp Gijon,Real Madrid,2,3
2017-04-16,2016-17,Betis,Eibar,2,0
2017-04-16,2016-17,Granada,Celta,0,3
2017-04-16,2016-17,Leganes,Espanol,0,1
2017-04-16,2016-17,Valencia,Sevilla,0,0
2017-04-17,2016-17,Alaves,Villarreal,2,1
2017-04-21,2016-17,Sevilla,Granada,2,0
2017-04-22,2016-17,Espanol,Ath Madrid,0,1
2017-04-22,2016-17,Malaga,Valencia,2,0
2017-04-22,2016-17,Osasuna,Sp Gijon,2,2
2017-04-22,2016-17,Villarreal,Leganes,2,1
2017-04-23,2016-17,Celta,Betis,0,1
2017-04-23,2016-17,Las Palmas,Alaves,1,1
2017-04-23,2016-17,Real Madrid,Barcelona,2,3
2017-04-23,2016-17,Sociedad,La Coruna,1,0
2017-04-24,2016-17,Eibar,Ath Bilbao,0,1
2017-04-25,2016-17,Ath Madrid,Villarreal,0,1
2017-04-25,2016-17,Granada,Malaga,0,2
2017-04-25,2016-17,Sp Gijon,Espanol,1,1
2017-04-26,2016-17,Barcelona,Osasuna,7,1
2017-04-26,2016-17,La Coruna,Real Madrid,2,6
2017-04-26,2016-17,Leganes,Las Palmas,3,0
2017-04-26,2016-17,Valencia,Sociedad,2,3
2017-04-27,2016-17,Alaves,Eibar,0,0
2017-04-27,2016-17,Ath Bilbao,Betis,2,1
2017-04-27,2016-17,Sevilla,Celta,2,1
2017-04-28,2016-17,Villarreal,Sp Gijon,3,1
2017-04-29,2016-17,Espanol,Barcelona,0,3
2017-04-29,2016-17,Las Palmas,Ath Madrid,0,5
2017-04-29,2016-17,Real Madrid,Valencia,2,1
2017-04-29,2016-17,Sociedad,Granada,2,1
2017-04-30,2016-17,Betis,Alaves,1,4
2017-04-30,2016-17,Celta,Ath Bilbao,0,3
2017-04-30,2016-17,Eibar,Leganes,2,0
2017-04-30,2016-17,Osasuna,La Coruna,2,2
2017-05-01,2016-17,Malaga,Sevilla,4,2
2017-05-05,2016-17,Sevilla,Sociedad,1,1
2017-05-06,2016-17,Ath Madrid,Eibar,1,0
2017-05-06,2016-17,Barcelona,Villarreal,4,1
2017-05-06,2016-17,Granada,Real Madrid,0,4
2017-05-06,2016-17,Sp Gijon,Las Palmas,1,0
2017-05-07,2016-17,Alaves,Ath Bilbao,1,0
2017-05-07,2016-17,La Coruna,Espanol,1,2
2017-05-07,2016-17,Malaga,Celta,3,0
2017-05-07,2016-17,Valencia,Osasuna,4,1
2017-05-08,2016-17,Leganes,Betis,4,0
2017-05-13,2016-17,Espanol,Valencia,0,1
2017-05-13,2016-17,Osasuna,Granada,2,1
2017-05-14,2016-17,Alaves,Celta,3,1
2017-05-14,2016-17,Ath Bilbao,Leganes,1,1
2017-05-14,2016-17,Betis,Ath Madrid,1,1
2017-05-14,2016-17,Eibar,Sp Gijon,0,1
2017-05-14,2016-17,Las Palmas,Barcelona,1,4
2017-05-14,2016-17,Real Madrid,Sevilla,4,1
2017-05-14,2016-17,Sociedad,Malaga,2,2
2017-05-14,2016-17,Villarreal,La Coruna,0,0
2017-05-17,2016-17,Celta,Real Madrid,1,4
2017-05-19,2016-17,Granada,Espanol,1,2
2017-05-20,2016-17,La Coruna,Las Palmas,3,0
2017-05-20,2016-17,Leganes,Alaves,1,1
2017-05-20,2016-17,Sevilla,Osasuna,5,0
2017-05-20,2016-17,Sp Gijon,Betis,2,2
2017-05-21,2016-17,Ath Madrid,Ath Bilbao,3,1
2017-05-21,2016-17,Barcelona,Eibar,4,2
2017-05-21,2016-17,Celta,Sociedad,2,2
2017-05-21,2016-17,Malaga,Real Madrid,0,2
2017-05-21,2016-17,Valencia,Villarreal,1,3
2017-08-18,2017-18,Leganes,Alaves,1,0
2017-08-18,2017-18,Valencia,Las Palmas,1,0
2017-08-19,2017-18,Celta,Sociedad,2,3
2017-08-19,2017-18,Girona,Ath Madrid,2,2
2017-08-19,2017-18,Sevilla,Espanol,1,1
2017-08-20,2017-18,Ath Bilbao,Getafe,0,0
2017-08-20,2017-18,Barcelona,Betis,2,0
2017-08-20,2017-18,La Coruna,Real Madrid,0,3
2017-08-21,2017-18,Levante,Villarreal,1,0
2017-08-21,2017-18,Malaga,Eibar,0,1
2017-08-25,2017-18,Betis,Celta,2,1
2017-08-25,2017-18,Sociedad,Villarreal,3,0
2017-08-26,2017-18,Alaves,Barcelona,0,2
2017-08-26,2017-18,Girona,Malaga,1,0
2017-08-26,2017-18,Las Palmas,Ath Madrid,1,5
2017-08-26,2017-18,Levante,La Coruna,2,2
2017-08-27,2017-18,Eibar,Ath Bilbao,0,1
2017-08-27,2017-18,Espanol,Leganes,0,1
2017-08-27,2017-18,Getafe,Sevilla,0,1
2017-08-27,2017-18,Real Madrid,Valencia,2,2
2017-09-08,2017-18,Leganes,Getafe,1,2
2017-09-09,2017-18,Barcelona,Espanol,5,0
2017-09-09,2017-18,Real Madrid,Levante,1,1
2017-09-09,2017-18,Sevilla,Eibar,3,0
2017-09-09,2017-18,Valencia,Ath Madrid,0,0
2017-09-10,2017-18,Ath Bilbao,Girona,2,0
2017-09-10,2017-18,Celta,Alaves,1,0
2017-09-10,2017-18,La Coruna,Sociedad,2,4
2017-09-10,2017-18,Villarreal,Betis,3,1
2017-09-11,2017-18,Malaga,Las Palmas,1,3
2017-09-15,2017-18,Eibar,Leganes,1,0
2017-09-16,2017-18,Ath Madrid,Malaga,1,0
2017-09-16,2017-18,Betis,La Coruna,2,1
2017-09-16,2017-18,Getafe,Barcelona,1,2
2017-09-16,2017-18,Levante,Valencia,1,1
2017-09-17,2017-18,Alaves,Villarreal,0,3
2017-09-17,2017-18,Girona,Sevilla,0,1
2017-09-17,2017-18,Las Palmas,Ath Bilbao,1,0
2017-09-17,2017-18,Sociedad,Real Madrid,1,3
2017-09-18,2017-18,Espanol,Celta,2,1
2017-09-19,2017-18,Barcelona,Eibar,6,1
2017-09-19,2017-18,Valencia,Malaga,5,0
2017-09-20,2017-18,Ath Bilbao,Ath Madrid,1,2
2017-09-20,2017-18,La Coruna,Alaves,1,0
2017-09-20,2017-18,Leganes,Girona,0,0
2017-09-20,2017-18,Real Madrid,Betis,0,1
2017-09-20,2017-18,Sevilla,Las Palmas,1,0
2017-09-21,2017-18,Celta,Getafe,1,1
2017-09-21,2017-18,Levante,Sociedad,3,0
2017-09-21,2017-18,Villarreal,Espanol,0,0
2017-09-23,2017-18,Alaves,Real Madrid,1,2
2017-09-23,2017-18,Ath Madrid,Sevilla,2,0
2017-09-23,2017-18,Girona,Barcelona,0,3
2017-09-23,2017-18,Malaga,Ath Bilbao,3,3
2017-09-24,2017-18,Eibar,Celta,0,4
2017-09-24,2017-18,Espanol,La Coruna,4,1
2017-09-24,2017-18,Getafe,Villarreal,4,0
2017-09-24,2017-18,Las Palmas,Leganes,0,2
2017-09-24,2017-18,Sociedad,Valencia,2,3
2017-09-25,2017-18,Betis,Levante,4,0
2017-09-29,2017-18,Celta,Girona,3,3
2017-09-30,2017-18,La Coruna,Getafe,2,1
2017-09-30,2017-18,Leganes,Ath Madrid,0,0
2017-09-30,2017-18,Levante,Alaves,0,2
2017-09-30,2017-18,Sevilla,Malaga,2,0
2017-10-01,2017-18,Barcelona,Las Palmas,3,0
2017-10-01,2017-18,Real Madrid,Espanol,2,0
2017-10-01,2017-18,Sociedad,Betis,4,4
2017-10-01,2017-18,Valencia,Ath Bilbao,3,2
2017-10-01,2017-18,Villarreal,Eibar,3,0
2017-10-13,2017-18,Espanol,Levante,0,0
2017-10-14,2017-18,Alaves,Sociedad,0,2
2017-10-14,2017-18,Ath Bilbao,Sevilla,1,0
2017-10-14,2017-18,Ath Madrid,Barcelona,1,1
2017-10-14,2017-18,Getafe,Real Madrid,1,2
2017-10-15,2017-18,Betis,Valencia,3,6
2017-10-15,2017-18,Eibar,La Coruna,0,0
2017-10-15,2017-18,Girona,Villarreal,1,2
2017-10-15,2017-18,Malaga,Leganes,0,2
2017-10-16,2017-18,Las Palmas,Celta,2,5
2017-10-21,2017-18,Barcelona,Malaga,2,0
2017-10-21,2017-18,Betis,Alaves,2,0
2017-10-21,2017-18,Levante,Getafe,1,1
2017-10-21,2017-18,Valencia,Sevilla,4,0
2017-10-22,2017-18,Celta,Ath Madrid,0,1
2017-10-22,2017-18,Leganes,Ath Bilbao,1,0
2017-10-22,2017-18,Real Madrid,Eibar,3,0
2017-10-22,2017-18,Villarreal,Las Palmas,4,0
2017-10-23,2017-18,La Coruna,Girona,1,2
2017-10-23,2017-18,Sociedad,Espanol,1,1
2017-10-28,2017-18,Alaves,Valencia,1,2
2017-10-28,2017-18,Ath Bilbao,Barcelona,0,2
2017-10-28,2017-18,Ath Madrid,Villarreal,1,1
2017-10-28,2017-18,Sevilla,Leganes,2,1
2017-10-29,2017-18,Eibar,Levante,2,2
2017-10-29,2017-18,Getafe,Sociedad,2,1
2017-10-29,2017-18,Girona,Real Madrid,2,1
2017-10-29,2017-18,Malaga,Celta,2,1
2017-10-30,2017-18,Espanol,Betis,1,0
2017-10-30,2017-18,Las Palmas,La Coruna,1,3
2017-11-03,2017-18,Betis,Getafe,2,2
2017-11-04,2017-18,Alaves,Espanol,1,0
2017-11-04,2017-18,Barcelona,Sevilla,2,1
2017-11-04,2017-18,La Coruna,Ath Madrid,0,1
2017-11-04,2017-18,Valencia,Leganes,3,0
2017-11-05,2017-18,Celta,Ath Bilbao,3,1
2017-11-05,2017-18,Levante,Girona,1,2
2017-11-05,2017-18,Real Madrid,Las Palmas,3,0
2017-11-05,2017-18,Sociedad,Eibar,3,1
2017-11-05,2017-18,Villarreal,Malaga,2,0
2017-11-17,2017-18,Girona,Sociedad,1,1
2017-11-18,2017-18,Ath Madrid,Real Madrid,0,0
2017-11-18,2017-18,Getafe,Alaves,4,1
2017-11-18,2017-18,Leganes,Barcelona,0,3
2017-11-18,2017-18,Sevilla,Celta,2,1
2017-11-19,2017-18,Ath Bilbao,Villarreal,1,1
2017-11-19,2017-18,Espanol,Valencia,0,2
2017-11-19,2017-18,Las Palmas,Levante,0,2
2017-11-19,2017-18,Malaga,La Coruna,3,2
2017-11-20,2017-18,Eibar,Betis,5,0
2017-11-24,2017-18,Celta,Leganes,1,0
2017-11-25,2017-18,Alaves,Eibar,1,2
2017-11-25,2017-18,Betis,Girona,2,2
2017-11-25,2017-18,Levante,Ath Madrid,0,5
2017-11-25,2017-18,Real Madrid,Malaga,3,2
2017-11-26,2017-18,La Coruna,Ath Bilbao,2,2
2017-11-26,2017-18,Sociedad,Las Palmas,2,2
2017-11-26,2017-18,Valencia,Barcelona,1,1
2017-11-26,2017-18,Villarreal,Sevilla,2,3
2017-11-27,2017-18,Espanol,Getafe,1,0
2017-12-01,2017-18,Malaga,Levante,0,0
2017-12-02,2017-18,Ath Bilbao,Real Madrid,0,0
2017-12-02,2017-18,Ath Madrid,Sociedad,2,1
2017-12-02,2017-18,Barcelona,Celta,2,2
2017-12-02,2017-18,Sevilla,La Coruna,2,0
2017-12-03,2017-18,Eibar,Espanol,3,1
2017-12-03,2017-18,Getafe,Valencia,1,0
2017-12-03,2017-18,Las Palmas,Betis,1,0
2017-12-03,2017-18,Leganes,Villarreal,3,1
2017-12-04,2017-18,Girona,Alaves,2,3
2017-12-08,2017-18,Alaves,Las Palmas,2,0
2017-12-09,2017-18,Getafe,Eibar,0,0
2017-12-09,2017-18,La Coruna,Leganes,1,0
2017-12-09,2017-18,Real Madrid,Sevilla,5,0
2017-12-09,2017-18,Valencia,Celta,2,1
2017-12-10,2017-18,Betis,Ath Madrid,0,1
2017-12-10,2017-18,Levante,Ath Bilbao,1,2
2017-12-10,2017-18,Sociedad,Malaga,0,2
2017-12-10,2017-18,Villarreal,Barcelona,0,2
2017-12-11,2017-18,Espanol,Girona,0,1
2017-12-15,2017-18,Sevilla,Levante,0,0
2017-12-16,2017-18,Ath Bilbao,Sociedad,0,0
2017-12-16,2017-18,Ath Madrid,Alaves,1,0
2017-12-16,2017-18,Eibar,Valencia,2,1
2017-12-17,2017-18,Barcelona,La Coruna,4,0
2017-12-17,2017-18,Celta,Villarreal,0,1
2017-12-17,2017-18,Girona,Getafe,1,0
2017-12-17,2017-18,Las Palmas,Espanol,2,2
2017-12-18,2017-18,Malaga,Betis,0,2
2017-12-19,2017-18,Levante,Leganes,0,0
2017-12-20,2017-18,Getafe,Las Palmas,2,0
2017-12-20,2017-18,Sociedad,Sevilla,3,1
2017-12-21,2017-18,Alaves,Malaga,1,0
2017-12-21,2017-18,Eibar,Girona,4,1
2017-12-22,2017-18,Betis,Ath Bilbao,0,2
2017-12-22,2017-18,Espanol,Ath Madrid,1,0
2017-12-23,2017-18,La Coruna,Celta,1,3
2017-12-23,2017-18,Real Madrid,Barcelona,0,3
2017-12-23,2017-18,Valencia,Villarreal,0,1
2018-01-06,2017-18,Ath Madrid,Getafe,2,0
2018-01-06,2017-18,Las Palmas,Eibar,1,2
2018-01-06,2017-18,Sevilla,Betis,3,5
2018-01-06,2017-18,Valencia,Girona,2,1
2018-01-07,2017-18,Ath Bilbao,Alaves,2,0
2018-01-07,2017-18,Barcelona,Levante,3,0
2018-01-07,2017-18,Celta,Real Madrid,2,2
2018-01-07,2017-18,Leganes,Sociedad,1,0
2018-01-07,2017-18,Villarreal,La Coruna,1,1
2018-01-08,2017-18,Malaga,Espanol,0,1
2018-01-12,2017-18,Getafe,Malaga,1,0
2018-01-13,2017-18,Eibar,Ath Madrid,0,1
2018-01-13,2017-18,Girona,Las Palmas,6,0
2018-01-13,2017-18,La Coruna,Valencia,1,2
2018-01-13,2017-18,Real Madrid,Villarreal,0,1
2018-01-14,2017-18,Alaves,Sevilla,1,0
2018-01-14,2017-18,Espanol,Ath Bilbao,1,1
2018-01-14,2017-18,Levante,Celta,0,1
2018-01-14,2017-18,Sociedad,Barcelona,2,4
2018-01-15,2017-18,Betis,Leganes,3,2
2018-01-19,2017-18,Getafe,Ath Bilbao,2,2
2018-01-20,2017-18,Ath Madrid,Girona,1,1
2018-01-20,2017-18,Espanol,Sevilla,0,3
2018-01-20,2017-18,Las Palmas,Valencia,2,1
2018-01-20,2017-18,Villarreal,Levante,2,1
2018-01-21,2017-18,Alaves,Leganes,2,2
2018-01-21,2017-18,Betis,Barcelona,0,5
2018-01-21,2017-18,Real Madrid,La Coruna,7,1
2018-01-21,2017-18,Sociedad,Celta,1,2
2018-01-22,2017-18,Eibar,Malaga,1,1
2018-01-26,2017-18,Ath Bilbao,Eibar,1,1
2018-01-27,2017-18,La Coruna,Levante,2,2
2018-01-27,2017-18,Malaga,Girona,0,0
2018-01-27,2017-18,Valencia,Real Madrid,1,4
2018-01-27,2017-18,Villarreal,Sociedad,4,2
2018-01-28,2017-18,Ath Madrid,Las Palmas,3,0
2018-01-28,2017-18,Barcelona,Alaves,2,1
2018-01-28,2017-18,Leganes,Espanol,3,2
2018-01-28,2017-18,Sevilla,Getafe,1,1
2018-01-29,2017-18,Celta,Betis,3,2
2018-02-02,2017-18,Sociedad,La Coruna,5,0
2018-02-03,2017-18,Alaves,Celta,2,1
2018-02-03,2017-18,Betis,Villarreal,2,1
2018-02-03,2017-18,Eibar,Sevilla,5,1
2018-02-03,2017-18,Levante,Real Madrid,2,2
2018-02-04,2017-18,Ath Madrid,Valencia,1,0
2018-02-04,2017-18,Espanol,Barcelona,1,1
2018-02-04,2017-18,Getafe,Leganes,0,0
2018-02-04,2017-18,Girona,Ath Bilbao,2,0
2018-02-05,2017-18,Las Palmas,Malaga,1,0
2018-02-09,2017-18,Ath Bilbao,Las Palmas,0,0
2018-02-10,2017-18,Leganes,Eibar,0,1
2018-02-10,2017-18,Malaga,Ath Madrid,0,1
2018-02-10,2017-18,Real Madrid,Sociedad,5,2
2018-02-10,2017-18,Villarreal,Alaves,1,2
2018-02-11,2017-18,Barcelona,Getafe,0,0
2018-02-11,2017-18,Celta,Espanol,2,2
2018-02-11,2017-18,Sevilla,Girona,1,0
2018-02-11,2017-18,Valencia,Levante,3,1
2018-02-12,2017-18,La Coruna,Betis,0,1
2018-02-16,2017-18,Girona,Leganes,3,0
2018-02-17,2017-18,Alaves,La Coruna,1,0
2018-02-17,2017-18,Eibar,Barcelona,0,2
2018-02-17,2017-18,Las Palmas,Sevilla,1,2
2018-02-17,2017-18,Malaga,Valencia,1,2
2018-02-18,2017-18,Ath Madrid,Ath Bilbao,2,0
2018-02-18,2017-18,Betis,Real Madrid,3,5
2018-02-18,2017-18,Espanol,Villarreal,1,1
2018-02-18,2017-18,Sociedad,Levante,3,0
2018-02-19,2017-18,Getafe,Celta,3,0
2018-02-21,2017-18,Leganes,Real Madrid,1,3
2018-02-23,2017-18,La Coruna,Espanol,0,0
2018-02-24,2017-18,Barcelona,Girona,6,1
2018-02-24,2017-18,Celta,Eibar,2,0
2018-02-24,2017-18,Leganes,Las Palmas,0,0
2018-02-24,2017-18,Real Madrid,Alaves,4,0
2018-02-25,2017-18,Ath Bilbao,Malaga,2,1
2018-02-25,2017-18,Sevilla,Ath Madrid,2,5
2018-02-25,2017-18,Valencia,Sociedad,2,1
2018-02-25,2017-18,Villarreal,Getafe,1,0
2018-02-26,2017-18,Levante,Betis,0,2
2018-02-27,2017-18,Espanol,Real Madrid,1,0
2018-02-27,2017-18,Girona,Celta,1,0
2018-02-28,2017-18,Ath Bilbao,Valencia,1,1
2018-02-28,2017-18,Ath Madrid,Leganes,4,0
2018-02-28,2017-18,Eibar,Villarreal,1,0
2018-02-28,2017-18,Getafe,La Coruna,3,0
2018-02-28,2017-18,Malaga,Sevilla,0,1
2018-03-01,2017-18,Alaves,Levante,1,0
2018-03-01,2017-18,Betis,Sociedad,0,0
2018-03-01,2017-18,Las Palmas,Barcelona,1,1
2018-03-03,2017-18,La Coruna,Eibar,1,1
2018-03-03,2017-18,Leganes,Malaga,2,0
2018-03-03,2017-18,Real Madrid,Getafe,3,1
2018-03-03,2017-18,Sevilla,Ath Bilbao,2,0
2018-03-03,2017-18,Villarreal,Girona,0,2
2018-03-04,2017-18,Barcelona,Ath Madrid,1,0
2018-03-04,2017-18,Levante,Espanol,1,1
2018-03-04,2017-18,Sociedad,Alaves,2,1
2018-03-04,2017-18,Valencia,Betis,2,0
2018-03-05,2017-18,Celta,Las Palmas,2,1
2018-03-09,2017-18,Girona,La Coruna,2,0
2018-03-10,2017-18,Eibar,Real Madrid,1,2
2018-03-10,2017-18,Getafe,Levante,0,1
2018-03-10,2017-18,Malaga,Barcelona,0,2
2018-03-10,2017-18,Sevilla,Valencia,0,2
2018-03-11,2017-18,Ath Bilbao,Leganes,2,0
2018-03-11,2017-18,Ath Madrid,Celta,3,0
2018-03-11,2017-18,Espanol,Sociedad,2,1
2018-03-11,2017-18,Las Palmas,Villarreal,0,2
2018-03-12,2017-18,Alaves,Betis,1,3
2018-03-16,2017-18,Levante,Eibar,2,1
2018-03-17,2017-18,Betis,Espanol,3,0
2018-03-17,2017-18,La Coruna,Las Palmas,1,1
2018-03-17,2017-18,Sociedad,Getafe,1,2
2018-03-17,2017-18,Valencia,Alaves,3,1
2018-03-18,2017-18,Barcelona,Ath Bilbao,2,0
2018-03-18,2017-18,Celta,Malaga,0,0
2018-03-18,2017-18,Leganes,Sevilla,2,1
2018-03-18,2017-18,Real Madrid,Girona,6,3
2018-03-18,2017-18,Villarreal,Ath Madrid,2,1
2018-03-31,2017-18,Ath Bilbao,Celta,1,1
2018-03-31,2017-18,Girona,Levante,1,1
2018-03-31,2017-18,Las Palmas,Real Madrid,0,3
2018-03-31,2017-18,Sevilla,Barcelona,2,2
2018-04-01,2017-18,Ath Madrid,La Coruna,1,0
2018-04-01,2017-18,Eibar,Sociedad,0,0
2018-04-01,2017-18,Espanol,Alaves,0,0
2018-04-01,2017-18,Leganes,Valencia,0,1
2018-04-01,2017-18,Malaga,Villarreal,1,0
2018-04-02,2017-18,Getafe,Betis,0,1
2018-04-06,2017-18,La Coruna,Malaga,3,2
2018-04-07,2017-18,Alaves,Getafe,2,0
2018-04-07,2017-18,Barcelona,Leganes,3,1
2018-04-07,2017-18,Betis,Eibar,2,0
2018-04-07,2017-18,Celta,Sevilla,4,0
2018-04-08,2017-18,Levante,Las Palmas,2,1
2018-04-08,2017-18,Real Madrid,Ath Madrid,1,1
2018-04-08,2017-18,Sociedad,Girona,5,0
2018-04-08,2017-18,Valencia,Espanol,1,0
2018-04-09,2017-18,Villarreal,Ath Bilbao,1,3
2018-04-13,2017-18,Girona,Betis,0,1
2018-04-14,2017-18,Ath Bilbao,La Coruna,2,3
2018-04-14,2017-18,Barcelona,Valencia,2,1
2018-04-14,2017-18,Las Palmas,Sociedad,0,1
2018-04-14,2017-18,Leganes,Celta,1,0
2018-04-14,2017-18,Sevilla,Villarreal,2,2
2018-04-15,2017-18,Ath Madrid,Levante,3,0
2018-04-15,2017-18,Eibar,Alaves,0,1
2018-04-15,2017-18,Getafe,Espanol,1,0
2018-04-15,2017-18,Malaga,Real Madrid,1,2
2018-04-17,2017-18,Celta,Barcelona,2,2
2018-04-17,2017-18,La Coruna,Sevilla,0,0
2018-04-17,2017-18,Villarreal,Leganes,2,1
2018-04-18,2017-18,Espanol,Eibar,0,1
2018-04-18,2017-18,Real Madrid,Ath Bilbao,1,1
2018-04-18,2017-18,Valencia,Getafe,1,2
2018-04-19,2017-18,Alaves,Girona,1,2
2018-04-19,2017-18,Betis,Las Palmas,1,0
2018-04-19,2017-18,Levante,Malaga,1,0
2018-04-19,2017-18,Sociedad,Ath Madrid,3,0
2018-04-20,2017-18,Leganes,La Coruna,0,0
2018-04-21,2017-18,Celta,Valencia,1,1
2018-04-21,2017-18,Eibar,Getafe,0,1
2018-04-22,2017-18,Ath Madrid,Betis,0,0
2018-04-22,2017-18,Girona,Espanol,0,2
2018-04-22,2017-18,Las Palmas,Alaves,0,4
2018-04-22,2017-18,Malaga,Sociedad,2,0
2018-04-23,2017-18,Ath Bilbao,Levante,1,3
2018-04-27,2017-18,Levante,Sevilla,2,1
2018-04-28,2017-18,Espanol,Las Palmas,1,1
2018-04-28,2017-18,Real Madrid,Leganes,2,1
2018-04-28,2017-18,Sociedad,Ath Bilbao,3,1
2018-04-28,2017-18,Villarreal,Celta,4,1
2018-04-29,2017-18,Alaves,Ath Madrid,0,1
2018-04-29,2017-18,Getafe,Girona,1,1
2018-04-29,2017-18,La Coruna,Barcelona,2,4
2018-04-29,2017-18,Valencia,Eibar,0,0
2018-04-30,2017-18,Betis,Malaga,2,1
2018-05-04,2017-18,Sevilla,Sociedad,1,0
2018-05-05,2017-18,Ath Bilbao,Betis,2,0
2018-05-05,2017-18,Celta,La Coruna,1,1
2018-05-05,2017-18,Girona,Eibar,1,4
2018-05-05,2017-18,Villarreal,Valencia,1,0
2018-05-06,2017-18,Ath Madrid,Espanol,0,2
2018-05-06,2017-18,Barcelona,Real Madrid,2,2
2018-05-06,2017-18,Las Palmas,Getafe,0,1
2018-05-06,2017-18,Malaga,Alaves,0,3
2018-05-07,2017-18,Leganes,Levante,0,3
2018-05-09,2017-18,Barcelona,Villarreal,5,1
2018-05-09,2017-18,Sevilla,Real Madrid,3,2
2018-05-12,2017-18,Alaves,Ath Bilbao,3,1
2018-05-12,2017-18,Betis,Sevilla,2,2
2018-05-12,2017-18,Eibar,Las Palmas,1,0
2018-05-12,2017-18,Getafe,Ath Madrid,0,1
2018-05-12,2017-18,Girona,Valencia,0,1
2018-05-12,2017-18,La Coruna,Villarreal,2,4
2018-05-12,2017-18,Real Madrid,Celta,6,0
2018-05-12,2017-18,Sociedad,Leganes,3,2
2018-05-13,2017-18,Espanol,Malaga,4,1
2018-05-13,2017-18,Levante,Barcelona,5,4
2018-05-19,2017-18,Celta,Levante,4,2
2018-05-19,2017-18,Las Palmas,Girona,1,2
2018-05-19,2017-18,Leganes,Betis,3,2
2018-05-19,2017-18,Malaga,Getafe,0,1
2018-05-19,2017-18,Sevilla,Alaves,1,0
2018-05-19,2017-18,Villarreal,Real Madrid,2,2
2018-05-20,2017-18,Ath Bilbao,Espanol,0,1
2018-05-20,2017-18,Ath Madrid,Eibar,2,2
2018-05-20,2017-18,Barcelona,Sociedad,1,0
2018-05-20,2017-18,Valencia,La Coruna,2,1
2018-08-17,2018-19,Betis,Levante,0,3
2018-08-17,2018-19,Girona,Valladolid,0,0
2018-08-18,2018-19,Barcelona,Alaves,3,0
2018-08-18,2018-19,Celta,Espanol,1,1
2018-08-18,2018-19,Villarreal,Sociedad,1,2
2018-08-19,2018-19,Eibar,Huesca,1,2
2018-08-19,2018-19,Real Madrid,Getafe,2,0
2018-08-19,2018-19,Vallecano,Sevilla,1,4
2018-08-20,2018-19,Ath Bilbao,Leganes,2,1
2018-08-20,2018-19,Valencia,Ath Madrid,1,1
2018-08-24,2018-19,Getafe,Eibar,2,0
2018-08-24,2018-19,Leganes,Sociedad,2,2
2018-08-25,2018-19,Alaves,Betis,0,0
2018-08-25,2018-19,Ath Madrid,Vallecano,1,0
2018-08-25,2018-19,Valladolid,Barcelona,0,1
2018-08-26,2018-19,Espanol,Valencia,2,0
2018-08-26,2018-19,Girona,Real Madrid,1,4
2018-08-26,2018-19,Sevilla,Villarreal,0,0
2018-08-27,2018-19,Ath Bilbao,Huesca,2,2
2018-08-27,2018-19,Levante,Celta,1,2
2018-08-31,2018-19,Eibar,Sociedad,2,1
2018-08-31,2018-19,Getafe,Valladolid,0,0
2018-08-31,2018-19,Villarreal,Girona,0,1
2018-09-01,2018-19,Celta,Ath Madrid,2,0
2018-09-01,2018-19,Real Madrid,Leganes,4,1
2018-09-02,2018-19,Alaves,Espanol,2,1
2018-09-02,2018-19,Barcelona,Huesca,8,2
2018-09-02,2018-19,Betis,Sevilla,1,0
2018-09-02,2018-19,Levante,Valencia,2,2
2018-09-14,2018-19,Huesca,Vallecano,0,1
2018-09-15,2018-19,Ath Bilbao,Real Madrid,1,1
2018-09-15,2018-19,Ath Madrid,Eibar,1,1
2018-09-15,2018-19,Sociedad,Barcelona,1,2
2018-09-15,2018-19,Valencia,Betis,0,0
2018-09-16,2018-19,Espanol,Levante,1,0
2018-09-16,2018-19,Leganes,Villarreal,0,1
2018-09-16,2018-19,Sevilla,Getafe,0,2
2018-09-16,2018-19,Valladolid,Alaves,0,1
2018-09-17,2018-19,Girona,Celta,3,2
2018-09-21,2018-19,Huesca,Sociedad,0,1
2018-09-22,2018-19,Celta,Valladolid,3,3
2018-09-22,2018-19,Eibar,Leganes,1,0
2018-09-22,2018-19,Getafe,Ath Madrid,0,2
2018-09-22,2018-19,Real Madrid,Espanol,1,0
2018-09-22,2018-19,Vallecano,Alaves,1,5
2018-09-23,2018-19,Barcelona,Girona,2,2
2018-09-23,2018-19,Betis,Ath Bilbao,2,2
2018-09-23,2018-19,Levante,Sevilla,2,6
2018-09-23,2018-19,Villarreal,Valencia,0,0
2018-09-25,2018-19,Ath Madrid,Huesca,3,0
2018-09-25,2018-19,Espanol,Eibar,1,0
2018-09-25,2018-19,Sociedad,Vallecano,2,2
2018-09-26,2018-19,Ath Bilbao,Villarreal,0,3
2018-09-26,2018-19,Leganes,Barcelona,2,1
2018-09-26,2018-19,Sevilla,Real Madrid,3,0
2018-09-26,2018-19,Valencia,Celta,1,1
2018-09-27,2018-19,Alaves,Getafe,1,1
2018-09-27,2018-19,Girona,Betis,0,1
2018-09-27,2018-19,Valladolid,Levante,2,1
2018-09-28,2018-19,Vallecano,Espanol,2,2
2018-09-29,2018-19,Barcelona,Ath Bilbao,1,1
2018-09-29,2018-19,Eibar,Sevilla,1,3
2018-09-29,2018-19,Real Madrid,Ath Madrid,0,0
2018-09-29,2018-19,Sociedad,Valencia,0,1
2018-09-30,2018-19,Betis,Leganes,1,0
2018-09-30,2018-19,Huesca,Girona,1,1
2018-09-30,2018-19,Levante,Alaves,2,1
2018-09-30,2018-19,Villarreal,Valladolid,0,1
2018-10-01,2018-19,Celta,Getafe,1,1
2018-10-05,2018-19,Ath Bilbao,Sociedad,1,3
2018-10-06,2018-19,Alaves,Real Madrid,1,0
2018-10-06,2018-19,Getafe,Levante,0,1
2018-10-06,2018-19,Girona,Eibar,2,3
2018-10-06,2018-19,Leganes,Vallecano,1,0
2018-10-07,2018-19,Ath Madrid,Betis,1,0
2018-10-07,2018-19,Espanol,Villarreal,3,1
2018-10-07,2018-19,Sevilla,Celta,2,1
2018-10-07,2018-19,Valencia,Barcelona,1,1
2018-10-07,2018-19,Valladolid,Huesca,1,0
2018-10-19,2018-19,Celta,Alaves,0,1
2018-10-20,2018-19,Barcelona,Sevilla,4,2
2018-10-20,2018-19,Real Madrid,Levante,1,2
2018-10-20,2018-19,Valencia,Leganes,1,1
2018-10-20,2018-19,Villarreal,Ath Madrid,1,1
2018-10-21,2018-19,Betis,Valladolid,0,1
2018-10-21,2018-19,Eibar,Ath Bilbao,1,1
2018-10-21,2018-19,Huesca,Espanol,0,2
2018-10-21,2018-19,Vallecano,Getafe,1,2
2018-10-22,2018-19,Sociedad,Girona,0,0
2018-10-24,2018-19,Vallecano,Ath Bilbao,1,1
2018-10-26,2018-19,Valladolid,Espanol,1,1
2018-10-27,2018-19,Ath Bilbao,Valencia,0,0
2018-10-27,2018-19,Ath Madrid,Sociedad,2,0
2018-10-27,2018-19,Celta,Eibar,4,0
2018-10-27,2018-19,Girona,Vallecano,2,1
2018-10-27,2018-19,Levante,Leganes,2,0
2018-10-28,2018-19,Alaves,Villarreal,2,1
2018-10-28,2018-19,Barcelona,Real Madrid,5,1
2018-10-28,2018-19,Getafe,Betis,2,0
2018-10-28,2018-19,Sevilla,Huesca,2,1
2018-11-03,2018-19,Leganes,Ath Madrid,1,1
2018-11-03,2018-19,Real Madrid,Valladolid,2,0
2018-11-03,2018-19,Valencia,Girona,0,1
2018-11-03,2018-19,Vallecano,Barcelona,2,3
2018-11-04,2018-19,Betis,Celta,3,3
2018-11-04,2018-19,Eibar,Alaves,2,1
2018-11-04,2018-19,Huesca,Getafe,1,1
2018-11-04,2018-19,Sociedad,Sevilla,0,0
2018-11-04,2018-19,Villarreal,Levante,1,1
2018-11-05,2018-19,Espanol,Ath Bilbao,1,0
2018-11-09,2018-19,Levante,Sociedad,1,3
2018-11-10,2018-19,Ath Madrid,Ath Bilbao,3,2
2018-11-10,2018-19,Getafe,Valencia,0,1
2018-11-10,2018-19,Girona,Leganes,0,0
2018-11-10,2018-19,Valladolid,Eibar,0,0
2018-11-11,2018-19,Alaves,Huesca,2,1
2018-11-11,2018-19,Barcelona,Betis,3,4
2018-11-11,2018-19,Celta,Real Madrid,2,4
2018-11-11,2018-19,Sevilla,Espanol,2,1
2018-11-11,2018-19,Vallecano,Villarreal,2,2
2018-11-23,2018-19,Leganes,Alaves,1,0
2018-11-24,2018-19,Ath Madrid,Barcelona,1,1
2018-11-24,2018-19,Eibar,Real Madrid,3,0
2018-11-24,2018-19,Huesca,Levante,2,2
2018-11-24,2018-19,Valencia,Vallecano,3,0
2018-11-25,2018-19,Ath Bilbao,Getafe,1,1
2018-11-25,2018-19,Espanol,Girona,1,3
2018-11-25,2018-19,Sevilla,Valladolid,1,0
2018-11-25,2018-19,Villarreal,Betis,2,1
2018-11-26,2018-19,Sociedad,Celta,2,1
2018-11-30,2018-19,Vallecano,Eibar,1,0
2018-12-01,2018-19,Celta,Huesca,2,0
2018-12-01,2018-19,Getafe,Espanol,3,0
2018-12-01,2018-19,Real Madrid,Valencia,2,0
2018-12-01,2018-19,Valladolid,Leganes,2,4
2018-12-02,2018-19,Alaves,Sevilla,1,1
2018-12-02,2018-19,Barcelona,Villarreal,2,0
2018-12-02,2018-19,Betis,Sociedad,1,0
2018-12-02,2018-19,Girona,Ath Madrid,1,1
2018-12-03,2018-19,Levante,Ath Bilbao,3,0
2018-12-07,2018-19,Leganes,Getafe,1,1
2018-12-08,2018-19,Ath Madrid,Alaves,3,0
2018-12-08,2018-19,Espanol,Barcelona,0,4
2018-12-08,2018-19,Valencia,Sevilla,1,1
2018-12-08,2018-19,Villarreal,Celta,2,3
2018-12-09,2018-19,Betis,Vallecano,2,0
2018-12-09,2018-19,Eibar,Levante,4,4
2018-12-09,2018-19,Huesca,Real Madrid,0,1
2018-12-09,2018-19,Sociedad,Valladolid,1,2
2018-12-10,2018-19,Ath Bilbao,Girona,1,0
2018-12-14,2018-19,Celta,Leganes,0,0
2018-12-15,2018-19,Eibar,Valencia,1,1
2018-12-15,2018-19,Getafe,Sociedad,1,0
2018-12-15,2018-19,Real Madrid,Vallecano,1,0
2018-12-15,2018-19,Valladolid,Ath Madrid,2,3
2018-12-16,2018-19,Espanol,Betis,1,3
2018-12-16,2018-19,Huesca,Villarreal,2,2
2018-12-16,2018-19,Levante,Barcelona,0,5
2018-12-16,2018-19,Sevilla,Girona,2,0
2018-12-17,2018-19,Alaves,Ath Bilbao,0,0
2018-12-21,2018-19,Girona,Getafe,1,1
2018-12-21,2018-19,Sociedad,Alaves,0,1
2018-12-22,2018-19,Ath Bilbao,Valladolid,1,1
2018-12-22,2018-19,Ath Madrid,Espanol,1,0
2018-12-22,2018-19,Barcelona,Celta,2,0
2018-12-22,2018-19,Betis,Eibar,1,1
2018-12-23,2018-19,Leganes,Sevilla,1,1
2018-12-23,2018-19,Valencia,Huesca,2,1
2018-12-23,2018-19,Vallecano,Levante,2,1
2019-01-03,2018-19,Villarreal,Real Madrid,2,2
2019-01-04,2018-19,Espanol,Leganes,1,0
2019-01-04,2018-19,Levante,Girona,2,2
2019-01-05,2018-19,Alaves,Valencia,2,1
2019-01-05,2018-19,Huesca,Betis,2,1
2019-01-05,2018-19,Valladolid,Vallecano,0,1
2019-01-06,2018-19,Eibar,Villarreal,0,0
2019-01-06,2018-19,Getafe,Barcelona,1,2
2019-01-06,2018-19,Real Madrid,Sociedad,0,2
2019-01-06,2018-19,Sevilla,Ath Madrid,1,1
2019-01-07,2018-19,Celta,Ath Bilbao,1,2
2019-01-11,2018-19,Vallecano,Celta,4,2
2019-01-12,2018-19,Girona,Alaves,1,1
2019-01-12,2018-19,Leganes,Huesca,1,0
2019-01-12,2018-19,Valencia,Valladolid,1,1
2019-01-12,2018-19,Villarreal,Getafe,1,2
2019-01-13,2018-19,Ath Bilbao,Sevilla,2,0
2019-01-13,2018-19,Ath Madrid,Levante,1,0
2019-01-13,2018-19,Barcelona,Eibar,3,0
2019-01-13,2018-19,Betis,Real Madrid,1,2
2019-01-14,2018-19,Sociedad,Espanol,3,2
2019-01-18,2018-19,Getafe,Alaves,4,0
2019-01-19,2018-19,Celta,Valencia,1,2
2019-01-19,2018-19,Huesca,Ath Madrid,0,3
2019-01-19,2018-19,Real Madrid,Sevilla,2,0
2019-01-20,2018-19,Barcelona,Leganes,3,1
2019-01-20,2018-19,Betis,Girona,3,2
2019-01-20,2018-19,Levante,Valladolid,2,0
2019-01-20,2018-19,Vallecano,Sociedad,2,2
2019-01-20,2018-19,Villarreal,Ath Bilbao,1,1
2019-01-21,2018-19,Eibar,Espanol,3,0
2019-01-26,2018-19,Ath Madrid,Getafe,2,0
2019-01-26,2018-19,Leganes,Eibar,2,2
2019-01-26,2018-19,Sevilla,Levante,5,0
2019-01-26,2018-19,Valencia,Villarreal,3,0
2019-01-27,2018-19,Ath Bilbao,Betis,1,0
2019-01-27,2018-19,Espanol,Real Madrid,2,4
2019-01-27,2018-19,Girona,Barcelona,0,2
2019-01-27,2018-19,Sociedad,Huesca,0,0
2019-01-27,2018-19,Valladolid,Celta,2,1
2019-01-28,2018-19,Alaves,Vallecano,0,1
2019-02-01,2018-19,Huesca,Valladolid,4,0
2019-02-02,2018-19,Barcelona,Valencia,2,2
2019-02-02,2018-19,Celta,Sevilla,1,0
2019-02-02,2018-19,Levante,Getafe,0,0
2019-02-02,2018-19,Sociedad,Ath Bilbao,2,1
2019-02-03,2018-19,Betis,Ath Madrid,1,0
2019-02-03,2018-19,Eibar,Girona,3,0
2019-02-03,2018-19,Real Madrid,Alaves,3,0
2019-02-03,2018-19,Villarreal,Espanol,2,2
2019-02-04,2018-19,Vallecano,Leganes,1,2
2019-02-08,2018-19,Valladolid,Villarreal,0,0
2019-02-09,2018-19,Ath Madrid,Real Madrid,1,3
2019-02-09,2018-19,Espanol,Vallecano,2,1
2019-02-09,2018-19,Getafe,Celta,3,1
2019-02-09,2018-19,Girona,Huesca,0,2
2019-02-10,2018-19,Ath Bilbao,Barcelona,0,0
2019-02-10,2018-19,Leganes,Betis,3,0
2019-02-10,2018-19,Sevilla,Eibar,2,2
2019-02-10,2018-19,Valencia,Sociedad,0,0
2019-02-11,2018-19,Alaves,Levante,2,0
2019-02-15,2018-19,Eibar,Getafe,2,2
2019-02-16,2018-19,Barcelona,Valladolid,1,0
2019-02-16,2018-19,Celta,Levante,1,4
2019-02-16,2018-19,Sociedad,Leganes,3,0
2019-02-16,2018-19,Vallecano,Ath Madrid,0,1
2019-02-17,2018-19,Betis,Alaves,1,1
2019-02-17,2018-19,Real Madrid,Girona,1,2
2019-02-17,2018-19,Valencia,Espanol,0,0
2019-02-17,2018-19,Villarreal,Sevilla,3,0
2019-02-18,2018-19,Huesca,Ath Bilbao,0,1
2019-02-22,2018-19,Espanol,Huesca,1,1
2019-02-23,2018-19,Alaves,Celta,0,0
2019-02-23,2018-19,Ath Bilbao,Eibar,1,0
2019-02-23,2018-19,Getafe,Vallecano,2,1
2019-02-23,2018-19,Sevilla,Barcelona,2,4
2019-02-24,2018-19,Ath Madrid,Villarreal,2,0
2019-02-24,2018-19,Leganes,Valencia,1,1
2019-02-24,2018-19,Levante,Real Madrid,1,2
2019-02-24,2018-19,Valladolid,Betis,0,2
2019-02-25,2018-19,Girona,Sociedad,0,0
2019-03-01,2018-19,Vallecano,Girona,0,2
2019-03-02,2018-19,Espanol,Valladolid,3,1
2019-03-02,2018-19,Huesca,Sevilla,2,1
2019-03-02,2018-19,Real Madrid,Barcelona,0,1
2019-03-02,2018-19,Villarreal,Alaves,1,2
2019-03-03,2018-19,Betis,Getafe,1,2
2019-03-03,2018-19,Eibar,Celta,1,0
2019-03-03,2018-19,Sociedad,Ath Madrid,0,2
2019-03-03,2018-19,Valencia,Ath Bilbao,2,0
2019-03-04,2018-19,Leganes,Levante,1,0
2019-03-08,2018-19,Ath Bilbao,Espanol,1,1
2019-03-09,2018-19,Alaves,Eibar,1,1
2019-03-09,2018-19,Ath Madrid,Leganes,1,0
2019-03-09,2018-19,Barcelona,Vallecano,3,1
2019-03-09,2018-19,Getafe,Huesca,2,1
2019-03-10,2018-19,Celta,Betis,0,1
2019-03-10,2018-19,Girona,Valencia,2,3
2019-03-10,2018-19,Levante,Villarreal,0,2
2019-03-10,2018-19,Sevilla,Sociedad,5,2
2019-03-10,2018-19,Valladolid,Real Madrid,1,4
2019-03-15,2018-19,Sociedad,Levante,1,1
2019-03-16,2018-19,Ath Bilbao,Ath Madrid,2,0
2019-03-16,2018-19,Huesca,Alaves,1,3
2019-03-16,2018-19,Leganes,Girona,0,2
2019-03-16,2018-19,Real Madrid,Celta,2,0
2019-03-17,2018-19,Betis,Barcelona,1,4
2019-03-17,2018-19,Eibar,Valladolid,1,2
2019-03-17,2018-19,Espanol,Sevilla,0,1
2019-03-17,2018-19,Valencia,Getafe,0,0
2019-03-17,2018-19,Villarreal,Vallecano,3,1
2019-03-29,2018-19,Girona,Ath Bilbao,1,2
2019-03-30,2018-19,Alaves,Ath Madrid,0,4
2019-03-30,2018-19,Barcelona,Espanol,2,0
2019-03-30,2018-19,Celta,Villarreal,3,2
2019-03-30,2018-19,Getafe,Leganes,0,2
2019-03-31,2018-19,Levante,Eibar,2,2
2019-03-31,2018-19,Real Madrid,Huesca,3,2
2019-03-31,2018-19,Sevilla,Valencia,0,1
2019-03-31,2018-19,Valladolid,Sociedad,1,1
2019-03-31,2018-19,Vallecano,Betis,1,1
2019-04-02,2018-19,Ath Madrid,Girona,2,0
2019-04-02,2018-19,Espanol,Getafe,1,1
2019-04-02,2018-19,Villarreal,Barcelona,4,4
2019-04-03,2018-19,Ath Bilbao,Levante,3,2
2019-04-03,2018-19,Eibar,Vallecano,2,1
2019-04-03,2018-19,Huesca,Celta,3,3
2019-04-03,2018-19,Valencia,Real Madrid,2,1
2019-04-04,2018-19,Leganes,Valladolid,1,0
2019-04-04,2018-19,Sevilla,Alaves,2,0
2019-04-04,2018-19,Sociedad,Betis,2,1
2019-04-06,2018-19,Barcelona,Ath Madrid,2,0
2019-04-06,2018-19,Girona,Espanol,1,2
2019-04-06,2018-19,Real Madrid,Eibar,2,1
2019-04-06,2018-19,Vallecano,Valencia,2,0
2019-04-07,2018-19,Alaves,Leganes,1,1
2019-04-07,2018-19,Betis,Villarreal,2,1
2019-04-07,2018-19,Celta,Sociedad,3,1
2019-04-07,2018-19,Getafe,Ath Bilbao,1,0
2019-04-07,2018-19,Levante,Huesca,2,2
2019-04-07,2018-19,Valladolid,Sevilla,0,2
2019-04-13,2018-19,Ath Madrid,Celta,2,0
2019-04-13,2018-19,Espanol,Alaves,2,1
2019-04-13,2018-19,Huesca,Barcelona,0,0
2019-04-13,2018-19,Sevilla,Betis,3,2
2019-04-14,2018-19,Ath Bilbao,Vallecano,3,2
2019-04-14,2018-19,Girona,Villarreal,0,1
2019-04-14,2018-19,Sociedad,Eibar,1,1
2019-04-14,2018-19,Valencia,Levante,3,1
2019-04-14,2018-19,Valladolid,Getafe,2,2
2019-04-15,2018-19,Leganes,Real Madrid,1,1
2019-04-19,2018-19,Alaves,Valladolid,2,2
2019-04-20,2018-19,Barcelona,Sociedad,2,1
2019-04-20,2018-19,Celta,Girona,2,1
2019-04-20,2018-19,Eibar,Ath Madrid,0,1
2019-04-20,2018-19,Vallecano,Huesca,0,0
2019-04-21,2018-19,Betis,Valencia,1,2
2019-04-21,2018-19,Getafe,Sevilla,3,0
2019-04-21,2018-19,Levante,Espanol,2,2
2019-04-21,2018-19,Real Madrid,Ath Bilbao,3,0
2019-04-21,2018-19,Villarreal,Leganes,2,1
2019-04-23,2018-19,Alaves,Barcelona,0,2
2019-04-23,2018-19,Huesca,Eibar,2,0
2019-04-23,2018-19,Valladolid,Girona,1,0
2019-04-24,2018-19,Ath Madrid,Valencia,3,2
2019-04-24,2018-19,Espanol,Celta,1,1
2019-04-24,2018-19,Leganes,Ath Bilbao,0,1
2019-04-24,2018-19,Levante,Betis,4,0
2019-04-25,2018-19,Getafe,Real Madrid,0,0
2019-04-25,2018-19,Sevilla,Vallecano,5,0
2019-04-25,2018-19,Sociedad,Villarreal,0,1
2019-04-27,2018-19,Ath Bilbao,Alaves,1,1
2019-04-27,2018-19,Ath Madrid,Valladolid,1,0
2019-04-27,2018-19,Barcelona,Levante,1,0
2019-04-27,2018-19,Leganes,Celta,0,0
2019-04-28,2018-19,Girona,Sevilla,1,0
2019-04-28,2018-19,Sociedad,Getafe,2,1
2019-04-28,2018-19,Valencia,Eibar,0,1
2019-04-28,2018-19,Vallecano,Real Madrid,1,0
2019-04-28,2018-19,Villarreal,Huesca,1,1
2019-04-29,2018-19,Betis,Espanol,1,1
2019-05-03,2018-19,Sevilla,Leganes,0,3
2019-05-04,2018-19,Alaves,Sociedad,0,1
2019-05-04,2018-19,Celta,Barcelona,2,0
2019-05-04,2018-19,Espanol,Ath Madrid,3,0
2019-05-04,2018-19,Levante,Vallecano,4,1
2019-05-05,2018-19,Eibar,Betis,1,0
2019-05-05,2018-19,Getafe,Girona,2,0
2019-05-05,2018-19,Huesca,Valencia,2,6
2019-05-05,2018-19,Real Madrid,Villarreal,3,2
2019-05-05,2018-19,Valladolid,Ath Bilbao,1,0
2019-05-12,2018-19,Ath Bilbao,Celta,3,1
2019-05-12,2018-19,Ath Madrid,Sevilla,1,1
2019-05-12,2018-19,Barcelona,Getafe,2,0
2019-05-12,2018-19,Betis,Huesca,2,1
2019-05-12,2018-19,Girona,Levante,1,2
2019-05-12,2018-19,Leganes,Espanol,0,2
2019-05-12,2018-19,Sociedad,Real Madrid,3,1
2019-05-12,2018-19,Valencia,Alaves,3,1
2019-05-12,2018-19,Vallecano,Valladolid,1,2
2019-05-12,2018-19,Villarreal,Eibar,1,0
2019-05-18,2018-19,Alaves,Girona,2,1
2019-05-18,2018-19,Celta,Vallecano,2,2
2019-05-18,2018-19,Espanol,Sociedad,2,0
2019-05-18,2018-19,Getafe,Villarreal,2,2
2019-05-18,2018-19,Huesca,Leganes,2,1
2019-05-18,2018-19,Levante,Ath Madrid,2,2
2019-05-18,2018-19,Sevilla,Ath Bilbao,2,0
2019-05-18,2018-19,Valladolid,Valencia,0,2
2019-05-19,2018-19,Eibar,Barcelona,2,2
2019-05-19,2018-19,Real Madrid,Betis,0,2
2019-08-16,2019-20,Ath Bilbao,Barcelona,1,0
2019-08-17,2019-20,Celta,Real Madrid,1,3
2019-08-17,2019-20,Valencia,Sociedad,1,1
2019-08-17,2019-20,Mallorca,Eibar,2,1
2019-08-17,2019-20,Leganes,Osasuna,0,1
2019-08-17,2019-20,Villarreal,Granada,4,4
2019-08-18,2019-20,Alaves,Levante,1,0
2019-08-18,2019-20,Espanol,Sevilla,0,2
2019-08-18,2019-20,Betis,Valladolid,1,2
2019-08-18,2019-20,Ath Madrid,Getafe,1,0
2019-08-23,2019-20,Granada,Sevilla,0,1
2019-08-23,2019-20,Levante,Villarreal,2,1
2019-08-24,2019-20,Osasuna,Eibar,0,0
2019-08-24,2019-20,Real Madrid,Valladolid,1,1
2019-08-24,2019-20,Celta,Valencia,1,0
2019-08-24,2019-20,Getafe,Ath Bilbao,1,1
2019-08-25,2019-20,Alaves,Espanol,0,0
2019-08-25,2019-20,Mallorca,Sociedad,0,1
2019-08-25,2019-20,Leganes,Ath Madrid,0,1
2019-08-25,2019-20,Barcelona,Betis,5,2
2019-08-30,2019-20,Sevilla,Celta,1,1
2019-08-30,2019-20,Ath Bilbao,Sociedad,2,0
2019-08-31,2019-20,Osasuna,Barcelona,2,2
2019-08-31,2019-20,Getafe,Alaves,1,1
2019-08-31,2019-20,Levante,Valladolid,2,0
2019-08-31,2019-20,Betis,Leganes,2,1
2019-09-01,2019-20,Valencia,Mallorca,2,0
2019-09-01,2019-20,Ath Madrid,Eibar,3,2
2019-09-01,2019-20,Espanol,Granada,0,3
2019-09-01,2019-20,Villarreal,Real Madrid,2,2
2019-09-13,2019-20,Mallorca,Ath Bilbao,0,0
2019-09-14,2019-20,Real Madrid,Levante,3,2
2019-09-14,2019-20,Leganes,Villarreal,0,3
2019-09-14,2019-20,Sociedad,Ath Madrid,2,0
2019-09-14,2019-20,Barcelona,Valencia,5,2
2019-09-15,2019-20,Eibar,Espanol,1,2
2019-09-15,2019-20,Alaves,Sevilla,0,1
2019-09-15,2019-20,Celta,Granada,0,2
2019-09-15,2019-20,Valladolid,Osasuna,1,1
2019-09-15,2019-20,Betis,Getafe,1,1
2019-09-20,2019-20,Osasuna,Betis,0,0
2019-09-21,2019-20,Villarreal,Valladolid,2,0
2019-09-21,2019-20,Levante,Eibar,0,0
2019-09-21,2019-20,Ath Madrid,Celta,0,0
2019-09-21,2019-20,Granada,Barcelona,2,0
2019-09-22,2019-20,Getafe,Mallorca,4,2
2019-09-22,2019-20,Espanol,Sociedad,1,3
2019-09-22,2019-20,Valencia,Leganes,1,1
2019-09-22,2019-20,Ath Bilbao,Alaves,2,0
2019-09-22,2019-20,Sevilla,Real Madrid,0,1
2019-09-24,2019-20,Valladolid,Granada,1,1
2019-09-24,2019-20,Betis,Levante,3,1
2019-09-24,2019-20,Barcelona,Villarreal,2,1
2019-09-25,2019-20,Leganes,Ath Bilbao,1,1
2019-09-25,2019-20,Mallorca,Ath Madrid,0,2
2019-09-25,2019-20,Valencia,Getafe,3,3
2019-09-25,2019-20,Real Madrid,Osasuna,2,0
2019-09-26,2019-20,Eibar,Sevilla,3,2
2019-09-26,2019-20,Celta,Espanol,1,1
2019-09-26,2019-20,Sociedad,Alaves,3,0
2019-09-27,2019-20,Villarreal,Betis,5,1
2019-09-28,2019-20,Ath Bilbao,Valencia,0,1
2019-09-28,2019-20,Getafe,Barcelona,0,2
2019-09-28,2019-20,Granada,Leganes,1,0
2019-09-28,2019-20,Ath Madrid,Real Madrid,0,0
2019-09-29,2019-20,Espanol,Valladolid,0,2
2019-09-29,2019-20,Eibar,Celta,2,0
2019-09-29,2019-20,Alaves,Mallorca,2,0
2019-09-29,2019-20,Levante,Osasuna,1,1
2019-09-29,2019-20,Sevilla,Sociedad,3,2
2019-10-04,2019-20,Betis,Eibar,1,1
2019-10-05,2019-20,Leganes,Levante,1,2
2019-10-05,2019-20,Real Madrid,Granada,4,2
2019-10-05,2019-20,Valencia,Alaves,2,1
2019-10-05,2019-20,Osasuna,Villarreal,2,1
2019-10-06,2019-20,Mallorca,Espanol,2,0
2019-10-06,2019-20,Celta,Ath Bilbao,1,0
2019-10-06,2019-20,Valladolid,Ath Madrid,0,0
2019-10-06,2019-20,Sociedad,Getafe,1,2
2019-10-06,2019-20,Barcelona,Sevilla,4,0
2019-10-18,2019-20,Granada,Osasuna,1,0
2019-10-19,2019-20,Eibar,Barcelona,0,3
2019-10-19,2019-20,Ath Madrid,Valencia,1,1
2019-10-19,2019-20,Getafe,Leganes,2,0
2019-10-19,2019-20,Mallorca,Real Madrid,1,0
2019-10-20,2019-20,Alaves,Celta,2,0
2019-10-20,2019-20,Sociedad,Betis,3,1
2019-10-20,2019-20,Espanol,Villarreal,0,1
2019-10-20,2019-20,Ath Bilbao,Valladolid,1,1
2019-10-20,2019-20,Sevilla,Levante,1,0
2019-10-25,2019-20,Villarreal,Alaves,4,1
2019-10-26,2019-20,Leganes,Mallorca,1,0
2019-10-26,2019-20,Valladolid,Eibar,2,0
2019-10-26,2019-20,Ath Madrid,Ath Bilbao,2,0
2019-10-27,2019-20,Celta,Sociedad,0,1
2019-10-27,2019-20,Granada,Betis,1,0
2019-10-27,2019-20,Levante,Espanol,0,1
2019-10-27,2019-20,Sevilla,Getafe,2,0
2019-10-27,2019-20,Osasuna,Valencia,3,1
2019-10-29,2019-20,Alaves,Ath Madrid,1,1
2019-10-29,2019-20,Barcelona,Valladolid,5,1
2019-10-30,2019-20,Sociedad,Levante,1,2
2019-10-30,2019-20,Valencia,Sevilla,1,1
2019-10-30,2019-20,Ath Bilbao,Espanol,3,0
2019-10-30,2019-20,Betis,Celta,2,1
2019-10-30,2019-20,Real Madrid,Leganes,5,0
2019-10-31,2019-20,Eibar,Villarreal,2,1
2019-10-31,2019-20,Mallorca,Osasuna,2,2
2019-10-31,2019-20,Getafe,Granada,3,1
2019-11-02,2019-20,Espanol,Valencia,1,2
2019-11-02,2019-20,Levante,Barcelona,3,1
2019-11-02,2019-20,Sevilla,Ath Madrid,1,1
2019-11-02,2019-20,Real Madrid,Betis,0,0
2019-11-03,2019-20,Valladolid,Mallorca,3,0
2019-11-03,2019-20,Villarreal,Ath Bilbao,0,0
2019-11-03,2019-20,Osasuna,Alaves,4,2
2019-11-03,2019-20,Celta,Getafe,0,1
2019-11-03,2019-20,Leganes,Eibar,1,2
2019-11-03,2019-20,Granada,Sociedad,1,2
2019-11-08,2019-20,Sociedad,Leganes,1,1
2019-11-09,2019-20,Alaves,Valladolid,3,0
2019-11-09,2019-20,Valencia,Granada,2,0
2019-11-09,2019-20,Eibar,Real Madrid,0,4
2019-11-09,2019-20,Barcelona,Celta,4,1
2019-11-10,2019-20,Mallorca,Villarreal,3,1
2019-11-10,2019-20,Ath Bilbao,Levante,2,1
2019-11-10,2019-20,Ath Madrid,Espanol,3,1
2019-11-10,2019-20,Getafe,Osasuna,0,0
2019-11-10,2019-20,Betis,Sevilla,1,2
2019-11-22,2019-20,Levante,Mallorca,2,1
2019-11-23,2019-20,Leganes,Barcelona,1,2
2019-11-23,2019-20,Betis,Valencia,2,1
2019-11-23,2019-20,Granada,Ath Madrid,1,1
2019-11-23,2019-20,Real Madrid,Sociedad,3,1
2019-11-24,2019-20,Espanol,Getafe,1,1
2019-11-24,2019-20,Osasuna,Ath Bilbao,1,2
2019-11-24,2019-20,Eibar,Alaves,0,2
2019-11-24,2019-20,Villarreal,Celta,1,3
2019-11-24,2019-20,Valladolid,Sevilla,0,1
2019-11-29,2019-20,Celta,Valladolid,0,0
2019-11-30,2019-20,Alaves,Real Madrid,1,2
2019-11-30,2019-20,Sociedad,Eibar,4,1
2019-11-30,2019-20,Mallorca,Betis,1,2
2019-11-30,2019-20,Valencia,Villarreal,2,1
2019-12-01,2019-20,Sevilla,Leganes,1,0
2019-12-01,2019-20,Ath Bilbao,Granada,2,0
2019-12-01,2019-20,Espanol,Osasuna,2,4
2019-12-01,2019-20,Getafe,Levante,4,0
2019-12-01,2019-20,Ath Madrid,Barcelona,0,1
2019-12-06,2019-20,Villarreal,Ath Madrid,0,0
2019-12-07,2019-20,Real Madrid,Espanol,2,0
2019-12-07,2019-20,Granada,Alaves,3,0
2019-12-07,2019-20,Levante,Valencia,2,4
2019-12-07,2019-20,Barcelona,Mallorca,5,2
2019-12-08,2019-20,Eibar,Getafe,0,1
2019-12-08,2019-20,Betis,Ath Bilbao,3,2
2019-12-08,2019-20,Valladolid,Sociedad,0,0
2019-12-08,2019-20,Leganes,Celta,3,2
2019-12-08,2019-20,Osasuna,Sevilla,1,1
2019-12-13,2019-20,Alaves,Leganes,1,1
2019-12-14,2019-20,Granada,Levante,1,2
2019-12-14,2019-20,Sociedad,Barcelona,2,2
2019-12-14,2019-20,Ath Bilbao,Eibar,0,0
2019-12-14,2019-20,Ath Madrid,Osasuna,2,0
2019-12-15,2019-20,Getafe,Valladolid,2,0
2019-12-15,2019-20,Celta,Mallorca,2,2
2019-12-15,2019-20,Espanol,Betis,2,2
2019-12-15,2019-20,Sevilla,Villarreal,1,2
2019-12-15,2019-20,Valencia,Real Madrid,1,1
2019-12-18,2019-20,Barcelona,Real Madrid,0,0
2019-12-20,2019-20,Eibar,Granada,3,0
2019-12-21,2019-20,Mallorca,Sevilla,0,2
2019-12-21,2019-20,Barcelona,Alaves,4,1
2019-12-21,2019-20,Villarreal,Getafe,1,0
2019-12-21,2019-20,Valladolid,Valencia,1,1
2019-12-22,2019-20,Leganes,Espanol,2,0
2019-12-22,2019-20,Osasuna,Sociedad,3,4
2019-12-22,2019-20,Betis,Ath Madrid,1,2
2019-12-22,2019-20,Levante,Celta,3,1
2019-12-22,2019-20,Real Madrid,Ath Bilbao,0,0
2020-01-03,2019-20,Valladolid,Leganes,2,2
2020-01-03,2019-20,Sevilla,Ath Bilbao,1,1
2020-01-04,2019-20,Valencia,Eibar,1,0
2020-01-04,2019-20,Getafe,Real Madrid,0,3
2020-01-04,2019-20,Ath Madrid,Levante,2,1
2020-01-04,2019-20,Espanol,Barcelona,2,2
2020-01-05,2019-20,Granada,Mallorca,1,0
2020-01-05,2019-20,Sociedad,Villarreal,1,2
2020-01-05,2019-20,Alaves,Betis,1,1
2020-01-05,2019-20,Celta,Osasuna,1,1
2020-01-17,2019-20,Leganes,Getafe,0,3
2020-01-18,2019-20,Levante,Alaves,0,1
2020-01-18,2019-20,Real Madrid,Sevilla,2,1
2020-01-18,2019-20,Osasuna,Valladolid,0,0
2020-01-18,2019-20,Eibar,Ath Madrid,2,0
2020-01-19,2019-20,Mallorca,Valencia,4,1
2020-01-19,2019-20,Betis,Sociedad,3,0
2020-01-19,2019-20,Villarreal,Espanol,1,2
2020-01-19,2019-20,Ath Bilbao,Celta,1,1
2020-01-19,2019-20,Barcelona,Granada,1,0
2020-01-24,2019-20,Osasuna,Levante,2,0
2020-01-25,2019-20,Espanol,Ath Bilbao,1,1
2020-01-25,2019-20,Valencia,Barcelona,2,0
2020-01-25,2019-20,Alaves,Villarreal,1,2
2020-01-25,2019-20,Sevilla,Granada,2,0
2020-01-26,2019-20,Ath Madrid,Leganes,0,0
2020-01-26,2019-20,Celta,Eibar,0,0
2020-01-26,2019-20,Getafe,Betis,1,0
2020-01-26,2019-20,Sociedad,Mallorca,3,0
2020-01-26,2019-20,Valladolid,Real Madrid,0,1
2020-02-01,2019-20,Granada,Espanol,2,1
2020-02-01,2019-20,Real Madrid,Ath Madrid,1,0
2020-02-01,2019-20,Mallorca,Valladolid,0,1
2020-02-01,2019-20,Valencia,Celta,1,0
2020-02-02,2019-20,Leganes,Sociedad,2,1
2020-02-02,2019-20,Eibar,Betis,1,1
2020-02-02,2019-20,Ath Bilbao,Getafe,0,2
2020-02-02,2019-20,Sevilla,Alaves,1,1
2020-02-02,2019-20,Villarreal,Osasuna,3,1
2020-02-02,2019-20,Barcelona,Levante,2,1
2020-02-07,2019-20,Alaves,Eibar,2,1
2020-02-08,2019-20,Levante,Leganes,2,0
2020-02-08,2019-20,Getafe,Valencia,3,0
2020-02-08,2019-20,Valladolid,Villarreal,1,1
2020-02-08,2019-20,Ath Madrid,Granada,1,0
2020-02-09,2019-20,Espanol,Mallorca,1,0
2020-02-09,2019-20,Sociedad,Ath Bilbao,2,1
2020-02-09,2019-20,Osasuna,Real Madrid,1,4
2020-02-09,2019-20,Celta,Sevilla,2,1
2020-02-09,2019-20,Betis,Barcelona,2,3
2020-02-14,2019-20,Valencia,Ath Madrid,2,2
2020-02-15,2019-20,Mallorca,Alaves,1,0
2020-02-15,2019-20,Barcelona,Getafe,2,1
2020-02-15,2019-20,Villarreal,Levante,2,1
2020-02-15,2019-20,Granada,Valladolid,2,1
2020-02-16,2019-20,Sevilla,Espanol,2,2
2020-02-16,2019-20,Leganes,Betis,0,0
2020-02-16,2019-20,Ath Bilbao,Osasuna,0,1
2020-02-16,2019-20,Real Madrid,Celta,2,2
2020-02-21,2019-20,Betis,Mallorca,3,3
2020-02-22,2019-20,Celta,Leganes,1,0
2020-02-22,2019-20,Barcelona,Eibar,5,0
2020-02-22,2019-20,Sociedad,Valencia,3,0
2020-02-22,2019-20,Levante,Real Madrid,1,0
2020-02-23,2019-20,Osasuna,Granada,0,3
2020-02-23,2019-20,Alaves,Ath Bilbao,2,1
2020-02-23,2019-20,Valladolid,Espanol,2,1
2020-02-23,2019-20,Getafe,Sevilla,0,3
2020-02-23,2019-20,Ath Madrid,Villarreal,3,1
2020-02-28,2019-20,Sociedad,Valladolid,1,0
2020-02-29,2019-20,Eibar,Levante,3,0
2020-02-29,2019-20,Valencia,Betis,2,1
2020-02-29,2019-20,Leganes,Alaves,1,1
2020-02-29,2019-20,Granada,Celta,0,0
2020-03-01,2019-20,Sevilla,Osasuna,3,2
2020-03-01,2019-20,Ath Bilbao,Villarreal,1,0
2020-03-01,2019-20,Espanol,Ath Madrid,1,1
2020-03-01,2019-20,Mallorca,Getafe,0,1
2020-03-01,2019-20,Real Madrid,Barcelona,2,0
2020-03-06,2019-20,Alaves,Valencia,1,1
2020-03-07,2019-20,Eibar,Mallorca,1,2
2020-03-07,2019-20,Ath Madrid,Sevilla,2,2
2020-03-07,2019-20,Barcelona,Sociedad,1,0
2020-03-07,2019-20,Getafe,Celta,0,0
2020-03-08,2019-20,Osasuna,Espanol,1,0
2020-03-08,2019-20,Valladolid,Ath Bilbao,1,4
2020-03-08,2019-20,Levante,Granada,1,1
2020-03-08,2019-20,Villarreal,Leganes,1,2
2020-03-08,2019-20,Betis,Real Madrid,2,1
2020-03-10,2019-20,Eibar,Sociedad,1,2
2020-06-11,2019-20,Sevilla,Betis,2,0
2020-06-12,2019-20,Granada,Getafe,2,1
2020-06-12,2019-20,Valencia,Levante,1,1
2020-06-13,2019-20,Espanol,Alaves,2,0
2020-06-13,2019-20,Celta,Villarreal,0,1
2020-06-13,2019-20,Leganes,Valladolid,1,2
2020-06-13,2019-20,Mallorca,Barcelona,0,4
2020-06-14,2019-20,Ath Bilbao,Ath Madrid,1,1
2020-06-14,2019-20,Real Madrid,Eibar,3,1
2020-06-14,2019-20,Sociedad,Osasuna,1,1
2020-06-15,2019-20,Levante,Sevilla,1,1
2020-06-15,2019-20,Betis,Granada,2,2
2020-06-16,2019-20,Getafe,Espanol,0,0
2020-06-16,2019-20,Villarreal,Mallorca,1,0
2020-06-16,2019-20,Barcelona,Leganes,2,0
2020-06-17,2019-20,Eibar,Ath Bilbao,2,2
2020-06-17,2019-20,Valladolid,Celta,0,0
2020-06-17,2019-20,Osasuna,Ath Madrid,0,5
2020-06-18,2019-20,Alaves,Sociedad,2,0
2020-06-18,2019-20,Real Madrid,Valencia,3,0
2020-06-19,2019-20,Granada,Villarreal,0,1
2020-06-19,2019-20,Mallorca,Leganes,1,1
2020-06-19,2019-20,Sevilla,Barcelona,0,0
2020-06-20,2019-20,Espanol,Levante,1,3
2020-06-20,2019-20,Ath Bilbao,Betis,1,0
2020-06-20,2019-20,Getafe,Eibar,1,1
2020-06-20,2019-20,Ath Madrid,Valladolid,1,0
2020-06-21,2019-20,Celta,Alaves,6,0
2020-06-21,2019-20,Valencia,Osasuna,2,0
2020-06-21,2019-20,Sociedad,Real Madrid,1,2
2020-06-22,2019-20,Villarreal,Sevilla,2,2
2020-06-22,2019-20,Leganes,Granada,0,0
2020-06-23,2019-20,Levante,Ath Madrid,0,1
2020-06-23,2019-20,Valladolid,Getafe,1,1
2020-06-23,2019-20,Barcelona,Ath Bilbao,1,0
2020-06-24,2019-20,Alaves,Osasuna,0,1
2020-06-24,2019-20,Sociedad,Celta,0,1
2020-06-24,2019-20,Real Madrid,Mallorca,2,0
2020-06-25,2019-20,Eibar,Valencia,1,0
2020-06-25,2019-20,Betis,Espanol,1,0
2020-06-26,2019-20,Sevilla,Valladolid,1,1
2020-06-27,2019-20,Ath Bilbao,Mallorca,3,1
2020-06-27,2019-20,Celta,Barcelona,2,2
2020-06-27,2019-20,Osasuna,Leganes,2,1
2020-06-27,2019-20,Ath Madrid,Alaves,2,1
2020-06-28,2019-20,Levante,Betis,4,2
2020-06-28,2019-20,Villarreal,Valencia,2,0
2020-06-28,2019-20,Granada,Eibar,1,2
2020-06-28,2019-20,Espanol,Real Madrid,0,1
2020-06-29,2019-20,Getafe,Sociedad,2,1
2020-06-30,2019-20,Mallorca,Celta,5,1
2020-06-30,2019-20,Leganes,Sevilla,0,3
2020-06-30,2019-20,Barcelona,Ath Madrid,2,2
2020-07-01,2019-20,Alaves,Granada,0,2
2020-07-01,2019-20,Valencia,Ath Bilbao,0,2
2020-07-01,2019-20,Betis,Villarreal,0,2
2020-07-01,2019-20,Valladolid,Levante,0,0
2020-07-02,2019-20,Eibar,Osasuna,0,2
2020-07-02,2019-20,Sociedad,Espanol,2,1
2020-07-02,2019-20,Real Madrid,Getafe,1,0
2020-07-03,2019-20,Ath Madrid,Mallorca,3,0
2020-07-04,2019-20,Celta,Betis,1,1
2020-07-04,2019-20,Valladolid,Alaves,1,0
2020-07-04,2019-20,Granada,Valencia,2,2
2020-07-05,2019-20,Ath Bilbao,Real Madrid,0,1
2020-07-05,2019-20,Espanol,Leganes,0,1
2020-07-05,2019-20,Osasuna,Getafe,0,0
2020-07-05,2019-20,Villarreal,Barcelona,1,4
2020-07-06,2019-20,Levante,Sociedad,1,1
2020-07-06,2019-20,Sevilla,Eibar,1,0
2020-07-07,2019-20,Valencia,Valladolid,2,1
2020-07-07,2019-20,Celta,Ath Madrid,1,1
2020-07-08,2019-20,Betis,Osasuna,3,0
2020-07-08,2019-20,Getafe,Villarreal,1,3
2020-07-08,2019-20,Barcelona,Espanol,1,0
2020-07-09,2019-20,Eibar,Leganes,0,0
2020-07-09,2019-20,Mallorca,Levante,2,0
2020-07-09,2019-20,Ath Bilbao,Sevilla,1,2
2020-07-10,2019-20,Sociedad,Granada,2,3
2020-07-10,2019-20,Real Madrid,Alaves,2,0
2020-07-11,2019-20,Osasuna,Celta,2,1
2020-07-11,2019-20,Valladolid,Barcelona,0,1
2020-07-11,2019-20,Ath Madrid,Betis,1,0
2020-07-12,2019-20,Espanol,Eibar,0,2
2020-07-12,2019-20,Levante,Ath Bilbao,1,2
2020-07-12,2019-20,Leganes,Valencia,1,0
2020-07-12,2019-20,Sevilla,Mallorca,2,0
2020-07-13,2019-20,Alaves,Getafe,0,0
2020-07-13,2019-20,Villarreal,Sociedad,1,2
2020-07-13,2019-20,Granada,Real Madrid,1,2
2020-07-16,2019-20,Eibar,Valladolid,3,1
2020-07-16,2019-20,Ath Bilbao,Leganes,0,2
2020-07-16,2019-20,Barcelona,Osasuna,1,2
2020-07-16,2019-20,Betis,Alaves,1,2
2020-07-16,2019-20,Celta,Levante,2,3
2020-07-16,2019-20,Getafe,Ath Madrid,0,2
2020-07-16,2019-20,Mallorca,Granada,1,2
2020-07-16,2019-20,Real Madrid,Villarreal,2,1
2020-07-16,2019-20,Sociedad,Sevilla,0,0
2020-07-16,2019-20,Valencia,Espanol,1,0
2020-07-19,2019-20,Alaves,Barcelona,0,5
2020-07-19,2019-20,Valladolid,Betis,2,0
2020-07-19,2019-20,Villarreal,Eibar,4,0
2020-07-19,2019-20,Ath Madrid,Sociedad,1,1
2020-07-19,2019-20,Espanol,Celta,0,0
2020-07-19,2019-20,Granada,Ath Bilbao,4,0
2020-07-19,2019-20,Leganes,Real Madrid,2,2
2020-07-19,2019-20,Levante,Getafe,1,0
2020-07-19,2019-20,Osasuna,Mallorca,2,2
2020-07-19,2019-20,Sevilla,Valencia,1,0
2020-09-12,2020-21,Eibar,Celta,0,0
2020-09-12,2020-21,Granada,Ath Bilbao,2,0
2020-09-12,2020-21,Cadiz,Osasuna,0,2
2020-09-13,2020-21,Alaves,Betis,0,1
2020-09-13,2020-21,Valladolid,Sociedad,1,1
2020-09-13,2020-21,Villarreal,Huesca,1,1
2020-09-13,2020-21,Valencia,Levante,4,2
2020-09-19,2020-21,Villarreal,Eibar,2,1
2020-09-19,2020-21,Getafe,Osasuna,1,0
2020-09-19,2020-21,Celta,Valencia,2,1
2020-09-20,2020-21,Huesca,Cadiz,0,2
2020-09-20,2020-21,Betis,Valladolid,2,0
2020-09-20,2020-21,Granada,Alaves,2,1
2020-09-20,2020-21,Sociedad,Real Madrid,0,0
2020-09-26,2020-21,Alaves,Getafe,0,0
2020-09-26,2020-21,Valencia,Huesca,1,1
2020-09-26,2020-21,Elche,Sociedad,0,3
2020-09-26,2020-21,Betis,Real Madrid,2,3
2020-09-27,2020-21,Osasuna,Levante,1,3
2020-09-27,2020-21,Eibar,Ath Bilbao,1,2
2020-09-27,2020-21,Ath Madrid,Granada,6,1
2020-09-27,2020-21,Cadiz,Sevilla,1,3
2020-09-27,2020-21,Valladolid,Celta,1,1
2020-09-27,2020-21,Barcelona,Villarreal,4,0
2020-09-29,2020-21,Sociedad,Valencia,0,1
2020-09-29,2020-21,Getafe,Betis,3,0
2020-09-30,2020-21,Huesca,Ath Madrid,0,0
2020-09-30,2020-21,Villarreal,Alaves,3,1
2020-09-30,2020-21,Eibar,Elche,0,1
2020-09-30,2020-21,Real Madrid,Valladolid,1,0
2020-10-01,2020-21,Ath Bilbao,Cadiz,0,1
2020-10-01,2020-21,Sevilla,Levante,1,0
2020-10-01,2020-21,Celta,Barcelona,0,3
2020-10-03,2020-21,Valladolid,Eibar,1,2
2020-10-03,2020-21,Ath Madrid,Villarreal,0,0
2020-10-03,2020-21,Elche,Huesca,0,0
2020-10-03,2020-21,Sociedad,Getafe,3,0
2020-10-03,2020-21,Valencia,Betis,0,2
2020-10-04,2020-21,Osasuna,Celta,2,0
2020-10-04,2020-21,Alaves,Ath Bilbao,1,0
2020-10-04,2020-21,Levante,Real Madrid,0,2
2020-10-04,2020-21,Cadiz,Granada,1,1
2020-10-04,2020-21,Barcelona,Sevilla,1,1
2020-10-17,2020-21,Granada,Sevilla,1,0
2020-10-17,2020-21,Celta,Ath Madrid,0,2
2020-10-17,2020-21,Real Madrid,Cadiz,0,1
2020-10-17,2020-21,Getafe,Barcelona,1,0
2020-10-18,2020-21,Eibar,Osasuna,0,0
2020-10-18,2020-21,Ath Bilbao,Levante,2,0
2020-10-18,2020-21,Villarreal,Valencia,2,1
2020-10-18,2020-21,Alaves,Elche,0,2
2020-10-18,2020-21,Huesca,Valladolid,2,2
2020-10-18,2020-21,Betis,Sociedad,0,3
2020-10-23,2020-21,Elche,Valencia,2,1
2020-10-24,2020-21,Barcelona,Real Madrid,1,3
2020-10-24,2020-21,Osasuna,Ath Bilbao,1,0
2020-10-24,2020-21,Sevilla,Eibar,0,1
2020-10-24,2020-21,Ath Madrid,Betis,2,0
2020-10-25,2020-21,Valladolid,Alaves,0,2
2020-10-25,2020-21,Cadiz,Villarreal,0,0
2020-10-25,2020-21,Getafe,Granada,0,1
2020-10-25,2020-21,Sociedad,Huesca,4,1
2020-10-26,2020-21,Levante,Celta,1,1
2020-10-30,2020-21,Eibar,Cadiz,0,2
2020-10-31,2020-21,Real Madrid,Huesca,4,1
2020-10-31,2020-21,Ath Bilbao,Sevilla,2,1
2020-10-31,2020-21,Osasuna,Ath Madrid,1,3
2020-10-31,2020-21,Alaves,Barcelona,1,1
2020-11-01,2020-21,Betis,Elche,3,1
2020-11-01,2020-21,Celta,Sociedad,1,4
2020-11-01,2020-21,Granada,Levante,1,1
2020-11-01,2020-21,Valencia,Getafe,2,2
2020-11-02,2020-21,Villarreal,Valladolid,2,0
2020-11-06,2020-21,Elche,Celta,1,1
2020-11-07,2020-21,Huesca,Eibar,1,1
2020-11-07,2020-21,Barcelona,Betis,5,2
2020-11-07,2020-21,Sevilla,Osasuna,1,0
2020-11-07,2020-21,Ath Madrid,Cadiz,4,0
2020-11-08,2020-21,Getafe,Villarreal,1,3
2020-11-08,2020-21,Sociedad,Granada,2,0
2020-11-08,2020-21,Levante,Alaves,1,1
2020-11-08,2020-21,Valladolid,Ath Bilbao,2,1
2020-11-08,2020-21,Valencia,Real Madrid,4,1
2020-11-20,2020-21,Osasuna,Huesca,1,1
2020-11-21,2020-21,Levante,Elche,1,1
2020-11-21,2020-21,Villarreal,Real Madrid,1,1
2020-11-21,2020-21,Sevilla,Celta,4,2
2020-11-21,2020-21,Ath Madrid,Barcelona,1,0
2020-11-22,2020-21,Eibar,Getafe,0,0
2020-11-22,2020-21,Cadiz,Sociedad,0,1
2020-11-22,2020-21,Granada,Valladolid,1,3
2020-11-22,2020-21,Alaves,Valencia,2,2
2020-11-23,2020-21,Ath Bilbao,Betis,4,0
2020-11-27,2020-21,Valladolid,Levante,1,1
2020-11-28,2020-21,Elche,Cadiz,1,1
2020-11-28,2020-21,Valencia,Ath Madrid,0,1
2020-11-28,2020-21,Huesca,Sevilla,0,1
2020-11-28,2020-21,Real Madrid,Alaves,1,2
2020-11-29,2020-21,Barcelona,Osasuna,4,0
2020-11-29,2020-21,Getafe,Ath Bilbao,1,1
2020-11-29,2020-21,Celta,Granada,3,1
2020-11-29,2020-21,Sociedad,Villarreal,1,1
2020-11-30,2020-21,Betis,Eibar,0,2
2020-12-04,2020-21,Ath Bilbao,Celta,0,2
2020-12-05,2020-21,Levante,Getafe,3,0
2020-12-05,2020-21,Sevilla,Real Madrid,0,1
2020-12-05,2020-21,Ath Madrid,Valladolid,2,0
2020-12-05,2020-21,Cadiz,Barcelona,2,1
2020-12-06,2020-21,Granada,Huesca,3,3
2020-12-06,2020-21,Osasuna,Betis,0,2
2020-12-06,2020-21,Villarreal,Elche,0,0
2020-12-06,2020-21,Alaves,Sociedad,0,0
2020-12-07,2020-21,Eibar,Valencia,0,0
2020-12-11,2020-21,Valladolid,Osasuna,3,2
2020-12-12,2020-21,Valencia,Ath Bilbao,2,2
2020-12-12,2020-21,Getafe,Sevilla,0,1
2020-12-12,2020-21,Huesca,Alaves,1,0
2020-12-12,2020-21,Real Madrid,Ath Madrid,2,0
2020-12-13,2020-21,Sociedad,Eibar,1,1
2020-12-13,2020-21,Betis,Villarreal,1,1
2020-12-13,2020-21,Elche,Granada,0,1
2020-12-13,2020-21,Barcelona,Levante,1,0
2020-12-14,2020-21,Celta,Cadiz,4,0
2020-12-15,2020-21,Real Madrid,Ath Bilbao,3,1
2020-12-16,2020-21,Barcelona,Sociedad,2,1
2020-12-18,2020-21,Ath Bilbao,Huesca,2,0
2020-12-19,2020-21,Ath Madrid,Elche,3,1
2020-12-19,2020-21,Barcelona,Valencia,2,2
2020-12-19,2020-21,Levante,Sociedad,2,1
2020-12-19,2020-21,Osasuna,Villarreal,1,3
2020-12-19,2020-21,Sevilla,Valladolid,1,1
2020-12-20,2020-21,Celta,Alaves,2,0
2020-12-20,2020-21,Granada,Betis,2,0
2020-12-20,2020-21,Cadiz,Getafe,0,2
2020-12-20,2020-21,Eibar,Real Madrid,1,3
2020-12-22,2020-21,Elche,Osasuna,2,2
2020-12-22,2020-21,Valencia,Sevilla,0,1
2020-12-22,2020-21,Huesca,Levante,1,1
2020-12-22,2020-21,Sociedad,Ath Madrid,0,2
2020-12-22,2020-21,Valladolid,Barcelona,0,3
2020-12-22,2020-21,Villarreal,Ath Bilbao,1,1
2020-12-23,2020-21,Getafe,Celta,1,1
2020-12-23,2020-21,Real Madrid,Granada,2,0
2020-12-23,2020-21,Alaves,Eibar,2,1
2020-12-23,2020-21,Betis,Cadiz,1,0
2020-12-29,2020-21,Sevilla,Villarreal,2,0
2020-12-29,2020-21,Barcelona,Eibar,1,1
2020-12-29,2020-21,Cadiz,Valladolid,0,0
2020-12-29,2020-21,Levante,Betis,4,3
2020-12-30,2020-21,Granada,Valencia,2,1
2020-12-30,2020-21,Ath Madrid,Getafe,1,0
2020-12-30,2020-21,Celta,Huesca,2,1
2020-12-30,2020-21,Elche,Real Madrid,1,1
2020-12-31,2020-21,Ath Bilbao,Sociedad,0,1
2020-12-31,2020-21,Osasuna,Alaves,1,1
2021-01-02,2020-21,Villarreal,Levante,2,1
2021-01-02,2020-21,Betis,Sevilla,1,1
2021-01-02,2020-21,Getafe,Valladolid,0,1
2021-01-02,2020-21,Real Madrid,Celta,2,0
2021-01-03,2020-21,Ath Bilbao,Elche,1,0
2021-01-03,2020-21,Alaves,Ath Madrid,1,2
2021-01-03,2020-21,Eibar,Granada,2,0
2021-01-03,2020-21,Sociedad,Osasuna,1,1
2021-01-03,2020-21,Huesca,Barcelona,0,1
2021-01-04,2020-21,Valencia,Cadiz,1,1
2021-01-06,2020-21,Ath Bilbao,Barcelona,2,3
2021-01-08,2020-21,Celta,Villarreal,0,4
2021-01-09,2020-21,Sevilla,Sociedad,3,2
2021-01-09,2020-21,Granada,Barcelona,0,4
2021-01-09,2020-21,Osasuna,Real Madrid,0,0
2021-01-10,2020-21,Levante,Eibar,2,1
2021-01-10,2020-21,Cadiz,Alaves,3,1
2021-01-10,2020-21,Valladolid,Valencia,0,1
2021-01-11,2020-21,Elche,Getafe,1,3
2021-01-11,2020-21,Huesca,Betis,0,2
2021-01-12,2020-21,Granada,Osasuna,2,0
2021-01-12,2020-21,Ath Madrid,Sevilla,2,0
2021-01-19,2020-21,Cadiz,Levante,2,2
2021-01-19,2020-21,Valladolid,Elche,2,2
2021-01-19,2020-21,Alaves,Sevilla,1,2
2021-01-20,2020-21,Getafe,Huesca,1,0
2021-01-20,2020-21,Betis,Celta,2,1
2021-01-20,2020-21,Villarreal,Granada,2,2
2021-01-21,2020-21,Valencia,Osasuna,1,1
2021-01-21,2020-21,Eibar,Ath Madrid,1,2
2021-01-22,2020-21,Levante,Valladolid,2,2
2021-01-23,2020-21,Huesca,Villarreal,0,0
2021-01-23,2020-21,Sevilla,Cadiz,3,0
2021-01-23,2020-21,Sociedad,Betis,2,2
2021-01-23,2020-21,Alaves,Real Madrid,1,4
2021-01-24,2020-21,Osasuna,Granada,3,1
2021-01-24,2020-21,Elche,Barcelona,0,2
2021-01-24,2020-21,Celta,Eibar,1,1
2021-01-24,2020-21,Ath Madrid,Valencia,3,1
2021-01-25,2020-21,Ath Bilbao,Getafe,5,1
2021-01-29,2020-21,Valladolid,Huesca,1,3
2021-01-30,2020-21,Eibar,Sevilla,0,2
2021-01-30,2020-21,Real Madrid,Levante,1,2
2021-01-30,2020-21,Valencia,Elche,1,0
2021-01-30,2020-21,Villarreal,Sociedad,1,1
2021-01-31,2020-21,Getafe,Alaves,0,0
2021-01-31,2020-21,Cadiz,Ath Madrid,2,4
2021-01-31,2020-21,Granada,Celta,0,0
2021-01-31,2020-21,Barcelona,Ath Bilbao,2,1
2021-02-01,2020-21,Betis,Osasuna,1,0
2021-02-05,2020-21,Alaves,Valladolid,1,0
2021-02-06,2020-21,Levante,Granada,2,2
2021-02-06,2020-21,Huesca,Real Madrid,1,2
2021-02-06,2020-21,Elche,Villarreal,2,2
2021-02-06,2020-21,Sevilla,Getafe,3,0
2021-02-07,2020-21,Sociedad,Cadiz,4,1
2021-02-07,2020-21,Ath Bilbao,Valencia,1,1
2021-02-07,2020-21,Osasuna,Eibar,2,1
2021-02-07,2020-21,Betis,Barcelona,2,3
2021-02-08,2020-21,Ath Madrid,Celta,2,2
2021-02-09,2020-21,Real Madrid,Getafe,2,0
2021-02-12,2020-21,Celta,Elche,3,1
2021-02-13,2020-21,Granada,Ath Madrid,1,2
2021-02-13,2020-21,Sevilla,Huesca,1,0
2021-02-13,2020-21,Eibar,Valladolid,1,1
2021-02-13,2020-21,Barcelona,Alaves,5,1
2021-02-14,2020-21,Getafe,Sociedad,0,1
2021-02-14,2020-21,Real Madrid,Valencia,2,0
2021-02-14,2020-21,Levante,Osasuna,0,1
2021-02-14,2020-21,Villarreal,Betis,1,2
2021-02-15,2020-21,Cadiz,Ath Bilbao,0,4
2021-02-17,2020-21,Levante,Ath Madrid,1,1
2021-02-19,2020-21,Betis,Getafe,1,0
2021-02-20,2020-21,Elche,Eibar,1,0
2021-02-20,2020-21,Ath Madrid,Levante,0,2
2021-02-20,2020-21,Valencia,Celta,2,0
2021-02-20,2020-21,Valladolid,Real Madrid,0,1
2021-02-21,2020-21,Barcelona,Cadiz,1,1
2021-02-21,2020-21,Sociedad,Alaves,4,0
2021-02-21,2020-21,Huesca,Granada,3,2
2021-02-21,2020-21,Ath Bilbao,Villarreal,1,1
2021-02-22,2020-21,Osasuna,Sevilla,0,2
2021-02-24,2020-21,Barcelona,Elche,3,0
2021-02-26,2020-21,Levante,Ath Bilbao,1,1
2021-02-27,2020-21,Eibar,Huesca,1,1
2021-02-27,2020-21,Sevilla,Barcelona,0,2
2021-02-27,2020-21,Alaves,Osasuna,0,1
2021-02-27,2020-21,Getafe,Valencia,3,0
2021-02-28,2020-21,Celta,Valladolid,1,1
2021-02-28,2020-21,Cadiz,Betis,0,1
2021-02-28,2020-21,Granada,Elche,2,1
2021-02-28,2020-21,Villarreal,Ath Madrid,0,2
2021-03-01,2020-21,Real Madrid,Sociedad,1,1
2021-03-05,2020-21,Valencia,Villarreal,2,1
2021-03-06,2020-21,Valladolid,Getafe,2,1
2021-03-06,2020-21,Elche,Sevilla,2,1
2021-03-06,2020-21,Cadiz,Eibar,1,0
2021-03-06,2020-21,Osasuna,Barcelona,0,2
2021-03-07,2020-21,Huesca,Celta,3,4
2021-03-07,2020-21,Ath Madrid,Real Madrid,1,1
2021-03-07,2020-21,Sociedad,Levante,1,0
2021-03-07,2020-21,Ath Bilbao,Granada,2,1
2021-03-08,2020-21,Betis,Alaves,3,2
2021-03-10,2020-21,Ath Madrid,Ath Bilbao,2,1
2021-03-12,2020-21,Levante,Valencia,1,0
2021-03-13,2020-21,Alaves,Cadiz,1,1
2021-03-13,2020-21,Real Madrid,Elche,2,1
2021-03-13,2020-21,Osasuna,Valladolid,0,0
2021-03-13,2020-21,Getafe,Ath Madrid,0,0
2021-03-14,2020-21,Celta,Ath Bilbao,0,0
2021-03-14,2020-21,Granada,Sociedad,1,0
2021-03-14,2020-21,Eibar,Villarreal,1,3
2021-03-14,2020-21,Sevilla,Betis,1,0
2021-03-15,2020-21,Barcelona,Huesca,4,1
2021-03-17,2020-21,Sevilla,Elche,2,0
2021-03-19,2020-21,Betis,Levante,2,0
2021-03-20,2020-21,Ath Bilbao,Eibar,1,1
2021-03-20,2020-21,Celta,Real Madrid,1,3
2021-03-20,2020-21,Huesca,Osasuna,0,0
2021-03-20,2020-21,Valladolid,Sevilla,1,1
2021-03-21,2020-21,Getafe,Elche,1,1
2021-03-21,2020-21,Valencia,Granada,2,1
2021-03-21,2020-21,Villarreal,Cadiz,2,1
2021-03-21,2020-21,Ath Madrid,Alaves,1,0
2021-03-21,2020-21,Sociedad,Barcelona,1,6
2021-04-02,2020-21,Levante,Huesca,0,2
2021-04-03,2020-21,Granada,Villarreal,0,3
2021-04-03,2020-21,Real Madrid,Eibar,2,0
2021-04-03,2020-21,Osasuna,Getafe,0,0
2021-04-04,2020-21,Alaves,Celta,1,3
2021-04-04,2020-21,Elche,Betis,1,1
2021-04-04,2020-21,Cadiz,Valencia,2,1
2021-04-04,2020-21,Sevilla,Ath Madrid,1,0
2021-04-05,2020-21,Barcelona,Valladolid,1,0
2021-04-07,2020-21,Sociedad,Ath Bilbao,1,1
2021-04-09,2020-21,Huesca,Elche,3,1
2021-04-10,2020-21,Getafe,Cadiz,0,1
2021-04-10,2020-21,Ath Bilbao,Alaves,0,0
2021-04-10,2020-21,Eibar,Levante,0,1
2021-04-10,2020-21,Real Madrid,Barcelona,2,1
2021-04-11,2020-21,Villarreal,Osasuna,1,2
2021-04-11,2020-21,Valencia,Sociedad,2,2
2021-04-11,2020-21,Valladolid,Granada,1,2
2021-04-11,2020-21,Betis,Ath Madrid,1,1
2021-04-12,2020-21,Celta,Sevilla,3,4
2021-04-18,2020-21,Osasuna,Elche,2,0
2021-04-18,2020-21,Sociedad,Sevilla,1,2
2021-04-18,2020-21,Alaves,Huesca,1,0
2021-04-18,2020-21,Ath Madrid,Eibar,5,0
2021-04-18,2020-21,Betis,Valencia,2,2
2021-04-18,2020-21,Cadiz,Celta,0,0
2021-04-18,2020-21,Getafe,Real Madrid,0,0
2021-04-18,2020-21,Levante,Villarreal,1,5
2021-04-21,2020-21,Levante,Sevilla,0,1
2021-04-21,2020-21,Osasuna,Valencia,3,1
2021-04-21,2020-21,Betis,Ath Bilbao,0,0
2021-04-21,2020-21,Alaves,Villarreal,2,1
2021-04-21,2020-21,Elche,Valladolid,1,1
2021-04-21,2020-21,Cadiz,Real Madrid,0,3
2021-04-22,2020-21,Ath Madrid,Huesca,2,0
2021-04-22,2020-21,Granada,Eibar,4,1
2021-04-22,2020-21,Sociedad,Celta,2,1
2021-04-22,2020-21,Barcelona,Getafe,5,2
2021-04-24,2020-21,Elche,Levante,1,0
2021-04-24,2020-21,Valladolid,Cadiz,1,1
2021-04-24,2020-21,Valencia,Alaves,1,1
2021-04-24,2020-21,Real Madrid,Betis,0,0
2021-04-25,2020-21,Huesca,Getafe,0,2
2021-04-25,2020-21,Villarreal,Barcelona,1,2
2021-04-25,2020-21,Celta,Osasuna,2,1
2021-04-25,2020-21,Sevilla,Granada,2,1
2021-04-25,2020-21,Ath Bilbao,Ath Madrid,2,1
2021-04-26,2020-21,Eibar,Sociedad,0,1
2021-04-28,2020-21,Ath Bilbao,Valladolid,2,2
2021-04-29,2020-21,Barcelona,Granada,1,2
2021-04-30,2020-21,Celta,Levante,2,0
2021-05-01,2020-21,Eibar,Alaves,3,0
2021-05-01,2020-21,Elche,Ath Madrid,0,1
2021-05-01,2020-21,Huesca,Sociedad,1,0
2021-05-01,2020-21,Real Madrid,Osasuna,2,0
2021-05-02,2020-21,Valladolid,Betis,1,1
2021-05-02,2020-21,Villarreal,Getafe,1,0
2021-05-02,2020-21,Granada,Cadiz,0,1
2021-05-02,2020-21,Valencia,Barcelona,2,3
2021-05-03,2020-21,Sevilla,Ath Bilbao,0,1
2021-05-07,2020-21,Sociedad,Elche,2,0
2021-05-08,2020-21,Alaves,Levante,2,2
2021-05-08,2020-21,Barcelona,Ath Madrid,0,0
2021-05-08,2020-21,Cadiz,Huesca,2,1
2021-05-08,2020-21,Ath Bilbao,Osasuna,2,2
2021-05-09,2020-21,Getafe,Eibar,0,1
2021-05-09,2020-21,Valencia,Valladolid,3,0
2021-05-09,2020-21,Villarreal,Celta,2,4
2021-05-09,2020-21,Real Madrid,Sevilla,2,2
2021-05-10,2020-21,Betis,Granada,2,1
2021-05-11,2020-21,Osasuna,Cadiz,3,2
2021-05-11,2020-21,Elche,Alaves,0,2
2021-05-11,2020-21,Levante,Barcelona,3,3
2021-05-12,2020-21,Sevilla,Valencia,1,0
2021-05-12,2020-21,Celta,Getafe,1,0
2021-05-12,2020-21,Huesca,Ath Bilbao,1,0
2021-05-12,2020-21,Ath Madrid,Sociedad,2,1
2021-05-13,2020-21,Valladolid,Villarreal,0,2
2021-05-13,2020-21,Eibar,Betis,1,1
2021-05-13,2020-21,Granada,Real Madrid,1,4
2021-05-16,2020-21,Alaves,Granada,4,2
2021-05-16,2020-21,Ath Bilbao,Real Madrid,0,1
2021-05-16,2020-21,Ath Madrid,Osasuna,2,1
2021-05-16,2020-21,Barcelona,Celta,1,2
2021-05-16,2020-21,Betis,Huesca,1,0
2021-05-16,2020-21,Cadiz,Elche,1,3
2021-05-16,2020-21,Getafe,Levante,2,1
2021-05-16,2020-21,Sociedad,Valladolid,4,1
2021-05-16,2020-21,Valencia,Eibar,4,1
2021-05-16,2020-21,Villarreal,Sevilla,4,0
2021-05-21,2020-21,Levante,Cadiz,2,2
2021-05-22,2020-21,Celta,Betis,2,3
2021-05-22,2020-21,Eibar,Barcelona,0,1
2021-05-22,2020-21,Elche,Ath Bilbao,2,0
2021-05-22,2020-21,Huesca,Valencia,0,0
2021-05-22,2020-21,Osasuna,Sociedad,0,1
2021-05-22,2020-21,Real Madrid,Villarreal,2,1
2021-05-22,2020-21,Valladolid,Ath Madrid,1,2
2021-05-23,2020-21,Granada,Getafe,0,0
2021-05-23,2020-21,Sevilla,Alaves,1,0
2021-08-13,2021-22,Valencia,Getafe,1,0
2021-08-14,2021-22,Cadiz,Levante,1,1
2021-08-14,2021-22,Mallorca,Betis,1,1
2021-08-14,2021-22,Alaves,Real Madrid,1,4
2021-08-14,2021-22,Osasuna,Espanol,0,0
2021-08-15,2021-22,Celta,Ath Madrid,1,2
2021-08-15,2021-22,Barcelona,Sociedad,4,2
2021-08-15,2021-22,Sevilla,Vallecano,3,0
2021-08-16,2021-22,Villarreal,Granada,0,0
2021-08-16,2021-22,Elche,Ath Bilbao,0,0
2021-08-20,2021-22,Betis,Cadiz,1,1
2021-08-21,2021-22,Alaves,Mallorca,0,1
2021-08-21,2021-22,Espanol,Villarreal,0,0
2021-08-21,2021-22,Granada,Valencia,1,1
2021-08-21,2021-22,Ath Bilbao,Barcelona,1,1
2021-08-22,2021-22,Sociedad,Vallecano,1,0
2021-08-22,2021-22,Ath Madrid,Elche,1,0
2021-08-22,2021-22,Levante,Real Madrid,3,3
2021-08-23,2021-22,Getafe,Sevilla,0,1
2021-08-23,2021-22,Osasuna,Celta,0,0
2021-08-27,2021-22,Mallorca,Espanol,1,0
2021-08-27,2021-22,Valencia,Alaves,3,0
2021-08-28,2021-22,Celta,Ath Bilbao,0,1
2021-08-28,2021-22,Elche,Sevilla,1,1
2021-08-28,2021-22,Sociedad,Levante,1,0
2021-08-28,2021-22,Betis,Real Madrid,0,1
2021-08-29,2021-22,Barcelona,Getafe,2,1
2021-08-29,2021-22,Cadiz,Osasuna,2,3
2021-08-29,2021-22,Vallecano,Granada,4,0
2021-08-29,2021-22,Ath Madrid,Villarreal,2,2
2021-09-11,2021-22,Levante,Vallecano,1,1
2021-09-11,2021-22,Ath Bilbao,Mallorca,2,0
2021-09-12,2021-22,Espanol,Ath Madrid,1,2
2021-09-12,2021-22,Osasuna,Valencia,1,4
2021-09-12,2021-22,Cadiz,Sociedad,0,2
2021-09-12,2021-22,Real Madrid,Celta,5,2
2021-09-13,2021-22,Getafe,Elche,0,1
2021-09-13,2021-22,Granada,Betis,1,2
2021-09-17,2021-22,Celta,Cadiz,1,2
2021-09-18,2021-22,Vallecano,Getafe,3,0
2021-09-18,2021-22,Ath Madrid,Ath Bilbao,0,0
2021-09-18,2021-22,Elche,Levante,1,1
2021-09-18,2021-22,Alaves,Osasuna,0,2
2021-09-19,2021-22,Mallorca,Villarreal,0,0
2021-09-19,2021-22,Sociedad,Sevilla,0,0
2021-09-19,2021-22,Betis,Espanol,2,2
2021-09-19,2021-22,Valencia,Real Madrid,1,2
2021-09-20,2021-22,Barcelona,Granada,1,1
2021-09-21,2021-22,Getafe,Ath Madrid,1,2
2021-09-21,2021-22,Ath Bilbao,Vallecano,1,2
2021-09-21,2021-22,Levante,Celta,0,2
2021-09-22,2021-22,Espanol,Alaves,1,0
2021-09-22,2021-22,Sevilla,Valencia,3,1
2021-09-22,2021-22,Real Madrid,Mallorca,6,1
2021-09-22,2021-22,Villarreal,Elche,4,1
2021-09-23,2021-22,Granada,Sociedad,2,3
2021-09-23,2021-22,Osasuna,Betis,1,3
2021-09-23,2021-22,Cadiz,Barcelona,0,0
2021-09-25,2021-22,Alaves,Ath Madrid,1,0
2021-09-25,2021-22,Valencia,Ath Bilbao,1,1
2021-09-25,2021-22,Sevilla,Espanol,2,0
2021-09-25,2021-22,Real Madrid,Villarreal,0,0
2021-09-26,2021-22,Mallorca,Osasuna,2,3
2021-09-26,2021-22,Barcelona,Levante,3,0
2021-09-26,2021-22,Sociedad,Elche,1,0
2021-09-26,2021-22,Vallecano,Cadiz,3,1
2021-09-26,2021-22,Betis,Getafe,2,0
2021-09-27,2021-22,Celta,Granada,1,0
2021-10-01,2021-22,Ath Bilbao,Alaves,1,0
2021-10-02,2021-22,Osasuna,Vallecano,1,0
2021-10-02,2021-22,Mallorca,Levante,1,0
2021-10-02,2021-22,Cadiz,Valencia,0,0
2021-10-02,2021-22,Ath Madrid,Barcelona,2,0
2021-10-03,2021-22,Elche,Celta,1,0
2021-10-03,2021-22,Espanol,Real Madrid,2,1
2021-10-03,2021-22,Getafe,Sociedad,1,1
2021-10-03,2021-22,Villarreal,Betis,2,0
2021-10-03,2021-22,Granada,Sevilla,1,0
2021-10-16,2021-22,Levante,Getafe,0,0
2021-10-16,2021-22,Sociedad,Mallorca,1,0
2021-10-17,2021-22,Vallecano,Elche,2,1
2021-10-17,2021-22,Celta,Sevilla,0,1
2021-10-17,2021-22,Villarreal,Osasuna,1,2
2021-10-17,2021-22,Barcelona,Valencia,3,1
2021-10-18,2021-22,Alaves,Betis,0,1
2021-10-18,2021-22,Espanol,Cadiz,2,0
2021-10-22,2021-22,Osasuna,Granada,1,1
2021-10-23,2021-22,Valencia,Mallorca,2,2
2021-10-23,2021-22,Cadiz,Alaves,0,2
2021-10-23,2021-22,Elche,Espanol,2,2
2021-10-23,2021-22,Ath Bilbao,Villarreal,2,1
2021-10-24,2021-22,Sevilla,Levante,5,3
2021-10-24,2021-22,Barcelona,Real Madrid,1,2
2021-10-24,2021-22,Betis,Vallecano,3,2
2021-10-24,2021-22,Ath Madrid,Sociedad,2,2
2021-10-25,2021-22,Getafe,Celta,0,3
2021-10-26,2021-22,Alaves,Elche,1,0
2021-10-26,2021-22,Espanol,Ath Bilbao,1,1
2021-10-26,2021-22,Villarreal,Cadiz,3,3
2021-10-27,2021-22,Mallorca,Sevilla,1,1
2021-10-27,2021-22,Vallecano,Barcelona,1,0
2021-10-27,2021-22,Betis,Valencia,4,1
2021-10-27,2021-22,Real Madrid,Osasuna,0,0
2021-10-28,2021-22,Celta,Sociedad,0,2
2021-10-28,2021-22,Granada,Getafe,1,1
2021-10-28,2021-22,Levante,Ath Madrid,2,2
2021-10-30,2021-22,Elche,Real Madrid,1,2
2021-10-30,2021-22,Sevilla,Osasuna,2,0
2021-10-30,2021-22,Valencia,Villarreal,2,0
2021-10-30,2021-22,Barcelona,Alaves,1,1
2021-10-31,2021-22,Cadiz,Mallorca,1,1
2021-10-31,2021-22,Ath Madrid,Betis,3,0
2021-10-31,2021-22,Getafe,Espanol,2,1
2021-10-31,2021-22,Sociedad,Ath Bilbao,1,1
2021-11-01,2021-22,Vallecano,Celta,0,0
2021-11-01,2021-22,Levante,Granada,0,3
2021-11-05,2021-22,Ath Bilbao,Cadiz,0,1
2021-11-06,2021-22,Espanol,Granada,2,0
2021-11-06,2021-22,Celta,Barcelona,3,3
2021-11-06,2021-22,Alaves,Levante,2,1
2021-11-06,2021-22,Real Madrid,Vallecano,2,1
2021-11-07,2021-22,Villarreal,Getafe,1,0
2021-11-07,2021-22,Valencia,Ath Madrid,3,3
2021-11-07,2021-22,Mallorca,Elche,2,2
2021-11-07,2021-22,Osasuna,Sociedad,0,2
2021-11-07,2021-22,Betis,Sevilla,0,2
2021-11-19,2021-22,Levante,Ath Bilbao,0,0
2021-11-20,2021-22,Celta,Villarreal,1,1
2021-11-20,2021-22,Sevilla,Alaves,2,2
2021-11-20,2021-22,Ath Madrid,Osasuna,1,0
2021-11-20,2021-22,Barcelona,Espanol,1,0
2021-11-21,2021-22,Getafe,Cadiz,4,0
2021-11-21,2021-22,Granada,Real Madrid,1,4
2021-11-21,2021-22,Elche,Betis,0,3
2021-11-21,2021-22,Sociedad,Valencia,0,0
2021-11-22,2021-22,Vallecano,Mallorca,3,1
2021-11-26,2021-22,Ath Bilbao,Granada,2,2
2021-11-27,2021-22,Alaves,Celta,1,2
2021-11-27,2021-22,Valencia,Vallecano,1,1
2021-11-27,2021-22,Mallorca,Getafe,0,0
2021-11-27,2021-22,Villarreal,Barcelona,1,3
2021-11-28,2021-22,Betis,Levante,3,1
2021-11-28,2021-22,Espanol,Sociedad,1,0
2021-11-28,2021-22,Cadiz,Ath Madrid,1,4
2021-11-28,2021-22,Real Madrid,Sevilla,2,1
2021-11-29,2021-22,Osasuna,Elche,1,1
2021-12-01,2021-22,Real Madrid,Ath Bilbao,1,0
2021-12-03,2021-22,Granada,Alaves,2,1
2021-12-04,2021-22,Sevilla,Villarreal,1,0
2021-12-04,2021-22,Barcelona,Betis,0,1
2021-12-04,2021-22,Ath Madrid,Mallorca,1,2
2021-12-04,2021-22,Sociedad,Real Madrid,0,2
2021-12-05,2021-22,Vallecano,Espanol,1,0
2021-12-05,2021-22,Elche,Cadiz,3,1
2021-12-05,2021-22,Levante,Osasuna,0,0
2021-12-05,2021-22,Celta,Valencia,1,2
2021-12-06,2021-22,Getafe,Ath Bilbao,0,0
2021-12-10,2021-22,Mallorca,Celta,0,0
2021-12-11,2021-22,Espanol,Levante,4,3
2021-12-11,2021-22,Alaves,Getafe,1,1
2021-12-11,2021-22,Valencia,Elche,2,1
2021-12-11,2021-22,Ath Bilbao,Sevilla,0,1
2021-12-12,2021-22,Villarreal,Vallecano,2,0
2021-12-12,2021-22,Osasuna,Barcelona,2,2
2021-12-12,2021-22,Betis,Sociedad,4,0
2021-12-12,2021-22,Real Madrid,Ath Madrid,2,0
2021-12-13,2021-22,Cadiz,Granada,1,1
2021-12-17,2021-22,Celta,Espanol,3,1
2021-12-18,2021-22,Vallecano,Alaves,2,0
2021-12-18,2021-22,Sociedad,Villarreal,1,3
2021-12-18,2021-22,Barcelona,Elche,3,2
2021-12-18,2021-22,Sevilla,Ath Madrid,2,1
2021-12-19,2021-22,Granada,Mallorca,4,1
2021-12-19,2021-22,Ath Bilbao,Betis,3,2
2021-12-19,2021-22,Getafe,Osasuna,1,0
2021-12-19,2021-22,Real Madrid,Cadiz,0,0
2021-12-20,2021-22,Levante,Valencia,3,4
2021-12-21,2021-22,Villarreal,Alaves,5,2
2021-12-21,2021-22,Sevilla,Barcelona,1,1
2021-12-22,2021-22,Granada,Ath Madrid,2,1
2021-12-22,2021-22,Ath Bilbao,Real Madrid,1,2
2021-12-31,2021-22,Valencia,Espanol,1,2
2022-01-02,2021-22,Getafe,Real Madrid,1,0
2022-01-02,2021-22,Ath Madrid,Vallecano,2,0
2022-01-02,2021-22,Elche,Granada,0,0
2022-01-02,2021-22,Alaves,Sociedad,1,1
2022-01-02,2021-22,Betis,Celta,0,2
2022-01-02,2021-22,Mallorca,Barcelona,0,1
2022-01-03,2021-22,Villarreal,Levante,5,0
2022-01-03,2021-22,Osasuna,Ath Bilbao,1,3
2022-01-03,2021-22,Cadiz,Sevilla,0,1
2022-01-08,2021-22,Levante,Mallorca,2,0
2022-01-08,2021-22,Sociedad,Celta,1,0
2022-01-08,2021-22,Granada,Barcelona,1,1
2022-01-08,2021-22,Real Madrid,Valencia,4,1
2022-01-09,2021-22,Vallecano,Betis,1,1
2022-01-09,2021-22,Sevilla,Getafe,1,0
2022-01-09,2021-22,Alaves,Ath Bilbao,0,0
2022-01-09,2021-22,Osasuna,Cadiz,2,0
2022-01-09,2021-22,Villarreal,Ath Madrid,2,2
2022-01-10,2021-22,Espanol,Elche,1,2
2022-01-16,2021-22,Elche,Villarreal,1,0
2022-01-18,2021-22,Betis,Alaves,4,0
2022-01-18,2021-22,Cadiz,Espanol,2,2
2022-01-19,2021-22,Celta,Osasuna,2,0
2022-01-19,2021-22,Valencia,Sevilla,1,1
2022-01-20,2021-22,Getafe,Granada,4,2
2022-01-21,2021-22,Espanol,Betis,1,4
2022-01-22,2021-22,Levante,Cadiz,0,2
2022-01-22,2021-22,Villarreal,Mallorca,3,0
2022-01-22,2021-22,Sevilla,Celta,2,2
2022-01-22,2021-22,Ath Madrid,Valencia,3,2
2022-01-23,2021-22,Granada,Osasuna,0,2
2022-01-23,2021-22,Real Madrid,Elche,2,2
2022-01-23,2021-22,Sociedad,Getafe,0,0
2022-01-23,2021-22,Vallecano,Ath Bilbao,0,1
2022-01-23,2021-22,Alaves,Barcelona,0,1
2022-02-04,2021-22,Getafe,Levante,3,0
2022-02-05,2021-22,Elche,Alaves,3,1
2022-02-05,2021-22,Mallorca,Cadiz,2,1
2022-02-05,2021-22,Celta,Vallecano,2,0
2022-02-05,2021-22,Osasuna,Sevilla,0,0
2022-02-06,2021-22,Valencia,Sociedad,0,0
2022-02-06,2021-22,Barcelona,Ath Madrid,4,2
2022-02-06,2021-22,Betis,Villarreal,0,2
2022-02-06,2021-22,Real Madrid,Granada,1,0
2022-02-07,2021-22,Ath Bilbao,Espanol,2,1
2022-02-11,2021-22,Sevilla,Elche,2,0
2022-02-12,2021-22,Cadiz,Celta,0,0
2022-02-12,2021-22,Villarreal,Real Madrid,0,0
2022-02-12,2021-22,Vallecano,Osasuna,0,3
2022-02-12,2021-22,Ath Madrid,Getafe,4,3
2022-02-13,2021-22,Alaves,Valencia,2,1
2022-02-13,2021-22,Levante,Betis,2,4
2022-02-13,2021-22,Sociedad,Granada,2,0
2022-02-13,2021-22,Espanol,Barcelona,2,2
2022-02-14,2021-22,Mallorca,Ath Bilbao,3,2
2022-02-16,2021-22,Ath Madrid,Levante,0,1
2022-02-18,2021-22,Elche,Vallecano,2,1
2022-02-19,2021-22,Granada,Villarreal,1,4
2022-02-19,2021-22,Osasuna,Ath Madrid,0,3
2022-02-19,2021-22,Cadiz,Getafe,1,1
2022-02-19,2021-22,Real Madrid,Alaves,3,0
2022-02-20,2021-22,Espanol,Sevilla,1,1
2022-02-20,2021-22,Valencia,Barcelona,1,4
2022-02-20,2021-22,Betis,Mallorca,2,1
2022-02-20,2021-22,Ath Bilbao,Sociedad,4,0
2022-02-21,2021-22,Celta,Levante,1,1
2022-02-25,2021-22,Levante,Elche,3,0
2022-02-26,2021-22,Mallorca,Valencia,0,1
2022-02-26,2021-22,Getafe,Alaves,2,2
2022-02-26,2021-22,Vallecano,Real Madrid,0,1
2022-02-26,2021-22,Ath Madrid,Celta,2,0
2022-02-27,2021-22,Villarreal,Espanol,5,1
2022-02-27,2021-22,Sevilla,Betis,2,1
2022-02-27,2021-22,Sociedad,Osasuna,1,0
2022-02-27,2021-22,Barcelona,Ath Bilbao,4,0
2022-02-28,2021-22,Granada,Cadiz,0,0
2022-03-02,2021-22,Mallorca,Sociedad,0,2
2022-03-04,2021-22,Alaves,Sevilla,0,0
2022-03-05,2021-22,Osasuna,Villarreal,1,0
2022-03-05,2021-22,Espanol,Getafe,2,0
2022-03-05,2021-22,Valencia,Granada,3,1
2022-03-05,2021-22,Real Madrid,Sociedad,4,1
2022-03-06,2021-22,Cadiz,Vallecano,2,0
2022-03-06,2021-22,Elche,Barcelona,1,2
2022-03-06,2021-22,Celta,Mallorca,4,3
2022-03-06,2021-22,Betis,Ath Madrid,1,3
2022-03-07,2021-22,Ath Bilbao,Levante,3,1
2022-03-11,2021-22,Ath Madrid,Cadiz,2,1
2022-03-12,2021-22,Levante,Espanol,1,1
2022-03-12,2021-22,Granada,Elche,0,1
2022-03-12,2021-22,Villarreal,Celta,1,0
2022-03-12,2021-22,Getafe,Valencia,0,0
2022-03-13,2021-22,Vallecano,Sevilla,1,1
2022-03-13,2021-22,Betis,Ath Bilbao,1,0
2022-03-13,2021-22,Sociedad,Alaves,1,0
2022-03-13,2021-22,Barcelona,Osasuna,4,0
2022-03-14,2021-22,Mallorca,Real Madrid,0,3
2022-03-18,2021-22,Ath Bilbao,Getafe,1,1
2022-03-19,2021-22,Alaves,Granada,2,3
2022-03-19,2021-22,Elche,Valencia,0,1
2022-03-19,2021-22,Osasuna,Levante,3,1
2022-03-19,2021-22,Vallecano,Ath Madrid,0,1
2022-03-20,2021-22,Espanol,Mallorca,1,0
2022-03-20,2021-22,Cadiz,Villarreal,1,0
2022-03-20,2021-22,Celta,Betis,0,0
2022-03-20,2021-22,Sevilla,Sociedad,0,0
2022-03-20,2021-22,Real Madrid,Barcelona,0,4
2022-04-02,2021-22,Getafe,Mallorca,1,0
2022-04-02,2021-22,Levante,Villarreal,2,0
2022-04-02,2021-22,Celta,Real Madrid,1,2
2022-04-02,2021-22,Ath Madrid,Alaves,4,1
2022-04-03,2021-22,Ath Bilbao,Elche,2,1
2022-04-03,2021-22,Betis,Osasuna,4,1
2022-04-03,2021-22,Granada,Vallecano,2,2
2022-04-03,2021-22,Valencia,Cadiz,0,0
2022-04-03,2021-22,Barcelona,Sevilla,1,0
2022-04-04,2021-22,Sociedad,Espanol,1,0
2022-04-08,2021-22,Sevilla,Granada,4,2
2022-04-09,2021-22,Cadiz,Betis,1,2
2022-04-09,2021-22,Mallorca,Ath Madrid,1,0
2022-04-09,2021-22,Villarreal,Ath Bilbao,1,1
2022-04-09,2021-22,Real Madrid,Getafe,2,0
2022-04-10,2021-22,Osasuna,Alaves,1,0
2022-04-10,2021-22,Espanol,Celta,1,0
2022-04-10,2021-22,Elche,Sociedad,1,2
2022-04-10,2021-22,Levante,Barcelona,2,3
2022-04-11,2021-22,Vallecano,Valencia,1,1
2022-04-15,2021-22,Sociedad,Betis,0,0
2022-04-16,2021-22,Elche,Mallorca,3,0
2022-04-16,2021-22,Alaves,Vallecano,1,0
2022-04-16,2021-22,Valencia,Osasuna,1,2
2022-04-16,2021-22,Getafe,Villarreal,1,2
2022-04-17,2021-22,Granada,Levante,1,4
2022-04-17,2021-22,Ath Madrid,Espanol,2,1
2022-04-17,2021-22,Ath Bilbao,Celta,0,2
2022-04-17,2021-22,Sevilla,Real Madrid,2,3
2022-04-18,2021-22,Barcelona,Cadiz,0,1
2022-04-19,2021-22,Mallorca,Alaves,2,1
2022-04-19,2021-22,Betis,Elche,0,1
2022-04-19,2021-22,Villarreal,Valencia,2,0
2022-04-20,2021-22,Ath Madrid,Granada,0,0
2022-04-20,2021-22,Celta,Getafe,0,2
2022-04-20,2021-22,Osasuna,Real Madrid,1,3
2022-04-21,2021-22,Espanol,Vallecano,0,1
2022-04-21,2021-22,Levante,Sevilla,2,3
2022-04-21,2021-22,Cadiz,Ath Bilbao,2,3
2022-04-21,2021-22,Sociedad,Barcelona,0,1
2022-04-24,2021-22,Barcelona,Vallecano,0,1
2022-04-29,2021-22,Sevilla,Cadiz,1,1
2022-04-30,2021-22,Alaves,Villarreal,2,1
2022-04-30,2021-22,Real Madrid,Espanol,4,0
2022-04-30,2021-22,Valencia,Levante,1,1
2022-04-30,2021-22,Ath Bilbao,Ath Madrid,2,0
2022-05-01,2021-22,Elche,Osasuna,1,1
2022-05-01,2021-22,Granada,Celta,1,1
2022-05-01,2021-22,Vallecano,Sociedad,1,1
2022-05-01,2021-22,Barcelona,Mallorca,2,1
2022-05-02,2021-22,Getafe,Betis,0,0
2022-05-06,2021-22,Levante,Sociedad,2,1
2022-05-07,2021-22,Mallorca,Granada,2,6
2022-05-07,2021-22,Ath Bilbao,Valencia,0,0
2022-05-07,2021-22,Cadiz,Elche,3,0
2022-05-07,2021-22,Celta,Alaves,4,0
2022-05-07,2021-22,Betis,Barcelona,1,2
2022-05-08,2021-22,Getafe,Vallecano,0,0
2022-05-08,2021-22,Villarreal,Sevilla,1,1
2022-05-08,2021-22,Espanol,Osasuna,1,1
2022-05-08,2021-22,Ath Madrid,Real Madrid,1,0
2022-05-10,2021-22,Valencia,Betis,0,3
2022-05-10,2021-22,Granada,Ath Bilbao,1,0
2022-05-10,2021-22,Barcelona,Celta,3,1
2022-05-11,2021-22,Alaves,Espanol,2,1
2022-05-11,2021-22,Osasuna,Getafe,1,1
2022-05-11,2021-22,Sevilla,Mallorca,0,0
2022-05-11,2021-22,Elche,Ath Madrid,0,2
2022-05-12,2021-22,Sociedad,Cadiz,3,0
2022-05-12,2021-22,Vallecano,Villarreal,1,5
2022-05-12,2021-22,Real Madrid,Levante,6,0
2022-05-14,2021-22,Espanol,Valencia,1,1
2022-05-15,2021-22,Ath Bilbao,Osasuna,2,0
2022-05-15,2021-22,Ath Madrid,Sevilla,1,1
2022-05-15,2021-22,Betis,Granada,2,0
2022-05-15,2021-22,Cadiz,Real Madrid,1,1
2022-05-15,2021-22,Celta,Elche,1,0
2022-05-15,2021-22,Getafe,Barcelona,0,0
2022-05-15,2021-22,Levante,Alaves,3,1
2022-05-15,2021-22,Mallorca,Vallecano,2,1
2022-05-15,2021-22,Villarreal,Sociedad,1,2
2022-05-20,2021-22,Real Madrid,Betis,0,0
2022-05-20,2021-22,Vallecano,Levante,2,4
2022-05-21,2021-22,Valencia,Celta,2,0
2022-05-22,2021-22,Elche,Getafe,3,1
2022-05-22,2021-22,Alaves,Cadiz,0,1
2022-05-22,2021-22,Granada,Espanol,0,0
2022-05-22,2021-22,Osasuna,Mallorca,0,2
2022-05-22,2021-22,Barcelona,Villarreal,0,2
2022-05-22,2021-22,Sevilla,Ath Bilbao,1,0
2022-05-22,2021-22,Sociedad,Ath Madrid,1,2
2022-08-12,2022-23,Osasuna,Sevilla,2,1
2022-08-13,2022-23,Celta,Espanol,2,2
2022-08-13,2022-23,Valladolid,Villarreal,0,3
2022-08-13,2022-23,Barcelona,Vallecano,0,0
2022-08-14,2022-23,Cadiz,Sociedad,0,1
2022-08-14,2022-23,Valencia,Girona,1,0
2022-08-14,2022-23,Almeria,Real Madrid,1,2
2022-08-15,2022-23,Ath Bilbao,Mallorca,0,0
2022-08-15,2022-23,Getafe,Ath Madrid,0,3
2022-08-15,2022-23,Betis,Elche,3,0
2022-08-19,2022-23,Espanol,Vallecano,0,2
2022-08-19,2022-23,Sevilla,Valladolid,1,1
2022-08-20,2022-23,Osasuna,Cadiz,2,0
2022-08-20,2022-23,Mallorca,Betis,1,2
2022-08-20,2022-23,Celta,Real Madrid,1,4
2022-08-21,2022-23,Ath Bilbao,Valencia,1,0
2022-08-21,2022-23,Ath Madrid,Villarreal,0,2
2022-08-21,2022-23,Sociedad,Barcelona,1,4
2022-08-22,2022-23,Elche,Almeria,1,1
2022-08-22,2022-23,Girona,Getafe,3,1
2022-08-26,2022-23,Girona,Celta,0,1
2022-08-26,2022-23,Betis,Osasuna,1,0
2022-08-27,2022-23,Elche,Sociedad,0,1
2022-08-27,2022-23,Vallecano,Mallorca,0,2
2022-08-27,2022-23,Almeria,Sevilla,2,1
2022-08-28,2022-23,Getafe,Villarreal,0,0
2022-08-28,2022-23,Barcelona,Valladolid,4,0
2022-08-28,2022-23,Espanol,Real Madrid,1,3
2022-08-29,2022-23,Cadiz,Ath Bilbao,0,4
2022-08-29,2022-23,Valencia,Ath Madrid,0,1
2022-09-02,2022-23,Celta,Cadiz,3,0
2022-09-03,2022-23,Mallorca,Girona,1,1
2022-09-03,2022-23,Real Madrid,Betis,2,1
2022-09-03,2022-23,Sociedad,Ath Madrid,1,1
2022-09-03,2022-23,Sevilla,Barcelona,0,3
2022-09-04,2022-23,Osasuna,Vallecano,2,1
2022-09-04,2022-23,Ath Bilbao,Espanol,0,1
2022-09-04,2022-23,Villarreal,Elche,4,0
2022-09-04,2022-23,Valencia,Getafe,5,1
2022-09-05,2022-23,Valladolid,Almeria,1,0
2022-09-09,2022-23,Girona,Valladolid,2,1
2022-09-10,2022-23,Vallecano,Valencia,2,1
2022-09-10,2022-23,Espanol,Sevilla,2,3
2022-09-10,2022-23,Cadiz,Barcelona,0,4
2022-09-10,2022-23,Ath Madrid,Celta,4,1
2022-09-11,2022-23,Real Madrid,Mallorca,4,1
2022-09-11,2022-23,Elche,Ath Bilbao,1,4
2022-09-11,2022-23,Getafe,Sociedad,2,1
2022-09-11,2022-23,Betis,Villarreal,1,0
2022-09-12,2022-23,Almeria,Osasuna,0,1
2022-09-16,2022-23,Valladolid,Cadiz,0,1
2022-09-17,2022-23,Mallorca,Almeria,1,0
2022-09-17,2022-23,Barcelona,Elche,3,0
2022-09-17,2022-23,Valencia,Celta,3,0
2022-09-17,2022-23,Ath Bilbao,Vallecano,3,2
2022-09-18,2022-23,Osasuna,Getafe,0,2
2022-09-18,2022-23,Villarreal,Sevilla,1,1
2022-09-18,2022-23,Betis,Girona,2,1
2022-09-18,2022-23,Sociedad,Espanol,2,1
2022-09-18,2022-23,Ath Madrid,Real Madrid,1,2
2022-09-30,2022-23,Ath Bilbao,Almeria,4,0
2022-10-01,2022-23,Cadiz,Villarreal,0,0
2022-10-01,2022-23,Getafe,Valladolid,2,3
2022-10-01,2022-23,Sevilla,Ath Madrid,0,2
2022-10-01,2022-23,Mallorca,Barcelona,0,1
2022-10-02,2022-23,Espanol,Valencia,2,2
2022-10-02,2022-23,Celta,Betis,1,0
2022-10-02,2022-23,Girona,Sociedad,3,5
2022-10-02,2022-23,Real Madrid,Osasuna,1,1
2022-10-03,2022-23,Vallecano,Elche,2,1
2022-10-07,2022-23,Osasuna,Valencia,1,2
2022-10-08,2022-23,Almeria,Vallecano,3,1
2022-10-08,2022-23,Ath Madrid,Girona,2,1
2022-10-08,2022-23,Sevilla,Ath Bilbao,1,1
2022-10-08,2022-23,Getafe,Real Madrid,0,1
2022-10-09,2022-23,Valladolid,Betis,0,0
2022-10-09,2022-23,Cadiz,Espanol,2,2
2022-10-09,2022-23,Sociedad,Villarreal,1,0
2022-10-09,2022-23,Barcelona,Celta,1,0
2022-10-10,2022-23,Elche,Mallorca,1,1
2022-10-14,2022-23,Vallecano,Getafe,0,0
2022-10-15,2022-23,Girona,Cadiz,1,1
2022-10-15,2022-23,Valencia,Elche,2,2
2022-10-15,2022-23,Mallorca,Sevilla,0,1
2022-10-15,2022-23,Ath Bilbao,Ath Madrid,0,1
2022-10-16,2022-23,Celta,Sociedad,1,2
2022-10-16,2022-23,Real Madrid,Barcelona,3,1
2022-10-16,2022-23,Espanol,Valladolid,1,0
2022-10-16,2022-23,Betis,Almeria,3,1
2022-10-17,2022-23,Villarreal,Osasuna,2,0
2022-10-18,2022-23,Sevilla,Valencia,1,1
2022-10-18,2022-23,Getafe,Ath Bilbao,2,2
2022-10-18,2022-23,Ath Madrid,Vallecano,1,1
2022-10-19,2022-23,Cadiz,Betis,0,0
2022-10-19,2022-23,Valladolid,Celta,4,1
2022-10-19,2022-23,Sociedad,Mallorca,1,0
2022-10-19,2022-23,Elche,Real Madrid,0,3
2022-10-20,2022-23,Almeria,Girona,3,2
2022-10-20,2022-23,Osasuna,Espanol,1,0
2022-10-20,2022-23,Barcelona,Villarreal,3,0
2022-10-22,2022-23,Vallecano,Cadiz,5,1
2022-10-22,2022-23,Valladolid,Sociedad,1,0
2022-10-22,2022-23,Valencia,Mallorca,1,2
2022-10-22,2022-23,Real Madrid,Sevilla,3,1
2022-10-23,2022-23,Espanol,Elche,2,2
2022-10-23,2022-23,Betis,Ath Madrid,1,2
2022-10-23,2022-23,Girona,Osasuna,1,1
2022-10-23,2022-23,Villarreal,Almeria,2,1
2022-10-23,2022-23,Barcelona,Ath Bilbao,4,0
2022-10-24,2022-23,Celta,Getafe,1,1
2022-10-28,2022-23,Mallorca,Espanol,1,1
2022-10-29,2022-23,Almeria,Celta,3,1
2022-10-29,2022-23,Cadiz,Ath Madrid,3,2
2022-10-29,2022-23,Sevilla,Vallecano,0,1
2022-10-29,2022-23,Valencia,Barcelona,0,1
2022-10-30,2022-23,Osasuna,Valladolid,2,0
2022-10-30,2022-23,Real Madrid,Girona,1,1
2022-10-30,2022-23,Ath Bilbao,Villarreal,1,0
2022-10-30,2022-23,Sociedad,Betis,0,2
2022-10-31,2022-23,Elche,Getafe,0,1
2022-11-04,2022-23,Girona,Ath Bilbao,2,1
2022-11-05,2022-23,Getafe,Cadiz,0,0
2022-11-05,2022-23,Valladolid,Elche,2,1
2022-11-05,2022-23,Celta,Osasuna,1,2
2022-11-05,2022-23,Barcelona,Almeria,2,0
2022-11-06,2022-23,Ath Madrid,Espanol,1,1
2022-11-06,2022-23,Sociedad,Valencia,1,1
2022-11-06,2022-23,Villarreal,Mallorca,0,2
2022-11-06,2022-23,Betis,Sevilla,1,1
2022-11-07,2022-23,Vallecano,Real Madrid,3,2
2022-11-08,2022-23,Elche,Girona,1,2
2022-11-08,2022-23,Ath Bilbao,Valladolid,3,0
2022-11-08,2022-23,Osasuna,Barcelona,1,2
2022-11-09,2022-23,Almeria,Getafe,1,0
2022-11-09,2022-23,Sevilla,Sociedad,1,2
2022-11-09,2022-23,Espanol,Villarreal,0,1
2022-11-09,2022-23,Mallorca,Ath Madrid,1,0
2022-11-10,2022-23,Vallecano,Celta,0,0
2022-11-10,2022-23,Valencia,Betis,3,0
2022-11-10,2022-23,Real Madrid,Cadiz,2,1
2022-12-29,2022-23,Girona,Vallecano,2,2
2022-12-29,2022-23,Betis,Ath Bilbao,0,0
2022-12-29,2022-23,Ath Madrid,Elche,2,0
2022-12-30,2022-23,Getafe,Mallorca,2,0
2022-12-30,2022-23,Cadiz,Almeria,1,1
2022-12-30,2022-23,Celta,Sevilla,1,1
2022-12-30,2022-23,Valladolid,Real Madrid,0,2
2022-12-31,2022-23,Barcelona,Espanol,1,1
2022-12-31,2022-23,Sociedad,Osasuna,2,0
2022-12-31,2022-23,Villarreal,Valencia,2,1
2023-01-06,2022-23,Elche,Celta,0,1
2023-01-06,2022-23,Valencia,Cadiz,0,1
2023-01-07,2022-23,Villarreal,Real Madrid,2,1
2023-01-07,2022-23,Mallorca,Valladolid,1,0
2023-01-07,2022-23,Espanol,Girona,2,2
2023-01-08,2022-23,Almeria,Sociedad,0,2
2023-01-08,2022-23,Vallecano,Betis,1,2
2023-01-08,2022-23,Sevilla,Getafe,2,1
2023-01-08,2022-23,Ath Madrid,Barcelona,0,1
2023-01-09,2022-23,Ath Bilbao,Osasuna,0,0
2023-01-13,2022-23,Celta,Villarreal,1,1
2023-01-14,2022-23,Valladolid,Vallecano,0,1
2023-01-14,2022-23,Girona,Sevilla,2,1
2023-01-14,2022-23,Osasuna,Mallorca,1,0
2023-01-14,2022-23,Sociedad,Ath Bilbao,3,1
2023-01-15,2022-23,Getafe,Espanol,1,2
2023-01-15,2022-23,Almeria,Ath Madrid,1,1
2023-01-16,2022-23,Cadiz,Elche,1,1
2023-01-20,2022-23,Mallorca,Celta,1,0
2023-01-21,2022-23,Vallecano,Sociedad,0,2
2023-01-21,2022-23,Espanol,Betis,1,0
2023-01-21,2022-23,Ath Madrid,Valladolid,3,0
2023-01-21,2022-23,Sevilla,Cadiz,1,0
2023-01-22,2022-23,Villarreal,Girona,1,0
2023-01-22,2022-23,Elche,Osasuna,1,1
2023-01-22,2022-23,Barcelona,Getafe,1,0
2023-01-22,2022-23,Ath Bilbao,Real Madrid,0,2
2023-01-23,2022-23,Valencia,Almeria,2,2
2023-01-27,2022-23,Almeria,Espanol,3,1
2023-01-28,2022-23,Cadiz,Mallorca,2,0
2023-01-28,2022-23,Girona,Barcelona,0,1
2023-01-28,2022-23,Sevilla,Elche,3,0
2023-01-28,2022-23,Getafe,Betis,0,1
2023-01-29,2022-23,Valladolid,Valencia,1,0
2023-01-29,2022-23,Osasuna,Ath Madrid,0,1
2023-01-29,2022-23,Celta,Ath Bilbao,1,0
2023-01-29,2022-23,Real Madrid,Sociedad,0,0
2023-01-30,2022-23,Villarreal,Vallecano,0,1
2023-02-01,2022-23,Betis,Barcelona,1,2
2023-02-02,2022-23,Real Madrid,Valencia,2,0
2023-02-03,2022-23,Ath Bilbao,Cadiz,4,1
2023-02-04,2022-23,Espanol,Osasuna,1,1
2023-02-04,2022-23,Elche,Villarreal,3,1
2023-02-04,2022-23,Ath Madrid,Getafe,1,1
2023-02-04,2022-23,Betis,Celta,3,4
2023-02-05,2022-23,Mallorca,Real Madrid,1,0
2023-02-05,2022-23,Girona,Valencia,1,0
2023-02-05,2022-23,Sociedad,Valladolid,0,1
2023-02-05,2022-23,Barcelona,Sevilla,3,0
2023-02-06,2022-23,Vallecano,Almeria,2,0
2023-02-10,2022-23,Cadiz,Girona,2,0
2023-02-11,2022-23,Almeria,Betis,2,3
2023-02-11,2022-23,Sevilla,Mallorca,2,0
2023-02-11,2022-23,Valencia,Ath Bilbao,1,2
2023-02-12,2022-23,Getafe,Vallecano,1,1
2023-02-12,2022-23,Celta,Ath Madrid,0,1
2023-02-12,2022-23,Valladolid,Osasuna,0,0
2023-02-12,2022-23,Villarreal,Barcelona,0,1
2023-02-13,2022-23,Espanol,Sociedad,2,3
2023-02-15,2022-23,Real Madrid,Elche,4,0
2023-02-17,2022-23,Girona,Almeria,6,2
2023-02-18,2022-23,Sociedad,Celta,1,1
2023-02-18,2022-23,Betis,Valladolid,2,1
2023-02-18,2022-23,Mallorca,Villarreal,4,2
2023-02-18,2022-23,Osasuna,Real Madrid,0,2
2023-02-19,2022-23,Elche,Espanol,0,1
2023-02-19,2022-23,Vallecano,Sevilla,1,1
2023-02-19,2022-23,Ath Madrid,Ath Bilbao,1,0
2023-02-19,2022-23,Barcelona,Cadiz,2,0
2023-02-20,2022-23,Getafe,Valencia,1,0
2023-02-24,2022-23,Elche,Betis,2,3
2023-02-25,2022-23,Espanol,Mallorca,2,1
2023-02-25,2022-23,Cadiz,Vallecano,1,0
2023-02-25,2022-23,Real Madrid,Ath Madrid,1,1
2023-02-25,2022-23,Valencia,Sociedad,1,0
2023-02-26,2022-23,Ath Bilbao,Girona,2,3
2023-02-26,2022-23,Celta,Valladolid,3,0
2023-02-26,2022-23,Almeria,Barcelona,1,0
2023-02-26,2022-23,Sevilla,Osasuna,2,3
2023-02-27,2022-23,Villarreal,Getafe,2,1
2023-03-03,2022-23,Sociedad,Cadiz,0,0
2023-03-04,2022-23,Getafe,Girona,3,2
2023-03-04,2022-23,Almeria,Villarreal,0,2
2023-03-04,2022-23,Mallorca,Elche,0,1
2023-03-04,2022-23,Ath Madrid,Sevilla,6,1
2023-03-05,2022-23,Valladolid,Espanol,2,1
2023-03-05,2022-23,Barcelona,Valencia,1,0
2023-03-05,2022-23,Vallecano,Ath Bilbao,0,0
2023-03-05,2022-23,Betis,Real Madrid,0,0
2023-03-06,2022-23,Osasuna,Celta,0,0
2023-03-10,2022-23,Cadiz,Getafe,2,2
2023-03-11,2022-23,Real Madrid,Espanol,3,1
2023-03-11,2022-23,Elche,Valladolid,1,1
2023-03-11,2022-23,Celta,Vallecano,3,0
2023-03-11,2022-23,Valencia,Osasuna,1,0
2023-03-12,2022-23,Mallorca,Sociedad,1,1
2023-03-12,2022-23,Sevilla,Almeria,2,1
2023-03-12,2022-23,Villarreal,Betis,1,1
2023-03-12,2022-23,Ath Bilbao,Barcelona,0,1
2023-03-13,2022-23,Girona,Ath Madrid,0,1
2023-03-17,2022-23,Valladolid,Ath Bilbao,1,3
2023-03-18,2022-23,Almeria,Cadiz,1,1
2023-03-18,2022-23,Vallecano,Girona,2,2
2023-03-18,2022-23,Espanol,Celta,1,3
2023-03-18,2022-23,Ath Madrid,Valencia,3,0
2023-03-19,2022-23,Betis,Mallorca,1,0
2023-03-19,2022-23,Osasuna,Villarreal,0,3
2023-03-19,2022-23,Sociedad,Elche,2,0
2023-03-19,2022-23,Getafe,Sevilla,2,0
2023-03-19,2022-23,Barcelona,Real Madrid,2,1
2023-03-31,2022-23,Mallorca,Osasuna,0,0
2023-04-01,2022-23,Girona,Espanol,2,1
2023-04-01,2022-23,Ath Bilbao,Getafe,0,0
2023-04-01,2022-23,Cadiz,Sevilla,0,2
2023-04-01,2022-23,Elche,Barcelona,0,4
2023-04-02,2022-23,Celta,Almeria,2,2
2023-04-02,2022-23,Real Madrid,Valladolid,6,0
2023-04-02,2022-23,Villarreal,Sociedad,2,0
2023-04-02,2022-23,Ath Madrid,Betis,1,0
2023-04-03,2022-23,Valencia,Vallecano,1,1
2023-04-07,2022-23,Sevilla,Celta,2,2
2023-04-08,2022-23,Osasuna,Elche,2,1
2023-04-08,2022-23,Espanol,Ath Bilbao,1,2
2023-04-08,2022-23,Sociedad,Getafe,2,0
2023-04-08,2022-23,Real Madrid,Villarreal,2,3
2023-04-09,2022-23,Valladolid,Mallorca,3,3
2023-04-09,2022-23,Betis,Cadiz,0,2
2023-04-09,2022-23,Almeria,Valencia,2,1
2023-04-09,2022-23,Vallecano,Ath Madrid,1,2
2023-04-10,2022-23,Barcelona,Girona,0,0
2023-04-14,2022-23,Vallecano,Osasuna,2,1
2023-04-15,2022-23,Villarreal,Valladolid,1,2
2023-04-15,2022-23,Ath Bilbao,Sociedad,2,0
2023-04-15,2022-23,Betis,Espanol,3,1
2023-04-15,2022-23,Cadiz,Real Madrid,0,2
2023-04-16,2022-23,Girona,Elche,2,0
2023-04-16,2022-23,Getafe,Barcelona,0,0
2023-04-16,2022-23,Ath Madrid,Almeria,2,1
2023-04-16,2022-23,Valencia,Sevilla,0,2
2023-04-17,2022-23,Celta,Mallorca,0,1
2023-04-21,2022-23,Espanol,Cadiz,0,0
2023-04-22,2022-23,Osasuna,Betis,3,2
2023-04-22,2022-23,Almeria,Ath Bilbao,1,2
2023-04-22,2022-23,Sociedad,Vallecano,2,1
2023-04-22,2022-23,Valladolid,Girona,1,0
2023-04-22,2022-23,Real Madrid,Celta,2,0
2023-04-23,2022-23,Elche,Valencia,0,2
2023-04-23,2022-23,Barcelona,Ath Madrid,1,0
2023-04-23,2022-23,Mallorca,Getafe,3,1
2023-04-23,2022-23,Sevilla,Villarreal,2,1
2023-04-25,2022-23,Cadiz,Osasuna,0,1
2023-04-25,2022-23,Girona,Real Madrid,4,2
2023-04-25,2022-23,Betis,Sociedad,0,0
2023-04-26,2022-23,Ath Madrid,Mallorca,3,1
2023-04-26,2022-23,Getafe,Almeria,1,2
2023-04-26,2022-23,Celta,Elche,1,0
2023-04-26,2022-23,Vallecano,Barcelona,2,1
2023-04-27,2022-23,Valencia,Valladolid,2,1
2023-04-27,2022-23,Villarreal,Espanol,4,2
2023-04-27,2022-23,Ath Bilbao,Sevilla,0,1
2023-04-28,2022-23,Osasuna,Sociedad,0,2
2023-04-29,2022-23,Elche,Vallecano,4,0
2023-04-29,2022-23,Real Madrid,Almeria,4,2
2023-04-29,2022-23,Barcelona,Betis,4,0
2023-04-30,2022-23,Cadiz,Valencia,2,1
2023-04-30,2022-23,Villarreal,Celta,3,1
2023-04-30,2022-23,Espanol,Getafe,1,0
2023-04-30,2022-23,Valladolid,Ath Madrid,2,5
2023-05-01,2022-23,Mallorca,Ath Bilbao,1,1
2023-05-01,2022-23,Sevilla,Girona,0,2
2023-05-02,2022-23,Almeria,Elche,2,1
2023-05-02,2022-23,Barcelona,Osasuna,1,0
2023-05-02,2022-23,Sociedad,Real Madrid,2,0
2023-05-03,2022-23,Valencia,Villarreal,1,1
2023-05-03,2022-23,Ath Madrid,Cadiz,5,1
2023-05-03,2022-23,Getafe,Celta,1,0
2023-05-04,2022-23,Girona,Mallorca,2,1
2023-05-04,2022-23,Sevilla,Espanol,3,2
2023-05-04,2022-23,Ath Bilbao,Betis,0,1
2023-05-04,2022-23,Vallecano,Valladolid,2,1
2023-05-12,2022-23,Mallorca,Cadiz,1,0
2023-05-13,2022-23,Sociedad,Girona,2,2
2023-05-13,2022-23,Osasuna,Almeria,3,1
2023-05-13,2022-23,Villarreal,Ath Bilbao,5,1
2023-05-13,2022-23,Real Madrid,Getafe,1,0
2023-05-14,2022-23,Celta,Valencia,1,2
2023-05-14,2022-23,Elche,Ath Madrid,1,0
2023-05-14,2022-23,Valladolid,Sevilla,0,3
2023-05-14,2022-23,Espanol,Barcelona,2,4
2023-05-15,2022-23,Betis,Vallecano,3,1
2023-05-19,2022-23,Cadiz,Valladolid,2,0
2023-05-20,2022-23,Girona,Villarreal,1,2
2023-05-20,2022-23,Ath Bilbao,Celta,2,1
2023-05-20,2022-23,Almeria,Mallorca,3,0
2023-05-20,2022-23,Getafe,Elche,1,1
2023-05-20,2022-23,Barcelona,Sociedad,1,2
2023-05-21,2022-23,Vallecano,Espanol,1,2
2023-05-21,2022-23,Ath Madrid,Osasuna,3,0
2023-05-21,2022-23,Valencia,Real Madrid,1,0
2023-05-21,2022-23,Sevilla,Betis,0,0
2023-05-23,2022-23,Celta,Girona,1,1
2023-05-23,2022-23,Sociedad,Almeria,1,0
2023-05-23,2022-23,Valladolid,Barcelona,3,1
2023-05-24,2022-23,Elche,Sevilla,1,1
2023-05-24,2022-23,Real Madrid,Vallecano,2,1
2023-05-24,2022-23,Villarreal,Cadiz,2,0
2023-05-24,2022-23,Betis,Getafe,0,1
2023-05-24,2022-23,Espanol,Ath Madrid,3,3
2023-05-25,2022-23,Mallorca,Valencia,1,0
2023-05-25,2022-23,Osasuna,Ath Bilbao,2,0
2023-05-27,2022-23,Sevilla,Real Madrid,1,2
2023-05-28,2022-23,Almeria,Valladolid,0,0
2023-05-28,2022-23,Ath Bilbao,Elche,0,1
2023-05-28,2022-23,Ath Madrid,Sociedad,2,1
2023-05-28,2022-23,Barcelona,Mallorca,3,0
2023-05-28,2022-23,Cadiz,Celta,1,0
2023-05-28,2022-23,Getafe,Osasuna,2,1
2023-05-28,2022-23,Girona,Betis,1,2
2023-05-28,2022-23,Valencia,Espanol,2,2
2023-05-28,2022-23,Vallecano,Villarreal,2,1
2023-06-04,2022-23,Mallorca,Vallecano,3,0
2023-06-04,2022-23,Osasuna,Girona,2,1
2023-06-04,2022-23,Real Madrid,Ath Bilbao,1,1
2023-06-04,2022-23,Sociedad,Sevilla,2,1
2023-06-04,2022-23,Villarreal,Ath Madrid,2,2
2023-06-04,2022-23,Betis,Valencia,1,1
2023-06-04,2022-23,Celta,Barcelona,2,1
2023-06-04,2022-23,Elche,Cadiz,1,1
2023-06-04,2022-23,Espanol,Almeria,3,3
2023-06-04,2022-23,Valladolid,Getafe,0,0
2023-08-11,2023-24,Almeria,Vallecano,0,2
2023-08-11,2023-24,Sevilla,Valencia,1,2
2023-08-12,2023-24,Sociedad,Girona,1,1
2023-08-12,2023-24,Las Palmas,Mallorca,1,1
2023-08-12,2023-24,Ath Bilbao,Real Madrid,0,2
2023-08-13,2023-24,Celta,Osasuna,0,2
2023-08-13,2023-24,Villarreal,Betis,1,2
2023-08-13,2023-24,Getafe,Barcelona,0,0
2023-08-14,2023-24,Cadiz,Alaves,1,0
2023-08-14,2023-24,Ath Madrid,Granada,3,1
2023-08-18,2023-24,Mallorca,Villarreal,0,1
2023-08-18,2023-24,Valencia,Las Palmas,1,0
2023-08-19,2023-24,Sociedad,Celta,1,1
2023-08-19,2023-24,Almeria,Real Madrid,1,3
2023-08-19,2023-24,Osasuna,Ath Bilbao,0,2
2023-08-20,2023-24,Girona,Getafe,3,0
2023-08-20,2023-24,Barcelona,Cadiz,2,0
2023-08-20,2023-24,Betis,Ath Madrid,0,0
2023-08-21,2023-24,Alaves,Sevilla,4,3
2023-08-21,2023-24,Granada,Vallecano,0,2
2023-08-25,2023-24,Las Palmas,Sociedad,0,0
2023-08-25,2023-24,Celta,Real Madrid,0,1
2023-08-26,2023-24,Cadiz,Almeria,1,1
2023-08-26,2023-24,Granada,Mallorca,3,2
2023-08-26,2023-24,Sevilla,Girona,1,2
2023-08-27,2023-24,Villarreal,Barcelona,3,4
2023-08-27,2023-24,Valencia,Osasuna,1,2
2023-08-27,2023-24,Ath Bilbao,Betis,4,2
2023-08-28,2023-24,Getafe,Alaves,1,0
2023-08-28,2023-24,Vallecano,Ath Madrid,0,7
2023-09-01,2023-24,Cadiz,Villarreal,3,1
2023-09-01,2023-24,Almeria,Celta,2,3
2023-09-02,2023-24,Sociedad,Granada,5,3
2023-09-02,2023-24,Real Madrid,Getafe,2,1
2023-09-02,2023-24,Alaves,Valencia,1,0
2023-09-02,2023-24,Betis,Vallecano,1,0
2023-09-03,2023-24,Girona,Las Palmas,1,0
2023-09-03,2023-24,Mallorca,Ath Bilbao,0,0
2023-09-03,2023-24,Osasuna,Barcelona,1,2
2023-09-15,2023-24,Vallecano,Alaves,2,0
2023-09-16,2023-24,Ath Bilbao,Cadiz,3,0
2023-09-16,2023-24,Valencia,Ath Madrid,3,0
2023-09-16,2023-24,Celta,Mallorca,0,1
2023-09-16,2023-24,Barcelona,Betis,5,0
2023-09-17,2023-24,Getafe,Osasuna,3,2
2023-09-17,2023-24,Villarreal,Almeria,2,1
2023-09-17,2023-24,Sevilla,Las Palmas,1,0
2023-09-17,2023-24,Real Madrid,Sociedad,2,1
2023-09-18,2023-24,Granada,Girona,2,4
2023-09-22,2023-24,Alaves,Ath Bilbao,0,2
2023-09-23,2023-24,Girona,Mallorca,5,3
2023-09-23,2023-24,Osasuna,Sevilla,0,0
2023-09-23,2023-24,Barcelona,Celta,3,2
2023-09-23,2023-24,Almeria,Valencia,2,2
2023-09-24,2023-24,Sociedad,Getafe,4,3
2023-09-24,2023-24,Vallecano,Villarreal,1,1
2023-09-24,2023-24,Betis,Cadiz,1,1
2023-09-24,2023-24,Las Palmas,Granada,1,0
2023-09-24,2023-24,Ath Madrid,Real Madrid,3,1
2023-09-26,2023-24,Sevilla,Almeria,5,1
2023-09-26,2023-24,Mallorca,Barcelona,2,2
2023-09-27,2023-24,Ath Bilbao,Getafe,2,2
2023-09-27,2023-24,Real Madrid,Las Palmas,2,0
2023-09-27,2023-24,Villarreal,Girona,1,2
2023-09-27,2023-24,Cadiz,Vallecano,0,0
2023-09-27,2023-24,Valencia,Sociedad,0,1
2023-09-28,2023-24,Celta,Alaves,1,1
2023-09-28,2023-24,Granada,Betis,1,1
2023-09-28,2023-24,Osasuna,Ath Madrid,0,2
2023-09-29,2023-24,Barcelona,Sevilla,1,0
2023-09-30,2023-24,Getafe,Villarreal,0,0
2023-09-30,2023-24,Vallecano,Mallorca,2,2
2023-09-30,2023-24,Girona,Real Madrid,0,3
2023-09-30,2023-24,Sociedad,Ath Bilbao,3,0
2023-10-01,2023-24,Almeria,Granada,3,3
2023-10-01,2023-24,Alaves,Osasuna,0,2
2023-10-01,2023-24,Ath Madrid,Cadiz,3,2
2023-10-01,2023-24,Betis,Valencia,3,0
2023-10-02,2023-24,Las Palmas,Celta,2,1
2023-10-06,2023-24,Ath Bilbao,Almeria,3,0
2023-10-07,2023-24,Cadiz,Girona,0,1
2023-10-07,2023-24,Real Madrid,Osasuna,4,0
2023-10-07,2023-24,Mallorca,Valencia,1,1
2023-10-07,2023-24,Sevilla,Vallecano,2,2
2023-10-08,2023-24,Villarreal,Las Palmas,1,2
2023-10-08,2023-24,Ath Madrid,Sociedad,2,1
2023-10-08,2023-24,Alaves,Betis,1,1
2023-10-08,2023-24,Celta,Getafe,2,2
2023-10-08,2023-24,Granada,Barcelona,2,2
2023-10-20,2023-24,Osasuna,Granada,2,0
2023-10-21,2023-24,Sociedad,Mallorca,1,0
2023-10-21,2023-24,Getafe,Betis,1,1
2023-10-21,2023-24,Sevilla,Real Madrid,1,1
2023-10-21,2023-24,Celta,Ath Madrid,0,3
2023-10-22,2023-24,Las Palmas,Vallecano,0,1
2023-10-22,2023-24,Girona,Almeria,5,2
2023-10-22,2023-24,Villarreal,Alaves,1,1
2023-10-22,2023-24,Barcelona,Ath Bilbao,1,0
2023-10-23,2023-24,Valencia,Cadiz,2,0
2023-10-27,2023-24,Girona,Celta,1,0
2023-10-28,2023-24,Almeria,Las Palmas,1,2
2023-10-28,2023-24,Barcelona,Real Madrid,1,2
2023-10-28,2023-24,Mallorca,Getafe,0,0
2023-10-28,2023-24,Cadiz,Sevilla,2,2
2023-10-29,2023-24,Betis,Osasuna,2,1
2023-10-29,2023-24,Vallecano,Sociedad,2,2
2023-10-29,2023-24,Ath Bilbao,Valencia,2,2
2023-10-29,2023-24,Ath Madrid,Alaves,2,1
2023-10-30,2023-24,Granada,Villarreal,2,3
2023-11-03,2023-24,Las Palmas,Ath Madrid,2,1
2023-11-04,2023-24,Osasuna,Girona,2,4
2023-11-04,2023-24,Betis,Mallorca,2,0
2023-11-04,2023-24,Celta,Sevilla,1,1
2023-11-04,2023-24,Sociedad,Barcelona,0,1
2023-11-05,2023-24,Alaves,Almeria,1,0
2023-11-05,2023-24,Valencia,Granada,1,0
2023-11-05,2023-24,Villarreal,Ath Bilbao,2,3
2023-11-05,2023-24,Real Madrid,Vallecano,0,0
2023-11-06,2023-24,Getafe,Cadiz,1,0
2023-11-10,2023-24,Ath Bilbao,Celta,4,3
2023-11-11,2023-24,Vallecano,Girona,1,2
2023-11-11,2023-24,Almeria,Sociedad,1,3
2023-11-11,2023-24,Granada,Getafe,1,1
2023-11-11,2023-24,Osasuna,Las Palmas,1,1
2023-11-11,2023-24,Real Madrid,Valencia,5,1
2023-11-12,2023-24,Barcelona,Alaves,2,1
2023-11-12,2023-24,Sevilla,Betis,1,1
2023-11-12,2023-24,Ath Madrid,Villarreal,3,1
2023-11-24,2023-24,Alaves,Granada,3,1
2023-11-25,2023-24,Vallecano,Barcelona,1,1
2023-11-25,2023-24,Valencia,Celta,0,0
2023-11-25,2023-24,Getafe,Almeria,2,1
2023-11-25,2023-24,Ath Madrid,Mallorca,1,0
2023-11-26,2023-24,Villarreal,Osasuna,3,1
2023-11-26,2023-24,Sociedad,Sevilla,2,1
2023-11-26,2023-24,Cadiz,Real Madrid,0,3
2023-11-26,2023-24,Betis,Las Palmas,1,0
2023-11-27,2023-24,Girona,Ath Bilbao,1,1
2023-11-29,2023-24,Mallorca,Cadiz,1,1
2023-12-01,2023-24,Las Palmas,Getafe,2,0
2023-12-02,2023-24,Girona,Valencia,2,1
2023-12-02,2023-24,Ath Bilbao,Vallecano,4,0
2023-12-02,2023-24,Real Madrid,Granada,2,0
2023-12-02,2023-24,Osasuna,Sociedad,1,1
2023-12-03,2023-24,Mallorca,Alaves,0,0
2023-12-03,2023-24,Almeria,Betis,0,0
2023-12-03,2023-24,Sevilla,Villarreal,1,1
2023-12-03,2023-24,Barcelona,Ath Madrid,1,0
2023-12-04,2023-24,Celta,Cadiz,1,1
2023-12-08,2023-24,Getafe,Valencia,1,0
2023-12-09,2023-24,Alaves,Las Palmas,0,1
2023-12-09,2023-24,Betis,Real Madrid,1,1
2023-12-09,2023-24,Villarreal,Sociedad,0,3
2023-12-09,2023-24,Mallorca,Sevilla,1,0
2023-12-10,2023-24,Ath Madrid,Almeria,2,1
2023-12-10,2023-24,Cadiz,Osasuna,1,1
2023-12-10,2023-24,Barcelona,Girona,2,4
2023-12-11,2023-24,Granada,Ath Bilbao,1,1
2023-12-11,2023-24,Vallecano,Celta,0,0
2023-12-15,2023-24,Osasuna,Vallecano,1,0
2023-12-16,2023-24,Celta,Granada,1,0
2023-12-16,2023-24,Ath Bilbao,Ath Madrid,2,0
2023-12-16,2023-24,Sevilla,Getafe,0,3
2023-12-16,2023-24,Valencia,Barcelona,1,1
2023-12-17,2023-24,Almeria,Mallorca,0,0
2023-12-17,2023-24,Sociedad,Betis,0,0
2023-12-17,2023-24,Las Palmas,Cadiz,1,1
2023-12-17,2023-24,Real Madrid,Villarreal,4,1
2023-12-18,2023-24,Girona,Alaves,3,0
2023-12-19,2023-24,Vallecano,Valencia,0,1
2023-12-19,2023-24,Ath Madrid,Getafe,3,3
2023-12-19,2023-24,Granada,Sevilla,0,3
2023-12-20,2023-24,Barcelona,Almeria,3,2
2023-12-20,2023-24,Ath Bilbao,Las Palmas,1,0
2023-12-20,2023-24,Villarreal,Celta,3,2
2023-12-21,2023-24,Betis,Girona,1,1
2023-12-21,2023-24,Cadiz,Sociedad,0,0
2023-12-21,2023-24,Alaves,Real Madrid,0,1
2023-12-21,2023-24,Mallorca,Osasuna,3,2
2023-12-23,2023-24,Ath Madrid,Sevilla,1,0
2024-01-02,2023-24,Getafe,Vallecano,0,2
2024-01-02,2023-24,Sociedad,Alaves,1,1
2024-01-02,2023-24,Valencia,Villarreal,3,1
2024-01-03,2023-24,Granada,Cadiz,2,0
2024-01-03,2023-24,Celta,Betis,2,1
2024-01-03,2023-24,Real Madrid,Mallorca,1,0
2024-01-03,2023-24,Girona,Ath Madrid,4,3
2024-01-04,2023-24,Osasuna,Almeria,1,0
2024-01-04,2023-24,Sevilla,Ath Bilbao,0,2
2024-01-04,2023-24,Las Palmas,Barcelona,1,2
2024-01-12,2023-24,Sevilla,Alaves,2,3
2024-01-13,2023-24,Las Palmas,Villarreal,3,0
2024-01-13,2023-24,Mallorca,Celta,1,1
2024-01-13,2023-24,Ath Bilbao,Sociedad,2,1
2024-01-13,2023-24,Betis,Granada,1,0
2024-01-14,2023-24,Almeria,Girona,0,0
2024-01-14,2023-24,Cadiz,Valencia,1,4
2024-01-19,2023-24,Alaves,Cadiz,1,0
2024-01-20,2023-24,Vallecano,Las Palmas,0,2
2024-01-20,2023-24,Villarreal,Mallorca,1,1
2024-01-20,2023-24,Valencia,Ath Bilbao,1,0
2024-01-20,2023-24,Celta,Sociedad,0,1
2024-01-21,2023-24,Osasuna,Getafe,3,2
2024-01-21,2023-24,Real Madrid,Almeria,3,2
2024-01-21,2023-24,Betis,Barcelona,2,4
2024-01-21,2023-24,Girona,Sevilla,5,1
2024-01-22,2023-24,Granada,Ath Madrid,0,1
2024-01-26,2023-24,Almeria,Alaves,0,3
2024-01-27,2023-24,Sociedad,Vallecano,0,0
2024-01-27,2023-24,Las Palmas,Real Madrid,1,2
2024-01-27,2023-24,Barcelona,Villarreal,3,5
2024-01-27,2023-24,Mallorca,Betis,0,1
2024-01-28,2023-24,Celta,Girona,0,1
2024-01-28,2023-24,Cadiz,Ath Bilbao,0,0
2024-01-28,2023-24,Sevilla,Osasuna,1,1
2024-01-28,2023-24,Ath Madrid,Valencia,2,0
2024-01-29,2023-24,Getafe,Granada,2,0
2024-01-31,2023-24,Barcelona,Osasuna,1,0
2024-01-31,2023-24,Ath Madrid,Vallecano,2,1
2024-02-01,2023-24,Getafe,Real Madrid,0,2
2024-02-02,2023-24,Ath Bilbao,Mallorca,4,0
2024-02-03,2023-24,Valencia,Almeria,2,1
2024-02-03,2023-24,Granada,Las Palmas,1,1
2024-02-03,2023-24,Alaves,Barcelona,1,3
2024-02-03,2023-24,Girona,Sociedad,0,0
2024-02-04,2023-24,Villarreal,Cadiz,0,0
2024-02-04,2023-24,Osasuna,Celta,0,3
2024-02-04,2023-24,Betis,Getafe,1,1
2024-02-04,2023-24,Real Madrid,Ath Madrid,1,1
2024-02-05,2023-24,Vallecano,Sevilla,1,2
2024-02-09,2023-24,Cadiz,Betis,0,2
2024-02-10,2023-24,Alaves,Villarreal,1,1
2024-02-10,2023-24,Sociedad,Osasuna,0,1
2024-02-10,2023-24,Real Madrid,Girona,4,0
2024-02-10,2023-24,Las Palmas,Valencia,2,0
2024-02-11,2023-24,Getafe,Celta,3,2
2024-02-11,2023-24,Mallorca,Vallecano,2,1
2024-02-11,2023-24,Sevilla,Ath Madrid,1,0
2024-02-11,2023-24,Barcelona,Granada,3,3
2024-02-12,2023-24,Almeria,Ath Bilbao,0,0
2024-02-16,2023-24,Villarreal,Getafe,1,1
2024-02-17,2023-24,Ath Madrid,Las Palmas,5,0
2024-02-17,2023-24,Osasuna,Cadiz,2,0
2024-02-17,2023-24,Celta,Barcelona,1,2
2024-02-17,2023-24,Valencia,Sevilla,0,0
2024-02-18,2023-24,Vallecano,Real Madrid,1,1
2024-02-18,2023-24,Granada,Almeria,1,1
2024-02-18,2023-24,Mallorca,Sociedad,1,2
2024-02-18,2023-24,Betis,Alaves,0,0
2024-02-19,2023-24,Ath Bilbao,Girona,3,2
2024-02-23,2023-24,Sociedad,Villarreal,1,3
2024-02-24,2023-24,Barcelona,Getafe,4,0
2024-02-24,2023-24,Alaves,Mallorca,1,1
2024-02-24,2023-24,Almeria,Ath Madrid,2,2
2024-02-25,2023-24,Cadiz,Celta,2,2
2024-02-25,2023-24,Betis,Ath Bilbao,3,1
2024-02-25,2023-24,Las Palmas,Osasuna,1,1
2024-02-25,2023-24,Real Madrid,Sevilla,1,0
2024-02-26,2023-24,Girona,Vallecano,3,0
2024-03-01,2023-24,Celta,Almeria,1,0
2024-03-02,2023-24,Sevilla,Sociedad,3,2
2024-03-02,2023-24,Vallecano,Cadiz,1,1
2024-03-02,2023-24,Getafe,Las Palmas,3,3
2024-03-02,2023-24,Valencia,Real Madrid,2,2
2024-03-03,2023-24,Villarreal,Granada,5,1
2024-03-03,2023-24,Ath Madrid,Betis,2,1
2024-03-03,2023-24,Mallorca,Girona,1,0
2024-03-03,2023-24,Ath Bilbao,Barcelona,0,0
2024-03-04,2023-24,Osasuna,Alaves,1,0
2024-03-08,2023-24,Barcelona,Mallorca,1,0
2024-03-09,2023-24,Valencia,Getafe,1,0
2024-03-09,2023-24,Cadiz,Ath Madrid,2,0
2024-03-09,2023-24,Granada,Sociedad,2,3
2024-03-09,2023-24,Girona,Osasuna,2,0
2024-03-10,2023-24,Alaves,Vallecano,1,0
2024-03-10,2023-24,Las Palmas,Ath Bilbao,0,2
2024-03-10,2023-24,Real Madrid,Celta,4,0
2024-03-10,2023-24,Betis,Villarreal,2,3
2024-03-11,2023-24,Almeria,Sevilla,2,2
2024-03-15,2023-24,Sociedad,Cadiz,2,0
2024-03-16,2023-24,Mallorca,Granada,1,0
2024-03-16,2023-24,Osasuna,Real Madrid,2,4
2024-03-16,2023-24,Getafe,Girona,1,0
2024-03-16,2023-24,Ath Bilbao,Alaves,2,0
2024-03-17,2023-24,Sevilla,Celta,1,2
2024-03-17,2023-24,Las Palmas,Almeria,0,1
2024-03-17,2023-24,Villarreal,Valencia,1,0
2024-03-17,2023-24,Vallecano,Betis,2,0
2024-03-17,2023-24,Ath Madrid,Barcelona,0,3
2024-03-29,2023-24,Cadiz,Granada,1,0
2024-03-30,2023-24,Getafe,Sevilla,0,1
2024-03-30,2023-24,Almeria,Osasuna,0,3
2024-03-30,2023-24,Valencia,Mallorca,0,0
2024-03-30,2023-24,Barcelona,Las Palmas,1,0
2024-03-31,2023-24,Celta,Vallecano,0,0
2024-03-31,2023-24,Girona,Betis,3,2
2024-03-31,2023-24,Alaves,Sociedad,0,1
2024-03-31,2023-24,Real Madrid,Ath Bilbao,2,0
2024-04-01,2023-24,Villarreal,Ath Madrid,1,2
2024-04-04,2023-24,Granada,Valencia,0,1
2024-04-12,2023-24,Betis,Celta,2,1
2024-04-13,2023-24,Ath Madrid,Girona,3,1
2024-04-13,2023-24,Vallecano,Getafe,0,0
2024-04-13,2023-24,Mallorca,Real Madrid,0,1
2024-04-13,2023-24,Cadiz,Barcelona,0,1
2024-04-14,2023-24,Las Palmas,Sevilla,0,2
2024-04-14,2023-24,Granada,Alaves,2,0
2024-04-14,2023-24,Ath Bilbao,Villarreal,1,1
2024-04-14,2023-24,Sociedad,Almeria,2,2
2024-04-15,2023-24,Osasuna,Valencia,0,1
2024-04-19,2023-24,Ath Bilbao,Granada,1,1
2024-04-20,2023-24,Celta,Las Palmas,4,1
2024-04-20,2023-24,Vallecano,Osasuna,2,1
2024-04-20,2023-24,Valencia,Betis,1,2
2024-04-20,2023-24,Girona,Cadiz,4,1
2024-04-21,2023-24,Getafe,Sociedad,1,1
2024-04-21,2023-24,Almeria,Villarreal,1,2
2024-04-21,2023-24,Alaves,Ath Madrid,2,0
2024-04-21,2023-24,Real Madrid,Barcelona,3,2
2024-04-22,2023-24,Sevilla,Mallorca,2,1
2024-04-26,2023-24,Sociedad,Real Madrid,0,1
2024-04-27,2023-24,Las Palmas,Girona,0,2
2024-04-27,2023-24,Almeria,Getafe,1,3
2024-04-27,2023-24,Alaves,Celta,3,0
2024-04-27,2023-24,Ath Madrid,Ath Bilbao,3,1
2024-04-28,2023-24,Cadiz,Mallorca,1,1
2024-04-28,2023-24,Granada,Osasuna,3,0
2024-04-28,2023-24,Villarreal,Vallecano,3,0
2024-04-28,2023-24,Betis,Sevilla,1,1
2024-04-29,2023-24,Barcelona,Valencia,4,2
2024-05-03,2023-24,Getafe,Ath Bilbao,0,2
2024-05-04,2023-24,Sociedad,Las Palmas,2,0
2024-05-04,2023-24,Real Madrid,Cadiz,3,0
2024-05-04,2023-24,Girona,Barcelona,4,2
2024-05-04,2023-24,Mallorca,Ath Madrid,0,1
2024-05-05,2023-24,Osasuna,Betis,0,2
2024-05-05,2023-24,Celta,Villarreal,3,2
2024-05-05,2023-24,Valencia,Alaves,0,1
2024-05-05,2023-24,Sevilla,Granada,3,0
2024-05-05,2023-24,Vallecano,Almeria,0,1
2024-05-10,2023-24,Alaves,Girona,2,2
2024-05-11,2023-24,Mallorca,Las Palmas,1,0
2024-05-11,2023-24,Villarreal,Sevilla,3,2
2024-05-11,2023-24,Granada,Real Madrid,0,4
2024-05-11,2023-24,Ath Bilbao,Osasuna,2,2
2024-05-12,2023-24,Cadiz,Getafe,1,0
2024-05-12,2023-24,Ath Madrid,Celta,1,0
2024-05-12,2023-24,Valencia,Vallecano,0,0
2024-05-12,2023-24,Betis,Almeria,3,2
2024-05-13,2023-24,Barcelona,Sociedad,2,0
2024-05-14,2023-24,Osasuna,Mallorca,1,1
2024-05-14,2023-24,Real Madrid,Alaves,5,0
2024-05-14,2023-24,Girona,Villarreal,0,1
2024-05-15,2023-24,Sevilla,Cadiz,0,1
2024-05-15,2023-24,Vallecano,Granada,2,1
2024-05-15,2023-24,Celta,Ath Bilbao,2,1
2024-05-15,2023-24,Getafe,Ath Madrid,0,3
2024-05-16,2023-24,Las Palmas,Betis,2,2
2024-05-16,2023-24,Almeria,Barcelona,0,2
2024-05-16,2023-24,Sociedad,Valencia,1,0
2024-05-18,2023-24,Alaves,Getafe,1,0
2024-05-19,2023-24,Ath Bilbao,Sevilla,2,0
2024-05-19,2023-24,Ath Madrid,Osasuna,1,4
2024-05-19,2023-24,Barcelona,Vallecano,3,0
2024-05-19,2023-24,Betis,Sociedad,0,2
2024-05-19,2023-24,Cadiz,Las Palmas,0,0
2024-05-19,2023-24,Granada,Celta,1,2
2024-05-19,2023-24,Mallorca,Almeria,2,2
2024-05-19,2023-24,Valencia,Girona,1,3
2024-05-19,2023-24,Villarreal,Real Madrid,4,4
2024-05-24,2023-24,Girona,Granada,7,0
2024-05-25,2023-24,Osasuna,Villarreal,1,1
2024-05-25,2023-24,Sociedad,Ath Madrid,0,2
2024-05-25,2023-24,Almeria,Cadiz,6,1
2024-05-25,2023-24,Vallecano,Ath Bilbao,0,1
2024-05-25,2023-24,Real Madrid,Betis,0,0
2024-05-26,2023-24,Getafe,Mallorca,1,2
2024-05-26,2023-24,Celta,Valencia,2,2
2024-05-26,2023-24,Las Palmas,Alaves,1,1
2024-05-26,2023-24,Sevilla,Barcelona,1,2
