date,season,home_team,away_team,home_score,away_score
1993-07-23,1993-94,Nantes,Monaco,1,0
1993-07-24,1993-94,Bordeaux,Paris SG,1,0
1993-07-24,1993-94,Caen,Metz,1,1
1993-07-24,1993-94,Lille,Martigues,1,1
1993-07-24,1993-94,Marseille,Lens,1,0
1993-07-24,1993-94,Montpellier,Lyon,1,1
1993-07-24,1993-94,Sochaux,Angers,4,1
1993-07-24,1993-94,St Etienne,Cannes,1,2
1993-07-24,1993-94,Strasbourg,Auxerre,1,1
1993-07-24,1993-94,Toulouse,Le Havre,0,0
1993-07-31,1993-94,Auxerre,Montpellier,3,1
1993-07-31,1993-94,Le Havre,Bordeaux,0,3
1993-07-31,1993-94,Lens,Strasbourg,0,0
1993-07-31,1993-94,Lyon,Caen,2,0
1993-07-31,1993-94,Martigues,Sochaux,1,1
1993-07-31,1993-94,Metz,Angers,2,0
1993-07-31,1993-94,Monaco,Toulouse,3,0
1993-07-31,1993-94,Nantes,St Etienne,1,0
1993-07-31,1993-94,Paris SG,Lille,2,1
1993-08-01,1993-94,Cannes,Marseille,2,1
1993-08-06,1993-94,Lille,Lens,0,0
1993-08-07,1993-94,Angers,Lyon,3,1
1993-08-07,1993-94,Bordeaux,Cannes,0,0
1993-08-07,1993-94,Caen,Auxerre,1,0
1993-08-07,1993-94,Marseille,Le Havre,1,1
1993-08-07,1993-94,Montpellier,Martigues,1,0
1993-08-07,1993-94,Sochaux,Metz,2,1
1993-08-07,1993-94,St Etienne,Monaco,2,0
1993-08-07,1993-94,Strasbourg,Paris SG,2,2
1993-08-07,1993-94,Toulouse,Nantes,0,3
1993-08-10,1993-94,Monaco,Bordeaux,3,2
1993-08-11,1993-94,Auxerre,Angers,0,0
1993-08-11,1993-94,Cannes,Lille,2,1
1993-08-11,1993-94,Le Havre,St Etienne,0,0
1993-08-11,1993-94,Lens,Montpellier,2,1
1993-08-11,1993-94,Lyon,Metz,2,0
1993-08-11,1993-94,Martigues,Caen,4,1
1993-08-11,1993-94,Nantes,Marseille,0,0
1993-08-11,1993-94,Paris SG,Sochaux,1,0
1993-08-11,1993-94,Toulouse,Strasbourg,0,0
1993-08-14,1993-94,Angers,Martigues,1,3
1993-08-14,1993-94,Bordeaux,Nantes,2,0
1993-08-14,1993-94,Caen,Lens,1,0
1993-08-14,1993-94,Lille,Le Havre,2,2
1993-08-14,1993-94,Metz,Auxerre,0,0
1993-08-14,1993-94,Montpellier,Monaco,0,3
1993-08-14,1993-94,Sochaux,Lyon,0,1
1993-08-14,1993-94,St Etienne,Toulouse,2,2
1993-08-14,1993-94,Strasbourg,Cannes,2,2
1993-08-15,1993-94,Marseille,Paris SG,1,0
1993-08-27,1993-94,Monaco,Marseille,0,0
1993-08-28,1993-94,Auxerre,Lyon,3,2
1993-08-28,1993-94,Cannes,Sochaux,1,1
1993-08-28,1993-94,Le Havre,Strasbourg,0,1
1993-08-28,1993-94,Lens,Angers,0,1
1993-08-28,1993-94,Martigues,Metz,1,1
1993-08-28,1993-94,Nantes,Montpellier,0,0
1993-08-28,1993-94,Paris SG,Caen,2,0
1993-08-28,1993-94,St Etienne,Bordeaux,0,0
1993-08-28,1993-94,Toulouse,Lille,1,1
1993-08-31,1993-94,Bordeaux,Toulouse,2,0
1993-09-01,1993-94,Angers,Paris SG,1,1
1993-09-01,1993-94,Caen,Cannes,1,1
1993-09-01,1993-94,Lille,Nantes,0,0
1993-09-01,1993-94,Lyon,Martigues,0,0
1993-09-01,1993-94,Marseille,St Etienne,3,1
1993-09-01,1993-94,Metz,Lens,2,1
1993-09-01,1993-94,Montpellier,Le Havre,2,1
1993-09-01,1993-94,Sochaux,Auxerre,1,0
1993-09-01,1993-94,Strasbourg,Monaco,1,1
1993-09-10,1993-94,Le Havre,Caen,1,2
1993-09-11,1993-94,Bordeaux,Metz,2,0
1993-09-11,1993-94,Cannes,Angers,4,3
1993-09-11,1993-94,Lens,Lyon,2,0
1993-09-11,1993-94,Martigues,Auxerre,0,1
1993-09-11,1993-94,Monaco,Lille,1,0
1993-09-11,1993-94,Nantes,Strasbourg,2,2
1993-09-11,1993-94,Paris SG,Montpellier,1,0
1993-09-11,1993-94,St Etienne,Sochaux,0,0
1993-09-11,1993-94,Toulouse,Marseille,0,0
1993-09-18,1993-94,Auxerre,Lens,1,0
1993-09-18,1993-94,Caen,Toulouse,1,0
1993-09-18,1993-94,Lille,St Etienne,0,2
1993-09-18,1993-94,Lyon,Paris SG,1,3
1993-09-18,1993-94,Marseille,Bordeaux,3,1
1993-09-18,1993-94,Metz,Le Havre,2,0
1993-09-18,1993-94,Montpellier,Cannes,2,1
1993-09-18,1993-94,Sochaux,Monaco,2,0
1993-09-18,1993-94,Strasbourg,Martigues,3,0
1993-09-19,1993-94,Angers,Nantes,0,0
1993-09-23,1993-94,Paris SG,Auxerre,4,0
1993-09-24,1993-94,Bordeaux,Lille,2,1
1993-09-24,1993-94,Cannes,Lyon,1,0
1993-09-24,1993-94,Le Havre,Sochaux,0,0
1993-09-24,1993-94,Lens,Martigues,1,1
1993-09-24,1993-94,Marseille,Metz,0,3
1993-09-24,1993-94,Monaco,Angers,3,0
1993-09-24,1993-94,Nantes,Caen,1,0
1993-09-24,1993-94,St Etienne,Strasbourg,0,0
1993-09-24,1993-94,Toulouse,Montpellier,0,0
1993-10-02,1993-94,Angers,Le Havre,0,0
1993-10-02,1993-94,Auxerre,Toulouse,5,1
1993-10-02,1993-94,Caen,Monaco,0,1
1993-10-02,1993-94,Lille,Marseille,1,2
1993-10-02,1993-94,Martigues,Paris SG,1,1
1993-10-02,1993-94,Metz,Cannes,0,0
1993-10-02,1993-94,Montpellier,St Etienne,3,0
1993-10-02,1993-94,Sochaux,Lens,1,1
1993-10-02,1993-94,Strasbourg,Bordeaux,0,2
1993-10-03,1993-94,Lyon,Nantes,2,1
1993-10-05,1993-94,Bordeaux,Montpellier,1,1
1993-10-06,1993-94,Cannes,Martigues,2,1
1993-10-06,1993-94,Le Havre,Auxerre,1,0
1993-10-06,1993-94,Lille,Sochaux,3,1
1993-10-06,1993-94,Marseille,Strasbourg,2,1
1993-10-06,1993-94,Monaco,Lyon,1,1
1993-10-06,1993-94,Nantes,Metz,2,0
1993-10-06,1993-94,Paris SG,Lens,1,0
1993-10-06,1993-94,St Etienne,Caen,5,0
1993-10-06,1993-94,Toulouse,Angers,2,1
1993-10-16,1993-94,Angers,St Etienne,1,1
1993-10-16,1993-94,Auxerre,Monaco,4,0
1993-10-16,1993-94,Caen,Bordeaux,1,0
1993-10-16,1993-94,Lens,Cannes,2,1
1993-10-16,1993-94,Lyon,Le Havre,1,1
1993-10-16,1993-94,Martigues,Toulouse,1,1
1993-10-16,1993-94,Metz,Paris SG,0,1
1993-10-16,1993-94,Strasbourg,Lille,1,1
1993-10-17,1993-94,Sochaux,Nantes,1,1
1993-10-22,1993-94,Strasbourg,Caen,3,0
1993-10-23,1993-94,Bordeaux,Angers,1,0
1993-10-23,1993-94,Cannes,Paris SG,0,1
1993-10-23,1993-94,Le Havre,Lens,1,1
1993-10-23,1993-94,Lille,Montpellier,0,0
1993-10-23,1993-94,Marseille,Sochaux,1,1
1993-10-23,1993-94,Monaco,Martigues,7,0
1993-10-23,1993-94,Nantes,Auxerre,1,2
1993-10-23,1993-94,St Etienne,Metz,1,0
1993-10-23,1993-94,Toulouse,Lyon,2,0
1993-10-28,1993-94,Auxerre,Cannes,0,0
1993-10-29,1993-94,Angers,Marseille,0,1
1993-10-29,1993-94,Caen,Lille,2,3
1993-10-29,1993-94,Lens,Monaco,3,3
1993-10-29,1993-94,Lyon,St Etienne,1,0
1993-10-29,1993-94,Martigues,Le Havre,3,0
1993-10-29,1993-94,Metz,Toulouse,1,0
1993-10-29,1993-94,Montpellier,Strasbourg,4,0
1993-10-29,1993-94,Paris SG,Nantes,1,0
1993-10-29,1993-94,Sochaux,Bordeaux,2,2
1993-11-06,1993-94,Bordeaux,Lyon,2,0
1993-11-06,1993-94,Le Havre,Cannes,3,1
1993-11-06,1993-94,Lille,Angers,1,1
1993-11-06,1993-94,Marseille,Caen,2,0
1993-11-06,1993-94,Monaco,Paris SG,1,1
1993-11-06,1993-94,Nantes,Martigues,2,1
1993-11-06,1993-94,St Etienne,Auxerre,1,0
1993-11-06,1993-94,Strasbourg,Sochaux,2,0
1993-11-07,1993-94,Montpellier,Metz,3,2
1993-11-07,1993-94,Toulouse,Lens,1,1
1993-11-10,1993-94,Angers,Strasbourg,1,3
1993-11-10,1993-94,Auxerre,Bordeaux,0,1
1993-11-10,1993-94,Caen,Montpellier,0,0
1993-11-10,1993-94,Cannes,Monaco,0,2
1993-11-10,1993-94,Lens,Nantes,1,1
1993-11-10,1993-94,Lyon,Marseille,1,0
1993-11-10,1993-94,Martigues,St Etienne,2,1
1993-11-10,1993-94,Metz,Lille,1,1
1993-11-10,1993-94,Paris SG,Le Havre,0,0
1993-11-10,1993-94,Sochaux,Toulouse,0,0
1993-11-21,1993-94,Bordeaux,Martigues,1,1
1993-11-21,1993-94,Caen,Sochaux,2,1
1993-11-21,1993-94,Lille,Lyon,2,1
1993-11-21,1993-94,Marseille,Auxerre,0,3
1993-11-21,1993-94,Monaco,Le Havre,1,1
1993-11-21,1993-94,Montpellier,Angers,2,1
1993-11-21,1993-94,Nantes,Cannes,0,0
1993-11-21,1993-94,St Etienne,Lens,0,0
1993-11-21,1993-94,Strasbourg,Metz,0,0
1993-11-21,1993-94,Toulouse,Paris SG,1,2
1993-11-27,1993-94,Angers,Caen,2,0
1993-11-27,1993-94,Auxerre,Lille,5,0
1993-11-27,1993-94,Cannes,Toulouse,2,1
1993-11-27,1993-94,Le Havre,Nantes,0,0
1993-11-27,1993-94,Lens,Bordeaux,1,0
1993-11-27,1993-94,Lyon,Strasbourg,2,1
1993-11-27,1993-94,Martigues,Marseille,0,3
1993-11-27,1993-94,Metz,Monaco,1,1
1993-11-27,1993-94,Paris SG,St Etienne,1,0
1993-11-27,1993-94,Sochaux,Montpellier,2,1
1993-12-02,1993-94,St Etienne,Nantes,1,1
1993-12-03,1993-94,Angers,Metz,1,2
1993-12-03,1993-94,Bordeaux,Le Havre,2,1
1993-12-03,1993-94,Caen,Lyon,1,0
1993-12-03,1993-94,Lille,Paris SG,0,2
1993-12-03,1993-94,Marseille,Cannes,3,1
1993-12-03,1993-94,Montpellier,Auxerre,1,0
1993-12-03,1993-94,Sochaux,Martigues,1,0
1993-12-03,1993-94,Strasbourg,Lens,2,0
1993-12-03,1993-94,Toulouse,Monaco,2,1
1993-12-10,1993-94,Lens,Lille,1,1
1993-12-11,1993-94,Auxerre,Caen,1,0
1993-12-11,1993-94,Cannes,Bordeaux,2,1
1993-12-11,1993-94,Le Havre,Marseille,1,3
1993-12-11,1993-94,Lyon,Angers,1,1
1993-12-11,1993-94,Martigues,Montpellier,1,1
1993-12-11,1993-94,Metz,Sochaux,1,1
1993-12-11,1993-94,Monaco,St Etienne,1,1
1993-12-11,1993-94,Nantes,Toulouse,4,0
1993-12-11,1993-94,Paris SG,Strasbourg,2,0
1993-12-16,1993-94,Montpellier,Marseille,0,2
1993-12-18,1993-94,Angers,Auxerre,2,2
1993-12-18,1993-94,Caen,Martigues,4,1
1993-12-18,1993-94,Lille,Cannes,1,0
1993-12-18,1993-94,Marseille,Nantes,3,1
1993-12-18,1993-94,Metz,Lyon,0,1
1993-12-18,1993-94,Montpellier,Lens,0,0
1993-12-18,1993-94,Sochaux,Paris SG,1,2
1993-12-18,1993-94,St Etienne,Le Havre,0,0
1993-12-18,1993-94,Strasbourg,Toulouse,1,0
1993-12-19,1993-94,Bordeaux,Monaco,1,0
1994-01-14,1993-94,Paris SG,Marseille,1,1
1994-01-15,1993-94,Auxerre,Metz,2,0
1994-01-15,1993-94,Cannes,Strasbourg,1,1
1994-01-15,1993-94,Le Havre,Lille,1,0
1994-01-15,1993-94,Lens,Caen,2,0
1994-01-15,1993-94,Lyon,Sochaux,1,0
1994-01-15,1993-94,Martigues,Angers,0,0
1994-01-15,1993-94,Monaco,Montpellier,1,2
1994-01-15,1993-94,Nantes,Bordeaux,4,1
1994-01-15,1993-94,Toulouse,St Etienne,1,2
1994-01-28,1993-94,Marseille,Monaco,2,1
1994-01-29,1993-94,Angers,Lens,1,2
1994-01-29,1993-94,Bordeaux,St Etienne,1,2
1994-01-29,1993-94,Caen,Paris SG,0,2
1994-01-29,1993-94,Lille,Toulouse,3,0
1994-01-29,1993-94,Lyon,Auxerre,1,0
1994-01-29,1993-94,Metz,Martigues,0,0
1994-01-29,1993-94,Montpellier,Nantes,1,0
1994-01-29,1993-94,Sochaux,Cannes,1,1
1994-01-29,1993-94,Strasbourg,Le Havre,0,3
1994-02-04,1993-94,Toulouse,Bordeaux,0,0
1994-02-05,1993-94,Auxerre,Sochaux,1,0
1994-02-05,1993-94,Cannes,Caen,3,0
1994-02-05,1993-94,Le Havre,Montpellier,0,0
1994-02-05,1993-94,Lens,Metz,2,0
1994-02-05,1993-94,Martigues,Lyon,0,1
1994-02-05,1993-94,Nantes,Lille,2,0
1994-02-05,1993-94,Paris SG,Angers,3,0
1994-02-05,1993-94,St Etienne,Marseille,0,0
1994-02-06,1993-94,Monaco,Strasbourg,2,1
1994-02-08,1993-94,Caen,Le Havre,1,1
1994-02-09,1993-94,Angers,Cannes,1,1
1994-02-09,1993-94,Auxerre,Martigues,3,0
1994-02-09,1993-94,Lille,Monaco,1,1
1994-02-09,1993-94,Lyon,Lens,1,2
1994-02-09,1993-94,Marseille,Toulouse,5,1
1994-02-09,1993-94,Metz,Bordeaux,1,0
1994-02-09,1993-94,Montpellier,Paris SG,0,0
1994-02-09,1993-94,Sochaux,St Etienne,3,2
1994-02-09,1993-94,Strasbourg,Nantes,0,3
1994-02-19,1993-94,Cannes,Montpellier,2,0
1994-02-19,1993-94,Le Havre,Metz,0,1
1994-02-19,1993-94,Lens,Auxerre,1,1
1994-02-19,1993-94,Martigues,Strasbourg,0,3
1994-02-19,1993-94,Monaco,Sochaux,2,0
1994-02-19,1993-94,Nantes,Angers,2,1
1994-02-19,1993-94,Paris SG,Lyon,0,0
1994-02-19,1993-94,St Etienne,Lille,2,1
1994-02-19,1993-94,Toulouse,Caen,0,1
1994-02-20,1993-94,Bordeaux,Marseille,1,0
1994-02-24,1993-94,Auxerre,Paris SG,0,0
1994-02-25,1993-94,Angers,Monaco,1,1
1994-02-25,1993-94,Caen,Nantes,0,0
1994-02-25,1993-94,Lille,Bordeaux,1,1
1994-02-25,1993-94,Lyon,Cannes,2,2
1994-02-25,1993-94,Martigues,Lens,1,2
1994-02-25,1993-94,Metz,Marseille,0,0
1994-02-25,1993-94,Montpellier,Toulouse,3,1
1994-02-25,1993-94,Sochaux,Le Havre,4,2
1994-02-25,1993-94,Strasbourg,St Etienne,2,0
1994-03-05,1993-94,Bordeaux,Strasbourg,2,0
1994-03-05,1993-94,Cannes,Metz,2,0
1994-03-05,1993-94,Le Havre,Angers,2,1
1994-03-05,1993-94,Lens,Sochaux,2,0
1994-03-05,1993-94,Marseille,Lille,3,2
1994-03-05,1993-94,Monaco,Caen,3,0
1994-03-05,1993-94,Nantes,Lyon,1,0
1994-03-05,1993-94,St Etienne,Montpellier,2,0
1994-03-05,1993-94,Toulouse,Auxerre,0,0
1994-03-06,1993-94,Paris SG,Martigues,2,2
1994-03-11,1993-94,Angers,Toulouse,0,0
1994-03-11,1993-94,Auxerre,Le Havre,3,0
1994-03-11,1993-94,Caen,St Etienne,1,0
1994-03-11,1993-94,Lens,Paris SG,1,2
1994-03-11,1993-94,Lyon,Monaco,1,0
1994-03-11,1993-94,Martigues,Cannes,4,0
1994-03-11,1993-94,Montpellier,Bordeaux,1,0
1994-03-11,1993-94,Sochaux,Lille,1,0
1994-03-11,1993-94,Strasbourg,Marseille,1,1
1994-03-13,1993-94,Metz,Nantes,2,0
1994-03-25,1993-94,Monaco,Auxerre,0,1
1994-03-25,1993-94,Paris SG,Metz,1,0
1994-03-26,1993-94,Bordeaux,Caen,3,0
1994-03-26,1993-94,Cannes,Lens,3,1
1994-03-26,1993-94,Le Havre,Lyon,0,1
1994-03-26,1993-94,Lille,Strasbourg,1,1
1994-03-26,1993-94,Marseille,Montpellier,1,1
1994-03-26,1993-94,Nantes,Sochaux,2,0
1994-03-26,1993-94,St Etienne,Angers,2,0
1994-03-26,1993-94,Toulouse,Martigues,2,2
1994-04-01,1993-94,Auxerre,Nantes,3,1
1994-04-02,1993-94,Angers,Bordeaux,1,3
1994-04-02,1993-94,Caen,Strasbourg,3,1
1994-04-02,1993-94,Lens,Le Havre,5,1
1994-04-02,1993-94,Lyon,Toulouse,1,0
1994-04-02,1993-94,Martigues,Monaco,1,3
1994-04-02,1993-94,Metz,St Etienne,0,1
1994-04-02,1993-94,Montpellier,Lille,1,3
1994-04-02,1993-94,Paris SG,Cannes,2,1
1994-04-02,1993-94,Sochaux,Marseille,1,1
1994-04-05,1993-94,Bordeaux,Sochaux,4,1
1994-04-05,1993-94,Cannes,Auxerre,2,1
1994-04-05,1993-94,Le Havre,Martigues,2,0
1994-04-05,1993-94,Lille,Caen,3,1
1994-04-05,1993-94,Marseille,Angers,2,1
1994-04-05,1993-94,Monaco,Lens,0,0
1994-04-05,1993-94,Nantes,Paris SG,3,0
1994-04-05,1993-94,Strasbourg,Montpellier,0,1
1994-04-05,1993-94,Toulouse,Metz,2,2
1994-04-06,1993-94,St Etienne,Lyon,3,0
1994-04-12,1993-94,Angers,Lille,1,2
1994-04-12,1993-94,Auxerre,St Etienne,3,0
1994-04-12,1993-94,Caen,Marseille,1,0
1994-04-12,1993-94,Cannes,Le Havre,1,0
1994-04-12,1993-94,Lens,Toulouse,4,0
1994-04-12,1993-94,Lyon,Bordeaux,4,2
1994-04-12,1993-94,Martigues,Nantes,1,2
1994-04-12,1993-94,Metz,Montpellier,1,1
1994-04-12,1993-94,Paris SG,Monaco,1,1
1994-04-12,1993-94,Sochaux,Strasbourg,1,3
1994-04-22,1993-94,Monaco,Cannes,2,0
1994-04-26,1993-94,Bordeaux,Auxerre,2,0
1994-04-26,1993-94,Le Havre,Paris SG,0,2
1994-04-26,1993-94,Lille,Metz,0,4
1994-04-26,1993-94,Marseille,Lyon,3,0
1994-04-26,1993-94,Montpellier,Caen,0,0
1994-04-26,1993-94,Nantes,Lens,2,1
1994-04-26,1993-94,St Etienne,Martigues,1,1
1994-04-26,1993-94,Strasbourg,Angers,2,2
1994-04-26,1993-94,Toulouse,Sochaux,3,2
1994-04-29,1993-94,Cannes,Nantes,4,0
1994-04-30,1993-94,Angers,Montpellier,2,3
1994-04-30,1993-94,Auxerre,Marseille,2,2
1994-04-30,1993-94,Le Havre,Monaco,1,0
1994-04-30,1993-94,Lens,St Etienne,3,1
1994-04-30,1993-94,Lyon,Lille,0,0
1994-04-30,1993-94,Martigues,Bordeaux,0,0
1994-04-30,1993-94,Metz,Strasbourg,2,1
1994-04-30,1993-94,Paris SG,Toulouse,1,0
1994-04-30,1993-94,Sochaux,Caen,0,0
1994-05-07,1993-94,Bordeaux,Lens,4,2
1994-05-07,1993-94,Caen,Angers,2,3
1994-05-07,1993-94,Lille,Auxerre,1,1
1994-05-07,1993-94,Marseille,Martigues,0,0
1994-05-07,1993-94,Monaco,Metz,1,1
1994-05-07,1993-94,Montpellier,Sochaux,1,0
1994-05-07,1993-94,Nantes,Le Havre,3,1
1994-05-07,1993-94,St Etienne,Paris SG,1,2
1994-05-07,1993-94,Strasbourg,Lyon,0,1
1994-05-07,1993-94,Toulouse,Cannes,1,2
1994-05-21,1993-94,Angers,Sochaux,1,2
1994-05-21,1993-94,Auxerre,Strasbourg,2,1
1994-05-21,1993-94,Cannes,St Etienne,0,0
1994-05-21,1993-94,Le Havre,Toulouse,1,1
1994-05-21,1993-94,Lens,Marseille,2,3
1994-05-21,1993-94,Lyon,Montpellier,3,2
1994-05-21,1993-94,Martigues,Lille,2,2
1994-05-21,1993-94,Metz,Caen,2,1
1994-05-21,1993-94,Monaco,Nantes,1,0
1994-05-21,1993-94,Paris SG,Bordeaux,4,1
1994-07-28,1994-95,Bordeaux,Nice,1,0
1994-07-29,1994-95,Cannes,Bastia,0,0
1994-07-29,1994-95,Le Havre,Paris SG,0,0
1994-07-29,1994-95,Lens,Lille,1,1
1994-07-29,1994-95,Monaco,Metz,0,1
1994-07-29,1994-95,Montpellier,Martigues,0,1
1994-07-29,1994-95,Nantes,Lyon,1,1
1994-07-29,1994-95,Sochaux,Caen,2,0
1994-07-29,1994-95,St Etienne,Rennes,1,1
1994-07-29,1994-95,Strasbourg,Auxerre,1,1
1994-08-01,1994-95,Auxerre,Nantes,1,2
1994-08-02,1994-95,Caen,Cannes,0,1
1994-08-02,1994-95,Lille,Strasbourg,1,0
1994-08-02,1994-95,Lyon,Monaco,3,1
1994-08-02,1994-95,Martigues,St Etienne,1,1
1994-08-02,1994-95,Metz,Bastia,1,2
1994-08-02,1994-95,Montpellier,Bordeaux,0,1
1994-08-02,1994-95,Nice,Sochaux,1,0
1994-08-02,1994-95,Paris SG,Lens,1,0
1994-08-02,1994-95,Rennes,Le Havre,0,0
1994-08-05,1994-95,Bordeaux,Martigues,1,1
1994-08-05,1994-95,Cannes,Metz,1,0
1994-08-05,1994-95,Le Havre,Nice,1,1
1994-08-05,1994-95,Lens,Rennes,5,0
1994-08-05,1994-95,Monaco,Auxerre,0,0
1994-08-05,1994-95,Nantes,Caen,2,1
1994-08-05,1994-95,Sochaux,Lille,3,0
1994-08-05,1994-95,St Etienne,Montpellier,4,0
1994-08-05,1994-95,Strasbourg,Paris SG,2,0
1994-08-06,1994-95,Bastia,Lyon,0,1
1994-08-12,1994-95,Caen,Monaco,0,1
1994-08-13,1994-95,Auxerre,Bastia,2,1
1994-08-13,1994-95,Lille,Nantes,1,2
1994-08-13,1994-95,Lyon,Metz,1,0
1994-08-13,1994-95,Martigues,Le Havre,2,1
1994-08-13,1994-95,Montpellier,Lens,1,2
1994-08-13,1994-95,Nice,Cannes,2,1
1994-08-13,1994-95,Paris SG,Sochaux,1,1
1994-08-13,1994-95,Rennes,Bordeaux,2,0
1994-08-13,1994-95,St Etienne,Strasbourg,2,0
1994-08-19,1994-95,Nantes,Paris SG,1,0
1994-08-20,1994-95,Bastia,Caen,1,0
1994-08-20,1994-95,Bordeaux,St Etienne,2,1
1994-08-20,1994-95,Cannes,Lyon,5,1
1994-08-20,1994-95,Le Havre,Montpellier,1,2
1994-08-20,1994-95,Lens,Martigues,2,1
1994-08-20,1994-95,Metz,Auxerre,1,1
1994-08-20,1994-95,Monaco,Lille,2,0
1994-08-20,1994-95,Sochaux,Rennes,1,3
1994-08-20,1994-95,Strasbourg,Nice,3,2
1994-08-26,1994-95,Rennes,Strasbourg,1,1
1994-08-27,1994-95,Auxerre,Lyon,0,0
1994-08-27,1994-95,Bordeaux,Cannes,0,2
1994-08-27,1994-95,Caen,Metz,2,0
1994-08-27,1994-95,Lille,Bastia,3,0
1994-08-27,1994-95,Martigues,Sochaux,2,0
1994-08-27,1994-95,Montpellier,Nantes,2,2
1994-08-27,1994-95,Nice,Lens,1,1
1994-08-27,1994-95,Paris SG,Monaco,1,0
1994-08-27,1994-95,St Etienne,Le Havre,4,1
1994-08-30,1994-95,Cannes,Auxerre,3,1
1994-08-31,1994-95,Bastia,Paris SG,1,2
1994-08-31,1994-95,Le Havre,Bordeaux,1,1
1994-08-31,1994-95,Lens,St Etienne,0,0
1994-08-31,1994-95,Lyon,Caen,1,0
1994-08-31,1994-95,Metz,Lille,1,1
1994-08-31,1994-95,Monaco,Nice,0,2
1994-08-31,1994-95,Nantes,Rennes,2,0
1994-08-31,1994-95,Sochaux,Montpellier,2,0
1994-08-31,1994-95,Strasbourg,Martigues,5,0
1994-09-09,1994-95,Rennes,Cannes,3,1
1994-09-10,1994-95,Bordeaux,Lens,1,2
1994-09-10,1994-95,Caen,Auxerre,1,5
1994-09-10,1994-95,Le Havre,Monaco,1,0
1994-09-10,1994-95,Lille,Lyon,1,4
1994-09-10,1994-95,Martigues,Nantes,3,3
1994-09-10,1994-95,Montpellier,Strasbourg,1,1
1994-09-10,1994-95,Nice,Bastia,1,2
1994-09-10,1994-95,Paris SG,Metz,3,0
1994-09-10,1994-95,St Etienne,Sochaux,4,0
1994-09-17,1994-95,Bastia,Montpellier,1,1
1994-09-17,1994-95,Cannes,Martigues,0,1
1994-09-17,1994-95,Lens,Le Havre,1,1
1994-09-17,1994-95,Metz,Nice,0,0
1994-09-17,1994-95,Monaco,Rennes,0,0
1994-09-17,1994-95,Nantes,St Etienne,3,0
1994-09-17,1994-95,Sochaux,Bordeaux,1,4
1994-09-17,1994-95,Strasbourg,Caen,1,0
1994-09-18,1994-95,Auxerre,Lille,2,0
1994-09-18,1994-95,Lyon,Paris SG,2,0
1994-09-22,1994-95,Montpellier,Monaco,2,2
1994-09-23,1994-95,Bordeaux,Strasbourg,2,0
1994-09-23,1994-95,Le Havre,Sochaux,2,0
1994-09-23,1994-95,Lens,Cannes,0,2
1994-09-23,1994-95,Lille,Caen,1,1
1994-09-23,1994-95,Martigues,Bastia,5,2
1994-09-23,1994-95,Nice,Nantes,1,3
1994-09-23,1994-95,Paris SG,Auxerre,1,1
1994-09-23,1994-95,Rennes,Metz,1,2
1994-09-23,1994-95,St Etienne,Lyon,1,1
1994-10-01,1994-95,Bastia,Rennes,1,2
1994-10-01,1994-95,Caen,Paris SG,1,2
1994-10-01,1994-95,Cannes,Lille,0,0
1994-10-01,1994-95,Lyon,Nice,1,1
1994-10-01,1994-95,Metz,Montpellier,0,0
1994-10-01,1994-95,Monaco,Martigues,1,0
1994-10-01,1994-95,Nantes,Bordeaux,3,3
1994-10-01,1994-95,Sochaux,Lens,1,1
1994-10-01,1994-95,Strasbourg,Le Havre,3,0
1994-10-02,1994-95,Auxerre,St Etienne,3,0
1994-10-10,1994-95,Lens,Strasbourg,1,0
1994-10-11,1994-95,Bordeaux,Monaco,0,3
1994-10-11,1994-95,Le Havre,Nantes,0,0
1994-10-11,1994-95,Martigues,Metz,1,1
1994-10-11,1994-95,Montpellier,Lyon,2,2
1994-10-11,1994-95,Nice,Caen,0,1
1994-10-11,1994-95,Paris SG,Lille,3,0
1994-10-11,1994-95,Rennes,Auxerre,2,2
1994-10-11,1994-95,Sochaux,Cannes,2,1
1994-10-11,1994-95,St Etienne,Bastia,1,2
1994-10-14,1994-95,Auxerre,Martigues,3,0
1994-10-14,1994-95,Bastia,Bordeaux,0,0
1994-10-14,1994-95,Caen,Montpellier,1,0
1994-10-14,1994-95,Cannes,Paris SG,3,2
1994-10-14,1994-95,Lille,Nice,1,0
1994-10-14,1994-95,Lyon,Rennes,3,0
1994-10-14,1994-95,Metz,Le Havre,2,1
1994-10-14,1994-95,Nantes,Lens,3,0
1994-10-14,1994-95,Strasbourg,Sochaux,3,2
1994-10-16,1994-95,Monaco,St Etienne,0,0
1994-10-22,1994-95,Bordeaux,Metz,4,2
1994-10-22,1994-95,Le Havre,Bastia,2,2
1994-10-22,1994-95,Lens,Lyon,4,0
1994-10-22,1994-95,Martigues,Caen,4,1
1994-10-22,1994-95,Nice,Paris SG,0,4
1994-10-22,1994-95,Rennes,Lille,1,0
1994-10-22,1994-95,Sochaux,Nantes,0,0
1994-10-22,1994-95,St Etienne,Cannes,1,0
1994-10-22,1994-95,Strasbourg,Monaco,1,0
1994-10-23,1994-95,Montpellier,Auxerre,1,1
1994-10-27,1994-95,Lyon,Bordeaux,1,1
1994-10-28,1994-95,Auxerre,Nice,3,0
1994-10-28,1994-95,Bastia,Lens,1,3
1994-10-28,1994-95,Caen,Rennes,5,1
1994-10-28,1994-95,Cannes,Le Havre,2,2
1994-10-28,1994-95,Lille,Martigues,1,0
1994-10-28,1994-95,Metz,St Etienne,1,0
1994-10-28,1994-95,Monaco,Sochaux,3,1
1994-10-28,1994-95,Nantes,Strasbourg,3,0
1994-10-28,1994-95,Paris SG,Montpellier,3,1
1994-11-05,1994-95,Le Havre,Lyon,2,0
1994-11-05,1994-95,Lens,Monaco,0,0
1994-11-05,1994-95,Martigues,Paris SG,1,1
1994-11-05,1994-95,Montpellier,Lille,1,0
1994-11-05,1994-95,Nantes,Metz,3,1
1994-11-05,1994-95,Rennes,Nice,3,1
1994-11-05,1994-95,Sochaux,Bastia,1,3
1994-11-05,1994-95,St Etienne,Caen,2,0
1994-11-05,1994-95,Strasbourg,Cannes,1,2
1994-11-06,1994-95,Bordeaux,Auxerre,3,1
1994-11-08,1994-95,Lille,St Etienne,1,0
1994-11-09,1994-95,Auxerre,Le Havre,1,1
1994-11-09,1994-95,Bastia,Strasbourg,0,1
1994-11-09,1994-95,Caen,Bordeaux,4,2
1994-11-09,1994-95,Lyon,Sochaux,4,0
1994-11-09,1994-95,Metz,Lens,3,1
1994-11-09,1994-95,Paris SG,Rennes,2,1
1994-11-10,1994-95,Cannes,Montpellier,3,0
1994-11-10,1994-95,Monaco,Nantes,2,2
1994-11-10,1994-95,Nice,Martigues,1,1
1994-11-19,1994-95,Bordeaux,Lille,1,0
1994-11-19,1994-95,Le Havre,Caen,1,1
1994-11-19,1994-95,Lens,Auxerre,1,1
1994-11-19,1994-95,Martigues,Rennes,1,0
1994-11-19,1994-95,Monaco,Cannes,0,0
1994-11-19,1994-95,Montpellier,Nice,0,0
1994-11-19,1994-95,Nantes,Bastia,0,0
1994-11-19,1994-95,Sochaux,Metz,4,2
1994-11-19,1994-95,St Etienne,Paris SG,1,3
1994-11-20,1994-95,Strasbourg,Lyon,1,0
1994-11-26,1994-95,Auxerre,Sochaux,4,0
1994-11-26,1994-95,Bastia,Monaco,0,2
1994-11-26,1994-95,Caen,Lens,0,0
1994-11-26,1994-95,Lille,Le Havre,1,1
1994-11-26,1994-95,Lyon,Martigues,3,0
1994-11-26,1994-95,Metz,Strasbourg,3,2
1994-11-26,1994-95,Nice,St Etienne,3,0
1994-11-26,1994-95,Paris SG,Bordeaux,0,0
1994-11-26,1994-95,Rennes,Montpellier,2,2
1994-11-27,1994-95,Cannes,Nantes,0,1
1994-12-01,1994-95,St Etienne,Martigues,3,0
1994-12-02,1994-95,Bordeaux,Montpellier,2,0
1994-12-02,1994-95,Cannes,Caen,1,0
1994-12-02,1994-95,Le Havre,Rennes,4,0
1994-12-02,1994-95,Lens,Paris SG,1,2
1994-12-02,1994-95,Monaco,Lyon,1,1
1994-12-02,1994-95,Nantes,Auxerre,0,0
1994-12-02,1994-95,Sochaux,Nice,0,1
1994-12-02,1994-95,Strasbourg,Lille,1,1
1994-12-08,1994-95,Bastia,Metz,0,3
1994-12-17,1994-95,Auxerre,Monaco,2,2
1994-12-17,1994-95,Caen,Nantes,0,2
1994-12-17,1994-95,Lille,Sochaux,1,0
1994-12-17,1994-95,Lyon,Bastia,0,0
1994-12-17,1994-95,Martigues,Bordeaux,1,0
1994-12-17,1994-95,Metz,Cannes,3,2
1994-12-17,1994-95,Montpellier,St Etienne,3,2
1994-12-17,1994-95,Nice,Le Havre,0,2
1994-12-17,1994-95,Paris SG,Strasbourg,1,0
1994-12-17,1994-95,Rennes,Lens,0,1
1995-01-07,1994-95,Bastia,Auxerre,0,1
1995-01-07,1994-95,Bordeaux,Rennes,2,1
1995-01-07,1994-95,Cannes,Nice,2,0
1995-01-07,1994-95,Le Havre,Martigues,1,0
1995-01-07,1994-95,Lens,Montpellier,1,1
1995-01-07,1994-95,Monaco,Caen,3,0
1995-01-07,1994-95,Nantes,Lille,3,0
1995-01-07,1994-95,Strasbourg,St Etienne,1,1
1995-01-21,1994-95,Auxerre,Metz,1,1
1995-01-21,1994-95,Caen,Bastia,2,1
1995-01-21,1994-95,Lille,Monaco,1,0
1995-01-21,1994-95,Lyon,Cannes,3,1
1995-01-21,1994-95,Martigues,Lens,0,0
1995-01-21,1994-95,Montpellier,Le Havre,2,1
1995-01-21,1994-95,Nice,Strasbourg,3,4
1995-01-21,1994-95,Paris SG,Nantes,0,3
1995-01-21,1994-95,St Etienne,Bordeaux,4,1
1995-01-28,1994-95,Bastia,Lille,3,1
1995-01-28,1994-95,Cannes,Bordeaux,2,0
1995-01-28,1994-95,Lens,Nice,2,1
1995-01-28,1994-95,Lyon,Auxerre,3,0
1995-01-28,1994-95,Metz,Caen,4,0
1995-01-28,1994-95,Sochaux,Martigues,1,1
1995-01-28,1994-95,Strasbourg,Rennes,2,2
1995-01-29,1994-95,Monaco,Paris SG,2,1
1995-02-01,1994-95,Le Havre,St Etienne,2,0
1995-02-01,1994-95,Nantes,Montpellier,3,2
1995-02-01,1994-95,Sochaux,Paris SG,1,2
1995-02-04,1994-95,Rennes,Sochaux,2,1
1995-02-07,1994-95,Nice,Monaco,3,1
1995-02-08,1994-95,Auxerre,Cannes,3,0
1995-02-08,1994-95,Bordeaux,Le Havre,0,1
1995-02-08,1994-95,Caen,Lyon,0,1
1995-02-08,1994-95,Lille,Metz,1,0
1995-02-08,1994-95,Martigues,Strasbourg,0,0
1995-02-08,1994-95,Montpellier,Sochaux,1,0
1995-02-08,1994-95,Paris SG,Bastia,3,0
1995-02-08,1994-95,Rennes,Nantes,1,1
1995-02-08,1994-95,St Etienne,Lens,1,2
1995-02-11,1994-95,Auxerre,Caen,1,1
1995-02-11,1994-95,Bastia,Nice,1,1
1995-02-11,1994-95,Cannes,Rennes,0,1
1995-02-11,1994-95,Lyon,Lille,3,1
1995-02-11,1994-95,Metz,Paris SG,2,0
1995-02-11,1994-95,Monaco,Le Havre,1,2
1995-02-11,1994-95,Sochaux,St Etienne,2,0
1995-02-11,1994-95,Strasbourg,Montpellier,0,0
1995-02-12,1994-95,Lens,Bordeaux,2,1
1995-02-18,1994-95,Nantes,Martigues,3,0
1995-02-23,1994-95,Paris SG,Lyon,4,1
1995-02-23,1994-95,St Etienne,Nantes,1,1
1995-02-24,1994-95,Bordeaux,Sochaux,2,1
1995-02-24,1994-95,Caen,Strasbourg,4,0
1995-02-24,1994-95,Le Havre,Lens,2,3
1995-02-24,1994-95,Lille,Auxerre,0,0
1995-02-24,1994-95,Martigues,Cannes,0,0
1995-02-24,1994-95,Montpellier,Bastia,0,0
1995-02-24,1994-95,Nice,Metz,1,0
1995-02-24,1994-95,Rennes,Monaco,1,3
1995-03-04,1994-95,Bastia,Martigues,2,0
1995-03-04,1994-95,Caen,Lille,2,0
1995-03-04,1994-95,Cannes,Lens,2,0
1995-03-04,1994-95,Lyon,St Etienne,1,0
1995-03-04,1994-95,Metz,Rennes,1,0
1995-03-04,1994-95,Monaco,Montpellier,2,0
1995-03-04,1994-95,Nantes,Nice,2,1
1995-03-04,1994-95,Sochaux,Le Havre,0,1
1995-03-04,1994-95,Strasbourg,Bordeaux,1,1
1995-03-05,1994-95,Auxerre,Paris SG,1,1
1995-03-09,1994-95,Nice,Lyon,1,2
1995-03-10,1994-95,Bordeaux,Nantes,1,1
1995-03-10,1994-95,Lens,Sochaux,1,0
1995-03-10,1994-95,Lille,Cannes,0,3
1995-03-10,1994-95,Martigues,Monaco,1,1
1995-03-10,1994-95,Montpellier,Metz,2,0
1995-03-10,1994-95,Rennes,Bastia,2,2
1995-03-10,1994-95,St Etienne,Auxerre,1,1
1995-03-13,1994-95,Le Havre,Strasbourg,1,0
1995-03-22,1994-95,Auxerre,Rennes,2,2
1995-03-22,1994-95,Bastia,St Etienne,2,1
1995-03-22,1994-95,Caen,Nice,0,0
1995-03-22,1994-95,Cannes,Sochaux,0,0
1995-03-22,1994-95,Lille,Paris SG,1,0
1995-03-22,1994-95,Lyon,Montpellier,2,1
1995-03-22,1994-95,Metz,Martigues,0,0
1995-03-22,1994-95,Monaco,Bordeaux,6,3
1995-03-22,1994-95,Nantes,Le Havre,3,2
1995-03-23,1994-95,Strasbourg,Lens,0,0
1995-04-01,1994-95,Bordeaux,Bastia,1,0
1995-04-01,1994-95,Le Havre,Metz,0,3
1995-04-01,1994-95,Martigues,Auxerre,2,1
1995-04-01,1994-95,Montpellier,Caen,3,2
1995-04-01,1994-95,Nice,Lille,1,0
1995-04-01,1994-95,Paris SG,Cannes,2,1
1995-04-01,1994-95,Rennes,Lyon,1,1
1995-04-01,1994-95,Sochaux,Strasbourg,0,1
1995-04-01,1994-95,St Etienne,Monaco,1,0
1995-04-02,1994-95,Lens,Nantes,1,1
1995-04-07,1994-95,Lyon,Lens,1,1
1995-04-08,1994-95,Auxerre,Montpellier,0,1
1995-04-08,1994-95,Bastia,Le Havre,3,2
1995-04-08,1994-95,Caen,Martigues,0,1
1995-04-08,1994-95,Cannes,St Etienne,4,1
1995-04-08,1994-95,Lille,Rennes,1,0
1995-04-08,1994-95,Metz,Bordeaux,2,3
1995-04-08,1994-95,Monaco,Strasbourg,3,1
1995-04-08,1994-95,Nantes,Sochaux,2,0
1995-04-08,1994-95,Paris SG,Nice,2,3
1995-04-14,1994-95,Le Havre,Cannes,1,0
1995-04-15,1994-95,Bordeaux,Lyon,1,1
1995-04-15,1994-95,Lens,Bastia,3,0
1995-04-15,1994-95,Martigues,Lille,1,0
1995-04-15,1994-95,Montpellier,Paris SG,0,3
1995-04-15,1994-95,Nice,Auxerre,1,3
1995-04-15,1994-95,Rennes,Caen,5,0
1995-04-15,1994-95,Sochaux,Monaco,0,5
1995-04-15,1994-95,St Etienne,Metz,0,1
1995-04-15,1994-95,Strasbourg,Nantes,2,0
1995-04-28,1994-95,Bastia,Sochaux,1,0
1995-04-29,1994-95,Caen,St Etienne,3,0
1995-04-29,1994-95,Cannes,Strasbourg,2,2
1995-04-29,1994-95,Lille,Montpellier,0,0
1995-04-29,1994-95,Lyon,Le Havre,2,0
1995-04-29,1994-95,Metz,Nantes,0,2
1995-04-29,1994-95,Monaco,Lens,6,0
1995-04-29,1994-95,Nice,Rennes,1,0
1995-04-29,1994-95,Paris SG,Martigues,3,0
1995-04-30,1994-95,Auxerre,Bordeaux,1,0
1995-05-05,1994-95,Nantes,Monaco,3,3
1995-05-06,1994-95,Bordeaux,Caen,2,0
1995-05-06,1994-95,Le Havre,Auxerre,1,4
1995-05-06,1994-95,Lens,Metz,2,2
1995-05-06,1994-95,Martigues,Nice,0,1
1995-05-06,1994-95,Montpellier,Cannes,5,3
1995-05-06,1994-95,Rennes,Paris SG,4,0
1995-05-06,1994-95,Sochaux,Lyon,1,2
1995-05-06,1994-95,St Etienne,Lille,3,3
1995-05-06,1994-95,Strasbourg,Bastia,1,1
1995-05-12,1994-95,Metz,Lyon,2,1
1995-05-17,1994-95,Paris SG,Caen,2,0
1995-05-19,1994-95,Bastia,Nantes,2,2
1995-05-20,1994-95,Auxerre,Lens,3,0
1995-05-20,1994-95,Caen,Le Havre,2,2
1995-05-20,1994-95,Cannes,Monaco,2,2
1995-05-20,1994-95,Lille,Bordeaux,1,0
1995-05-20,1994-95,Lyon,Strasbourg,1,0
1995-05-20,1994-95,Metz,Sochaux,3,0
1995-05-20,1994-95,Nice,Montpellier,0,0
1995-05-20,1994-95,Paris SG,St Etienne,1,0
1995-05-20,1994-95,Rennes,Martigues,5,1
1995-05-27,1994-95,Bordeaux,Paris SG,3,0
1995-05-27,1994-95,Le Havre,Lille,0,1
1995-05-27,1994-95,Lens,Caen,2,0
1995-05-27,1994-95,Martigues,Lyon,2,0
1995-05-27,1994-95,Monaco,Bastia,2,1
1995-05-27,1994-95,Montpellier,Rennes,0,1
1995-05-27,1994-95,Nantes,Cannes,2,1
1995-05-27,1994-95,Sochaux,Auxerre,0,1
1995-05-27,1994-95,St Etienne,Nice,3,3
1995-05-27,1994-95,Strasbourg,Metz,1,0
1995-05-31,1994-95,Auxerre,Strasbourg,1,0
1995-05-31,1994-95,Bastia,Cannes,6,3
1995-05-31,1994-95,Caen,Sochaux,3,1
1995-05-31,1994-95,Lille,Lens,3,1
1995-05-31,1994-95,Lyon,Nantes,1,1
1995-05-31,1994-95,Martigues,Montpellier,2,1
1995-05-31,1994-95,Metz,Monaco,2,0
1995-05-31,1994-95,Nice,Bordeaux,0,2
1995-05-31,1994-95,Paris SG,Le Havre,2,2
1995-05-31,1994-95,Rennes,St Etienne,2,2
1995-07-19,1995-96,Bastia,Paris SG,2,2
1995-07-19,1995-96,Bordeaux,Lille,1,0
1995-07-19,1995-96,Cannes,Lyon,3,0
1995-07-19,1995-96,Gueugnon,Metz,0,0
1995-07-19,1995-96,Guingamp,Martigues,2,0
1995-07-19,1995-96,Lens,Le Havre,2,0
1995-07-19,1995-96,Monaco,Rennes,3,1
1995-07-19,1995-96,Montpellier,Strasbourg,2,2
1995-07-19,1995-96,Nantes,Auxerre,1,0
1995-07-19,1995-96,St Etienne,Nice,1,1
1995-07-26,1995-96,Auxerre,Gueugnon,4,0
1995-07-26,1995-96,Bordeaux,St Etienne,2,0
1995-07-26,1995-96,Lille,Bastia,0,2
1995-07-26,1995-96,Lyon,Montpellier,3,2
1995-07-26,1995-96,Martigues,Nantes,0,4
1995-07-26,1995-96,Metz,Lens,2,0
1995-07-26,1995-96,Nice,Monaco,1,2
1995-07-26,1995-96,Paris SG,Guingamp,1,1
1995-07-26,1995-96,Rennes,Cannes,3,2
1995-07-26,1995-96,Strasbourg,Le Havre,3,0
1995-08-04,1995-96,Nantes,Paris SG,1,2
1995-08-05,1995-96,Bastia,Bordeaux,2,0
1995-08-05,1995-96,Cannes,Metz,1,2
1995-08-05,1995-96,Gueugnon,Martigues,0,0
1995-08-05,1995-96,Guingamp,Nice,0,0
1995-08-05,1995-96,Le Havre,Lyon,2,1
1995-08-05,1995-96,Lens,Strasbourg,0,0
1995-08-05,1995-96,Monaco,Auxerre,2,2
1995-08-05,1995-96,Montpellier,Rennes,3,1
1995-08-05,1995-96,St Etienne,Lille,1,1
1995-08-09,1995-96,Auxerre,Lens,0,1
1995-08-09,1995-96,Bastia,Monaco,2,1
1995-08-09,1995-96,Lille,Guingamp,0,3
1995-08-09,1995-96,Martigues,Cannes,2,1
1995-08-09,1995-96,Metz,Montpellier,1,0
1995-08-09,1995-96,Nice,Gueugnon,3,1
1995-08-09,1995-96,Paris SG,St Etienne,4,0
1995-08-09,1995-96,Rennes,Le Havre,1,0
1995-08-19,1995-96,Cannes,Lille,2,1
1995-08-19,1995-96,Gueugnon,Paris SG,1,3
1995-08-19,1995-96,Guingamp,Bordeaux,1,0
1995-08-19,1995-96,Le Havre,Metz,0,0
1995-08-19,1995-96,Monaco,Martigues,0,1
1995-08-19,1995-96,Montpellier,Auxerre,3,1
1995-08-19,1995-96,Nantes,Nice,1,0
1995-08-19,1995-96,St Etienne,Bastia,3,0
1995-08-19,1995-96,Strasbourg,Rennes,3,1
1995-08-20,1995-96,Lens,Lyon,2,2
1995-08-25,1995-96,Lille,Nantes,0,0
1995-08-26,1995-96,Auxerre,Cannes,5,1
1995-08-26,1995-96,Bastia,Gueugnon,1,2
1995-08-26,1995-96,Bordeaux,Monaco,2,4
1995-08-26,1995-96,Martigues,Montpellier,0,1
1995-08-26,1995-96,Metz,Strasbourg,3,2
1995-08-26,1995-96,Nice,Lens,1,1
1995-08-26,1995-96,Paris SG,Le Havre,2,0
1995-08-26,1995-96,Rennes,Lyon,1,0
1995-08-26,1995-96,St Etienne,Guingamp,4,0
1995-08-29,1995-96,Cannes,Paris SG,0,2
1995-08-29,1995-96,Gueugnon,Bordeaux,2,2
1995-08-29,1995-96,Le Havre,Auxerre,0,4
1995-08-29,1995-96,Lens,Rennes,1,0
1995-08-29,1995-96,Lyon,Metz,1,1
1995-08-29,1995-96,Monaco,Lille,2,1
1995-08-29,1995-96,Montpellier,Nice,0,1
1995-08-29,1995-96,Nantes,St Etienne,2,2
1995-08-29,1995-96,Strasbourg,Martigues,2,0
1995-08-30,1995-96,Guingamp,Bastia,1,0
1995-09-02,1995-96,Bordeaux,Nantes,3,0
1995-09-02,1995-96,Lyon,Strasbourg,1,1
1995-09-09,1995-96,Auxerre,Strasbourg,1,0
1995-09-09,1995-96,Bastia,Nantes,4,1
1995-09-09,1995-96,Bordeaux,Cannes,2,1
1995-09-09,1995-96,Guingamp,Montpellier,0,0
1995-09-09,1995-96,Lille,Lens,1,3
1995-09-09,1995-96,Martigues,Lyon,1,2
1995-09-09,1995-96,Nice,Le Havre,1,2
1995-09-09,1995-96,Paris SG,Monaco,2,1
1995-09-09,1995-96,St Etienne,Gueugnon,2,0
1995-09-10,1995-96,Metz,Rennes,0,0
1995-09-16,1995-96,Cannes,St Etienne,2,0
1995-09-16,1995-96,Gueugnon,Lille,3,1
1995-09-16,1995-96,Lyon,Auxerre,0,1
1995-09-16,1995-96,Monaco,Metz,0,1
1995-09-16,1995-96,Nantes,Guingamp,0,0
1995-09-16,1995-96,Rennes,Martigues,1,3
1995-09-16,1995-96,Strasbourg,Nice,1,1
1995-09-17,1995-96,Le Havre,Bordeaux,1,0
1995-09-17,1995-96,Lens,Bastia,3,1
1995-09-17,1995-96,Montpellier,Paris SG,1,0
1995-09-20,1995-96,St Etienne,Monaco,2,4
1995-09-21,1995-96,Auxerre,Rennes,2,1
1995-09-21,1995-96,Bastia,Cannes,2,1
1995-09-21,1995-96,Bordeaux,Montpellier,3,0
1995-09-21,1995-96,Guingamp,Gueugnon,0,0
1995-09-21,1995-96,Lille,Le Havre,2,0
1995-09-21,1995-96,Martigues,Metz,0,1
1995-09-21,1995-96,Nantes,Lens,1,1
1995-09-21,1995-96,Nice,Lyon,1,0
1995-09-21,1995-96,Paris SG,Strasbourg,2,0
1995-09-30,1995-96,Cannes,Nice,1,3
1995-09-30,1995-96,Gueugnon,Nantes,0,1
1995-09-30,1995-96,Le Havre,Martigues,1,0
1995-09-30,1995-96,Lyon,St Etienne,2,1
1995-09-30,1995-96,Metz,Auxerre,3,1
1995-09-30,1995-96,Monaco,Guingamp,1,0
1995-09-30,1995-96,Montpellier,Lille,0,0
1995-09-30,1995-96,Rennes,Bastia,2,0
1995-10-01,1995-96,Lens,Paris SG,3,1
1995-10-01,1995-96,Strasbourg,Bordeaux,3,0
1995-10-03,1995-96,Nantes,Monaco,2,2
1995-10-04,1995-96,Bastia,Le Havre,1,0
1995-10-04,1995-96,Bordeaux,Lyon,1,1
1995-10-04,1995-96,Gueugnon,Lens,0,1
1995-10-04,1995-96,Guingamp,Cannes,2,0
1995-10-04,1995-96,Lille,Strasbourg,2,0
1995-10-04,1995-96,Martigues,Auxerre,1,2
1995-10-04,1995-96,Nice,Metz,0,1
1995-10-04,1995-96,Paris SG,Rennes,1,1
1995-10-04,1995-96,St Etienne,Montpellier,0,2
1995-10-13,1995-96,Lens,Martigues,1,0
1995-10-14,1995-96,Auxerre,Nice,2,1
1995-10-14,1995-96,Cannes,Nantes,0,2
1995-10-14,1995-96,Lyon,Paris SG,0,0
1995-10-14,1995-96,Metz,Bordeaux,2,0
1995-10-14,1995-96,Monaco,Gueugnon,0,0
1995-10-14,1995-96,Montpellier,Bastia,4,3
1995-10-14,1995-96,Rennes,Lille,3,1
1995-10-14,1995-96,Strasbourg,Guingamp,0,0
1995-10-15,1995-96,Le Havre,St Etienne,2,2
1995-10-21,1995-96,Bastia,Strasbourg,1,1
1995-10-21,1995-96,Bordeaux,Rennes,0,0
1995-10-21,1995-96,Gueugnon,Cannes,1,1
1995-10-21,1995-96,Guingamp,Le Havre,2,2
1995-10-21,1995-96,Lille,Metz,0,0
1995-10-21,1995-96,Monaco,Montpellier,3,1
1995-10-21,1995-96,Nantes,Lyon,0,0
1995-10-21,1995-96,Nice,Martigues,1,0
1995-10-21,1995-96,St Etienne,Lens,1,1
1995-10-22,1995-96,Paris SG,Auxerre,3,1
1995-10-26,1995-96,Metz,Paris SG,0,3
1995-10-27,1995-96,Auxerre,Lille,1,2
1995-10-27,1995-96,Cannes,Monaco,1,1
1995-10-27,1995-96,Le Havre,Nantes,0,1
1995-10-27,1995-96,Lens,Guingamp,0,1
1995-10-27,1995-96,Lyon,Bastia,1,1
1995-10-27,1995-96,Martigues,Bordeaux,3,1
1995-10-27,1995-96,Montpellier,Gueugnon,2,2
1995-10-27,1995-96,Rennes,Nice,1,0
1995-10-27,1995-96,Strasbourg,St Etienne,3,1
1995-11-04,1995-96,Bastia,Metz,1,0
1995-11-04,1995-96,Bordeaux,Auxerre,0,1
1995-11-04,1995-96,Gueugnon,Le Havre,0,1
1995-11-04,1995-96,Guingamp,Lyon,1,0
1995-11-04,1995-96,Lille,Martigues,0,0
1995-11-04,1995-96,Monaco,Lens,1,1
1995-11-04,1995-96,Nantes,Montpellier,1,0
1995-11-04,1995-96,St Etienne,Rennes,0,0
1995-11-05,1995-96,Cannes,Strasbourg,0,3
1995-11-05,1995-96,Paris SG,Nice,3,2
1995-11-07,1995-96,Rennes,Guingamp,3,0
1995-11-08,1995-96,Auxerre,Bastia,3,0
1995-11-08,1995-96,Le Havre,Monaco,2,1
1995-11-08,1995-96,Lens,Bordeaux,0,0
1995-11-08,1995-96,Lyon,Gueugnon,0,0
1995-11-08,1995-96,Martigues,Paris SG,2,4
1995-11-08,1995-96,Metz,St Etienne,1,2
1995-11-08,1995-96,Montpellier,Cannes,3,1
1995-11-08,1995-96,Nice,Lille,2,1
1995-11-08,1995-96,Strasbourg,Nantes,1,1
1995-11-17,1995-96,Montpellier,Lens,0,0
1995-11-18,1995-96,Bastia,Martigues,2,0
1995-11-18,1995-96,Bordeaux,Nice,4,1
1995-11-18,1995-96,Cannes,Le Havre,0,0
1995-11-18,1995-96,Gueugnon,Strasbourg,0,1
1995-11-18,1995-96,Guingamp,Metz,0,0
1995-11-18,1995-96,Lille,Paris SG,0,0
1995-11-18,1995-96,Monaco,Lyon,0,2
1995-11-18,1995-96,Nantes,Rennes,2,2
1995-11-19,1995-96,St Etienne,Auxerre,0,5
1995-11-24,1995-96,Strasbourg,Monaco,2,0
1995-11-25,1995-96,Auxerre,Guingamp,1,2
1995-11-25,1995-96,Le Havre,Montpellier,2,2
1995-11-25,1995-96,Lens,Cannes,1,1
1995-11-25,1995-96,Lyon,Lille,1,1
1995-11-25,1995-96,Martigues,St Etienne,1,1
1995-11-25,1995-96,Metz,Nantes,0,0
1995-11-25,1995-96,Nice,Bastia,3,1
1995-11-25,1995-96,Paris SG,Bordeaux,3,0
1995-11-25,1995-96,Rennes,Gueugnon,2,1
1995-11-30,1995-96,Gueugnon,Auxerre,0,0
1995-12-01,1995-96,Bastia,Lille,4,0
1995-12-01,1995-96,Cannes,Rennes,3,0
1995-12-01,1995-96,Guingamp,Paris SG,0,0
1995-12-01,1995-96,Le Havre,Strasbourg,2,0
1995-12-01,1995-96,Lens,Metz,2,0
1995-12-01,1995-96,Monaco,Nice,1,0
1995-12-01,1995-96,Montpellier,Lyon,2,1
1995-12-01,1995-96,Nantes,Martigues,3,0
1995-12-01,1995-96,St Etienne,Bordeaux,2,0
1995-12-09,1995-96,Auxerre,Monaco,1,2
1995-12-09,1995-96,Bordeaux,Bastia,1,3
1995-12-09,1995-96,Lille,St Etienne,1,1
1995-12-09,1995-96,Lyon,Le Havre,3,2
1995-12-09,1995-96,Martigues,Gueugnon,3,0
1995-12-09,1995-96,Metz,Cannes,0,0
1995-12-09,1995-96,Nice,Guingamp,2,1
1995-12-09,1995-96,Paris SG,Nantes,5,0
1995-12-09,1995-96,Rennes,Montpellier,1,1
1995-12-09,1995-96,Strasbourg,Lens,1,2
1995-12-16,1995-96,Cannes,Martigues,2,1
1995-12-16,1995-96,Gueugnon,Nice,1,0
1995-12-16,1995-96,Guingamp,Lille,0,1
1995-12-16,1995-96,Le Havre,Rennes,0,0
1995-12-16,1995-96,Lens,Auxerre,0,0
1995-12-16,1995-96,Monaco,Bastia,0,0
1995-12-16,1995-96,Nantes,Bordeaux,2,0
1995-12-16,1995-96,St Etienne,Paris SG,1,1
1995-12-16,1995-96,Strasbourg,Lyon,2,2
1996-01-03,1995-96,Montpellier,Metz,1,2
1996-01-09,1995-96,Martigues,Monaco,0,4
1996-01-10,1995-96,Auxerre,Montpellier,1,0
1996-01-10,1995-96,Bastia,St Etienne,0,0
1996-01-10,1995-96,Bordeaux,Guingamp,2,0
1996-01-10,1995-96,Lille,Cannes,0,2
1996-01-10,1995-96,Lyon,Lens,0,0
1996-01-10,1995-96,Metz,Le Havre,2,1
1996-01-10,1995-96,Paris SG,Gueugnon,1,1
1996-01-10,1995-96,Rennes,Strasbourg,0,0
1996-01-13,1995-96,Nice,Nantes,1,0
1996-01-19,1995-96,Le Havre,Paris SG,1,1
1996-01-20,1995-96,Cannes,Auxerre,0,1
1996-01-20,1995-96,Gueugnon,Bastia,1,0
1996-01-20,1995-96,Guingamp,St Etienne,3,0
1996-01-20,1995-96,Lens,Nice,0,0
1996-01-20,1995-96,Lyon,Rennes,2,2
1996-01-20,1995-96,Monaco,Bordeaux,2,0
1996-01-20,1995-96,Montpellier,Martigues,2,0
1996-01-20,1995-96,Nantes,Lille,1,2
1996-01-20,1995-96,Strasbourg,Metz,1,2
1996-01-27,1995-96,Auxerre,Le Havre,1,0
1996-01-27,1995-96,Bastia,Guingamp,0,1
1996-01-27,1995-96,Bordeaux,Gueugnon,3,1
1996-01-27,1995-96,Lille,Monaco,0,0
1996-01-27,1995-96,Martigues,Strasbourg,2,0
1996-01-27,1995-96,Nice,Montpellier,1,2
1996-01-27,1995-96,Paris SG,Cannes,2,1
1996-01-27,1995-96,Rennes,Lens,2,1
1996-01-28,1995-96,St Etienne,Nantes,0,0
1996-02-06,1995-96,Lens,Lille,1,1
1996-02-07,1995-96,Cannes,Bordeaux,1,1
1996-02-07,1995-96,Le Havre,Nice,0,0
1996-02-07,1995-96,Lyon,Martigues,5,1
1996-02-07,1995-96,Monaco,Paris SG,1,0
1996-02-07,1995-96,Nantes,Bastia,3,1
1996-02-10,1995-96,Auxerre,Lyon,2,0
1996-02-10,1995-96,Bastia,Lens,3,2
1996-02-10,1995-96,Bordeaux,Le Havre,3,1
1996-02-10,1995-96,Guingamp,Nantes,3,1
1996-02-10,1995-96,Lille,Gueugnon,2,0
1996-02-10,1995-96,Martigues,Rennes,1,2
1996-02-10,1995-96,Nice,Strasbourg,2,2
1996-02-11,1995-96,Paris SG,Montpellier,2,3
1996-02-17,1995-96,Cannes,Bastia,1,0
1996-02-17,1995-96,Gueugnon,Guingamp,2,2
1996-02-17,1995-96,Le Havre,Lille,4,1
1996-02-17,1995-96,Lens,Nantes,2,1
1996-02-17,1995-96,Lyon,Nice,1,0
1996-02-17,1995-96,Metz,Martigues,2,0
1996-02-17,1995-96,Monaco,St Etienne,2,0
1996-02-17,1995-96,Montpellier,Bordeaux,3,0
1996-02-17,1995-96,Rennes,Auxerre,2,1
1996-02-17,1995-96,Strasbourg,Paris SG,1,0
1996-02-23,1995-96,Gueugnon,St Etienne,1,0
1996-02-26,1995-96,Nice,Cannes,1,2
1996-02-27,1995-96,Auxerre,Metz,0,0
1996-02-27,1995-96,Bordeaux,Strasbourg,1,1
1996-02-27,1995-96,Guingamp,Monaco,0,0
1996-02-27,1995-96,Lille,Montpellier,1,1
1996-02-27,1995-96,Martigues,Le Havre,0,1
1996-02-27,1995-96,Nantes,Gueugnon,1,0
1996-02-27,1995-96,Paris SG,Lens,1,0
1996-02-27,1995-96,St Etienne,Lyon,1,1
1996-03-01,1995-96,Lyon,Bordeaux,1,0
1996-03-01,1995-96,Monaco,Nantes,4,1
1996-03-02,1995-96,Auxerre,Martigues,4,0
1996-03-02,1995-96,Cannes,Guingamp,3,0
1996-03-02,1995-96,Le Havre,Bastia,1,0
1996-03-02,1995-96,Lens,Gueugnon,2,0
1996-03-02,1995-96,Metz,Nice,4,0
1996-03-02,1995-96,Montpellier,St Etienne,1,0
1996-03-02,1995-96,Rennes,Paris SG,0,1
1996-03-02,1995-96,Strasbourg,Lille,2,0
1996-03-05,1995-96,Metz,Lyon,0,1
1996-03-05,1995-96,Strasbourg,Auxerre,1,0
1996-03-09,1995-96,Bastia,Montpellier,1,0
1996-03-09,1995-96,Bordeaux,Metz,4,0
1996-03-09,1995-96,Gueugnon,Monaco,2,2
1996-03-09,1995-96,Guingamp,Strasbourg,3,0
1996-03-09,1995-96,Lille,Rennes,0,0
1996-03-09,1995-96,Martigues,Lens,0,1
1996-03-09,1995-96,Nantes,Cannes,2,0
1996-03-09,1995-96,Nice,Auxerre,1,3
1996-03-09,1995-96,St Etienne,Le Havre,1,1
1996-03-10,1995-96,Paris SG,Lyon,2,0
1996-03-16,1995-96,Rennes,Metz,0,0
1996-03-16,1995-96,St Etienne,Cannes,2,2
1996-03-23,1995-96,Cannes,Gueugnon,2,0
1996-03-23,1995-96,Le Havre,Guingamp,1,0
1996-03-23,1995-96,Lens,St Etienne,3,0
1996-03-23,1995-96,Lyon,Nantes,1,1
1996-03-23,1995-96,Martigues,Nice,0,0
1996-03-23,1995-96,Metz,Lille,2,0
1996-03-23,1995-96,Montpellier,Monaco,0,0
1996-03-23,1995-96,Rennes,Bordeaux,4,3
1996-03-23,1995-96,Strasbourg,Bastia,4,3
1996-03-24,1995-96,Auxerre,Paris SG,3,0
1996-03-30,1995-96,Bastia,Lyon,0,0
1996-03-30,1995-96,Gueugnon,Montpellier,0,2
1996-03-30,1995-96,Lille,Auxerre,0,4
1996-03-30,1995-96,Monaco,Cannes,1,0
1996-03-30,1995-96,Nice,Rennes,0,0
1996-03-30,1995-96,Paris SG,Metz,2,3
1996-03-30,1995-96,St Etienne,Strasbourg,2,0
1996-03-31,1995-96,Guingamp,Lens,1,0
1996-04-05,1995-96,Bastia,Rennes,0,0
1996-04-05,1995-96,Montpellier,Guingamp,2,1
1996-04-08,1995-96,Lens,Monaco,2,1
1996-04-09,1995-96,Auxerre,Bordeaux,2,0
1996-04-09,1995-96,Le Havre,Gueugnon,0,2
1996-04-09,1995-96,Martigues,Lille,1,0
1996-04-09,1995-96,Montpellier,Nantes,1,0
1996-04-09,1995-96,Nice,Paris SG,1,2
1996-04-09,1995-96,Rennes,St Etienne,3,0
1996-04-09,1995-96,Strasbourg,Cannes,1,0
1996-04-10,1995-96,Lyon,Guingamp,1,1
1996-04-10,1995-96,Metz,Bastia,2,0
1996-04-14,1995-96,Metz,Monaco,0,3
1996-04-20,1995-96,Bastia,Auxerre,1,1
1996-04-20,1995-96,Bordeaux,Lens,0,0
1996-04-20,1995-96,Cannes,Montpellier,2,1
1996-04-20,1995-96,Gueugnon,Lyon,0,0
1996-04-20,1995-96,Guingamp,Rennes,0,0
1996-04-20,1995-96,Lille,Nice,1,0
1996-04-20,1995-96,Monaco,Le Havre,2,1
1996-04-20,1995-96,Nantes,Strasbourg,2,0
1996-04-20,1995-96,St Etienne,Metz,1,1
1996-04-23,1995-96,Paris SG,Martigues,0,0
1996-04-26,1995-96,Auxerre,St Etienne,2,0
1996-04-26,1995-96,Nice,Bordeaux,1,0
1996-04-27,1995-96,Le Havre,Cannes,0,0
1996-04-27,1995-96,Lens,Montpellier,2,1
1996-04-27,1995-96,Lyon,Monaco,3,3
1996-04-27,1995-96,Martigues,Bastia,3,1
1996-04-27,1995-96,Metz,Guingamp,3,0
1996-04-27,1995-96,Paris SG,Lille,0,1
1996-04-27,1995-96,Rennes,Nantes,2,2
1996-04-27,1995-96,Strasbourg,Gueugnon,0,0
1996-05-02,1995-96,Nantes,Le Havre,1,1
1996-05-05,1995-96,Bordeaux,Martigues,1,1
1996-05-11,1995-96,Bastia,Nice,1,2
1996-05-11,1995-96,Bordeaux,Paris SG,2,2
1996-05-11,1995-96,Cannes,Lens,5,2
1996-05-11,1995-96,Gueugnon,Rennes,1,0
1996-05-11,1995-96,Guingamp,Auxerre,1,1
1996-05-11,1995-96,Lille,Lyon,2,1
1996-05-11,1995-96,Monaco,Strasbourg,5,1
1996-05-11,1995-96,Montpellier,Le Havre,2,0
1996-05-11,1995-96,Nantes,Metz,1,0
1996-05-11,1995-96,St Etienne,Martigues,2,2
1996-05-18,1995-96,Auxerre,Nantes,2,1
1996-05-18,1995-96,Le Havre,Lens,1,1
1996-05-18,1995-96,Lille,Bordeaux,0,2
1996-05-18,1995-96,Lyon,Cannes,1,0
1996-05-18,1995-96,Martigues,Guingamp,2,1
1996-05-18,1995-96,Metz,Gueugnon,1,2
1996-05-18,1995-96,Nice,St Etienne,2,0
1996-05-18,1995-96,Paris SG,Bastia,5,1
1996-05-18,1995-96,Rennes,Monaco,2,3
1996-05-18,1995-96,Strasbourg,Montpellier,1,0
1996-08-11,1996-97,Bastia,Rennes,2,0
1996-08-11,1996-97,Bordeaux,Le Havre,1,0
1996-08-11,1996-97,Caen,Lens,0,2
1996-08-11,1996-97,Guingamp,Montpellier,0,0
1996-08-11,1996-97,Lille,Metz,1,0
1996-08-11,1996-97,Marseille,Lyon,3,1
1996-08-11,1996-97,Nancy,Cannes,1,2
1996-08-11,1996-97,Nantes,Monaco,1,3
1996-08-11,1996-97,Nice,Auxerre,0,1
1996-08-11,1996-97,Strasbourg,Paris SG,0,1
1996-08-17,1996-97,Auxerre,Lille,2,0
1996-08-17,1996-97,Bastia,Guingamp,1,0
1996-08-17,1996-97,Cannes,Nantes,1,1
1996-08-17,1996-97,Le Havre,Marseille,1,1
1996-08-17,1996-97,Lens,Nancy,3,1
1996-08-17,1996-97,Lyon,Strasbourg,2,0
1996-08-17,1996-97,Metz,Bordeaux,1,1
1996-08-17,1996-97,Monaco,Montpellier,1,1
1996-08-17,1996-97,Paris SG,Caen,2,0
1996-08-17,1996-97,Rennes,Nice,3,1
1996-08-23,1996-97,Nancy,Paris SG,0,0
1996-08-24,1996-97,Bordeaux,Auxerre,0,0
1996-08-24,1996-97,Caen,Lyon,1,1
1996-08-24,1996-97,Guingamp,Monaco,2,1
1996-08-24,1996-97,Lille,Rennes,3,1
1996-08-24,1996-97,Marseille,Metz,1,2
1996-08-24,1996-97,Montpellier,Cannes,0,1
1996-08-24,1996-97,Nantes,Lens,0,1
1996-08-24,1996-97,Nice,Bastia,1,1
1996-08-24,1996-97,Strasbourg,Le Havre,1,0
1996-08-27,1996-97,Auxerre,Marseille,0,0
1996-08-28,1996-97,Bastia,Lille,0,0
1996-08-28,1996-97,Cannes,Monaco,0,2
1996-08-28,1996-97,Le Havre,Caen,1,1
1996-08-28,1996-97,Lens,Montpellier,3,2
1996-08-28,1996-97,Lyon,Nancy,2,0
1996-08-28,1996-97,Metz,Strasbourg,3,1
1996-08-28,1996-97,Nice,Guingamp,1,2
1996-08-28,1996-97,Paris SG,Nantes,1,0
1996-08-28,1996-97,Rennes,Bordeaux,1,1
1996-09-02,1996-97,Nantes,Lyon,2,2
1996-09-03,1996-97,Bordeaux,Bastia,3,1
1996-09-03,1996-97,Caen,Metz,0,0
1996-09-03,1996-97,Guingamp,Cannes,0,1
1996-09-03,1996-97,Lille,Nice,3,2
1996-09-03,1996-97,Marseille,Rennes,3,1
1996-09-03,1996-97,Monaco,Lens,5,1
1996-09-03,1996-97,Montpellier,Paris SG,0,3
1996-09-03,1996-97,Nancy,Le Havre,0,1
1996-09-03,1996-97,Strasbourg,Auxerre,2,1
1996-09-06,1996-97,Auxerre,Caen,2,0
1996-09-06,1996-97,Le Havre,Nantes,3,1
1996-09-06,1996-97,Lens,Cannes,0,0
1996-09-06,1996-97,Lille,Guingamp,1,1
1996-09-06,1996-97,Lyon,Montpellier,1,1
1996-09-06,1996-97,Metz,Nancy,1,0
1996-09-06,1996-97,Paris SG,Monaco,0,0
1996-09-06,1996-97,Rennes,Strasbourg,2,0
1996-09-08,1996-97,Bastia,Marseille,2,0
1996-09-09,1996-97,Nice,Bordeaux,0,1
1996-09-14,1996-97,Bordeaux,Lille,3,0
1996-09-14,1996-97,Caen,Rennes,0,0
1996-09-14,1996-97,Guingamp,Lens,1,0
1996-09-14,1996-97,Marseille,Nice,1,0
1996-09-14,1996-97,Monaco,Lyon,0,0
1996-09-14,1996-97,Montpellier,Le Havre,2,1
1996-09-14,1996-97,Nancy,Auxerre,0,0
1996-09-14,1996-97,Nantes,Metz,0,1
1996-09-14,1996-97,Strasbourg,Bastia,1,3
1996-09-15,1996-97,Cannes,Paris SG,0,1
1996-09-19,1996-97,Auxerre,Nantes,2,2
1996-09-20,1996-97,Bastia,Caen,4,2
1996-09-20,1996-97,Bordeaux,Guingamp,0,0
1996-09-20,1996-97,Le Havre,Monaco,1,2
1996-09-20,1996-97,Lille,Marseille,1,1
1996-09-20,1996-97,Lyon,Cannes,3,1
1996-09-20,1996-97,Metz,Montpellier,1,1
1996-09-20,1996-97,Nice,Strasbourg,1,1
1996-09-20,1996-97,Paris SG,Lens,4,0
1996-09-20,1996-97,Rennes,Nancy,1,0
1996-09-28,1996-97,Caen,Nice,1,2
1996-09-28,1996-97,Cannes,Le Havre,2,0
1996-09-28,1996-97,Lens,Lyon,0,1
1996-09-28,1996-97,Marseille,Bordeaux,0,0
1996-09-28,1996-97,Monaco,Metz,1,1
1996-09-28,1996-97,Montpellier,Auxerre,0,0
1996-09-28,1996-97,Nancy,Bastia,2,2
1996-09-28,1996-97,Nantes,Rennes,3,3
1996-09-28,1996-97,Strasbourg,Lille,3,0
1996-09-29,1996-97,Guingamp,Paris SG,2,2
1996-10-01,1996-97,Le Havre,Lens,0,0
1996-10-02,1996-97,Auxerre,Monaco,2,0
1996-10-02,1996-97,Bastia,Nantes,0,0
1996-10-02,1996-97,Bordeaux,Strasbourg,1,2
1996-10-02,1996-97,Lille,Caen,1,0
1996-10-02,1996-97,Lyon,Paris SG,1,1
1996-10-02,1996-97,Marseille,Guingamp,2,1
1996-10-02,1996-97,Metz,Cannes,0,0
1996-10-02,1996-97,Nice,Nancy,1,0
1996-10-02,1996-97,Rennes,Montpellier,2,0
1996-10-05,1996-97,Caen,Bordeaux,0,0
1996-10-05,1996-97,Cannes,Auxerre,1,1
1996-10-05,1996-97,Guingamp,Lyon,1,0
1996-10-05,1996-97,Lens,Metz,2,2
1996-10-05,1996-97,Monaco,Rennes,3,1
1996-10-05,1996-97,Montpellier,Bastia,3,1
1996-10-05,1996-97,Nancy,Lille,2,2
1996-10-05,1996-97,Nantes,Nice,7,0
1996-10-05,1996-97,Paris SG,Le Havre,2,0
1996-10-05,1996-97,Strasbourg,Marseille,2,1
1996-10-12,1996-97,Auxerre,Lens,1,0
1996-10-12,1996-97,Bastia,Monaco,0,0
1996-10-12,1996-97,Bordeaux,Nancy,0,1
1996-10-12,1996-97,Le Havre,Lyon,4,1
1996-10-12,1996-97,Lille,Nantes,3,3
1996-10-12,1996-97,Marseille,Caen,0,1
1996-10-12,1996-97,Metz,Paris SG,0,1
1996-10-12,1996-97,Nice,Montpellier,1,1
1996-10-12,1996-97,Strasbourg,Guingamp,2,1
1996-10-13,1996-97,Rennes,Cannes,3,0
1996-10-19,1996-97,Caen,Strasbourg,3,0
1996-10-19,1996-97,Cannes,Bastia,1,1
1996-10-19,1996-97,Guingamp,Le Havre,2,2
1996-10-19,1996-97,Lens,Rennes,2,0
1996-10-19,1996-97,Lyon,Metz,0,0
1996-10-19,1996-97,Monaco,Nice,4,1
1996-10-19,1996-97,Montpellier,Lille,0,1
1996-10-19,1996-97,Nancy,Marseille,0,0
1996-10-19,1996-97,Nantes,Bordeaux,3,1
1996-10-19,1996-97,Paris SG,Auxerre,1,1
1996-10-25,1996-97,Bordeaux,Montpellier,3,1
1996-10-26,1996-97,Auxerre,Lyon,7,0
1996-10-26,1996-97,Bastia,Lens,0,1
1996-10-26,1996-97,Caen,Guingamp,0,1
1996-10-26,1996-97,Lille,Monaco,1,4
1996-10-26,1996-97,Marseille,Nantes,0,1
1996-10-26,1996-97,Metz,Le Havre,1,2
1996-10-26,1996-97,Nice,Cannes,0,0
1996-10-26,1996-97,Rennes,Paris SG,2,1
1996-10-26,1996-97,Strasbourg,Nancy,3,1
1996-11-02,1996-97,Cannes,Lille,0,1
1996-11-02,1996-97,Guingamp,Metz,0,1
1996-11-02,1996-97,Le Havre,Auxerre,0,2
1996-11-02,1996-97,Lens,Nice,3,2
1996-11-02,1996-97,Lyon,Rennes,2,0
1996-11-02,1996-97,Monaco,Bordeaux,3,1
1996-11-02,1996-97,Montpellier,Marseille,2,0
1996-11-02,1996-97,Nancy,Caen,1,2
1996-11-02,1996-97,Nantes,Strasbourg,3,0
1996-11-03,1996-97,Paris SG,Bastia,3,0
1996-11-05,1996-97,Marseille,Monaco,3,1
1996-11-06,1996-97,Auxerre,Metz,2,3
1996-11-06,1996-97,Bastia,Lyon,3,1
1996-11-06,1996-97,Bordeaux,Cannes,1,0
1996-11-06,1996-97,Caen,Nantes,0,0
1996-11-06,1996-97,Lille,Lens,2,1
1996-11-06,1996-97,Nancy,Guingamp,2,0
1996-11-06,1996-97,Nice,Paris SG,0,1
1996-11-06,1996-97,Rennes,Le Havre,1,1
1996-11-06,1996-97,Strasbourg,Montpellier,2,1
1996-11-12,1996-97,Nantes,Nancy,2,0
1996-11-13,1996-97,Cannes,Marseille,0,0
1996-11-13,1996-97,Guingamp,Auxerre,0,0
1996-11-13,1996-97,Le Havre,Bastia,0,1
1996-11-13,1996-97,Lens,Bordeaux,3,4
1996-11-13,1996-97,Lyon,Nice,3,1
1996-11-13,1996-97,Metz,Rennes,2,0
1996-11-13,1996-97,Monaco,Strasbourg,2,0
1996-11-13,1996-97,Montpellier,Caen,0,0
1996-11-13,1996-97,Paris SG,Lille,3,1
1996-11-16,1996-97,Bastia,Metz,2,1
1996-11-16,1996-97,Bordeaux,Paris SG,5,3
1996-11-16,1996-97,Caen,Monaco,0,1
1996-11-16,1996-97,Marseille,Lens,2,1
1996-11-16,1996-97,Nancy,Montpellier,0,0
1996-11-16,1996-97,Nantes,Guingamp,1,1
1996-11-16,1996-97,Nice,Le Havre,0,3
1996-11-16,1996-97,Rennes,Auxerre,1,0
1996-11-16,1996-97,Strasbourg,Cannes,2,0
1996-11-17,1996-97,Lille,Lyon,1,1
1996-11-22,1996-97,Paris SG,Marseille,0,0
1996-11-23,1996-97,Auxerre,Bastia,1,2
1996-11-23,1996-97,Cannes,Caen,2,0
1996-11-23,1996-97,Guingamp,Rennes,1,0
1996-11-23,1996-97,Le Havre,Lille,0,0
1996-11-23,1996-97,Lens,Strasbourg,1,2
1996-11-23,1996-97,Lyon,Bordeaux,2,2
1996-11-23,1996-97,Metz,Nice,1,0
1996-11-23,1996-97,Monaco,Nancy,2,0
1996-11-23,1996-97,Montpellier,Nantes,2,2
1996-11-28,1996-97,Bordeaux,Metz,1,0
1996-11-28,1996-97,Montpellier,Monaco,0,1
1996-11-29,1996-97,Caen,Paris SG,1,3
1996-11-29,1996-97,Guingamp,Bastia,2,1
1996-11-29,1996-97,Lille,Auxerre,0,1
1996-11-29,1996-97,Marseille,Le Havre,0,0
1996-11-29,1996-97,Nancy,Lens,1,1
1996-11-29,1996-97,Nantes,Cannes,5,1
1996-11-29,1996-97,Nice,Rennes,3,1
1996-11-29,1996-97,Strasbourg,Lyon,3,0
1996-12-06,1996-97,Lens,Nantes,0,4
1996-12-06,1996-97,Paris SG,Nancy,1,2
1996-12-07,1996-97,Auxerre,Bordeaux,2,1
1996-12-07,1996-97,Bastia,Nice,1,0
1996-12-07,1996-97,Cannes,Montpellier,1,0
1996-12-07,1996-97,Le Havre,Strasbourg,2,0
1996-12-07,1996-97,Lyon,Caen,3,0
1996-12-07,1996-97,Metz,Marseille,1,1
1996-12-07,1996-97,Monaco,Guingamp,0,0
1996-12-07,1996-97,Rennes,Lille,2,0
1996-12-14,1996-97,Bordeaux,Rennes,2,0
1996-12-14,1996-97,Caen,Le Havre,4,0
1996-12-14,1996-97,Guingamp,Nice,0,1
1996-12-14,1996-97,Lille,Bastia,1,2
1996-12-14,1996-97,Monaco,Cannes,1,0
1996-12-14,1996-97,Montpellier,Lens,1,0
1996-12-14,1996-97,Nancy,Lyon,2,3
1996-12-14,1996-97,Nantes,Paris SG,0,0
1996-12-14,1996-97,Strasbourg,Metz,0,1
1996-12-15,1996-97,Marseille,Auxerre,3,0
1996-12-19,1996-97,Bastia,Bordeaux,3,1
1996-12-20,1996-97,Auxerre,Strasbourg,0,1
1996-12-20,1996-97,Cannes,Guingamp,1,0
1996-12-20,1996-97,Le Havre,Nancy,1,3
1996-12-20,1996-97,Lens,Monaco,1,3
1996-12-20,1996-97,Lyon,Nantes,0,1
1996-12-20,1996-97,Metz,Caen,2,2
1996-12-20,1996-97,Nice,Lille,1,1
1996-12-20,1996-97,Paris SG,Montpellier,1,1
1996-12-20,1996-97,Rennes,Marseille,4,2
1997-01-25,1996-97,Bordeaux,Nice,4,1
1997-01-25,1996-97,Cannes,Lens,0,0
1997-01-25,1996-97,Guingamp,Lille,1,0
1997-01-25,1996-97,Marseille,Bastia,1,0
1997-01-25,1996-97,Montpellier,Lyon,2,1
1997-01-25,1996-97,Nancy,Metz,2,3
1997-01-25,1996-97,Nantes,Le Havre,1,1
1997-01-25,1996-97,Strasbourg,Rennes,3,0
1997-01-26,1996-97,Caen,Auxerre,2,3
1997-01-26,1996-97,Monaco,Paris SG,2,0
1997-02-01,1996-97,Auxerre,Nancy,1,0
1997-02-01,1996-97,Le Havre,Montpellier,0,0
1997-02-01,1996-97,Lens,Guingamp,2,1
1997-02-01,1996-97,Lille,Bordeaux,0,0
1997-02-01,1996-97,Metz,Nantes,0,1
1997-02-01,1996-97,Nice,Marseille,0,0
1997-02-01,1996-97,Paris SG,Cannes,1,1
1997-02-01,1996-97,Rennes,Caen,1,1
1997-02-02,1996-97,Bastia,Strasbourg,3,1
1997-02-02,1996-97,Lyon,Monaco,3,3
1997-02-13,1996-97,Lens,Paris SG,1,2
1997-02-13,1996-97,Nantes,Auxerre,0,0
1997-02-14,1996-97,Cannes,Lyon,0,1
1997-02-14,1996-97,Guingamp,Bordeaux,2,2
1997-02-14,1996-97,Marseille,Lille,5,1
1997-02-14,1996-97,Monaco,Le Havre,3,0
1997-02-14,1996-97,Montpellier,Metz,1,0
1997-02-14,1996-97,Nancy,Rennes,1,0
1997-02-14,1996-97,Strasbourg,Nice,3,1
1997-02-21,1996-97,Lyon,Lens,0,0
1997-02-21,1996-97,Rennes,Nantes,0,1
1997-02-22,1996-97,Auxerre,Montpellier,0,2
1997-02-22,1996-97,Bastia,Nancy,2,0
1997-02-22,1996-97,Bordeaux,Marseille,4,0
1997-02-22,1996-97,Le Havre,Cannes,0,0
1997-02-22,1996-97,Lille,Strasbourg,2,4
1997-02-22,1996-97,Metz,Monaco,2,0
1997-02-22,1996-97,Nice,Caen,1,1
1997-02-22,1996-97,Paris SG,Guingamp,1,1
1997-03-08,1996-97,Caen,Lille,1,0
1997-03-08,1996-97,Cannes,Metz,0,0
1997-03-08,1996-97,Guingamp,Marseille,3,1
1997-03-08,1996-97,Lens,Le Havre,0,1
1997-03-08,1996-97,Montpellier,Rennes,0,0
1997-03-08,1996-97,Nancy,Nice,1,0
1997-03-08,1996-97,Nantes,Bastia,3,0
1997-03-08,1996-97,Strasbourg,Bordeaux,1,1
1997-03-09,1996-97,Monaco,Auxerre,0,0
1997-03-09,1996-97,Paris SG,Lyon,3,1
1997-03-14,1996-97,Auxerre,Cannes,3,1
1997-03-14,1996-97,Bastia,Montpellier,2,2
1997-03-14,1996-97,Le Havre,Paris SG,1,0
1997-03-14,1996-97,Lille,Nancy,2,0
1997-03-14,1996-97,Marseille,Strasbourg,0,1
1997-03-14,1996-97,Nice,Nantes,1,2
1997-03-14,1996-97,Rennes,Monaco,0,3
1997-03-15,1996-97,Bordeaux,Caen,3,1
1997-03-15,1996-97,Lyon,Guingamp,2,1
1997-03-15,1996-97,Metz,Lens,2,0
1997-03-22,1996-97,Cannes,Rennes,1,0
1997-03-22,1996-97,Guingamp,Strasbourg,2,1
1997-03-22,1996-97,Lens,Auxerre,2,1
1997-03-22,1996-97,Lyon,Le Havre,2,1
1997-03-22,1996-97,Monaco,Bastia,3,1
1997-03-22,1996-97,Montpellier,Nice,2,1
1997-03-22,1996-97,Nancy,Bordeaux,1,1
1997-03-22,1996-97,Nantes,Lille,1,0
1997-03-23,1996-97,Caen,Marseille,1,0
1997-03-23,1996-97,Paris SG,Metz,2,0
1997-03-25,1996-97,Bordeaux,Nantes,0,0
1997-03-25,1996-97,Lille,Montpellier,0,4
1997-03-26,1996-97,Auxerre,Paris SG,2,1
1997-03-26,1996-97,Bastia,Cannes,1,0
1997-03-26,1996-97,Le Havre,Guingamp,0,1
1997-03-26,1996-97,Marseille,Nancy,4,1
1997-03-26,1996-97,Metz,Lyon,0,1
1997-03-26,1996-97,Nice,Monaco,0,2
1997-03-26,1996-97,Rennes,Lens,2,2
1997-03-26,1996-97,Strasbourg,Caen,2,0
1997-04-04,1996-97,Monaco,Lille,2,0
1997-04-05,1996-97,Cannes,Nice,1,1
1997-04-05,1996-97,Le Havre,Metz,0,0
1997-04-05,1996-97,Lyon,Auxerre,2,0
1997-04-05,1996-97,Montpellier,Bordeaux,2,0
1997-04-05,1996-97,Nancy,Strasbourg,2,0
1997-04-05,1996-97,Nantes,Marseille,1,1
1997-04-05,1996-97,Paris SG,Rennes,1,1
1997-04-06,1996-97,Guingamp,Caen,1,1
1997-04-06,1996-97,Lens,Bastia,1,1
1997-04-11,1996-97,Caen,Bastia,2,2
1997-04-15,1996-97,Bastia,Paris SG,1,1
1997-04-16,1996-97,Auxerre,Le Havre,2,0
1997-04-16,1996-97,Bordeaux,Monaco,2,1
1997-04-16,1996-97,Caen,Nancy,1,1
1997-04-16,1996-97,Marseille,Montpellier,2,2
1997-04-16,1996-97,Metz,Guingamp,2,0
1997-04-16,1996-97,Nice,Lens,1,2
1997-04-16,1996-97,Rennes,Lyon,2,1
1997-04-16,1996-97,Strasbourg,Nantes,0,1
1997-04-17,1996-97,Lille,Cannes,1,2
1997-04-26,1996-97,Cannes,Bordeaux,1,1
1997-04-26,1996-97,Guingamp,Nancy,0,1
1997-04-26,1996-97,Le Havre,Rennes,1,1
1997-04-26,1996-97,Lens,Lille,1,0
1997-04-26,1996-97,Lyon,Bastia,4,2
1997-04-26,1996-97,Metz,Auxerre,1,0
1997-04-26,1996-97,Monaco,Marseille,1,1
1997-04-26,1996-97,Montpellier,Strasbourg,1,4
1997-04-26,1996-97,Nantes,Caen,1,1
1997-04-27,1996-97,Paris SG,Nice,5,0
1997-04-29,1996-97,Caen,Montpellier,0,1
1997-04-29,1996-97,Strasbourg,Monaco,0,2
1997-04-30,1996-97,Auxerre,Guingamp,1,0
1997-04-30,1996-97,Bastia,Le Havre,1,2
1997-04-30,1996-97,Bordeaux,Lens,2,1
1997-04-30,1996-97,Lille,Paris SG,0,1
1997-04-30,1996-97,Marseille,Cannes,3,1
1997-04-30,1996-97,Nancy,Nantes,1,3
1997-04-30,1996-97,Nice,Lyon,0,1
1997-04-30,1996-97,Rennes,Metz,1,3
1997-05-03,1996-97,Auxerre,Rennes,4,1
1997-05-03,1996-97,Guingamp,Nantes,0,0
1997-05-03,1996-97,Le Havre,Nice,1,0
1997-05-03,1996-97,Lens,Marseille,2,0
1997-05-03,1996-97,Lyon,Lille,0,0
1997-05-03,1996-97,Metz,Bastia,1,0
1997-05-03,1996-97,Montpellier,Nancy,1,1
1997-05-03,1996-97,Paris SG,Bordeaux,2,2
1997-05-04,1996-97,Cannes,Strasbourg,2,2
1997-05-04,1996-97,Monaco,Caen,2,2
1997-05-17,1996-97,Bastia,Auxerre,2,1
1997-05-17,1996-97,Bordeaux,Lyon,2,2
1997-05-17,1996-97,Caen,Cannes,3,0
1997-05-17,1996-97,Lille,Le Havre,2,2
1997-05-17,1996-97,Marseille,Paris SG,1,0
1997-05-17,1996-97,Nancy,Monaco,1,3
1997-05-17,1996-97,Nantes,Montpellier,3,0
1997-05-17,1996-97,Nice,Metz,3,0
1997-05-17,1996-97,Rennes,Guingamp,1,1
1997-05-17,1996-97,Strasbourg,Lens,1,0
1997-05-24,1996-97,Auxerre,Nice,3,1
1997-05-24,1996-97,Cannes,Nancy,0,1
1997-05-24,1996-97,Le Havre,Bordeaux,1,2
1997-05-24,1996-97,Lens,Caen,0,0
1997-05-24,1996-97,Lyon,Marseille,8,0
1997-05-24,1996-97,Metz,Lille,1,0
1997-05-24,1996-97,Monaco,Nantes,2,1
1997-05-24,1996-97,Montpellier,Guingamp,1,0
1997-05-24,1996-97,Paris SG,Strasbourg,2,1
1997-05-24,1996-97,Rennes,Bastia,1,3
1997-08-01,1997-98,Bordeaux,Monaco,1,0
1997-08-01,1997-98,Toulouse,Rennes,1,0
1997-08-02,1997-98,Guingamp,Cannes,3,1
1997-08-02,1997-98,Lens,Auxerre,3,0
1997-08-02,1997-98,Lyon,Metz,0,1
1997-08-02,1997-98,Marseille,Le Havre,3,1
1997-08-02,1997-98,Montpellier,Strasbourg,1,1
1997-08-02,1997-98,Nantes,Bastia,0,1
1997-08-02,1997-98,Paris SG,Chateauroux,2,0
1997-08-08,1997-98,Auxerre,Paris SG,2,3
1997-08-08,1997-98,Rennes,Lyon,0,3
1997-08-09,1997-98,Bastia,Guingamp,1,0
1997-08-09,1997-98,Cannes,Toulouse,0,1
1997-08-09,1997-98,Le Havre,Montpellier,4,0
1997-08-09,1997-98,Marseille,Nantes,1,0
1997-08-09,1997-98,Metz,Bordeaux,4,1
1997-08-09,1997-98,Monaco,Chateauroux,2,2
1997-08-09,1997-98,Strasbourg,Lens,2,1
1997-08-15,1997-98,Chateauroux,Metz,1,2
1997-08-15,1997-98,Lens,Le Havre,0,0
1997-08-16,1997-98,Bordeaux,Rennes,2,2
1997-08-16,1997-98,Guingamp,Strasbourg,0,0
1997-08-16,1997-98,Lyon,Monaco,0,3
1997-08-16,1997-98,Montpellier,Marseille,0,0
1997-08-16,1997-98,Nantes,Auxerre,0,2
1997-08-16,1997-98,Paris SG,Cannes,3,1
1997-08-16,1997-98,Toulouse,Bastia,1,1
1997-08-21,1997-98,Cannes,Bordeaux,0,2
1997-08-21,1997-98,Strasbourg,Nantes,1,2
1997-08-22,1997-98,Auxerre,Guingamp,1,0
1997-08-22,1997-98,Bastia,Chateauroux,1,1
1997-08-22,1997-98,Le Havre,Lyon,1,3
1997-08-22,1997-98,Marseille,Lens,2,3
1997-08-22,1997-98,Metz,Paris SG,2,1
1997-08-22,1997-98,Montpellier,Toulouse,4,0
1997-08-22,1997-98,Rennes,Monaco,2,1
1997-08-29,1997-98,Guingamp,Marseille,1,1
1997-08-29,1997-98,Monaco,Metz,1,2
1997-08-30,1997-98,Bordeaux,Auxerre,3,2
1997-08-30,1997-98,Chateauroux,Cannes,1,2
1997-08-30,1997-98,Lens,Montpellier,0,0
1997-08-30,1997-98,Lyon,Bastia,0,2
1997-08-30,1997-98,Nantes,Le Havre,2,0
1997-08-30,1997-98,Paris SG,Rennes,4,1
1997-08-30,1997-98,Toulouse,Strasbourg,1,1
1997-09-04,1997-98,Le Havre,Toulouse,1,1
1997-09-04,1997-98,Marseille,Lyon,1,0
1997-09-05,1997-98,Auxerre,Chateauroux,5,0
1997-09-05,1997-98,Bastia,Bordeaux,4,1
1997-09-05,1997-98,Cannes,Monaco,1,2
1997-09-05,1997-98,Lens,Nantes,0,0
1997-09-05,1997-98,Montpellier,Guingamp,2,3
1997-09-05,1997-98,Rennes,Metz,2,2
1997-09-05,1997-98,Strasbourg,Paris SG,0,3
1997-09-11,1997-98,Chateauroux,Rennes,1,0
1997-09-11,1997-98,Guingamp,Lens,2,1
1997-09-12,1997-98,Bordeaux,Le Havre,2,1
1997-09-12,1997-98,Lyon,Strasbourg,3,1
1997-09-12,1997-98,Metz,Cannes,2,0
1997-09-12,1997-98,Monaco,Marseille,2,0
1997-09-12,1997-98,Nantes,Montpellier,1,1
1997-09-12,1997-98,Paris SG,Bastia,2,0
1997-09-12,1997-98,Toulouse,Auxerre,2,1
1997-09-20,1997-98,Auxerre,Lyon,1,2
1997-09-20,1997-98,Cannes,Rennes,1,1
1997-09-20,1997-98,Guingamp,Nantes,1,0
1997-09-20,1997-98,Le Havre,Paris SG,1,1
1997-09-20,1997-98,Lens,Toulouse,2,0
1997-09-20,1997-98,Marseille,Chateauroux,2,0
1997-09-20,1997-98,Strasbourg,Bordeaux,0,0
1997-09-21,1997-98,Bastia,Metz,0,0
1997-09-21,1997-98,Montpellier,Monaco,0,2
1997-09-25,1997-98,Bordeaux,Marseille,2,0
1997-09-25,1997-98,Lyon,Lens,1,3
1997-09-26,1997-98,Chateauroux,Le Havre,2,1
1997-09-26,1997-98,Metz,Auxerre,3,0
1997-09-26,1997-98,Monaco,Strasbourg,3,2
1997-09-26,1997-98,Nantes,Cannes,1,2
1997-09-26,1997-98,Paris SG,Montpellier,1,1
1997-09-26,1997-98,Rennes,Bastia,2,0
1997-09-26,1997-98,Toulouse,Guingamp,3,0
1997-10-04,1997-98,Auxerre,Rennes,4,0
1997-10-04,1997-98,Bastia,Cannes,5,1
1997-10-04,1997-98,Guingamp,Lyon,0,1
1997-10-04,1997-98,Le Havre,Monaco,1,1
1997-10-04,1997-98,Lens,Chateauroux,1,0
1997-10-04,1997-98,Marseille,Toulouse,2,0
1997-10-04,1997-98,Montpellier,Bordeaux,0,1
1997-10-05,1997-98,Nantes,Paris SG,0,0
1997-10-05,1997-98,Strasbourg,Metz,2,0
1997-10-07,1997-98,Cannes,Auxerre,2,3
1997-10-07,1997-98,Monaco,Bastia,1,0
1997-10-08,1997-98,Bordeaux,Lens,3,0
1997-10-08,1997-98,Chateauroux,Strasbourg,2,0
1997-10-08,1997-98,Lyon,Montpellier,1,2
1997-10-08,1997-98,Metz,Le Havre,2,0
1997-10-08,1997-98,Paris SG,Guingamp,4,2
1997-10-08,1997-98,Rennes,Marseille,0,2
1997-10-08,1997-98,Toulouse,Nantes,1,0
1997-10-16,1997-98,Guingamp,Bordeaux,0,1
1997-10-16,1997-98,Marseille,Metz,2,0
1997-10-17,1997-98,Auxerre,Bastia,2,0
1997-10-17,1997-98,Le Havre,Rennes,1,1
1997-10-17,1997-98,Lens,Monaco,1,0
1997-10-17,1997-98,Montpellier,Chateauroux,1,0
1997-10-17,1997-98,Nantes,Lyon,3,2
1997-10-17,1997-98,Strasbourg,Cannes,2,0
1997-10-17,1997-98,Toulouse,Paris SG,0,2
1997-10-25,1997-98,Bastia,Marseille,1,1
1997-10-25,1997-98,Cannes,Le Havre,1,1
1997-10-25,1997-98,Chateauroux,Guingamp,2,2
1997-10-25,1997-98,Lyon,Toulouse,0,0
1997-10-25,1997-98,Metz,Montpellier,0,1
1997-10-25,1997-98,Paris SG,Lens,2,0
1997-10-25,1997-98,Rennes,Strasbourg,3,1
1997-10-26,1997-98,Bordeaux,Nantes,1,1
1997-10-26,1997-98,Monaco,Auxerre,0,1
1997-10-31,1997-98,Guingamp,Monaco,1,2
1997-10-31,1997-98,Le Havre,Bastia,2,1
1997-10-31,1997-98,Lens,Metz,1,1
1997-10-31,1997-98,Lyon,Paris SG,1,0
1997-10-31,1997-98,Marseille,Cannes,2,0
1997-10-31,1997-98,Nantes,Chateauroux,3,1
1997-10-31,1997-98,Strasbourg,Auxerre,1,1
1997-11-02,1997-98,Montpellier,Rennes,2,0
1997-11-02,1997-98,Toulouse,Bordeaux,2,2
1997-11-08,1997-98,Auxerre,Le Havre,0,0
1997-11-08,1997-98,Bastia,Strasbourg,2,0
1997-11-08,1997-98,Bordeaux,Lyon,0,0
1997-11-08,1997-98,Cannes,Montpellier,1,0
1997-11-08,1997-98,Chateauroux,Toulouse,2,1
1997-11-08,1997-98,Metz,Guingamp,2,1
1997-11-08,1997-98,Rennes,Lens,2,3
1997-11-09,1997-98,Monaco,Nantes,3,2
1997-11-09,1997-98,Paris SG,Marseille,1,2
1997-11-14,1997-98,Lyon,Chateauroux,2,1
1997-11-15,1997-98,Bordeaux,Paris SG,0,0
1997-11-15,1997-98,Lens,Cannes,5,4
1997-11-15,1997-98,Marseille,Auxerre,4,0
1997-11-15,1997-98,Montpellier,Bastia,1,1
1997-11-15,1997-98,Nantes,Metz,1,1
1997-11-15,1997-98,Toulouse,Monaco,1,3
1997-11-16,1997-98,Guingamp,Rennes,1,0
1997-11-16,1997-98,Le Havre,Strasbourg,1,1
1997-11-20,1997-98,Auxerre,Montpellier,3,1
1997-11-20,1997-98,Monaco,Paris SG,3,0
1997-11-20,1997-98,Strasbourg,Marseille,2,0
1997-11-21,1997-98,Bastia,Lens,1,0
1997-11-21,1997-98,Cannes,Lyon,1,0
1997-11-21,1997-98,Chateauroux,Bordeaux,1,0
1997-11-21,1997-98,Le Havre,Guingamp,0,0
1997-11-21,1997-98,Metz,Toulouse,2,1
1997-11-21,1997-98,Rennes,Nantes,3,0
1997-11-29,1997-98,Chateauroux,Monaco,0,2
1997-11-29,1997-98,Guingamp,Bastia,0,0
1997-11-29,1997-98,Lens,Strasbourg,3,2
1997-11-29,1997-98,Lyon,Rennes,3,1
1997-11-29,1997-98,Montpellier,Le Havre,1,1
1997-11-29,1997-98,Nantes,Marseille,1,0
1997-11-29,1997-98,Toulouse,Cannes,1,0
1997-11-30,1997-98,Bordeaux,Metz,2,2
1997-11-30,1997-98,Paris SG,Auxerre,1,0
1997-12-04,1997-98,Auxerre,Nantes,3,1
1997-12-05,1997-98,Cannes,Paris SG,0,1
1997-12-05,1997-98,Metz,Chateauroux,2,0
1997-12-05,1997-98,Monaco,Lyon,2,1
1997-12-06,1997-98,Le Havre,Lens,0,1
1997-12-06,1997-98,Rennes,Bordeaux,0,0
1997-12-06,1997-98,Strasbourg,Guingamp,0,1
1997-12-07,1997-98,Bastia,Toulouse,0,0
1997-12-07,1997-98,Marseille,Montpellier,0,0
1997-12-13,1997-98,Bordeaux,Cannes,0,1
1997-12-13,1997-98,Chateauroux,Bastia,1,1
1997-12-13,1997-98,Guingamp,Auxerre,1,1
1997-12-13,1997-98,Lens,Marseille,0,1
1997-12-13,1997-98,Lyon,Le Havre,0,1
1997-12-13,1997-98,Nantes,Strasbourg,2,1
1997-12-13,1997-98,Toulouse,Montpellier,1,1
1997-12-14,1997-98,Monaco,Rennes,1,0
1997-12-14,1997-98,Paris SG,Metz,1,1
1997-12-19,1997-98,Auxerre,Bordeaux,4,2
1997-12-19,1997-98,Bastia,Lyon,0,1
1997-12-19,1997-98,Le Havre,Nantes,1,0
1997-12-19,1997-98,Metz,Monaco,3,0
1997-12-19,1997-98,Montpellier,Lens,1,2
1997-12-19,1997-98,Rennes,Paris SG,1,2
1997-12-19,1997-98,Strasbourg,Toulouse,2,0
1998-01-10,1997-98,Bordeaux,Bastia,2,0
1998-01-10,1997-98,Chateauroux,Auxerre,3,2
1998-01-10,1997-98,Guingamp,Montpellier,1,2
1998-01-10,1997-98,Lyon,Marseille,2,1
1998-01-10,1997-98,Metz,Rennes,1,0
1998-01-10,1997-98,Monaco,Cannes,0,1
1998-01-10,1997-98,Toulouse,Le Havre,1,0
1998-01-11,1997-98,Nantes,Lens,1,0
1998-01-11,1997-98,Paris SG,Strasbourg,2,1
1998-01-14,1997-98,Cannes,Chateauroux,2,2
1998-01-14,1997-98,Marseille,Guingamp,3,0
1998-01-20,1997-98,Cannes,Metz,1,1
1998-01-20,1997-98,Marseille,Monaco,1,1
1998-01-21,1997-98,Auxerre,Toulouse,3,1
1998-01-21,1997-98,Bastia,Paris SG,2,0
1998-01-21,1997-98,Le Havre,Bordeaux,0,0
1998-01-21,1997-98,Lens,Guingamp,1,0
1998-01-21,1997-98,Montpellier,Nantes,2,0
1998-01-21,1997-98,Rennes,Chateauroux,3,0
1998-01-21,1997-98,Strasbourg,Lyon,1,2
1998-01-24,1997-98,Bordeaux,Strasbourg,4,4
1998-01-24,1997-98,Chateauroux,Marseille,0,3
1998-01-24,1997-98,Lyon,Auxerre,1,0
1998-01-24,1997-98,Metz,Bastia,0,1
1998-01-24,1997-98,Monaco,Montpellier,4,0
1998-01-24,1997-98,Nantes,Guingamp,2,0
1998-01-24,1997-98,Paris SG,Le Havre,0,2
1998-01-24,1997-98,Rennes,Cannes,2,0
1998-01-24,1997-98,Toulouse,Lens,1,2
1998-02-03,1997-98,Bastia,Rennes,0,0
1998-02-03,1997-98,Strasbourg,Monaco,0,0
1998-02-04,1997-98,Auxerre,Metz,0,0
1998-02-04,1997-98,Guingamp,Toulouse,2,0
1998-02-04,1997-98,Lens,Lyon,3,0
1998-02-04,1997-98,Marseille,Bordeaux,1,0
1998-02-04,1997-98,Montpellier,Paris SG,2,1
1998-02-05,1997-98,Cannes,Nantes,2,3
1998-02-05,1997-98,Le Havre,Chateauroux,5,0
1998-02-12,1997-98,Chateauroux,Lens,2,1
1998-02-12,1997-98,Rennes,Auxerre,1,1
1998-02-13,1997-98,Bordeaux,Montpellier,3,1
1998-02-13,1997-98,Cannes,Bastia,1,1
1998-02-13,1997-98,Lyon,Guingamp,1,0
1998-02-13,1997-98,Metz,Strasbourg,1,0
1998-02-13,1997-98,Monaco,Le Havre,2,0
1998-02-13,1997-98,Paris SG,Nantes,0,1
1998-02-13,1997-98,Toulouse,Marseille,0,4
1998-02-20,1997-98,Bastia,Monaco,1,0
1998-02-20,1997-98,Strasbourg,Chateauroux,2,0
1998-02-21,1997-98,Auxerre,Cannes,1,1
1998-02-21,1997-98,Guingamp,Paris SG,0,0
1998-02-21,1997-98,Le Havre,Metz,2,1
1998-02-21,1997-98,Lens,Bordeaux,1,0
1998-02-21,1997-98,Marseille,Rennes,0,1
1998-02-21,1997-98,Montpellier,Lyon,1,1
1998-02-21,1997-98,Nantes,Toulouse,0,1
1998-03-07,1997-98,Bastia,Auxerre,1,2
1998-03-07,1997-98,Bordeaux,Guingamp,4,2
1998-03-07,1997-98,Cannes,Strasbourg,1,0
1998-03-07,1997-98,Chateauroux,Montpellier,0,1
1998-03-07,1997-98,Lyon,Nantes,0,0
1998-03-07,1997-98,Metz,Marseille,3,2
1998-03-07,1997-98,Monaco,Lens,0,1
1998-03-07,1997-98,Paris SG,Toulouse,1,1
1998-03-07,1997-98,Rennes,Le Havre,2,2
1998-03-13,1997-98,Auxerre,Monaco,3,1
1998-03-13,1997-98,Guingamp,Chateauroux,0,0
1998-03-13,1997-98,Le Havre,Cannes,2,0
1998-03-13,1997-98,Montpellier,Metz,0,1
1998-03-13,1997-98,Nantes,Bordeaux,1,2
1998-03-13,1997-98,Strasbourg,Rennes,3,1
1998-03-13,1997-98,Toulouse,Lyon,0,2
1998-03-15,1997-98,Lens,Paris SG,3,0
1998-03-15,1997-98,Marseille,Bastia,1,0
1998-03-28,1997-98,Auxerre,Strasbourg,1,2
1998-03-28,1997-98,Bastia,Le Havre,2,0
1998-03-28,1997-98,Bordeaux,Toulouse,3,1
1998-03-28,1997-98,Chateauroux,Nantes,1,2
1998-03-28,1997-98,Monaco,Guingamp,1,0
1998-03-28,1997-98,Paris SG,Lyon,3,0
1998-03-28,1997-98,Rennes,Montpellier,2,0
1998-03-29,1997-98,Cannes,Marseille,3,3
1998-03-29,1997-98,Metz,Lens,0,2
1998-04-07,1997-98,Le Havre,Auxerre,2,2
1998-04-07,1997-98,Lens,Rennes,3,0
1998-04-07,1997-98,Lyon,Bordeaux,1,1
1998-04-07,1997-98,Montpellier,Cannes,1,0
1998-04-07,1997-98,Nantes,Monaco,1,1
1998-04-07,1997-98,Strasbourg,Bastia,1,1
1998-04-07,1997-98,Toulouse,Chateauroux,1,1
1998-04-08,1997-98,Guingamp,Metz,0,1
1998-04-08,1997-98,Marseille,Paris SG,0,0
1998-04-17,1997-98,Cannes,Lens,0,2
1998-04-17,1997-98,Metz,Nantes,3,2
1998-04-18,1997-98,Auxerre,Marseille,2,1
1998-04-18,1997-98,Bastia,Montpellier,2,1
1998-04-18,1997-98,Chateauroux,Lyon,2,3
1998-04-18,1997-98,Monaco,Toulouse,0,1
1998-04-18,1997-98,Paris SG,Bordeaux,0,1
1998-04-18,1997-98,Rennes,Guingamp,1,2
1998-04-18,1997-98,Strasbourg,Le Havre,0,1
1998-04-25,1997-98,Bordeaux,Chateauroux,1,0
1998-04-25,1997-98,Guingamp,Le Havre,1,2
1998-04-25,1997-98,Lens,Bastia,5,1
1998-04-25,1997-98,Lyon,Cannes,2,0
1998-04-25,1997-98,Marseille,Strasbourg,0,0
1998-04-25,1997-98,Montpellier,Auxerre,1,1
1998-04-25,1997-98,Nantes,Rennes,1,1
1998-04-25,1997-98,Paris SG,Monaco,1,2
1998-04-25,1997-98,Toulouse,Metz,0,1
1998-05-09,1997-98,Auxerre,Lens,1,1
1998-05-09,1997-98,Bastia,Nantes,2,1
1998-05-09,1997-98,Cannes,Guingamp,1,3
1998-05-09,1997-98,Chateauroux,Paris SG,2,1
1998-05-09,1997-98,Le Havre,Marseille,1,1
1998-05-09,1997-98,Metz,Lyon,1,0
1998-05-09,1997-98,Monaco,Bordeaux,5,2
1998-05-09,1997-98,Rennes,Toulouse,1,0
1998-05-09,1997-98,Strasbourg,Montpellier,3,0
1998-08-07,1998-99,Le Havre,Metz,0,0
1998-08-07,1998-99,Lorient,Monaco,1,2
1998-08-08,1998-99,Bastia,Montpellier,2,2
1998-08-08,1998-99,Bordeaux,Paris SG,3,1
1998-08-08,1998-99,Marseille,Nantes,2,0
1998-08-08,1998-99,Nancy,Sochaux,1,1
1998-08-08,1998-99,Rennes,Auxerre,1,0
1998-08-08,1998-99,Strasbourg,Lyon,0,0
1998-08-08,1998-99,Toulouse,Lens,3,2
1998-08-14,1998-99,Lens,Lorient,1,1
1998-08-14,1998-99,Lyon,Toulouse,6,1
1998-08-15,1998-99,Auxerre,Nancy,3,2
1998-08-15,1998-99,Le Havre,Bordeaux,2,3
1998-08-15,1998-99,Metz,Marseille,0,1
1998-08-15,1998-99,Monaco,Sochaux,4,1
1998-08-15,1998-99,Montpellier,Rennes,3,1
1998-08-15,1998-99,Nantes,Strasbourg,1,0
1998-08-15,1998-99,Paris SG,Bastia,2,0
1998-08-22,1998-99,Bastia,Metz,3,0
1998-08-22,1998-99,Bordeaux,Auxerre,1,0
1998-08-22,1998-99,Lorient,Lyon,0,1
1998-08-22,1998-99,Marseille,Montpellier,5,4
1998-08-22,1998-99,Nancy,Nantes,1,0
1998-08-22,1998-99,Rennes,Le Havre,2,1
1998-08-22,1998-99,Sochaux,Lens,0,4
1998-08-22,1998-99,Strasbourg,Paris SG,0,1
1998-08-22,1998-99,Toulouse,Monaco,0,0
1998-08-29,1998-99,Le Havre,Marseille,0,0
1998-08-29,1998-99,Lens,Nancy,2,1
1998-08-29,1998-99,Lyon,Monaco,1,1
1998-08-29,1998-99,Metz,Bordeaux,0,2
1998-08-29,1998-99,Montpellier,Toulouse,3,0
1998-08-29,1998-99,Nantes,Sochaux,2,0
1998-08-29,1998-99,Paris SG,Lorient,1,2
1998-08-30,1998-99,Auxerre,Bastia,1,0
1998-08-30,1998-99,Rennes,Strasbourg,1,1
1998-09-11,1998-99,Bastia,Le Havre,2,0
1998-09-11,1998-99,Bordeaux,Montpellier,3,1
1998-09-11,1998-99,Marseille,Rennes,1,1
1998-09-11,1998-99,Nancy,Paris SG,0,0
1998-09-11,1998-99,Sochaux,Lyon,1,2
1998-09-11,1998-99,Strasbourg,Metz,0,0
1998-09-11,1998-99,Toulouse,Nantes,2,3
1998-09-12,1998-99,Lorient,Auxerre,1,1
1998-09-12,1998-99,Monaco,Lens,2,0
1998-09-19,1998-99,Auxerre,Sochaux,3,1
1998-09-19,1998-99,Le Havre,Strasbourg,0,1
1998-09-19,1998-99,Lyon,Lens,3,1
1998-09-19,1998-99,Metz,Toulouse,0,0
1998-09-19,1998-99,Montpellier,Nancy,1,1
1998-09-19,1998-99,Nantes,Lorient,1,1
1998-09-19,1998-99,Rennes,Bastia,2,0
1998-09-20,1998-99,Marseille,Bordeaux,2,2
1998-09-20,1998-99,Paris SG,Monaco,1,0
1998-09-25,1998-99,Bastia,Marseille,0,2
1998-09-25,1998-99,Bordeaux,Rennes,4,0
1998-09-25,1998-99,Lens,Nantes,2,4
1998-09-25,1998-99,Lorient,Metz,1,1
1998-09-25,1998-99,Monaco,Le Havre,3,0
1998-09-25,1998-99,Nancy,Lyon,0,0
1998-09-25,1998-99,Sochaux,Paris SG,1,0
1998-09-25,1998-99,Strasbourg,Montpellier,2,1
1998-09-25,1998-99,Toulouse,Auxerre,0,0
1998-10-03,1998-99,Auxerre,Strasbourg,3,1
1998-10-03,1998-99,Bastia,Bordeaux,2,0
1998-10-03,1998-99,Le Havre,Sochaux,3,0
1998-10-03,1998-99,Marseille,Toulouse,2,0
1998-10-03,1998-99,Montpellier,Lorient,5,1
1998-10-03,1998-99,Nantes,Lyon,2,0
1998-10-03,1998-99,Rennes,Monaco,2,1
1998-10-04,1998-99,Metz,Nancy,2,3
1998-10-04,1998-99,Paris SG,Lens,0,1
1998-10-17,1998-99,Bordeaux,Nantes,2,0
1998-10-17,1998-99,Lens,Auxerre,2,2
1998-10-17,1998-99,Lorient,Le Havre,0,0
1998-10-17,1998-99,Lyon,Paris SG,1,1
1998-10-17,1998-99,Monaco,Montpellier,2,0
1998-10-17,1998-99,Nancy,Rennes,0,1
1998-10-17,1998-99,Sochaux,Metz,1,1
1998-10-17,1998-99,Strasbourg,Marseille,0,2
1998-10-18,1998-99,Toulouse,Bastia,2,1
1998-10-24,1998-99,Auxerre,Lyon,1,0
1998-10-24,1998-99,Bastia,Strasbourg,0,0
1998-10-24,1998-99,Le Havre,Toulouse,0,0
1998-10-24,1998-99,Marseille,Sochaux,4,0
1998-10-24,1998-99,Metz,Monaco,1,0
1998-10-24,1998-99,Nantes,Paris SG,0,0
1998-10-24,1998-99,Rennes,Lorient,1,0
1998-10-25,1998-99,Bordeaux,Nancy,2,0
1998-10-25,1998-99,Montpellier,Lens,1,0
1998-10-29,1998-99,Lorient,Marseille,1,3
1998-10-29,1998-99,Lyon,Le Havre,0,0
1998-10-29,1998-99,Monaco,Nantes,3,1
1998-10-30,1998-99,Lens,Metz,2,0
1998-10-30,1998-99,Nancy,Bastia,1,2
1998-10-30,1998-99,Paris SG,Auxerre,2,0
1998-10-30,1998-99,Strasbourg,Bordeaux,3,2
1998-10-30,1998-99,Toulouse,Rennes,0,1
1998-10-31,1998-99,Sochaux,Montpellier,4,0
1998-11-06,1998-99,Bastia,Lorient,2,1
1998-11-06,1998-99,Marseille,Monaco,1,0
1998-11-07,1998-99,Auxerre,Nantes,1,1
1998-11-07,1998-99,Bordeaux,Toulouse,3,1
1998-11-07,1998-99,Le Havre,Lens,3,1
1998-11-07,1998-99,Metz,Lyon,3,2
1998-11-07,1998-99,Montpellier,Paris SG,2,1
1998-11-07,1998-99,Rennes,Sochaux,4,0
1998-11-07,1998-99,Strasbourg,Nancy,1,2
1998-11-10,1998-99,Nancy,Marseille,2,3
1998-11-10,1998-99,Nantes,Le Havre,1,1
1998-11-11,1998-99,Lens,Rennes,3,1
1998-11-11,1998-99,Lorient,Bordeaux,0,2
1998-11-11,1998-99,Lyon,Montpellier,2,0
1998-11-11,1998-99,Monaco,Auxerre,3,2
1998-11-11,1998-99,Paris SG,Metz,2,2
1998-11-11,1998-99,Sochaux,Bastia,2,1
1998-11-11,1998-99,Toulouse,Strasbourg,0,1
1998-11-14,1998-99,Bastia,Monaco,3,1
1998-11-14,1998-99,Bordeaux,Sochaux,0,0
1998-11-14,1998-99,Marseille,Lens,1,0
1998-11-14,1998-99,Metz,Nantes,1,0
1998-11-14,1998-99,Montpellier,Auxerre,3,0
1998-11-14,1998-99,Rennes,Lyon,0,0
1998-11-14,1998-99,Toulouse,Nancy,1,1
1998-11-15,1998-99,Le Havre,Paris SG,0,4
1998-11-15,1998-99,Strasbourg,Lorient,2,0
1998-11-19,1998-99,Lyon,Marseille,2,1
1998-11-19,1998-99,Monaco,Bordeaux,0,2
1998-11-20,1998-99,Auxerre,Metz,1,0
1998-11-20,1998-99,Lens,Bastia,1,0
1998-11-20,1998-99,Lorient,Toulouse,1,0
1998-11-20,1998-99,Nancy,Le Havre,1,0
1998-11-20,1998-99,Nantes,Montpellier,1,1
1998-11-20,1998-99,Paris SG,Rennes,2,1
1998-11-20,1998-99,Sochaux,Strasbourg,1,1
1998-11-28,1998-99,Bastia,Lyon,4,1
1998-11-28,1998-99,Le Havre,Auxerre,2,1
1998-11-28,1998-99,Lorient,Nancy,0,1
1998-11-28,1998-99,Metz,Montpellier,3,1
1998-11-28,1998-99,Rennes,Nantes,2,3
1998-11-28,1998-99,Strasbourg,Monaco,1,1
1998-11-28,1998-99,Toulouse,Sochaux,1,1
1998-11-29,1998-99,Bordeaux,Lens,1,0
1998-11-29,1998-99,Marseille,Paris SG,0,0
1998-12-03,1998-99,Auxerre,Marseille,1,1
1998-12-03,1998-99,Lyon,Bordeaux,2,1
1998-12-03,1998-99,Monaco,Nancy,3,0
1998-12-04,1998-99,Lens,Strasbourg,3,0
1998-12-04,1998-99,Metz,Rennes,0,0
1998-12-04,1998-99,Montpellier,Le Havre,2,0
1998-12-04,1998-99,Nantes,Bastia,2,0
1998-12-04,1998-99,Paris SG,Toulouse,0,0
1998-12-04,1998-99,Sochaux,Lorient,0,1
1998-12-11,1998-99,Rennes,Montpellier,3,2
1998-12-11,1998-99,Strasbourg,Nantes,2,2
1998-12-12,1998-99,Bastia,Paris SG,2,0
1998-12-12,1998-99,Bordeaux,Le Havre,3,0
1998-12-12,1998-99,Lorient,Lens,1,1
1998-12-12,1998-99,Marseille,Metz,3,0
1998-12-12,1998-99,Nancy,Auxerre,1,1
1998-12-12,1998-99,Toulouse,Lyon,0,0
1998-12-15,1998-99,Auxerre,Bordeaux,3,1
1998-12-15,1998-99,Metz,Bastia,4,0
1998-12-16,1998-99,Le Havre,Rennes,2,0
1998-12-16,1998-99,Lens,Sochaux,1,1
1998-12-16,1998-99,Lyon,Lorient,2,2
1998-12-16,1998-99,Monaco,Toulouse,1,1
1998-12-16,1998-99,Montpellier,Marseille,0,1
1998-12-16,1998-99,Nantes,Nancy,2,0
1998-12-16,1998-99,Paris SG,Strasbourg,0,0
1998-12-19,1998-99,Bastia,Auxerre,2,0
1998-12-19,1998-99,Bordeaux,Metz,6,0
1998-12-19,1998-99,Lorient,Paris SG,2,0
1998-12-19,1998-99,Marseille,Le Havre,2,0
1998-12-19,1998-99,Monaco,Lyon,0,1
1998-12-19,1998-99,Nancy,Lens,0,1
1998-12-19,1998-99,Sochaux,Nantes,1,1
1998-12-19,1998-99,Strasbourg,Rennes,1,1
1998-12-19,1998-99,Toulouse,Montpellier,2,5
1999-01-16,1998-99,Auxerre,Lorient,5,0
1999-01-16,1998-99,Le Havre,Bastia,1,1
1999-01-16,1998-99,Lens,Monaco,1,1
1999-01-16,1998-99,Montpellier,Bordeaux,1,1
1999-01-16,1998-99,Nantes,Toulouse,2,0
1999-01-16,1998-99,Rennes,Marseille,1,1
1999-01-17,1998-99,Metz,Strasbourg,1,0
1999-01-17,1998-99,Paris SG,Nancy,1,2
1999-01-29,1998-99,Bastia,Rennes,0,1
1999-01-29,1998-99,Bordeaux,Marseille,4,1
1999-01-29,1998-99,Monaco,Paris SG,2,1
1999-01-30,1998-99,Lens,Lyon,0,3
1999-01-30,1998-99,Lorient,Nantes,1,1
1999-01-30,1998-99,Nancy,Montpellier,0,1
1999-01-30,1998-99,Sochaux,Auxerre,1,1
1999-01-30,1998-99,Strasbourg,Le Havre,0,1
1999-01-30,1998-99,Toulouse,Metz,1,0
1999-02-06,1998-99,Le Havre,Monaco,1,2
1999-02-06,1998-99,Lyon,Nancy,2,1
1999-02-06,1998-99,Marseille,Bastia,3,1
1999-02-06,1998-99,Metz,Lorient,3,0
1999-02-06,1998-99,Nantes,Lens,2,0
1999-02-06,1998-99,Paris SG,Sochaux,2,1
1999-02-06,1998-99,Rennes,Bordeaux,1,1
1999-02-07,1998-99,Auxerre,Toulouse,1,2
1999-02-07,1998-99,Montpellier,Strasbourg,1,1
1999-02-13,1998-99,Bordeaux,Bastia,2,0
1999-02-13,1998-99,Lens,Paris SG,2,1
1999-02-13,1998-99,Lorient,Montpellier,1,1
1999-02-13,1998-99,Lyon,Nantes,2,1
1999-02-13,1998-99,Monaco,Rennes,4,2
1999-02-14,1998-99,Toulouse,Marseille,1,0
1999-02-25,1998-99,Marseille,Strasbourg,1,0
1999-02-25,1998-99,Montpellier,Monaco,2,3
1999-02-25,1998-99,Nantes,Bordeaux,0,0
1999-02-25,1998-99,Paris SG,Lyon,0,1
1999-02-26,1998-99,Auxerre,Lens,1,2
1999-02-26,1998-99,Bastia,Toulouse,1,1
1999-02-26,1998-99,Le Havre,Lorient,0,1
1999-02-26,1998-99,Metz,Sochaux,1,1
1999-02-26,1998-99,Rennes,Nancy,2,1
1999-03-09,1998-99,Nancy,Bordeaux,2,3
1999-03-09,1998-99,Sochaux,Marseille,0,0
1999-03-10,1998-99,Lens,Montpellier,1,0
1999-03-10,1998-99,Lorient,Rennes,1,1
1999-03-10,1998-99,Lyon,Auxerre,2,1
1999-03-10,1998-99,Monaco,Metz,0,0
1999-03-10,1998-99,Paris SG,Nantes,0,0
1999-03-10,1998-99,Strasbourg,Bastia,1,1
1999-03-10,1998-99,Toulouse,Le Havre,0,0
1999-03-14,1998-99,Sochaux,Monaco,1,1
1999-03-14,1998-99,Strasbourg,Auxerre,2,1
1999-03-19,1998-99,Bastia,Nancy,1,2
1999-03-19,1998-99,Nantes,Monaco,0,1
1999-03-20,1998-99,Auxerre,Paris SG,0,1
1999-03-20,1998-99,Bordeaux,Strasbourg,1,0
1999-03-20,1998-99,Le Havre,Lyon,1,0
1999-03-20,1998-99,Marseille,Lorient,4,1
1999-03-20,1998-99,Metz,Lens,0,1
1999-03-20,1998-99,Montpellier,Sochaux,0,0
1999-03-20,1998-99,Rennes,Toulouse,1,0
1999-04-02,1998-99,Monaco,Marseille,1,2
1999-04-02,1998-99,Sochaux,Rennes,0,3
1999-04-03,1998-99,Lens,Le Havre,0,1
1999-04-03,1998-99,Lorient,Bastia,3,1
1999-04-03,1998-99,Lyon,Metz,2,0
1999-04-03,1998-99,Nancy,Strasbourg,1,1
1999-04-03,1998-99,Nantes,Auxerre,2,2
1999-04-03,1998-99,Paris SG,Montpellier,0,1
1999-04-03,1998-99,Toulouse,Bordeaux,0,3
1999-04-08,1998-99,Lyon,Sochaux,4,1
1999-04-09,1998-99,Nancy,Metz,1,0
1999-04-13,1998-99,Bastia,Sochaux,1,1
1999-04-13,1998-99,Rennes,Lens,2,0
1999-04-14,1998-99,Auxerre,Monaco,0,3
1999-04-14,1998-99,Bordeaux,Lorient,0,0
1999-04-14,1998-99,Le Havre,Nantes,2,1
1999-04-14,1998-99,Metz,Paris SG,1,1
1999-04-14,1998-99,Montpellier,Lyon,1,3
1999-04-14,1998-99,Strasbourg,Toulouse,2,0
1999-04-15,1998-99,Marseille,Nancy,4,0
1999-04-24,1998-99,Auxerre,Montpellier,2,2
1999-04-24,1998-99,Lens,Marseille,4,0
1999-04-24,1998-99,Lorient,Strasbourg,0,1
1999-04-24,1998-99,Monaco,Bastia,1,1
1999-04-24,1998-99,Nancy,Toulouse,2,0
1999-04-24,1998-99,Nantes,Metz,0,0
1999-04-24,1998-99,Sochaux,Bordeaux,2,0
1999-04-25,1998-99,Lyon,Rennes,1,2
1999-04-25,1998-99,Paris SG,Le Havre,3,0
1999-04-30,1998-99,Bordeaux,Monaco,0,1
1999-04-30,1998-99,Marseille,Lyon,0,0
1999-04-30,1998-99,Toulouse,Lorient,1,4
1999-05-01,1998-99,Bastia,Lens,1,1
1999-05-01,1998-99,Le Havre,Nancy,1,1
1999-05-01,1998-99,Metz,Auxerre,2,0
1999-05-01,1998-99,Montpellier,Nantes,1,2
1999-05-01,1998-99,Rennes,Paris SG,2,1
1999-05-01,1998-99,Strasbourg,Sochaux,1,1
1999-05-04,1998-99,Lens,Bordeaux,2,4
1999-05-04,1998-99,Montpellier,Metz,1,1
1999-05-04,1998-99,Paris SG,Marseille,2,1
1999-05-05,1998-99,Auxerre,Le Havre,0,0
1999-05-05,1998-99,Lyon,Bastia,2,1
1999-05-05,1998-99,Monaco,Strasbourg,2,1
1999-05-05,1998-99,Nancy,Lorient,2,0
1999-05-05,1998-99,Nantes,Rennes,2,1
1999-05-05,1998-99,Sochaux,Toulouse,2,1
1999-05-14,1998-99,Sochaux,Le Havre,1,0
1999-05-22,1998-99,Bastia,Nantes,1,0
1999-05-22,1998-99,Bordeaux,Lyon,1,0
1999-05-22,1998-99,Le Havre,Montpellier,1,1
1999-05-22,1998-99,Lorient,Sochaux,4,1
1999-05-22,1998-99,Marseille,Auxerre,1,0
1999-05-22,1998-99,Nancy,Monaco,1,2
1999-05-22,1998-99,Rennes,Metz,1,0
1999-05-22,1998-99,Strasbourg,Lens,1,1
1999-05-22,1998-99,Toulouse,Paris SG,2,1
1999-05-29,1998-99,Auxerre,Rennes,2,0
1999-05-29,1998-99,Lens,Toulouse,3,1
1999-05-29,1998-99,Lyon,Strasbourg,3,2
1999-05-29,1998-99,Metz,Le Havre,1,0
1999-05-29,1998-99,Monaco,Lorient,1,0
1999-05-29,1998-99,Montpellier,Bastia,3,0
1999-05-29,1998-99,Nantes,Marseille,0,1
1999-05-29,1998-99,Paris SG,Bordeaux,2,3
1999-05-29,1998-99,Sochaux,Nancy,1,1
1999-07-30,1999-00,Bordeaux,Bastia,3,2
1999-07-30,1999-00,Monaco,St Etienne,2,2
1999-07-31,1999-00,Auxerre,Nancy,2,1
1999-07-31,1999-00,Lyon,Montpellier,1,2
1999-07-31,1999-00,Marseille,Sedan,3,0
1999-07-31,1999-00,Metz,Rennes,0,0
1999-07-31,1999-00,Nantes,Le Havre,1,0
1999-07-31,1999-00,Paris SG,Troyes,1,0
1999-07-31,1999-00,Strasbourg,Lens,1,0
1999-08-05,1999-00,Le Havre,Marseille,0,0
1999-08-05,1999-00,Troyes,Lyon,1,2
1999-08-06,1999-00,Bastia,Strasbourg,3,0
1999-08-06,1999-00,Lens,Monaco,1,0
1999-08-06,1999-00,Sedan,Nancy,3,1
1999-08-06,1999-00,St Etienne,Nantes,0,2
1999-08-07,1999-00,Metz,Auxerre,3,0
1999-08-07,1999-00,Montpellier,Bordeaux,2,2
1999-08-07,1999-00,Rennes,Paris SG,1,3
1999-08-14,1999-00,Auxerre,Sedan,3,1
1999-08-14,1999-00,Bordeaux,Troyes,4,0
1999-08-14,1999-00,Monaco,Bastia,4,0
1999-08-14,1999-00,Nancy,Le Havre,3,0
1999-08-14,1999-00,Nantes,Lens,0,1
1999-08-14,1999-00,Paris SG,Metz,2,1
1999-08-14,1999-00,Strasbourg,Montpellier,2,0
1999-08-15,1999-00,Lyon,Rennes,2,2
1999-08-15,1999-00,Marseille,St Etienne,3,3
1999-08-20,1999-00,Le Havre,Sedan,2,1
1999-08-20,1999-00,Metz,Lyon,0,1
1999-08-20,1999-00,Montpellier,Monaco,2,3
1999-08-20,1999-00,Paris SG,Auxerre,1,1
1999-08-20,1999-00,Rennes,Bordeaux,2,1
1999-08-20,1999-00,St Etienne,Nancy,2,1
1999-08-20,1999-00,Troyes,Strasbourg,2,1
1999-08-22,1999-00,Bastia,Nantes,2,1
1999-08-22,1999-00,Lens,Marseille,0,0
1999-08-28,1999-00,Auxerre,Le Havre,2,1
1999-08-28,1999-00,Bordeaux,Metz,0,0
1999-08-28,1999-00,Marseille,Bastia,1,1
1999-08-28,1999-00,Nancy,Lens,2,1
1999-08-28,1999-00,Nantes,Montpellier,3,0
1999-08-28,1999-00,Sedan,St Etienne,3,2
1999-08-28,1999-00,Strasbourg,Rennes,2,1
1999-08-29,1999-00,Lyon,Paris SG,1,0
1999-08-29,1999-00,Monaco,Troyes,3,0
1999-09-11,1999-00,Bastia,Nancy,1,1
1999-09-11,1999-00,Lens,Sedan,0,3
1999-09-11,1999-00,Lyon,Auxerre,0,0
1999-09-11,1999-00,Metz,Strasbourg,0,0
1999-09-11,1999-00,Montpellier,Marseille,3,1
1999-09-11,1999-00,St Etienne,Le Havre,3,3
1999-09-11,1999-00,Troyes,Nantes,1,0
1999-09-12,1999-00,Paris SG,Bordeaux,2,1
1999-09-12,1999-00,Rennes,Monaco,2,1
1999-09-18,1999-00,Auxerre,St Etienne,2,1
1999-09-18,1999-00,Bordeaux,Lyon,1,3
1999-09-19,1999-00,Le Havre,Lens,1,1
1999-09-19,1999-00,Marseille,Troyes,1,0
1999-09-19,1999-00,Monaco,Metz,2,2
1999-09-19,1999-00,Nancy,Montpellier,1,2
1999-09-19,1999-00,Nantes,Rennes,3,0
1999-09-19,1999-00,Sedan,Bastia,2,0
1999-09-19,1999-00,Strasbourg,Paris SG,1,1
1999-09-25,1999-00,Bastia,Le Havre,1,1
1999-09-25,1999-00,Bordeaux,Auxerre,1,0
1999-09-25,1999-00,Lyon,Strasbourg,0,0
1999-09-25,1999-00,Metz,Nantes,2,1
1999-09-25,1999-00,Montpellier,Sedan,1,1
1999-09-25,1999-00,Paris SG,Monaco,0,3
1999-09-25,1999-00,Troyes,Nancy,2,0
1999-09-26,1999-00,Lens,St Etienne,0,2
1999-09-26,1999-00,Rennes,Marseille,1,2
1999-10-02,1999-00,Le Havre,Montpellier,2,1
1999-10-02,1999-00,Marseille,Metz,1,1
1999-10-02,1999-00,Nancy,Rennes,3,0
1999-10-02,1999-00,Sedan,Troyes,2,1
1999-10-02,1999-00,St Etienne,Bastia,1,1
1999-10-02,1999-00,Strasbourg,Bordeaux,2,2
1999-10-03,1999-00,Auxerre,Lens,3,2
1999-10-03,1999-00,Monaco,Lyon,1,0
1999-10-03,1999-00,Nantes,Paris SG,0,4
1999-10-12,1999-00,Lyon,Nantes,2,0
1999-10-12,1999-00,Paris SG,Marseille,0,2
1999-10-13,1999-00,Bastia,Lens,2,0
1999-10-13,1999-00,Bordeaux,Monaco,3,2
1999-10-13,1999-00,Metz,Nancy,2,2
1999-10-13,1999-00,Montpellier,St Etienne,0,1
1999-10-13,1999-00,Rennes,Sedan,5,0
1999-10-13,1999-00,Strasbourg,Auxerre,1,3
1999-10-13,1999-00,Troyes,Le Havre,3,1
1999-10-15,1999-00,Marseille,Lyon,0,1
1999-10-16,1999-00,Auxerre,Bastia,3,1
1999-10-16,1999-00,Le Havre,Rennes,0,1
1999-10-16,1999-00,Lens,Montpellier,1,0
1999-10-16,1999-00,Monaco,Strasbourg,3,0
1999-10-16,1999-00,Nancy,Paris SG,1,1
1999-10-16,1999-00,Nantes,Bordeaux,0,1
1999-10-16,1999-00,St Etienne,Troyes,1,0
1999-10-17,1999-00,Sedan,Metz,0,2
1999-10-20,1999-00,Nantes,Monaco,0,3
1999-10-20,1999-00,Sedan,Lyon,2,0
1999-10-23,1999-00,Bordeaux,Marseille,2,1
1999-10-23,1999-00,Rennes,St Etienne,4,1
1999-10-24,1999-00,Lyon,Nancy,2,1
1999-10-24,1999-00,Metz,Le Havre,3,0
1999-10-24,1999-00,Montpellier,Bastia,1,1
1999-10-24,1999-00,Paris SG,Sedan,3,2
1999-10-24,1999-00,Strasbourg,Nantes,3,2
1999-10-24,1999-00,Troyes,Lens,0,1
1999-10-30,1999-00,Auxerre,Montpellier,2,1
1999-10-30,1999-00,Bastia,Troyes,5,0
1999-10-30,1999-00,Le Havre,Paris SG,3,1
1999-10-30,1999-00,Marseille,Strasbourg,4,1
1999-10-30,1999-00,Nancy,Bordeaux,2,2
1999-10-30,1999-00,St Etienne,Metz,2,0
1999-10-31,1999-00,Lens,Rennes,1,1
1999-11-06,1999-00,Bordeaux,Sedan,1,1
1999-11-06,1999-00,Paris SG,St Etienne,2,0
1999-11-06,1999-00,Rennes,Bastia,0,0
1999-11-06,1999-00,Strasbourg,Nancy,0,2
1999-11-07,1999-00,Lyon,Le Havre,3,0
1999-11-07,1999-00,Metz,Lens,0,0
1999-11-07,1999-00,Monaco,Marseille,1,1
1999-11-07,1999-00,Nantes,Auxerre,3,1
1999-11-07,1999-00,Troyes,Montpellier,2,1
1999-11-09,1999-00,Sedan,Strasbourg,2,1
1999-11-10,1999-00,Auxerre,Troyes,0,1
1999-11-10,1999-00,Bastia,Metz,0,0
1999-11-10,1999-00,Le Havre,Bordeaux,3,0
1999-11-10,1999-00,Lens,Paris SG,3,2
1999-11-10,1999-00,Marseille,Nantes,1,1
1999-11-10,1999-00,Montpellier,Rennes,1,2
1999-11-10,1999-00,Nancy,Monaco,1,2
1999-11-10,1999-00,St Etienne,Lyon,1,1
1999-11-19,1999-00,Bordeaux,St Etienne,1,2
1999-11-19,1999-00,Metz,Montpellier,2,2
1999-11-19,1999-00,Paris SG,Bastia,2,0
1999-11-19,1999-00,Rennes,Troyes,2,2
1999-11-19,1999-00,Strasbourg,Le Havre,0,1
1999-11-20,1999-00,Lyon,Lens,1,0
1999-11-20,1999-00,Marseille,Auxerre,0,1
1999-11-20,1999-00,Monaco,Sedan,2,1
1999-11-20,1999-00,Nantes,Nancy,2,0
1999-11-27,1999-00,Le Havre,Monaco,1,4
1999-11-27,1999-00,Montpellier,Paris SG,0,1
1999-11-27,1999-00,Nancy,Marseille,2,2
1999-11-27,1999-00,Rennes,Auxerre,1,0
1999-11-27,1999-00,St Etienne,Strasbourg,0,1
1999-11-27,1999-00,Troyes,Metz,2,2
1999-11-28,1999-00,Bastia,Lyon,3,0
1999-11-28,1999-00,Lens,Bordeaux,3,3
1999-11-28,1999-00,Sedan,Nantes,0,0
1999-12-01,1999-00,Monaco,Auxerre,2,0
1999-12-03,1999-00,Bordeaux,Montpellier,2,0
1999-12-03,1999-00,Lyon,Troyes,1,3
1999-12-03,1999-00,Marseille,Le Havre,2,0
1999-12-03,1999-00,Nancy,Sedan,0,2
1999-12-03,1999-00,Nantes,St Etienne,0,1
1999-12-03,1999-00,Strasbourg,Bastia,2,0
1999-12-04,1999-00,Auxerre,Metz,1,1
1999-12-04,1999-00,Monaco,Lens,2,0
1999-12-04,1999-00,Paris SG,Rennes,1,0
1999-12-11,1999-00,Le Havre,Nancy,0,1
1999-12-11,1999-00,Montpellier,Strasbourg,1,1
1999-12-11,1999-00,Rennes,Lyon,1,2
1999-12-11,1999-00,Sedan,Auxerre,1,1
1999-12-11,1999-00,Troyes,Bordeaux,2,0
1999-12-12,1999-00,Bastia,Monaco,1,0
1999-12-12,1999-00,Metz,Paris SG,1,3
1999-12-12,1999-00,St Etienne,Marseille,5,1
1999-12-14,1999-00,Lens,Nantes,1,2
1999-12-17,1999-00,Auxerre,Paris SG,1,0
1999-12-17,1999-00,Bordeaux,Rennes,1,0
1999-12-18,1999-00,Lyon,Metz,2,0
1999-12-18,1999-00,Marseille,Lens,1,2
1999-12-18,1999-00,Monaco,Montpellier,1,0
1999-12-18,1999-00,Nancy,St Etienne,1,0
1999-12-18,1999-00,Nantes,Bastia,1,1
2000-01-11,1999-00,Metz,Bordeaux,2,1
2000-01-11,1999-00,Paris SG,Lyon,2,2
2000-01-12,1999-00,Bastia,Marseille,0,0
2000-01-12,1999-00,Le Havre,Auxerre,0,0
2000-01-12,1999-00,Lens,Nancy,0,1
2000-01-12,1999-00,Montpellier,Nantes,3,0
2000-01-12,1999-00,Rennes,Strasbourg,2,1
2000-01-12,1999-00,St Etienne,Sedan,2,3
2000-01-12,1999-00,Troyes,Monaco,1,4
2000-01-15,1999-00,Auxerre,Lyon,2,0
2000-01-15,1999-00,Le Havre,St Etienne,1,0
2000-01-15,1999-00,Monaco,Rennes,3,1
2000-01-15,1999-00,Nancy,Bastia,1,0
2000-01-15,1999-00,Nantes,Troyes,3,0
2000-01-15,1999-00,Sedan,Lens,0,0
2000-01-15,1999-00,Strasbourg,Metz,1,1
2000-01-16,1999-00,Bordeaux,Paris SG,1,1
2000-01-16,1999-00,Marseille,Montpellier,0,0
2000-01-19,1999-00,Sedan,Le Havre,0,1
2000-01-19,1999-00,Strasbourg,Troyes,2,0
2000-01-25,1999-00,Metz,Monaco,1,1
2000-01-25,1999-00,Troyes,Marseille,1,2
2000-01-26,1999-00,Bastia,Sedan,1,0
2000-01-26,1999-00,Lens,Le Havre,4,0
2000-01-26,1999-00,Lyon,Bordeaux,1,1
2000-01-26,1999-00,Montpellier,Nancy,1,0
2000-01-26,1999-00,Paris SG,Strasbourg,4,2
2000-01-26,1999-00,Rennes,Nantes,0,0
2000-01-26,1999-00,St Etienne,Auxerre,0,0
2000-02-01,1999-00,Auxerre,Bordeaux,1,0
2000-02-01,1999-00,Monaco,Paris SG,1,0
2000-02-02,1999-00,Le Havre,Bastia,2,2
2000-02-02,1999-00,Marseille,Rennes,1,1
2000-02-02,1999-00,Nancy,Troyes,1,2
2000-02-02,1999-00,Nantes,Metz,1,3
2000-02-02,1999-00,Sedan,Montpellier,2,1
2000-02-02,1999-00,St Etienne,Lens,0,2
2000-02-02,1999-00,Strasbourg,Lyon,4,2
2000-02-05,1999-00,Bastia,St Etienne,4,0
2000-02-05,1999-00,Bordeaux,Strasbourg,3,0
2000-02-05,1999-00,Lens,Auxerre,2,1
2000-02-05,1999-00,Montpellier,Le Havre,0,0
2000-02-05,1999-00,Paris SG,Nantes,0,0
2000-02-05,1999-00,Rennes,Nancy,3,1
2000-02-05,1999-00,Troyes,Sedan,0,2
2000-02-06,1999-00,Lyon,Monaco,2,1
2000-02-06,1999-00,Metz,Marseille,2,0
2000-02-15,1999-00,Marseille,Paris SG,4,1
2000-02-15,1999-00,Nantes,Lyon,6,1
2000-02-16,1999-00,Auxerre,Strasbourg,0,1
2000-02-16,1999-00,Le Havre,Troyes,2,0
2000-02-16,1999-00,Lens,Bastia,4,0
2000-02-16,1999-00,Monaco,Bordeaux,1,0
2000-02-16,1999-00,Nancy,Metz,0,0
2000-02-16,1999-00,Sedan,Rennes,2,1
2000-02-16,1999-00,St Etienne,Montpellier,5,4
2000-02-26,1999-00,Bastia,Auxerre,2,0
2000-02-26,1999-00,Bordeaux,Nantes,3,0
2000-02-26,1999-00,Lyon,Marseille,2,0
2000-02-26,1999-00,Metz,Sedan,1,1
2000-02-26,1999-00,Montpellier,Lens,1,1
2000-02-26,1999-00,Paris SG,Nancy,1,1
2000-02-26,1999-00,Rennes,Le Havre,2,1
2000-02-26,1999-00,Troyes,St Etienne,0,1
2000-02-27,1999-00,Strasbourg,Monaco,3,2
2000-03-11,1999-00,Bastia,Montpellier,1,0
2000-03-11,1999-00,Le Havre,Metz,1,0
2000-03-11,1999-00,Marseille,Bordeaux,0,2
2000-03-11,1999-00,Nantes,Strasbourg,3,1
2000-03-11,1999-00,Sedan,Paris SG,1,1
2000-03-11,1999-00,St Etienne,Rennes,1,0
2000-03-12,1999-00,Auxerre,Monaco,0,2
2000-03-12,1999-00,Lens,Troyes,0,1
2000-03-12,1999-00,Nancy,Lyon,1,0
2000-03-25,1999-00,Bordeaux,Nancy,2,1
2000-03-25,1999-00,Metz,St Etienne,1,1
2000-03-25,1999-00,Montpellier,Auxerre,2,0
2000-03-25,1999-00,Paris SG,Le Havre,2,1
2000-03-25,1999-00,Strasbourg,Marseille,3,1
2000-03-25,1999-00,Troyes,Bastia,1,0
2000-03-26,1999-00,Lyon,Sedan,2,0
2000-03-26,1999-00,Monaco,Nantes,2,0
2000-03-26,1999-00,Rennes,Lens,3,0
2000-04-07,1999-00,Marseille,Monaco,4,2
2000-04-07,1999-00,Sedan,Bordeaux,0,1
2000-04-08,1999-00,Auxerre,Nantes,1,1
2000-04-08,1999-00,Bastia,Rennes,4,2
2000-04-08,1999-00,Le Havre,Lyon,0,1
2000-04-08,1999-00,Montpellier,Troyes,2,2
2000-04-08,1999-00,Nancy,Strasbourg,2,3
2000-04-08,1999-00,St Etienne,Paris SG,1,1
2000-04-09,1999-00,Lens,Metz,1,0
2000-04-14,1999-00,Lyon,St Etienne,0,0
2000-04-14,1999-00,Paris SG,Lens,4,1
2000-04-15,1999-00,Bordeaux,Le Havre,3,0
2000-04-15,1999-00,Metz,Bastia,1,1
2000-04-15,1999-00,Monaco,Nancy,2,2
2000-04-15,1999-00,Nantes,Marseille,0,0
2000-04-15,1999-00,Rennes,Montpellier,1,3
2000-04-15,1999-00,Strasbourg,Sedan,1,1
2000-04-15,1999-00,Troyes,Auxerre,2,0
2000-04-29,1999-00,Le Havre,Strasbourg,0,1
2000-04-29,1999-00,Lens,Lyon,4,3
2000-04-29,1999-00,Montpellier,Metz,0,1
2000-04-29,1999-00,Nancy,Nantes,2,1
2000-04-29,1999-00,Sedan,Monaco,2,1
2000-04-29,1999-00,St Etienne,Bordeaux,1,2
2000-04-29,1999-00,Troyes,Rennes,1,0
2000-04-30,1999-00,Auxerre,Marseille,2,2
2000-04-30,1999-00,Bastia,Paris SG,1,2
2000-05-04,1999-00,Auxerre,Rennes,4,0
2000-05-04,1999-00,Bordeaux,Lens,1,2
2000-05-04,1999-00,Lyon,Bastia,2,1
2000-05-04,1999-00,Marseille,Nancy,2,2
2000-05-04,1999-00,Metz,Troyes,3,1
2000-05-04,1999-00,Monaco,Le Havre,5,2
2000-05-04,1999-00,Nantes,Sedan,1,0
2000-05-04,1999-00,Paris SG,Montpellier,3,0
2000-05-04,1999-00,Strasbourg,St Etienne,0,1
2000-05-13,1999-00,Bastia,Bordeaux,1,1
2000-05-13,1999-00,Le Havre,Nantes,0,1
2000-05-13,1999-00,Lens,Strasbourg,3,0
2000-05-13,1999-00,Montpellier,Lyon,2,2
2000-05-13,1999-00,Nancy,Auxerre,2,0
2000-05-13,1999-00,Rennes,Metz,2,0
2000-05-13,1999-00,Sedan,Marseille,2,2
2000-05-13,1999-00,St Etienne,Monaco,3,1
2000-05-13,1999-00,Troyes,Paris SG,2,2
2000-07-28,2000-01,Marseille,Troyes,3,1
2000-07-28,2000-01,Paris SG,Strasbourg,3,1
2000-07-29,2000-01,Auxerre,Sedan,0,1
2000-07-29,2000-01,Bordeaux,Metz,1,1
2000-07-29,2000-01,Guingamp,St Etienne,2,2
2000-07-29,2000-01,Lille,Monaco,1,1
2000-07-29,2000-01,Lyon,Rennes,2,2
2000-07-29,2000-01,Nantes,Lens,0,2
2000-07-29,2000-01,Toulouse,Bastia,0,1
2000-08-03,2000-01,Sedan,Lyon,1,1
2000-08-04,2000-01,Monaco,Nantes,2,5
2000-08-04,2000-01,St Etienne,Marseille,3,0
2000-08-05,2000-01,Bastia,Bordeaux,2,0
2000-08-05,2000-01,Lens,Guingamp,3,2
2000-08-05,2000-01,Metz,Auxerre,1,2
2000-08-05,2000-01,Rennes,Paris SG,1,1
2000-08-05,2000-01,Strasbourg,Lille,0,4
2000-08-05,2000-01,Troyes,Toulouse,1,1
2000-08-12,2000-01,Auxerre,Bastia,1,0
2000-08-12,2000-01,Bordeaux,Troyes,2,2
2000-08-12,2000-01,Guingamp,Nantes,0,1
2000-08-12,2000-01,Lille,Rennes,1,0
2000-08-12,2000-01,Lyon,Metz,0,0
2000-08-12,2000-01,Strasbourg,Monaco,1,3
2000-08-12,2000-01,Toulouse,St Etienne,1,1
2000-08-13,2000-01,Marseille,Lens,0,0
2000-08-13,2000-01,Paris SG,Sedan,2,1
2000-08-18,2000-01,Bastia,Lyon,2,0
2000-08-19,2000-01,Lens,Toulouse,2,1
2000-08-19,2000-01,Metz,Paris SG,1,0
2000-08-19,2000-01,Nantes,Marseille,3,2
2000-08-19,2000-01,Rennes,Strasbourg,3,0
2000-08-19,2000-01,Sedan,Lille,1,0
2000-08-19,2000-01,St Etienne,Bordeaux,1,0
2000-08-19,2000-01,Troyes,Auxerre,1,0
2000-08-20,2000-01,Monaco,Guingamp,1,0
2000-08-26,2000-01,Bordeaux,Lens,1,1
2000-08-26,2000-01,Lille,Metz,2,1
2000-08-26,2000-01,Lyon,Troyes,1,0
2000-08-26,2000-01,Marseille,Guingamp,3,1
2000-08-26,2000-01,Rennes,Monaco,1,1
2000-08-26,2000-01,Strasbourg,Sedan,3,2
2000-08-26,2000-01,Toulouse,Nantes,1,1
2000-08-27,2000-01,Auxerre,St Etienne,4,3
2000-08-27,2000-01,Paris SG,Bastia,3,1
2000-09-05,2000-01,Monaco,Marseille,0,2
2000-09-06,2000-01,Bastia,Lille,1,0
2000-09-06,2000-01,Guingamp,Toulouse,2,1
2000-09-06,2000-01,Lens,Auxerre,1,0
2000-09-06,2000-01,Metz,Strasbourg,1,0
2000-09-06,2000-01,Nantes,Bordeaux,0,5
2000-09-06,2000-01,St Etienne,Lyon,2,2
2000-09-06,2000-01,Troyes,Paris SG,5,3
2000-09-09,2000-01,Auxerre,Nantes,2,2
2000-09-09,2000-01,Bordeaux,Guingamp,0,2
2000-09-09,2000-01,Lille,Troyes,1,2
2000-09-09,2000-01,Lyon,Lens,3,0
2000-09-09,2000-01,Paris SG,St Etienne,5,1
2000-09-09,2000-01,Rennes,Metz,0,1
2000-09-09,2000-01,Sedan,Monaco,1,0
2000-09-09,2000-01,Strasbourg,Bastia,1,4
2000-09-10,2000-01,Toulouse,Marseille,2,0
2000-09-16,2000-01,Bastia,Rennes,0,2
2000-09-16,2000-01,Guingamp,Auxerre,1,0
2000-09-16,2000-01,Lens,Paris SG,1,1
2000-09-16,2000-01,Marseille,Bordeaux,0,1
2000-09-16,2000-01,Metz,Sedan,1,0
2000-09-16,2000-01,Monaco,Toulouse,3,0
2000-09-16,2000-01,Troyes,Strasbourg,0,1
2000-09-17,2000-01,Nantes,Lyon,0,1
2000-09-17,2000-01,St Etienne,Lille,1,1
2000-09-23,2000-01,Auxerre,Marseille,0,1
2000-09-23,2000-01,Bordeaux,Toulouse,2,1
2000-09-23,2000-01,Lyon,Guingamp,0,1
2000-09-23,2000-01,Metz,Monaco,1,3
2000-09-23,2000-01,Paris SG,Nantes,2,1
2000-09-23,2000-01,Rennes,Troyes,0,2
2000-09-23,2000-01,Sedan,Bastia,3,3
2000-09-23,2000-01,Strasbourg,St Etienne,3,2
2000-09-24,2000-01,Lille,Lens,2,1
2000-09-30,2000-01,Bastia,Metz,1,0
2000-09-30,2000-01,Guingamp,Paris SG,1,1
2000-09-30,2000-01,Lens,Strasbourg,0,0
2000-09-30,2000-01,Monaco,Bordeaux,2,2
2000-09-30,2000-01,St Etienne,Rennes,0,2
2000-09-30,2000-01,Toulouse,Auxerre,0,1
2000-09-30,2000-01,Troyes,Sedan,1,1
2000-10-01,2000-01,Marseille,Lyon,1,1
2000-10-01,2000-01,Nantes,Lille,0,0
2000-10-10,2000-01,Sedan,Rennes,2,1
2000-10-13,2000-01,Bastia,Monaco,0,2
2000-10-13,2000-01,Paris SG,Marseille,2,0
2000-10-14,2000-01,Lille,Guingamp,1,1
2000-10-14,2000-01,Metz,Troyes,2,2
2000-10-14,2000-01,Rennes,Lens,1,0
2000-10-14,2000-01,Sedan,St Etienne,2,1
2000-10-14,2000-01,Strasbourg,Nantes,0,5
2000-10-15,2000-01,Auxerre,Bordeaux,0,2
2000-10-21,2000-01,Bordeaux,Lyon,1,1
2000-10-21,2000-01,Guingamp,Strasbourg,2,1
2000-10-21,2000-01,Lens,Sedan,1,1
2000-10-21,2000-01,Monaco,Auxerre,1,1
2000-10-21,2000-01,Nantes,Rennes,1,0
2000-10-21,2000-01,St Etienne,Metz,2,0
2000-10-21,2000-01,Toulouse,Paris SG,2,3
2000-10-21,2000-01,Troyes,Bastia,0,0
2000-10-22,2000-01,Marseille,Lille,0,1
2000-10-28,2000-01,Strasbourg,Marseille,1,1
2000-10-29,2000-01,Bastia,St Etienne,0,0
2000-10-29,2000-01,Lille,Toulouse,1,0
2000-10-29,2000-01,Lyon,Auxerre,2,2
2000-10-29,2000-01,Metz,Lens,2,1
2000-10-29,2000-01,Paris SG,Bordeaux,1,2
2000-10-29,2000-01,Rennes,Guingamp,1,2
2000-10-29,2000-01,Sedan,Nantes,2,0
2000-10-29,2000-01,Troyes,Monaco,1,0
2000-11-03,2000-01,Monaco,Lyon,0,2
2000-11-04,2000-01,Auxerre,Paris SG,1,0
2000-11-04,2000-01,Bordeaux,Lille,1,0
2000-11-04,2000-01,Guingamp,Sedan,0,3
2000-11-04,2000-01,Lens,Bastia,4,0
2000-11-04,2000-01,Marseille,Rennes,0,1
2000-11-04,2000-01,Nantes,Metz,2,0
2000-11-04,2000-01,St Etienne,Troyes,4,1
2000-11-04,2000-01,Toulouse,Strasbourg,0,0
2000-11-10,2000-01,St Etienne,Monaco,1,0
2000-11-11,2000-01,Lille,Auxerre,1,1
2000-11-11,2000-01,Metz,Guingamp,1,1
2000-11-11,2000-01,Paris SG,Lyon,1,1
2000-11-11,2000-01,Rennes,Toulouse,1,1
2000-11-11,2000-01,Sedan,Marseille,2,0
2000-11-11,2000-01,Troyes,Lens,1,0
2000-11-12,2000-01,Strasbourg,Bordeaux,0,2
2000-11-17,2000-01,Marseille,Metz,4,1
2000-11-18,2000-01,Guingamp,Bastia,1,0
2000-11-18,2000-01,Lens,St Etienne,0,0
2000-11-18,2000-01,Lyon,Lille,0,1
2000-11-18,2000-01,Monaco,Paris SG,2,0
2000-11-18,2000-01,Nantes,Troyes,4,0
2000-11-18,2000-01,Toulouse,Sedan,2,0
2000-11-19,2000-01,Auxerre,Strasbourg,1,2
2000-11-19,2000-01,Bordeaux,Rennes,3,0
2000-11-25,2000-01,Bastia,Marseille,3,0
2000-11-25,2000-01,Lens,Monaco,4,3
2000-11-25,2000-01,Metz,Toulouse,1,1
2000-11-25,2000-01,Rennes,Auxerre,0,1
2000-11-25,2000-01,Strasbourg,Lyon,0,3
2000-11-25,2000-01,Troyes,Guingamp,0,1
2000-11-26,2000-01,Sedan,Bordeaux,0,0
2000-11-26,2000-01,St Etienne,Nantes,0,2
2000-11-28,2000-01,Guingamp,Lens,0,1
2000-11-28,2000-01,Paris SG,Rennes,0,1
2000-11-29,2000-01,Auxerre,Metz,1,0
2000-11-29,2000-01,Bordeaux,Bastia,0,0
2000-11-29,2000-01,Lille,Strasbourg,1,1
2000-11-29,2000-01,Lyon,Sedan,2,2
2000-11-29,2000-01,Marseille,St Etienne,2,1
2000-11-29,2000-01,Nantes,Monaco,3,1
2000-11-29,2000-01,Toulouse,Troyes,2,1
2000-12-02,2000-01,Bastia,Auxerre,3,1
2000-12-02,2000-01,Metz,Lyon,0,0
2000-12-02,2000-01,Monaco,Strasbourg,1,0
2000-12-02,2000-01,Nantes,Guingamp,2,1
2000-12-02,2000-01,Rennes,Lille,2,0
2000-12-02,2000-01,Sedan,Paris SG,5,1
2000-12-02,2000-01,St Etienne,Toulouse,1,0
2000-12-02,2000-01,Troyes,Bordeaux,1,0
2000-12-03,2000-01,Lens,Marseille,1,0
2000-12-09,2000-01,Auxerre,Troyes,2,2
2000-12-09,2000-01,Guingamp,Monaco,2,2
2000-12-09,2000-01,Lille,Sedan,2,0
2000-12-09,2000-01,Lyon,Bastia,1,0
2000-12-09,2000-01,Paris SG,Metz,1,0
2000-12-09,2000-01,Strasbourg,Rennes,1,1
2000-12-09,2000-01,Toulouse,Lens,1,0
2000-12-10,2000-01,Bordeaux,St Etienne,2,1
2000-12-10,2000-01,Marseille,Nantes,2,0
2000-12-13,2000-01,Bastia,Nantes,3,1
2000-12-13,2000-01,Lille,Paris SG,2,0
2000-12-13,2000-01,Lyon,Toulouse,4,1
2000-12-16,2000-01,Guingamp,Marseille,1,0
2000-12-16,2000-01,Lens,Bordeaux,2,2
2000-12-16,2000-01,Metz,Lille,1,1
2000-12-16,2000-01,Monaco,Rennes,1,2
2000-12-16,2000-01,Sedan,Strasbourg,1,0
2000-12-16,2000-01,St Etienne,Auxerre,2,0
2000-12-16,2000-01,Troyes,Lyon,1,0
2000-12-17,2000-01,Bastia,Paris SG,1,1
2000-12-17,2000-01,Nantes,Toulouse,3,2
2000-12-20,2000-01,Marseille,Monaco,2,1
2000-12-21,2000-01,Auxerre,Lens,3,2
2000-12-21,2000-01,Bordeaux,Nantes,0,2
2000-12-21,2000-01,Lille,Bastia,1,0
2000-12-21,2000-01,Lyon,St Etienne,2,1
2000-12-21,2000-01,Paris SG,Troyes,0,0
2000-12-21,2000-01,Rennes,Sedan,2,0
2000-12-21,2000-01,Toulouse,Guingamp,1,1
2001-01-12,2000-01,Lens,Lyon,0,0
2001-01-13,2000-01,Bastia,Strasbourg,3,1
2001-01-13,2000-01,Guingamp,Bordeaux,1,1
2001-01-13,2000-01,Marseille,Toulouse,1,1
2001-01-13,2000-01,Metz,Rennes,2,2
2001-01-13,2000-01,Monaco,Sedan,1,0
2001-01-13,2000-01,Nantes,Auxerre,1,1
2001-01-13,2000-01,St Etienne,Paris SG,1,0
2001-01-13,2000-01,Troyes,Lille,2,1
2001-01-26,2000-01,Bordeaux,Marseille,3,0
2001-01-27,2000-01,Auxerre,Guingamp,1,1
2001-01-27,2000-01,Lille,St Etienne,4,1
2001-01-27,2000-01,Lyon,Nantes,3,1
2001-01-27,2000-01,Paris SG,Lens,1,0
2001-01-27,2000-01,Rennes,Bastia,1,2
2001-01-27,2000-01,Sedan,Metz,0,0
2001-01-27,2000-01,Strasbourg,Troyes,3,3
2001-01-27,2000-01,Toulouse,Monaco,2,1
2001-02-03,2000-01,Bastia,Sedan,0,1
2001-02-03,2000-01,Guingamp,Lyon,2,3
2001-02-03,2000-01,Marseille,Auxerre,0,1
2001-02-03,2000-01,Monaco,Metz,6,1
2001-02-03,2000-01,Nantes,Paris SG,1,0
2001-02-03,2000-01,St Etienne,Strasbourg,3,3
2001-02-03,2000-01,Toulouse,Bordeaux,1,1
2001-02-04,2000-01,Lens,Lille,0,1
2001-02-06,2000-01,Lyon,Marseille,1,1
2001-02-06,2000-01,Rennes,St Etienne,3,0
2001-02-07,2000-01,Auxerre,Toulouse,2,0
2001-02-07,2000-01,Bordeaux,Monaco,2,1
2001-02-07,2000-01,Lille,Nantes,1,1
2001-02-07,2000-01,Metz,Bastia,3,2
2001-02-07,2000-01,Paris SG,Guingamp,1,3
2001-02-07,2000-01,Sedan,Troyes,2,1
2001-02-07,2000-01,Strasbourg,Lens,1,0
2001-02-17,2000-01,Guingamp,Lille,0,1
2001-02-17,2000-01,Lens,Rennes,1,2
2001-02-17,2000-01,Marseille,Paris SG,1,0
2001-02-17,2000-01,Monaco,Bastia,2,1
2001-02-17,2000-01,St Etienne,Sedan,0,2
2001-02-17,2000-01,Toulouse,Lyon,1,1
2001-02-17,2000-01,Troyes,Metz,3,2
2001-02-18,2000-01,Bordeaux,Auxerre,1,0
2001-02-18,2000-01,Nantes,Strasbourg,1,0
2001-02-23,2000-01,Troyes,Rennes,3,1
2001-03-03,2000-01,Auxerre,Monaco,1,0
2001-03-03,2000-01,Bastia,Troyes,2,2
2001-03-03,2000-01,Lille,Marseille,1,0
2001-03-03,2000-01,Lyon,Bordeaux,2,1
2001-03-03,2000-01,Metz,St Etienne,3,0
2001-03-03,2000-01,Paris SG,Toulouse,3,0
2001-03-03,2000-01,Sedan,Lens,2,2
2001-03-03,2000-01,Strasbourg,Guingamp,0,1
2001-03-04,2000-01,Rennes,Nantes,0,2
2001-03-17,2000-01,Auxerre,Lyon,0,3
2001-03-17,2000-01,Guingamp,Rennes,1,6
2001-03-17,2000-01,Lens,Metz,1,1
2001-03-17,2000-01,Marseille,Strasbourg,0,0
2001-03-17,2000-01,Monaco,Troyes,4,3
2001-03-17,2000-01,Nantes,Sedan,4,1
2001-03-17,2000-01,St Etienne,Bastia,2,1
2001-03-17,2000-01,Toulouse,Lille,0,2
2001-03-18,2000-01,Bordeaux,Paris SG,2,0
2001-04-06,2000-01,Lille,Bordeaux,2,2
2001-04-07,2000-01,Bastia,Lens,1,3
2001-04-07,2000-01,Lyon,Monaco,2,1
2001-04-07,2000-01,Metz,Nantes,1,2
2001-04-07,2000-01,Paris SG,Auxerre,3,0
2001-04-07,2000-01,Rennes,Marseille,2,0
2001-04-07,2000-01,Sedan,Guingamp,2,2
2001-04-07,2000-01,Strasbourg,Toulouse,1,0
2001-04-07,2000-01,Troyes,St Etienne,0,0
2001-04-11,2000-01,Strasbourg,Metz,0,1
2001-04-14,2000-01,Auxerre,Lille,1,1
2001-04-14,2000-01,Bordeaux,Strasbourg,2,1
2001-04-14,2000-01,Guingamp,Metz,1,3
2001-04-14,2000-01,Marseille,Sedan,2,1
2001-04-14,2000-01,Monaco,St Etienne,5,3
2001-04-14,2000-01,Nantes,Bastia,1,0
2001-04-14,2000-01,Toulouse,Rennes,2,0
2001-04-15,2000-01,Lyon,Paris SG,2,0
2001-04-28,2000-01,Bastia,Guingamp,2,0
2001-04-28,2000-01,Lille,Lyon,1,2
2001-04-28,2000-01,Metz,Marseille,1,0
2001-04-28,2000-01,Paris SG,Monaco,1,1
2001-04-28,2000-01,Rennes,Bordeaux,1,2
2001-04-28,2000-01,Sedan,Toulouse,2,3
2001-04-28,2000-01,St Etienne,Lens,1,1
2001-04-28,2000-01,Strasbourg,Auxerre,1,0
2001-04-29,2000-01,Troyes,Nantes,0,1
2001-05-04,2000-01,Lens,Troyes,1,1
2001-05-12,2000-01,Auxerre,Rennes,0,1
2001-05-12,2000-01,Bordeaux,Sedan,2,2
2001-05-12,2000-01,Guingamp,Troyes,1,1
2001-05-12,2000-01,Lyon,Strasbourg,5,0
2001-05-12,2000-01,Marseille,Bastia,2,1
2001-05-12,2000-01,Monaco,Lens,0,0
2001-05-12,2000-01,Nantes,St Etienne,1,0
2001-05-12,2000-01,Paris SG,Lille,2,2
2001-05-12,2000-01,Toulouse,Metz,2,1
2001-05-19,2000-01,Bastia,Toulouse,5,1
2001-05-19,2000-01,Lens,Nantes,1,4
2001-05-19,2000-01,Metz,Bordeaux,2,0
2001-05-19,2000-01,Monaco,Lille,1,2
2001-05-19,2000-01,Rennes,Lyon,3,4
2001-05-19,2000-01,Sedan,Auxerre,1,0
2001-05-19,2000-01,St Etienne,Guingamp,2,2
2001-05-19,2000-01,Strasbourg,Paris SG,1,2
2001-05-19,2000-01,Troyes,Marseille,1,1
2001-07-27,2001-02,Bordeaux,Nantes,2,0
2001-07-28,2001-02,Bastia,Sedan,1,1
2001-07-28,2001-02,Lens,Lyon,2,0
2001-07-28,2001-02,Lorient,Metz,1,0
2001-07-28,2001-02,Monaco,Sochaux,0,1
2001-07-28,2001-02,Montpellier,Marseille,1,1
2001-07-28,2001-02,Paris SG,Lille,0,0
2001-07-28,2001-02,Rennes,Auxerre,0,5
2001-07-28,2001-02,Troyes,Guingamp,3,0
2001-08-03,2001-02,Marseille,Bordeaux,0,0
2001-08-04,2001-02,Auxerre,Paris SG,1,1
2001-08-04,2001-02,Guingamp,Bastia,1,0
2001-08-04,2001-02,Lille,Lorient,3,1
2001-08-04,2001-02,Lyon,Sedan,2,0
2001-08-04,2001-02,Metz,Troyes,2,1
2001-08-04,2001-02,Monaco,Montpellier,0,0
2001-08-04,2001-02,Nantes,Lens,1,2
2001-08-04,2001-02,Sochaux,Rennes,4,3
2001-08-11,2001-02,Bordeaux,Lille,0,0
2001-08-11,2001-02,Lens,Marseille,2,0
2001-08-11,2001-02,Montpellier,Metz,3,0
2001-08-11,2001-02,Paris SG,Sochaux,1,0
2001-08-11,2001-02,Rennes,Monaco,3,0
2001-08-11,2001-02,Sedan,Guingamp,1,1
2001-08-11,2001-02,Troyes,Nantes,0,0
2001-08-12,2001-02,Bastia,Lyon,1,2
2001-08-12,2001-02,Lorient,Auxerre,0,1
2001-08-18,2001-02,Lille,Montpellier,2,1
2001-08-18,2001-02,Lyon,Guingamp,3,0
2001-08-18,2001-02,Marseille,Troyes,0,1
2001-08-18,2001-02,Metz,Lens,0,1
2001-08-18,2001-02,Monaco,Paris SG,2,2
2001-08-18,2001-02,Nantes,Bastia,1,2
2001-08-18,2001-02,Rennes,Bordeaux,1,0
2001-08-18,2001-02,Sochaux,Lorient,2,2
2001-08-19,2001-02,Auxerre,Sedan,2,1
2001-08-25,2001-02,Bastia,Marseille,1,0
2001-08-25,2001-02,Bordeaux,Auxerre,1,1
2001-08-25,2001-02,Guingamp,Nantes,1,0
2001-08-25,2001-02,Lorient,Monaco,2,0
2001-08-25,2001-02,Montpellier,Sochaux,0,0
2001-08-25,2001-02,Paris SG,Rennes,3,0
2001-08-25,2001-02,Sedan,Metz,2,0
2001-08-25,2001-02,Troyes,Lyon,0,2
2001-08-26,2001-02,Lens,Lille,1,1
2001-09-08,2001-02,Auxerre,Montpellier,1,0
2001-09-08,2001-02,Lille,Guingamp,1,0
2001-09-08,2001-02,Marseille,Lyon,0,0
2001-09-08,2001-02,Metz,Bastia,0,1
2001-09-08,2001-02,Monaco,Troyes,2,0
2001-09-08,2001-02,Nantes,Sedan,1,1
2001-09-08,2001-02,Paris SG,Lens,2,2
2001-09-08,2001-02,Rennes,Lorient,1,1
2001-09-09,2001-02,Sochaux,Bordeaux,2,0
2001-09-15,2001-02,Bastia,Auxerre,0,1
2001-09-15,2001-02,Guingamp,Metz,0,2
2001-09-15,2001-02,Lens,Sochaux,3,0
2001-09-15,2001-02,Lorient,Paris SG,1,1
2001-09-15,2001-02,Lyon,Nantes,4,1
2001-09-15,2001-02,Montpellier,Rennes,0,0
2001-09-15,2001-02,Troyes,Lille,0,1
2001-09-16,2001-02,Bordeaux,Monaco,0,0
2001-09-16,2001-02,Sedan,Marseille,1,1
2001-09-21,2001-02,Paris SG,Montpellier,0,0
2001-09-22,2001-02,Auxerre,Guingamp,2,2
2001-09-22,2001-02,Lille,Bastia,2,1
2001-09-22,2001-02,Marseille,Nantes,2,0
2001-09-22,2001-02,Metz,Lyon,2,0
2001-09-22,2001-02,Monaco,Lens,3,0
2001-09-22,2001-02,Rennes,Troyes,0,1
2001-09-23,2001-02,Lorient,Bordeaux,0,2
2001-09-23,2001-02,Sochaux,Sedan,3,0
2001-09-29,2001-02,Bastia,Monaco,1,0
2001-09-29,2001-02,Guingamp,Marseille,1,0
2001-09-29,2001-02,Lens,Auxerre,1,1
2001-09-29,2001-02,Lyon,Rennes,4,0
2001-09-29,2001-02,Montpellier,Lorient,1,3
2001-09-29,2001-02,Nantes,Metz,0,0
2001-09-30,2001-02,Bordeaux,Paris SG,1,0
2001-09-30,2001-02,Sedan,Lille,1,1
2001-09-30,2001-02,Troyes,Sochaux,2,2
2001-10-13,2001-02,Auxerre,Troyes,1,3
2001-10-13,2001-02,Lille,Nantes,1,0
2001-10-13,2001-02,Lorient,Lens,2,3
2001-10-13,2001-02,Metz,Marseille,0,2
2001-10-13,2001-02,Monaco,Sedan,2,0
2001-10-13,2001-02,Montpellier,Bordeaux,0,0
2001-10-13,2001-02,Rennes,Guingamp,2,1
2001-10-13,2001-02,Sochaux,Bastia,4,1
2001-10-14,2001-02,Paris SG,Lyon,2,2
2001-10-20,2001-02,Bastia,Rennes,1,2
2001-10-20,2001-02,Guingamp,Monaco,2,1
2001-10-20,2001-02,Lens,Montpellier,2,0
2001-10-20,2001-02,Lyon,Sochaux,1,1
2001-10-20,2001-02,Marseille,Lille,0,0
2001-10-20,2001-02,Nantes,Auxerre,2,2
2001-10-21,2001-02,Bordeaux,Metz,1,0
2001-10-21,2001-02,Sedan,Paris SG,1,2
2001-10-21,2001-02,Troyes,Lorient,4,2
2001-10-26,2001-02,Auxerre,Marseille,2,0
2001-10-27,2001-02,Bordeaux,Sedan,2,1
2001-10-27,2001-02,Lille,Metz,2,0
2001-10-27,2001-02,Lorient,Guingamp,6,2
2001-10-27,2001-02,Monaco,Lyon,2,1
2001-10-27,2001-02,Montpellier,Troyes,2,0
2001-10-27,2001-02,Paris SG,Bastia,1,0
2001-10-27,2001-02,Rennes,Lens,1,2
2001-10-27,2001-02,Sochaux,Nantes,0,1
2001-11-03,2001-02,Bastia,Lorient,3,1
2001-11-03,2001-02,Guingamp,Sochaux,0,0
2001-11-03,2001-02,Marseille,Rennes,2,1
2001-11-03,2001-02,Nantes,Monaco,2,1
2001-11-03,2001-02,Sedan,Montpellier,2,0
2001-11-04,2001-02,Lens,Bordeaux,0,0
2001-11-04,2001-02,Lyon,Lille,4,2
2001-11-04,2001-02,Metz,Auxerre,2,0
2001-11-04,2001-02,Troyes,Paris SG,1,0
2001-11-16,2001-02,Monaco,Marseille,1,1
2001-11-17,2001-02,Auxerre,Lille,2,1
2001-11-17,2001-02,Bordeaux,Troyes,2,3
2001-11-17,2001-02,Lens,Sedan,1,0
2001-11-17,2001-02,Lorient,Lyon,0,3
2001-11-17,2001-02,Montpellier,Bastia,2,1
2001-11-17,2001-02,Paris SG,Guingamp,1,1
2001-11-17,2001-02,Rennes,Nantes,2,0
2001-11-17,2001-02,Sochaux,Metz,2,0
2001-11-24,2001-02,Bastia,Bordeaux,1,2
2001-11-24,2001-02,Guingamp,Montpellier,2,2
2001-11-24,2001-02,Marseille,Sochaux,4,2
2001-11-24,2001-02,Metz,Monaco,1,0
2001-11-24,2001-02,Sedan,Lorient,5,0
2001-11-24,2001-02,Troyes,Lens,1,1
2001-11-25,2001-02,Lille,Rennes,1,0
2001-11-25,2001-02,Lyon,Auxerre,3,0
2001-11-25,2001-02,Nantes,Paris SG,1,2
2001-11-28,2001-02,Bordeaux,Guingamp,2,0
2001-11-28,2001-02,Lens,Bastia,7,0
2001-11-28,2001-02,Lorient,Nantes,1,2
2001-11-28,2001-02,Monaco,Lille,2,2
2001-11-28,2001-02,Montpellier,Lyon,3,0
2001-11-28,2001-02,Rennes,Metz,0,0
2001-11-28,2001-02,Sochaux,Auxerre,1,2
2001-11-28,2001-02,Troyes,Sedan,1,1
2001-11-29,2001-02,Paris SG,Marseille,0,0
2001-12-08,2001-02,Auxerre,Monaco,2,0
2001-12-08,2001-02,Bastia,Troyes,2,0
2001-12-08,2001-02,Guingamp,Lens,1,0
2001-12-08,2001-02,Marseille,Lorient,3,2
2001-12-08,2001-02,Nantes,Montpellier,1,2
2001-12-08,2001-02,Sedan,Rennes,0,0
2001-12-09,2001-02,Lille,Sochaux,1,2
2001-12-09,2001-02,Lyon,Bordeaux,1,0
2001-12-09,2001-02,Metz,Paris SG,0,2
2001-12-18,2001-02,Bordeaux,Marseille,0,0
2001-12-18,2001-02,Lens,Nantes,3,0
2001-12-19,2001-02,Bastia,Guingamp,3,0
2001-12-19,2001-02,Lorient,Lille,2,4
2001-12-19,2001-02,Paris SG,Auxerre,0,0
2001-12-19,2001-02,Rennes,Sochaux,1,1
2001-12-19,2001-02,Sedan,Lyon,2,1
2001-12-21,2001-02,Marseille,Lens,1,2
2001-12-22,2001-02,Guingamp,Sedan,1,2
2001-12-22,2001-02,Monaco,Rennes,3,1
2001-12-22,2001-02,Nantes,Troyes,1,0
2001-12-22,2001-02,Sochaux,Paris SG,0,2
2002-01-05,2001-02,Bastia,Nantes,0,2
2002-01-05,2001-02,Bordeaux,Rennes,2,1
2002-01-05,2001-02,Guingamp,Lyon,2,4
2002-01-05,2001-02,Lorient,Sochaux,1,1
2002-01-05,2001-02,Montpellier,Lille,2,0
2002-01-05,2001-02,Paris SG,Monaco,1,2
2002-01-11,2001-02,Lille,Lens,0,1
2002-01-12,2001-02,Marseille,Bastia,2,2
2002-01-12,2001-02,Monaco,Lorient,1,0
2002-01-12,2001-02,Nantes,Guingamp,2,0
2002-01-12,2001-02,Rennes,Paris SG,1,2
2002-01-12,2001-02,Sochaux,Montpellier,0,1
2002-01-16,2001-02,Auxerre,Lorient,2,2
2002-01-16,2001-02,Lille,Bordeaux,2,2
2002-01-16,2001-02,Lyon,Bastia,0,0
2002-01-16,2001-02,Montpellier,Monaco,1,1
2002-01-16,2001-02,Troyes,Metz,2,0
2002-01-23,2001-02,Bastia,Metz,1,2
2002-01-23,2001-02,Bordeaux,Sochaux,0,1
2002-01-23,2001-02,Guingamp,Lille,0,0
2002-01-23,2001-02,Lorient,Rennes,2,0
2002-01-23,2001-02,Lyon,Marseille,4,0
2002-01-23,2001-02,Montpellier,Auxerre,0,0
2002-01-23,2001-02,Sedan,Nantes,0,0
2002-01-23,2001-02,Troyes,Monaco,3,0
2002-01-24,2001-02,Lens,Paris SG,1,1
2002-01-26,2001-02,Troyes,Marseille,1,0
2002-01-29,2001-02,Nantes,Lyon,3,0
2002-01-30,2001-02,Auxerre,Bastia,1,0
2002-01-30,2001-02,Marseille,Sedan,2,1
2002-01-30,2001-02,Metz,Guingamp,2,4
2002-01-30,2001-02,Monaco,Bordeaux,3,1
2002-01-30,2001-02,Paris SG,Lorient,5,0
2002-01-30,2001-02,Rennes,Montpellier,2,0
2002-01-30,2001-02,Sochaux,Lens,0,2
2002-02-02,2001-02,Bastia,Lille,1,0
2002-02-02,2001-02,Bordeaux,Lorient,2,1
2002-02-02,2001-02,Guingamp,Auxerre,0,0
2002-02-02,2001-02,Lens,Monaco,1,0
2002-02-02,2001-02,Lyon,Metz,4,1
2002-02-02,2001-02,Montpellier,Paris SG,0,0
2002-02-02,2001-02,Sedan,Sochaux,2,1
2002-02-02,2001-02,Troyes,Rennes,1,1
2002-02-03,2001-02,Nantes,Marseille,3,1
2002-02-06,2001-02,Auxerre,Lens,1,0
2002-02-06,2001-02,Lille,Sedan,1,1
2002-02-06,2001-02,Lorient,Montpellier,1,0
2002-02-06,2001-02,Marseille,Guingamp,2,1
2002-02-06,2001-02,Metz,Nantes,2,0
2002-02-06,2001-02,Monaco,Bastia,1,1
2002-02-06,2001-02,Rennes,Lyon,2,2
2002-02-06,2001-02,Sochaux,Troyes,2,2
2002-02-07,2001-02,Paris SG,Bordeaux,1,0
2002-02-09,2001-02,Lyon,Troyes,3,1
2002-02-09,2001-02,Metz,Montpellier,0,0
2002-02-16,2001-02,Bastia,Sochaux,3,0
2002-02-16,2001-02,Bordeaux,Montpellier,3,1
2002-02-16,2001-02,Guingamp,Rennes,1,1
2002-02-16,2001-02,Lens,Lorient,1,1
2002-02-16,2001-02,Nantes,Lille,0,1
2002-02-16,2001-02,Sedan,Monaco,0,0
2002-02-16,2001-02,Troyes,Auxerre,1,2
2002-02-17,2001-02,Lyon,Paris SG,3,0
2002-02-17,2001-02,Marseille,Metz,1,0
2002-02-23,2001-02,Auxerre,Nantes,2,1
2002-02-23,2001-02,Lorient,Troyes,1,0
2002-02-23,2001-02,Metz,Bordeaux,1,2
2002-02-23,2001-02,Monaco,Guingamp,3,1
2002-02-23,2001-02,Montpellier,Lens,1,2
2002-02-23,2001-02,Paris SG,Sedan,3,0
2002-02-23,2001-02,Rennes,Bastia,2,1
2002-02-24,2001-02,Lille,Marseille,2,0
2002-02-24,2001-02,Sochaux,Lyon,2,1
2002-03-02,2001-02,Lens,Metz,2,2
2002-03-03,2001-02,Lille,Troyes,1,0
2002-03-06,2001-02,Bastia,Paris SG,0,1
2002-03-06,2001-02,Guingamp,Lorient,4,3
2002-03-06,2001-02,Lens,Rennes,2,0
2002-03-06,2001-02,Lyon,Monaco,1,0
2002-03-06,2001-02,Metz,Lille,0,1
2002-03-06,2001-02,Nantes,Sochaux,0,0
2002-03-06,2001-02,Sedan,Bordeaux,1,0
2002-03-06,2001-02,Troyes,Montpellier,2,0
2002-03-10,2001-02,Auxerre,Bordeaux,0,1
2002-03-16,2001-02,Auxerre,Metz,3,2
2002-03-16,2001-02,Lille,Lyon,2,0
2002-03-16,2001-02,Lorient,Bastia,0,0
2002-03-16,2001-02,Monaco,Nantes,1,2
2002-03-16,2001-02,Montpellier,Sedan,0,0
2002-03-16,2001-02,Paris SG,Troyes,3,1
2002-03-16,2001-02,Rennes,Marseille,2,1
2002-03-16,2001-02,Sochaux,Guingamp,1,0
2002-03-17,2001-02,Bordeaux,Lens,2,1
2002-03-23,2001-02,Bastia,Montpellier,3,0
2002-03-23,2001-02,Guingamp,Paris SG,0,1
2002-03-23,2001-02,Lille,Auxerre,2,3
2002-03-23,2001-02,Lyon,Lorient,2,0
2002-03-23,2001-02,Metz,Sochaux,2,0
2002-03-23,2001-02,Nantes,Rennes,3,1
2002-03-23,2001-02,Sedan,Lens,1,1
2002-03-23,2001-02,Troyes,Bordeaux,2,0
2002-03-24,2001-02,Marseille,Monaco,1,1
2002-04-01,2001-02,Marseille,Auxerre,3,0
2002-04-06,2001-02,Bordeaux,Bastia,2,1
2002-04-06,2001-02,Lens,Troyes,0,0
2002-04-06,2001-02,Lorient,Sedan,1,1
2002-04-06,2001-02,Monaco,Metz,2,2
2002-04-06,2001-02,Montpellier,Guingamp,2,1
2002-04-06,2001-02,Paris SG,Nantes,1,1
2002-04-06,2001-02,Rennes,Lille,4,0
2002-04-06,2001-02,Sochaux,Marseille,3,0
2002-04-07,2001-02,Auxerre,Lyon,0,1
2002-04-09,2001-02,Metz,Sedan,2,3
2002-04-12,2001-02,Marseille,Paris SG,1,0
2002-04-13,2001-02,Auxerre,Sochaux,2,0
2002-04-13,2001-02,Bastia,Lens,3,1
2002-04-13,2001-02,Guingamp,Bordeaux,2,1
2002-04-13,2001-02,Lille,Monaco,1,1
2002-04-13,2001-02,Lyon,Montpellier,0,0
2002-04-13,2001-02,Metz,Rennes,3,1
2002-04-13,2001-02,Nantes,Lorient,2,0
2002-04-13,2001-02,Sedan,Troyes,0,0
2002-04-21,2001-02,Sedan,Auxerre,3,3
2002-04-27,2001-02,Bordeaux,Lyon,0,1
2002-04-27,2001-02,Lens,Guingamp,4,1
2002-04-27,2001-02,Lorient,Marseille,2,2
2002-04-27,2001-02,Monaco,Auxerre,1,1
2002-04-27,2001-02,Montpellier,Nantes,3,0
2002-04-27,2001-02,Paris SG,Metz,2,0
2002-04-27,2001-02,Rennes,Sedan,1,0
2002-04-27,2001-02,Sochaux,Lille,0,0
2002-04-27,2001-02,Troyes,Bastia,3,0
2002-05-04,2001-02,Auxerre,Rennes,2,3
2002-05-04,2001-02,Guingamp,Troyes,1,0
2002-05-04,2001-02,Lille,Paris SG,1,0
2002-05-04,2001-02,Lyon,Lens,3,1
2002-05-04,2001-02,Marseille,Montpellier,1,0
2002-05-04,2001-02,Metz,Lorient,1,1
2002-05-04,2001-02,Nantes,Bordeaux,2,1
2002-05-04,2001-02,Sedan,Bastia,0,2
2002-05-04,2001-02,Sochaux,Monaco,3,0
2002-08-02,2002-03,Guingamp,Lyon,3,3
2002-08-03,2002-03,Bastia,Lens,1,1
2002-08-03,2002-03,Lille,Bordeaux,0,3
2002-08-03,2002-03,Marseille,Nantes,0,2
2002-08-03,2002-03,Montpellier,Rennes,1,0
2002-08-03,2002-03,Nice,Le Havre,1,2
2002-08-03,2002-03,Paris SG,Auxerre,1,0
2002-08-03,2002-03,Sedan,Sochaux,0,0
2002-08-03,2002-03,Strasbourg,Ajaccio,1,1
2002-08-03,2002-03,Troyes,Monaco,0,4
2002-08-08,2002-03,Auxerre,Montpellier,2,0
2002-08-09,2002-03,Bordeaux,Paris SG,0,0
2002-08-10,2002-03,Ajaccio,Guingamp,0,2
2002-08-10,2002-03,Le Havre,Lille,0,0
2002-08-10,2002-03,Lens,Sochaux,1,1
2002-08-10,2002-03,Lyon,Sedan,6,1
2002-08-10,2002-03,Monaco,Marseille,0,1
2002-08-10,2002-03,Nantes,Bastia,1,0
2002-08-10,2002-03,Nice,Strasbourg,4,0
2002-08-10,2002-03,Rennes,Troyes,0,0
2002-08-16,2002-03,Marseille,Lyon,1,1
2002-08-17,2002-03,Bastia,Monaco,1,0
2002-08-17,2002-03,Guingamp,Rennes,3,0
2002-08-17,2002-03,Lille,Nice,0,3
2002-08-17,2002-03,Montpellier,Bordeaux,0,1
2002-08-17,2002-03,Paris SG,Ajaccio,2,2
2002-08-17,2002-03,Sedan,Lens,0,1
2002-08-17,2002-03,Sochaux,Nantes,4,2
2002-08-17,2002-03,Strasbourg,Le Havre,1,1
2002-08-17,2002-03,Troyes,Auxerre,1,2
2002-08-23,2002-03,Lille,Troyes,0,0
2002-08-24,2002-03,Ajaccio,Sedan,1,0
2002-08-24,2002-03,Auxerre,Guingamp,2,1
2002-08-24,2002-03,Bordeaux,Strasbourg,1,2
2002-08-24,2002-03,Lyon,Bastia,4,1
2002-08-24,2002-03,Monaco,Sochaux,1,0
2002-08-24,2002-03,Nantes,Lens,2,2
2002-08-24,2002-03,Nice,Montpellier,2,1
2002-08-24,2002-03,Rennes,Marseille,1,3
2002-08-25,2002-03,Le Havre,Paris SG,0,1
2002-08-31,2002-03,Bastia,Rennes,3,1
2002-08-31,2002-03,Guingamp,Bordeaux,0,0
2002-08-31,2002-03,Lens,Monaco,1,0
2002-08-31,2002-03,Montpellier,Le Havre,0,0
2002-08-31,2002-03,Paris SG,Nice,1,1
2002-08-31,2002-03,Sedan,Nantes,1,0
2002-08-31,2002-03,Sochaux,Lyon,2,1
2002-08-31,2002-03,Strasbourg,Lille,2,2
2002-08-31,2002-03,Troyes,Ajaccio,1,0
2002-09-01,2002-03,Marseille,Auxerre,0,0
2002-09-10,2002-03,Lyon,Lens,1,0
2002-09-11,2002-03,Ajaccio,Montpellier,0,0
2002-09-11,2002-03,Auxerre,Bastia,1,0
2002-09-11,2002-03,Bordeaux,Troyes,1,0
2002-09-11,2002-03,Le Havre,Guingamp,1,2
2002-09-11,2002-03,Lille,Paris SG,2,1
2002-09-11,2002-03,Monaco,Nantes,2,1
2002-09-11,2002-03,Nice,Marseille,2,0
2002-09-11,2002-03,Rennes,Sochaux,2,2
2002-09-11,2002-03,Strasbourg,Sedan,1,1
2002-09-14,2002-03,Guingamp,Nice,0,0
2002-09-14,2002-03,Lens,Rennes,1,0
2002-09-14,2002-03,Marseille,Bordeaux,2,1
2002-09-14,2002-03,Montpellier,Lille,1,0
2002-09-14,2002-03,Nantes,Lyon,1,0
2002-09-14,2002-03,Paris SG,Strasbourg,3,0
2002-09-14,2002-03,Sedan,Monaco,2,2
2002-09-14,2002-03,Sochaux,Auxerre,1,1
2002-09-14,2002-03,Troyes,Le Havre,1,1
2002-09-15,2002-03,Bastia,Ajaccio,1,2
2002-09-21,2002-03,Ajaccio,Sochaux,0,1
2002-09-21,2002-03,Bordeaux,Lens,1,0
2002-09-21,2002-03,Le Havre,Marseille,1,3
2002-09-21,2002-03,Lille,Guingamp,2,1
2002-09-21,2002-03,Lyon,Monaco,1,3
2002-09-21,2002-03,Nice,Troyes,1,0
2002-09-21,2002-03,Rennes,Nantes,1,0
2002-09-21,2002-03,Strasbourg,Montpellier,3,2
2002-09-22,2002-03,Paris SG,Bastia,1,1
2002-09-27,2002-03,Marseille,Ajaccio,3,1
2002-09-28,2002-03,Bastia,Bordeaux,2,1
2002-09-28,2002-03,Guingamp,Strasbourg,2,3
2002-09-28,2002-03,Lens,Lille,0,0
2002-09-28,2002-03,Monaco,Rennes,2,1
2002-09-28,2002-03,Montpellier,Paris SG,1,1
2002-09-28,2002-03,Nantes,Auxerre,1,4
2002-09-28,2002-03,Sedan,Le Havre,4,0
2002-09-28,2002-03,Sochaux,Nice,1,0
2002-09-28,2002-03,Troyes,Lyon,1,1
2002-10-05,2002-03,Ajaccio,Nantes,1,0
2002-10-05,2002-03,Le Havre,Sochaux,1,0
2002-10-05,2002-03,Lille,Marseille,3,0
2002-10-05,2002-03,Montpellier,Lens,0,2
2002-10-05,2002-03,Nice,Bastia,2,0
2002-10-05,2002-03,Rennes,Lyon,0,1
2002-10-05,2002-03,Strasbourg,Troyes,2,1
2002-10-06,2002-03,Auxerre,Monaco,1,1
2002-10-06,2002-03,Bordeaux,Sedan,2,2
2002-10-06,2002-03,Paris SG,Guingamp,5,0
2002-10-19,2002-03,Bastia,Le Havre,3,1
2002-10-19,2002-03,Guingamp,Montpellier,3,1
2002-10-19,2002-03,Lens,Ajaccio,1,1
2002-10-19,2002-03,Lyon,Auxerre,3,0
2002-10-19,2002-03,Monaco,Lille,1,1
2002-10-19,2002-03,Nantes,Nice,0,0
2002-10-19,2002-03,Sedan,Rennes,1,3
2002-10-19,2002-03,Sochaux,Bordeaux,2,0
2002-10-19,2002-03,Troyes,Paris SG,1,2
2002-10-20,2002-03,Marseille,Strasbourg,1,0
2002-10-25,2002-03,Bordeaux,Monaco,2,2
2002-10-26,2002-03,Ajaccio,Lyon,0,1
2002-10-26,2002-03,Auxerre,Rennes,1,0
2002-10-26,2002-03,Guingamp,Sedan,0,1
2002-10-26,2002-03,Le Havre,Nantes,1,1
2002-10-26,2002-03,Lille,Sochaux,1,0
2002-10-26,2002-03,Montpellier,Troyes,2,2
2002-10-26,2002-03,Nice,Lens,0,0
2002-10-26,2002-03,Paris SG,Marseille,3,0
2002-10-26,2002-03,Strasbourg,Bastia,2,0
2002-11-02,2002-03,Bastia,Lille,1,0
2002-11-02,2002-03,Lens,Auxerre,3,1
2002-11-02,2002-03,Lyon,Nice,2,2
2002-11-02,2002-03,Marseille,Montpellier,2,0
2002-11-02,2002-03,Monaco,Le Havre,1,1
2002-11-02,2002-03,Rennes,Ajaccio,0,0
2002-11-02,2002-03,Sochaux,Strasbourg,2,0
2002-11-02,2002-03,Troyes,Guingamp,0,2
2002-11-03,2002-03,Nantes,Bordeaux,0,0
2002-11-03,2002-03,Sedan,Paris SG,3,1
2002-11-07,2002-03,Ajaccio,Auxerre,1,0
2002-11-07,2002-03,Le Havre,Lyon,1,2
2002-11-08,2002-03,Nice,Monaco,1,0
2002-11-09,2002-03,Bordeaux,Rennes,2,0
2002-11-09,2002-03,Guingamp,Marseille,0,0
2002-11-09,2002-03,Lille,Nantes,0,1
2002-11-09,2002-03,Montpellier,Sedan,2,0
2002-11-09,2002-03,Paris SG,Sochaux,1,1
2002-11-09,2002-03,Strasbourg,Lens,2,0
2002-11-09,2002-03,Troyes,Bastia,3,0
2002-11-14,2002-03,Monaco,Ajaccio,3,2
2002-11-16,2002-03,Auxerre,Nice,0,2
2002-11-16,2002-03,Bastia,Guingamp,0,2
2002-11-16,2002-03,Lyon,Bordeaux,4,2
2002-11-16,2002-03,Marseille,Troyes,0,0
2002-11-16,2002-03,Nantes,Strasbourg,4,1
2002-11-16,2002-03,Rennes,Le Havre,0,0
2002-11-16,2002-03,Sedan,Lille,0,1
2002-11-16,2002-03,Sochaux,Montpellier,0,0
2002-11-17,2002-03,Lens,Paris SG,3,2
2002-11-22,2002-03,Paris SG,Nantes,0,1
2002-11-23,2002-03,Bordeaux,Ajaccio,1,0
2002-11-23,2002-03,Guingamp,Sochaux,2,0
2002-11-23,2002-03,Le Havre,Auxerre,0,1
2002-11-23,2002-03,Lille,Lyon,2,1
2002-11-23,2002-03,Marseille,Lens,1,0
2002-11-23,2002-03,Montpellier,Bastia,2,2
2002-11-23,2002-03,Nice,Rennes,0,0
2002-11-23,2002-03,Troyes,Sedan,2,0
2002-11-24,2002-03,Strasbourg,Monaco,1,0
2002-11-30,2002-03,Ajaccio,Le Havre,1,2
2002-11-30,2002-03,Bastia,Marseille,2,0
2002-11-30,2002-03,Monaco,Paris SG,3,1
2002-11-30,2002-03,Nantes,Montpellier,3,1
2002-11-30,2002-03,Rennes,Lille,5,1
2002-11-30,2002-03,Sedan,Nice,3,0
2002-11-30,2002-03,Sochaux,Troyes,1,0
2002-12-01,2002-03,Auxerre,Bordeaux,1,0
2002-12-01,2002-03,Lens,Guingamp,1,3
2002-12-01,2002-03,Lyon,Strasbourg,2,1
2002-12-03,2002-03,Nice,Ajaccio,3,0
2002-12-04,2002-03,Bastia,Sedan,0,1
2002-12-04,2002-03,Guingamp,Nantes,2,0
2002-12-04,2002-03,Le Havre,Bordeaux,1,0
2002-12-04,2002-03,Lille,Auxerre,2,2
2002-12-04,2002-03,Marseille,Sochaux,1,0
2002-12-04,2002-03,Montpellier,Monaco,1,2
2002-12-04,2002-03,Paris SG,Lyon,2,0
2002-12-04,2002-03,Strasbourg,Rennes,1,3
2002-12-04,2002-03,Troyes,Lens,0,0
2002-12-14,2002-03,Sedan,Marseille,1,2
2002-12-14,2002-03,Sochaux,Bastia,2,0
2002-12-15,2002-03,Ajaccio,Lille,2,2
2002-12-15,2002-03,Auxerre,Strasbourg,0,0
2002-12-15,2002-03,Bordeaux,Nice,4,0
2002-12-15,2002-03,Lens,Le Havre,1,0
2002-12-15,2002-03,Lyon,Montpellier,1,1
2002-12-15,2002-03,Monaco,Guingamp,4,0
2002-12-15,2002-03,Nantes,Troyes,2,1
2002-12-15,2002-03,Rennes,Paris SG,1,0
2002-12-19,2002-03,Paris SG,Bordeaux,1,1
2002-12-20,2002-03,Bastia,Nantes,3,1
2002-12-20,2002-03,Guingamp,Ajaccio,3,1
2002-12-20,2002-03,Lille,Le Havre,1,0
2002-12-20,2002-03,Marseille,Monaco,1,1
2002-12-20,2002-03,Sedan,Lyon,1,1
2002-12-20,2002-03,Sochaux,Lens,3,0
2002-12-20,2002-03,Strasbourg,Nice,0,0
2002-12-20,2002-03,Troyes,Rennes,0,1
2003-01-10,2002-03,Lyon,Marseille,1,0
2003-01-11,2002-03,Ajaccio,Paris SG,0,0
2003-01-11,2002-03,Auxerre,Troyes,1,0
2003-01-11,2002-03,Bordeaux,Montpellier,3,1
2003-01-11,2002-03,Monaco,Bastia,0,0
2003-01-11,2002-03,Nice,Lille,2,0
2003-01-11,2002-03,Rennes,Guingamp,2,1
2003-01-14,2002-03,Marseille,Rennes,2,0
2003-01-15,2002-03,Bastia,Lyon,2,0
2003-01-15,2002-03,Guingamp,Auxerre,0,2
2003-01-15,2002-03,Montpellier,Nice,2,2
2003-01-15,2002-03,Paris SG,Le Havre,1,0
2003-01-15,2002-03,Sedan,Ajaccio,1,1
2003-01-15,2002-03,Sochaux,Monaco,0,0
2003-01-18,2002-03,Le Havre,Strasbourg,1,1
2003-01-18,2002-03,Lens,Sedan,4,0
2003-01-18,2002-03,Montpellier,Auxerre,0,0
2003-01-21,2002-03,Auxerre,Marseille,0,0
2003-01-22,2002-03,Ajaccio,Troyes,1,0
2003-01-22,2002-03,Bordeaux,Guingamp,4,2
2003-01-22,2002-03,Le Havre,Montpellier,1,0
2003-01-22,2002-03,Lille,Strasbourg,0,1
2003-01-22,2002-03,Lyon,Sochaux,4,1
2003-01-22,2002-03,Monaco,Lens,1,1
2003-01-22,2002-03,Nantes,Sedan,4,1
2003-01-22,2002-03,Nice,Paris SG,0,0
2003-01-22,2002-03,Rennes,Bastia,0,1
2003-01-28,2002-03,Marseille,Nice,2,0
2003-01-29,2002-03,Bastia,Auxerre,2,0
2003-01-29,2002-03,Guingamp,Le Havre,1,2
2003-01-29,2002-03,Lens,Lyon,2,2
2003-01-29,2002-03,Montpellier,Ajaccio,0,1
2003-01-29,2002-03,Nantes,Monaco,0,2
2003-01-29,2002-03,Paris SG,Lille,1,0
2003-01-29,2002-03,Sedan,Strasbourg,2,1
2003-01-29,2002-03,Sochaux,Rennes,1,0
2003-01-29,2002-03,Troyes,Bordeaux,0,1
2003-02-01,2002-03,Ajaccio,Bastia,1,1
2003-02-01,2002-03,Auxerre,Sochaux,2,0
2003-02-01,2002-03,Le Havre,Troyes,1,0
2003-02-01,2002-03,Lyon,Nantes,0,0
2003-02-01,2002-03,Monaco,Sedan,3,0
2003-02-01,2002-03,Nice,Guingamp,1,0
2003-02-01,2002-03,Rennes,Lens,1,1
2003-02-01,2002-03,Strasbourg,Paris SG,0,1
2003-02-02,2002-03,Bordeaux,Marseille,3,1
2003-02-04,2002-03,Monaco,Lyon,2,0
2003-02-05,2002-03,Bastia,Paris SG,1,0
2003-02-05,2002-03,Lens,Bordeaux,3,3
2003-02-05,2002-03,Marseille,Le Havre,2,0
2003-02-05,2002-03,Montpellier,Strasbourg,2,1
2003-02-05,2002-03,Nantes,Rennes,1,0
2003-02-05,2002-03,Sedan,Auxerre,1,2
2003-02-05,2002-03,Troyes,Nice,1,0
2003-02-08,2002-03,Ajaccio,Marseille,0,2
2003-02-08,2002-03,Bordeaux,Bastia,0,2
2003-02-08,2002-03,Le Havre,Sedan,2,1
2003-02-08,2002-03,Lille,Lens,0,2
2003-02-08,2002-03,Lyon,Troyes,0,0
2003-02-08,2002-03,Nice,Sochaux,2,2
2003-02-08,2002-03,Paris SG,Montpellier,1,3
2003-02-08,2002-03,Rennes,Monaco,0,0
2003-02-08,2002-03,Strasbourg,Guingamp,3,1
2003-02-09,2002-03,Auxerre,Nantes,0,1
2003-02-15,2002-03,Nantes,Sochaux,0,1
2003-02-19,2002-03,Troyes,Lille,2,0
2003-02-22,2002-03,Bastia,Nice,1,1
2003-02-22,2002-03,Guingamp,Paris SG,3,2
2003-02-22,2002-03,Lens,Montpellier,4,0
2003-02-22,2002-03,Lyon,Rennes,4,1
2003-02-22,2002-03,Marseille,Lille,2,0
2003-02-22,2002-03,Nantes,Ajaccio,1,0
2003-02-22,2002-03,Sedan,Bordeaux,0,1
2003-02-22,2002-03,Sochaux,Le Havre,1,0
2003-02-22,2002-03,Troyes,Strasbourg,1,0
2003-02-23,2002-03,Monaco,Auxerre,3,1
2003-02-28,2002-03,Nice,Nantes,1,1
2003-03-01,2002-03,Ajaccio,Lens,0,0
2003-03-01,2002-03,Bordeaux,Sochaux,2,0
2003-03-01,2002-03,Le Havre,Bastia,2,0
2003-03-01,2002-03,Lille,Monaco,1,3
2003-03-01,2002-03,Montpellier,Guingamp,2,0
2003-03-01,2002-03,Paris SG,Troyes,4,2
2003-03-01,2002-03,Rennes,Sedan,1,0
2003-03-01,2002-03,Strasbourg,Marseille,0,0
2003-03-02,2002-03,Auxerre,Lyon,1,2
2003-03-08,2002-03,Bastia,Strasbourg,1,1
2003-03-08,2002-03,Lens,Nice,0,0
2003-03-08,2002-03,Lyon,Ajaccio,3,1
2003-03-08,2002-03,Monaco,Bordeaux,0,1
2003-03-08,2002-03,Nantes,Le Havre,2,0
2003-03-08,2002-03,Rennes,Auxerre,0,0
2003-03-08,2002-03,Sedan,Guingamp,2,0
2003-03-08,2002-03,Sochaux,Lille,2,2
2003-03-08,2002-03,Troyes,Montpellier,0,2
2003-03-09,2002-03,Marseille,Paris SG,0,3
2003-03-14,2002-03,Lens,Nantes,0,1
2003-03-14,2002-03,Lille,Montpellier,2,0
2003-03-14,2002-03,Sochaux,Ajaccio,1,1
2003-03-18,2002-03,Guingamp,Lille,1,0
2003-03-19,2002-03,Strasbourg,Bordeaux,1,1
2003-03-22,2002-03,Ajaccio,Rennes,1,0
2003-03-22,2002-03,Auxerre,Lens,0,0
2003-03-22,2002-03,Bordeaux,Nantes,0,0
2003-03-22,2002-03,Guingamp,Troyes,2,0
2003-03-22,2002-03,Le Havre,Monaco,0,3
2003-03-22,2002-03,Lille,Bastia,1,1
2003-03-22,2002-03,Montpellier,Marseille,1,2
2003-03-22,2002-03,Paris SG,Sedan,2,0
2003-03-22,2002-03,Strasbourg,Sochaux,1,3
2003-03-23,2002-03,Nice,Lyon,0,1
2003-04-05,2002-03,Auxerre,Ajaccio,1,0
2003-04-05,2002-03,Bastia,Troyes,1,1
2003-04-05,2002-03,Lens,Strasbourg,1,1
2003-04-05,2002-03,Lyon,Le Havre,2,1
2003-04-05,2002-03,Marseille,Guingamp,0,2
2003-04-05,2002-03,Nantes,Lille,1,0
2003-04-05,2002-03,Rennes,Bordeaux,3,4
2003-04-05,2002-03,Sedan,Montpellier,1,2
2003-04-05,2002-03,Sochaux,Paris SG,0,0
2003-04-06,2002-03,Monaco,Nice,0,1
2003-04-08,2002-03,Auxerre,Sedan,3,1
2003-04-11,2002-03,Bordeaux,Lyon,0,1
2003-04-12,2002-03,Ajaccio,Monaco,2,4
2003-04-12,2002-03,Guingamp,Bastia,3,0
2003-04-12,2002-03,Le Havre,Rennes,0,1
2003-04-12,2002-03,Lille,Sedan,0,0
2003-04-12,2002-03,Montpellier,Sochaux,0,2
2003-04-12,2002-03,Nice,Auxerre,1,0
2003-04-12,2002-03,Paris SG,Lens,0,1
2003-04-12,2002-03,Strasbourg,Nantes,2,0
2003-04-12,2002-03,Troyes,Marseille,0,0
2003-04-19,2002-03,Ajaccio,Bordeaux,1,6
2003-04-19,2002-03,Auxerre,Le Havre,1,0
2003-04-19,2002-03,Bastia,Montpellier,1,2
2003-04-19,2002-03,Lyon,Lille,0,0
2003-04-19,2002-03,Nantes,Paris SG,1,1
2003-04-19,2002-03,Rennes,Nice,2,2
2003-04-19,2002-03,Sedan,Troyes,4,0
2003-04-19,2002-03,Sochaux,Guingamp,0,0
2003-04-20,2002-03,Lens,Marseille,0,1
2003-04-20,2002-03,Monaco,Strasbourg,2,0
2003-05-03,2002-03,Bordeaux,Auxerre,0,1
2003-05-03,2002-03,Guingamp,Lens,1,0
2003-05-03,2002-03,Le Havre,Ajaccio,0,1
2003-05-03,2002-03,Lille,Rennes,1,0
2003-05-03,2002-03,Marseille,Bastia,2,1
2003-05-03,2002-03,Montpellier,Nantes,1,0
2003-05-03,2002-03,Nice,Sedan,0,0
2003-05-03,2002-03,Strasbourg,Lyon,0,4
2003-05-03,2002-03,Troyes,Sochaux,0,2
2003-05-04,2002-03,Paris SG,Monaco,2,1
2003-05-10,2002-03,Ajaccio,Nice,2,0
2003-05-10,2002-03,Auxerre,Lille,0,0
2003-05-10,2002-03,Bordeaux,Le Havre,2,0
2003-05-10,2002-03,Lens,Troyes,1,0
2003-05-10,2002-03,Monaco,Montpellier,3,1
2003-05-10,2002-03,Nantes,Guingamp,0,4
2003-05-10,2002-03,Rennes,Strasbourg,2,3
2003-05-10,2002-03,Sedan,Bastia,2,2
2003-05-10,2002-03,Sochaux,Marseille,3,0
2003-05-11,2002-03,Lyon,Paris SG,1,0
2003-05-20,2002-03,Bastia,Sochaux,2,2
2003-05-20,2002-03,Guingamp,Monaco,3,1
2003-05-20,2002-03,Le Havre,Lens,1,3
2003-05-20,2002-03,Lille,Ajaccio,2,0
2003-05-20,2002-03,Marseille,Sedan,4,2
2003-05-20,2002-03,Montpellier,Lyon,1,1
2003-05-20,2002-03,Nice,Bordeaux,1,1
2003-05-20,2002-03,Paris SG,Rennes,0,0
2003-05-20,2002-03,Strasbourg,Auxerre,1,2
2003-05-20,2002-03,Troyes,Nantes,2,0
2003-05-24,2002-03,Ajaccio,Strasbourg,0,0
2003-05-24,2002-03,Auxerre,Paris SG,2,0
2003-05-24,2002-03,Bordeaux,Lille,2,0
2003-05-24,2002-03,Le Havre,Nice,2,1
2003-05-24,2002-03,Lens,Bastia,2,0
2003-05-24,2002-03,Lyon,Guingamp,1,4
2003-05-24,2002-03,Monaco,Troyes,6,0
2003-05-24,2002-03,Nantes,Marseille,1,0
2003-05-24,2002-03,Rennes,Montpellier,3,1
2003-05-24,2002-03,Sochaux,Sedan,2,1
2003-08-01,2003-04,Lille,Lyon,1,0
2003-08-02,2003-04,Auxerre,Nice,1,2
2003-08-02,2003-04,Guingamp,Marseille,0,1
2003-08-02,2003-04,Lens,Le Mans,0,0
2003-08-02,2003-04,Metz,Ajaccio,0,1
2003-08-02,2003-04,Monaco,Bordeaux,2,0
2003-08-02,2003-04,Montpellier,Rennes,1,1
2003-08-02,2003-04,Paris SG,Bastia,0,0
2003-08-02,2003-04,Sochaux,Nantes,2,1
2003-08-02,2003-04,Toulouse,Strasbourg,1,1
2003-08-08,2003-04,Marseille,Auxerre,1,0
2003-08-09,2003-04,Bastia,Metz,0,2
2003-08-09,2003-04,Bordeaux,Montpellier,0,1
2003-08-09,2003-04,Le Mans,Ajaccio,0,1
2003-08-09,2003-04,Lille,Paris SG,1,0
2003-08-09,2003-04,Lyon,Monaco,3,1
2003-08-09,2003-04,Nantes,Lens,2,0
2003-08-09,2003-04,Nice,Sochaux,1,0
2003-08-09,2003-04,Rennes,Toulouse,1,0
2003-08-09,2003-04,Strasbourg,Guingamp,2,0
2003-08-16,2003-04,Ajaccio,Nantes,1,3
2003-08-16,2003-04,Auxerre,Strasbourg,3,2
2003-08-16,2003-04,Guingamp,Bordeaux,1,3
2003-08-16,2003-04,Le Mans,Nice,1,1
2003-08-16,2003-04,Metz,Paris SG,0,1
2003-08-16,2003-04,Monaco,Bastia,2,0
2003-08-16,2003-04,Montpellier,Lyon,0,2
2003-08-16,2003-04,Sochaux,Rennes,1,1
2003-08-16,2003-04,Toulouse,Lille,0,3
2003-08-17,2003-04,Lens,Marseille,2,1
2003-08-23,2003-04,Bastia,Montpellier,1,0
2003-08-23,2003-04,Bordeaux,Auxerre,2,0
2003-08-23,2003-04,Lille,Metz,1,1
2003-08-23,2003-04,Lyon,Toulouse,0,0
2003-08-23,2003-04,Marseille,Sochaux,2,0
2003-08-23,2003-04,Nantes,Le Mans,1,0
2003-08-23,2003-04,Nice,Ajaccio,2,2
2003-08-23,2003-04,Rennes,Guingamp,0,0
2003-08-23,2003-04,Strasbourg,Lens,0,1
2003-08-24,2003-04,Paris SG,Monaco,2,4
2003-08-30,2003-04,Auxerre,Rennes,2,1
2003-08-30,2003-04,Guingamp,Lyon,2,0
2003-08-30,2003-04,Le Mans,Strasbourg,0,3
2003-08-30,2003-04,Montpellier,Paris SG,3,2
2003-08-30,2003-04,Nantes,Bordeaux,0,0
2003-08-30,2003-04,Sochaux,Lille,2,1
2003-08-30,2003-04,Toulouse,Bastia,0,2
2003-08-31,2003-04,Ajaccio,Marseille,0,1
2003-08-31,2003-04,Lens,Nice,1,0
2003-08-31,2003-04,Monaco,Metz,1,0
2003-09-13,2003-04,Bastia,Guingamp,4,2
2003-09-13,2003-04,Bordeaux,Sochaux,1,3
2003-09-13,2003-04,Lille,Monaco,1,1
2003-09-13,2003-04,Lyon,Auxerre,1,1
2003-09-13,2003-04,Marseille,Le Mans,5,0
2003-09-13,2003-04,Metz,Montpellier,2,1
2003-09-13,2003-04,Nice,Nantes,1,0
2003-09-13,2003-04,Rennes,Lens,2,0
2003-09-13,2003-04,Strasbourg,Ajaccio,3,2
2003-09-14,2003-04,Paris SG,Toulouse,2,1
2003-09-20,2003-04,Ajaccio,Rennes,1,0
2003-09-20,2003-04,Auxerre,Bastia,4,1
2003-09-20,2003-04,Guingamp,Paris SG,0,2
2003-09-20,2003-04,Lens,Bordeaux,1,0
2003-09-20,2003-04,Nice,Lille,2,0
2003-09-20,2003-04,Sochaux,Strasbourg,3,0
2003-09-20,2003-04,Toulouse,Metz,1,0
2003-09-21,2003-04,Le Mans,Lyon,0,2
2003-09-21,2003-04,Montpellier,Monaco,1,2
2003-09-21,2003-04,Nantes,Marseille,1,0
2003-09-27,2003-04,Bastia,Sochaux,2,0
2003-09-27,2003-04,Lille,Montpellier,1,1
2003-09-27,2003-04,Lyon,Lens,4,0
2003-09-27,2003-04,Marseille,Nice,2,1
2003-09-27,2003-04,Metz,Guingamp,1,1
2003-09-27,2003-04,Monaco,Toulouse,3,0
2003-09-27,2003-04,Paris SG,Auxerre,1,0
2003-09-27,2003-04,Rennes,Le Mans,2,0
2003-09-28,2003-04,Bordeaux,Ajaccio,1,0
2003-09-28,2003-04,Strasbourg,Nantes,1,0
2003-10-04,2003-04,Ajaccio,Lyon,2,4
2003-10-04,2003-04,Auxerre,Lille,3,0
2003-10-04,2003-04,Guingamp,Monaco,1,2
2003-10-04,2003-04,Le Mans,Bordeaux,0,0
2003-10-04,2003-04,Lens,Metz,0,2
2003-10-04,2003-04,Nantes,Rennes,1,0
2003-10-04,2003-04,Nice,Strasbourg,0,0
2003-10-04,2003-04,Sochaux,Paris SG,0,1
2003-10-04,2003-04,Toulouse,Montpellier,2,2
2003-10-05,2003-04,Marseille,Bastia,3,1
2003-10-17,2003-04,Strasbourg,Marseille,4,1
2003-10-18,2003-04,Bastia,Lens,3,1
2003-10-18,2003-04,Bordeaux,Toulouse,1,2
2003-10-18,2003-04,Lille,Ajaccio,0,0
2003-10-18,2003-04,Lyon,Sochaux,1,1
2003-10-18,2003-04,Metz,Nantes,1,3
2003-10-18,2003-04,Monaco,Auxerre,1,1
2003-10-18,2003-04,Montpellier,Guingamp,2,0
2003-10-18,2003-04,Paris SG,Le Mans,5,1
2003-10-18,2003-04,Rennes,Nice,0,0
2003-10-25,2003-04,Ajaccio,Paris SG,0,0
2003-10-25,2003-04,Auxerre,Montpellier,0,1
2003-10-25,2003-04,Guingamp,Toulouse,1,0
2003-10-25,2003-04,Le Mans,Bastia,1,1
2003-10-25,2003-04,Lens,Lille,2,1
2003-10-25,2003-04,Marseille,Rennes,2,0
2003-10-25,2003-04,Nantes,Lyon,0,1
2003-10-25,2003-04,Nice,Bordeaux,0,0
2003-10-25,2003-04,Strasbourg,Metz,0,2
2003-10-26,2003-04,Sochaux,Monaco,1,1
2003-11-01,2003-04,Bastia,Ajaccio,1,1
2003-11-01,2003-04,Bordeaux,Marseille,1,0
2003-11-01,2003-04,Lille,Guingamp,1,3
2003-11-01,2003-04,Lyon,Nice,5,0
2003-11-01,2003-04,Metz,Sochaux,0,1
2003-11-01,2003-04,Monaco,Le Mans,4,2
2003-11-01,2003-04,Montpellier,Nantes,4,1
2003-11-01,2003-04,Rennes,Strasbourg,1,1
2003-11-01,2003-04,Toulouse,Auxerre,0,3
2003-11-02,2003-04,Paris SG,Lens,0,1
2003-11-08,2003-04,Le Mans,Metz,2,0
2003-11-08,2003-04,Nantes,Paris SG,0,1
2003-11-08,2003-04,Nice,Bastia,2,0
2003-11-08,2003-04,Rennes,Lille,2,2
2003-11-09,2003-04,Ajaccio,Monaco,0,1
2003-11-09,2003-04,Auxerre,Guingamp,3,0
2003-11-09,2003-04,Lens,Montpellier,3,2
2003-11-09,2003-04,Marseille,Lyon,1,4
2003-11-09,2003-04,Sochaux,Toulouse,3,1
2003-11-09,2003-04,Strasbourg,Bordeaux,1,1
2003-11-21,2003-04,Lyon,Strasbourg,1,0
2003-11-22,2003-04,Bastia,Nantes,1,3
2003-11-22,2003-04,Bordeaux,Rennes,2,1
2003-11-22,2003-04,Guingamp,Sochaux,1,2
2003-11-22,2003-04,Lille,Marseille,0,2
2003-11-22,2003-04,Metz,Auxerre,0,2
2003-11-22,2003-04,Monaco,Lens,2,0
2003-11-22,2003-04,Montpellier,Ajaccio,3,1
2003-11-22,2003-04,Toulouse,Le Mans,1,1
2003-11-23,2003-04,Paris SG,Nice,0,0
2003-11-29,2003-04,Ajaccio,Toulouse,2,1
2003-11-29,2003-04,Le Mans,Montpellier,4,0
2003-11-29,2003-04,Nantes,Monaco,0,1
2003-11-29,2003-04,Nice,Metz,1,1
2003-11-29,2003-04,Rennes,Lyon,3,1
2003-11-29,2003-04,Strasbourg,Lille,2,2
2003-11-30,2003-04,Bordeaux,Bastia,1,1
2003-11-30,2003-04,Lens,Guingamp,2,1
2003-11-30,2003-04,Marseille,Paris SG,0,1
2003-11-30,2003-04,Sochaux,Auxerre,3,2
2003-12-03,2003-04,Auxerre,Le Mans,1,0
2003-12-03,2003-04,Bastia,Rennes,3,2
2003-12-03,2003-04,Guingamp,Ajaccio,2,0
2003-12-03,2003-04,Lille,Nantes,2,0
2003-12-03,2003-04,Paris SG,Strasbourg,3,2
2003-12-03,2003-04,Toulouse,Lens,1,2
2003-12-05,2003-04,Lyon,Metz,2,1
2003-12-05,2003-04,Marseille,Monaco,1,2
2003-12-06,2003-04,Ajaccio,Auxerre,1,2
2003-12-06,2003-04,Bordeaux,Lille,2,1
2003-12-06,2003-04,Lens,Sochaux,0,3
2003-12-06,2003-04,Nantes,Toulouse,1,1
2003-12-06,2003-04,Rennes,Paris SG,1,1
2003-12-06,2003-04,Strasbourg,Bastia,4,2
2003-12-07,2003-04,Le Mans,Guingamp,2,0
2003-12-07,2003-04,Nice,Montpellier,2,1
2003-12-13,2003-04,Auxerre,Lens,2,0
2003-12-13,2003-04,Bastia,Lyon,0,0
2003-12-13,2003-04,Guingamp,Nantes,1,1
2003-12-13,2003-04,Lille,Le Mans,1,1
2003-12-13,2003-04,Metz,Rennes,1,1
2003-12-13,2003-04,Paris SG,Bordeaux,2,1
2003-12-13,2003-04,Sochaux,Ajaccio,2,0
2003-12-13,2003-04,Toulouse,Nice,1,1
2003-12-14,2003-04,Monaco,Strasbourg,2,0
2003-12-19,2003-04,Lyon,Paris SG,1,1
2003-12-20,2003-04,Ajaccio,Lens,2,0
2003-12-20,2003-04,Bastia,Lille,0,2
2003-12-20,2003-04,Bordeaux,Metz,2,0
2003-12-20,2003-04,Le Mans,Sochaux,2,2
2003-12-20,2003-04,Marseille,Toulouse,1,0
2003-12-20,2003-04,Nantes,Auxerre,1,0
2003-12-20,2003-04,Nice,Guingamp,2,0
2003-12-20,2003-04,Rennes,Monaco,1,0
2003-12-20,2003-04,Strasbourg,Montpellier,4,2
2004-01-09,2003-04,Monaco,Lyon,3,0
2004-01-10,2003-04,Ajaccio,Le Mans,2,0
2004-01-10,2003-04,Auxerre,Marseille,2,0
2004-01-10,2003-04,Guingamp,Strasbourg,3,2
2004-01-10,2003-04,Lens,Nantes,0,0
2004-01-10,2003-04,Metz,Bastia,1,0
2004-01-10,2003-04,Montpellier,Bordeaux,1,2
2004-01-10,2003-04,Paris SG,Lille,1,0
2004-01-10,2003-04,Sochaux,Nice,0,0
2004-01-10,2003-04,Toulouse,Rennes,2,0
2004-01-17,2003-04,Bastia,Monaco,0,0
2004-01-17,2003-04,Bordeaux,Guingamp,2,0
2004-01-17,2003-04,Lille,Toulouse,0,1
2004-01-17,2003-04,Lyon,Montpellier,3,0
2004-01-17,2003-04,Nantes,Ajaccio,4,0
2004-01-17,2003-04,Nice,Le Mans,0,1
2004-01-17,2003-04,Paris SG,Metz,0,0
2004-01-17,2003-04,Rennes,Sochaux,4,0
2004-01-17,2003-04,Strasbourg,Auxerre,0,2
2004-01-18,2003-04,Marseille,Lens,3,2
2004-01-21,2003-04,Monaco,Nice,1,1
2004-01-21,2003-04,Montpellier,Sochaux,1,3
2004-01-27,2003-04,Metz,Marseille,1,1
2004-01-28,2003-04,Lyon,Bordeaux,3,0
2004-01-30,2003-04,Monaco,Paris SG,1,1
2004-01-31,2003-04,Ajaccio,Nice,1,1
2004-01-31,2003-04,Auxerre,Bordeaux,5,0
2004-01-31,2003-04,Guingamp,Rennes,0,2
2004-01-31,2003-04,Le Mans,Nantes,0,1
2004-01-31,2003-04,Lens,Strasbourg,2,1
2004-01-31,2003-04,Metz,Lille,0,1
2004-01-31,2003-04,Montpellier,Bastia,1,1
2004-01-31,2003-04,Sochaux,Marseille,2,1
2004-01-31,2003-04,Toulouse,Lyon,0,1
2004-02-04,2003-04,Montpellier,Marseille,0,1
2004-02-06,2003-04,Bordeaux,Nantes,2,0
2004-02-07,2003-04,Bastia,Toulouse,1,0
2004-02-07,2003-04,Lille,Sochaux,2,0
2004-02-07,2003-04,Lyon,Guingamp,0,1
2004-02-07,2003-04,Marseille,Ajaccio,2,1
2004-02-07,2003-04,Metz,Monaco,0,2
2004-02-07,2003-04,Nice,Lens,4,0
2004-02-07,2003-04,Paris SG,Montpellier,6,1
2004-02-07,2003-04,Rennes,Auxerre,0,2
2004-02-07,2003-04,Strasbourg,Le Mans,3,0
2004-02-14,2003-04,Ajaccio,Strasbourg,0,0
2004-02-14,2003-04,Guingamp,Bastia,1,0
2004-02-14,2003-04,Le Mans,Marseille,0,0
2004-02-14,2003-04,Lens,Rennes,2,1
2004-02-14,2003-04,Monaco,Lille,0,1
2004-02-14,2003-04,Montpellier,Metz,0,1
2004-02-14,2003-04,Nantes,Nice,3,1
2004-02-14,2003-04,Sochaux,Bordeaux,1,1
2004-02-14,2003-04,Toulouse,Paris SG,0,1
2004-02-15,2003-04,Auxerre,Lyon,1,2
2004-02-20,2003-04,Monaco,Montpellier,4,0
2004-02-21,2003-04,Bastia,Auxerre,0,0
2004-02-21,2003-04,Bordeaux,Lens,0,0
2004-02-21,2003-04,Lille,Nice,1,2
2004-02-21,2003-04,Lyon,Le Mans,2,0
2004-02-21,2003-04,Metz,Toulouse,0,2
2004-02-21,2003-04,Paris SG,Guingamp,2,0
2004-02-21,2003-04,Rennes,Ajaccio,4,1
2004-02-21,2003-04,Strasbourg,Sochaux,0,2
2004-02-22,2003-04,Marseille,Nantes,1,1
2004-02-28,2003-04,Le Mans,Rennes,2,2
2004-02-28,2003-04,Lens,Lyon,1,1
2004-02-28,2003-04,Montpellier,Lille,0,2
2004-02-28,2003-04,Nantes,Strasbourg,1,1
2004-02-28,2003-04,Toulouse,Monaco,1,1
2004-02-29,2003-04,Ajaccio,Bordeaux,1,0
2004-02-29,2003-04,Auxerre,Paris SG,1,1
2004-02-29,2003-04,Nice,Marseille,0,0
2004-02-29,2003-04,Sochaux,Bastia,2,1
2004-03-05,2003-04,Lyon,Ajaccio,4,0
2004-03-05,2003-04,Monaco,Guingamp,3,1
2004-03-06,2003-04,Bordeaux,Le Mans,2,0
2004-03-06,2003-04,Lille,Auxerre,1,0
2004-03-06,2003-04,Metz,Lens,0,2
2004-03-06,2003-04,Montpellier,Toulouse,0,1
2004-03-06,2003-04,Paris SG,Sochaux,1,1
2004-03-06,2003-04,Rennes,Nantes,0,3
2004-03-06,2003-04,Strasbourg,Nice,2,2
2004-03-07,2003-04,Bastia,Marseille,4,1
2004-03-13,2003-04,Ajaccio,Lille,0,3
2004-03-13,2003-04,Guingamp,Montpellier,4,3
2004-03-13,2003-04,Le Mans,Paris SG,0,1
2004-03-13,2003-04,Lens,Bastia,0,0
2004-03-13,2003-04,Nantes,Metz,2,2
2004-03-13,2003-04,Nice,Rennes,3,1
2004-03-13,2003-04,Sochaux,Lyon,1,2
2004-03-14,2003-04,Auxerre,Monaco,0,0
2004-03-14,2003-04,Marseille,Strasbourg,4,0
2004-03-14,2003-04,Toulouse,Bordeaux,1,0
2004-03-19,2003-04,Toulouse,Guingamp,0,0
2004-03-20,2003-04,Bastia,Le Mans,0,0
2004-03-20,2003-04,Bordeaux,Nice,1,1
2004-03-20,2003-04,Lille,Lens,1,1
2004-03-20,2003-04,Lyon,Nantes,1,0
2004-03-20,2003-04,Metz,Strasbourg,1,0
2004-03-20,2003-04,Monaco,Sochaux,1,1
2004-03-20,2003-04,Montpellier,Auxerre,1,0
2004-03-20,2003-04,Paris SG,Ajaccio,1,0
2004-03-21,2003-04,Rennes,Marseille,4,3
2004-03-27,2003-04,Ajaccio,Bastia,1,0
2004-03-27,2003-04,Guingamp,Lille,2,1
2004-03-27,2003-04,Le Mans,Monaco,0,1
2004-03-27,2003-04,Nantes,Montpellier,3,2
2004-03-27,2003-04,Nice,Lyon,0,1
2004-03-27,2003-04,Sochaux,Metz,2,0
2004-03-27,2003-04,Strasbourg,Rennes,0,3
2004-03-28,2003-04,Auxerre,Toulouse,3,2
2004-03-28,2003-04,Lens,Paris SG,1,0
2004-03-28,2003-04,Marseille,Bordeaux,1,1
2004-04-02,2003-04,Monaco,Ajaccio,3,3
2004-04-03,2003-04,Bastia,Nice,2,1
2004-04-03,2003-04,Bordeaux,Strasbourg,1,1
2004-04-03,2003-04,Lille,Rennes,1,0
2004-04-03,2003-04,Lyon,Marseille,1,2
2004-04-03,2003-04,Metz,Le Mans,5,0
2004-04-03,2003-04,Montpellier,Lens,1,0
2004-04-03,2003-04,Paris SG,Nantes,3,2
2004-04-03,2003-04,Toulouse,Sochaux,0,0
2004-04-04,2003-04,Guingamp,Auxerre,2,2
2004-04-10,2003-04,Ajaccio,Montpellier,0,0
2004-04-10,2003-04,Auxerre,Metz,2,1
2004-04-10,2003-04,Le Mans,Toulouse,2,1
2004-04-10,2003-04,Lens,Monaco,0,0
2004-04-10,2003-04,Nantes,Bastia,1,1
2004-04-10,2003-04,Nice,Paris SG,1,2
2004-04-10,2003-04,Sochaux,Guingamp,2,0
2004-04-11,2003-04,Strasbourg,Lyon,0,1
2004-04-16,2003-04,Guingamp,Metz,1,1
2004-04-18,2003-04,Marseille,Lille,2,1
2004-04-18,2003-04,Rennes,Bordeaux,3,1
2004-04-24,2003-04,Auxerre,Sochaux,2,1
2004-04-24,2003-04,Bastia,Bordeaux,0,2
2004-04-24,2003-04,Guingamp,Lens,1,0
2004-04-24,2003-04,Lille,Strasbourg,0,1
2004-04-24,2003-04,Lyon,Rennes,3,0
2004-04-24,2003-04,Metz,Nice,1,0
2004-04-24,2003-04,Monaco,Nantes,0,1
2004-04-24,2003-04,Montpellier,Le Mans,0,3
2004-04-24,2003-04,Toulouse,Ajaccio,3,1
2004-04-25,2003-04,Paris SG,Marseille,2,1
2004-04-30,2003-04,Nice,Monaco,1,2
2004-05-01,2003-04,Ajaccio,Guingamp,0,0
2004-05-01,2003-04,Le Mans,Auxerre,2,1
2004-05-01,2003-04,Lens,Toulouse,1,1
2004-05-01,2003-04,Marseille,Metz,0,1
2004-05-01,2003-04,Nantes,Lille,2,0
2004-05-01,2003-04,Rennes,Bastia,4,0
2004-05-01,2003-04,Sochaux,Montpellier,3,1
2004-05-01,2003-04,Strasbourg,Paris SG,0,0
2004-05-02,2003-04,Bordeaux,Lyon,1,1
2004-05-08,2003-04,Auxerre,Ajaccio,1,1
2004-05-08,2003-04,Bastia,Strasbourg,0,0
2004-05-08,2003-04,Guingamp,Le Mans,2,4
2004-05-08,2003-04,Lille,Bordeaux,2,1
2004-05-08,2003-04,Metz,Lyon,1,2
2004-05-08,2003-04,Montpellier,Nice,2,2
2004-05-08,2003-04,Paris SG,Rennes,1,0
2004-05-08,2003-04,Sochaux,Lens,0,3
2004-05-08,2003-04,Toulouse,Nantes,0,1
2004-05-09,2003-04,Monaco,Marseille,1,0
2004-05-11,2003-04,Bordeaux,Paris SG,3,0
2004-05-11,2003-04,Lens,Auxerre,1,3
2004-05-12,2003-04,Ajaccio,Sochaux,1,0
2004-05-12,2003-04,Le Mans,Lille,1,1
2004-05-12,2003-04,Lyon,Bastia,1,0
2004-05-12,2003-04,Marseille,Montpellier,1,1
2004-05-12,2003-04,Nantes,Guingamp,0,0
2004-05-12,2003-04,Nice,Toulouse,1,1
2004-05-12,2003-04,Rennes,Metz,0,0
2004-05-12,2003-04,Strasbourg,Monaco,0,0
2004-05-15,2003-04,Auxerre,Nantes,2,0
2004-05-15,2003-04,Guingamp,Nice,1,2
2004-05-15,2003-04,Lens,Ajaccio,2,0
2004-05-15,2003-04,Lille,Bastia,2,0
2004-05-15,2003-04,Metz,Bordeaux,3,1
2004-05-15,2003-04,Monaco,Rennes,1,4
2004-05-15,2003-04,Montpellier,Strasbourg,1,2
2004-05-15,2003-04,Paris SG,Lyon,1,0
2004-05-15,2003-04,Sochaux,Le Mans,3,0
2004-05-15,2003-04,Toulouse,Marseille,2,1
2004-05-21,2003-04,Bordeaux,Monaco,1,3
2004-05-23,2003-04,Ajaccio,Metz,3,1
2004-05-23,2003-04,Bastia,Paris SG,0,1
2004-05-23,2003-04,Le Mans,Lens,3,0
2004-05-23,2003-04,Lyon,Lille,3,0
2004-05-23,2003-04,Marseille,Guingamp,2,1
2004-05-23,2003-04,Nantes,Sochaux,3,1
2004-05-23,2003-04,Nice,Auxerre,1,1
2004-05-23,2003-04,Rennes,Montpellier,4,0
2004-05-23,2003-04,Strasbourg,Toulouse,0,0
2004-08-06,2004-05,Nice,Lyon,0,1
2004-08-07,2004-05,Bastia,Strasbourg,2,1
2004-08-07,2004-05,Caen,Istres,1,1
2004-08-07,2004-05,Lille,Auxerre,2,0
2004-08-07,2004-05,Marseille,Bordeaux,1,0
2004-08-07,2004-05,Metz,Nantes,1,0
2004-08-07,2004-05,Rennes,Paris SG,2,1
2004-08-07,2004-05,Sochaux,Ajaccio,1,0
2004-08-07,2004-05,St Etienne,Monaco,0,1
2004-08-07,2004-05,Toulouse,Lens,0,0
2004-08-14,2004-05,Ajaccio,Metz,1,2
2004-08-14,2004-05,Auxerre,Rennes,3,1
2004-08-14,2004-05,Bordeaux,Nice,5,1
2004-08-14,2004-05,Lens,St Etienne,3,0
2004-08-14,2004-05,Lyon,Sochaux,1,1
2004-08-14,2004-05,Monaco,Istres,2,1
2004-08-14,2004-05,Nantes,Bastia,1,1
2004-08-14,2004-05,Paris SG,Caen,2,2
2004-08-14,2004-05,Strasbourg,Toulouse,1,4
2004-08-15,2004-05,Marseille,Lille,3,0
2004-08-21,2004-05,Bastia,Ajaccio,1,0
2004-08-21,2004-05,Caen,Monaco,1,0
2004-08-21,2004-05,Istres,Lens,0,2
2004-08-21,2004-05,Lille,Bordeaux,0,0
2004-08-21,2004-05,Nice,Marseille,1,1
2004-08-21,2004-05,Rennes,Nantes,1,0
2004-08-21,2004-05,Sochaux,Auxerre,1,2
2004-08-21,2004-05,St Etienne,Strasbourg,1,1
2004-08-21,2004-05,Toulouse,Paris SG,2,1
2004-08-22,2004-05,Metz,Lyon,1,1
2004-08-27,2004-05,Nice,Bastia,1,1
2004-08-28,2004-05,Ajaccio,Rennes,1,1
2004-08-28,2004-05,Auxerre,Caen,1,0
2004-08-28,2004-05,Bordeaux,Sochaux,2,0
2004-08-28,2004-05,Lens,Monaco,1,1
2004-08-28,2004-05,Lyon,Lille,1,0
2004-08-28,2004-05,Marseille,Metz,1,3
2004-08-28,2004-05,Nantes,Toulouse,2,2
2004-08-28,2004-05,Strasbourg,Istres,1,1
2004-08-29,2004-05,Paris SG,St Etienne,2,2
2004-09-11,2004-05,Bastia,Auxerre,1,0
2004-09-11,2004-05,Caen,Lens,1,0
2004-09-11,2004-05,Istres,Paris SG,1,1
2004-09-11,2004-05,Lille,Nice,1,0
2004-09-11,2004-05,Metz,Bordeaux,0,0
2004-09-11,2004-05,Monaco,Strasbourg,3,1
2004-09-11,2004-05,Rennes,Lyon,1,2
2004-09-11,2004-05,St Etienne,Nantes,0,0
2004-09-11,2004-05,Toulouse,Ajaccio,3,1
2004-09-12,2004-05,Sochaux,Marseille,2,0
2004-09-18,2004-05,Ajaccio,St Etienne,1,1
2004-09-18,2004-05,Bordeaux,Rennes,0,0
2004-09-18,2004-05,Lyon,Bastia,0,0
2004-09-18,2004-05,Marseille,Toulouse,1,0
2004-09-18,2004-05,Nantes,Istres,1,0
2004-09-18,2004-05,Strasbourg,Lens,2,2
2004-09-19,2004-05,Auxerre,Metz,4,0
2004-09-19,2004-05,Lille,Caen,2,0
2004-09-19,2004-05,Nice,Sochaux,2,1
2004-09-19,2004-05,Paris SG,Monaco,0,1
2004-09-21,2004-05,Toulouse,Lyon,0,2
2004-09-22,2004-05,Bastia,Bordeaux,1,4
2004-09-22,2004-05,Caen,Strasbourg,0,0
2004-09-22,2004-05,Istres,Ajaccio,0,1
2004-09-22,2004-05,Lens,Paris SG,2,2
2004-09-22,2004-05,Metz,Nice,1,1
2004-09-22,2004-05,Monaco,Nantes,2,1
2004-09-22,2004-05,Rennes,Marseille,1,0
2004-09-22,2004-05,Sochaux,Lille,0,2
2004-09-22,2004-05,St Etienne,Auxerre,3,1
2004-09-25,2004-05,Ajaccio,Caen,2,2
2004-09-25,2004-05,Auxerre,Istres,0,0
2004-09-25,2004-05,Bordeaux,Toulouse,1,1
2004-09-25,2004-05,Lille,Metz,4,0
2004-09-25,2004-05,Lyon,Monaco,0,0
2004-09-25,2004-05,Marseille,Bastia,1,0
2004-09-25,2004-05,Nice,Rennes,2,0
2004-09-25,2004-05,Paris SG,Strasbourg,1,0
2004-09-25,2004-05,Sochaux,St Etienne,2,1
2004-09-26,2004-05,Nantes,Lens,1,0
2004-10-02,2004-05,Bastia,Paris SG,1,2
2004-10-02,2004-05,Caen,Bordeaux,1,1
2004-10-02,2004-05,Istres,Marseille,0,2
2004-10-02,2004-05,Lens,Ajaccio,1,1
2004-10-02,2004-05,Monaco,Nice,3,4
2004-10-02,2004-05,Strasbourg,Nantes,0,2
2004-10-03,2004-05,Metz,Sochaux,0,0
2004-10-03,2004-05,Rennes,Lille,0,1
2004-10-03,2004-05,St Etienne,Lyon,2,3
2004-10-03,2004-05,Toulouse,Auxerre,1,2
2004-10-15,2004-05,Lyon,Caen,4,0
2004-10-16,2004-05,Ajaccio,Strasbourg,2,2
2004-10-16,2004-05,Auxerre,Lens,3,0
2004-10-16,2004-05,Bordeaux,Istres,2,2
2004-10-16,2004-05,Lille,Bastia,2,1
2004-10-16,2004-05,Metz,Monaco,1,1
2004-10-16,2004-05,Nantes,Paris SG,1,0
2004-10-16,2004-05,Nice,Toulouse,1,0
2004-10-16,2004-05,Sochaux,Rennes,3,0
2004-10-17,2004-05,Marseille,St Etienne,1,1
2004-10-23,2004-05,Caen,Nantes,2,1
2004-10-23,2004-05,Istres,Lyon,0,0
2004-10-23,2004-05,Paris SG,Ajaccio,1,0
2004-10-23,2004-05,Rennes,Metz,3,1
2004-10-23,2004-05,St Etienne,Bordeaux,0,0
2004-10-23,2004-05,Strasbourg,Nice,3,1
2004-10-24,2004-05,Bastia,Sochaux,1,1
2004-10-24,2004-05,Lens,Marseille,0,0
2004-10-24,2004-05,Monaco,Auxerre,0,0
2004-10-24,2004-05,Toulouse,Lille,1,0
2004-10-29,2004-05,Marseille,Monaco,1,1
2004-10-30,2004-05,Ajaccio,Nantes,1,1
2004-10-30,2004-05,Auxerre,Paris SG,1,1
2004-10-30,2004-05,Bordeaux,Lens,1,1
2004-10-30,2004-05,Lille,St Etienne,1,0
2004-10-30,2004-05,Lyon,Strasbourg,1,0
2004-10-30,2004-05,Metz,Bastia,2,0
2004-10-30,2004-05,Nice,Istres,0,0
2004-10-30,2004-05,Rennes,Caen,1,1
2004-10-30,2004-05,Sochaux,Toulouse,2,0
2004-11-06,2004-05,Bastia,Rennes,1,1
2004-11-06,2004-05,Caen,Sochaux,0,2
2004-11-06,2004-05,Lens,Lyon,0,1
2004-11-06,2004-05,Monaco,Ajaccio,2,2
2004-11-06,2004-05,St Etienne,Nice,2,1
2004-11-06,2004-05,Strasbourg,Bordeaux,1,0
2004-11-06,2004-05,Toulouse,Metz,1,1
2004-11-07,2004-05,Istres,Lille,0,2
2004-11-07,2004-05,Nantes,Auxerre,1,1
2004-11-07,2004-05,Paris SG,Marseille,2,1
2004-11-13,2004-05,Auxerre,Ajaccio,1,0
2004-11-13,2004-05,Bastia,St Etienne,0,3
2004-11-13,2004-05,Bordeaux,Paris SG,3,0
2004-11-13,2004-05,Lyon,Nantes,2,0
2004-11-13,2004-05,Marseille,Strasbourg,2,0
2004-11-13,2004-05,Metz,Caen,1,2
2004-11-13,2004-05,Nice,Lens,1,1
2004-11-13,2004-05,Rennes,Toulouse,1,1
2004-11-13,2004-05,Sochaux,Istres,1,1
2004-11-14,2004-05,Lille,Monaco,1,1
2004-11-19,2004-05,Monaco,Sochaux,1,3
2004-11-19,2004-05,Paris SG,Lyon,0,0
2004-11-20,2004-05,Ajaccio,Marseille,2,0
2004-11-20,2004-05,Caen,Nice,0,0
2004-11-20,2004-05,Istres,Metz,0,0
2004-11-20,2004-05,Lens,Lille,1,1
2004-11-20,2004-05,Nantes,Bordeaux,0,1
2004-11-20,2004-05,St Etienne,Rennes,1,0
2004-11-20,2004-05,Strasbourg,Auxerre,3,1
2004-11-20,2004-05,Toulouse,Bastia,1,0
2004-11-27,2004-05,Bastia,Caen,2,0
2004-11-27,2004-05,Bordeaux,Ajaccio,0,0
2004-11-27,2004-05,Lyon,Auxerre,2,1
2004-11-27,2004-05,Marseille,Nantes,3,1
2004-11-27,2004-05,Metz,St Etienne,2,2
2004-11-27,2004-05,Rennes,Istres,3,1
2004-11-27,2004-05,Toulouse,Monaco,0,0
2004-11-28,2004-05,Lille,Strasbourg,1,1
2004-11-28,2004-05,Nice,Paris SG,1,1
2004-11-28,2004-05,Sochaux,Lens,1,2
2004-12-03,2004-05,Monaco,Rennes,2,0
2004-12-04,2004-05,Ajaccio,Lyon,1,1
2004-12-04,2004-05,Caen,Marseille,2,3
2004-12-04,2004-05,Istres,Bastia,1,0
2004-12-04,2004-05,Lens,Metz,2,0
2004-12-04,2004-05,Nantes,Nice,0,1
2004-12-04,2004-05,Paris SG,Lille,1,1
2004-12-04,2004-05,St Etienne,Toulouse,0,0
2004-12-04,2004-05,Strasbourg,Sochaux,0,0
2004-12-05,2004-05,Auxerre,Bordeaux,0,0
2004-12-11,2004-05,Bastia,Monaco,0,2
2004-12-11,2004-05,Bordeaux,Lyon,0,0
2004-12-11,2004-05,Lille,Nantes,2,1
2004-12-11,2004-05,Marseille,Auxerre,0,1
2004-12-11,2004-05,Metz,Strasbourg,1,0
2004-12-11,2004-05,Nice,Ajaccio,3,0
2004-12-11,2004-05,Rennes,Lens,3,1
2004-12-11,2004-05,St Etienne,Caen,5,0
2004-12-11,2004-05,Toulouse,Istres,2,1
2004-12-12,2004-05,Sochaux,Paris SG,1,2
2004-12-17,2004-05,Lyon,Marseille,1,1
2004-12-18,2004-05,Ajaccio,Lille,0,0
2004-12-18,2004-05,Auxerre,Nice,4,3
2004-12-18,2004-05,Caen,Toulouse,0,2
2004-12-18,2004-05,Istres,St Etienne,0,2
2004-12-18,2004-05,Lens,Bastia,2,1
2004-12-18,2004-05,Monaco,Bordeaux,1,1
2004-12-18,2004-05,Paris SG,Metz,3,0
2004-12-18,2004-05,Strasbourg,Rennes,1,0
2004-12-19,2004-05,Nantes,Sochaux,2,2
2005-01-11,2004-05,Lille,Marseille,1,2
2005-01-12,2004-05,Bastia,Nantes,0,0
2005-01-12,2004-05,Caen,Paris SG,0,0
2005-01-12,2004-05,Istres,Monaco,0,1
2005-01-12,2004-05,Metz,Ajaccio,1,0
2005-01-12,2004-05,Nice,Bordeaux,3,3
2005-01-12,2004-05,Rennes,Auxerre,1,0
2005-01-12,2004-05,Sochaux,Lyon,0,2
2005-01-12,2004-05,St Etienne,Lens,0,0
2005-01-12,2004-05,Toulouse,Strasbourg,2,0
2005-01-15,2004-05,Ajaccio,Bastia,1,0
2005-01-15,2004-05,Auxerre,Sochaux,2,0
2005-01-15,2004-05,Bordeaux,Lille,1,3
2005-01-15,2004-05,Lens,Istres,0,1
2005-01-15,2004-05,Lyon,Metz,2,0
2005-01-15,2004-05,Monaco,Caen,5,2
2005-01-15,2004-05,Nantes,Rennes,2,0
2005-01-15,2004-05,Paris SG,Toulouse,0,0
2005-01-15,2004-05,Strasbourg,St Etienne,1,1
2005-01-16,2004-05,Marseille,Nice,2,0
2005-01-22,2004-05,Bastia,Nice,2,0
2005-01-22,2004-05,Caen,Auxerre,0,2
2005-01-22,2004-05,Istres,Strasbourg,1,1
2005-01-22,2004-05,Metz,Marseille,0,1
2005-01-22,2004-05,Monaco,Lens,2,0
2005-01-22,2004-05,Rennes,Ajaccio,2,0
2005-01-22,2004-05,Sochaux,Bordeaux,4,0
2005-01-22,2004-05,St Etienne,Paris SG,0,0
2005-01-22,2004-05,Toulouse,Nantes,2,1
2005-01-23,2004-05,Lille,Lyon,2,1
2005-01-25,2004-05,Marseille,Sochaux,0,2
2005-01-26,2004-05,Ajaccio,Toulouse,1,0
2005-01-26,2004-05,Auxerre,Bastia,4,1
2005-01-26,2004-05,Bordeaux,Metz,1,0
2005-01-26,2004-05,Lens,Caen,0,1
2005-01-26,2004-05,Lyon,Rennes,2,1
2005-01-26,2004-05,Nantes,St Etienne,0,0
2005-01-26,2004-05,Nice,Lille,1,1
2005-01-26,2004-05,Paris SG,Istres,2,2
2005-01-29,2004-05,Caen,Lille,0,0
2005-01-29,2004-05,Lens,Strasbourg,2,1
2005-01-29,2004-05,Metz,Auxerre,3,0
2005-01-29,2004-05,Rennes,Bordeaux,2,0
2005-01-29,2004-05,Sochaux,Nice,0,0
2005-01-29,2004-05,Toulouse,Marseille,1,3
2005-01-30,2004-05,Istres,Nantes,0,1
2005-01-30,2004-05,Monaco,Paris SG,2,0
2005-02-01,2004-05,Bastia,Lyon,1,1
2005-02-05,2004-05,Ajaccio,Istres,0,0
2005-02-05,2004-05,Auxerre,St Etienne,2,2
2005-02-05,2004-05,Bordeaux,Bastia,0,0
2005-02-05,2004-05,Lille,Sochaux,0,0
2005-02-05,2004-05,Lyon,Toulouse,4,0
2005-02-05,2004-05,Marseille,Rennes,3,1
2005-02-05,2004-05,Nantes,Monaco,0,0
2005-02-05,2004-05,Nice,Metz,1,1
2005-02-05,2004-05,Strasbourg,Caen,5,0
2005-02-06,2004-05,Paris SG,Lens,0,2
2005-02-18,2004-05,Monaco,Lyon,1,1
2005-02-19,2004-05,Bastia,Marseille,0,1
2005-02-19,2004-05,Caen,Ajaccio,2,2
2005-02-19,2004-05,Lens,Nantes,2,0
2005-02-19,2004-05,Rennes,Nice,4,1
2005-02-19,2004-05,Strasbourg,Paris SG,3,1
2005-02-19,2004-05,Toulouse,Bordeaux,1,0
2005-02-20,2004-05,Istres,Auxerre,1,0
2005-02-20,2004-05,Metz,Lille,1,1
2005-02-20,2004-05,St Etienne,Sochaux,1,0
2005-02-26,2004-05,Ajaccio,Lens,0,0
2005-02-26,2004-05,Bordeaux,Caen,2,2
2005-02-26,2004-05,Lyon,St Etienne,3,2
2005-02-26,2004-05,Nantes,Strasbourg,2,1
2005-02-26,2004-05,Nice,Monaco,2,1
2005-02-26,2004-05,Paris SG,Bastia,1,0
2005-02-27,2004-05,Lille,Rennes,0,0
2005-02-27,2004-05,Marseille,Istres,1,1
2005-03-04,2004-05,Caen,Lyon,1,0
2005-03-05,2004-05,Bastia,Lille,3,1
2005-03-05,2004-05,Istres,Bordeaux,0,1
2005-03-05,2004-05,Lens,Auxerre,3,1
2005-03-05,2004-05,Monaco,Metz,0,0
2005-03-05,2004-05,Paris SG,Nantes,1,0
2005-03-05,2004-05,Rennes,Sochaux,3,0
2005-03-05,2004-05,Strasbourg,Ajaccio,1,0
2005-03-05,2004-05,Toulouse,Nice,1,0
2005-03-06,2004-05,St Etienne,Marseille,2,0
2005-03-12,2004-05,Ajaccio,Paris SG,1,0
2005-03-12,2004-05,Bordeaux,St Etienne,2,0
2005-03-12,2004-05,Lyon,Istres,2,1
2005-03-12,2004-05,Marseille,Lens,2,1
2005-03-12,2004-05,Metz,Rennes,1,1
2005-03-12,2004-05,Nantes,Caen,2,0
2005-03-12,2004-05,Nice,Strasbourg,0,0
2005-03-12,2004-05,Sochaux,Bastia,1,0
2005-03-13,2004-05,Auxerre,Monaco,2,2
2005-03-13,2004-05,Lille,Toulouse,1,1
2005-03-16,2004-05,Sochaux,Metz,2,1
2005-03-16,2004-05,St Etienne,Ajaccio,3,0
2005-03-16,2004-05,Strasbourg,Monaco,0,0
2005-03-19,2004-05,Bastia,Metz,1,0
2005-03-19,2004-05,Caen,Rennes,2,2
2005-03-19,2004-05,Istres,Nice,1,1
2005-03-19,2004-05,Lens,Bordeaux,2,0
2005-03-19,2004-05,Nantes,Ajaccio,0,0
2005-03-19,2004-05,Strasbourg,Lyon,0,1
2005-03-19,2004-05,Toulouse,Sochaux,0,0
2005-03-20,2004-05,Monaco,Marseille,2,1
2005-03-20,2004-05,Paris SG,Auxerre,1,0
2005-03-20,2004-05,St Etienne,Lille,0,0
2005-04-02,2004-05,Ajaccio,Monaco,3,0
2005-04-02,2004-05,Auxerre,Nantes,2,1
2005-04-02,2004-05,Bordeaux,Strasbourg,0,2
2005-04-02,2004-05,Lille,Istres,8,0
2005-04-02,2004-05,Lyon,Lens,1,0
2005-04-02,2004-05,Metz,Toulouse,0,1
2005-04-02,2004-05,Nice,St Etienne,2,0
2005-04-02,2004-05,Rennes,Bastia,1,0
2005-04-02,2004-05,Sochaux,Caen,1,0
2005-04-03,2004-05,Marseille,Paris SG,1,1
2005-04-09,2004-05,Caen,Metz,0,1
2005-04-09,2004-05,Istres,Sochaux,2,0
2005-04-09,2004-05,Lens,Nice,0,0
2005-04-09,2004-05,Nantes,Lyon,2,2
2005-04-09,2004-05,Paris SG,Bordeaux,1,1
2005-04-09,2004-05,St Etienne,Bastia,3,0
2005-04-09,2004-05,Strasbourg,Marseille,1,0
2005-04-09,2004-05,Toulouse,Rennes,0,2
2005-04-10,2004-05,Ajaccio,Auxerre,4,3
2005-04-16,2004-05,Bastia,Toulouse,2,1
2005-04-16,2004-05,Bordeaux,Nantes,0,2
2005-04-16,2004-05,Lille,Lens,2,1
2005-04-16,2004-05,Marseille,Ajaccio,1,2
2005-04-16,2004-05,Metz,Istres,2,1
2005-04-16,2004-05,Nice,Caen,0,1
2005-04-16,2004-05,Rennes,St Etienne,2,2
2005-04-16,2004-05,Sochaux,Monaco,1,1
2005-04-17,2004-05,Auxerre,Strasbourg,0,0
2005-04-17,2004-05,Lyon,Paris SG,0,1
2005-04-22,2004-05,Paris SG,Nice,3,1
2005-04-23,2004-05,Ajaccio,Bordeaux,0,0
2005-04-23,2004-05,Caen,Bastia,0,1
2005-04-23,2004-05,Istres,Rennes,0,2
2005-04-23,2004-05,Lens,Sochaux,3,2
2005-04-23,2004-05,Monaco,Toulouse,2,1
2005-04-23,2004-05,Nantes,Marseille,2,2
2005-04-23,2004-05,St Etienne,Metz,0,0
2005-04-23,2004-05,Strasbourg,Lille,1,2
2005-04-24,2004-05,Auxerre,Lyon,0,3
2005-04-29,2004-05,Auxerre,Toulouse,3,2
2005-05-01,2004-05,Monaco,Lille,2,0
2005-05-06,2004-05,Bordeaux,Auxerre,0,0
2005-05-07,2004-05,Bastia,Istres,2,0
2005-05-07,2004-05,Lille,Paris SG,1,0
2005-05-07,2004-05,Marseille,Caen,2,3
2005-05-07,2004-05,Metz,Lens,1,1
2005-05-07,2004-05,Nice,Nantes,0,0
2005-05-07,2004-05,Rennes,Monaco,0,0
2005-05-07,2004-05,Sochaux,Strasbourg,1,2
2005-05-07,2004-05,Toulouse,St Etienne,0,2
2005-05-08,2004-05,Lyon,Ajaccio,2,1
2005-05-14,2004-05,Ajaccio,Nice,0,1
2005-05-14,2004-05,Auxerre,Marseille,0,0
2005-05-14,2004-05,Caen,St Etienne,2,0
2005-05-14,2004-05,Istres,Toulouse,1,0
2005-05-14,2004-05,Lens,Rennes,5,2
2005-05-14,2004-05,Monaco,Bastia,5,2
2005-05-14,2004-05,Nantes,Lille,1,3
2005-05-14,2004-05,Paris SG,Sochaux,2,2
2005-05-14,2004-05,Strasbourg,Metz,3,1
2005-05-15,2004-05,Lyon,Bordeaux,5,1
2005-05-21,2004-05,Bastia,Lens,3,1
2005-05-21,2004-05,Bordeaux,Monaco,1,1
2005-05-21,2004-05,Lille,Ajaccio,0,2
2005-05-21,2004-05,Marseille,Lyon,0,1
2005-05-21,2004-05,Metz,Paris SG,3,2
2005-05-21,2004-05,Nice,Auxerre,1,0
2005-05-21,2004-05,Rennes,Strasbourg,4,0
2005-05-21,2004-05,Sochaux,Nantes,1,0
2005-05-21,2004-05,St Etienne,Istres,2,0
2005-05-21,2004-05,Toulouse,Caen,2,3
2005-05-28,2004-05,Ajaccio,Sochaux,3,1
2005-05-28,2004-05,Auxerre,Lille,1,3
2005-05-28,2004-05,Bordeaux,Marseille,3,3
2005-05-28,2004-05,Istres,Caen,3,2
2005-05-28,2004-05,Lens,Toulouse,1,0
2005-05-28,2004-05,Lyon,Nice,0,0
2005-05-28,2004-05,Monaco,St Etienne,1,1
2005-05-28,2004-05,Nantes,Metz,1,0
2005-05-28,2004-05,Paris SG,Rennes,1,0
2005-05-28,2004-05,Strasbourg,Bastia,2,0
2005-07-29,2005-06,Paris SG,Metz,4,1
2005-07-30,2005-06,Lille,Rennes,1,0
2005-07-30,2005-06,Marseille,Bordeaux,0,2
2005-07-30,2005-06,Nancy,Monaco,0,1
2005-07-30,2005-06,Nantes,Lens,2,0
2005-07-30,2005-06,Nice,Troyes,1,1
2005-07-30,2005-06,Sochaux,Toulouse,0,1
2005-07-30,2005-06,St Etienne,Ajaccio,0,0
2005-07-30,2005-06,Strasbourg,Auxerre,0,0
2005-07-31,2005-06,Le Mans,Lyon,1,2
2005-08-06,2005-06,Ajaccio,Lille,3,3
2005-08-06,2005-06,Bordeaux,Nancy,1,0
2005-08-06,2005-06,Lens,Marseille,2,0
2005-08-06,2005-06,Metz,Le Mans,0,0
2005-08-06,2005-06,Monaco,Auxerre,0,2
2005-08-06,2005-06,Sochaux,Paris SG,0,1
2005-08-06,2005-06,Toulouse,Nice,0,2
2005-08-06,2005-06,Troyes,St Etienne,0,0
2005-08-07,2005-06,Lyon,Strasbourg,1,0
2005-08-07,2005-06,Rennes,Nantes,0,3
2005-08-13,2005-06,Auxerre,Bordeaux,1,0
2005-08-13,2005-06,Le Mans,Rennes,4,0
2005-08-13,2005-06,Lille,Troyes,1,2
2005-08-13,2005-06,Nancy,Lens,1,2
2005-08-13,2005-06,Nantes,Ajaccio,0,2
2005-08-13,2005-06,Nice,Sochaux,1,2
2005-08-13,2005-06,Paris SG,Toulouse,2,0
2005-08-13,2005-06,St Etienne,Metz,2,0
2005-08-14,2005-06,Marseille,Lyon,1,1
2005-08-14,2005-06,Strasbourg,Monaco,1,2
2005-08-20,2005-06,Ajaccio,Le Mans,0,0
2005-08-20,2005-06,Bordeaux,Monaco,1,0
2005-08-20,2005-06,Lens,Auxerre,7,0
2005-08-20,2005-06,Lyon,Nancy,1,0
2005-08-20,2005-06,Metz,Strasbourg,0,0
2005-08-20,2005-06,Nice,Nantes,1,1
2005-08-20,2005-06,Rennes,Marseille,3,2
2005-08-20,2005-06,Sochaux,Lille,0,0
2005-08-21,2005-06,Toulouse,St Etienne,1,1
2005-08-21,2005-06,Troyes,Paris SG,1,1
2005-08-24,2005-06,Lille,Toulouse,0,0
2005-08-27,2005-06,Le Mans,Troyes,1,0
2005-08-27,2005-06,Marseille,Ajaccio,1,1
2005-08-27,2005-06,Nancy,Rennes,6,0
2005-08-27,2005-06,Nantes,Metz,0,0
2005-08-27,2005-06,Paris SG,Nice,1,2
2005-08-27,2005-06,St Etienne,Sochaux,0,0
2005-08-27,2005-06,Strasbourg,Bordeaux,0,0
2005-08-28,2005-06,Auxerre,Lyon,0,2
2005-08-28,2005-06,Monaco,Lens,0,0
2005-09-10,2005-06,Ajaccio,Nancy,1,0
2005-09-10,2005-06,Lyon,Monaco,2,1
2005-09-10,2005-06,Metz,Lille,0,2
2005-09-10,2005-06,Nice,St Etienne,0,1
2005-09-10,2005-06,Paris SG,Strasbourg,1,0
2005-09-10,2005-06,Rennes,Auxerre,3,1
2005-09-10,2005-06,Toulouse,Le Mans,0,2
2005-09-10,2005-06,Troyes,Nantes,1,0
2005-09-11,2005-06,Lens,Bordeaux,1,1
2005-09-11,2005-06,Sochaux,Marseille,0,1
2005-09-17,2005-06,Bordeaux,Lyon,1,1
2005-09-17,2005-06,Le Mans,Sochaux,2,1
2005-09-17,2005-06,Lille,Nice,4,0
2005-09-17,2005-06,Nancy,Metz,1,1
2005-09-17,2005-06,Nantes,Toulouse,2,0
2005-09-18,2005-06,Auxerre,Ajaccio,2,0
2005-09-18,2005-06,Marseille,Troyes,2,1
2005-09-18,2005-06,Monaco,Rennes,0,2
2005-09-18,2005-06,St Etienne,Paris SG,3,0
2005-09-18,2005-06,Strasbourg,Lens,1,1
2005-09-21,2005-06,Ajaccio,Strasbourg,0,0
2005-09-21,2005-06,Metz,Auxerre,1,2
2005-09-21,2005-06,Nice,Le Mans,1,0
2005-09-21,2005-06,Paris SG,Lille,2,1
2005-09-21,2005-06,Rennes,Bordeaux,2,2
2005-09-21,2005-06,Sochaux,Nantes,1,0
2005-09-21,2005-06,St Etienne,Nancy,0,2
2005-09-21,2005-06,Toulouse,Marseille,1,0
2005-09-21,2005-06,Troyes,Monaco,1,2
2005-09-22,2005-06,Lyon,Lens,1,1
2005-09-24,2005-06,Auxerre,Sochaux,3,0
2005-09-24,2005-06,Bordeaux,Ajaccio,1,0
2005-09-24,2005-06,Le Mans,Paris SG,0,0
2005-09-24,2005-06,Lille,St Etienne,2,0
2005-09-24,2005-06,Marseille,Metz,3,1
2005-09-24,2005-06,Monaco,Nice,0,0
2005-09-24,2005-06,Nancy,Troyes,2,1
2005-09-24,2005-06,Strasbourg,Toulouse,2,4
2005-09-25,2005-06,Lens,Rennes,0,0
2005-09-25,2005-06,Nantes,Lyon,0,1
2005-10-01,2005-06,Metz,Bordeaux,0,1
2005-10-01,2005-06,Paris SG,Nantes,2,0
2005-10-01,2005-06,Sochaux,Nancy,0,2
2005-10-01,2005-06,St Etienne,Le Mans,3,0
2005-10-02,2005-06,Lille,Monaco,0,1
2005-10-02,2005-06,Nice,Marseille,0,1
2005-10-02,2005-06,Rennes,Lyon,1,3
2005-10-02,2005-06,Toulouse,Auxerre,2,0
2005-10-02,2005-06,Troyes,Strasbourg,1,1
2005-10-15,2005-06,Auxerre,Troyes,3,0
2005-10-15,2005-06,Bordeaux,Sochaux,1,1
2005-10-15,2005-06,Le Mans,Lille,1,1
2005-10-15,2005-06,Lens,Nice,2,2
2005-10-15,2005-06,Monaco,Metz,3,0
2005-10-15,2005-06,Nancy,Toulouse,2,0
2005-10-15,2005-06,Nantes,St Etienne,1,1
2005-10-15,2005-06,Strasbourg,Rennes,0,1
2005-10-16,2005-06,Lyon,Ajaccio,3,2
2005-10-16,2005-06,Marseille,Paris SG,1,0
2005-10-22,2005-06,Lille,Nantes,2,0
2005-10-22,2005-06,Metz,Lyon,0,4
2005-10-22,2005-06,Nice,Auxerre,1,0
2005-10-22,2005-06,Paris SG,Nancy,1,0
2005-10-22,2005-06,Toulouse,Bordeaux,1,1
2005-10-23,2005-06,Ajaccio,Rennes,0,1
2005-10-23,2005-06,Le Mans,Strasbourg,2,0
2005-10-23,2005-06,Sochaux,Monaco,2,1
2005-10-23,2005-06,St Etienne,Marseille,2,1
2005-10-23,2005-06,Troyes,Lens,1,1
2005-10-29,2005-06,Bordeaux,Troyes,2,0
2005-10-29,2005-06,Lens,Toulouse,1,0
2005-10-29,2005-06,Lyon,Sochaux,1,0
2005-10-29,2005-06,Marseille,Lille,1,1
2005-10-29,2005-06,Monaco,Ajaccio,3,0
2005-10-29,2005-06,Nantes,Le Mans,1,0
2005-10-29,2005-06,Rennes,Metz,2,1
2005-10-29,2005-06,Strasbourg,St Etienne,0,1
2005-10-30,2005-06,Auxerre,Paris SG,2,0
2005-10-30,2005-06,Nancy,Nice,0,0
2005-11-05,2005-06,Le Mans,Marseille,3,0
2005-11-05,2005-06,Metz,Ajaccio,2,0
2005-11-05,2005-06,Nantes,Nancy,3,0
2005-11-05,2005-06,Nice,Bordeaux,0,1
2005-11-05,2005-06,St Etienne,Auxerre,1,1
2005-11-05,2005-06,Toulouse,Lyon,0,1
2005-11-06,2005-06,Lille,Strasbourg,2,0
2005-11-06,2005-06,Paris SG,Monaco,0,0
2005-11-06,2005-06,Sochaux,Lens,1,1
2005-11-06,2005-06,Troyes,Rennes,2,1
2005-11-11,2005-06,Ajaccio,Lens,0,0
2005-11-19,2005-06,Ajaccio,Sochaux,0,1
2005-11-19,2005-06,Auxerre,Lille,3,2
2005-11-19,2005-06,Lens,Metz,0,0
2005-11-19,2005-06,Lyon,Troyes,2,1
2005-11-19,2005-06,Marseille,Nantes,2,1
2005-11-19,2005-06,Monaco,St Etienne,1,0
2005-11-19,2005-06,Nancy,Le Mans,1,0
2005-11-19,2005-06,Strasbourg,Nice,0,0
2005-11-20,2005-06,Bordeaux,Paris SG,0,2
2005-11-20,2005-06,Rennes,Toulouse,4,1
2005-11-25,2005-06,Le Mans,Auxerre,0,2
2005-11-26,2005-06,Lille,Nancy,1,0
2005-11-26,2005-06,Nice,Lyon,1,1
2005-11-26,2005-06,Sochaux,Rennes,1,0
2005-11-26,2005-06,St Etienne,Bordeaux,1,1
2005-11-26,2005-06,Toulouse,Ajaccio,3,0
2005-11-26,2005-06,Troyes,Metz,0,0
2005-11-27,2005-06,Marseille,Monaco,2,1
2005-11-27,2005-06,Nantes,Strasbourg,4,3
2005-11-27,2005-06,Paris SG,Lens,3,4
2005-12-03,2005-06,Ajaccio,Troyes,0,1
2005-12-03,2005-06,Auxerre,Nantes,4,0
2005-12-03,2005-06,Bordeaux,Lille,1,0
2005-12-03,2005-06,Lyon,Paris SG,2,0
2005-12-03,2005-06,Metz,Toulouse,2,2
2005-12-03,2005-06,Monaco,Le Mans,2,0
2005-12-03,2005-06,Strasbourg,Sochaux,0,0
2005-12-04,2005-06,Lens,St Etienne,2,1
2005-12-04,2005-06,Nancy,Marseille,1,1
2005-12-04,2005-06,Rennes,Nice,1,0
2005-12-10,2005-06,Le Mans,Bordeaux,1,0
2005-12-10,2005-06,Lille,Lens,0,0
2005-12-10,2005-06,Marseille,Auxerre,1,0
2005-12-10,2005-06,Nancy,Strasbourg,1,2
2005-12-10,2005-06,Nice,Ajaccio,1,0
2005-12-10,2005-06,Paris SG,Rennes,2,0
2005-12-10,2005-06,Sochaux,Metz,1,1
2005-12-10,2005-06,Toulouse,Troyes,2,1
2005-12-11,2005-06,Nantes,Monaco,0,0
2005-12-11,2005-06,St Etienne,Lyon,0,0
2005-12-16,2005-06,Lyon,Lille,1,3
2005-12-17,2005-06,Ajaccio,Paris SG,1,1
2005-12-17,2005-06,Auxerre,Nancy,0,1
2005-12-17,2005-06,Bordeaux,Nantes,0,0
2005-12-17,2005-06,Metz,Nice,1,0
2005-12-17,2005-06,Rennes,St Etienne,0,1
2005-12-17,2005-06,Strasbourg,Marseille,0,1
2005-12-17,2005-06,Troyes,Sochaux,2,1
2005-12-18,2005-06,Lens,Le Mans,2,0
2005-12-18,2005-06,Monaco,Toulouse,1,0
2006-01-04,2005-06,Le Mans,Metz,2,0
2006-01-04,2005-06,Lille,Ajaccio,2,0
2006-01-04,2005-06,Marseille,Lens,1,1
2006-01-04,2005-06,Nancy,Bordeaux,0,0
2006-01-04,2005-06,Nantes,Rennes,0,2
2006-01-04,2005-06,Nice,Toulouse,2,1
2006-01-04,2005-06,Paris SG,Sochaux,3,1
2006-01-04,2005-06,St Etienne,Troyes,1,1
2006-01-04,2005-06,Strasbourg,Lyon,0,4
2006-01-05,2005-06,Auxerre,Monaco,2,1
2006-01-11,2005-06,Ajaccio,Nantes,0,2
2006-01-11,2005-06,Bordeaux,Auxerre,1,0
2006-01-11,2005-06,Lens,Nancy,1,2
2006-01-11,2005-06,Lyon,Marseille,2,1
2006-01-11,2005-06,Metz,St Etienne,0,1
2006-01-11,2005-06,Monaco,Strasbourg,1,1
2006-01-11,2005-06,Rennes,Le Mans,1,0
2006-01-11,2005-06,Sochaux,Nice,1,1
2006-01-11,2005-06,Troyes,Lille,1,0
2006-01-12,2005-06,Toulouse,Paris SG,1,0
2006-01-14,2005-06,Auxerre,Lens,1,0
2006-01-14,2005-06,Le Mans,Ajaccio,1,0
2006-01-14,2005-06,Lille,Sochaux,3,0
2006-01-14,2005-06,Monaco,Bordeaux,0,1
2006-01-14,2005-06,Nancy,Lyon,0,2
2006-01-14,2005-06,Nantes,Nice,0,0
2006-01-14,2005-06,Strasbourg,Metz,2,1
2006-01-15,2005-06,Marseille,Rennes,1,0
2006-01-15,2005-06,Paris SG,Troyes,2,1
2006-01-21,2005-06,Ajaccio,Marseille,3,1
2006-01-21,2005-06,Bordeaux,Strasbourg,2,1
2006-01-21,2005-06,Metz,Nantes,1,4
2006-01-21,2005-06,Nice,Paris SG,1,0
2006-01-21,2005-06,Rennes,Nancy,0,2
2006-01-21,2005-06,Sochaux,St Etienne,4,0
2006-01-21,2005-06,Toulouse,Lille,0,0
2006-01-21,2005-06,Troyes,Le Mans,1,3
2006-01-22,2005-06,Lens,Monaco,1,1
2006-01-22,2005-06,Lyon,Auxerre,1,1
2006-01-28,2005-06,Auxerre,Rennes,2,0
2006-01-28,2005-06,Bordeaux,Lens,1,0
2006-01-28,2005-06,Le Mans,Toulouse,1,1
2006-01-28,2005-06,Marseille,Sochaux,0,0
2006-01-28,2005-06,Nancy,Ajaccio,0,0
2006-01-29,2005-06,Lille,Metz,3,1
2006-02-01,2005-06,St Etienne,Toulouse,1,3
2006-02-04,2005-06,Ajaccio,Auxerre,1,0
2006-02-04,2005-06,Lens,Strasbourg,2,1
2006-02-04,2005-06,Nice,Lille,2,0
2006-02-04,2005-06,Paris SG,St Etienne,2,2
2006-02-04,2005-06,Rennes,Monaco,1,3
2006-02-04,2005-06,Sochaux,Le Mans,0,0
2006-02-04,2005-06,Toulouse,Nantes,1,0
2006-02-05,2005-06,Lyon,Bordeaux,0,0
2006-02-05,2005-06,Troyes,Marseille,0,1
2006-02-08,2005-06,Strasbourg,Paris SG,1,1
2006-02-11,2005-06,Auxerre,Metz,1,1
2006-02-11,2005-06,Bordeaux,Rennes,2,0
2006-02-11,2005-06,Le Mans,Nice,2,0
2006-02-11,2005-06,Lens,Lyon,1,1
2006-02-11,2005-06,Monaco,Troyes,1,1
2006-02-11,2005-06,Nancy,St Etienne,2,0
2006-02-11,2005-06,Nantes,Sochaux,3,1
2006-02-11,2005-06,Strasbourg,Ajaccio,2,2
2006-02-12,2005-06,Lille,Paris SG,0,0
2006-02-12,2005-06,Marseille,Toulouse,0,0
2006-02-14,2005-06,Nantes,Troyes,1,1
2006-02-14,2005-06,St Etienne,Nice,0,1
2006-02-17,2005-06,Lyon,Nantes,3,1
2006-02-18,2005-06,Ajaccio,Bordeaux,0,2
2006-02-18,2005-06,Nice,Monaco,2,0
2006-02-18,2005-06,Paris SG,Le Mans,0,1
2006-02-18,2005-06,Rennes,Lens,4,1
2006-02-18,2005-06,Sochaux,Auxerre,1,0
2006-02-18,2005-06,St Etienne,Lille,0,2
2006-02-18,2005-06,Toulouse,Strasbourg,1,2
2006-02-18,2005-06,Troyes,Nancy,0,1
2006-02-19,2005-06,Metz,Marseille,1,0
2006-02-25,2005-06,Auxerre,Toulouse,2,0
2006-02-25,2005-06,Bordeaux,Metz,3,3
2006-02-25,2005-06,Le Mans,St Etienne,0,1
2006-02-25,2005-06,Lyon,Rennes,1,4
2006-02-25,2005-06,Nancy,Sochaux,0,3
2006-02-25,2005-06,Nantes,Paris SG,0,0
2006-02-26,2005-06,Lens,Ajaccio,1,0
2006-02-26,2005-06,Marseille,Nice,1,0
2006-02-26,2005-06,Monaco,Lille,0,1
2006-02-26,2005-06,Strasbourg,Troyes,2,0
2006-03-04,2005-06,Ajaccio,Lyon,1,3
2006-03-04,2005-06,Lille,Le Mans,4,0
2006-03-04,2005-06,Metz,Monaco,2,1
2006-03-04,2005-06,Nice,Lens,0,0
2006-03-04,2005-06,Rennes,Strasbourg,2,1
2006-03-04,2005-06,Toulouse,Nancy,1,1
2006-03-05,2005-06,Paris SG,Marseille,0,0
2006-03-05,2005-06,St Etienne,Nantes,1,0
2006-03-05,2005-06,Troyes,Auxerre,1,1
2006-03-07,2005-06,Metz,Nancy,0,0
2006-03-11,2005-06,Auxerre,Nice,2,0
2006-03-11,2005-06,Bordeaux,Toulouse,2,0
2006-03-11,2005-06,Lens,Troyes,1,0
2006-03-11,2005-06,Lyon,Metz,4,0
2006-03-11,2005-06,Monaco,Sochaux,4,1
2006-03-11,2005-06,Nancy,Paris SG,1,1
2006-03-11,2005-06,Rennes,Ajaccio,3,0
2006-03-12,2005-06,Marseille,St Etienne,2,0
2006-03-12,2005-06,Nantes,Lille,1,1
2006-03-12,2005-06,Strasbourg,Le Mans,1,2
2006-03-18,2005-06,Ajaccio,Monaco,1,0
2006-03-18,2005-06,Le Mans,Nantes,0,0
2006-03-18,2005-06,Metz,Rennes,0,1
2006-03-18,2005-06,Nice,Nancy,1,0
2006-03-18,2005-06,Sochaux,Lyon,0,4
2006-03-18,2005-06,Toulouse,Lens,1,1
2006-03-18,2005-06,Troyes,Bordeaux,1,1
2006-03-19,2005-06,Lille,Marseille,0,0
2006-03-19,2005-06,Paris SG,Auxerre,4,1
2006-03-19,2005-06,St Etienne,Strasbourg,0,2
2006-03-25,2005-06,Ajaccio,Metz,0,1
2006-03-25,2005-06,Auxerre,St Etienne,0,0
2006-03-25,2005-06,Lens,Sochaux,2,1
2006-03-25,2005-06,Lyon,Toulouse,1,1
2006-03-25,2005-06,Marseille,Le Mans,1,1
2006-03-25,2005-06,Nancy,Nantes,0,0
2006-03-25,2005-06,Rennes,Troyes,2,0
2006-03-25,2005-06,Strasbourg,Lille,2,2
2006-03-26,2005-06,Bordeaux,Nice,1,0
2006-03-26,2005-06,Monaco,Paris SG,1,1
2006-04-01,2005-06,Lille,Auxerre,1,1
2006-04-01,2005-06,Metz,Lens,0,1
2006-04-01,2005-06,Nantes,Marseille,1,3
2006-04-01,2005-06,Nice,Strasbourg,3,1
2006-04-01,2005-06,Sochaux,Ajaccio,3,1
2006-04-01,2005-06,St Etienne,Monaco,1,1
2006-04-01,2005-06,Troyes,Lyon,0,1
2006-04-02,2005-06,Le Mans,Nancy,0,0
2006-04-02,2005-06,Paris SG,Bordeaux,3,1
2006-04-02,2005-06,Toulouse,Rennes,0,1
2006-04-08,2005-06,Ajaccio,Toulouse,1,0
2006-04-08,2005-06,Bordeaux,St Etienne,0,0
2006-04-08,2005-06,Lens,Paris SG,1,1
2006-04-08,2005-06,Lyon,Nice,2,1
2006-04-08,2005-06,Metz,Troyes,2,4
2006-04-08,2005-06,Monaco,Marseille,1,0
2006-04-08,2005-06,Nancy,Lille,0,0
2006-04-08,2005-06,Strasbourg,Nantes,0,1
2006-04-09,2005-06,Auxerre,Le Mans,0,0
2006-04-09,2005-06,Rennes,Sochaux,2,1
2006-04-14,2005-06,Toulouse,Metz,2,0
2006-04-15,2005-06,Le Mans,Monaco,0,0
2006-04-15,2005-06,Lille,Bordeaux,3,2
2006-04-15,2005-06,Marseille,Nancy,6,0
2006-04-15,2005-06,Nantes,Auxerre,3,2
2006-04-15,2005-06,Sochaux,Strasbourg,1,1
2006-04-15,2005-06,St Etienne,Lens,2,0
2006-04-15,2005-06,Troyes,Ajaccio,3,0
2006-04-16,2005-06,Nice,Rennes,2,1
2006-04-16,2005-06,Paris SG,Lyon,0,1
2006-04-23,2005-06,Monaco,Lyon,2,1
2006-04-23,2005-06,Sochaux,Bordeaux,0,3
2006-04-29,2005-06,Lens,Lille,4,2
2006-04-30,2005-06,Ajaccio,Nice,0,3
2006-04-30,2005-06,Bordeaux,Le Mans,2,2
2006-04-30,2005-06,Lyon,St Etienne,4,0
2006-04-30,2005-06,Metz,Sochaux,0,1
2006-04-30,2005-06,Monaco,Nantes,1,1
2006-04-30,2005-06,Strasbourg,Nancy,1,3
2006-04-30,2005-06,Troyes,Toulouse,3,1
2006-05-03,2005-06,Auxerre,Marseille,1,2
2006-05-03,2005-06,Rennes,Paris SG,1,1
2006-05-06,2005-06,Le Mans,Lens,0,0
2006-05-06,2005-06,Lille,Lyon,4,0
2006-05-06,2005-06,Marseille,Strasbourg,2,2
2006-05-06,2005-06,Nancy,Auxerre,1,3
2006-05-06,2005-06,Nantes,Bordeaux,0,1
2006-05-06,2005-06,Nice,Metz,2,1
2006-05-06,2005-06,Paris SG,Ajaccio,2,4
2006-05-06,2005-06,Sochaux,Troyes,1,1
2006-05-06,2005-06,St Etienne,Rennes,0,0
2006-05-06,2005-06,Toulouse,Monaco,3,3
2006-05-13,2005-06,Ajaccio,St Etienne,3,1
2006-05-13,2005-06,Auxerre,Strasbourg,4,0
2006-05-13,2005-06,Bordeaux,Marseille,1,1
2006-05-13,2005-06,Lens,Nantes,3,1
2006-05-13,2005-06,Lyon,Le Mans,8,1
2006-05-13,2005-06,Metz,Paris SG,1,0
2006-05-13,2005-06,Monaco,Nancy,2,2
2006-05-13,2005-06,Rennes,Lille,2,2
2006-05-13,2005-06,Toulouse,Sochaux,1,2
2006-05-13,2005-06,Troyes,Nice,1,2
2006-08-04,2006-07,Nantes,Lyon,1,3
2006-08-05,2006-07,Auxerre,Valenciennes,1,1
2006-08-05,2006-07,Bordeaux,Toulouse,2,0
2006-08-05,2006-07,Le Mans,Nice,1,0
2006-08-05,2006-07,Lens,Troyes,1,0
2006-08-05,2006-07,Nancy,Monaco,1,0
2006-08-05,2006-07,Paris SG,Lorient,2,3
2006-08-05,2006-07,Rennes,Lille,1,2
2006-08-05,2006-07,St Etienne,Sochaux,1,2
2006-08-06,2006-07,Sedan,Marseille,0,0
2006-08-12,2006-07,Lorient,Bordeaux,0,1
2006-08-12,2006-07,Lyon,Toulouse,1,1
2006-08-12,2006-07,Monaco,St Etienne,1,2
2006-08-12,2006-07,Nancy,Sedan,3,1
2006-08-12,2006-07,Nice,Nantes,1,1
2006-08-12,2006-07,Sochaux,Auxerre,1,1
2006-08-12,2006-07,Troyes,Le Mans,2,2
2006-08-12,2006-07,Valenciennes,Paris SG,0,0
2006-08-13,2006-07,Lille,Lens,4,0
2006-08-13,2006-07,Marseille,Rennes,2,0
2006-08-19,2006-07,Auxerre,Marseille,0,3
2006-08-19,2006-07,Le Mans,Valenciennes,3,2
2006-08-19,2006-07,Lens,Lorient,1,1
2006-08-19,2006-07,Nantes,Troyes,1,1
2006-08-19,2006-07,Paris SG,Lille,1,0
2006-08-19,2006-07,Rennes,Monaco,1,1
2006-08-19,2006-07,Sedan,Sochaux,1,1
2006-08-19,2006-07,St Etienne,Nancy,1,0
2006-08-20,2006-07,Bordeaux,Lyon,1,2
2006-08-20,2006-07,Toulouse,Nice,1,0
2006-08-26,2006-07,Lille,Bordeaux,3,0
2006-08-26,2006-07,Lorient,Nantes,3,1
2006-08-26,2006-07,Nice,Lyon,1,4
2006-08-26,2006-07,Sochaux,Paris SG,3,2
2006-08-26,2006-07,Troyes,Toulouse,1,2
2006-08-27,2006-07,Marseille,Le Mans,2,0
2006-08-27,2006-07,Monaco,Sedan,2,1
2006-08-27,2006-07,Nancy,Auxerre,1,0
2006-08-27,2006-07,St Etienne,Lens,3,2
2006-08-27,2006-07,Valenciennes,Rennes,3,1
2006-09-09,2006-07,Auxerre,Monaco,2,1
2006-09-09,2006-07,Bordeaux,Nice,3,2
2006-09-09,2006-07,Le Mans,Lorient,1,1
2006-09-09,2006-07,Lens,Valenciennes,3,0
2006-09-09,2006-07,Lyon,Troyes,2,0
2006-09-09,2006-07,Nantes,Lille,1,1
2006-09-09,2006-07,Rennes,Sochaux,2,1
2006-09-09,2006-07,Sedan,St Etienne,2,2
2006-09-10,2006-07,Paris SG,Marseille,1,3
2006-09-10,2006-07,Toulouse,Nancy,2,2
2006-09-16,2006-07,Lille,Toulouse,1,3
2006-09-16,2006-07,Lorient,Lyon,1,3
2006-09-16,2006-07,Sedan,Le Mans,1,2
2006-09-16,2006-07,Troyes,Nice,2,0
2006-09-16,2006-07,Valenciennes,Nantes,1,0
2006-09-17,2006-07,Marseille,Bordeaux,2,1
2006-09-17,2006-07,Monaco,Paris SG,1,2
2006-09-17,2006-07,Nancy,Rennes,0,0
2006-09-17,2006-07,Sochaux,Lens,0,3
2006-09-17,2006-07,St Etienne,Auxerre,2,3
2006-09-23,2006-07,Auxerre,Sedan,2,2
2006-09-23,2006-07,Bordeaux,Troyes,2,1
2006-09-23,2006-07,Le Mans,Sochaux,2,2
2006-09-23,2006-07,Lyon,Lille,4,1
2006-09-23,2006-07,Nice,Valenciennes,2,0
2006-09-23,2006-07,Paris SG,Nancy,0,0
2006-09-23,2006-07,Rennes,St Etienne,0,0
2006-09-23,2006-07,Toulouse,Lorient,0,0
2006-09-24,2006-07,Lens,Monaco,1,0
2006-09-24,2006-07,Nantes,Marseille,2,1
2006-09-30,2006-07,Lille,Nice,1,0
2006-09-30,2006-07,Lorient,Troyes,0,0
2006-09-30,2006-07,Monaco,Le Mans,2,1
2006-09-30,2006-07,Sedan,Rennes,1,0
2006-09-30,2006-07,Sochaux,Lyon,0,1
2006-09-30,2006-07,Valenciennes,Bordeaux,2,0
2006-10-01,2006-07,Auxerre,Nantes,1,0
2006-10-01,2006-07,Marseille,Toulouse,3,0
2006-10-01,2006-07,Nancy,Lens,2,1
2006-10-01,2006-07,St Etienne,Paris SG,1,0
2006-10-14,2006-07,Bordeaux,Monaco,1,0
2006-10-14,2006-07,Lyon,St Etienne,2,1
2006-10-14,2006-07,Nantes,Sochaux,0,2
2006-10-14,2006-07,Nice,Lorient,3,0
2006-10-14,2006-07,Paris SG,Sedan,4,2
2006-10-14,2006-07,Rennes,Auxerre,3,1
2006-10-14,2006-07,Toulouse,Valenciennes,3,0
2006-10-14,2006-07,Troyes,Lille,1,1
2006-10-15,2006-07,Le Mans,Nancy,0,0
2006-10-15,2006-07,Lens,Marseille,1,1
2006-10-21,2006-07,Lille,Lorient,1,0
2006-10-21,2006-07,Monaco,Toulouse,1,3
2006-10-21,2006-07,Nancy,Nantes,1,0
2006-10-21,2006-07,Rennes,Nice,1,0
2006-10-21,2006-07,Sedan,Lens,2,2
2006-10-21,2006-07,Sochaux,Bordeaux,2,1
2006-10-21,2006-07,St Etienne,Le Mans,2,0
2006-10-21,2006-07,Valenciennes,Troyes,3,1
2006-10-22,2006-07,Auxerre,Paris SG,0,0
2006-10-22,2006-07,Marseille,Lyon,1,4
2006-10-28,2006-07,Bordeaux,Sedan,3,1
2006-10-28,2006-07,Le Mans,Lille,1,1
2006-10-28,2006-07,Lens,Auxerre,1,0
2006-10-28,2006-07,Lorient,Valenciennes,1,0
2006-10-28,2006-07,Nantes,Monaco,1,0
2006-10-28,2006-07,Paris SG,Rennes,1,0
2006-10-28,2006-07,Toulouse,Sochaux,1,2
2006-10-28,2006-07,Troyes,St Etienne,3,1
2006-10-29,2006-07,Lyon,Nancy,1,0
2006-10-29,2006-07,Nice,Marseille,2,1
2006-11-04,2006-07,Auxerre,Le Mans,2,3
2006-11-04,2006-07,Marseille,Lorient,0,1
2006-11-04,2006-07,Monaco,Nice,0,0
2006-11-04,2006-07,Rennes,Lyon,1,0
2006-11-04,2006-07,Sedan,Nantes,1,1
2006-11-04,2006-07,Sochaux,Troyes,1,0
2006-11-04,2006-07,St Etienne,Toulouse,3,0
2006-11-04,2006-07,Valenciennes,Lille,0,3
2006-11-05,2006-07,Nancy,Bordeaux,2,1
2006-11-05,2006-07,Paris SG,Lens,1,3
2006-11-10,2006-07,Lyon,Valenciennes,2,1
2006-11-11,2006-07,Bordeaux,Auxerre,0,0
2006-11-11,2006-07,Le Mans,Paris SG,1,1
2006-11-11,2006-07,Lens,Rennes,0,0
2006-11-11,2006-07,Lorient,Nancy,2,0
2006-11-11,2006-07,Nantes,St Etienne,2,2
2006-11-11,2006-07,Nice,Sochaux,0,0
2006-11-11,2006-07,Toulouse,Sedan,3,1
2006-11-12,2006-07,Lille,Marseille,1,0
2006-11-12,2006-07,Troyes,Monaco,0,4
2006-11-18,2006-07,Lens,Nantes,2,0
2006-11-18,2006-07,Monaco,Lorient,2,2
2006-11-18,2006-07,Nancy,Troyes,1,0
2006-11-18,2006-07,Paris SG,Bordeaux,0,2
2006-11-18,2006-07,Rennes,Le Mans,1,1
2006-11-18,2006-07,Sedan,Lyon,0,1
2006-11-18,2006-07,Sochaux,Lille,0,0
2006-11-18,2006-07,St Etienne,Nice,2,1
2006-11-19,2006-07,Auxerre,Toulouse,1,0
2006-11-19,2006-07,Marseille,Valenciennes,1,0
2006-11-25,2006-07,Bordeaux,St Etienne,1,0
2006-11-25,2006-07,Lille,Monaco,1,1
2006-11-25,2006-07,Lorient,Sochaux,1,3
2006-11-25,2006-07,Nice,Sedan,2,2
2006-11-25,2006-07,Toulouse,Rennes,1,0
2006-11-25,2006-07,Troyes,Marseille,1,1
2006-11-26,2006-07,Le Mans,Lens,1,1
2006-11-26,2006-07,Lyon,Auxerre,1,0
2006-11-26,2006-07,Nantes,Paris SG,1,1
2006-11-26,2006-07,Valenciennes,Nancy,1,0
2006-12-02,2006-07,Auxerre,Nice,0,0
2006-12-02,2006-07,Le Mans,Lyon,0,1
2006-12-02,2006-07,Lens,Bordeaux,3,0
2006-12-02,2006-07,Monaco,Valenciennes,3,0
2006-12-02,2006-07,Rennes,Nantes,2,0
2006-12-02,2006-07,Sedan,Troyes,1,2
2006-12-02,2006-07,St Etienne,Lorient,2,0
2006-12-03,2006-07,Nancy,Lille,1,3
2006-12-03,2006-07,Sochaux,Marseille,1,0
2006-12-09,2006-07,Bordeaux,Rennes,1,2
2006-12-09,2006-07,Lorient,Sedan,2,0
2006-12-09,2006-07,Marseille,Monaco,2,1
2006-12-09,2006-07,Nantes,Le Mans,0,0
2006-12-09,2006-07,Nice,Nancy,0,0
2006-12-09,2006-07,Toulouse,Lens,0,1
2006-12-09,2006-07,Troyes,Auxerre,3,3
2006-12-09,2006-07,Valenciennes,Sochaux,0,0
2006-12-10,2006-07,Lille,St Etienne,2,2
2006-12-10,2006-07,Lyon,Paris SG,3,1
2006-12-16,2006-07,Le Mans,Toulouse,2,0
2006-12-16,2006-07,Monaco,Sochaux,3,0
2006-12-16,2006-07,Nancy,Marseille,2,0
2006-12-16,2006-07,Nantes,Bordeaux,0,0
2006-12-16,2006-07,Rennes,Troyes,1,1
2006-12-16,2006-07,Sedan,Lille,2,0
2006-12-16,2006-07,St Etienne,Valenciennes,3,0
2006-12-17,2006-07,Auxerre,Lorient,2,1
2006-12-17,2006-07,Lens,Lyon,0,4
2006-12-17,2006-07,Paris SG,Nice,0,0
2006-12-22,2006-07,Marseille,St Etienne,2,1
2006-12-23,2006-07,Bordeaux,Le Mans,1,0
2006-12-23,2006-07,Lille,Auxerre,1,1
2006-12-23,2006-07,Lorient,Rennes,0,0
2006-12-23,2006-07,Lyon,Monaco,0,0
2006-12-23,2006-07,Nice,Lens,1,2
2006-12-23,2006-07,Sochaux,Nancy,2,1
2006-12-23,2006-07,Toulouse,Nantes,0,4
2006-12-23,2006-07,Troyes,Paris SG,1,1
2006-12-23,2006-07,Valenciennes,Sedan,2,1
2007-01-13,2006-07,Auxerre,Sochaux,1,0
2007-01-13,2006-07,Bordeaux,Lorient,1,1
2007-01-13,2006-07,Le Mans,Troyes,2,0
2007-01-13,2006-07,Lens,Lille,1,1
2007-01-13,2006-07,Nantes,Nice,1,0
2007-01-13,2006-07,Paris SG,Valenciennes,1,2
2007-01-13,2006-07,Sedan,Nancy,2,2
2007-01-13,2006-07,Toulouse,Lyon,2,0
2007-01-14,2006-07,Rennes,Marseille,0,2
2007-01-14,2006-07,St Etienne,Monaco,0,1
2007-01-17,2006-07,Paris SG,Toulouse,0,0
2007-01-24,2006-07,Lille,Paris SG,1,0
2007-01-24,2006-07,Lorient,Lens,1,0
2007-01-24,2006-07,Lyon,Bordeaux,1,2
2007-01-24,2006-07,Marseille,Auxerre,3,1
2007-01-24,2006-07,Monaco,Rennes,0,2
2007-01-24,2006-07,Nice,Toulouse,0,1
2007-01-24,2006-07,Sochaux,Sedan,1,1
2007-01-24,2006-07,Troyes,Nantes,1,0
2007-01-24,2006-07,Valenciennes,Le Mans,1,1
2007-01-25,2006-07,Nancy,St Etienne,0,2
2007-01-27,2006-07,Bordeaux,Lille,0,1
2007-01-27,2006-07,Le Mans,Marseille,2,0
2007-01-27,2006-07,Lyon,Nice,1,1
2007-01-27,2006-07,Nantes,Lorient,0,2
2007-01-27,2006-07,Paris SG,Sochaux,0,0
2007-01-27,2006-07,Rennes,Valenciennes,1,0
2007-01-27,2006-07,Sedan,Monaco,0,1
2007-01-27,2006-07,Toulouse,Troyes,1,1
2007-01-28,2006-07,Auxerre,Nancy,2,0
2007-01-28,2006-07,Lens,St Etienne,3,3
2007-02-03,2006-07,Lille,Nantes,0,0
2007-02-03,2006-07,Lorient,Le Mans,2,1
2007-02-03,2006-07,Monaco,Auxerre,2,1
2007-02-03,2006-07,Nancy,Toulouse,2,1
2007-02-03,2006-07,Nice,Bordeaux,2,1
2007-02-03,2006-07,Sochaux,Rennes,0,0
2007-02-03,2006-07,St Etienne,Sedan,1,2
2007-02-03,2006-07,Valenciennes,Lens,1,3
2007-02-04,2006-07,Marseille,Paris SG,1,1
2007-02-04,2006-07,Troyes,Lyon,1,0
2007-02-10,2006-07,Auxerre,St Etienne,1,1
2007-02-10,2006-07,Le Mans,Sedan,3,2
2007-02-10,2006-07,Lyon,Lorient,1,0
2007-02-10,2006-07,Nantes,Valenciennes,2,5
2007-02-10,2006-07,Nice,Troyes,3,0
2007-02-10,2006-07,Paris SG,Monaco,4,2
2007-02-10,2006-07,Rennes,Nancy,1,1
2007-02-10,2006-07,Toulouse,Lille,1,0
2007-02-11,2006-07,Bordeaux,Marseille,1,0
2007-02-11,2006-07,Lens,Sochaux,3,1
2007-02-16,2006-07,Lille,Lyon,1,2
2007-02-17,2006-07,Lorient,Toulouse,0,1
2007-02-17,2006-07,Nancy,Paris SG,0,3
2007-02-17,2006-07,Sedan,Auxerre,2,2
2007-02-17,2006-07,Sochaux,Le Mans,2,0
2007-02-17,2006-07,St Etienne,Rennes,1,3
2007-02-17,2006-07,Troyes,Bordeaux,1,0
2007-02-17,2006-07,Valenciennes,Nice,0,1
2007-02-18,2006-07,Marseille,Nantes,0,0
2007-02-18,2006-07,Monaco,Lens,0,0
2007-02-24,2006-07,Le Mans,Monaco,0,2
2007-02-24,2006-07,Lyon,Sochaux,3,3
2007-02-24,2006-07,Nantes,Auxerre,1,1
2007-02-24,2006-07,Nice,Lille,2,1
2007-02-24,2006-07,Rennes,Sedan,0,2
2007-02-24,2006-07,Toulouse,Marseille,3,0
2007-02-24,2006-07,Troyes,Lorient,3,0
2007-02-25,2006-07,Bordeaux,Valenciennes,2,1
2007-02-25,2006-07,Lens,Nancy,2,2
2007-02-25,2006-07,Paris SG,St Etienne,0,2
2007-03-03,2006-07,Auxerre,Rennes,1,0
2007-03-03,2006-07,Lille,Troyes,4,0
2007-03-03,2006-07,Lorient,Nice,0,0
2007-03-03,2006-07,Monaco,Bordeaux,0,0
2007-03-03,2006-07,Nancy,Le Mans,1,1
2007-03-03,2006-07,Sedan,Paris SG,2,0
2007-03-03,2006-07,St Etienne,Lyon,1,3
2007-03-03,2006-07,Valenciennes,Toulouse,0,0
2007-03-04,2006-07,Marseille,Lens,0,1
2007-03-04,2006-07,Sochaux,Nantes,1,2
2007-03-10,2006-07,Bordeaux,Sochaux,2,0
2007-03-10,2006-07,Le Mans,St Etienne,2,1
2007-03-10,2006-07,Lorient,Lille,0,0
2007-03-10,2006-07,Nantes,Nancy,2,1
2007-03-10,2006-07,Nice,Rennes,1,1
2007-03-10,2006-07,Toulouse,Monaco,1,1
2007-03-10,2006-07,Troyes,Valenciennes,1,3
2007-03-11,2006-07,Lens,Sedan,1,1
2007-03-11,2006-07,Lyon,Marseille,1,1
2007-03-11,2006-07,Paris SG,Auxerre,0,1
2007-03-17,2006-07,Lille,Le Mans,0,2
2007-03-17,2006-07,Marseille,Nice,3,0
2007-03-17,2006-07,Monaco,Nantes,2,1
2007-03-17,2006-07,Nancy,Lyon,0,3
2007-03-17,2006-07,Sedan,Bordeaux,1,1
2007-03-17,2006-07,Sochaux,Toulouse,4,2
2007-03-17,2006-07,St Etienne,Troyes,3,1
2007-03-17,2006-07,Valenciennes,Lorient,0,0
2007-03-18,2006-07,Auxerre,Lens,1,0
2007-03-18,2006-07,Rennes,Paris SG,1,0
2007-03-31,2006-07,Lorient,Marseille,2,1
2007-04-01,2006-07,Le Mans,Auxerre,2,2
2007-04-01,2006-07,Lens,Paris SG,1,2
2007-04-01,2006-07,Lille,Valenciennes,0,2
2007-04-01,2006-07,Nantes,Sedan,0,1
2007-04-01,2006-07,Nice,Monaco,1,1
2007-04-01,2006-07,Toulouse,St Etienne,1,0
2007-04-01,2006-07,Troyes,Sochaux,0,1
2007-04-07,2006-07,Auxerre,Bordeaux,0,0
2007-04-07,2006-07,Monaco,Troyes,0,0
2007-04-07,2006-07,Nancy,Lorient,0,1
2007-04-07,2006-07,Paris SG,Le Mans,2,1
2007-04-07,2006-07,Rennes,Lens,1,0
2007-04-07,2006-07,Sochaux,Nice,1,1
2007-04-07,2006-07,St Etienne,Nantes,2,1
2007-04-07,2006-07,Valenciennes,Lyon,0,0
2007-04-08,2006-07,Marseille,Lille,4,1
2007-04-08,2006-07,Sedan,Toulouse,0,2
2007-04-14,2006-07,Bordeaux,Paris SG,0,0
2007-04-14,2006-07,Le Mans,Rennes,0,0
2007-04-14,2006-07,Lille,Sochaux,2,0
2007-04-14,2006-07,Lorient,Monaco,0,0
2007-04-14,2006-07,Nantes,Lens,0,0
2007-04-14,2006-07,Toulouse,Auxerre,2,0
2007-04-14,2006-07,Troyes,Nancy,0,0
2007-04-14,2006-07,Valenciennes,Marseille,0,0
2007-04-15,2006-07,Lyon,Sedan,1,0
2007-04-15,2006-07,Nice,St Etienne,2,1
2007-04-18,2006-07,Bordeaux,Nancy,3,0
2007-04-18,2006-07,Lyon,Rennes,0,0
2007-04-21,2006-07,Lens,Le Mans,2,0
2007-04-21,2006-07,Marseille,Troyes,2,1
2007-04-21,2006-07,Monaco,Lille,3,1
2007-04-21,2006-07,Nancy,Valenciennes,1,0
2007-04-21,2006-07,Paris SG,Nantes,4,0
2007-04-21,2006-07,Rennes,Toulouse,3,2
2007-04-21,2006-07,Sedan,Nice,1,1
2007-04-21,2006-07,Sochaux,Lorient,1,1
2007-04-22,2006-07,Auxerre,Lyon,0,0
2007-04-22,2006-07,St Etienne,Bordeaux,0,2
2007-04-28,2006-07,Lille,Nancy,0,1
2007-04-28,2006-07,Lorient,St Etienne,0,0
2007-04-28,2006-07,Lyon,Le Mans,2,1
2007-04-28,2006-07,Nantes,Rennes,0,2
2007-04-28,2006-07,Nice,Auxerre,0,0
2007-04-28,2006-07,Toulouse,Paris SG,1,3
2007-04-28,2006-07,Troyes,Sedan,3,2
2007-04-28,2006-07,Valenciennes,Monaco,2,2
2007-04-29,2006-07,Bordeaux,Lens,1,0
2007-04-29,2006-07,Marseille,Sochaux,4,2
2007-05-05,2006-07,Auxerre,Troyes,1,0
2007-05-05,2006-07,Le Mans,Nantes,1,1
2007-05-05,2006-07,Lens,Toulouse,2,0
2007-05-05,2006-07,Nancy,Nice,3,0
2007-05-05,2006-07,Paris SG,Lyon,1,1
2007-05-05,2006-07,Rennes,Bordeaux,0,0
2007-05-05,2006-07,Sedan,Lorient,3,1
2007-05-05,2006-07,Sochaux,Valenciennes,1,0
2007-05-06,2006-07,Monaco,Marseille,1,2
2007-05-06,2006-07,St Etienne,Lille,2,1
2007-05-09,2006-07,Bordeaux,Nantes,0,1
2007-05-09,2006-07,Lille,Sedan,2,1
2007-05-09,2006-07,Lorient,Auxerre,2,1
2007-05-09,2006-07,Lyon,Lens,3,0
2007-05-09,2006-07,Marseille,Nancy,2,1
2007-05-09,2006-07,Nice,Paris SG,1,0
2007-05-09,2006-07,Sochaux,Monaco,2,1
2007-05-09,2006-07,Troyes,Rennes,2,2
2007-05-09,2006-07,Valenciennes,St Etienne,1,0
2007-05-10,2006-07,Toulouse,Le Mans,0,1
2007-05-19,2006-07,Auxerre,Lille,2,1
2007-05-19,2006-07,Le Mans,Bordeaux,1,1
2007-05-19,2006-07,Lens,Nice,0,0
2007-05-19,2006-07,Monaco,Lyon,1,0
2007-05-19,2006-07,Nancy,Sochaux,5,2
2007-05-19,2006-07,Nantes,Toulouse,0,0
2007-05-19,2006-07,Paris SG,Troyes,2,1
2007-05-19,2006-07,Rennes,Lorient,4,1
2007-05-19,2006-07,Sedan,Valenciennes,1,1
2007-05-19,2006-07,St Etienne,Marseille,1,2
2007-05-26,2006-07,Lille,Rennes,1,1
2007-05-26,2006-07,Lorient,Paris SG,0,1
2007-05-26,2006-07,Lyon,Nantes,3,1
2007-05-26,2006-07,Marseille,Sedan,1,0
2007-05-26,2006-07,Monaco,Nancy,2,0
2007-05-26,2006-07,Nice,Le Mans,3,3
2007-05-26,2006-07,Sochaux,St Etienne,1,0
2007-05-26,2006-07,Toulouse,Bordeaux,3,1
2007-05-26,2006-07,Troyes,Lens,3,0
2007-05-26,2006-07,Valenciennes,Auxerre,1,3
2007-08-04,2007-08,Bordeaux,Lens,1,0
2007-08-04,2007-08,Caen,Nice,1,0
2007-08-04,2007-08,Lille,Lorient,0,0
2007-08-04,2007-08,Monaco,St Etienne,1,1
2007-08-04,2007-08,Paris SG,Sochaux,0,0
2007-08-04,2007-08,Rennes,Nancy,0,2
2007-08-04,2007-08,Strasbourg,Marseille,0,0
2007-08-04,2007-08,Valenciennes,Toulouse,3,1
2007-08-05,2007-08,Le Mans,Metz,1,0
2007-08-05,2007-08,Lyon,Auxerre,2,0
2007-08-11,2007-08,Auxerre,Bordeaux,0,2
2007-08-11,2007-08,Lorient,Monaco,2,1
2007-08-11,2007-08,Marseille,Rennes,0,0
2007-08-11,2007-08,Nancy,Caen,1,0
2007-08-11,2007-08,Nice,Strasbourg,1,0
2007-08-11,2007-08,Sochaux,Le Mans,1,3
2007-08-11,2007-08,St Etienne,Valenciennes,3,1
2007-08-11,2007-08,Toulouse,Lyon,1,0
2007-08-12,2007-08,Lens,Paris SG,0,0
2007-08-12,2007-08,Metz,Lille,1,2
2007-08-15,2007-08,Bordeaux,Le Mans,1,2
2007-08-15,2007-08,Lille,Sochaux,1,1
2007-08-15,2007-08,Monaco,Metz,2,0
2007-08-15,2007-08,Paris SG,Lorient,1,3
2007-08-15,2007-08,Rennes,St Etienne,1,0
2007-08-15,2007-08,Strasbourg,Auxerre,3,0
2007-08-15,2007-08,Valenciennes,Marseille,2,1
2007-08-16,2007-08,Nancy,Nice,2,1
2007-08-18,2007-08,Auxerre,Caen,1,0
2007-08-18,2007-08,Le Mans,Lille,1,1
2007-08-18,2007-08,Lorient,Lyon,2,1
2007-08-18,2007-08,Metz,Paris SG,0,0
2007-08-18,2007-08,Sochaux,Monaco,0,3
2007-08-18,2007-08,St Etienne,Bordeaux,0,0
2007-08-18,2007-08,Toulouse,Strasbourg,1,3
2007-08-19,2007-08,Lens,Valenciennes,0,0
2007-08-19,2007-08,Marseille,Nancy,2,2
2007-08-19,2007-08,Nice,Rennes,1,1
2007-08-25,2007-08,Bordeaux,Lorient,2,2
2007-08-25,2007-08,Caen,Marseille,1,2
2007-08-25,2007-08,Monaco,Le Mans,3,1
2007-08-25,2007-08,Nancy,Auxerre,4,1
2007-08-25,2007-08,Nice,Toulouse,1,1
2007-08-25,2007-08,Rennes,Metz,2,0
2007-08-25,2007-08,Strasbourg,Lens,2,1
2007-08-25,2007-08,Valenciennes,Sochaux,3,1
2007-08-26,2007-08,Lyon,St Etienne,1,0
2007-08-26,2007-08,Paris SG,Lille,1,1
2007-08-28,2007-08,Lorient,Valenciennes,1,3
2007-08-29,2007-08,Auxerre,Rennes,0,2
2007-08-29,2007-08,Le Mans,Paris SG,0,2
2007-08-29,2007-08,Lille,Monaco,0,1
2007-08-29,2007-08,Marseille,Nice,0,2
2007-08-29,2007-08,Metz,Bordeaux,0,1
2007-08-29,2007-08,Sochaux,Lyon,1,2
2007-08-29,2007-08,St Etienne,Strasbourg,2,0
2007-09-01,2007-08,Bordeaux,Monaco,2,1
2007-09-01,2007-08,Caen,Sochaux,2,2
2007-09-01,2007-08,Lyon,Le Mans,3,2
2007-09-01,2007-08,Nancy,St Etienne,2,0
2007-09-01,2007-08,Rennes,Lille,2,2
2007-09-01,2007-08,Strasbourg,Lorient,0,0
2007-09-01,2007-08,Toulouse,Auxerre,2,0
2007-09-01,2007-08,Valenciennes,Metz,0,0
2007-09-02,2007-08,Nice,Lens,1,0
2007-09-02,2007-08,Paris SG,Marseille,1,1
2007-09-15,2007-08,Auxerre,Nice,2,0
2007-09-15,2007-08,Le Mans,Valenciennes,2,0
2007-09-15,2007-08,Lens,Nancy,1,0
2007-09-15,2007-08,Lille,Bordeaux,1,1
2007-09-15,2007-08,Marseille,Toulouse,1,2
2007-09-15,2007-08,Metz,Lyon,1,5
2007-09-15,2007-08,Sochaux,Strasbourg,0,0
2007-09-15,2007-08,St Etienne,Caen,3,0
2007-09-16,2007-08,Lorient,Rennes,0,1
2007-09-16,2007-08,Monaco,Paris SG,1,2
2007-09-22,2007-08,Auxerre,Marseille,2,0
2007-09-22,2007-08,Caen,Metz,1,2
2007-09-22,2007-08,Nancy,Lorient,2,0
2007-09-22,2007-08,Nice,St Etienne,3,0
2007-09-22,2007-08,Strasbourg,Le Mans,0,1
2007-09-22,2007-08,Toulouse,Lens,1,1
2007-09-22,2007-08,Valenciennes,Monaco,1,0
2007-09-23,2007-08,Lyon,Lille,1,1
2007-09-23,2007-08,Paris SG,Bordeaux,0,2
2007-09-23,2007-08,Rennes,Sochaux,0,2
2007-09-29,2007-08,Lyon,Lens,3,0
2007-09-30,2007-08,Caen,Toulouse,2,1
2007-10-05,2007-08,Monaco,Nancy,1,3
2007-10-06,2007-08,Le Mans,Nice,2,0
2007-10-06,2007-08,Lens,Auxerre,2,0
2007-10-06,2007-08,Lille,Valenciennes,3,0
2007-10-06,2007-08,Lorient,Caen,0,0
2007-10-06,2007-08,Metz,Strasbourg,1,2
2007-10-06,2007-08,Paris SG,Rennes,1,3
2007-10-06,2007-08,St Etienne,Marseille,1,0
2007-10-07,2007-08,Bordeaux,Lyon,1,3
2007-10-07,2007-08,Sochaux,Toulouse,0,1
2007-10-20,2007-08,Auxerre,Lorient,5,3
2007-10-20,2007-08,Caen,Lille,1,0
2007-10-20,2007-08,Lyon,Monaco,3,1
2007-10-20,2007-08,Nice,Metz,3,1
2007-10-20,2007-08,Rennes,Le Mans,3,0
2007-10-20,2007-08,Strasbourg,Bordeaux,1,1
2007-10-20,2007-08,Toulouse,St Etienne,0,2
2007-10-20,2007-08,Valenciennes,Paris SG,0,0
2007-10-21,2007-08,Marseille,Lens,1,0
2007-10-21,2007-08,Nancy,Sochaux,1,1
2007-10-27,2007-08,Bordeaux,Valenciennes,2,1
2007-10-27,2007-08,Lille,Strasbourg,0,3
2007-10-27,2007-08,Lorient,Nice,0,0
2007-10-27,2007-08,Metz,Nancy,0,0
2007-10-27,2007-08,Monaco,Caen,0,0
2007-10-27,2007-08,Sochaux,Marseille,2,1
2007-10-27,2007-08,St Etienne,Auxerre,0,0
2007-10-28,2007-08,Le Mans,Toulouse,1,1
2007-10-28,2007-08,Lens,Rennes,1,2
2007-10-28,2007-08,Paris SG,Lyon,2,3
2007-11-03,2007-08,Auxerre,Lille,0,1
2007-11-03,2007-08,Lyon,Valenciennes,2,0
2007-11-03,2007-08,Marseille,Lorient,0,0
2007-11-03,2007-08,Nancy,Bordeaux,1,0
2007-11-03,2007-08,Nice,Sochaux,0,0
2007-11-03,2007-08,Rennes,Monaco,0,1
2007-11-03,2007-08,Strasbourg,Paris SG,1,2
2007-11-04,2007-08,Caen,Le Mans,3,2
2007-11-04,2007-08,Lens,St Etienne,3,2
2007-11-04,2007-08,Toulouse,Metz,0,0
2007-11-10,2007-08,Le Mans,St Etienne,3,2
2007-11-10,2007-08,Lille,Nice,1,1
2007-11-10,2007-08,Metz,Lens,1,2
2007-11-10,2007-08,Monaco,Strasbourg,3,0
2007-11-10,2007-08,Paris SG,Nancy,0,0
2007-11-10,2007-08,Sochaux,Auxerre,1,1
2007-11-10,2007-08,Valenciennes,Caen,3,0
2007-11-11,2007-08,Bordeaux,Rennes,3,0
2007-11-11,2007-08,Lorient,Toulouse,1,0
2007-11-11,2007-08,Lyon,Marseille,1,2
2007-11-24,2007-08,Caen,Bordeaux,5,0
2007-11-24,2007-08,Lens,Lorient,1,1
2007-11-24,2007-08,Marseille,Metz,3,1
2007-11-24,2007-08,Nancy,Lille,2,0
2007-11-24,2007-08,Rennes,Lyon,0,2
2007-11-24,2007-08,St Etienne,Sochaux,1,0
2007-11-24,2007-08,Strasbourg,Valenciennes,0,0
2007-11-24,2007-08,Toulouse,Monaco,0,0
2007-11-25,2007-08,Auxerre,Le Mans,3,0
2007-11-25,2007-08,Nice,Paris SG,2,1
2007-11-28,2007-08,Lens,Caen,1,1
2007-12-01,2007-08,Le Mans,Nancy,2,1
2007-12-01,2007-08,Lille,Marseille,1,1
2007-12-01,2007-08,Lorient,St Etienne,1,1
2007-12-01,2007-08,Metz,Auxerre,0,1
2007-12-01,2007-08,Monaco,Nice,1,1
2007-12-01,2007-08,Paris SG,Caen,0,1
2007-12-01,2007-08,Sochaux,Lens,0,2
2007-12-02,2007-08,Bordeaux,Toulouse,4,3
2007-12-02,2007-08,Lyon,Strasbourg,5,0
2007-12-02,2007-08,Valenciennes,Rennes,3,0
2007-12-05,2007-08,Toulouse,Nancy,1,1
2007-12-08,2007-08,Caen,Lyon,1,0
2007-12-08,2007-08,Lens,Le Mans,1,3
2007-12-08,2007-08,Lorient,Sochaux,2,1
2007-12-08,2007-08,Marseille,Monaco,2,0
2007-12-08,2007-08,Nancy,Valenciennes,0,0
2007-12-08,2007-08,St Etienne,Metz,2,0
2007-12-08,2007-08,Strasbourg,Rennes,3,0
2007-12-08,2007-08,Toulouse,Lille,1,0
2007-12-09,2007-08,Auxerre,Paris SG,0,1
2007-12-09,2007-08,Nice,Bordeaux,1,1
2007-12-15,2007-08,Le Mans,Lorient,0,0
2007-12-15,2007-08,Lille,St Etienne,3,0
2007-12-15,2007-08,Lyon,Nice,0,0
2007-12-15,2007-08,Metz,Sochaux,1,2
2007-12-15,2007-08,Monaco,Lens,2,0
2007-12-15,2007-08,Paris SG,Toulouse,1,2
2007-12-15,2007-08,Rennes,Caen,1,2
2007-12-15,2007-08,Valenciennes,Auxerre,3,0
2007-12-16,2007-08,Bordeaux,Marseille,2,2
2007-12-16,2007-08,Strasbourg,Nancy,0,0
2007-12-22,2007-08,Auxerre,Monaco,1,0
2007-12-22,2007-08,Caen,Strasbourg,2,0
2007-12-22,2007-08,Lorient,Metz,2,0
2007-12-22,2007-08,Marseille,Le Mans,1,0
2007-12-22,2007-08,Nancy,Lyon,1,1
2007-12-22,2007-08,Nice,Valenciennes,1,0
2007-12-22,2007-08,Sochaux,Bordeaux,0,1
2007-12-23,2007-08,St Etienne,Paris SG,0,1
2007-12-23,2007-08,Toulouse,Rennes,0,0
2008-01-12,2007-08,Bordeaux,Auxerre,4,1
2008-01-12,2007-08,Caen,Nancy,0,0
2008-01-12,2007-08,Le Mans,Sochaux,0,2
2008-01-12,2007-08,Lille,Metz,1,1
2008-01-12,2007-08,Lyon,Toulouse,3,2
2008-01-12,2007-08,Monaco,Lorient,1,0
2008-01-12,2007-08,Strasbourg,Nice,0,1
2008-01-12,2007-08,Valenciennes,St Etienne,2,0
2008-01-13,2007-08,Paris SG,Lens,3,0
2008-01-13,2007-08,Rennes,Marseille,3,1
2008-01-19,2007-08,Auxerre,Strasbourg,1,1
2008-01-19,2007-08,Le Mans,Bordeaux,1,2
2008-01-19,2007-08,Lorient,Paris SG,1,0
2008-01-19,2007-08,Marseille,Valenciennes,3,1
2008-01-19,2007-08,Metz,Monaco,1,4
2008-01-19,2007-08,Sochaux,Lille,1,1
2008-01-19,2007-08,St Etienne,Rennes,2,0
2008-01-19,2007-08,Toulouse,Caen,1,1
2008-01-20,2007-08,Lens,Lyon,3,0
2008-01-20,2007-08,Nice,Nancy,1,0
2008-01-23,2007-08,Caen,Auxerre,0,0
2008-01-23,2007-08,Lille,Le Mans,3,1
2008-01-23,2007-08,Lyon,Lorient,2,0
2008-01-23,2007-08,Monaco,Sochaux,1,0
2008-01-23,2007-08,Nancy,Marseille,1,1
2008-01-23,2007-08,Paris SG,Metz,3,0
2008-01-23,2007-08,Rennes,Nice,1,1
2008-01-23,2007-08,Strasbourg,Toulouse,2,0
2008-01-23,2007-08,Valenciennes,Lens,1,2
2008-01-24,2007-08,Bordeaux,St Etienne,1,0
2008-01-26,2007-08,Auxerre,Nancy,0,0
2008-01-26,2007-08,Le Mans,Monaco,1,0
2008-01-26,2007-08,Lens,Strasbourg,2,2
2008-01-26,2007-08,Lille,Paris SG,0,0
2008-01-26,2007-08,Marseille,Caen,6,1
2008-01-26,2007-08,Metz,Rennes,1,1
2008-01-26,2007-08,Sochaux,Valenciennes,1,0
2008-01-26,2007-08,Toulouse,Nice,1,1
2008-01-27,2007-08,Lorient,Bordeaux,1,0
2008-01-27,2007-08,St Etienne,Lyon,1,1
2008-02-09,2007-08,Bordeaux,Metz,3,0
2008-02-09,2007-08,Lyon,Sochaux,4,1
2008-02-09,2007-08,Monaco,Lille,0,0
2008-02-09,2007-08,Nancy,Toulouse,1,0
2008-02-09,2007-08,Paris SG,Le Mans,0,0
2008-02-09,2007-08,Rennes,Auxerre,1,2
2008-02-09,2007-08,Strasbourg,St Etienne,3,0
2008-02-09,2007-08,Valenciennes,Lorient,3,0
2008-02-10,2007-08,Caen,Lens,1,4
2008-02-10,2007-08,Nice,Marseille,0,2
2008-02-16,2007-08,Auxerre,Toulouse,1,0
2008-02-16,2007-08,Le Mans,Lyon,1,0
2008-02-16,2007-08,Lens,Nice,0,0
2008-02-16,2007-08,Lille,Rennes,3,1
2008-02-16,2007-08,Lorient,Strasbourg,1,0
2008-02-16,2007-08,Metz,Valenciennes,2,1
2008-02-16,2007-08,Sochaux,Caen,1,1
2008-02-16,2007-08,St Etienne,Nancy,4,0
2008-02-17,2007-08,Marseille,Paris SG,2,1
2008-02-17,2007-08,Monaco,Bordeaux,0,6
2008-02-23,2007-08,Caen,St Etienne,1,3
2008-02-23,2007-08,Lyon,Metz,2,0
2008-02-23,2007-08,Nancy,Lens,2,1
2008-02-23,2007-08,Nice,Auxerre,1,2
2008-02-23,2007-08,Paris SG,Monaco,1,1
2008-02-23,2007-08,Rennes,Lorient,2,0
2008-02-23,2007-08,Strasbourg,Sochaux,0,2
2008-02-23,2007-08,Valenciennes,Le Mans,1,2
2008-02-24,2007-08,Bordeaux,Lille,0,0
2008-02-24,2007-08,Toulouse,Marseille,0,0
2008-03-01,2007-08,Le Mans,Strasbourg,0,1
2008-03-01,2007-08,Lens,Toulouse,1,1
2008-03-01,2007-08,Lille,Lyon,0,1
2008-03-01,2007-08,Lorient,Nancy,0,0
2008-03-01,2007-08,Marseille,Auxerre,2,1
2008-03-01,2007-08,Metz,Caen,2,1
2008-03-01,2007-08,Monaco,Valenciennes,0,0
2008-03-01,2007-08,Sochaux,Rennes,0,0
2008-03-02,2007-08,Bordeaux,Paris SG,3,0
2008-03-02,2007-08,St Etienne,Nice,0,0
2008-03-08,2007-08,Auxerre,Lens,0,0
2008-03-08,2007-08,Caen,Lorient,0,0
2008-03-08,2007-08,Nancy,Monaco,2,0
2008-03-08,2007-08,Nice,Le Mans,0,0
2008-03-08,2007-08,Rennes,Paris SG,2,0
2008-03-08,2007-08,Strasbourg,Metz,2,3
2008-03-08,2007-08,Toulouse,Sochaux,1,2
2008-03-08,2007-08,Valenciennes,Lille,0,0
2008-03-09,2007-08,Lyon,Bordeaux,4,2
2008-03-09,2007-08,Marseille,St Etienne,2,0
2008-03-11,2007-08,Lens,Lille,1,2
2008-03-15,2007-08,Le Mans,Rennes,1,1
2008-03-15,2007-08,Lille,Caen,5,0
2008-03-15,2007-08,Lorient,Auxerre,1,1
2008-03-15,2007-08,Metz,Nice,1,2
2008-03-15,2007-08,Monaco,Lyon,0,3
2008-03-15,2007-08,Paris SG,Valenciennes,1,1
2008-03-15,2007-08,Sochaux,Nancy,1,1
2008-03-15,2007-08,St Etienne,Toulouse,0,0
2008-03-16,2007-08,Bordeaux,Strasbourg,3,0
2008-03-16,2007-08,Lens,Marseille,3,3
2008-03-22,2007-08,Auxerre,St Etienne,1,3
2008-03-22,2007-08,Caen,Monaco,4,1
2008-03-22,2007-08,Marseille,Sochaux,0,1
2008-03-22,2007-08,Nancy,Metz,2,1
2008-03-22,2007-08,Nice,Lorient,1,2
2008-03-22,2007-08,Strasbourg,Lille,0,1
2008-03-22,2007-08,Toulouse,Le Mans,1,1
2008-03-22,2007-08,Valenciennes,Bordeaux,3,1
2008-03-23,2007-08,Lyon,Paris SG,4,2
2008-03-23,2007-08,Rennes,Lens,3,1
2008-03-29,2007-08,Bordeaux,Nancy,2,1
2008-03-30,2007-08,Le Mans,Caen,1,1
2008-03-30,2007-08,Lille,Auxerre,0,2
2008-03-30,2007-08,Lorient,Marseille,1,2
2008-03-30,2007-08,Metz,Toulouse,0,2
2008-03-30,2007-08,Sochaux,Nice,1,0
2008-03-30,2007-08,Valenciennes,Lyon,1,2
2008-03-31,2007-08,Monaco,Rennes,1,2
2008-04-02,2007-08,Paris SG,Strasbourg,1,0
2008-04-05,2007-08,Auxerre,Sochaux,0,1
2008-04-05,2007-08,Caen,Valenciennes,1,0
2008-04-05,2007-08,Lens,Metz,1,1
2008-04-05,2007-08,Nice,Lille,0,0
2008-04-05,2007-08,Rennes,Bordeaux,0,2
2008-04-05,2007-08,St Etienne,Le Mans,4,1
2008-04-05,2007-08,Strasbourg,Monaco,0,2
2008-04-05,2007-08,Toulouse,Lorient,0,0
2008-04-06,2007-08,Marseille,Lyon,3,1
2008-04-06,2007-08,Nancy,Paris SG,1,0
2008-04-09,2007-08,St Etienne,Lens,2,0
2008-04-12,2007-08,Le Mans,Auxerre,3,0
2008-04-12,2007-08,Lille,Nancy,2,1
2008-04-12,2007-08,Lorient,Lens,1,0
2008-04-12,2007-08,Lyon,Rennes,1,1
2008-04-12,2007-08,Metz,Marseille,1,2
2008-04-12,2007-08,Monaco,Toulouse,0,2
2008-04-12,2007-08,Sochaux,St Etienne,1,1
2008-04-12,2007-08,Valenciennes,Strasbourg,2,0
2008-04-13,2007-08,Bordeaux,Caen,2,1
2008-04-13,2007-08,Paris SG,Nice,2,3
2008-04-19,2007-08,Auxerre,Metz,0,0
2008-04-19,2007-08,Caen,Paris SG,3,0
2008-04-19,2007-08,Lens,Sochaux,3,2
2008-04-19,2007-08,Nancy,Le Mans,1,1
2008-04-19,2007-08,Nice,Monaco,0,2
2008-04-19,2007-08,Rennes,Valenciennes,1,0
2008-04-19,2007-08,St Etienne,Lorient,1,0
2008-04-19,2007-08,Strasbourg,Lyon,1,2
2008-04-20,2007-08,Marseille,Lille,1,3
2008-04-20,2007-08,Toulouse,Bordeaux,0,1
2008-04-26,2007-08,Bordeaux,Nice,0,0
2008-04-26,2007-08,Le Mans,Lens,3,2
2008-04-26,2007-08,Lille,Toulouse,3,2
2008-04-26,2007-08,Lyon,Caen,2,2
2008-04-26,2007-08,Metz,St Etienne,0,1
2008-04-26,2007-08,Paris SG,Auxerre,3,1
2008-04-26,2007-08,Rennes,Strasbourg,3,0
2008-04-26,2007-08,Sochaux,Lorient,1,1
2008-04-27,2007-08,Monaco,Marseille,2,3
2008-04-27,2007-08,Valenciennes,Nancy,1,1
2008-05-03,2007-08,Auxerre,Valenciennes,2,0
2008-05-03,2007-08,Caen,Rennes,2,2
2008-05-03,2007-08,Lens,Monaco,0,0
2008-05-03,2007-08,Lorient,Le Mans,0,0
2008-05-03,2007-08,Nancy,Strasbourg,3,0
2008-05-03,2007-08,Nice,Lyon,0,0
2008-05-03,2007-08,Sochaux,Metz,0,0
2008-05-03,2007-08,Toulouse,Paris SG,1,1
2008-05-04,2007-08,Marseille,Bordeaux,1,2
2008-05-04,2007-08,St Etienne,Lille,0,0
2008-05-10,2007-08,Bordeaux,Sochaux,2,0
2008-05-10,2007-08,Le Mans,Marseille,0,0
2008-05-10,2007-08,Lille,Lens,2,1
2008-05-10,2007-08,Lyon,Nancy,1,0
2008-05-10,2007-08,Metz,Lorient,1,2
2008-05-10,2007-08,Monaco,Auxerre,3,0
2008-05-10,2007-08,Paris SG,St Etienne,1,1
2008-05-10,2007-08,Rennes,Toulouse,2,1
2008-05-10,2007-08,Strasbourg,Caen,1,4
2008-05-10,2007-08,Valenciennes,Nice,1,2
2008-05-17,2007-08,Auxerre,Lyon,1,3
2008-05-17,2007-08,Lens,Bordeaux,2,2
2008-05-17,2007-08,Lorient,Lille,1,1
2008-05-17,2007-08,Marseille,Strasbourg,4,3
2008-05-17,2007-08,Metz,Le Mans,4,3
2008-05-17,2007-08,Nancy,Rennes,2,3
2008-05-17,2007-08,Nice,Caen,3,1
2008-05-17,2007-08,Sochaux,Paris SG,1,2
2008-05-17,2007-08,St Etienne,Monaco,4,0
2008-05-17,2007-08,Toulouse,Valenciennes,2,1
2008-08-09,2008-09,Auxerre,Nantes,2,1
2008-08-09,2008-09,Bordeaux,Caen,2,1
2008-08-09,2008-09,Le Havre,Nice,1,0
2008-08-09,2008-09,Le Mans,Lorient,0,1
2008-08-09,2008-09,Monaco,Paris SG,1,0
2008-08-09,2008-09,Nancy,Lille,0,0
2008-08-09,2008-09,Rennes,Marseille,4,4
2008-08-09,2008-09,Sochaux,Grenoble,1,2
2008-08-09,2008-09,Valenciennes,St Etienne,1,0
2008-08-10,2008-09,Lyon,Toulouse,3,0
2008-08-16,2008-09,Caen,Valenciennes,3,1
2008-08-16,2008-09,Lille,Le Mans,1,3
2008-08-16,2008-09,Nantes,Monaco,1,1
2008-08-16,2008-09,Nice,Nancy,2,1
2008-08-16,2008-09,Paris SG,Bordeaux,1,0
2008-08-16,2008-09,St Etienne,Sochaux,2,1
2008-08-16,2008-09,Toulouse,Le Havre,2,1
2008-08-17,2008-09,Grenoble,Rennes,1,0
2008-08-17,2008-09,Lorient,Lyon,0,0
2008-08-17,2008-09,Marseille,Auxerre,4,0
2008-08-23,2008-09,Le Havre,Marseille,0,1
2008-08-23,2008-09,Le Mans,St Etienne,1,0
2008-08-23,2008-09,Lyon,Grenoble,2,0
2008-08-23,2008-09,Monaco,Caen,1,1
2008-08-23,2008-09,Nancy,Toulouse,0,0
2008-08-23,2008-09,Sochaux,Paris SG,1,1
2008-08-23,2008-09,Valenciennes,Lorient,3,1
2008-08-24,2008-09,Auxerre,Nice,0,1
2008-08-24,2008-09,Bordeaux,Nantes,2,0
2008-08-24,2008-09,Rennes,Lille,2,1
2008-08-30,2008-09,Caen,Paris SG,0,1
2008-08-30,2008-09,Grenoble,Monaco,1,0
2008-08-30,2008-09,Lorient,Auxerre,0,2
2008-08-30,2008-09,Marseille,Sochaux,2,1
2008-08-30,2008-09,Nancy,Le Havre,2,1
2008-08-30,2008-09,Nantes,Le Mans,1,4
2008-08-30,2008-09,Nice,Valenciennes,2,0
2008-08-31,2008-09,Lille,Bordeaux,2,1
2008-08-31,2008-09,St Etienne,Lyon,0,1
2008-08-31,2008-09,Toulouse,Rennes,0,0
2008-09-13,2008-09,Auxerre,Nancy,1,1
2008-09-13,2008-09,Bordeaux,Marseille,1,1
2008-09-13,2008-09,Le Mans,Toulouse,1,2
2008-09-13,2008-09,Lyon,Nice,3,2
2008-09-13,2008-09,Monaco,Lorient,2,0
2008-09-13,2008-09,Rennes,Le Havre,1,1
2008-09-13,2008-09,Valenciennes,Grenoble,1,1
2008-09-14,2008-09,Caen,St Etienne,2,0
2008-09-14,2008-09,Paris SG,Nantes,1,0
2008-09-14,2008-09,Sochaux,Lille,1,1
2008-09-20,2008-09,Grenoble,Bordeaux,0,1
2008-09-20,2008-09,Le Havre,Lyon,0,1
2008-09-20,2008-09,Lille,Auxerre,3,2
2008-09-20,2008-09,Lorient,Caen,1,1
2008-09-20,2008-09,Nantes,Valenciennes,2,0
2008-09-20,2008-09,Nice,Le Mans,2,2
2008-09-20,2008-09,Toulouse,Sochaux,2,1
2008-09-21,2008-09,Marseille,Monaco,0,0
2008-09-21,2008-09,Nancy,Rennes,0,0
2008-09-21,2008-09,St Etienne,Paris SG,1,0
2008-09-27,2008-09,Auxerre,Le Havre,3,0
2008-09-27,2008-09,Caen,Nantes,3,0
2008-09-27,2008-09,Le Mans,Marseille,1,1
2008-09-27,2008-09,Lyon,Nancy,2,1
2008-09-27,2008-09,Paris SG,Grenoble,0,1
2008-09-27,2008-09,Rennes,Nice,1,0
2008-09-27,2008-09,Sochaux,Lorient,1,1
2008-09-28,2008-09,Bordeaux,St Etienne,1,1
2008-09-28,2008-09,Monaco,Lille,0,2
2008-09-28,2008-09,Valenciennes,Toulouse,0,1
2008-10-04,2008-09,Grenoble,Nantes,0,1
2008-10-04,2008-09,Le Havre,Le Mans,1,2
2008-10-04,2008-09,Lille,Valenciennes,1,0
2008-10-04,2008-09,Lorient,Bordeaux,1,2
2008-10-04,2008-09,Marseille,Caen,2,1
2008-10-04,2008-09,Nice,Sochaux,1,1
2008-10-04,2008-09,Toulouse,Auxerre,1,0
2008-10-05,2008-09,Nancy,Paris SG,1,1
2008-10-05,2008-09,Rennes,Lyon,3,0
2008-10-05,2008-09,St Etienne,Monaco,2,0
2008-10-18,2008-09,Bordeaux,Toulouse,2,1
2008-10-18,2008-09,Caen,Grenoble,2,2
2008-10-18,2008-09,Lyon,Lille,2,2
2008-10-18,2008-09,Monaco,Nice,1,2
2008-10-18,2008-09,Nantes,St Etienne,1,0
2008-10-18,2008-09,Paris SG,Lorient,3,2
2008-10-18,2008-09,Sochaux,Le Havre,1,1
2008-10-19,2008-09,Auxerre,Rennes,0,0
2008-10-19,2008-09,Le Mans,Nancy,2,0
2008-10-19,2008-09,Valenciennes,Marseille,1,3
2008-10-25,2008-09,Auxerre,Lyon,0,0
2008-10-25,2008-09,Le Havre,Valenciennes,2,1
2008-10-25,2008-09,Lille,Caen,2,2
2008-10-25,2008-09,Lorient,Nantes,3,0
2008-10-25,2008-09,Nice,Bordeaux,2,2
2008-10-25,2008-09,Rennes,Le Mans,2,2
2008-10-25,2008-09,Toulouse,Monaco,0,0
2008-10-26,2008-09,Marseille,Paris SG,2,4
2008-10-26,2008-09,Nancy,Sochaux,1,1
2008-10-26,2008-09,St Etienne,Grenoble,0,2
2008-10-28,2008-09,Bordeaux,Le Havre,4,0
2008-10-29,2008-09,Caen,Nice,1,1
2008-10-29,2008-09,Grenoble,Lille,0,0
2008-10-29,2008-09,Le Mans,Auxerre,0,2
2008-10-29,2008-09,Monaco,Nancy,3,1
2008-10-29,2008-09,Nantes,Marseille,1,1
2008-10-29,2008-09,Paris SG,Toulouse,0,1
2008-10-29,2008-09,Sochaux,Lyon,0,2
2008-10-29,2008-09,St Etienne,Lorient,1,4
2008-10-29,2008-09,Valenciennes,Rennes,0,0
2008-11-01,2008-09,Auxerre,Valenciennes,0,0
2008-11-01,2008-09,Lille,Nantes,2,0
2008-11-01,2008-09,Lorient,Grenoble,1,1
2008-11-01,2008-09,Marseille,St Etienne,3,1
2008-11-01,2008-09,Nancy,Bordeaux,1,0
2008-11-01,2008-09,Nice,Paris SG,1,0
2008-11-01,2008-09,Toulouse,Caen,0,1
2008-11-02,2008-09,Le Havre,Monaco,2,3
2008-11-02,2008-09,Lyon,Le Mans,2,0
2008-11-02,2008-09,Rennes,Sochaux,1,0
2008-11-08,2008-09,Bordeaux,Auxerre,2,0
2008-11-08,2008-09,Caen,Le Havre,0,1
2008-11-08,2008-09,Grenoble,Marseille,0,3
2008-11-08,2008-09,Lorient,Nice,0,1
2008-11-08,2008-09,Monaco,Lyon,0,1
2008-11-08,2008-09,Nantes,Toulouse,1,1
2008-11-08,2008-09,Sochaux,Le Mans,2,1
2008-11-09,2008-09,Paris SG,Lille,1,0
2008-11-09,2008-09,St Etienne,Rennes,0,3
2008-11-09,2008-09,Valenciennes,Nancy,0,1
2008-11-15,2008-09,Auxerre,Sochaux,1,0
2008-11-15,2008-09,Le Havre,Paris SG,1,3
2008-11-15,2008-09,Le Mans,Valenciennes,1,0
2008-11-15,2008-09,Lille,St Etienne,3,0
2008-11-15,2008-09,Marseille,Lorient,2,3
2008-11-15,2008-09,Nancy,Caen,1,1
2008-11-15,2008-09,Toulouse,Grenoble,2,0
2008-11-16,2008-09,Lyon,Bordeaux,2,1
2008-11-16,2008-09,Nice,Nantes,2,1
2008-11-16,2008-09,Rennes,Monaco,2,1
2008-11-22,2008-09,Bordeaux,Rennes,1,1
2008-11-22,2008-09,Caen,Auxerre,1,0
2008-11-22,2008-09,Grenoble,Le Havre,0,0
2008-11-22,2008-09,Lorient,Toulouse,1,0
2008-11-22,2008-09,Paris SG,Lyon,1,0
2008-11-22,2008-09,St Etienne,Nice,0,1
2008-11-22,2008-09,Valenciennes,Sochaux,2,2
2008-11-23,2008-09,Marseille,Lille,2,2
2008-11-23,2008-09,Monaco,Le Mans,3,0
2008-11-23,2008-09,Nantes,Nancy,0,1
2008-11-29,2008-09,Auxerre,Monaco,0,1
2008-11-29,2008-09,Le Havre,Nantes,0,2
2008-11-29,2008-09,Le Mans,Caen,2,0
2008-11-29,2008-09,Lille,Lorient,1,1
2008-11-29,2008-09,Lyon,Valenciennes,0,0
2008-11-29,2008-09,Sochaux,Bordeaux,0,0
2008-11-30,2008-09,Nancy,St Etienne,1,2
2008-11-30,2008-09,Rennes,Paris SG,1,0
2008-11-30,2008-09,Toulouse,Marseille,0,0
2008-12-05,2008-09,Bordeaux,Valenciennes,2,1
2008-12-06,2008-09,Caen,Rennes,1,1
2008-12-06,2008-09,Lille,Toulouse,1,1
2008-12-06,2008-09,Marseille,Nice,2,1
2008-12-06,2008-09,St Etienne,Le Havre,2,0
2008-12-07,2008-09,Grenoble,Auxerre,0,0
2008-12-07,2008-09,Lorient,Nancy,1,0
2008-12-07,2008-09,Monaco,Sochaux,1,1
2008-12-07,2008-09,Nantes,Lyon,2,1
2008-12-07,2008-09,Paris SG,Le Mans,3,1
2008-12-10,2008-09,Nice,Grenoble,0,0
2008-12-13,2008-09,Auxerre,Paris SG,1,2
2008-12-13,2008-09,Le Mans,Bordeaux,1,3
2008-12-13,2008-09,Nancy,Grenoble,2,0
2008-12-13,2008-09,Rennes,Nantes,0,0
2008-12-13,2008-09,Sochaux,Caen,2,2
2008-12-13,2008-09,Toulouse,St Etienne,3,1
2008-12-13,2008-09,Valenciennes,Monaco,3,1
2008-12-14,2008-09,Le Havre,Lorient,1,3
2008-12-14,2008-09,Lyon,Marseille,0,0
2008-12-14,2008-09,Nice,Lille,0,1
2008-12-20,2008-09,Caen,Lyon,0,1
2008-12-20,2008-09,Grenoble,Le Mans,2,1
2008-12-20,2008-09,Lille,Le Havre,3,1
2008-12-20,2008-09,Lorient,Rennes,1,2
2008-12-20,2008-09,Nantes,Sochaux,1,1
2008-12-20,2008-09,St Etienne,Auxerre,2,0
2008-12-20,2008-09,Toulouse,Nice,2,2
2008-12-21,2008-09,Marseille,Nancy,0,3
2008-12-21,2008-09,Monaco,Bordeaux,3,4
2008-12-21,2008-09,Paris SG,Valenciennes,2,2
2009-01-10,2008-09,Auxerre,Marseille,0,2
2009-01-10,2008-09,Le Havre,Toulouse,0,1
2009-01-10,2008-09,Lyon,Lorient,1,1
2009-01-10,2008-09,Monaco,Nantes,1,2
2009-01-10,2008-09,Rennes,Grenoble,1,0
2009-01-10,2008-09,Sochaux,St Etienne,1,0
2009-01-11,2008-09,Bordeaux,Paris SG,4,0
2009-01-17,2008-09,Grenoble,Lyon,0,2
2009-01-17,2008-09,Lorient,Valenciennes,1,1
2009-01-17,2008-09,Marseille,Le Havre,2,0
2009-01-17,2008-09,Nantes,Bordeaux,1,2
2009-01-17,2008-09,Nice,Auxerre,2,0
2009-01-17,2008-09,St Etienne,Le Mans,1,1
2009-01-17,2008-09,Toulouse,Nancy,3,0
2009-01-18,2008-09,Caen,Monaco,2,2
2009-01-18,2008-09,Lille,Rennes,1,0
2009-01-18,2008-09,Paris SG,Sochaux,2,1
2009-01-31,2008-09,Auxerre,Lorient,0,0
2009-01-31,2008-09,Le Havre,Nancy,2,3
2009-01-31,2008-09,Le Mans,Nantes,0,2
2009-01-31,2008-09,Monaco,Grenoble,1,0
2009-01-31,2008-09,Paris SG,Caen,2,0
2009-01-31,2008-09,Rennes,Toulouse,0,0
2009-01-31,2008-09,Valenciennes,Nice,1,0
2009-02-01,2008-09,Bordeaux,Lille,2,2
2009-02-01,2008-09,Lyon,St Etienne,1,1
2009-02-01,2008-09,Sochaux,Marseille,1,0
2009-02-07,2008-09,Le Havre,Rennes,1,0
2009-02-07,2008-09,Lille,Sochaux,3,2
2009-02-07,2008-09,Lorient,Monaco,1,1
2009-02-07,2008-09,Nancy,Auxerre,0,2
2009-02-07,2008-09,Nantes,Paris SG,1,4
2009-02-07,2008-09,St Etienne,Caen,3,2
2009-02-07,2008-09,Toulouse,Le Mans,2,0
2009-02-08,2008-09,Grenoble,Valenciennes,0,0
2009-02-08,2008-09,Marseille,Bordeaux,1,0
2009-02-08,2008-09,Nice,Lyon,1,3
2009-02-14,2008-09,Auxerre,Lille,2,0
2009-02-14,2008-09,Bordeaux,Grenoble,1,1
2009-02-14,2008-09,Caen,Lorient,1,1
2009-02-14,2008-09,Le Mans,Nice,1,2
2009-02-14,2008-09,Paris SG,St Etienne,2,1
2009-02-14,2008-09,Rennes,Nancy,1,1
2009-02-14,2008-09,Valenciennes,Nantes,1,1
2009-02-15,2008-09,Lyon,Le Havre,3,1
2009-02-15,2008-09,Monaco,Marseille,0,1
2009-02-15,2008-09,Sochaux,Toulouse,1,2
2009-02-17,2008-09,Le Mans,Lille,0,0
2009-02-17,2008-09,Nancy,Nice,1,2
2009-02-17,2008-09,Valenciennes,Caen,2,0
2009-02-21,2008-09,Grenoble,Paris SG,0,0
2009-02-21,2008-09,Le Havre,Auxerre,1,2
2009-02-21,2008-09,Lorient,Sochaux,1,2
2009-02-21,2008-09,Nancy,Lyon,0,2
2009-02-21,2008-09,Nantes,Caen,1,1
2009-02-21,2008-09,Nice,Rennes,0,1
2009-02-21,2008-09,Toulouse,Valenciennes,0,0
2009-02-22,2008-09,Lille,Monaco,2,1
2009-02-22,2008-09,Marseille,Le Mans,0,0
2009-02-22,2008-09,St Etienne,Bordeaux,1,1
2009-02-28,2008-09,Auxerre,Toulouse,1,1
2009-02-28,2008-09,Le Mans,Le Havre,2,0
2009-02-28,2008-09,Nantes,Grenoble,1,1
2009-02-28,2008-09,Sochaux,Nice,1,0
2009-02-28,2008-09,Valenciennes,Lille,2,0
2009-03-01,2008-09,Bordeaux,Lorient,1,0
2009-03-01,2008-09,Caen,Marseille,0,1
2009-03-01,2008-09,Lyon,Rennes,1,1
2009-03-01,2008-09,Monaco,St Etienne,2,2
2009-03-01,2008-09,Paris SG,Nancy,4,1
2009-03-07,2008-09,Grenoble,Caen,2,1
2009-03-07,2008-09,Lille,Lyon,2,0
2009-03-07,2008-09,Lorient,Paris SG,0,1
2009-03-07,2008-09,Marseille,Valenciennes,0,0
2009-03-07,2008-09,Nancy,Le Mans,2,2
2009-03-07,2008-09,Nice,Monaco,0,0
2009-03-07,2008-09,Toulouse,Bordeaux,3,0
2009-03-08,2008-09,Le Havre,Sochaux,2,1
2009-03-08,2008-09,Rennes,Auxerre,2,0
2009-03-08,2008-09,St Etienne,Nantes,2,1
2009-03-14,2008-09,Bordeaux,Nice,2,1
2009-03-14,2008-09,Caen,Lille,0,1
2009-03-14,2008-09,Le Mans,Rennes,2,2
2009-03-14,2008-09,Monaco,Toulouse,3,2
2009-03-14,2008-09,Nantes,Lorient,1,1
2009-03-14,2008-09,Sochaux,Nancy,2,1
2009-03-14,2008-09,Valenciennes,Le Havre,3,2
2009-03-15,2008-09,Grenoble,St Etienne,1,0
2009-03-15,2008-09,Lyon,Auxerre,0,2
2009-03-15,2008-09,Paris SG,Marseille,1,3
2009-03-21,2008-09,Auxerre,Le Mans,2,0
2009-03-21,2008-09,Le Havre,Bordeaux,0,3
2009-03-21,2008-09,Lille,Grenoble,2,1
2009-03-21,2008-09,Marseille,Nantes,2,0
2009-03-21,2008-09,Nancy,Monaco,0,1
2009-03-21,2008-09,Nice,Caen,2,2
2009-03-21,2008-09,Rennes,Valenciennes,0,0
2009-03-22,2008-09,Lorient,St Etienne,3,1
2009-03-22,2008-09,Lyon,Sochaux,2,0
2009-03-22,2008-09,Toulouse,Paris SG,4,1
2009-04-04,2008-09,Bordeaux,Nancy,1,0
2009-04-04,2008-09,Caen,Toulouse,0,0
2009-04-04,2008-09,Grenoble,Lorient,1,3
2009-04-04,2008-09,Le Mans,Lyon,1,3
2009-04-04,2008-09,Monaco,Le Havre,0,1
2009-04-04,2008-09,Nantes,Lille,0,2
2009-04-04,2008-09,Valenciennes,Auxerre,2,0
2009-04-05,2008-09,Paris SG,Nice,2,1
2009-04-05,2008-09,Sochaux,Rennes,3,0
2009-04-05,2008-09,St Etienne,Marseille,0,3
2009-04-11,2008-09,Auxerre,Bordeaux,0,2
2009-04-11,2008-09,Le Havre,Caen,1,2
2009-04-11,2008-09,Le Mans,Sochaux,2,0
2009-04-11,2008-09,Nancy,Valenciennes,2,0
2009-04-11,2008-09,Nice,Lorient,2,0
2009-04-11,2008-09,Rennes,St Etienne,1,0
2009-04-11,2008-09,Toulouse,Nantes,1,0
2009-04-12,2008-09,Lille,Paris SG,0,0
2009-04-12,2008-09,Lyon,Monaco,2,2
2009-04-12,2008-09,Marseille,Grenoble,4,1
2009-04-18,2008-09,Caen,Nancy,1,2
2009-04-18,2008-09,Grenoble,Toulouse,1,0
2009-04-18,2008-09,Monaco,Rennes,3,1
2009-04-18,2008-09,Nantes,Nice,2,0
2009-04-18,2008-09,Sochaux,Auxerre,0,1
2009-04-18,2008-09,St Etienne,Lille,2,1
2009-04-18,2008-09,Valenciennes,Le Mans,0,2
2009-04-19,2008-09,Bordeaux,Lyon,1,0
2009-04-19,2008-09,Lorient,Marseille,1,2
2009-04-19,2008-09,Paris SG,Le Havre,3,0
2009-04-24,2008-09,Lyon,Paris SG,0,0
2009-04-26,2008-09,Auxerre,Caen,2,1
2009-04-26,2008-09,Le Havre,Grenoble,0,1
2009-04-26,2008-09,Le Mans,Monaco,0,1
2009-04-26,2008-09,Lille,Marseille,1,2
2009-04-26,2008-09,Nancy,Nantes,2,0
2009-04-26,2008-09,Nice,St Etienne,3,1
2009-04-26,2008-09,Sochaux,Valenciennes,1,1
2009-04-26,2008-09,Toulouse,Lorient,1,1
2009-04-29,2008-09,Rennes,Bordeaux,2,3
2009-05-02,2008-09,Caen,Le Mans,3,1
2009-05-02,2008-09,Grenoble,Nice,0,0
2009-05-02,2008-09,Lorient,Lille,3,1
2009-05-02,2008-09,Marseille,Toulouse,2,2
2009-05-02,2008-09,Monaco,Auxerre,0,1
2009-05-02,2008-09,St Etienne,Nancy,0,0
2009-05-02,2008-09,Valenciennes,Lyon,2,0
2009-05-03,2008-09,Bordeaux,Sochaux,3,0
2009-05-03,2008-09,Nantes,Le Havre,1,2
2009-05-03,2008-09,Paris SG,Rennes,0,1
2009-05-12,2008-09,Lyon,Nantes,3,0
2009-05-13,2008-09,Auxerre,Grenoble,2,0
2009-05-13,2008-09,Le Havre,St Etienne,2,4
2009-05-13,2008-09,Le Mans,Paris SG,0,1
2009-05-13,2008-09,Nancy,Lorient,2,2
2009-05-13,2008-09,Nice,Marseille,0,2
2009-05-13,2008-09,Rennes,Caen,1,0
2009-05-13,2008-09,Sochaux,Monaco,3,0
2009-05-13,2008-09,Toulouse,Lille,0,0
2009-05-13,2008-09,Valenciennes,Bordeaux,1,2
2009-05-16,2008-09,Bordeaux,Le Mans,3,2
2009-05-16,2008-09,Caen,Sochaux,2,0
2009-05-16,2008-09,Grenoble,Nancy,0,0
2009-05-16,2008-09,Lorient,Le Havre,1,1
2009-05-16,2008-09,Monaco,Valenciennes,1,1
2009-05-16,2008-09,Paris SG,Auxerre,1,2
2009-05-16,2008-09,St Etienne,Toulouse,2,2
2009-05-17,2008-09,Lille,Nice,1,1
2009-05-17,2008-09,Marseille,Lyon,1,3
2009-05-17,2008-09,Nantes,Rennes,1,1
2009-05-23,2008-09,Auxerre,St Etienne,1,0
2009-05-23,2008-09,Bordeaux,Monaco,1,0
2009-05-23,2008-09,Le Havre,Lille,0,1
2009-05-23,2008-09,Le Mans,Grenoble,1,1
2009-05-23,2008-09,Lyon,Caen,3,1
2009-05-23,2008-09,Nancy,Marseille,1,2
2009-05-23,2008-09,Nice,Toulouse,0,2
2009-05-23,2008-09,Rennes,Lorient,3,1
2009-05-23,2008-09,Sochaux,Nantes,2,1
2009-05-23,2008-09,Valenciennes,Paris SG,2,1
2009-05-30,2008-09,Caen,Bordeaux,0,1
2009-05-30,2008-09,Grenoble,Sochaux,0,1
2009-05-30,2008-09,Lille,Nancy,3,2
2009-05-30,2008-09,Lorient,Le Mans,1,1
2009-05-30,2008-09,Marseille,Rennes,4,0
2009-05-30,2008-09,Nantes,Auxerre,2,1
2009-05-30,2008-09,Nice,Le Havre,0,0
2009-05-30,2008-09,Paris SG,Monaco,0,0
2009-05-30,2008-09,St Etienne,Valenciennes,4,0
2009-05-30,2008-09,Toulouse,Lyon,0,0
2009-08-08,2009-10,Auxerre,Sochaux,0,1
2009-08-08,2009-10,Grenoble,Marseille,0,2
2009-08-08,2009-10,Le Mans,Lyon,2,2
2009-08-08,2009-10,Monaco,Toulouse,1,0
2009-08-08,2009-10,Montpellier,Paris SG,1,1
2009-08-08,2009-10,Rennes,Boulogne,3,0
2009-08-08,2009-10,St Etienne,Nice,0,2
2009-08-08,2009-10,Valenciennes,Nancy,1,3
2009-08-09,2009-10,Bordeaux,Lens,4,1
2009-08-09,2009-10,Lille,Lorient,1,2
2009-08-15,2009-10,Lens,Auxerre,2,0
2009-08-15,2009-10,Lorient,Montpellier,2,2
2009-08-15,2009-10,Lyon,Valenciennes,1,0
2009-08-15,2009-10,Nancy,Monaco,4,0
2009-08-15,2009-10,Paris SG,Le Mans,3,1
2009-08-15,2009-10,Sochaux,Bordeaux,2,3
2009-08-15,2009-10,Toulouse,St Etienne,3,1
2009-08-16,2009-10,Boulogne,Grenoble,2,1
2009-08-16,2009-10,Marseille,Lille,1,0
2009-08-16,2009-10,Nice,Rennes,1,1
2009-08-22,2009-10,Auxerre,Lyon,0,3
2009-08-22,2009-10,Le Mans,Nancy,2,1
2009-08-22,2009-10,Monaco,Lorient,2,0
2009-08-22,2009-10,Montpellier,Sochaux,2,0
2009-08-22,2009-10,Rennes,Marseille,1,1
2009-08-22,2009-10,St Etienne,Boulogne,0,1
2009-08-22,2009-10,Valenciennes,Paris SG,2,3
2009-08-23,2009-10,Bordeaux,Nice,4,0
2009-08-23,2009-10,Grenoble,Lens,1,2
2009-08-23,2009-10,Lille,Toulouse,1,1
2009-08-29,2009-10,Boulogne,Auxerre,0,0
2009-08-29,2009-10,Lens,Rennes,2,2
2009-08-29,2009-10,Lorient,Le Mans,1,0
2009-08-29,2009-10,Lyon,Nancy,3,1
2009-08-29,2009-10,Nice,Montpellier,0,3
2009-08-29,2009-10,Sochaux,Monaco,1,0
2009-08-29,2009-10,St Etienne,Grenoble,1,0
2009-08-30,2009-10,Marseille,Bordeaux,0,0
2009-08-30,2009-10,Paris SG,Lille,3,0
2009-08-30,2009-10,Toulouse,Valenciennes,0,1
2009-09-12,2009-10,Bordeaux,Grenoble,1,0
2009-09-12,2009-10,Le Mans,Marseille,1,2
2009-09-12,2009-10,Lille,Sochaux,1,0
2009-09-12,2009-10,Lyon,Lorient,1,0
2009-09-12,2009-10,Montpellier,Lens,1,0
2009-09-12,2009-10,Nancy,Toulouse,0,0
2009-09-12,2009-10,Valenciennes,Boulogne,1,1
2009-09-13,2009-10,Auxerre,Nice,2,0
2009-09-13,2009-10,Monaco,Paris SG,2,0
2009-09-13,2009-10,Rennes,St Etienne,1,0
2009-09-19,2009-10,Boulogne,Bordeaux,0,2
2009-09-19,2009-10,Grenoble,Rennes,0,4
2009-09-19,2009-10,Lorient,Nancy,3,1
2009-09-19,2009-10,Marseille,Montpellier,4,2
2009-09-19,2009-10,Nice,Monaco,1,3
2009-09-19,2009-10,Sochaux,Valenciennes,2,5
2009-09-19,2009-10,St Etienne,Auxerre,1,1
2009-09-20,2009-10,Lens,Lille,1,1
2009-09-20,2009-10,Paris SG,Lyon,1,1
2009-09-20,2009-10,Toulouse,Le Mans,2,0
2009-09-26,2009-10,Auxerre,Grenoble,2,0
2009-09-26,2009-10,Lorient,Paris SG,1,1
2009-09-26,2009-10,Lyon,Toulouse,2,1
2009-09-26,2009-10,Monaco,St Etienne,1,2
2009-09-26,2009-10,Montpellier,Boulogne,1,0
2009-09-26,2009-10,Nancy,Sochaux,2,1
2009-09-26,2009-10,Valenciennes,Marseille,3,2
2009-09-27,2009-10,Bordeaux,Rennes,1,0
2009-09-27,2009-10,Le Mans,Lens,3,0
2009-09-27,2009-10,Lille,Nice,1,1
2009-10-03,2009-10,Grenoble,Montpellier,2,3
2009-10-03,2009-10,Lens,Lyon,0,2
2009-10-03,2009-10,Nice,Valenciennes,3,2
2009-10-03,2009-10,Paris SG,Nancy,1,1
2009-10-03,2009-10,Rennes,Auxerre,0,1
2009-10-03,2009-10,Sochaux,Le Mans,1,0
2009-10-03,2009-10,St Etienne,Bordeaux,3,1
2009-10-04,2009-10,Boulogne,Lille,2,3
2009-10-04,2009-10,Marseille,Monaco,1,2
2009-10-04,2009-10,Toulouse,Lorient,0,1
2009-10-17,2009-10,Auxerre,Bordeaux,1,0
2009-10-17,2009-10,Le Mans,Boulogne,1,1
2009-10-17,2009-10,Lille,Rennes,0,0
2009-10-17,2009-10,Lyon,Sochaux,0,2
2009-10-17,2009-10,Montpellier,St Etienne,2,1
2009-10-17,2009-10,Nancy,Marseille,0,3
2009-10-17,2009-10,Valenciennes,Grenoble,2,0
2009-10-18,2009-10,Lorient,Nice,4,1
2009-10-18,2009-10,Monaco,Lens,2,0
2009-10-18,2009-10,Toulouse,Paris SG,1,0
2009-10-24,2009-10,Bordeaux,Le Mans,3,0
2009-10-24,2009-10,Boulogne,Monaco,1,3
2009-10-24,2009-10,Grenoble,Nancy,1,2
2009-10-24,2009-10,Nice,Lyon,4,1
2009-10-24,2009-10,Rennes,Montpellier,3,0
2009-10-24,2009-10,Sochaux,Lorient,1,0
2009-10-24,2009-10,St Etienne,Valenciennes,0,2
2009-10-25,2009-10,Auxerre,Lille,3,2
2009-10-25,2009-10,Lens,Toulouse,0,2
2009-10-31,2009-10,Auxerre,Montpellier,2,1
2009-10-31,2009-10,Bordeaux,Monaco,1,0
2009-10-31,2009-10,Boulogne,Nancy,1,2
2009-10-31,2009-10,Grenoble,Lille,0,2
2009-10-31,2009-10,Lens,Lorient,1,1
2009-10-31,2009-10,Marseille,Toulouse,1,1
2009-10-31,2009-10,St Etienne,Lyon,0,1
2009-11-01,2009-10,Nice,Le Mans,1,0
2009-11-01,2009-10,Rennes,Valenciennes,0,3
2009-11-01,2009-10,Sochaux,Paris SG,1,4
2009-11-07,2009-10,Le Mans,Auxerre,0,1
2009-11-07,2009-10,Lorient,Boulogne,5,0
2009-11-07,2009-10,Monaco,Grenoble,0,0
2009-11-07,2009-10,Nancy,St Etienne,0,1
2009-11-07,2009-10,Paris SG,Nice,0,1
2009-11-07,2009-10,Sochaux,Lens,1,2
2009-11-07,2009-10,Valenciennes,Montpellier,1,1
2009-11-08,2009-10,Lille,Bordeaux,2,0
2009-11-08,2009-10,Lyon,Marseille,5,5
2009-11-08,2009-10,Toulouse,Rennes,3,2
2009-11-20,2009-10,Marseille,Paris SG,1,0
2009-11-21,2009-10,Auxerre,Monaco,2,0
2009-11-21,2009-10,Bordeaux,Valenciennes,0,1
2009-11-21,2009-10,Grenoble,Lyon,1,1
2009-11-21,2009-10,Lens,Nancy,2,1
2009-11-21,2009-10,Rennes,Le Mans,2,1
2009-11-22,2009-10,Montpellier,Lille,2,0
2009-11-22,2009-10,Nice,Toulouse,1,0
2009-11-22,2009-10,St Etienne,Lorient,0,2
2009-11-28,2009-10,Lens,Marseille,1,0
2009-11-28,2009-10,Lille,Valenciennes,4,0
2009-11-28,2009-10,Lorient,Grenoble,2,2
2009-11-28,2009-10,Paris SG,Auxerre,1,0
2009-11-28,2009-10,Sochaux,Nice,1,0
2009-11-28,2009-10,Toulouse,Boulogne,1,0
2009-11-29,2009-10,Le Mans,St Etienne,1,1
2009-11-29,2009-10,Lyon,Rennes,1,1
2009-11-29,2009-10,Nancy,Bordeaux,0,3
2009-12-02,2009-10,Boulogne,Paris SG,2,5
2009-12-05,2009-10,Bordeaux,Paris SG,1,0
2009-12-05,2009-10,Montpellier,Le Mans,2,1
2009-12-05,2009-10,Nice,Marseille,1,3
2009-12-05,2009-10,Rennes,Lorient,1,0
2009-12-05,2009-10,St Etienne,Sochaux,0,0
2009-12-05,2009-10,Valenciennes,Monaco,3,1
2009-12-06,2009-10,Auxerre,Nancy,1,3
2009-12-06,2009-10,Boulogne,Lens,2,1
2009-12-06,2009-10,Grenoble,Toulouse,1,0
2009-12-06,2009-10,Lille,Lyon,4,3
2009-12-10,2009-10,Lille,St Etienne,4,0
2009-12-10,2009-10,Toulouse,Sochaux,2,0
2009-12-12,2009-10,Le Mans,Valenciennes,2,1
2009-12-12,2009-10,Lens,Nice,2,0
2009-12-12,2009-10,Lorient,Auxerre,0,0
2009-12-12,2009-10,Marseille,Boulogne,2,0
2009-12-12,2009-10,Nancy,Rennes,1,2
2009-12-13,2009-10,Lyon,Bordeaux,0,1
2009-12-13,2009-10,Monaco,Lille,0,4
2009-12-13,2009-10,Paris SG,St Etienne,3,0
2009-12-13,2009-10,Sochaux,Grenoble,1,0
2009-12-13,2009-10,Toulouse,Montpellier,0,1
2009-12-15,2009-10,Valenciennes,Auxerre,0,0
2009-12-16,2009-10,Le Mans,Grenoble,1,0
2009-12-16,2009-10,Lorient,Marseille,1,2
2009-12-16,2009-10,Lyon,Boulogne,2,0
2009-12-16,2009-10,Monaco,Rennes,1,0
2009-12-16,2009-10,Montpellier,Bordeaux,0,1
2009-12-16,2009-10,Nancy,Nice,2,0
2009-12-16,2009-10,Paris SG,Lens,1,1
2009-12-19,2009-10,Bordeaux,Lorient,4,1
2009-12-19,2009-10,Grenoble,Nice,1,1
2009-12-19,2009-10,Montpellier,Nancy,0,2
2009-12-19,2009-10,Rennes,Paris SG,1,0
2009-12-19,2009-10,St Etienne,Marseille,0,0
2009-12-19,2009-10,Valenciennes,Lens,0,0
2009-12-20,2009-10,Auxerre,Toulouse,1,1
2009-12-20,2009-10,Lille,Le Mans,3,0
2009-12-20,2009-10,Monaco,Lyon,1,1
2009-12-22,2009-10,Lens,St Etienne,1,0
2009-12-23,2009-10,Le Mans,Monaco,1,1
2009-12-23,2009-10,Lorient,Valenciennes,3,2
2009-12-23,2009-10,Lyon,Montpellier,1,2
2009-12-23,2009-10,Marseille,Auxerre,0,2
2009-12-23,2009-10,Nancy,Lille,0,4
2009-12-23,2009-10,Nice,Boulogne,2,2
2009-12-23,2009-10,Paris SG,Grenoble,4,0
2009-12-23,2009-10,Sochaux,Rennes,2,0
2009-12-23,2009-10,Toulouse,Bordeaux,1,2
2010-01-13,2009-10,Boulogne,Sochaux,0,0
2010-01-13,2009-10,Monaco,Montpellier,4,0
2010-01-16,2009-10,Auxerre,Boulogne,0,0
2010-01-16,2009-10,Grenoble,St Etienne,1,2
2010-01-16,2009-10,Le Mans,Lorient,0,3
2010-01-16,2009-10,Lille,Paris SG,3,1
2010-01-16,2009-10,Monaco,Sochaux,2,0
2010-01-16,2009-10,Montpellier,Nice,1,0
2010-01-16,2009-10,Nancy,Lyon,0,2
2010-01-16,2009-10,Rennes,Lens,1,1
2010-01-16,2009-10,Valenciennes,Toulouse,1,3
2010-01-17,2009-10,Bordeaux,Marseille,1,1
2010-01-19,2009-10,St Etienne,Rennes,0,0
2010-01-20,2009-10,Boulogne,Valenciennes,0,2
2010-01-20,2009-10,Grenoble,Bordeaux,1,3
2010-01-20,2009-10,Lens,Montpellier,0,1
2010-01-20,2009-10,Lorient,Lyon,1,3
2010-01-20,2009-10,Marseille,Le Mans,2,1
2010-01-20,2009-10,Nice,Auxerre,0,1
2010-01-20,2009-10,Paris SG,Monaco,0,1
2010-01-20,2009-10,Sochaux,Lille,2,1
2010-01-20,2009-10,Toulouse,Nancy,0,0
2010-01-30,2009-10,Bordeaux,Boulogne,0,0
2010-01-30,2009-10,Le Mans,Toulouse,1,3
2010-01-30,2009-10,Lille,Lens,1,0
2010-01-30,2009-10,Monaco,Nice,3,2
2010-01-30,2009-10,Montpellier,Marseille,2,0
2010-01-30,2009-10,Nancy,Lorient,1,0
2010-01-30,2009-10,Rennes,Grenoble,4,0
2010-01-31,2009-10,Auxerre,St Etienne,1,0
2010-01-31,2009-10,Lyon,Paris SG,2,1
2010-01-31,2009-10,Valenciennes,Sochaux,1,1
2010-02-06,2009-10,Boulogne,Montpellier,0,2
2010-02-06,2009-10,Grenoble,Auxerre,5,0
2010-02-06,2009-10,Lens,Le Mans,2,1
2010-02-06,2009-10,Nice,Lille,1,1
2010-02-06,2009-10,Paris SG,Lorient,0,3
2010-02-06,2009-10,Rennes,Bordeaux,4,2
2010-02-06,2009-10,Sochaux,Nancy,1,1
2010-02-07,2009-10,Marseille,Valenciennes,5,1
2010-02-07,2009-10,St Etienne,Monaco,3,0
2010-02-07,2009-10,Toulouse,Lyon,0,0
2010-02-13,2009-10,Le Mans,Sochaux,0,0
2010-02-13,2009-10,Lille,Boulogne,3,1
2010-02-13,2009-10,Lyon,Lens,1,0
2010-02-13,2009-10,Monaco,Marseille,1,2
2010-02-13,2009-10,Montpellier,Grenoble,1,0
2010-02-13,2009-10,Nancy,Paris SG,0,0
2010-02-13,2009-10,Valenciennes,Nice,2,1
2010-02-14,2009-10,Auxerre,Rennes,1,0
2010-02-14,2009-10,Bordeaux,St Etienne,3,1
2010-02-14,2009-10,Lorient,Toulouse,1,1
2010-02-20,2009-10,Boulogne,Le Mans,1,3
2010-02-20,2009-10,Grenoble,Valenciennes,0,1
2010-02-20,2009-10,Lens,Monaco,3,0
2010-02-20,2009-10,Nice,Lorient,1,0
2010-02-20,2009-10,Paris SG,Toulouse,1,0
2010-02-20,2009-10,St Etienne,Montpellier,1,0
2010-02-21,2009-10,Marseille,Nancy,3,1
2010-02-21,2009-10,Rennes,Lille,1,2
2010-02-21,2009-10,Sochaux,Lyon,0,4
2010-02-27,2009-10,Lorient,Sochaux,1,0
2010-02-27,2009-10,Lyon,Nice,2,0
2010-02-27,2009-10,Monaco,Boulogne,1,0
2010-02-27,2009-10,Montpellier,Rennes,3,1
2010-02-27,2009-10,Nancy,Grenoble,0,2
2010-02-27,2009-10,Toulouse,Lens,1,0
2010-02-27,2009-10,Valenciennes,St Etienne,1,0
2010-02-28,2009-10,Lille,Auxerre,1,2
2010-02-28,2009-10,Paris SG,Marseille,0,3
2010-03-06,2009-10,Auxerre,Valenciennes,1,0
2010-03-06,2009-10,Boulogne,Lyon,0,0
2010-03-06,2009-10,Lens,Paris SG,1,1
2010-03-06,2009-10,Nice,Nancy,2,3
2010-03-06,2009-10,Rennes,Monaco,1,0
2010-03-06,2009-10,Sochaux,Toulouse,1,0
2010-03-06,2009-10,St Etienne,Lille,1,1
2010-03-07,2009-10,Bordeaux,Montpellier,1,1
2010-03-07,2009-10,Grenoble,Le Mans,1,1
2010-03-07,2009-10,Marseille,Lorient,1,1
2010-03-10,2009-10,Bordeaux,Auxerre,1,2
2010-03-13,2009-10,Le Mans,Nice,0,1
2010-03-13,2009-10,Lorient,Lens,1,0
2010-03-13,2009-10,Lyon,St Etienne,1,1
2010-03-13,2009-10,Monaco,Bordeaux,0,0
2010-03-13,2009-10,Montpellier,Auxerre,1,1
2010-03-13,2009-10,Nancy,Boulogne,1,3
2010-03-13,2009-10,Paris SG,Sochaux,4,1
2010-03-14,2009-10,Lille,Grenoble,1,0
2010-03-14,2009-10,Toulouse,Marseille,1,1
2010-03-14,2009-10,Valenciennes,Rennes,0,2
2010-03-20,2009-10,Auxerre,Le Mans,2,1
2010-03-20,2009-10,Boulogne,Lorient,2,0
2010-03-20,2009-10,Grenoble,Monaco,0,0
2010-03-20,2009-10,Lens,Sochaux,0,0
2010-03-20,2009-10,Nice,Paris SG,1,0
2010-03-20,2009-10,Rennes,Toulouse,4,1
2010-03-20,2009-10,St Etienne,Nancy,0,0
2010-03-21,2009-10,Bordeaux,Lille,3,1
2010-03-21,2009-10,Marseille,Lyon,2,1
2010-03-21,2009-10,Montpellier,Valenciennes,2,1
2010-03-26,2009-10,Lyon,Grenoble,2,0
2010-03-28,2009-10,Le Mans,Rennes,1,3
2010-03-28,2009-10,Lille,Montpellier,4,1
2010-03-28,2009-10,Lorient,St Etienne,4,0
2010-03-28,2009-10,Nancy,Lens,5,1
2010-03-28,2009-10,Paris SG,Boulogne,3,0
2010-03-28,2009-10,Toulouse,Nice,0,2
2010-03-29,2009-10,Monaco,Auxerre,0,0
2010-04-03,2009-10,Bordeaux,Nancy,1,2
2010-04-03,2009-10,Grenoble,Lorient,1,2
2010-04-03,2009-10,Montpellier,Monaco,0,0
2010-04-03,2009-10,Nice,Sochaux,0,0
2010-04-03,2009-10,Rennes,Lyon,1,2
2010-04-03,2009-10,St Etienne,Le Mans,2,0
2010-04-03,2009-10,Valenciennes,Lille,1,0
2010-04-04,2009-10,Auxerre,Paris SG,1,1
2010-04-04,2009-10,Boulogne,Toulouse,1,1
2010-04-04,2009-10,Marseille,Lens,1,0
2010-04-07,2009-10,Marseille,Sochaux,3,0
2010-04-10,2009-10,Le Mans,Montpellier,2,2
2010-04-10,2009-10,Lens,Boulogne,3,0
2010-04-10,2009-10,Lorient,Rennes,1,1
2010-04-10,2009-10,Monaco,Valenciennes,2,1
2010-04-10,2009-10,Paris SG,Bordeaux,3,1
2010-04-10,2009-10,Sochaux,St Etienne,0,2
2010-04-10,2009-10,Toulouse,Grenoble,4,0
2010-04-11,2009-10,Lyon,Lille,1,1
2010-04-11,2009-10,Marseille,Nice,4,1
2010-04-11,2009-10,Nancy,Auxerre,0,1
2010-04-14,2009-10,Le Mans,Bordeaux,2,1
2010-04-14,2009-10,Sochaux,Marseille,0,1
2010-04-17,2009-10,Auxerre,Lorient,4,1
2010-04-17,2009-10,Bordeaux,Lyon,2,2
2010-04-17,2009-10,Boulogne,Marseille,1,2
2010-04-17,2009-10,Grenoble,Sochaux,2,2
2010-04-17,2009-10,Nice,Lens,0,0
2010-04-17,2009-10,Rennes,Nancy,0,0
2010-04-17,2009-10,Valenciennes,Le Mans,0,1
2010-04-18,2009-10,Lille,Monaco,4,0
2010-04-18,2009-10,Montpellier,Toulouse,1,1
2010-04-18,2009-10,St Etienne,Paris SG,0,0
2010-04-24,2009-10,Le Mans,Lille,1,2
2010-04-24,2009-10,Lorient,Bordeaux,1,0
2010-04-24,2009-10,Nancy,Montpellier,0,0
2010-04-24,2009-10,Nice,Grenoble,2,1
2010-04-24,2009-10,Paris SG,Rennes,1,1
2010-04-24,2009-10,Sochaux,Boulogne,0,3
2010-04-25,2009-10,Lens,Valenciennes,1,1
2010-04-25,2009-10,Marseille,St Etienne,1,0
2010-04-25,2009-10,Toulouse,Auxerre,0,3
2010-04-27,2009-10,Grenoble,Paris SG,4,0
2010-04-27,2009-10,Monaco,Le Mans,1,1
2010-04-28,2009-10,Valenciennes,Bordeaux,2,0
2010-04-30,2009-10,Auxerre,Marseille,0,0
2010-05-02,2009-10,Bordeaux,Toulouse,1,0
2010-05-02,2009-10,Boulogne,Nice,3,3
2010-05-02,2009-10,Lille,Nancy,3,1
2010-05-02,2009-10,Montpellier,Lyon,0,1
2010-05-02,2009-10,Rennes,Sochaux,1,2
2010-05-02,2009-10,St Etienne,Lens,1,4
2010-05-02,2009-10,Valenciennes,Lorient,0,0
2010-05-05,2009-10,Boulogne,St Etienne,0,1
2010-05-05,2009-10,Lens,Grenoble,1,1
2010-05-05,2009-10,Lorient,Monaco,2,2
2010-05-05,2009-10,Lyon,Auxerre,2,1
2010-05-05,2009-10,Marseille,Rennes,3,1
2010-05-05,2009-10,Nancy,Le Mans,3,2
2010-05-05,2009-10,Nice,Bordeaux,1,1
2010-05-05,2009-10,Paris SG,Valenciennes,2,2
2010-05-05,2009-10,Sochaux,Montpellier,0,1
2010-05-05,2009-10,Toulouse,Lille,0,2
2010-05-08,2009-10,Auxerre,Lens,0,0
2010-05-08,2009-10,Bordeaux,Sochaux,2,0
2010-05-08,2009-10,Grenoble,Boulogne,2,0
2010-05-08,2009-10,Le Mans,Paris SG,1,0
2010-05-08,2009-10,Lille,Marseille,3,2
2010-05-08,2009-10,Monaco,Nancy,2,1
2010-05-08,2009-10,Montpellier,Lorient,2,1
2010-05-08,2009-10,Rennes,Nice,2,2
2010-05-08,2009-10,St Etienne,Toulouse,0,1
2010-05-08,2009-10,Valenciennes,Lyon,2,2
2010-05-12,2009-10,Lyon,Monaco,3,0
2010-05-15,2009-10,Boulogne,Rennes,1,0
2010-05-15,2009-10,Lens,Bordeaux,4,3
2010-05-15,2009-10,Lorient,Lille,2,1
2010-05-15,2009-10,Lyon,Le Mans,2,0
2010-05-15,2009-10,Marseille,Grenoble,2,0
2010-05-15,2009-10,Nancy,Valenciennes,1,1
2010-05-15,2009-10,Nice,St Etienne,1,1
2010-05-15,2009-10,Paris SG,Montpellier,1,3
2010-05-15,2009-10,Sochaux,Auxerre,1,2
2010-05-15,2009-10,Toulouse,Monaco,0,0
2010-08-07,2010-11,Auxerre,Lorient,2,2
2010-08-07,2010-11,Lens,Nancy,1,2
2010-08-07,2010-11,Lyon,Monaco,0,0
2010-08-07,2010-11,Marseille,Caen,1,2
2010-08-07,2010-11,Nice,Valenciennes,0,0
2010-08-07,2010-11,Paris SG,St Etienne,3,1
2010-08-07,2010-11,Rennes,Lille,1,1
2010-08-07,2010-11,Sochaux,Arles,2,1
2010-08-07,2010-11,Toulouse,Brest,2,0
2010-08-08,2010-11,Montpellier,Bordeaux,1,0
2010-08-14,2010-11,Arles,Lens,0,1
2010-08-14,2010-11,Brest,Auxerre,1,1
2010-08-14,2010-11,Lorient,Nice,1,2
2010-08-14,2010-11,Nancy,Rennes,0,3
2010-08-14,2010-11,St Etienne,Sochaux,3,2
2010-08-14,2010-11,Valenciennes,Marseille,3,2
2010-08-15,2010-11,Bordeaux,Toulouse,1,2
2010-08-15,2010-11,Caen,Lyon,3,2
2010-08-15,2010-11,Lille,Paris SG,0,0
2010-08-17,2010-11,Monaco,Montpellier,0,0
2010-08-21,2010-11,Auxerre,Valenciennes,1,1
2010-08-21,2010-11,Lens,Monaco,2,2
2010-08-21,2010-11,Lyon,Brest,1,0
2010-08-21,2010-11,Marseille,Lorient,2,0
2010-08-21,2010-11,Nice,Nancy,1,1
2010-08-21,2010-11,Rennes,St Etienne,0,0
2010-08-21,2010-11,Toulouse,Arles,2,1
2010-08-22,2010-11,Montpellier,Caen,0,0
2010-08-22,2010-11,Paris SG,Bordeaux,1,2
2010-08-22,2010-11,Sochaux,Lille,0,0
2010-08-28,2010-11,Arles,Rennes,0,1
2010-08-28,2010-11,Caen,Brest,0,2
2010-08-28,2010-11,Lorient,Lyon,2,0
2010-08-28,2010-11,Nancy,Toulouse,0,2
2010-08-28,2010-11,St Etienne,Lens,3,1
2010-08-28,2010-11,Valenciennes,Montpellier,0,1
2010-08-29,2010-11,Bordeaux,Marseille,1,1
2010-08-29,2010-11,Lille,Nice,1,1
2010-08-29,2010-11,Monaco,Auxerre,2,0
2010-08-29,2010-11,Sochaux,Paris SG,3,1
2010-09-11,2010-11,Auxerre,Caen,1,1
2010-09-11,2010-11,Lens,Lille,1,4
2010-09-11,2010-11,Lyon,Valenciennes,1,1
2010-09-11,2010-11,Montpellier,Nancy,1,2
2010-09-11,2010-11,Paris SG,Arles,4,0
2010-09-11,2010-11,Rennes,Sochaux,2,1
2010-09-11,2010-11,Toulouse,St Etienne,0,1
2010-09-12,2010-11,Brest,Lorient,0,0
2010-09-12,2010-11,Marseille,Monaco,2,2
2010-09-12,2010-11,Nice,Bordeaux,2,1
2010-09-18,2010-11,Arles,Marseille,0,3
2010-09-18,2010-11,Lorient,Caen,0,1
2010-09-18,2010-11,Monaco,Toulouse,0,0
2010-09-18,2010-11,Nancy,Brest,0,2
2010-09-18,2010-11,Sochaux,Nice,4,0
2010-09-18,2010-11,St Etienne,Montpellier,3,0
2010-09-18,2010-11,Valenciennes,Lens,1,1
2010-09-19,2010-11,Bordeaux,Lyon,2,0
2010-09-19,2010-11,Lille,Auxerre,1,0
2010-09-19,2010-11,Paris SG,Rennes,0,0
2010-09-25,2010-11,Auxerre,Nancy,2,2
2010-09-25,2010-11,Caen,Bordeaux,0,0
2010-09-25,2010-11,Lorient,Monaco,2,1
2010-09-25,2010-11,Lyon,St Etienne,0,1
2010-09-25,2010-11,Marseille,Sochaux,2,1
2010-09-25,2010-11,Montpellier,Arles,3,1
2010-09-25,2010-11,Nice,Rennes,1,2
2010-09-26,2010-11,Brest,Valenciennes,1,0
2010-09-26,2010-11,Lens,Paris SG,0,2
2010-09-26,2010-11,Toulouse,Lille,1,1
2010-10-02,2010-11,Arles,Auxerre,0,4
2010-10-02,2010-11,Bordeaux,Lorient,1,0
2010-10-02,2010-11,Monaco,Brest,0,1
2010-10-02,2010-11,Nancy,Lyon,2,3
2010-10-02,2010-11,Sochaux,Lens,3,0
2010-10-02,2010-11,St Etienne,Marseille,1,1
2010-10-02,2010-11,Valenciennes,Caen,2,1
2010-10-03,2010-11,Lille,Montpellier,3,1
2010-10-03,2010-11,Paris SG,Nice,0,0
2010-10-03,2010-11,Rennes,Toulouse,3,1
2010-10-16,2010-11,Auxerre,Bordeaux,0,1
2010-10-16,2010-11,Brest,Arles,0,0
2010-10-16,2010-11,Caen,Monaco,0,0
2010-10-16,2010-11,Marseille,Nancy,1,0
2010-10-16,2010-11,Montpellier,Sochaux,2,0
2010-10-16,2010-11,Toulouse,Paris SG,0,2
2010-10-17,2010-11,Lens,Rennes,0,0
2010-10-17,2010-11,Lorient,Valenciennes,2,1
2010-10-17,2010-11,Lyon,Lille,3,1
2010-10-17,2010-11,Nice,St Etienne,2,1
2010-10-23,2010-11,Bordeaux,Brest,0,2
2010-10-23,2010-11,Lens,Nice,1,0
2010-10-23,2010-11,Monaco,Valenciennes,0,2
2010-10-23,2010-11,Nancy,Lorient,1,0
2010-10-23,2010-11,Rennes,Montpellier,0,1
2010-10-23,2010-11,Sochaux,Toulouse,1,3
2010-10-23,2010-11,St Etienne,Caen,1,1
2010-10-24,2010-11,Arles,Lyon,1,1
2010-10-24,2010-11,Lille,Marseille,1,3
2010-10-24,2010-11,Paris SG,Auxerre,2,3
2010-10-30,2010-11,Auxerre,Nice,2,0
2010-10-30,2010-11,Brest,St Etienne,2,0
2010-10-30,2010-11,Caen,Nancy,2,3
2010-10-30,2010-11,Lorient,Arles,2,0
2010-10-30,2010-11,Lyon,Sochaux,2,1
2010-10-30,2010-11,Toulouse,Lens,1,1
2010-10-31,2010-11,Montpellier,Paris SG,1,1
2010-10-31,2010-11,Valenciennes,Lille,1,1
2010-11-02,2010-11,Monaco,Bordeaux,2,2
2010-11-06,2010-11,Arles,Caen,3,2
2010-11-06,2010-11,Bordeaux,Valenciennes,1,1
2010-11-06,2010-11,Rennes,Lyon,1,1
2010-11-06,2010-11,Sochaux,Auxerre,1,1
2010-11-06,2010-11,St Etienne,Lorient,1,2
2010-11-07,2010-11,Lens,Montpellier,2,0
2010-11-07,2010-11,Lille,Brest,3,1
2010-11-07,2010-11,Nancy,Monaco,0,4
2010-11-07,2010-11,Nice,Toulouse,2,0
2010-11-07,2010-11,Paris SG,Marseille,2,1
2010-11-13,2010-11,Bordeaux,Nancy,2,1
2010-11-13,2010-11,Brest,Sochaux,1,1
2010-11-13,2010-11,Caen,Lille,2,5
2010-11-13,2010-11,Marseille,Lens,1,1
2010-11-13,2010-11,Monaco,Arles,0,0
2010-11-13,2010-11,Montpellier,Toulouse,1,0
2010-11-14,2010-11,Auxerre,Rennes,2,1
2010-11-14,2010-11,Lorient,Paris SG,1,1
2010-11-14,2010-11,Lyon,Nice,1,0
2010-11-20,2010-11,Nancy,Valenciennes,2,0
2010-11-20,2010-11,Nice,Montpellier,0,1
2010-11-20,2010-11,Paris SG,Caen,2,1
2010-11-20,2010-11,Rennes,Brest,2,1
2010-11-20,2010-11,Sochaux,Lorient,2,0
2010-11-20,2010-11,St Etienne,Auxerre,1,1
2010-11-20,2010-11,Toulouse,Marseille,0,1
2010-11-21,2010-11,Arles,Bordeaux,2,4
2010-11-21,2010-11,Lens,Lyon,1,3
2010-11-21,2010-11,Lille,Monaco,2,1
2010-11-27,2010-11,Bordeaux,Lille,1,1
2010-11-27,2010-11,Lorient,Rennes,2,0
2010-11-27,2010-11,Marseille,Montpellier,4,0
2010-11-27,2010-11,Monaco,Nice,1,1
2010-11-27,2010-11,Nancy,St Etienne,1,1
2010-11-27,2010-11,Valenciennes,Arles,3,0
2010-11-28,2010-11,Auxerre,Toulouse,1,2
2010-11-28,2010-11,Caen,Sochaux,0,3
2010-11-28,2010-11,Lyon,Paris SG,2,2
2010-11-30,2010-11,Brest,Lens,4,1
2010-12-01,2010-11,Marseille,Rennes,0,0
2010-12-01,2010-11,Valenciennes,St Etienne,1,1
2010-12-04,2010-11,Arles,Nancy,1,1
2010-12-04,2010-11,Lens,Auxerre,1,1
2010-12-04,2010-11,Lille,Lorient,6,3
2010-12-04,2010-11,Montpellier,Lyon,1,2
2010-12-04,2010-11,Rennes,Monaco,1,0
2010-12-04,2010-11,Sochaux,Valenciennes,2,1
2010-12-04,2010-11,Toulouse,Caen,1,0
2010-12-05,2010-11,Nice,Marseille,1,0
2010-12-05,2010-11,Paris SG,Brest,3,1
2010-12-05,2010-11,St Etienne,Bordeaux,2,2
2010-12-11,2010-11,Arles,Lille,0,1
2010-12-11,2010-11,Auxerre,Marseille,1,1
2010-12-11,2010-11,Brest,Montpellier,0,0
2010-12-11,2010-11,Caen,Nice,0,0
2010-12-11,2010-11,Lorient,Lens,3,0
2010-12-11,2010-11,Nancy,Sochaux,1,0
2010-12-11,2010-11,Valenciennes,Paris SG,1,2
2010-12-12,2010-11,Bordeaux,Rennes,0,0
2010-12-12,2010-11,Lyon,Toulouse,2,0
2010-12-12,2010-11,Monaco,St Etienne,0,2
2010-12-18,2010-11,Montpellier,Auxerre,1,1
2010-12-18,2010-11,Nice,Brest,1,1
2010-12-18,2010-11,Paris SG,Monaco,2,2
2010-12-18,2010-11,Rennes,Valenciennes,1,0
2010-12-18,2010-11,St Etienne,Arles,2,0
2010-12-18,2010-11,Toulouse,Lorient,3,0
2010-12-19,2010-11,Marseille,Lyon,1,1
2010-12-19,2010-11,Sochaux,Bordeaux,1,1
2010-12-21,2010-11,Lorient,Montpellier,0,0
2010-12-22,2010-11,Arles,Nice,0,0
2010-12-22,2010-11,Bordeaux,Lens,2,2
2010-12-22,2010-11,Brest,Marseille,0,0
2010-12-22,2010-11,Caen,Rennes,1,0
2010-12-22,2010-11,Lille,St Etienne,1,1
2010-12-22,2010-11,Lyon,Auxerre,1,1
2010-12-22,2010-11,Monaco,Sochaux,2,1
2010-12-22,2010-11,Nancy,Paris SG,2,0
2010-12-22,2010-11,Valenciennes,Toulouse,2,1
2011-01-15,2010-11,Auxerre,Monaco,1,1
2011-01-15,2010-11,Brest,Caen,1,3
2011-01-15,2010-11,Lens,St Etienne,2,1
2011-01-15,2010-11,Lyon,Lorient,3,0
2011-01-15,2010-11,Montpellier,Valenciennes,2,1
2011-01-15,2010-11,Nice,Lille,0,2
2011-01-15,2010-11,Paris SG,Sochaux,2,1
2011-01-15,2010-11,Rennes,Arles,4,0
2011-01-15,2010-11,Toulouse,Nancy,1,0
2011-01-16,2010-11,Marseille,Bordeaux,2,1
2011-01-19,2010-11,Lille,Nancy,3,0
2011-01-22,2010-11,Lens,Caen,2,0
2011-01-29,2010-11,Arles,Paris SG,1,2
2011-01-29,2010-11,Caen,Auxerre,2,0
2011-01-29,2010-11,Lille,Lens,1,0
2011-01-29,2010-11,Lorient,Brest,2,0
2011-01-29,2010-11,Sochaux,Rennes,5,1
2011-01-29,2010-11,St Etienne,Toulouse,2,1
2011-01-29,2010-11,Valenciennes,Lyon,2,1
2011-01-30,2010-11,Bordeaux,Nice,2,0
2011-01-30,2010-11,Monaco,Marseille,0,0
2011-01-30,2010-11,Nancy,Montpellier,1,2
2011-02-05,2010-11,Brest,Nancy,2,1
2011-02-05,2010-11,Caen,Lorient,0,2
2011-02-05,2010-11,Lens,Valenciennes,1,1
2011-02-05,2010-11,Marseille,Arles,1,0
2011-02-05,2010-11,Montpellier,St Etienne,1,2
2011-02-05,2010-11,Nice,Sochaux,1,0
2011-02-05,2010-11,Rennes,Paris SG,1,0
2011-02-06,2010-11,Auxerre,Lille,1,1
2011-02-06,2010-11,Lyon,Bordeaux,0,0
2011-02-06,2010-11,Toulouse,Monaco,2,0
2011-02-12,2010-11,Arles,Montpellier,0,0
2011-02-12,2010-11,Bordeaux,Caen,1,2
2011-02-12,2010-11,Monaco,Lorient,3,1
2011-02-12,2010-11,Nancy,Auxerre,3,1
2011-02-12,2010-11,Paris SG,Lens,0,0
2011-02-12,2010-11,Sochaux,Marseille,1,2
2011-02-12,2010-11,St Etienne,Lyon,1,4
2011-02-13,2010-11,Lille,Toulouse,2,0
2011-02-13,2010-11,Rennes,Nice,2,0
2011-02-13,2010-11,Valenciennes,Brest,3,0
2011-02-18,2010-11,Lyon,Nancy,4,0
2011-02-19,2010-11,Auxerre,Arles,1,1
2011-02-19,2010-11,Brest,Monaco,2,0
2011-02-19,2010-11,Caen,Valenciennes,2,2
2011-02-19,2010-11,Lens,Sochaux,2,3
2011-02-19,2010-11,Lorient,Bordeaux,5,1
2011-02-19,2010-11,Marseille,St Etienne,2,1
2011-02-20,2010-11,Montpellier,Lille,1,0
2011-02-20,2010-11,Nice,Paris SG,0,3
2011-02-20,2010-11,Toulouse,Rennes,1,2
2011-02-26,2010-11,Arles,Brest,1,1
2011-02-26,2010-11,Bordeaux,Auxerre,3,0
2011-02-26,2010-11,Monaco,Caen,2,2
2011-02-26,2010-11,Rennes,Lens,2,0
2011-02-26,2010-11,Sochaux,Montpellier,0,0
2011-02-26,2010-11,St Etienne,Nice,0,2
2011-02-26,2010-11,Valenciennes,Lorient,0,0
2011-02-27,2010-11,Lille,Lyon,1,1
2011-02-27,2010-11,Nancy,Marseille,1,2
2011-02-27,2010-11,Paris SG,Toulouse,2,1
2011-03-05,2010-11,Auxerre,Paris SG,1,0
2011-03-05,2010-11,Caen,St Etienne,1,0
2011-03-05,2010-11,Lorient,Nancy,0,0
2011-03-05,2010-11,Montpellier,Rennes,0,1
2011-03-05,2010-11,Nice,Lens,0,0
2011-03-05,2010-11,Toulouse,Sochaux,0,1
2011-03-05,2010-11,Valenciennes,Monaco,0,0
2011-03-06,2010-11,Brest,Bordeaux,1,3
2011-03-06,2010-11,Lyon,Arles,5,0
2011-03-06,2010-11,Marseille,Lille,1,2
2011-03-11,2010-11,Rennes,Marseille,0,2
2011-03-12,2010-11,Arles,Lorient,3,3
2011-03-12,2010-11,Lens,Toulouse,0,1
2011-03-12,2010-11,Nancy,Caen,2,0
2011-03-12,2010-11,Nice,Auxerre,1,0
2011-03-12,2010-11,Sochaux,Lyon,0,2
2011-03-12,2010-11,St Etienne,Brest,2,0
2011-03-13,2010-11,Bordeaux,Monaco,0,1
2011-03-13,2010-11,Lille,Valenciennes,2,1
2011-03-13,2010-11,Paris SG,Montpellier,2,2
2011-03-19,2010-11,Auxerre,Sochaux,2,0
2011-03-19,2010-11,Brest,Lille,1,2
2011-03-19,2010-11,Lorient,St Etienne,0,0
2011-03-19,2010-11,Lyon,Rennes,1,1
2011-03-19,2010-11,Montpellier,Lens,1,4
2011-03-19,2010-11,Toulouse,Nice,1,1
2011-03-19,2010-11,Valenciennes,Bordeaux,2,2
2011-03-20,2010-11,Caen,Arles,2,0
2011-03-20,2010-11,Marseille,Paris SG,2,1
2011-03-20,2010-11,Monaco,Nancy,0,1
2011-04-02,2010-11,Arles,Monaco,0,2
2011-04-02,2010-11,Lille,Caen,3,1
2011-04-02,2010-11,Nancy,Bordeaux,0,0
2011-04-02,2010-11,Paris SG,Lorient,0,0
2011-04-02,2010-11,Rennes,Auxerre,0,0
2011-04-02,2010-11,Sochaux,Brest,2,1
2011-04-02,2010-11,Toulouse,Montpellier,0,1
2011-04-03,2010-11,Lens,Marseille,0,1
2011-04-03,2010-11,Nice,Lyon,2,2
2011-04-03,2010-11,St Etienne,Valenciennes,1,1
2011-04-09,2010-11,Auxerre,St Etienne,2,2
2011-04-09,2010-11,Bordeaux,Arles,0,0
2011-04-09,2010-11,Brest,Rennes,2,0
2011-04-09,2010-11,Caen,Paris SG,1,2
2011-04-09,2010-11,Lorient,Sochaux,1,1
2011-04-09,2010-11,Monaco,Lille,1,0
2011-04-09,2010-11,Valenciennes,Nancy,1,1
2011-04-10,2010-11,Lyon,Lens,3,0
2011-04-10,2010-11,Marseille,Toulouse,2,2
2011-04-10,2010-11,Montpellier,Nice,1,1
2011-04-16,2010-11,Lens,Brest,1,1
2011-04-16,2010-11,Lille,Bordeaux,1,1
2011-04-16,2010-11,Nice,Monaco,3,2
2011-04-16,2010-11,Rennes,Lorient,1,2
2011-04-16,2010-11,Sochaux,Caen,3,2
2011-04-16,2010-11,St Etienne,Nancy,2,1
2011-04-16,2010-11,Toulouse,Auxerre,0,1
2011-04-17,2010-11,Arles,Valenciennes,0,1
2011-04-17,2010-11,Montpellier,Marseille,1,2
2011-04-17,2010-11,Paris SG,Lyon,1,0
2011-04-24,2010-11,Auxerre,Lens,1,1
2011-04-24,2010-11,Bordeaux,St Etienne,2,0
2011-04-24,2010-11,Brest,Paris SG,2,2
2011-04-24,2010-11,Caen,Toulouse,1,1
2011-04-24,2010-11,Lorient,Lille,1,1
2011-04-24,2010-11,Monaco,Rennes,1,0
2011-04-24,2010-11,Nancy,Arles,0,0
2011-04-24,2010-11,Valenciennes,Sochaux,1,1
2011-04-27,2010-11,Lyon,Montpellier,3,2
2011-04-27,2010-11,Marseille,Nice,4,2
2011-04-30,2010-11,Lens,Lorient,2,3
2011-04-30,2010-11,Lille,Arles,5,0
2011-04-30,2010-11,Paris SG,Valenciennes,3,1
2011-04-30,2010-11,Rennes,Bordeaux,0,0
2011-04-30,2010-11,Sochaux,Nancy,1,0
2011-05-01,2010-11,Marseille,Auxerre,1,1
2011-05-01,2010-11,Montpellier,Brest,0,0
2011-05-01,2010-11,Nice,Caen,0,4
2011-05-01,2010-11,St Etienne,Monaco,1,1
2011-05-01,2010-11,Toulouse,Lyon,2,0
2011-05-07,2010-11,Arles,St Etienne,0,1
2011-05-07,2010-11,Auxerre,Montpellier,1,0
2011-05-07,2010-11,Bordeaux,Sochaux,0,4
2011-05-07,2010-11,Brest,Nice,0,0
2011-05-07,2010-11,Caen,Lens,1,1
2011-05-07,2010-11,Lorient,Toulouse,0,0
2011-05-07,2010-11,Monaco,Paris SG,1,1
2011-05-07,2010-11,Nancy,Lille,0,1
2011-05-08,2010-11,Lyon,Marseille,3,2
2011-05-08,2010-11,Valenciennes,Rennes,2,0
2011-05-10,2010-11,Paris SG,Nancy,2,2
2011-05-10,2010-11,St Etienne,Lille,1,2
2011-05-11,2010-11,Auxerre,Lyon,4,0
2011-05-11,2010-11,Lens,Bordeaux,1,0
2011-05-11,2010-11,Marseille,Brest,3,0
2011-05-11,2010-11,Montpellier,Lorient,3,1
2011-05-11,2010-11,Nice,Arles,3,2
2011-05-11,2010-11,Rennes,Caen,1,1
2011-05-11,2010-11,Sochaux,Monaco,3,0
2011-05-11,2010-11,Toulouse,Valenciennes,0,0
2011-05-15,2010-11,Arles,Toulouse,1,0
2011-05-15,2010-11,Caen,Montpellier,2,0
2011-05-15,2010-11,Lorient,Marseille,2,2
2011-05-15,2010-11,Monaco,Lens,1,1
2011-05-15,2010-11,Nancy,Nice,3,0
2011-05-15,2010-11,St Etienne,Rennes,1,2
2011-05-15,2010-11,Valenciennes,Auxerre,1,1
2011-05-16,2010-11,Brest,Lyon,1,1
2011-05-18,2010-11,Bordeaux,Paris SG,1,0
2011-05-18,2010-11,Lille,Sochaux,1,0
2011-05-21,2010-11,Auxerre,Brest,0,1
2011-05-21,2010-11,Lens,Arles,0,1
2011-05-21,2010-11,Lyon,Caen,0,0
2011-05-21,2010-11,Marseille,Valenciennes,2,2
2011-05-21,2010-11,Montpellier,Monaco,0,1
2011-05-21,2010-11,Nice,Lorient,2,0
2011-05-21,2010-11,Paris SG,Lille,2,2
2011-05-21,2010-11,Rennes,Nancy,0,2
2011-05-21,2010-11,Sochaux,St Etienne,2,1
2011-05-21,2010-11,Toulouse,Bordeaux,2,0
2011-05-29,2010-11,Arles,Sochaux,1,3
2011-05-29,2010-11,Bordeaux,Montpellier,2,0
2011-05-29,2010-11,Brest,Toulouse,0,2
2011-05-29,2010-11,Caen,Marseille,2,2
2011-05-29,2010-11,Lille,Rennes,3,2
2011-05-29,2010-11,Lorient,Auxerre,1,2
2011-05-29,2010-11,Monaco,Lyon,0,2
2011-05-29,2010-11,Nancy,Lens,4,0
2011-05-29,2010-11,St Etienne,Paris SG,1,1
2011-05-29,2010-11,Valenciennes,Nice,2,1
2011-08-06,2011-12,Ajaccio,Toulouse,0,2
2011-08-06,2011-12,Brest,Evian Thonon Gaillard,2,2
2011-08-06,2011-12,Caen,Valenciennes,1,0
2011-08-06,2011-12,Marseille,Sochaux,2,2
2011-08-06,2011-12,Montpellier,Auxerre,3,1
2011-08-06,2011-12,Nancy,Lille,1,1
2011-08-06,2011-12,Nice,Lyon,1,3
2011-08-06,2011-12,Paris SG,Lorient,0,1
2011-08-07,2011-12,Bordeaux,St Etienne,1,2
2011-08-07,2011-12,Dijon,Rennes,1,5
2011-08-13,2011-12,Lorient,Bordeaux,1,1
2011-08-13,2011-12,Lyon,Ajaccio,1,1
2011-08-13,2011-12,Rennes,Paris SG,1,1
2011-08-13,2011-12,Sochaux,Caen,1,2
2011-08-13,2011-12,St Etienne,Nancy,1,0
2011-08-13,2011-12,Toulouse,Dijon,2,0
2011-08-13,2011-12,Valenciennes,Brest,0,0
2011-08-14,2011-12,Auxerre,Marseille,2,2
2011-08-14,2011-12,Evian Thonon Gaillard,Nice,1,0
2011-08-14,2011-12,Lille,Montpellier,0,1
2011-08-20,2011-12,Ajaccio,Evian Thonon Gaillard,1,1
2011-08-20,2011-12,Bordeaux,Auxerre,1,1
2011-08-20,2011-12,Brest,Lyon,1,1
2011-08-20,2011-12,Caen,Lille,1,2
2011-08-20,2011-12,Dijon,Lorient,2,0
2011-08-20,2011-12,Nice,Toulouse,1,1
2011-08-21,2011-12,Marseille,St Etienne,0,0
2011-08-21,2011-12,Montpellier,Rennes,4,0
2011-08-21,2011-12,Nancy,Sochaux,1,2
2011-08-21,2011-12,Paris SG,Valenciennes,2,1
2011-08-27,2011-12,Auxerre,Ajaccio,4,1
2011-08-27,2011-12,Evian Thonon Gaillard,Dijon,0,1
2011-08-27,2011-12,Lorient,Nancy,2,1
2011-08-27,2011-12,Lyon,Montpellier,2,1
2011-08-27,2011-12,Nice,Brest,0,0
2011-08-27,2011-12,Valenciennes,Bordeaux,1,2
2011-08-28,2011-12,Lille,Marseille,3,2
2011-08-28,2011-12,Rennes,Caen,3,2
2011-08-28,2011-12,Sochaux,St Etienne,2,1
2011-08-28,2011-12,Toulouse,Paris SG,1,3
2011-09-10,2011-12,Ajaccio,Valenciennes,3,1
2011-09-10,2011-12,Bordeaux,Evian Thonon Gaillard,0,0
2011-09-10,2011-12,Caen,Toulouse,0,1
2011-09-10,2011-12,Dijon,Lyon,1,2
2011-09-10,2011-12,Marseille,Rennes,0,1
2011-09-10,2011-12,Sochaux,Lorient,1,1
2011-09-10,2011-12,St Etienne,Lille,1,3
2011-09-11,2011-12,Montpellier,Nice,1,0
2011-09-11,2011-12,Nancy,Auxerre,0,0
2011-09-11,2011-12,Paris SG,Brest,1,0
2011-09-17,2011-12,Auxerre,Caen,1,1
2011-09-17,2011-12,Brest,Montpellier,2,2
2011-09-17,2011-12,Lille,Sochaux,2,2
2011-09-17,2011-12,Lorient,St Etienne,3,0
2011-09-17,2011-12,Nice,Ajaccio,3,0
2011-09-17,2011-12,Toulouse,Bordeaux,3,2
2011-09-17,2011-12,Valenciennes,Dijon,4,0
2011-09-18,2011-12,Evian Thonon Gaillard,Paris SG,2,2
2011-09-18,2011-12,Lyon,Marseille,2,0
2011-09-18,2011-12,Rennes,Nancy,1,1
2011-09-20,2011-12,Bordeaux,Lille,1,1
2011-09-21,2011-12,Ajaccio,Montpellier,1,3
2011-09-21,2011-12,Caen,Lyon,1,0
2011-09-21,2011-12,Dijon,Brest,1,0
2011-09-21,2011-12,Lorient,Auxerre,1,1
2011-09-21,2011-12,Marseille,Evian Thonon Gaillard,2,0
2011-09-21,2011-12,Nancy,Valenciennes,1,1
2011-09-21,2011-12,Paris SG,Nice,2,1
2011-09-21,2011-12,Sochaux,Rennes,2,6
2011-09-21,2011-12,St Etienne,Toulouse,1,1
2011-09-24,2011-12,Evian Thonon Gaillard,Caen,2,4
2011-09-24,2011-12,Lille,Lorient,1,1
2011-09-24,2011-12,Lyon,Bordeaux,3,1
2011-09-24,2011-12,Montpellier,Paris SG,0,3
2011-09-24,2011-12,Nice,Dijon,1,1
2011-09-24,2011-12,Toulouse,Nancy,1,0
2011-09-24,2011-12,Valenciennes,Marseille,1,1
2011-09-25,2011-12,Auxerre,Sochaux,4,1
2011-09-25,2011-12,Brest,Ajaccio,1,1
2011-09-25,2011-12,Rennes,St Etienne,1,1
2011-10-01,2011-12,Bordeaux,Montpellier,2,2
2011-10-01,2011-12,Caen,Nice,1,1
2011-10-01,2011-12,Dijon,Ajaccio,1,1
2011-10-01,2011-12,Lorient,Valenciennes,2,0
2011-10-01,2011-12,Nancy,Evian Thonon Gaillard,1,1
2011-10-01,2011-12,Sochaux,Toulouse,3,0
2011-10-01,2011-12,St Etienne,Auxerre,1,1
2011-10-02,2011-12,Lille,Rennes,2,0
2011-10-02,2011-12,Marseille,Brest,1,1
2011-10-02,2011-12,Paris SG,Lyon,2,0
2011-10-15,2011-12,Auxerre,Lille,1,3
2011-10-15,2011-12,Brest,Caen,1,1
2011-10-15,2011-12,Evian Thonon Gaillard,St Etienne,1,2
2011-10-15,2011-12,Lyon,Nancy,3,1
2011-10-15,2011-12,Montpellier,Dijon,5,3
2011-10-15,2011-12,Nice,Bordeaux,3,0
2011-10-15,2011-12,Toulouse,Marseille,0,0
2011-10-16,2011-12,Ajaccio,Paris SG,1,3
2011-10-16,2011-12,Rennes,Lorient,2,0
2011-10-16,2011-12,Valenciennes,Sochaux,3,0
2011-10-22,2011-12,Bordeaux,Brest,1,1
2011-10-22,2011-12,Caen,Montpellier,1,3
2011-10-22,2011-12,Lorient,Toulouse,0,0
2011-10-22,2011-12,Marseille,Ajaccio,2,0
2011-10-22,2011-12,Nancy,Nice,1,0
2011-10-22,2011-12,Sochaux,Evian Thonon Gaillard,1,1
2011-10-22,2011-12,St Etienne,Valenciennes,1,0
2011-10-23,2011-12,Auxerre,Rennes,0,1
2011-10-23,2011-12,Lille,Lyon,3,1
2011-10-23,2011-12,Paris SG,Dijon,2,0
2011-10-29,2011-12,Ajaccio,Bordeaux,0,2
2011-10-29,2011-12,Brest,Lorient,3,1
2011-10-29,2011-12,Dijon,Marseille,2,3
2011-10-29,2011-12,Evian Thonon Gaillard,Auxerre,3,1
2011-10-29,2011-12,Lyon,St Etienne,2,0
2011-10-29,2011-12,Montpellier,Nancy,2,0
2011-10-29,2011-12,Paris SG,Caen,4,2
2011-10-30,2011-12,Nice,Sochaux,1,1
2011-10-30,2011-12,Toulouse,Rennes,1,0
2011-10-30,2011-12,Valenciennes,Lille,0,0
2011-11-05,2011-12,Lille,Evian Thonon Gaillard,1,1
2011-11-06,2011-12,Auxerre,Toulouse,2,0
2011-11-06,2011-12,Bordeaux,Paris SG,1,1
2011-11-06,2011-12,Caen,Dijon,3,0
2011-11-06,2011-12,Lorient,Ajaccio,2,0
2011-11-06,2011-12,Marseille,Nice,2,0
2011-11-06,2011-12,Nancy,Brest,2,1
2011-11-06,2011-12,Rennes,Valenciennes,1,1
2011-11-06,2011-12,Sochaux,Lyon,2,1
2011-11-06,2011-12,St Etienne,Montpellier,1,1
2011-11-18,2011-12,Lyon,Rennes,1,2
2011-11-18,2011-12,Toulouse,Lille,0,0
2011-11-19,2011-12,Ajaccio,Caen,2,2
2011-11-19,2011-12,Dijon,Bordeaux,2,0
2011-11-19,2011-12,Evian Thonon Gaillard,Lorient,2,1
2011-11-19,2011-12,Montpellier,Marseille,1,0
2011-11-19,2011-12,Nice,St Etienne,0,2
2011-11-20,2011-12,Brest,Sochaux,2,0
2011-11-20,2011-12,Paris SG,Nancy,0,1
2011-11-20,2011-12,Valenciennes,Auxerre,2,1
2011-11-26,2011-12,Bordeaux,Caen,2,0
2011-11-26,2011-12,Lille,Brest,2,0
2011-11-26,2011-12,Nancy,Dijon,1,2
2011-11-26,2011-12,Rennes,Evian Thonon Gaillard,3,2
2011-11-26,2011-12,Sochaux,Montpellier,1,3
2011-11-26,2011-12,St Etienne,Ajaccio,3,1
2011-11-26,2011-12,Toulouse,Valenciennes,2,0
2011-11-27,2011-12,Auxerre,Lyon,0,3
2011-11-27,2011-12,Lorient,Nice,1,0
2011-11-27,2011-12,Marseille,Paris SG,3,0
2011-12-02,2011-12,Caen,Marseille,1,2
2011-12-03,2011-12,Ajaccio,Lille,2,3
2011-12-03,2011-12,Brest,St Etienne,2,2
2011-12-03,2011-12,Dijon,Sochaux,0,0
2011-12-03,2011-12,Evian Thonon Gaillard,Valenciennes,2,1
2011-12-03,2011-12,Montpellier,Lorient,4,0
2011-12-03,2011-12,Nice,Rennes,2,0
2011-12-04,2011-12,Bordeaux,Nancy,2,0
2011-12-04,2011-12,Lyon,Toulouse,3,2
2011-12-04,2011-12,Paris SG,Auxerre,3,2
2011-12-10,2011-12,Marseille,Bordeaux,0,0
2011-12-10,2011-12,Nancy,Ajaccio,2,2
2011-12-10,2011-12,Rennes,Brest,1,1
2011-12-10,2011-12,Sochaux,Paris SG,0,1
2011-12-10,2011-12,St Etienne,Caen,2,0
2011-12-10,2011-12,Toulouse,Evian Thonon Gaillard,2,1
2011-12-10,2011-12,Valenciennes,Montpellier,1,0
2011-12-11,2011-12,Auxerre,Nice,2,1
2011-12-11,2011-12,Lille,Dijon,2,0
2011-12-11,2011-12,Lorient,Lyon,0,1
2011-12-17,2011-12,Brest,Auxerre,1,0
2011-12-17,2011-12,Caen,Nancy,1,2
2011-12-17,2011-12,Dijon,St Etienne,1,2
2011-12-17,2011-12,Lyon,Evian Thonon Gaillard,2,1
2011-12-17,2011-12,Marseille,Lorient,2,1
2011-12-17,2011-12,Montpellier,Toulouse,1,1
2011-12-17,2011-12,Nice,Valenciennes,2,0
2011-12-18,2011-12,Ajaccio,Rennes,1,0
2011-12-18,2011-12,Bordeaux,Sochaux,1,0
2011-12-18,2011-12,Paris SG,Lille,0,0
2011-12-20,2011-12,Nancy,Marseille,1,3
2011-12-21,2011-12,Auxerre,Dijon,2,2
2011-12-21,2011-12,Evian Thonon Gaillard,Montpellier,4,2
2011-12-21,2011-12,Lille,Nice,4,4
2011-12-21,2011-12,Lorient,Caen,0,0
2011-12-21,2011-12,Rennes,Bordeaux,1,0
2011-12-21,2011-12,Sochaux,Ajaccio,0,2
2011-12-21,2011-12,St Etienne,Paris SG,0,1
2011-12-21,2011-12,Toulouse,Brest,0,0
2011-12-21,2011-12,Valenciennes,Lyon,1,0
2012-01-14,2011-12,Ajaccio,Auxerre,2,1
2012-01-14,2011-12,Bordeaux,Valenciennes,2,1
2012-01-14,2011-12,Brest,Nice,1,0
2012-01-14,2011-12,Caen,Rennes,0,2
2012-01-14,2011-12,Dijon,Evian Thonon Gaillard,3,1
2012-01-14,2011-12,Montpellier,Lyon,1,0
2012-01-14,2011-12,Nancy,Lorient,2,2
2012-01-14,2011-12,Paris SG,Toulouse,3,1
2012-01-14,2011-12,St Etienne,Sochaux,1,0
2012-01-15,2011-12,Marseille,Lille,2,0
2012-01-28,2011-12,Auxerre,Nancy,1,3
2012-01-28,2011-12,Brest,Paris SG,0,1
2012-01-28,2011-12,Lille,St Etienne,3,0
2012-01-28,2011-12,Lorient,Sochaux,1,1
2012-01-28,2011-12,Lyon,Dijon,3,1
2012-01-28,2011-12,Nice,Montpellier,0,1
2012-01-28,2011-12,Toulouse,Caen,1,0
2012-01-29,2011-12,Evian Thonon Gaillard,Bordeaux,0,0
2012-01-29,2011-12,Rennes,Marseille,1,2
2012-01-29,2011-12,Valenciennes,Ajaccio,1,2
2012-02-04,2011-12,Ajaccio,Nice,1,1
2012-02-04,2011-12,Bordeaux,Toulouse,2,0
2012-02-04,2011-12,Dijon,Valenciennes,1,2
2012-02-04,2011-12,Montpellier,Brest,1,0
2012-02-04,2011-12,Nancy,Rennes,0,0
2012-02-04,2011-12,Paris SG,Evian Thonon Gaillard,3,1
2012-02-05,2011-12,Marseille,Lyon,2,2
2012-02-11,2011-12,Auxerre,Lorient,1,1
2012-02-11,2011-12,Brest,Dijon,1,1
2012-02-11,2011-12,Lyon,Caen,1,2
2012-02-11,2011-12,Montpellier,Ajaccio,3,0
2012-02-11,2011-12,Rennes,Sochaux,1,0
2012-02-11,2011-12,Valenciennes,Nancy,1,0
2012-02-12,2011-12,Lille,Bordeaux,4,5
2012-02-12,2011-12,Nice,Paris SG,0,0
2012-02-12,2011-12,Toulouse,St Etienne,0,1
2012-02-18,2011-12,Ajaccio,Brest,0,0
2012-02-18,2011-12,Caen,Evian Thonon Gaillard,2,2
2012-02-18,2011-12,Dijon,Nice,3,0
2012-02-18,2011-12,Lorient,Lille,0,1
2012-02-18,2011-12,Marseille,Valenciennes,1,1
2012-02-18,2011-12,Nancy,Toulouse,0,3
2012-02-18,2011-12,Sochaux,Auxerre,0,0
2012-02-19,2011-12,Bordeaux,Lyon,1,0
2012-02-19,2011-12,Paris SG,Montpellier,2,2
2012-02-19,2011-12,St Etienne,Rennes,4,0
2012-02-22,2011-12,Caen,Auxerre,2,1
2012-02-22,2011-12,Sochaux,Lille,0,1
2012-02-22,2011-12,St Etienne,Lorient,4,2
2012-02-25,2011-12,Ajaccio,Dijon,2,1
2012-02-25,2011-12,Auxerre,St Etienne,0,0
2012-02-25,2011-12,Evian Thonon Gaillard,Nancy,2,0
2012-02-25,2011-12,Lyon,Paris SG,4,4
2012-02-25,2011-12,Montpellier,Bordeaux,1,0
2012-02-25,2011-12,Nice,Caen,1,0
2012-02-25,2011-12,Valenciennes,Lorient,2,0
2012-02-26,2011-12,Brest,Marseille,1,0
2012-02-26,2011-12,Rennes,Lille,1,1
2012-02-26,2011-12,Toulouse,Sochaux,2,0
2012-03-03,2011-12,Bordeaux,Nice,1,2
2012-03-03,2011-12,Dijon,Montpellier,1,1
2012-03-03,2011-12,Lille,Auxerre,2,2
2012-03-03,2011-12,Marseille,Toulouse,0,1
2012-03-03,2011-12,Nancy,Lyon,2,0
2012-03-03,2011-12,Sochaux,Valenciennes,1,1
2012-03-03,2011-12,St Etienne,Evian Thonon Gaillard,0,2
2012-03-04,2011-12,Caen,Brest,0,0
2012-03-04,2011-12,Lorient,Rennes,0,2
2012-03-04,2011-12,Paris SG,Ajaccio,4,1
2012-03-06,2011-12,Evian Thonon Gaillard,Marseille,2,0
2012-03-09,2011-12,Ajaccio,Marseille,1,0
2012-03-10,2011-12,Brest,Bordeaux,0,2
2012-03-10,2011-12,Evian Thonon Gaillard,Sochaux,2,3
2012-03-10,2011-12,Lyon,Lille,2,1
2012-03-10,2011-12,Nice,Nancy,1,1
2012-03-10,2011-12,Toulouse,Lorient,1,1
2012-03-10,2011-12,Valenciennes,St Etienne,1,2
2012-03-11,2011-12,Dijon,Paris SG,1,2
2012-03-11,2011-12,Montpellier,Caen,3,0
2012-03-11,2011-12,Rennes,Auxerre,1,1
2012-03-17,2011-12,Auxerre,Evian Thonon Gaillard,0,2
2012-03-17,2011-12,Bordeaux,Ajaccio,1,1
2012-03-17,2011-12,Caen,Paris SG,2,2
2012-03-17,2011-12,Lorient,Brest,2,1
2012-03-17,2011-12,Marseille,Dijon,1,2
2012-03-17,2011-12,Nancy,Montpellier,1,0
2012-03-17,2011-12,St Etienne,Lyon,0,1
2012-03-18,2011-12,Lille,Valenciennes,4,0
2012-03-18,2011-12,Rennes,Toulouse,0,1
2012-03-18,2011-12,Sochaux,Nice,2,0
2012-03-24,2011-12,Ajaccio,Lorient,1,1
2012-03-24,2011-12,Brest,Nancy,0,1
2012-03-24,2011-12,Evian Thonon Gaillard,Lille,0,3
2012-03-24,2011-12,Lyon,Sochaux,2,1
2012-03-24,2011-12,Montpellier,St Etienne,1,0
2012-03-24,2011-12,Nice,Marseille,1,1
2012-03-24,2011-12,Valenciennes,Rennes,1,0
2012-03-25,2011-12,Dijon,Caen,2,0
2012-03-25,2011-12,Paris SG,Bordeaux,1,1
2012-03-25,2011-12,Toulouse,Auxerre,1,0
2012-03-31,2011-12,Auxerre,Valenciennes,2,0
2012-03-31,2011-12,Bordeaux,Dijon,1,1
2012-03-31,2011-12,Lorient,Evian Thonon Gaillard,0,1
2012-03-31,2011-12,Nancy,Paris SG,2,1
2012-03-31,2011-12,Sochaux,Brest,2,1
2012-03-31,2011-12,St Etienne,Nice,2,3
2012-04-01,2011-12,Caen,Ajaccio,0,0
2012-04-01,2011-12,Lille,Toulouse,2,1
2012-04-01,2011-12,Rennes,Lyon,1,1
2012-04-07,2011-12,Ajaccio,St Etienne,1,1
2012-04-07,2011-12,Brest,Lille,3,1
2012-04-07,2011-12,Dijon,Nancy,0,2
2012-04-07,2011-12,Evian Thonon Gaillard,Rennes,1,3
2012-04-07,2011-12,Lyon,Auxerre,2,1
2012-04-07,2011-12,Montpellier,Sochaux,2,1
2012-04-07,2011-12,Valenciennes,Toulouse,2,0
2012-04-08,2011-12,Caen,Bordeaux,1,0
2012-04-08,2011-12,Nice,Lorient,2,0
2012-04-08,2011-12,Paris SG,Marseille,2,1
2012-04-11,2011-12,Marseille,Montpellier,1,3
2012-04-15,2011-12,Auxerre,Paris SG,1,1
2012-04-15,2011-12,Lille,Ajaccio,4,1
2012-04-15,2011-12,Lorient,Montpellier,2,1
2012-04-15,2011-12,Nancy,Bordeaux,2,2
2012-04-15,2011-12,Sochaux,Dijon,1,0
2012-04-15,2011-12,St Etienne,Brest,2,1
2012-04-15,2011-12,Valenciennes,Evian Thonon Gaillard,0,3
2012-04-16,2011-12,Rennes,Nice,3,1
2012-04-18,2011-12,Marseille,Caen,1,1
2012-04-18,2011-12,Toulouse,Lyon,3,0
2012-04-21,2011-12,Bordeaux,Marseille,2,1
2012-04-21,2011-12,Brest,Rennes,0,1
2012-04-21,2011-12,Caen,St Etienne,1,4
2012-04-21,2011-12,Dijon,Lille,0,2
2012-04-21,2011-12,Evian Thonon Gaillard,Toulouse,2,1
2012-04-21,2011-12,Montpellier,Valenciennes,1,0
2012-04-21,2011-12,Nice,Auxerre,1,0
2012-04-22,2011-12,Ajaccio,Nancy,0,0
2012-04-22,2011-12,Lyon,Lorient,3,2
2012-04-22,2011-12,Paris SG,Sochaux,6,1
2012-04-27,2011-12,Lorient,Marseille,2,1
2012-04-27,2011-12,Toulouse,Montpellier,0,1
2012-04-29,2011-12,Auxerre,Brest,4,0
2012-04-29,2011-12,Lille,Paris SG,2,1
2012-04-29,2011-12,Nancy,Caen,1,1
2012-04-29,2011-12,Rennes,Ajaccio,3,1
2012-04-29,2011-12,Sochaux,Bordeaux,0,3
2012-04-29,2011-12,St Etienne,Dijon,1,0
2012-04-29,2011-12,Valenciennes,Nice,2,0
2012-05-01,2011-12,Montpellier,Evian Thonon Gaillard,2,2
2012-05-02,2011-12,Ajaccio,Sochaux,2,1
2012-05-02,2011-12,Bordeaux,Rennes,2,0
2012-05-02,2011-12,Brest,Toulouse,0,0
2012-05-02,2011-12,Caen,Lorient,1,0
2012-05-02,2011-12,Lyon,Valenciennes,4,1
2012-05-02,2011-12,Marseille,Nancy,1,0
2012-05-02,2011-12,Nice,Lille,0,1
2012-05-02,2011-12,Paris SG,St Etienne,2,0
2012-05-03,2011-12,Dijon,Auxerre,0,2
2012-05-06,2011-12,Evian Thonon Gaillard,Ajaccio,2,1
2012-05-06,2011-12,Lyon,Brest,1,1
2012-05-06,2011-12,Valenciennes,Paris SG,3,4
2012-05-07,2011-12,Auxerre,Bordeaux,2,4
2012-05-07,2011-12,Lille,Caen,3,0
2012-05-07,2011-12,Lorient,Dijon,0,0
2012-05-07,2011-12,Rennes,Montpellier,0,2
2012-05-07,2011-12,Sochaux,Nancy,1,0
2012-05-07,2011-12,St Etienne,Marseille,0,0
2012-05-07,2011-12,Toulouse,Nice,0,0
2012-05-10,2011-12,Evian Thonon Gaillard,Lyon,1,3
2012-05-13,2011-12,Ajaccio,Lyon,1,1
2012-05-13,2011-12,Bordeaux,Lorient,1,0
2012-05-13,2011-12,Brest,Valenciennes,1,0
2012-05-13,2011-12,Caen,Sochaux,1,3
2012-05-13,2011-12,Dijon,Toulouse,1,1
2012-05-13,2011-12,Marseille,Auxerre,3,0
2012-05-13,2011-12,Montpellier,Lille,1,0
2012-05-13,2011-12,Nancy,St Etienne,3,2
2012-05-13,2011-12,Nice,Evian Thonon Gaillard,1,1
2012-05-13,2011-12,Paris SG,Rennes,3,0
2012-05-20,2011-12,Auxerre,Montpellier,1,2
2012-05-20,2011-12,Evian Thonon Gaillard,Brest,0,1
2012-05-20,2011-12,Lille,Nancy,4,1
2012-05-20,2011-12,Lorient,Paris SG,1,2
2012-05-20,2011-12,Lyon,Nice,3,4
2012-05-20,2011-12,Rennes,Dijon,5,0
2012-05-20,2011-12,Sochaux,Marseille,1,0
2012-05-20,2011-12,St Etienne,Bordeaux,2,3
2012-05-20,2011-12,Toulouse,Ajaccio,0,2
2012-05-20,2011-12,Valenciennes,Caen,3,1
2012-08-10,2012-13,Montpellier,Toulouse,1,1
2012-08-11,2012-13,Evian Thonon Gaillard,Bordeaux,2,3
2012-08-11,2012-13,Nancy,Brest,1,0
2012-08-11,2012-13,Nice,Ajaccio,0,1
2012-08-11,2012-13,Paris SG,Lorient,2,2
2012-08-11,2012-13,Rennes,Lyon,0,1
2012-08-11,2012-13,Sochaux,Bastia,2,3
2012-08-11,2012-13,St Etienne,Lille,1,2
2012-08-11,2012-13,Troyes,Valenciennes,0,1
2012-08-12,2012-13,Reims,Marseille,0,1
2012-08-17,2012-13,Lille,Nancy,1,1
2012-08-18,2012-13,Bastia,Reims,2,1
2012-08-18,2012-13,Brest,Evian Thonon Gaillard,1,0
2012-08-18,2012-13,Lorient,Montpellier,2,1
2012-08-18,2012-13,Lyon,Troyes,4,1
2012-08-18,2012-13,Toulouse,St Etienne,2,1
2012-08-18,2012-13,Valenciennes,Nice,0,0
2012-08-19,2012-13,Ajaccio,Paris SG,0,0
2012-08-19,2012-13,Bordeaux,Rennes,1,0
2012-08-19,2012-13,Marseille,Sochaux,2,0
2012-08-24,2012-13,Evian Thonon Gaillard,Lyon,1,1
2012-08-25,2012-13,Nancy,Toulouse,0,1
2012-08-25,2012-13,Nice,Lille,2,2
2012-08-25,2012-13,Reims,Sochaux,1,0
2012-08-25,2012-13,Rennes,Bastia,3,2
2012-08-25,2012-13,Troyes,Lorient,2,2
2012-08-25,2012-13,Valenciennes,Ajaccio,3,0
2012-08-26,2012-13,Montpellier,Marseille,0,1
2012-08-26,2012-13,Paris SG,Bordeaux,0,0
2012-08-26,2012-13,St Etienne,Brest,4,0
2012-09-01,2012-13,Ajaccio,Evian Thonon Gaillard,2,0
2012-09-01,2012-13,Bastia,St Etienne,0,3
2012-09-01,2012-13,Brest,Troyes,2,1
2012-09-01,2012-13,Lorient,Nancy,3,0
2012-09-01,2012-13,Lyon,Valenciennes,3,2
2012-09-01,2012-13,Sochaux,Montpellier,1,3
2012-09-01,2012-13,Toulouse,Reims,1,1
2012-09-02,2012-13,Bordeaux,Nice,1,1
2012-09-02,2012-13,Lille,Paris SG,1,2
2012-09-02,2012-13,Marseille,Rennes,3,1
2012-09-14,2012-13,Paris SG,Toulouse,2,0
2012-09-14,2012-13,Reims,Montpellier,3,1
2012-09-15,2012-13,Evian Thonon Gaillard,Bastia,3,0
2012-09-15,2012-13,Nice,Brest,4,2
2012-09-15,2012-13,St Etienne,Sochaux,0,1
2012-09-15,2012-13,Troyes,Lille,1,1
2012-09-15,2012-13,Valenciennes,Bordeaux,0,0
2012-09-16,2012-13,Lyon,Ajaccio,2,0
2012-09-16,2012-13,Nancy,Marseille,0,1
2012-09-16,2012-13,Rennes,Lorient,1,2
2012-09-21,2012-13,Montpellier,St Etienne,1,1
2012-09-22,2012-13,Bastia,Paris SG,0,4
2012-09-22,2012-13,Brest,Valenciennes,2,1
2012-09-22,2012-13,Lorient,Nice,1,1
2012-09-22,2012-13,Reims,Nancy,2,0
2012-09-22,2012-13,Sochaux,Troyes,3,1
2012-09-22,2012-13,Toulouse,Rennes,2,2
2012-09-23,2012-13,Bordeaux,Ajaccio,2,2
2012-09-23,2012-13,Lille,Lyon,1,1
2012-09-23,2012-13,Marseille,Evian Thonon Gaillard,1,0
2012-09-28,2012-13,Rennes,Lille,2,0
2012-09-29,2012-13,Ajaccio,Brest,1,0
2012-09-29,2012-13,Evian Thonon Gaillard,Lorient,1,1
2012-09-29,2012-13,Nancy,Montpellier,0,2
2012-09-29,2012-13,Nice,Bastia,2,2
2012-09-29,2012-13,Paris SG,Sochaux,2,0
2012-09-29,2012-13,Troyes,Toulouse,0,2
2012-09-30,2012-13,Lyon,Bordeaux,0,2
2012-09-30,2012-13,St Etienne,Reims,0,0
2012-09-30,2012-13,Valenciennes,Marseille,4,1
2012-10-05,2012-13,St Etienne,Nancy,4,0
2012-10-06,2012-13,Bastia,Troyes,3,2
2012-10-06,2012-13,Lille,Ajaccio,2,0
2012-10-06,2012-13,Montpellier,Evian Thonon Gaillard,2,3
2012-10-06,2012-13,Reims,Nice,3,1
2012-10-06,2012-13,Sochaux,Rennes,0,1
2012-10-06,2012-13,Toulouse,Valenciennes,2,2
2012-10-07,2012-13,Brest,Bordeaux,1,1
2012-10-07,2012-13,Lorient,Lyon,1,1
2012-10-07,2012-13,Marseille,Paris SG,2,2
2012-10-19,2012-13,Bordeaux,Lille,1,1
2012-10-20,2012-13,Evian Thonon Gaillard,Toulouse,0,4
2012-10-20,2012-13,Nancy,Sochaux,1,1
2012-10-20,2012-13,Nice,St Etienne,1,1
2012-10-20,2012-13,Paris SG,Reims,1,0
2012-10-20,2012-13,Rennes,Montpellier,2,1
2012-10-20,2012-13,Valenciennes,Lorient,6,1
2012-10-21,2012-13,Ajaccio,Bastia,0,0
2012-10-21,2012-13,Lyon,Brest,1,0
2012-10-21,2012-13,Troyes,Marseille,1,0
2012-10-26,2012-13,St Etienne,Rennes,2,0
2012-10-27,2012-13,Lille,Valenciennes,2,1
2012-10-27,2012-13,Montpellier,Nice,3,1
2012-10-27,2012-13,Nancy,Paris SG,0,1
2012-10-27,2012-13,Reims,Troyes,1,1
2012-10-27,2012-13,Toulouse,Brest,3,1
2012-10-28,2012-13,Bastia,Bordeaux,3,1
2012-10-28,2012-13,Lorient,Ajaccio,4,4
2012-11-02,2012-13,Brest,Lorient,2,0
2012-11-03,2012-13,Evian Thonon Gaillard,Lille,0,2
2012-11-03,2012-13,Nice,Nancy,2,1
2012-11-03,2012-13,Paris SG,St Etienne,1,2
2012-11-03,2012-13,Rennes,Reims,1,0
2012-11-03,2012-13,Troyes,Montpellier,1,1
2012-11-03,2012-13,Valenciennes,Sochaux,3,1
2012-11-04,2012-13,Ajaccio,Marseille,0,2
2012-11-04,2012-13,Bordeaux,Toulouse,1,0
2012-11-04,2012-13,Lyon,Bastia,5,2
2012-11-07,2012-13,Sochaux,Evian Thonon Gaillard,2,1
2012-11-09,2012-13,Nancy,Rennes,1,3
2012-11-10,2012-13,Bastia,Valenciennes,2,3
2012-11-10,2012-13,Lille,Brest,1,0
2012-11-10,2012-13,Reims,Evian Thonon Gaillard,1,2
2012-11-10,2012-13,St Etienne,Troyes,2,0
2012-11-10,2012-13,Toulouse,Ajaccio,2,4
2012-11-11,2012-13,Lorient,Bordeaux,0,4
2012-11-11,2012-13,Marseille,Nice,2,2
2012-11-11,2012-13,Montpellier,Paris SG,1,1
2012-11-11,2012-13,Sochaux,Lyon,1,1
2012-11-16,2012-13,Lorient,Lille,2,0
2012-11-17,2012-13,Ajaccio,Sochaux,0,1
2012-11-17,2012-13,Brest,Bastia,3,0
2012-11-17,2012-13,Evian Thonon Gaillard,St Etienne,2,2
2012-11-17,2012-13,Paris SG,Rennes,1,2
2012-11-17,2012-13,Troyes,Nancy,3,3
2012-11-17,2012-13,Valenciennes,Montpellier,1,1
2012-11-18,2012-13,Bordeaux,Marseille,1,0
2012-11-18,2012-13,Lyon,Reims,3,0
2012-11-18,2012-13,Nice,Toulouse,1,0
2012-11-23,2012-13,St Etienne,Valenciennes,1,0
2012-11-24,2012-13,Bastia,Lorient,2,1
2012-11-24,2012-13,Nancy,Ajaccio,1,1
2012-11-24,2012-13,Paris SG,Troyes,4,0
2012-11-24,2012-13,Reims,Brest,0,0
2012-11-24,2012-13,Rennes,Evian Thonon Gaillard,0,1
2012-11-24,2012-13,Sochaux,Nice,0,1
2012-11-25,2012-13,Marseille,Lille,1,0
2012-11-25,2012-13,Montpellier,Bordeaux,1,0
2012-11-25,2012-13,Toulouse,Lyon,3,0
2012-11-28,2012-13,Marseille,Lyon,1,4
2012-11-30,2012-13,Ajaccio,St Etienne,0,0
2012-12-01,2012-13,Bordeaux,Sochaux,2,2
2012-12-01,2012-13,Evian Thonon Gaillard,Nancy,1,1
2012-12-01,2012-13,Lille,Bastia,0,0
2012-12-01,2012-13,Lyon,Montpellier,1,0
2012-12-01,2012-13,Nice,Paris SG,2,1
2012-12-01,2012-13,Valenciennes,Reims,1,0
2012-12-02,2012-13,Brest,Marseille,1,2
2012-12-02,2012-13,Lorient,Toulouse,1,0
2012-12-02,2012-13,Troyes,Rennes,2,3
2012-12-07,2012-13,Toulouse,Bastia,0,0
2012-12-08,2012-13,Montpellier,Ajaccio,3,0
2012-12-08,2012-13,Nancy,Valenciennes,1,1
2012-12-08,2012-13,Paris SG,Evian Thonon Gaillard,4,0
2012-12-08,2012-13,Rennes,Brest,2,2
2012-12-08,2012-13,Sochaux,Lille,1,1
2012-12-08,2012-13,Troyes,Nice,1,1
2012-12-09,2012-13,Marseille,Lorient,0,3
2012-12-09,2012-13,Reims,Bordeaux,0,0
2012-12-09,2012-13,St Etienne,Lyon,0,1
2012-12-11,2012-13,Lille,Toulouse,2,0
2012-12-11,2012-13,Nice,Rennes,1,0
2012-12-11,2012-13,Valenciennes,Paris SG,0,4
2012-12-12,2012-13,Ajaccio,Reims,2,0
2012-12-12,2012-13,Bastia,Marseille,1,2
2012-12-12,2012-13,Brest,Montpellier,1,2
2012-12-12,2012-13,Evian Thonon Gaillard,Troyes,2,0
2012-12-12,2012-13,Lorient,Sochaux,2,0
2012-12-12,2012-13,Lyon,Nancy,1,1
2012-12-13,2012-13,Bordeaux,St Etienne,0,0
2012-12-14,2012-13,Rennes,Valenciennes,2,0
2012-12-15,2012-13,Montpellier,Bastia,4,0
2012-12-15,2012-13,Nice,Evian Thonon Gaillard,3,2
2012-12-15,2012-13,Reims,Lille,1,1
2012-12-15,2012-13,Sochaux,Brest,1,2
2012-12-15,2012-13,Toulouse,Marseille,0,1
2012-12-15,2012-13,Troyes,Ajaccio,3,2
2012-12-16,2012-13,Nancy,Bordeaux,1,1
2012-12-16,2012-13,Paris SG,Lyon,1,0
2012-12-16,2012-13,St Etienne,Lorient,0,2
2012-12-21,2012-13,Brest,Paris SG,0,3
2012-12-22,2012-13,Ajaccio,Rennes,2,4
2012-12-22,2012-13,Bastia,Nancy,4,2
2012-12-22,2012-13,Bordeaux,Troyes,0,0
2012-12-22,2012-13,Lille,Montpellier,4,1
2012-12-22,2012-13,Lorient,Reims,2,2
2012-12-22,2012-13,Lyon,Nice,3,0
2012-12-23,2012-13,Marseille,St Etienne,1,0
2012-12-23,2012-13,Toulouse,Sochaux,2,0
2012-12-23,2012-13,Valenciennes,Evian Thonon Gaillard,2,1
2013-01-11,2012-13,Paris SG,Ajaccio,0,0
2013-01-11,2012-13,St Etienne,Toulouse,2,2
2013-01-12,2012-13,Evian Thonon Gaillard,Brest,0,2
2013-01-12,2012-13,Montpellier,Lorient,2,0
2013-01-12,2012-13,Nancy,Lille,2,2
2013-01-12,2012-13,Rennes,Bordeaux,0,2
2013-01-12,2012-13,Troyes,Lyon,1,2
2013-01-13,2012-13,Nice,Valenciennes,5,0
2013-01-13,2012-13,Reims,Bastia,1,2
2013-01-13,2012-13,Sochaux,Marseille,3,1
2013-01-18,2012-13,Lyon,Evian Thonon Gaillard,0,0
2013-01-19,2012-13,Ajaccio,Valenciennes,1,1
2013-01-19,2012-13,Brest,St Etienne,0,1
2013-01-19,2012-13,Lorient,Troyes,3,2
2013-01-19,2012-13,Marseille,Montpellier,3,2
2013-01-19,2012-13,Sochaux,Reims,1,0
2013-01-19,2012-13,Toulouse,Nancy,2,1
2013-01-20,2012-13,Bastia,Rennes,0,2
2013-01-20,2012-13,Bordeaux,Paris SG,0,1
2013-01-20,2012-13,Lille,Nice,0,2
2013-01-25,2012-13,Valenciennes,Lyon,0,2
2013-01-26,2012-13,Evian Thonon Gaillard,Ajaccio,1,1
2013-01-26,2012-13,Montpellier,Sochaux,2,0
2013-01-26,2012-13,Nancy,Lorient,2,1
2013-01-26,2012-13,Reims,Toulouse,1,1
2013-01-26,2012-13,Rennes,Marseille,2,2
2013-01-26,2012-13,Troyes,Brest,2,1
2013-01-27,2012-13,Nice,Bordeaux,0,1
2013-01-27,2012-13,Paris SG,Lille,1,0
2013-01-27,2012-13,St Etienne,Bastia,3,0
2013-02-01,2012-13,Toulouse,Paris SG,0,4
2013-02-02,2012-13,Bastia,Evian Thonon Gaillard,0,0
2013-02-02,2012-13,Bordeaux,Valenciennes,2,0
2013-02-02,2012-13,Brest,Nice,0,2
2013-02-02,2012-13,Lille,Troyes,1,1
2013-02-02,2012-13,Lorient,Rennes,2,2
2013-02-02,2012-13,Sochaux,St Etienne,1,2
2013-02-03,2012-13,Ajaccio,Lyon,3,1
2013-02-03,2012-13,Marseille,Nancy,0,1
2013-02-03,2012-13,Montpellier,Reims,3,1
2013-02-08,2012-13,Paris SG,Bastia,3,1
2013-02-09,2012-13,Ajaccio,Bordeaux,1,0
2013-02-09,2012-13,Nancy,Reims,1,2
2013-02-09,2012-13,Nice,Lorient,1,1
2013-02-09,2012-13,St Etienne,Montpellier,4,1
2013-02-09,2012-13,Troyes,Sochaux,0,0
2013-02-09,2012-13,Valenciennes,Brest,2,1
2013-02-10,2012-13,Evian Thonon Gaillard,Marseille,1,1
2013-02-10,2012-13,Lyon,Lille,1,3
2013-02-10,2012-13,Rennes,Toulouse,2,0
2013-02-15,2012-13,Lille,Rennes,2,0
2013-02-16,2012-13,Bastia,Nice,0,1
2013-02-16,2012-13,Brest,Ajaccio,1,1
2013-02-16,2012-13,Lorient,Evian Thonon Gaillard,2,1
2013-02-16,2012-13,Marseille,Valenciennes,1,0
2013-02-16,2012-13,Montpellier,Nancy,1,0
2013-02-16,2012-13,Toulouse,Troyes,2,2
2013-02-17,2012-13,Bordeaux,Lyon,0,4
2013-02-17,2012-13,Reims,St Etienne,1,1
2013-02-17,2012-13,Sochaux,Paris SG,3,2
2013-02-22,2012-13,Nice,Reims,2,0
2013-02-23,2012-13,Ajaccio,Lille,1,3
2013-02-23,2012-13,Evian Thonon Gaillard,Montpellier,0,1
2013-02-23,2012-13,Nancy,St Etienne,0,3
2013-02-23,2012-13,Rennes,Sochaux,2,2
2013-02-23,2012-13,Troyes,Bastia,0,0
2013-02-23,2012-13,Valenciennes,Toulouse,0,0
2013-02-24,2012-13,Bordeaux,Brest,0,2
2013-02-24,2012-13,Lyon,Lorient,3,1
2013-02-24,2012-13,Paris SG,Marseille,2,0
2013-03-01,2012-13,Montpellier,Rennes,2,0
2013-03-02,2012-13,Bastia,Ajaccio,1,0
2013-03-02,2012-13,Lorient,Valenciennes,1,1
2013-03-02,2012-13,Reims,Paris SG,1,0
2013-03-02,2012-13,Sochaux,Nancy,1,2
2013-03-02,2012-13,St Etienne,Nice,4,0
2013-03-02,2012-13,Toulouse,Evian Thonon Gaillard,0,0
2013-03-03,2012-13,Brest,Lyon,1,1
2013-03-03,2012-13,Lille,Bordeaux,2,1
2013-03-03,2012-13,Marseille,Troyes,2,1
2013-03-08,2012-13,Rennes,St Etienne,2,2
2013-03-09,2012-13,Ajaccio,Lorient,1,0
2013-03-09,2012-13,Brest,Toulouse,0,1
2013-03-09,2012-13,Evian Thonon Gaillard,Sochaux,5,1
2013-03-09,2012-13,Paris SG,Nancy,2,1
2013-03-09,2012-13,Troyes,Reims,4,2
2013-03-09,2012-13,Valenciennes,Lille,1,3
2013-03-10,2012-13,Bordeaux,Bastia,1,0
2013-03-10,2012-13,Lyon,Marseille,0,0
2013-03-10,2012-13,Nice,Montpellier,2,0
2013-03-15,2012-13,Marseille,Ajaccio,0,0
2013-03-16,2012-13,Bastia,Lyon,4,1
2013-03-16,2012-13,Lille,Evian Thonon Gaillard,1,2
2013-03-16,2012-13,Lorient,Brest,4,0
2013-03-16,2012-13,Montpellier,Troyes,1,1
2013-03-16,2012-13,Reims,Rennes,1,0
2013-03-16,2012-13,Sochaux,Valenciennes,1,1
2013-03-17,2012-13,Nancy,Nice,1,0
2013-03-17,2012-13,St Etienne,Paris SG,2,2
2013-03-17,2012-13,Toulouse,Bordeaux,0,0
2013-03-29,2012-13,Paris SG,Montpellier,1,0
2013-03-30,2012-13,Ajaccio,Toulouse,2,3
2013-03-30,2012-13,Bordeaux,Lorient,1,1
2013-03-30,2012-13,Evian Thonon Gaillard,Reims,2,2
2013-03-30,2012-13,Rennes,Nancy,0,2
2013-03-30,2012-13,Troyes,St Etienne,2,2
2013-03-30,2012-13,Valenciennes,Bastia,3,4
2013-03-31,2012-13,Brest,Lille,1,2
2013-03-31,2012-13,Lyon,Sochaux,1,2
2013-03-31,2012-13,Nice,Marseille,0,1
2013-04-05,2012-13,Marseille,Bordeaux,1,0
2013-04-06,2012-13,Bastia,Brest,4,0
2013-04-06,2012-13,Montpellier,Valenciennes,3,1
2013-04-06,2012-13,Nancy,Troyes,1,0
2013-04-06,2012-13,Rennes,Paris SG,0,2
2013-04-06,2012-13,Sochaux,Ajaccio,0,0
2013-04-06,2012-13,Toulouse,Nice,3,4
2013-04-07,2012-13,Lille,Lorient,5,0
2013-04-07,2012-13,Reims,Lyon,1,0
2013-04-07,2012-13,St Etienne,Evian Thonon Gaillard,1,0
2013-04-12,2012-13,Valenciennes,St Etienne,0,0
2013-04-13,2012-13,Ajaccio,Nancy,1,1
2013-04-13,2012-13,Bordeaux,Montpellier,4,2
2013-04-13,2012-13,Brest,Reims,0,2
2013-04-13,2012-13,Evian Thonon Gaillard,Rennes,4,2
2013-04-13,2012-13,Lorient,Bastia,4,1
2013-04-13,2012-13,Troyes,Paris SG,0,1
2013-04-14,2012-13,Lille,Marseille,0,0
2013-04-14,2012-13,Lyon,Toulouse,3,1
2013-04-14,2012-13,Nice,Sochaux,3,0
2013-04-19,2012-13,Montpellier,Lyon,1,2
2013-04-20,2012-13,Marseille,Brest,1,0
2013-04-21,2012-13,Bastia,Lille,1,2
2013-04-21,2012-13,Nancy,Evian Thonon Gaillard,3,1
2013-04-21,2012-13,Paris SG,Nice,3,0
2013-04-21,2012-13,Reims,Valenciennes,0,1
2013-04-21,2012-13,Sochaux,Bordeaux,2,2
2013-04-21,2012-13,Toulouse,Lorient,0,1
2013-04-24,2012-13,Rennes,Troyes,1,2
2013-04-24,2012-13,St Etienne,Ajaccio,4,2
2013-04-26,2012-13,Lille,Sochaux,3,3
2013-04-27,2012-13,Ajaccio,Montpellier,2,1
2013-04-27,2012-13,Bastia,Toulouse,0,0
2013-04-27,2012-13,Bordeaux,Reims,0,0
2013-04-27,2012-13,Brest,Rennes,0,2
2013-04-27,2012-13,Lorient,Marseille,0,1
2013-04-27,2012-13,Valenciennes,Nancy,0,0
2013-04-28,2012-13,Evian Thonon Gaillard,Paris SG,0,1
2013-04-28,2012-13,Lyon,St Etienne,1,1
2013-04-28,2012-13,Nice,Troyes,3,1
2013-05-03,2012-13,St Etienne,Bordeaux,0,0
2013-05-04,2012-13,Marseille,Bastia,2,1
2013-05-04,2012-13,Montpellier,Brest,2,1
2013-05-04,2012-13,Reims,Ajaccio,1,1
2013-05-04,2012-13,Sochaux,Lorient,1,0
2013-05-04,2012-13,Toulouse,Lille,4,2
2013-05-04,2012-13,Troyes,Evian Thonon Gaillard,1,0
2013-05-05,2012-13,Nancy,Lyon,0,3
2013-05-05,2012-13,Paris SG,Valenciennes,1,1
2013-05-05,2012-13,Rennes,Nice,0,3
2013-05-10,2012-13,Lille,Reims,3,0
2013-05-11,2012-13,Ajaccio,Troyes,0,1
2013-05-11,2012-13,Bastia,Montpellier,3,1
2013-05-11,2012-13,Bordeaux,Nancy,3,2
2013-05-11,2012-13,Brest,Sochaux,0,2
2013-05-11,2012-13,Marseille,Toulouse,2,1
2013-05-11,2012-13,Valenciennes,Rennes,4,1
2013-05-12,2012-13,Evian Thonon Gaillard,Nice,4,0
2013-05-12,2012-13,Lorient,St Etienne,3,1
2013-05-12,2012-13,Lyon,Paris SG,0,1
2013-05-18,2012-13,Evian Thonon Gaillard,Valenciennes,2,0
2013-05-18,2012-13,Montpellier,Lille,0,0
2013-05-18,2012-13,Nancy,Bastia,1,2
2013-05-18,2012-13,Paris SG,Brest,3,1
2013-05-18,2012-13,Reims,Lorient,1,0
2013-05-18,2012-13,Rennes,Ajaccio,1,1
2013-05-18,2012-13,Sochaux,Toulouse,1,2
2013-05-18,2012-13,St Etienne,Marseille,2,0
2013-05-18,2012-13,Troyes,Bordeaux,1,0
2013-05-19,2012-13,Nice,Lyon,1,1
2013-05-26,2012-13,Ajaccio,Nice,0,2
2013-05-26,2012-13,Bastia,Sochaux,0,0
2013-05-26,2012-13,Bordeaux,Evian Thonon Gaillard,2,1
2013-05-26,2012-13,Brest,Nancy,1,2
2013-05-26,2012-13,Lille,St Etienne,1,1
2013-05-26,2012-13,Lorient,Paris SG,1,3
2013-05-26,2012-13,Lyon,Rennes,2,0
2013-05-26,2012-13,Marseille,Reims,0,0
2013-05-26,2012-13,Toulouse,Montpellier,2,0
2013-05-26,2012-13,Valenciennes,Troyes,2,1
2013-08-09,2013-14,Montpellier,Paris SG,1,1
2013-08-10,2013-14,Bordeaux,Monaco,0,2
2013-08-10,2013-14,Evian Thonon Gaillard,Sochaux,1,1
2013-08-10,2013-14,Lille,Lorient,1,0
2013-08-10,2013-14,Lyon,Nice,4,0
2013-08-10,2013-14,Nantes,Bastia,2,0
2013-08-10,2013-14,Rennes,Reims,2,1
2013-08-10,2013-14,Valenciennes,Toulouse,3,0
2013-08-11,2013-14,Ajaccio,St Etienne,0,1
2013-08-11,2013-14,Guingamp,Marseille,1,3
2013-08-16,2013-14,Sochaux,Lyon,1,3
2013-08-17,2013-14,Bastia,Valenciennes,2,0
2013-08-17,2013-14,Marseille,Evian Thonon Gaillard,2,0
2013-08-17,2013-14,Nice,Rennes,2,1
2013-08-17,2013-14,Reims,Lille,2,1
2013-08-17,2013-14,St Etienne,Guingamp,1,0
2013-08-17,2013-14,Toulouse,Bordeaux,1,1
2013-08-18,2013-14,Lorient,Nantes,2,1
2013-08-18,2013-14,Monaco,Montpellier,4,1
2013-08-18,2013-14,Paris SG,Ajaccio,1,1
2013-08-23,2013-14,Monaco,Toulouse,0,0
2013-08-24,2013-14,Bordeaux,Bastia,1,0
2013-08-24,2013-14,Evian Thonon Gaillard,Rennes,1,2
2013-08-24,2013-14,Guingamp,Lorient,2,0
2013-08-24,2013-14,Lyon,Reims,0,1
2013-08-24,2013-14,Montpellier,Sochaux,2,1
2013-08-24,2013-14,Valenciennes,Marseille,0,1
2013-08-25,2013-14,Ajaccio,Nice,0,0
2013-08-25,2013-14,Lille,St Etienne,1,0
2013-08-25,2013-14,Nantes,Paris SG,1,2
2013-08-31,2013-14,Bastia,Toulouse,2,1
2013-08-31,2013-14,Evian Thonon Gaillard,Lyon,2,1
2013-08-31,2013-14,Lorient,Valenciennes,1,0
2013-08-31,2013-14,Paris SG,Guingamp,2,0
2013-08-31,2013-14,Reims,Nantes,0,0
2013-08-31,2013-14,Rennes,Lille,0,0
2013-08-31,2013-14,Sochaux,Ajaccio,0,0
2013-09-01,2013-14,Marseille,Monaco,1,2
2013-09-01,2013-14,Nice,Montpellier,2,2
2013-09-01,2013-14,St Etienne,Bordeaux,2,1
2013-09-13,2013-14,Bordeaux,Paris SG,0,2
2013-09-14,2013-14,Ajaccio,Evian Thonon Gaillard,2,3
2013-09-14,2013-14,Guingamp,Bastia,1,1
2013-09-14,2013-14,Montpellier,Reims,0,0
2013-09-14,2013-14,Nantes,Sochaux,1,0
2013-09-14,2013-14,Toulouse,Marseille,1,1
2013-09-14,2013-14,Valenciennes,St Etienne,1,3
2013-09-15,2013-14,Lille,Nice,0,2
2013-09-15,2013-14,Lyon,Rennes,0,0
2013-09-15,2013-14,Monaco,Lorient,1,0
2013-09-20,2013-14,St Etienne,Toulouse,1,2
2013-09-21,2013-14,Bastia,Marseille,0,0
2013-09-21,2013-14,Evian Thonon Gaillard,Montpellier,2,2
2013-09-21,2013-14,Reims,Guingamp,1,1
2013-09-21,2013-14,Rennes,Ajaccio,2,0
2013-09-21,2013-14,Sochaux,Lille,0,2
2013-09-22,2013-14,Lorient,Bordeaux,3,3
2013-09-22,2013-14,Lyon,Nantes,3,1
2013-09-22,2013-14,Nice,Valenciennes,4,0
2013-09-22,2013-14,Paris SG,Monaco,1,1
2013-09-24,2013-14,Lille,Evian Thonon Gaillard,3,0
2013-09-24,2013-14,Marseille,St Etienne,2,1
2013-09-25,2013-14,Ajaccio,Lyon,2,1
2013-09-25,2013-14,Bordeaux,Reims,0,0
2013-09-25,2013-14,Guingamp,Sochaux,5,1
2013-09-25,2013-14,Monaco,Bastia,3,0
2013-09-25,2013-14,Nantes,Nice,2,0
2013-09-25,2013-14,Toulouse,Lorient,1,0
2013-09-25,2013-14,Valenciennes,Paris SG,0,1
2013-09-26,2013-14,Montpellier,Rennes,0,0
2013-09-28,2013-14,Evian Thonon Gaillard,Bordeaux,1,1
2013-09-28,2013-14,Lorient,Marseille,0,2
2013-09-28,2013-14,Lyon,Lille,0,0
2013-09-28,2013-14,Nice,Guingamp,1,0
2013-09-28,2013-14,Paris SG,Toulouse,2,0
2013-09-28,2013-14,Sochaux,Valenciennes,2,0
2013-09-28,2013-14,St Etienne,Bastia,2,2
2013-09-29,2013-14,Ajaccio,Montpellier,1,1
2013-09-29,2013-14,Reims,Monaco,1,1
2013-09-29,2013-14,Rennes,Nantes,1,3
2013-10-04,2013-14,Bastia,Lorient,4,1
2013-10-05,2013-14,Guingamp,Rennes,2,0
2013-10-05,2013-14,Lille,Ajaccio,3,0
2013-10-05,2013-14,Monaco,St Etienne,2,1
2013-10-05,2013-14,Nantes,Evian Thonon Gaillard,3,0
2013-10-05,2013-14,Toulouse,Nice,1,0
2013-10-05,2013-14,Valenciennes,Reims,1,1
2013-10-06,2013-14,Bordeaux,Sochaux,4,1
2013-10-06,2013-14,Marseille,Paris SG,1,2
2013-10-06,2013-14,Montpellier,Lyon,5,1
2013-10-18,2013-14,Nice,Marseille,1,0
2013-10-18,2013-14,Reims,Toulouse,1,2
2013-10-19,2013-14,Ajaccio,Nantes,0,1
2013-10-19,2013-14,Evian Thonon Gaillard,Guingamp,1,2
2013-10-19,2013-14,Montpellier,Lille,0,1
2013-10-19,2013-14,Paris SG,Bastia,4,0
2013-10-19,2013-14,Rennes,Valenciennes,2,2
2013-10-20,2013-14,Lyon,Bordeaux,1,1
2013-10-20,2013-14,Sochaux,Monaco,2,2
2013-10-20,2013-14,St Etienne,Lorient,3,2
2013-10-25,2013-14,Nantes,Lille,0,1
2013-10-26,2013-14,Bastia,Nice,1,0
2013-10-26,2013-14,Guingamp,Ajaccio,2,1
2013-10-26,2013-14,Lorient,Sochaux,2,1
2013-10-26,2013-14,Marseille,Reims,2,3
2013-10-26,2013-14,Toulouse,Rennes,0,5
2013-10-26,2013-14,Valenciennes,Evian Thonon Gaillard,0,1
2013-10-27,2013-14,Bordeaux,Montpellier,2,0
2013-10-27,2013-14,Monaco,Lyon,2,1
2013-10-27,2013-14,St Etienne,Paris SG,2,2
2013-11-01,2013-14,Paris SG,Lorient,4,0
2013-11-02,2013-14,Ajaccio,Valenciennes,1,3
2013-11-02,2013-14,Evian Thonon Gaillard,Toulouse,2,1
2013-11-02,2013-14,Lyon,Guingamp,2,0
2013-11-02,2013-14,Reims,Bastia,4,2
2013-11-02,2013-14,Rennes,Marseille,1,1
2013-11-02,2013-14,Sochaux,St Etienne,0,0
2013-11-03,2013-14,Lille,Monaco,2,0
2013-11-03,2013-14,Montpellier,Nantes,1,1
2013-11-03,2013-14,Nice,Bordeaux,1,2
2013-11-08,2013-14,Monaco,Evian Thonon Gaillard,1,1
2013-11-09,2013-14,Bastia,Rennes,1,0
2013-11-09,2013-14,Guingamp,Lille,0,0
2013-11-09,2013-14,Lorient,Reims,0,0
2013-11-09,2013-14,Paris SG,Nice,3,1
2013-11-09,2013-14,Toulouse,Ajaccio,1,1
2013-11-09,2013-14,Valenciennes,Montpellier,1,1
2013-11-10,2013-14,Bordeaux,Nantes,0,3
2013-11-10,2013-14,Marseille,Sochaux,2,1
2013-11-10,2013-14,St Etienne,Lyon,1,2
2013-11-22,2013-14,Ajaccio,Marseille,1,3
2013-11-23,2013-14,Evian Thonon Gaillard,Lorient,0,4
2013-11-23,2013-14,Lyon,Valenciennes,1,1
2013-11-23,2013-14,Montpellier,Guingamp,1,1
2013-11-23,2013-14,Reims,Paris SG,0,3
2013-11-23,2013-14,Rennes,Bordeaux,1,1
2013-11-23,2013-14,Sochaux,Bastia,1,1
2013-11-24,2013-14,Lille,Toulouse,1,0
2013-11-24,2013-14,Nantes,Monaco,0,1
2013-11-24,2013-14,Nice,St Etienne,0,1
2013-11-29,2013-14,Marseille,Montpellier,2,0
2013-11-30,2013-14,Guingamp,Nantes,1,0
2013-11-30,2013-14,Lorient,Nice,3,0
2013-11-30,2013-14,Monaco,Rennes,2,0
2013-11-30,2013-14,St Etienne,Reims,4,0
2013-11-30,2013-14,Toulouse,Sochaux,5,1
2013-11-30,2013-14,Valenciennes,Lille,0,1
2013-12-01,2013-14,Bastia,Evian Thonon Gaillard,2,0
2013-12-01,2013-14,Bordeaux,Ajaccio,4,0
2013-12-01,2013-14,Paris SG,Lyon,4,0
2013-12-03,2013-14,Lille,Marseille,1,0
2013-12-03,2013-14,Nantes,Valenciennes,2,1
2013-12-03,2013-14,Nice,Monaco,0,3
2013-12-04,2013-14,Ajaccio,Bastia,1,1
2013-12-04,2013-14,Evian Thonon Gaillard,Paris SG,2,0
2013-12-04,2013-14,Guingamp,Bordeaux,0,1
2013-12-04,2013-14,Montpellier,Lorient,0,2
2013-12-04,2013-14,Rennes,St Etienne,3,1
2013-12-04,2013-14,Sochaux,Reims,0,2
2013-12-05,2013-14,Lyon,Toulouse,1,1
2013-12-06,2013-14,Marseille,Nantes,0,1
2013-12-07,2013-14,Lorient,Rennes,2,0
2013-12-07,2013-14,Paris SG,Sochaux,5,0
2013-12-07,2013-14,Reims,Nice,1,0
2013-12-07,2013-14,Valenciennes,Guingamp,1,1
2013-12-08,2013-14,Bastia,Lyon,1,3
2013-12-08,2013-14,Bordeaux,Lille,1,0
2013-12-08,2013-14,Monaco,Ajaccio,1,0
2013-12-08,2013-14,Toulouse,Montpellier,1,1
2013-12-13,2013-14,Montpellier,St Etienne,0,1
2013-12-14,2013-14,Ajaccio,Lorient,1,2
2013-12-14,2013-14,Evian Thonon Gaillard,Reims,1,1
2013-12-14,2013-14,Guingamp,Monaco,0,2
2013-12-14,2013-14,Nantes,Toulouse,1,2
2013-12-14,2013-14,Nice,Sochaux,1,0
2013-12-14,2013-14,Rennes,Paris SG,1,3
2013-12-15,2013-14,Bordeaux,Valenciennes,2,1
2013-12-15,2013-14,Lille,Bastia,2,1
2013-12-15,2013-14,Lyon,Marseille,2,2
2013-12-20,2013-14,Monaco,Valenciennes,1,2
2013-12-21,2013-14,Bastia,Montpellier,0,0
2013-12-21,2013-14,Nice,Evian Thonon Gaillard,3,1
2013-12-21,2013-14,Reims,Ajaccio,4,1
2013-12-21,2013-14,Sochaux,Rennes,2,1
2013-12-21,2013-14,St Etienne,Nantes,2,0
2013-12-21,2013-14,Toulouse,Guingamp,0,0
2013-12-22,2013-14,Lorient,Lyon,2,2
2013-12-22,2013-14,Marseille,Bordeaux,2,2
2013-12-22,2013-14,Paris SG,Lille,2,2
2014-01-08,2013-14,St Etienne,Evian Thonon Gaillard,1,0
2014-01-10,2013-14,Montpellier,Monaco,1,1
2014-01-11,2013-14,Ajaccio,Paris SG,1,2
2014-01-11,2013-14,Bordeaux,Toulouse,0,1
2014-01-11,2013-14,Guingamp,St Etienne,0,0
2014-01-11,2013-14,Lyon,Sochaux,2,0
2014-01-11,2013-14,Rennes,Nice,0,0
2014-01-11,2013-14,Valenciennes,Bastia,3,2
2014-01-12,2013-14,Evian Thonon Gaillard,Marseille,1,2
2014-01-12,2013-14,Lille,Reims,1,2
2014-01-12,2013-14,Nantes,Lorient,1,0
2014-01-17,2013-14,St Etienne,Lille,2,0
2014-01-18,2013-14,Bastia,Bordeaux,1,0
2014-01-18,2013-14,Lorient,Guingamp,2,0
2014-01-18,2013-14,Nice,Ajaccio,2,0
2014-01-18,2013-14,Rennes,Evian Thonon Gaillard,0,0
2014-01-18,2013-14,Sochaux,Montpellier,0,2
2014-01-19,2013-14,Paris SG,Nantes,5,0
2014-01-19,2013-14,Reims,Lyon,0,2
2014-01-19,2013-14,Toulouse,Monaco,0,2
2014-01-24,2013-14,Lille,Rennes,1,1
2014-01-25,2013-14,Ajaccio,Sochaux,1,1
2014-01-25,2013-14,Guingamp,Paris SG,1,1
2014-01-25,2013-14,Montpellier,Nice,3,1
2014-01-25,2013-14,Nantes,Reims,0,0
2014-01-25,2013-14,Valenciennes,Lorient,1,1
2014-01-26,2013-14,Bordeaux,St Etienne,2,0
2014-01-26,2013-14,Lyon,Evian Thonon Gaillard,3,0
2014-01-26,2013-14,Monaco,Marseille,2,0
2014-01-29,2013-14,Marseille,Valenciennes,2,1
2014-01-31,2013-14,Paris SG,Bordeaux,2,0
2014-02-01,2013-14,Bastia,Guingamp,3,2
2014-02-01,2013-14,Evian Thonon Gaillard,Ajaccio,1,1
2014-02-01,2013-14,Lorient,Monaco,2,2
2014-02-01,2013-14,Reims,Montpellier,2,4
2014-02-01,2013-14,Sochaux,Nantes,1,0
2014-02-01,2013-14,St Etienne,Valenciennes,3,0
2014-02-02,2013-14,Marseille,Toulouse,2,2
2014-02-02,2013-14,Nice,Lille,1,0
2014-02-02,2013-14,Rennes,Lyon,2,0
2014-02-07,2013-14,Toulouse,St Etienne,0,0
2014-02-08,2013-14,Ajaccio,Rennes,3,1
2014-02-08,2013-14,Guingamp,Reims,1,2
2014-02-08,2013-14,Lille,Sochaux,2,0
2014-02-08,2013-14,Marseille,Bastia,3,0
2014-02-08,2013-14,Montpellier,Evian Thonon Gaillard,1,1
2014-02-08,2013-14,Valenciennes,Nice,2,1
2014-02-09,2013-14,Monaco,Paris SG,1,1
2014-02-09,2013-14,Nantes,Lyon,1,2
2014-02-11,2013-14,Toulouse,Bastia,1,3
2014-02-14,2013-14,Paris SG,Valenciennes,3,0
2014-02-15,2013-14,Bastia,Monaco,0,2
2014-02-15,2013-14,Lorient,Toulouse,1,3
2014-02-15,2013-14,Nice,Nantes,0,0
2014-02-15,2013-14,Reims,Bordeaux,1,0
2014-02-15,2013-14,Rennes,Montpellier,2,2
2014-02-15,2013-14,Sochaux,Guingamp,1,0
2014-02-16,2013-14,Evian Thonon Gaillard,Lille,2,2
2014-02-16,2013-14,Lyon,Ajaccio,3,1
2014-02-16,2013-14,St Etienne,Marseille,1,1
2014-02-21,2013-14,Monaco,Reims,3,2
2014-02-22,2013-14,Bastia,St Etienne,0,2
2014-02-22,2013-14,Bordeaux,Evian Thonon Gaillard,2,1
2014-02-22,2013-14,Guingamp,Nice,1,0
2014-02-22,2013-14,Marseille,Lorient,1,0
2014-02-22,2013-14,Montpellier,Ajaccio,2,0
2014-02-22,2013-14,Valenciennes,Sochaux,2,2
2014-02-23,2013-14,Lille,Lyon,0,0
2014-02-23,2013-14,Nantes,Rennes,0,3
2014-02-23,2013-14,Toulouse,Paris SG,2,4
2014-02-25,2013-14,Bordeaux,Lorient,3,2
2014-02-28,2013-14,Evian Thonon Gaillard,Nantes,2,0
2014-03-01,2013-14,Lorient,Bastia,1,1
2014-03-01,2013-14,Nice,Toulouse,0,2
2014-03-01,2013-14,Reims,Valenciennes,3,1
2014-03-01,2013-14,Rennes,Guingamp,0,2
2014-03-01,2013-14,Sochaux,Bordeaux,2,0
2014-03-01,2013-14,St Etienne,Monaco,2,0
2014-03-02,2013-14,Ajaccio,Lille,2,3
2014-03-02,2013-14,Lyon,Montpellier,0,0
2014-03-02,2013-14,Paris SG,Marseille,2,0
2014-03-07,2013-14,Marseille,Nice,0,1
2014-03-08,2013-14,Bastia,Paris SG,0,3
2014-03-08,2013-14,Guingamp,Evian Thonon Gaillard,0,1
2014-03-08,2013-14,Monaco,Sochaux,2,1
2014-03-08,2013-14,Nantes,Ajaccio,2,2
2014-03-08,2013-14,Toulouse,Reims,3,2
2014-03-08,2013-14,Valenciennes,Rennes,2,1
2014-03-09,2013-14,Bordeaux,Lyon,1,2
2014-03-09,2013-14,Lille,Montpellier,2,0
2014-03-09,2013-14,Lorient,St Etienne,1,0
2014-03-14,2013-14,Reims,Marseille,1,1
2014-03-15,2013-14,Ajaccio,Guingamp,1,2
2014-03-15,2013-14,Evian Thonon Gaillard,Valenciennes,0,1
2014-03-15,2013-14,Lille,Nantes,0,0
2014-03-15,2013-14,Nice,Bastia,2,0
2014-03-15,2013-14,Rennes,Toulouse,2,3
2014-03-15,2013-14,Sochaux,Lorient,2,0
2014-03-16,2013-14,Lyon,Monaco,2,3
2014-03-16,2013-14,Montpellier,Bordeaux,1,1
2014-03-16,2013-14,Paris SG,St Etienne,2,0
2014-03-21,2013-14,Lorient,Paris SG,0,1
2014-03-22,2013-14,Bastia,Reims,2,0
2014-03-22,2013-14,Bordeaux,Nice,1,1
2014-03-22,2013-14,Marseille,Rennes,0,1
2014-03-22,2013-14,Nantes,Montpellier,2,1
2014-03-22,2013-14,Toulouse,Evian Thonon Gaillard,1,1
2014-03-22,2013-14,Valenciennes,Ajaccio,2,3
2014-03-23,2013-14,Guingamp,Lyon,0,1
2014-03-23,2013-14,Monaco,Lille,1,1
2014-03-23,2013-14,St Etienne,Sochaux,3,1
2014-03-28,2013-14,Nice,Paris SG,0,1
2014-03-29,2013-14,Ajaccio,Toulouse,2,2
2014-03-29,2013-14,Evian Thonon Gaillard,Monaco,1,0
2014-03-29,2013-14,Montpellier,Valenciennes,0,0
2014-03-29,2013-14,Nantes,Bordeaux,0,0
2014-03-29,2013-14,Reims,Lorient,1,1
2014-03-29,2013-14,Sochaux,Marseille,1,1
2014-03-30,2013-14,Lille,Guingamp,1,0
2014-03-30,2013-14,Lyon,St Etienne,1,2
2014-03-30,2013-14,Rennes,Bastia,3,0
2014-04-04,2013-14,Marseille,Ajaccio,3,1
2014-04-05,2013-14,Bastia,Sochaux,2,2
2014-04-05,2013-14,Bordeaux,Rennes,2,2
2014-04-05,2013-14,Guingamp,Montpellier,1,2
2014-04-05,2013-14,Lorient,Evian Thonon Gaillard,1,1
2014-04-05,2013-14,Paris SG,Reims,3,0
2014-04-05,2013-14,Toulouse,Lille,1,2
2014-04-06,2013-14,Monaco,Nantes,3,1
2014-04-06,2013-14,St Etienne,Nice,1,1
2014-04-06,2013-14,Valenciennes,Lyon,1,2
2014-04-11,2013-14,Montpellier,Marseille,2,3
2014-04-12,2013-14,Ajaccio,Bordeaux,1,1
2014-04-12,2013-14,Evian Thonon Gaillard,Bastia,2,1
2014-04-12,2013-14,Lille,Valenciennes,1,0
2014-04-12,2013-14,Nice,Lorient,1,2
2014-04-12,2013-14,Rennes,Monaco,0,1
2014-04-12,2013-14,Sochaux,Toulouse,2,0
2014-04-13,2013-14,Lyon,Paris SG,1,0
2014-04-13,2013-14,Nantes,Guingamp,1,0
2014-04-13,2013-14,Reims,St Etienne,2,2
2014-04-18,2013-14,St Etienne,Rennes,0,0
2014-04-20,2013-14,Bastia,Ajaccio,2,1
2014-04-20,2013-14,Bordeaux,Guingamp,5,1
2014-04-20,2013-14,Lorient,Montpellier,4,4
2014-04-20,2013-14,Marseille,Lille,0,0
2014-04-20,2013-14,Monaco,Nice,1,0
2014-04-20,2013-14,Reims,Sochaux,0,1
2014-04-20,2013-14,Valenciennes,Nantes,2,6
2014-04-23,2013-14,Paris SG,Evian Thonon Gaillard,1,0
2014-04-23,2013-14,Toulouse,Lyon,0,0
2014-04-25,2013-14,Nantes,Marseille,1,1
2014-04-26,2013-14,Ajaccio,Monaco,1,4
2014-04-26,2013-14,Evian Thonon Gaillard,St Etienne,1,2
2014-04-26,2013-14,Guingamp,Valenciennes,1,0
2014-04-26,2013-14,Montpellier,Toulouse,2,1
2014-04-26,2013-14,Nice,Reims,1,0
2014-04-26,2013-14,Rennes,Lorient,1,1
2014-04-27,2013-14,Lille,Bordeaux,2,1
2014-04-27,2013-14,Lyon,Bastia,4,1
2014-04-27,2013-14,Sochaux,Paris SG,1,1
2014-05-02,2013-14,Bastia,Lille,1,1
2014-05-04,2013-14,Lorient,Ajaccio,1,0
2014-05-04,2013-14,Marseille,Lyon,4,2
2014-05-04,2013-14,Reims,Evian Thonon Gaillard,1,0
2014-05-04,2013-14,Sochaux,Nice,2,0
2014-05-04,2013-14,St Etienne,Montpellier,2,0
2014-05-04,2013-14,Toulouse,Nantes,1,1
2014-05-04,2013-14,Valenciennes,Bordeaux,0,1
2014-05-07,2013-14,Monaco,Guingamp,1,1
2014-05-07,2013-14,Paris SG,Rennes,1,2
2014-05-10,2013-14,Ajaccio,Reims,2,1
2014-05-10,2013-14,Bordeaux,Marseille,1,1
2014-05-10,2013-14,Evian Thonon Gaillard,Nice,2,0
2014-05-10,2013-14,Guingamp,Toulouse,2,0
2014-05-10,2013-14,Lille,Paris SG,1,3
2014-05-10,2013-14,Lyon,Lorient,0,1
2014-05-10,2013-14,Montpellier,Bastia,0,2
2014-05-10,2013-14,Nantes,St Etienne,1,3
2014-05-10,2013-14,Rennes,Sochaux,1,2
2014-05-10,2013-14,Valenciennes,Monaco,1,2
2014-05-17,2013-14,Bastia,Nantes,0,0
2014-05-17,2013-14,Lorient,Lille,1,4
2014-05-17,2013-14,Marseille,Guingamp,1,0
2014-05-17,2013-14,Monaco,Bordeaux,1,1
2014-05-17,2013-14,Nice,Lyon,0,1
2014-05-17,2013-14,Paris SG,Montpellier,4,0
2014-05-17,2013-14,Reims,Rennes,1,3
2014-05-17,2013-14,Sochaux,Evian Thonon Gaillard,0,3
2014-05-17,2013-14,St Etienne,Ajaccio,3,1
2014-05-17,2013-14,Toulouse,Valenciennes,3,1
2014-08-08,2014-15,Reims,Paris SG,2,2
2014-08-09,2014-15,Bastia,Marseille,3,3
2014-08-09,2014-15,Evian Thonon Gaillard,Caen,0,3
2014-08-09,2014-15,Guingamp,St Etienne,0,2
2014-08-09,2014-15,Lille,Metz,0,0
2014-08-09,2014-15,Montpellier,Bordeaux,0,1
2014-08-09,2014-15,Nantes,Lens,1,0
2014-08-09,2014-15,Nice,Toulouse,3,2
2014-08-10,2014-15,Lyon,Rennes,2,0
2014-08-10,2014-15,Monaco,Lorient,1,2
2014-08-15,2014-15,Caen,Lille,0,1
2014-08-16,2014-15,Lens,Guingamp,0,1
2014-08-16,2014-15,Lorient,Nice,0,0
2014-08-16,2014-15,Metz,Nantes,1,1
2014-08-16,2014-15,Paris SG,Bastia,2,0
2014-08-16,2014-15,Rennes,Evian Thonon Gaillard,6,2
2014-08-16,2014-15,Toulouse,Lyon,2,1
2014-08-17,2014-15,Bordeaux,Monaco,4,1
2014-08-17,2014-15,Marseille,Montpellier,0,2
2014-08-17,2014-15,St Etienne,Reims,3,1
2014-08-22,2014-15,Evian Thonon Gaillard,Paris SG,0,0
2014-08-23,2014-15,Bastia,Toulouse,1,0
2014-08-23,2014-15,Guingamp,Marseille,0,1
2014-08-23,2014-15,Lille,Lorient,2,0
2014-08-23,2014-15,Montpellier,Metz,2,0
2014-08-23,2014-15,Nice,Bordeaux,1,3
2014-08-23,2014-15,Reims,Caen,0,2
2014-08-24,2014-15,Lyon,Lens,0,1
2014-08-24,2014-15,Nantes,Monaco,0,1
2014-08-24,2014-15,St Etienne,Rennes,0,0
2014-08-29,2014-15,Marseille,Nice,4,0
2014-08-30,2014-15,Caen,Rennes,0,1
2014-08-30,2014-15,Lens,Reims,4,2
2014-08-30,2014-15,Lorient,Guingamp,4,0
2014-08-30,2014-15,Monaco,Lille,1,1
2014-08-30,2014-15,Nantes,Montpellier,1,0
2014-08-30,2014-15,Toulouse,Evian Thonon Gaillard,1,0
2014-08-31,2014-15,Bordeaux,Bastia,1,1
2014-08-31,2014-15,Metz,Lyon,2,1
2014-08-31,2014-15,Paris SG,St Etienne,5,0
2014-09-12,2014-15,Lyon,Monaco,2,1
2014-09-13,2014-15,Bastia,Lens,1,1
2014-09-13,2014-15,Montpellier,Lorient,1,0
2014-09-13,2014-15,Nice,Metz,1,0
2014-09-13,2014-15,Reims,Toulouse,2,0
2014-09-13,2014-15,Rennes,Paris SG,1,1
2014-09-13,2014-15,St Etienne,Caen,1,0
2014-09-14,2014-15,Evian Thonon Gaillard,Marseille,1,3
2014-09-14,2014-15,Guingamp,Bordeaux,2,1
2014-09-14,2014-15,Lille,Nantes,2,0
2014-09-19,2014-15,Bordeaux,Evian Thonon Gaillard,2,1
2014-09-20,2014-15,Lorient,Reims,0,1
2014-09-20,2014-15,Marseille,Rennes,3,0
2014-09-20,2014-15,Metz,Bastia,3,1
2014-09-20,2014-15,Nantes,Nice,2,1
2014-09-20,2014-15,Toulouse,Caen,3,3
2014-09-21,2014-15,Lens,St Etienne,0,1
2014-09-21,2014-15,Lille,Montpellier,0,0
2014-09-21,2014-15,Monaco,Guingamp,1,0
2014-09-21,2014-15,Paris SG,Lyon,1,1
2014-09-23,2014-15,Reims,Marseille,0,5
2014-09-23,2014-15,Rennes,Toulouse,0,3
2014-09-24,2014-15,Bastia,Nantes,0,0
2014-09-24,2014-15,Caen,Paris SG,0,2
2014-09-24,2014-15,Evian Thonon Gaillard,Lens,2,1
2014-09-24,2014-15,Guingamp,Metz,0,1
2014-09-24,2014-15,Lyon,Lorient,4,0
2014-09-24,2014-15,Montpellier,Monaco,0,1
2014-09-24,2014-15,Nice,Lille,1,0
2014-09-25,2014-15,St Etienne,Bordeaux,1,1
2014-09-27,2014-15,Lille,Bastia,1,0
2014-09-27,2014-15,Lorient,Evian Thonon Gaillard,0,2
2014-09-27,2014-15,Metz,Reims,3,0
2014-09-27,2014-15,Monaco,Nice,0,1
2014-09-27,2014-15,Montpellier,Guingamp,2,1
2014-09-27,2014-15,Toulouse,Paris SG,1,1
2014-09-28,2014-15,Bordeaux,Rennes,2,1
2014-09-28,2014-15,Lens,Caen,0,0
2014-09-28,2014-15,Marseille,St Etienne,2,1
2014-09-28,2014-15,Nantes,Lyon,1,1
2014-10-03,2014-15,Reims,Bordeaux,1,0
2014-10-04,2014-15,Bastia,Lorient,0,2
2014-10-04,2014-15,Caen,Marseille,1,2
2014-10-04,2014-15,Evian Thonon Gaillard,Metz,3,0
2014-10-04,2014-15,Nice,Montpellier,1,1
2014-10-04,2014-15,Rennes,Lens,2,0
2014-10-05,2014-15,Guingamp,Nantes,0,1
2014-10-05,2014-15,Lyon,Lille,3,0
2014-10-05,2014-15,Paris SG,Monaco,1,1
2014-10-05,2014-15,St Etienne,Toulouse,0,1
2014-10-17,2014-15,Lens,Paris SG,1,3
2014-10-18,2014-15,Lille,Guingamp,1,2
2014-10-18,2014-15,Lorient,St Etienne,0,1
2014-10-18,2014-15,Metz,Rennes,0,0
2014-10-18,2014-15,Monaco,Evian Thonon Gaillard,2,0
2014-10-18,2014-15,Nantes,Reims,1,1
2014-10-18,2014-15,Nice,Bastia,0,1
2014-10-19,2014-15,Bordeaux,Caen,1,1
2014-10-19,2014-15,Lyon,Montpellier,5,1
2014-10-19,2014-15,Marseille,Toulouse,2,0
2014-10-24,2014-15,Toulouse,Lens,0,2
2014-10-25,2014-15,Bastia,Monaco,1,3
2014-10-25,2014-15,Caen,Lorient,2,1
2014-10-25,2014-15,Evian Thonon Gaillard,Nantes,0,2
2014-10-25,2014-15,Paris SG,Bordeaux,3,0
2014-10-25,2014-15,Reims,Montpellier,1,0
2014-10-26,2014-15,Guingamp,Nice,2,7
2014-10-26,2014-15,Lyon,Marseille,1,0
2014-10-26,2014-15,Rennes,Lille,2,0
2014-10-26,2014-15,St Etienne,Metz,1,0
2014-10-31,2014-15,Monaco,Reims,1,1
2014-11-01,2014-15,Guingamp,Bastia,1,0
2014-11-01,2014-15,Lille,St Etienne,1,1
2014-11-01,2014-15,Lorient,Paris SG,1,2
2014-11-01,2014-15,Metz,Caen,3,2
2014-11-01,2014-15,Montpellier,Evian Thonon Gaillard,2,0
2014-11-01,2014-15,Nice,Lyon,1,3
2014-11-02,2014-15,Bordeaux,Toulouse,2,1
2014-11-02,2014-15,Marseille,Lens,2,1
2014-11-02,2014-15,Nantes,Rennes,1,1
2014-11-07,2014-15,Rennes,Lorient,1,0
2014-11-08,2014-15,Bastia,Montpellier,2,0
2014-11-08,2014-15,Caen,Nantes,1,2
2014-11-08,2014-15,Evian Thonon Gaillard,Nice,1,0
2014-11-08,2014-15,Lens,Bordeaux,1,2
2014-11-08,2014-15,Toulouse,Metz,3,0
2014-11-09,2014-15,Lyon,Guingamp,3,1
2014-11-09,2014-15,Paris SG,Marseille,2,0
2014-11-09,2014-15,Reims,Lille,2,0
2014-11-09,2014-15,St Etienne,Monaco,1,1
2014-11-21,2014-15,Metz,Paris SG,2,3
2014-11-22,2014-15,Bastia,Lyon,0,0
2014-11-22,2014-15,Guingamp,Rennes,0,1
2014-11-22,2014-15,Lorient,Lens,1,0
2014-11-22,2014-15,Monaco,Caen,2,2
2014-11-22,2014-15,Nice,Reims,0,0
2014-11-23,2014-15,Marseille,Bordeaux,3,1
2014-11-23,2014-15,Montpellier,Toulouse,2,0
2014-11-23,2014-15,Nantes,St Etienne,0,0
2014-11-28,2014-15,Marseille,Nantes,2,0
2014-11-29,2014-15,Caen,Montpellier,1,1
2014-11-29,2014-15,Lens,Metz,2,0
2014-11-29,2014-15,Paris SG,Nice,1,0
2014-11-29,2014-15,Reims,Bastia,2,1
2014-11-29,2014-15,Rennes,Monaco,2,0
2014-11-29,2014-15,Toulouse,Lorient,2,3
2014-11-30,2014-15,Bordeaux,Lille,1,0
2014-11-30,2014-15,Evian Thonon Gaillard,Guingamp,2,0
2014-11-30,2014-15,St Etienne,Lyon,3,0
2014-12-02,2014-15,Lorient,Marseille,1,1
2014-12-02,2014-15,Monaco,Lens,2,0
2014-12-02,2014-15,Nantes,Toulouse,1,2
2014-12-03,2014-15,Bastia,Evian Thonon Gaillard,1,2
2014-12-03,2014-15,Guingamp,Caen,5,1
2014-12-03,2014-15,Lille,Paris SG,1,1
2014-12-03,2014-15,Metz,Bordeaux,0,0
2014-12-03,2014-15,Montpellier,St Etienne,0,2
2014-12-03,2014-15,Nice,Rennes,1,2
2014-12-04,2014-15,Lyon,Reims,2,1
2014-12-05,2014-15,Toulouse,Monaco,0,2
2014-12-06,2014-15,Bordeaux,Lorient,3,2
2014-12-06,2014-15,Caen,Nice,2,3
2014-12-06,2014-15,Paris SG,Nantes,2,1
2014-12-06,2014-15,Rennes,Montpellier,0,4
2014-12-06,2014-15,St Etienne,Bastia,1,0
2014-12-07,2014-15,Evian Thonon Gaillard,Lyon,2,3
2014-12-07,2014-15,Lens,Lille,1,1
2014-12-07,2014-15,Marseille,Metz,3,1
2014-12-07,2014-15,Reims,Guingamp,2,3
2014-12-12,2014-15,Lyon,Caen,3,0
2014-12-13,2014-15,Bastia,Rennes,2,0
2014-12-13,2014-15,Lorient,Metz,3,1
2014-12-13,2014-15,Montpellier,Lens,3,3
2014-12-13,2014-15,Nantes,Bordeaux,2,1
2014-12-13,2014-15,Reims,Evian Thonon Gaillard,3,2
2014-12-14,2014-15,Guingamp,Paris SG,1,0
2014-12-14,2014-15,Lille,Toulouse,3,0
2014-12-14,2014-15,Monaco,Marseille,1,0
2014-12-14,2014-15,Nice,St Etienne,0,0
2014-12-19,2014-15,Lens,Nice,2,0
2014-12-20,2014-15,Caen,Bastia,1,1
2014-12-20,2014-15,Lorient,Nantes,1,2
2014-12-20,2014-15,Metz,Monaco,0,1
2014-12-20,2014-15,Paris SG,Montpellier,0,0
2014-12-20,2014-15,Rennes,Reims,1,3
2014-12-20,2014-15,Toulouse,Guingamp,1,1
2014-12-21,2014-15,Bordeaux,Lyon,0,5
2014-12-21,2014-15,Marseille,Lille,2,1
2014-12-21,2014-15,St Etienne,Evian Thonon Gaillard,3,0
2015-01-07,2014-15,Lille,Evian Thonon Gaillard,1,0
2015-01-09,2014-15,Montpellier,Marseille,2,1
2015-01-10,2014-15,Bastia,Paris SG,4,2
2015-01-10,2014-15,Evian Thonon Gaillard,Rennes,1,1
2015-01-10,2014-15,Guingamp,Lens,2,0
2015-01-10,2014-15,Lille,Caen,1,0
2015-01-10,2014-15,Nice,Lorient,3,1
2015-01-10,2014-15,Reims,St Etienne,1,2
2015-01-11,2014-15,Lyon,Toulouse,3,0
2015-01-11,2014-15,Monaco,Bordeaux,0,0
2015-01-11,2014-15,Nantes,Metz,0,0
2015-01-16,2014-15,Bordeaux,Nice,1,2
2015-01-17,2014-15,Caen,Reims,4,1
2015-01-17,2014-15,Lens,Lyon,0,2
2015-01-17,2014-15,Lorient,Lille,1,0
2015-01-17,2014-15,Metz,Montpellier,2,3
2015-01-17,2014-15,Monaco,Nantes,1,0
2015-01-17,2014-15,Toulouse,Bastia,1,1
2015-01-18,2014-15,Marseille,Guingamp,2,1
2015-01-18,2014-15,Paris SG,Evian Thonon Gaillard,4,2
2015-01-18,2014-15,Rennes,St Etienne,0,0
2015-01-23,2014-15,Nice,Marseille,2,1
2015-01-24,2014-15,Bastia,Bordeaux,0,0
2015-01-24,2014-15,Guingamp,Lorient,3,2
2015-01-24,2014-15,Lille,Monaco,0,1
2015-01-24,2014-15,Montpellier,Nantes,4,0
2015-01-25,2014-15,Evian Thonon Gaillard,Toulouse,1,0
2015-01-25,2014-15,Lyon,Metz,2,0
2015-01-25,2014-15,Reims,Lens,0,0
2015-01-25,2014-15,Rennes,Caen,1,4
2015-01-25,2014-15,St Etienne,Paris SG,0,1
2015-01-30,2014-15,Paris SG,Rennes,1,0
2015-01-31,2014-15,Lens,Bastia,1,1
2015-01-31,2014-15,Lorient,Montpellier,0,0
2015-01-31,2014-15,Marseille,Evian Thonon Gaillard,1,0
2015-01-31,2014-15,Metz,Nice,0,0
2015-01-31,2014-15,Nantes,Lille,1,1
2015-01-31,2014-15,Toulouse,Reims,1,0
2015-02-01,2014-15,Bordeaux,Guingamp,1,1
2015-02-01,2014-15,Caen,St Etienne,1,0
2015-02-01,2014-15,Monaco,Lyon,0,0
2015-02-06,2014-15,St Etienne,Lens,3,3
2015-02-07,2014-15,Bastia,Metz,2,0
2015-02-07,2014-15,Caen,Toulouse,2,0
2015-02-07,2014-15,Evian Thonon Gaillard,Bordeaux,0,1
2015-02-07,2014-15,Montpellier,Lille,1,2
2015-02-07,2014-15,Reims,Lorient,1,3
2015-02-07,2014-15,Rennes,Marseille,1,1
2015-02-08,2014-15,Guingamp,Monaco,1,0
2015-02-08,2014-15,Lyon,Paris SG,1,1
2015-02-08,2014-15,Nice,Nantes,0,0
2015-02-13,2014-15,Marseille,Reims,2,2
2015-02-14,2014-15,Lens,Evian Thonon Gaillard,0,2
2015-02-14,2014-15,Lille,Nice,0,0
2015-02-14,2014-15,Nantes,Bastia,0,2
2015-02-14,2014-15,Paris SG,Caen,2,2
2015-02-14,2014-15,Toulouse,Rennes,2,1
2015-02-15,2014-15,Bordeaux,St Etienne,1,0
2015-02-15,2014-15,Lorient,Lyon,1,1
2015-02-15,2014-15,Metz,Guingamp,0,2
2015-02-20,2014-15,Nice,Monaco,0,1
2015-02-21,2014-15,Bastia,Lille,2,1
2015-02-21,2014-15,Caen,Lens,4,1
2015-02-21,2014-15,Paris SG,Toulouse,3,1
2015-02-21,2014-15,Rennes,Bordeaux,1,1
2015-02-22,2014-15,Guingamp,Montpellier,0,2
2015-02-22,2014-15,Lyon,Nantes,1,0
2015-02-22,2014-15,Reims,Metz,0,0
2015-02-22,2014-15,St Etienne,Marseille,2,2
2015-02-27,2014-15,Marseille,Caen,2,3
2015-02-28,2014-15,Bordeaux,Reims,1,1
2015-02-28,2014-15,Lens,Rennes,0,1
2015-02-28,2014-15,Lille,Lyon,2,1
2015-02-28,2014-15,Lorient,Bastia,2,0
2015-02-28,2014-15,Metz,Evian Thonon Gaillard,1,2
2015-02-28,2014-15,Toulouse,St Etienne,1,1
2015-03-01,2014-15,Monaco,Paris SG,0,0
2015-03-01,2014-15,Montpellier,Nice,2,1
2015-03-01,2014-15,Nantes,Guingamp,1,0
2015-03-04,2014-15,Evian Thonon Gaillard,Lorient,1,0
2015-03-06,2014-15,Toulouse,Marseille,1,6
2015-03-07,2014-15,Bastia,Nice,2,1
2015-03-07,2014-15,Caen,Bordeaux,1,2
2015-03-07,2014-15,Evian Thonon Gaillard,Monaco,1,3
2015-03-07,2014-15,Paris SG,Lens,4,1
2015-03-07,2014-15,Reims,Nantes,3,1
2015-03-07,2014-15,Rennes,Metz,1,0
2015-03-08,2014-15,Guingamp,Lille,0,1
2015-03-08,2014-15,Montpellier,Lyon,1,5
2015-03-08,2014-15,St Etienne,Lorient,2,0
2015-03-13,2014-15,Monaco,Bastia,3,0
2015-03-13,2014-15,Nice,Guingamp,1,2
2015-03-14,2014-15,Lens,Toulouse,1,0
2015-03-14,2014-15,Lorient,Caen,2,1
2015-03-14,2014-15,Metz,St Etienne,2,3
2015-03-14,2014-15,Montpellier,Reims,3,1
2015-03-14,2014-15,Nantes,Evian Thonon Gaillard,2,1
2015-03-15,2014-15,Bordeaux,Paris SG,3,2
2015-03-15,2014-15,Lille,Rennes,3,0
2015-03-15,2014-15,Marseille,Lyon,0,0
2015-03-20,2014-15,Paris SG,Lorient,3,1
2015-03-21,2014-15,Bastia,Guingamp,0,0
2015-03-21,2014-15,Caen,Metz,0,0
2015-03-21,2014-15,Evian Thonon Gaillard,Montpellier,1,0
2015-03-21,2014-15,Lyon,Nice,1,2
2015-03-21,2014-15,Rennes,Nantes,0,0
2015-03-21,2014-15,Toulouse,Bordeaux,2,1
2015-03-22,2014-15,Lens,Marseille,0,4
2015-03-22,2014-15,Reims,Monaco,1,3
2015-03-22,2014-15,St Etienne,Lille,2,0
2015-04-03,2014-15,Monaco,St Etienne,1,1
2015-04-04,2014-15,Guingamp,Lyon,1,3
2015-04-04,2014-15,Lille,Reims,3,1
2015-04-04,2014-15,Lorient,Rennes,0,3
2015-04-04,2014-15,Metz,Toulouse,3,2
2015-04-04,2014-15,Montpellier,Bastia,3,1
2015-04-04,2014-15,Nice,Evian Thonon Gaillard,2,2
2015-04-05,2014-15,Bordeaux,Lens,2,1
2015-04-05,2014-15,Marseille,Paris SG,2,3
2015-04-05,2014-15,Nantes,Caen,1,2
2015-04-07,2014-15,Monaco,Montpellier,0,0
2015-04-10,2014-15,Caen,Monaco,0,3
2015-04-12,2014-15,Bordeaux,Marseille,1,0
2015-04-12,2014-15,Evian Thonon Gaillard,Lille,0,1
2015-04-12,2014-15,Lens,Lorient,0,0
2015-04-12,2014-15,Reims,Nice,0,1
2015-04-12,2014-15,Rennes,Guingamp,1,0
2015-04-12,2014-15,St Etienne,Nantes,1,0
2015-04-12,2014-15,Toulouse,Montpellier,1,0
2015-04-15,2014-15,Lyon,Bastia,2,0
2015-04-17,2014-15,Nantes,Marseille,1,0
2015-04-18,2014-15,Bastia,Reims,1,2
2015-04-18,2014-15,Guingamp,Evian Thonon Gaillard,1,1
2015-04-18,2014-15,Lorient,Toulouse,0,1
2015-04-18,2014-15,Metz,Lens,3,1
2015-04-18,2014-15,Monaco,Rennes,1,1
2015-04-18,2014-15,Nice,Paris SG,1,3
2015-04-19,2014-15,Lille,Bordeaux,2,0
2015-04-19,2014-15,Lyon,St Etienne,2,2
2015-04-19,2014-15,Montpellier,Caen,1,0
2015-04-24,2014-15,Marseille,Lorient,3,5
2015-04-25,2014-15,Bordeaux,Metz,1,1
2015-04-25,2014-15,Caen,Guingamp,0,2
2015-04-25,2014-15,Evian Thonon Gaillard,Bastia,1,2
2015-04-25,2014-15,Paris SG,Lille,6,1
2015-04-25,2014-15,Rennes,Nice,2,1
2015-04-25,2014-15,Toulouse,Nantes,1,1
2015-04-26,2014-15,Lens,Monaco,0,3
2015-04-26,2014-15,Reims,Lyon,2,4
2015-04-26,2014-15,St Etienne,Montpellier,1,0
2015-04-28,2014-15,Paris SG,Metz,3,1
2015-05-01,2014-15,Metz,Marseille,0,2
2015-05-02,2014-15,Bastia,St Etienne,1,0
2015-05-02,2014-15,Guingamp,Reims,2,0
2015-05-02,2014-15,Lorient,Bordeaux,0,0
2015-05-02,2014-15,Lyon,Evian Thonon Gaillard,2,0
2015-05-02,2014-15,Montpellier,Rennes,0,0
2015-05-02,2014-15,Nice,Caen,1,1
2015-05-03,2014-15,Lille,Lens,3,1
2015-05-03,2014-15,Monaco,Toulouse,4,1
2015-05-03,2014-15,Nantes,Paris SG,0,2
2015-05-08,2014-15,Paris SG,Guingamp,6,0
2015-05-09,2014-15,Bordeaux,Nantes,2,1
2015-05-09,2014-15,Caen,Lyon,3,0
2015-05-09,2014-15,Evian Thonon Gaillard,Reims,2,3
2015-05-09,2014-15,Metz,Lorient,0,4
2015-05-09,2014-15,Rennes,Bastia,0,1
2015-05-09,2014-15,Toulouse,Lille,3,2
2015-05-10,2014-15,Lens,Montpellier,0,1
2015-05-10,2014-15,Marseille,Monaco,2,1
2015-05-10,2014-15,St Etienne,Nice,5,0
2015-05-16,2014-15,Bastia,Caen,1,1
2015-05-16,2014-15,Evian Thonon Gaillard,St Etienne,1,2
2015-05-16,2014-15,Guingamp,Toulouse,2,1
2015-05-16,2014-15,Lille,Marseille,0,4
2015-05-16,2014-15,Lyon,Bordeaux,1,1
2015-05-16,2014-15,Monaco,Metz,2,0
2015-05-16,2014-15,Montpellier,Paris SG,1,2
2015-05-16,2014-15,Nantes,Lorient,1,1
2015-05-16,2014-15,Nice,Lens,2,1
2015-05-16,2014-15,Reims,Rennes,1,0
2015-05-23,2014-15,Bordeaux,Montpellier,2,1
2015-05-23,2014-15,Caen,Evian Thonon Gaillard,3,2
2015-05-23,2014-15,Lens,Nantes,1,0
2015-05-23,2014-15,Lorient,Monaco,0,1
2015-05-23,2014-15,Marseille,Bastia,3,0
2015-05-23,2014-15,Metz,Lille,1,4
2015-05-23,2014-15,Paris SG,Reims,3,2
2015-05-23,2014-15,Rennes,Lyon,0,1
2015-05-23,2014-15,St Etienne,Guingamp,2,1
2015-05-23,2014-15,Toulouse,Nice,2,3
2015-08-07,2015-16,Lille,Paris SG,0,1
2015-08-08,2015-16,Bastia,Rennes,2,1
2015-08-08,2015-16,Marseille,Caen,0,1
2015-08-08,2015-16,Montpellier,Angers,0,2
2015-08-08,2015-16,Nantes,Guingamp,1,0
2015-08-08,2015-16,Nice,Monaco,1,2
2015-08-08,2015-16,Troyes,Ajaccio GFCO,0,0
2015-08-09,2015-16,Bordeaux,Reims,1,2
2015-08-09,2015-16,Lyon,Lorient,0,0
2015-08-09,2015-16,Toulouse,St Etienne,2,1
2015-08-14,2015-16,Monaco,Lille,0,0
2015-08-15,2015-16,Angers,Nantes,0,0
2015-08-15,2015-16,Caen,Toulouse,1,0
2015-08-15,2015-16,Guingamp,Lyon,0,1
2015-08-15,2015-16,Rennes,Montpellier,1,0
2015-08-15,2015-16,St Etienne,Bordeaux,1,1
2015-08-15,2015-16,Troyes,Nice,3,3
2015-08-16,2015-16,Lorient,Bastia,1,1
2015-08-16,2015-16,Paris SG,Ajaccio GFCO,2,0
2015-08-16,2015-16,Reims,Marseille,1,0
2015-08-21,2015-16,Montpellier,Paris SG,0,1
2015-08-22,2015-16,Ajaccio GFCO,Angers,0,2
2015-08-22,2015-16,Bastia,Guingamp,3,0
2015-08-22,2015-16,Lyon,Rennes,1,2
2015-08-22,2015-16,Nantes,Reims,1,0
2015-08-22,2015-16,Nice,Caen,2,1
2015-08-22,2015-16,Toulouse,Monaco,1,1
2015-08-23,2015-16,Lille,Bordeaux,0,0
2015-08-23,2015-16,Lorient,St Etienne,0,1
2015-08-23,2015-16,Marseille,Troyes,6,0
2015-08-28,2015-16,Guingamp,Marseille,2,0
2015-08-29,2015-16,Angers,Nice,1,1
2015-08-29,2015-16,Caen,Lyon,0,4
2015-08-29,2015-16,Lille,Ajaccio GFCO,1,0
2015-08-29,2015-16,Reims,Lorient,4,1
2015-08-29,2015-16,Rennes,Toulouse,3,1
2015-08-29,2015-16,Troyes,Montpellier,0,0
2015-08-30,2015-16,Bordeaux,Nantes,2,0
2015-08-30,2015-16,Monaco,Paris SG,0,3
2015-08-30,2015-16,St Etienne,Bastia,2,1
2015-09-11,2015-16,Paris SG,Bordeaux,2,2
2015-09-12,2015-16,Lorient,Angers,3,1
2015-09-12,2015-16,Lyon,Lille,0,0
2015-09-12,2015-16,Montpellier,St Etienne,1,2
2015-09-12,2015-16,Nice,Guingamp,0,1
2015-09-12,2015-16,Toulouse,Reims,2,2
2015-09-12,2015-16,Troyes,Caen,1,3
2015-09-13,2015-16,Ajaccio GFCO,Monaco,0,1
2015-09-13,2015-16,Marseille,Bastia,4,1
2015-09-13,2015-16,Nantes,Rennes,0,2
2015-09-18,2015-16,Rennes,Lille,1,1
2015-09-19,2015-16,Angers,Troyes,1,0
2015-09-19,2015-16,Bastia,Nice,1,3
2015-09-19,2015-16,Caen,Montpellier,2,1
2015-09-19,2015-16,Guingamp,Ajaccio GFCO,2,1
2015-09-19,2015-16,Reims,Paris SG,1,1
2015-09-20,2015-16,Bordeaux,Toulouse,1,1
2015-09-20,2015-16,Marseille,Lyon,1,1
2015-09-20,2015-16,Monaco,Lorient,2,3
2015-09-20,2015-16,St Etienne,Nantes,2,0
2015-09-22,2015-16,Angers,Reims,0,0
2015-09-22,2015-16,Paris SG,Guingamp,3,0
2015-09-23,2015-16,Ajaccio GFCO,Rennes,1,1
2015-09-23,2015-16,Lorient,Caen,2,0
2015-09-23,2015-16,Lyon,Bastia,2,0
2015-09-23,2015-16,Nice,Bordeaux,6,1
2015-09-23,2015-16,Toulouse,Marseille,1,1
2015-09-23,2015-16,Troyes,St Etienne,0,1
2015-09-24,2015-16,Montpellier,Monaco,2,3
2015-09-25,2015-16,Reims,Lille,1,0
2015-09-26,2015-16,Bastia,Toulouse,3,0
2015-09-26,2015-16,Bordeaux,Lyon,3,1
2015-09-26,2015-16,Caen,Ajaccio GFCO,2,0
2015-09-26,2015-16,Nantes,Paris SG,1,4
2015-09-26,2015-16,Rennes,Troyes,1,1
2015-09-27,2015-16,Guingamp,Monaco,3,3
2015-09-27,2015-16,Marseille,Angers,1,2
2015-09-27,2015-16,Montpellier,Lorient,2,1
2015-09-27,2015-16,St Etienne,Nice,1,4
2015-09-29,2015-16,Lille,Nantes,0,1
2015-10-02,2015-16,Lille,Montpellier,2,0
2015-10-03,2015-16,Ajaccio GFCO,Toulouse,2,2
2015-10-03,2015-16,Angers,Bastia,1,0
2015-10-03,2015-16,Lyon,Reims,1,0
2015-10-03,2015-16,Troyes,Guingamp,0,1
2015-10-04,2015-16,Caen,St Etienne,1,0
2015-10-04,2015-16,Lorient,Bordeaux,3,2
2015-10-04,2015-16,Monaco,Rennes,1,1
2015-10-04,2015-16,Paris SG,Marseille,2,1
2015-10-16,2015-16,Monaco,Lyon,1,1
2015-10-17,2015-16,Bastia,Paris SG,0,2
2015-10-17,2015-16,Guingamp,Lille,1,1
2015-10-17,2015-16,Nantes,Troyes,3,0
2015-10-17,2015-16,Reims,Caen,0,1
2015-10-17,2015-16,St Etienne,Ajaccio GFCO,2,0
2015-10-17,2015-16,Toulouse,Angers,1,2
2015-10-18,2015-16,Bordeaux,Montpellier,0,0
2015-10-18,2015-16,Marseille,Lorient,1,1
2015-10-18,2015-16,Rennes,Nice,1,4
2015-10-23,2015-16,Caen,Nantes,0,2
2015-10-23,2015-16,Lyon,Toulouse,3,0
2015-10-24,2015-16,Ajaccio GFCO,Nice,3,1
2015-10-24,2015-16,Angers,Guingamp,0,0
2015-10-24,2015-16,Lorient,Rennes,1,1
2015-10-24,2015-16,Montpellier,Bastia,2,0
2015-10-25,2015-16,Bordeaux,Troyes,1,0
2015-10-25,2015-16,Lille,Marseille,1,2
2015-10-25,2015-16,Paris SG,St Etienne,4,1
2015-10-25,2015-16,Reims,Monaco,0,1
2015-10-30,2015-16,Rennes,Paris SG,0,1
2015-10-31,2015-16,Ajaccio GFCO,Bordeaux,2,0
2015-10-31,2015-16,Bastia,Caen,1,0
2015-10-31,2015-16,Guingamp,Lorient,2,2
2015-10-31,2015-16,St Etienne,Reims,3,0
2015-10-31,2015-16,Toulouse,Montpellier,1,1
2015-10-31,2015-16,Troyes,Lyon,0,1
2015-11-01,2015-16,Monaco,Angers,1,0
2015-11-01,2015-16,Nantes,Marseille,0,1
2015-11-01,2015-16,Nice,Lille,0,0
2015-11-04,2015-16,Nice,Nantes,1,2
2015-11-06,2015-16,Angers,Rennes,0,2
2015-11-07,2015-16,Caen,Guingamp,2,1
2015-11-07,2015-16,Lille,Bastia,1,1
2015-11-07,2015-16,Lorient,Troyes,4,1
2015-11-07,2015-16,Montpellier,Nantes,2,1
2015-11-07,2015-16,Paris SG,Toulouse,5,0
2015-11-07,2015-16,Reims,Ajaccio GFCO,1,2
2015-11-08,2015-16,Bordeaux,Monaco,3,1
2015-11-08,2015-16,Lyon,St Etienne,3,0
2015-11-08,2015-16,Marseille,Nice,0,1
2015-11-20,2015-16,Nice,Lyon,3,0
2015-11-21,2015-16,Guingamp,Toulouse,2,0
2015-11-21,2015-16,Lorient,Paris SG,1,2
2015-11-21,2015-16,Monaco,Nantes,1,0
2015-11-21,2015-16,Montpellier,Reims,3,1
2015-11-21,2015-16,Troyes,Lille,1,1
2015-11-22,2015-16,Bastia,Ajaccio GFCO,1,2
2015-11-22,2015-16,Caen,Angers,0,0
2015-11-22,2015-16,Rennes,Bordeaux,2,2
2015-11-22,2015-16,St Etienne,Marseille,0,2
2015-11-27,2015-16,Lyon,Montpellier,2,4
2015-11-28,2015-16,Ajaccio GFCO,Lorient,1,1
2015-11-28,2015-16,Angers,Lille,2,0
2015-11-28,2015-16,Nantes,Bastia,0,0
2015-11-28,2015-16,Paris SG,Troyes,4,1
2015-11-28,2015-16,Reims,Rennes,2,2
2015-11-28,2015-16,Toulouse,Nice,2,0
2015-11-29,2015-16,Bordeaux,Caen,1,4
2015-11-29,2015-16,Marseille,Monaco,3,3
2015-11-29,2015-16,St Etienne,Guingamp,3,0
2015-12-01,2015-16,Angers,Paris SG,0,0
2015-12-01,2015-16,Lorient,Nice,0,0
2015-12-01,2015-16,Nantes,Lyon,0,0
2015-12-02,2015-16,Bastia,Bordeaux,1,0
2015-12-02,2015-16,Guingamp,Reims,1,2
2015-12-02,2015-16,Lille,St Etienne,1,0
2015-12-02,2015-16,Monaco,Caen,1,1
2015-12-02,2015-16,Montpellier,Ajaccio GFCO,0,2
2015-12-02,2015-16,Troyes,Toulouse,0,3
2015-12-03,2015-16,Rennes,Marseille,0,1
2015-12-04,2015-16,Nice,Paris SG,0,3
2015-12-05,2015-16,Ajaccio GFCO,Nantes,1,1
2015-12-05,2015-16,Bastia,Monaco,1,2
2015-12-05,2015-16,Caen,Lille,1,2
2015-12-05,2015-16,Lyon,Angers,0,2
2015-12-05,2015-16,Reims,Troyes,1,1
2015-12-05,2015-16,Toulouse,Lorient,2,3
2015-12-06,2015-16,Bordeaux,Guingamp,1,0
2015-12-06,2015-16,Marseille,Montpellier,2,2
2015-12-06,2015-16,St Etienne,Rennes,1,1
2015-12-11,2015-16,Rennes,Caen,1,1
2015-12-12,2015-16,Lille,Lorient,3,0
2015-12-12,2015-16,Montpellier,Guingamp,2,1
2015-12-12,2015-16,Nantes,Toulouse,1,1
2015-12-12,2015-16,Reims,Nice,1,1
2015-12-12,2015-16,Troyes,Bastia,1,1
2015-12-13,2015-16,Angers,Bordeaux,1,1
2015-12-13,2015-16,Marseille,Ajaccio GFCO,1,1
2015-12-13,2015-16,Monaco,St Etienne,1,0
2015-12-13,2015-16,Paris SG,Lyon,5,1
2015-12-18,2015-16,Nice,Montpellier,1,0
2015-12-19,2015-16,Bastia,Reims,2,0
2015-12-19,2015-16,Caen,Paris SG,0,3
2015-12-19,2015-16,Guingamp,Rennes,0,2
2015-12-19,2015-16,Lorient,Nantes,0,0
2015-12-19,2015-16,Toulouse,Lille,1,1
2015-12-19,2015-16,Troyes,Monaco,0,0
2015-12-20,2015-16,Ajaccio GFCO,Lyon,2,1
2015-12-20,2015-16,Bordeaux,Marseille,1,1
2015-12-20,2015-16,St Etienne,Angers,1,0
2016-01-08,2015-16,Paris SG,Bastia,2,0
2016-01-09,2015-16,Angers,Caen,2,0
2016-01-09,2015-16,Lyon,Troyes,4,1
2016-01-09,2015-16,Monaco,Ajaccio GFCO,2,2
2016-01-09,2015-16,Montpellier,Bordeaux,0,1
2016-01-09,2015-16,Reims,Toulouse,1,3
2016-01-09,2015-16,Rennes,Lorient,2,2
2016-01-10,2015-16,Lille,Nice,1,1
2016-01-10,2015-16,Marseille,Guingamp,0,0
2016-01-10,2015-16,Nantes,St Etienne,2,1
2016-01-15,2015-16,Nice,Angers,2,1
2016-01-16,2015-16,Ajaccio GFCO,Reims,2,2
2016-01-16,2015-16,Bastia,Montpellier,1,0
2016-01-16,2015-16,Bordeaux,Lille,1,0
2016-01-16,2015-16,Guingamp,Nantes,2,2
2016-01-16,2015-16,Toulouse,Paris SG,0,1
2016-01-16,2015-16,Troyes,Rennes,2,4
2016-01-17,2015-16,Caen,Marseille,1,3
2016-01-17,2015-16,Lorient,Monaco,0,2
2016-01-17,2015-16,St Etienne,Lyon,1,0
2016-01-22,2015-16,Rennes,Ajaccio GFCO,1,0
2016-01-23,2015-16,Guingamp,Bastia,1,0
2016-01-23,2015-16,Lille,Troyes,1,3
2016-01-23,2015-16,Montpellier,Caen,1,2
2016-01-23,2015-16,Nantes,Bordeaux,2,2
2016-01-23,2015-16,Nice,Lorient,2,1
2016-01-23,2015-16,Paris SG,Angers,5,1
2016-01-24,2015-16,Lyon,Marseille,1,1
2016-01-24,2015-16,Monaco,Toulouse,4,0
2016-01-24,2015-16,Reims,St Etienne,1,1
2016-01-29,2015-16,Marseille,Lille,1,1
2016-01-30,2015-16,Ajaccio GFCO,Montpellier,0,4
2016-01-30,2015-16,Angers,Monaco,3,0
2016-01-30,2015-16,Bastia,Lyon,1,0
2016-01-30,2015-16,Lorient,Reims,2,0
2016-01-30,2015-16,Toulouse,Guingamp,1,2
2016-01-30,2015-16,Troyes,Nantes,0,1
2016-01-31,2015-16,Bordeaux,Rennes,4,0
2016-01-31,2015-16,Caen,Nice,2,0
2016-01-31,2015-16,St Etienne,Paris SG,0,2
2016-02-02,2015-16,Monaco,Bastia,2,0
2016-02-02,2015-16,Montpellier,Marseille,0,1
2016-02-03,2015-16,Guingamp,Troyes,4,0
2016-02-03,2015-16,Lille,Caen,1,0
2016-02-03,2015-16,Lyon,Bordeaux,3,0
2016-02-03,2015-16,Nantes,Ajaccio GFCO,3,1
2016-02-03,2015-16,Nice,Toulouse,1,0
2016-02-03,2015-16,Paris SG,Lorient,3,1
2016-02-03,2015-16,Reims,Angers,2,1
2016-02-04,2015-16,Rennes,St Etienne,0,1
2016-02-06,2015-16,Ajaccio GFCO,Guingamp,0,0
2016-02-06,2015-16,Angers,Lyon,0,3
2016-02-06,2015-16,Bastia,Troyes,2,0
2016-02-06,2015-16,Caen,Reims,0,2
2016-02-06,2015-16,Lorient,Montpellier,1,1
2016-02-06,2015-16,Monaco,Nice,1,0
2016-02-06,2015-16,Toulouse,Nantes,0,0
2016-02-07,2015-16,Bordeaux,St Etienne,1,4
2016-02-07,2015-16,Lille,Rennes,1,1
2016-02-07,2015-16,Marseille,Paris SG,1,2
2016-02-12,2015-16,Rennes,Angers,1,0
2016-02-13,2015-16,Ajaccio GFCO,Troyes,2,3
2016-02-13,2015-16,Guingamp,Bordeaux,2,4
2016-02-13,2015-16,Montpellier,Toulouse,2,0
2016-02-13,2015-16,Nantes,Lorient,2,1
2016-02-13,2015-16,Paris SG,Lille,0,0
2016-02-13,2015-16,Reims,Bastia,0,1
2016-02-14,2015-16,Lyon,Caen,4,1
2016-02-14,2015-16,Nice,Marseille,1,1
2016-02-14,2015-16,St Etienne,Monaco,1,1
2016-02-19,2015-16,Bordeaux,Nice,0,0
2016-02-20,2015-16,Angers,Montpellier,2,3
2016-02-20,2015-16,Lorient,Guingamp,4,3
2016-02-20,2015-16,Monaco,Troyes,3,1
2016-02-20,2015-16,Paris SG,Reims,4,1
2016-02-20,2015-16,Toulouse,Ajaccio GFCO,1,1
2016-02-21,2015-16,Caen,Rennes,1,0
2016-02-21,2015-16,Lille,Lyon,1,0
2016-02-21,2015-16,Marseille,St Etienne,1,1
2016-02-26,2015-16,Nice,Bastia,0,2
2016-02-27,2015-16,Guingamp,Angers,2,2
2016-02-27,2015-16,Montpellier,Lille,3,0
2016-02-27,2015-16,Reims,Bordeaux,4,1
2016-02-27,2015-16,Toulouse,Rennes,1,2
2016-02-27,2015-16,Troyes,Lorient,0,1
2016-02-28,2015-16,Lyon,Paris SG,2,1
2016-02-28,2015-16,Nantes,Monaco,0,0
2016-02-28,2015-16,St Etienne,Caen,1,2
2016-03-04,2015-16,Caen,Monaco,2,2
2016-03-05,2015-16,Angers,St Etienne,0,0
2016-03-05,2015-16,Bastia,Lorient,0,0
2016-03-05,2015-16,Bordeaux,Ajaccio GFCO,1,1
2016-03-05,2015-16,Lille,Reims,2,0
2016-03-05,2015-16,Nice,Troyes,2,1
2016-03-05,2015-16,Paris SG,Montpellier,0,0
2016-03-06,2015-16,Lyon,Guingamp,5,1
2016-03-06,2015-16,Marseille,Toulouse,1,1
2016-03-06,2015-16,Rennes,Nantes,4,1
2016-03-09,2015-16,Ajaccio GFCO,Marseille,1,1
2016-03-09,2015-16,Bastia,Nantes,0,0
2016-03-11,2015-16,Monaco,Reims,2,2
2016-03-12,2015-16,Ajaccio GFCO,Caen,1,0
2016-03-12,2015-16,Bastia,Lille,1,2
2016-03-12,2015-16,Guingamp,St Etienne,2,0
2016-03-12,2015-16,Lorient,Marseille,1,1
2016-03-12,2015-16,Montpellier,Nice,0,2
2016-03-12,2015-16,Toulouse,Bordeaux,4,0
2016-03-13,2015-16,Nantes,Angers,2,0
2016-03-13,2015-16,Rennes,Lyon,2,2
2016-03-13,2015-16,Troyes,Paris SG,0,9
2016-03-18,2015-16,Marseille,Rennes,2,5
2016-03-19,2015-16,Angers,Lorient,5,1
2016-03-19,2015-16,Caen,Troyes,2,1
2016-03-19,2015-16,Lille,Toulouse,1,0
2016-03-19,2015-16,Lyon,Nantes,2,0
2016-03-19,2015-16,Reims,Guingamp,0,1
2016-03-19,2015-16,St Etienne,Montpellier,3,0
2016-03-20,2015-16,Bordeaux,Bastia,1,1
2016-03-20,2015-16,Nice,Ajaccio GFCO,3,0
2016-03-20,2015-16,Paris SG,Monaco,0,2
2016-04-01,2015-16,Monaco,Bordeaux,1,2
2016-04-02,2015-16,Ajaccio GFCO,St Etienne,0,2
2016-04-02,2015-16,Guingamp,Montpellier,2,2
2016-04-02,2015-16,Paris SG,Nice,4,1
2016-04-02,2015-16,Rennes,Reims,3,1
2016-04-02,2015-16,Toulouse,Caen,2,0
2016-04-02,2015-16,Troyes,Angers,0,1
2016-04-03,2015-16,Bastia,Marseille,2,1
2016-04-03,2015-16,Lorient,Lyon,1,3
2016-04-03,2015-16,Nantes,Lille,0,3
2016-04-08,2015-16,Montpellier,Lyon,0,2
2016-04-09,2015-16,Angers,Ajaccio GFCO,0,0
2016-04-09,2015-16,Caen,Lorient,1,2
2016-04-09,2015-16,Guingamp,Paris SG,0,2
2016-04-09,2015-16,Reims,Nantes,2,1
2016-04-09,2015-16,St Etienne,Troyes,1,0
2016-04-09,2015-16,Toulouse,Bastia,4,0
2016-04-10,2015-16,Lille,Monaco,4,1
2016-04-10,2015-16,Marseille,Bordeaux,0,0
2016-04-10,2015-16,Nice,Rennes,3,0
2016-04-15,2015-16,Lyon,Nice,1,1
2016-04-16,2015-16,Ajaccio GFCO,Lille,2,4
2016-04-16,2015-16,Bastia,St Etienne,0,1
2016-04-16,2015-16,Bordeaux,Angers,1,3
2016-04-16,2015-16,Lorient,Toulouse,1,1
2016-04-16,2015-16,Paris SG,Caen,6,0
2016-04-16,2015-16,Troyes,Reims,2,1
2016-04-17,2015-16,Monaco,Marseille,2,1
2016-04-17,2015-16,Nantes,Montpellier,0,2
2016-04-17,2015-16,Rennes,Guingamp,0,3
2016-04-22,2015-16,Nice,Reims,2,0
2016-04-23,2015-16,Toulouse,Lyon,2,3
2016-04-24,2015-16,Ajaccio GFCO,Bastia,3,2
2016-04-24,2015-16,Guingamp,Caen,1,1
2016-04-24,2015-16,Marseille,Nantes,1,1
2016-04-24,2015-16,Montpellier,Troyes,4,1
2016-04-24,2015-16,Rennes,Monaco,1,1
2016-04-24,2015-16,St Etienne,Lorient,2,0
2016-04-27,2015-16,Lille,Angers,0,0
2016-04-29,2015-16,Paris SG,Rennes,4,0
2016-04-30,2015-16,Caen,Bastia,0,0
2016-04-30,2015-16,Lorient,Lille,0,1
2016-04-30,2015-16,Lyon,Ajaccio GFCO,2,1
2016-04-30,2015-16,Monaco,Guingamp,3,2
2016-04-30,2015-16,Nantes,Nice,1,0
2016-04-30,2015-16,Reims,Montpellier,2,3
2016-04-30,2015-16,St Etienne,Toulouse,0,0
2016-04-30,2015-16,Troyes,Bordeaux,2,4
2016-05-01,2015-16,Angers,Marseille,0,1
2016-05-07,2015-16,Ajaccio GFCO,Paris SG,0,4
2016-05-07,2015-16,Bastia,Angers,1,0
2016-05-07,2015-16,Bordeaux,Lorient,3,0
2016-05-07,2015-16,Lille,Guingamp,0,0
2016-05-07,2015-16,Lyon,Monaco,6,1
2016-05-07,2015-16,Marseille,Reims,1,0
2016-05-07,2015-16,Montpellier,Rennes,2,0
2016-05-07,2015-16,Nantes,Caen,1,2
2016-05-07,2015-16,Nice,St Etienne,2,0
2016-05-07,2015-16,Toulouse,Troyes,1,0
2016-05-11,2015-16,Bordeaux,Paris SG,1,1
2016-05-14,2015-16,Angers,Toulouse,2,3
2016-05-14,2015-16,Caen,Bordeaux,1,0
2016-05-14,2015-16,Guingamp,Nice,2,3
2016-05-14,2015-16,Lorient,Ajaccio GFCO,1,0
2016-05-14,2015-16,Monaco,Montpellier,2,0
2016-05-14,2015-16,Paris SG,Nantes,4,0
2016-05-14,2015-16,Reims,Lyon,4,1
2016-05-14,2015-16,Rennes,Bastia,1,2
2016-05-14,2015-16,St Etienne,Lille,0,1
2016-05-14,2015-16,Troyes,Marseille,1,1
2016-08-12,2016-17,Bastia,Paris SG,0,1
2016-08-12,2016-17,Monaco,Guingamp,2,2
2016-08-13,2016-17,Bordeaux,St Etienne,3,2
2016-08-13,2016-17,Caen,Lorient,3,2
2016-08-13,2016-17,Dijon,Nantes,0,1
2016-08-13,2016-17,Metz,Lille,3,2
2016-08-13,2016-17,Montpellier,Angers,1,0
2016-08-14,2016-17,Marseille,Toulouse,0,0
2016-08-14,2016-17,Nancy,Lyon,0,3
2016-08-14,2016-17,Nice,Rennes,1,0
2016-08-19,2016-17,Lyon,Caen,2,0
2016-08-20,2016-17,Angers,Nice,0,1
2016-08-20,2016-17,Lille,Dijon,1,0
2016-08-20,2016-17,Lorient,Bastia,0,3
2016-08-20,2016-17,Nantes,Monaco,0,1
2016-08-20,2016-17,Rennes,Nancy,2,0
2016-08-20,2016-17,Toulouse,Bordeaux,4,1
2016-08-21,2016-17,Guingamp,Marseille,2,1
2016-08-21,2016-17,Paris SG,Metz,3,0
2016-08-21,2016-17,St Etienne,Montpellier,3,1
2016-08-26,2016-17,Marseille,Lorient,2,0
2016-08-27,2016-17,Caen,Bastia,2,0
2016-08-27,2016-17,Dijon,Lyon,4,2
2016-08-27,2016-17,Metz,Angers,2,0
2016-08-27,2016-17,Montpellier,Rennes,1,1
2016-08-27,2016-17,Nancy,Guingamp,0,2
2016-08-27,2016-17,Nice,Lille,1,1
2016-08-28,2016-17,Bordeaux,Nantes,1,0
2016-08-28,2016-17,Monaco,Paris SG,3,1
2016-08-28,2016-17,St Etienne,Toulouse,0,0
2016-09-09,2016-17,Paris SG,St Etienne,1,1
2016-09-10,2016-17,Angers,Dijon,3,1
2016-09-10,2016-17,Bastia,Toulouse,2,1
2016-09-10,2016-17,Guingamp,Montpellier,1,1
2016-09-10,2016-17,Lille,Monaco,1,4
2016-09-10,2016-17,Lorient,Nancy,0,2
2016-09-10,2016-17,Lyon,Bordeaux,1,3
2016-09-11,2016-17,Nantes,Metz,0,3
2016-09-11,2016-17,Nice,Marseille,3,2
2016-09-11,2016-17,Rennes,Caen,2,0
2016-09-16,2016-17,Caen,Paris SG,0,6
2016-09-17,2016-17,Bordeaux,Angers,0,1
2016-09-17,2016-17,Dijon,Metz,0,0
2016-09-17,2016-17,Lorient,Lille,1,0
2016-09-17,2016-17,Monaco,Rennes,3,0
2016-09-17,2016-17,Nancy,Nantes,1,1
2016-09-17,2016-17,Toulouse,Guingamp,2,1
2016-09-18,2016-17,Marseille,Lyon,0,0
2016-09-18,2016-17,Montpellier,Nice,1,1
2016-09-18,2016-17,St Etienne,Bastia,1,0
2016-09-20,2016-17,Lille,Toulouse,1,2
2016-09-20,2016-17,Paris SG,Dijon,3,0
2016-09-21,2016-17,Angers,Caen,2,1
2016-09-21,2016-17,Bastia,Nancy,0,0
2016-09-21,2016-17,Guingamp,Lorient,1,0
2016-09-21,2016-17,Lyon,Montpellier,5,1
2016-09-21,2016-17,Metz,Bordeaux,0,3
2016-09-21,2016-17,Nantes,St Etienne,0,0
2016-09-21,2016-17,Nice,Monaco,4,0
2016-09-21,2016-17,Rennes,Marseille,3,2
2016-09-23,2016-17,Toulouse,Paris SG,2,0
2016-09-24,2016-17,Bastia,Guingamp,1,0
2016-09-24,2016-17,Bordeaux,Caen,0,0
2016-09-24,2016-17,Dijon,Rennes,3,0
2016-09-24,2016-17,Lorient,Lyon,1,0
2016-09-24,2016-17,Monaco,Angers,2,1
2016-09-24,2016-17,Montpellier,Metz,0,1
2016-09-25,2016-17,Marseille,Nantes,2,1
2016-09-25,2016-17,Nancy,Nice,0,1
2016-09-25,2016-17,St Etienne,Lille,3,1
2016-09-30,2016-17,Rennes,Guingamp,1,0
2016-10-01,2016-17,Caen,Toulouse,1,0
2016-10-01,2016-17,Dijon,Montpellier,3,3
2016-10-01,2016-17,Lille,Nancy,1,0
2016-10-01,2016-17,Metz,Monaco,0,7
2016-10-01,2016-17,Nantes,Bastia,1,0
2016-10-01,2016-17,Paris SG,Bordeaux,2,0
2016-10-02,2016-17,Angers,Marseille,1,1
2016-10-02,2016-17,Lyon,St Etienne,2,0
2016-10-02,2016-17,Nice,Lorient,2,1
2016-10-14,2016-17,Nice,Lyon,2,0
2016-10-14,2016-17,Toulouse,Monaco,3,1
2016-10-15,2016-17,Bastia,Angers,1,2
2016-10-15,2016-17,Guingamp,Lille,1,0
2016-10-15,2016-17,Lorient,Nantes,1,2
2016-10-15,2016-17,Montpellier,Caen,3,2
2016-10-15,2016-17,Nancy,Paris SG,1,2
2016-10-16,2016-17,Marseille,Metz,1,0
2016-10-16,2016-17,Rennes,Bordeaux,1,1
2016-10-16,2016-17,St Etienne,Dijon,1,1
2016-10-21,2016-17,Monaco,Montpellier,6,2
2016-10-22,2016-17,Angers,Toulouse,0,0
2016-10-22,2016-17,Bordeaux,Nancy,1,1
2016-10-22,2016-17,Dijon,Lorient,1,0
2016-10-22,2016-17,Lille,Bastia,2,1
2016-10-22,2016-17,Lyon,Guingamp,1,3
2016-10-22,2016-17,Nantes,Rennes,1,2
2016-10-23,2016-17,Caen,St Etienne,0,2
2016-10-23,2016-17,Metz,Nice,2,4
2016-10-23,2016-17,Paris SG,Marseille,0,0
2016-10-28,2016-17,Lille,Paris SG,0,1
2016-10-29,2016-17,Bastia,Dijon,0,0
2016-10-29,2016-17,Guingamp,Angers,1,0
2016-10-29,2016-17,Lorient,Montpellier,2,2
2016-10-29,2016-17,Nancy,Caen,2,0
2016-10-29,2016-17,St Etienne,Monaco,1,1
2016-10-29,2016-17,Toulouse,Lyon,1,2
2016-10-30,2016-17,Marseille,Bordeaux,0,0
2016-10-30,2016-17,Nice,Nantes,4,1
2016-10-30,2016-17,Rennes,Metz,1,0
2016-11-04,2016-17,Montpellier,Marseille,3,1
2016-11-05,2016-17,Angers,Lille,1,0
2016-11-05,2016-17,Bordeaux,Lorient,2,1
2016-11-05,2016-17,Dijon,Guingamp,3,3
2016-11-05,2016-17,Lyon,Bastia,2,1
2016-11-05,2016-17,Monaco,Nancy,6,0
2016-11-05,2016-17,Nantes,Toulouse,1,1
2016-11-06,2016-17,Caen,Nice,1,0
2016-11-06,2016-17,Metz,St Etienne,0,0
2016-11-06,2016-17,Paris SG,Rennes,4,0
2016-11-18,2016-17,Lille,Lyon,0,1
2016-11-18,2016-17,Lorient,Monaco,0,3
2016-11-19,2016-17,Bastia,Montpellier,1,1
2016-11-19,2016-17,Nancy,Dijon,1,0
2016-11-19,2016-17,Paris SG,Nantes,2,0
2016-11-19,2016-17,Rennes,Angers,1,1
2016-11-19,2016-17,Toulouse,Metz,1,2
2016-11-20,2016-17,Guingamp,Bordeaux,1,1
2016-11-20,2016-17,Marseille,Caen,1,0
2016-11-20,2016-17,St Etienne,Nice,0,1
2016-11-25,2016-17,Rennes,Toulouse,1,0
2016-11-26,2016-17,Bordeaux,Dijon,3,2
2016-11-26,2016-17,Caen,Guingamp,1,1
2016-11-26,2016-17,Metz,Lorient,3,3
2016-11-26,2016-17,Monaco,Marseille,4,0
2016-11-26,2016-17,Montpellier,Nancy,0,0
2016-11-26,2016-17,Nantes,Lille,0,0
2016-11-27,2016-17,Angers,St Etienne,1,2
2016-11-27,2016-17,Lyon,Paris SG,1,2
2016-11-27,2016-17,Nice,Bastia,1,1
2016-11-29,2016-17,Dijon,Monaco,1,1
2016-11-29,2016-17,Lille,Caen,4,2
2016-11-29,2016-17,Lorient,Rennes,2,1
2016-11-30,2016-17,Bastia,Bordeaux,1,1
2016-11-30,2016-17,Guingamp,Nice,0,1
2016-11-30,2016-17,Nancy,Metz,4,0
2016-11-30,2016-17,Nantes,Lyon,0,6
2016-11-30,2016-17,Paris SG,Angers,2,0
2016-11-30,2016-17,St Etienne,Marseille,0,0
2016-11-30,2016-17,Toulouse,Montpellier,1,0
2016-12-02,2016-17,Caen,Dijon,3,3
2016-12-03,2016-17,Angers,Lorient,2,2
2016-12-03,2016-17,Bordeaux,Lille,0,1
2016-12-03,2016-17,Guingamp,Nantes,2,0
2016-12-03,2016-17,Monaco,Bastia,5,0
2016-12-03,2016-17,Montpellier,Paris SG,3,0
2016-12-04,2016-17,Marseille,Nancy,3,0
2016-12-04,2016-17,Nice,Toulouse,3,0
2016-12-04,2016-17,Rennes,St Etienne,2,0
2016-12-10,2016-17,Bastia,Metz,2,0
2016-12-10,2016-17,Bordeaux,Monaco,0,4
2016-12-10,2016-17,Dijon,Marseille,1,2
2016-12-10,2016-17,Lille,Montpellier,2,1
2016-12-10,2016-17,Nancy,Angers,2,0
2016-12-10,2016-17,Toulouse,Lorient,3,2
2016-12-11,2016-17,Lyon,Rennes,1,0
2016-12-11,2016-17,Paris SG,Nice,2,2
2016-12-11,2016-17,St Etienne,Guingamp,1,0
2016-12-16,2016-17,Angers,Nantes,0,2
2016-12-17,2016-17,Guingamp,Paris SG,2,1
2016-12-17,2016-17,Lorient,St Etienne,2,1
2016-12-17,2016-17,Montpellier,Bordeaux,4,0
2016-12-17,2016-17,Rennes,Bastia,1,2
2016-12-17,2016-17,Toulouse,Nancy,1,1
2016-12-18,2016-17,Caen,Metz,3,0
2016-12-18,2016-17,Marseille,Lille,2,0
2016-12-18,2016-17,Monaco,Lyon,1,3
2016-12-18,2016-17,Nice,Dijon,2,1
2016-12-21,2016-17,Bastia,Marseille,1,2
2016-12-21,2016-17,Bordeaux,Nice,0,0
2016-12-21,2016-17,Dijon,Toulouse,2,0
2016-12-21,2016-17,Lille,Rennes,1,1
2016-12-21,2016-17,Lyon,Angers,2,0
2016-12-21,2016-17,Metz,Guingamp,2,2
2016-12-21,2016-17,Monaco,Caen,2,1
2016-12-21,2016-17,Nantes,Montpellier,1,0
2016-12-21,2016-17,Paris SG,Lorient,5,0
2016-12-21,2016-17,St Etienne,Nancy,0,0
2017-01-13,2016-17,Lille,St Etienne,1,1
2017-01-14,2016-17,Angers,Bordeaux,1,1
2017-01-14,2016-17,Lorient,Guingamp,3,1
2017-01-14,2016-17,Montpellier,Dijon,1,1
2017-01-14,2016-17,Nancy,Bastia,1,0
2017-01-14,2016-17,Rennes,Paris SG,0,1
2017-01-14,2016-17,Toulouse,Nantes,0,1
2017-01-15,2016-17,Caen,Lyon,3,2
2017-01-15,2016-17,Marseille,Monaco,1,4
2017-01-15,2016-17,Nice,Metz,0,0
2017-01-18,2016-17,Nantes,Caen,1,0
2017-01-20,2016-17,Bastia,Nice,1,1
2017-01-21,2016-17,Bordeaux,Toulouse,1,0
2017-01-21,2016-17,Dijon,Lille,0,0
2017-01-21,2016-17,Guingamp,Rennes,1,1
2017-01-21,2016-17,Metz,Montpellier,2,0
2017-01-21,2016-17,Nantes,Paris SG,0,2
2017-01-22,2016-17,Lyon,Marseille,3,1
2017-01-22,2016-17,Monaco,Lorient,4,0
2017-01-22,2016-17,St Etienne,Angers,2,1
2017-01-27,2016-17,Marseille,Montpellier,5,1
2017-01-28,2016-17,Angers,Metz,2,1
2017-01-28,2016-17,Bastia,Caen,1,1
2017-01-28,2016-17,Lorient,Dijon,2,3
2017-01-28,2016-17,Lyon,Lille,1,2
2017-01-28,2016-17,Nancy,Bordeaux,0,2
2017-01-28,2016-17,Rennes,Nantes,1,1
2017-01-29,2016-17,Nice,Guingamp,3,1
2017-01-29,2016-17,Paris SG,Monaco,1,1
2017-01-29,2016-17,Toulouse,St Etienne,0,3
2017-02-03,2016-17,Metz,Marseille,1,0
2017-02-04,2016-17,Bordeaux,Rennes,1,1
2017-02-04,2016-17,Dijon,Paris SG,1,3
2017-02-04,2016-17,Guingamp,Caen,0,1
2017-02-04,2016-17,Lille,Lorient,0,1
2017-02-04,2016-17,Monaco,Nice,3,0
2017-02-04,2016-17,Montpellier,Bastia,2,1
2017-02-05,2016-17,Nantes,Nancy,0,2
2017-02-05,2016-17,St Etienne,Lyon,2,0
2017-02-05,2016-17,Toulouse,Angers,4,0
2017-02-07,2016-17,Caen,Bordeaux,0,4
2017-02-07,2016-17,Montpellier,Monaco,1,2
2017-02-07,2016-17,Paris SG,Lille,2,1
2017-02-08,2016-17,Angers,Rennes,0,0
2017-02-08,2016-17,Lorient,Toulouse,1,1
2017-02-08,2016-17,Lyon,Nancy,4,0
2017-02-08,2016-17,Marseille,Guingamp,2,0
2017-02-08,2016-17,Metz,Dijon,2,1
2017-02-08,2016-17,Nice,St Etienne,1,0
2017-02-10,2016-17,Bordeaux,Paris SG,0,3
2017-02-11,2016-17,Dijon,Caen,2,0
2017-02-11,2016-17,Guingamp,Lyon,2,1
2017-02-11,2016-17,Lille,Angers,1,2
2017-02-11,2016-17,Monaco,Metz,5,0
2017-02-11,2016-17,Nancy,Montpellier,0,3
2017-02-11,2016-17,Toulouse,Bastia,4,1
2017-02-12,2016-17,Nantes,Marseille,3,2
2017-02-12,2016-17,Rennes,Nice,2,2
2017-02-12,2016-17,St Etienne,Lorient,4,0
2017-02-17,2016-17,Bastia,Monaco,1,1
2017-02-18,2016-17,Angers,Nancy,1,0
2017-02-18,2016-17,Caen,Lille,0,1
2017-02-18,2016-17,Lorient,Nice,0,1
2017-02-18,2016-17,Marseille,Rennes,2,0
2017-02-18,2016-17,Metz,Nantes,1,1
2017-02-19,2016-17,Bordeaux,Guingamp,3,0
2017-02-19,2016-17,Lyon,Dijon,4,2
2017-02-19,2016-17,Montpellier,St Etienne,2,1
2017-02-19,2016-17,Paris SG,Toulouse,0,0
2017-02-21,2016-17,Caen,Nancy,1,0
2017-02-24,2016-17,Nantes,Dijon,3,1
2017-02-24,2016-17,Nice,Montpellier,2,1
2017-02-25,2016-17,Angers,Bastia,3,0
2017-02-25,2016-17,Guingamp,Monaco,1,2
2017-02-25,2016-17,Lille,Bordeaux,2,3
2017-02-25,2016-17,Nancy,Toulouse,0,0
2017-02-25,2016-17,Rennes,Lorient,1,0
2017-02-26,2016-17,Lyon,Metz,5,0
2017-02-26,2016-17,Marseille,Paris SG,1,5
2017-02-26,2016-17,St Etienne,Caen,0,1
2017-03-01,2016-17,Bastia,Nantes,2,2
2017-03-03,2016-17,Bordeaux,Lyon,1,1
2017-03-04,2016-17,Bastia,St Etienne,0,0
2017-03-04,2016-17,Caen,Angers,2,3
2017-03-04,2016-17,Dijon,Nice,0,1
2017-03-04,2016-17,Metz,Rennes,1,1
2017-03-04,2016-17,Montpellier,Guingamp,1,1
2017-03-04,2016-17,Paris SG,Nancy,1,0
2017-03-05,2016-17,Lorient,Marseille,1,4
2017-03-05,2016-17,Monaco,Nantes,4,0
2017-03-05,2016-17,Toulouse,Lille,1,1
2017-03-10,2016-17,Marseille,Angers,3,0
2017-03-10,2016-17,Nice,Caen,2,2
2017-03-11,2016-17,Guingamp,Bastia,5,0
2017-03-11,2016-17,Monaco,Bordeaux,2,1
2017-03-11,2016-17,Montpellier,Nantes,2,3
2017-03-11,2016-17,Nancy,Lille,1,2
2017-03-11,2016-17,Rennes,Dijon,1,1
2017-03-12,2016-17,Lorient,Paris SG,1,2
2017-03-12,2016-17,Lyon,Toulouse,4,0
2017-03-12,2016-17,St Etienne,Metz,2,2
2017-03-17,2016-17,Lille,Marseille,0,0
2017-03-17,2016-17,Metz,Bastia,1,0
2017-03-18,2016-17,Angers,Guingamp,3,0
2017-03-18,2016-17,Bordeaux,Montpellier,5,1
2017-03-18,2016-17,Nancy,Lorient,2,3
2017-03-18,2016-17,Nantes,Nice,1,1
2017-03-18,2016-17,Toulouse,Rennes,0,0
2017-03-19,2016-17,Caen,Monaco,0,3
2017-03-19,2016-17,Dijon,St Etienne,0,1
2017-03-19,2016-17,Paris SG,Lyon,2,1
2017-03-31,2016-17,Guingamp,Nancy,1,0
2017-04-01,2016-17,Bastia,Lille,0,1
2017-04-01,2016-17,Marseille,Dijon,1,1
2017-04-02,2016-17,Lorient,Caen,1,0
2017-04-02,2016-17,Montpellier,Toulouse,0,1
2017-04-02,2016-17,Nantes,Angers,2,1
2017-04-02,2016-17,Nice,Bordeaux,2,1
2017-04-02,2016-17,Rennes,Lyon,1,1
2017-04-05,2016-17,Metz,Lyon,0,3
2017-04-07,2016-17,Lille,Nice,1,2
2017-04-08,2016-17,Angers,Monaco,0,1
2017-04-08,2016-17,Bordeaux,Metz,3,0
2017-04-08,2016-17,Caen,Montpellier,0,2
2017-04-08,2016-17,Dijon,Bastia,1,2
2017-04-08,2016-17,Lyon,Lorient,1,4
2017-04-08,2016-17,Nancy,Rennes,3,0
2017-04-09,2016-17,Paris SG,Guingamp,4,0
2017-04-09,2016-17,St Etienne,Nantes,1,1
2017-04-09,2016-17,Toulouse,Marseille,0,0
2017-04-14,2016-17,Angers,Paris SG,0,2
2017-04-15,2016-17,Guingamp,Toulouse,2,1
2017-04-15,2016-17,Metz,Caen,2,2
2017-04-15,2016-17,Monaco,Dijon,2,1
2017-04-15,2016-17,Montpellier,Lorient,2,0
2017-04-15,2016-17,Nice,Nancy,3,1
2017-04-15,2016-17,Rennes,Lille,2,0
2017-04-16,2016-17,Bastia,Lyon,0,3
2017-04-16,2016-17,Marseille,St Etienne,4,0
2017-04-16,2016-17,Nantes,Bordeaux,0,1
2017-04-18,2016-17,Metz,Paris SG,2,3
2017-04-21,2016-17,Nancy,Marseille,0,0
2017-04-22,2016-17,Bordeaux,Bastia,2,0
2017-04-22,2016-17,Caen,Nantes,0,2
2017-04-22,2016-17,Dijon,Angers,3,2
2017-04-22,2016-17,Lille,Guingamp,3,0
2017-04-22,2016-17,Lorient,Metz,5,1
2017-04-22,2016-17,Paris SG,Montpellier,2,0
2017-04-23,2016-17,Lyon,Monaco,1,2
2017-04-23,2016-17,St Etienne,Rennes,1,1
2017-04-23,2016-17,Toulouse,Nice,1,1
2017-04-28,2016-17,Angers,Lyon,1,2
2017-04-29,2016-17,Bastia,Rennes,1,0
2017-04-29,2016-17,Guingamp,St Etienne,0,2
2017-04-29,2016-17,Metz,Nancy,2,1
2017-04-29,2016-17,Monaco,Toulouse,3,1
2017-04-29,2016-17,Montpellier,Lille,0,3
2017-04-29,2016-17,Nantes,Lorient,1,0
2017-04-30,2016-17,Caen,Marseille,1,5
2017-04-30,2016-17,Dijon,Bordeaux,0,0
2017-04-30,2016-17,Nice,Paris SG,3,1
2017-05-05,2016-17,St Etienne,Bordeaux,2,2
2017-05-06,2016-17,Guingamp,Dijon,4,0
2017-05-06,2016-17,Lille,Metz,0,2
2017-05-06,2016-17,Lorient,Angers,1,1
2017-05-06,2016-17,Nancy,Monaco,0,3
2017-05-06,2016-17,Paris SG,Bastia,5,0
2017-05-06,2016-17,Toulouse,Caen,0,1
2017-05-07,2016-17,Lyon,Nantes,3,2
2017-05-07,2016-17,Marseille,Nice,2,1
2017-05-07,2016-17,Rennes,Montpellier,1,0
2017-05-14,2016-17,Bastia,Lorient,2,0
2017-05-14,2016-17,Bordeaux,Marseille,1,1
2017-05-14,2016-17,Caen,Rennes,0,1
2017-05-14,2016-17,Dijon,Nancy,2,0
2017-05-14,2016-17,Metz,Toulouse,1,1
2017-05-14,2016-17,Monaco,Lille,4,0
2017-05-14,2016-17,Montpellier,Lyon,1,3
2017-05-14,2016-17,Nantes,Guingamp,4,1
2017-05-14,2016-17,Nice,Angers,0,2
2017-05-14,2016-17,St Etienne,Paris SG,0,5
2017-05-17,2016-17,Monaco,St Etienne,2,0
2017-05-20,2016-17,Angers,Montpellier,2,0
2017-05-20,2016-17,Guingamp,Metz,1,0
2017-05-20,2016-17,Lille,Nantes,3,0
2017-05-20,2016-17,Lorient,Bordeaux,1,1
2017-05-20,2016-17,Lyon,Nice,3,3
2017-05-20,2016-17,Marseille,Bastia,1,0
2017-05-20,2016-17,Nancy,St Etienne,3,1
2017-05-20,2016-17,Paris SG,Caen,1,1
2017-05-20,2016-17,Rennes,Monaco,2,3
2017-05-20,2016-17,Toulouse,Dijon,0,0
2017-08-04,2017-18,Monaco,Toulouse,3,2
2017-08-05,2017-18,Lyon,Strasbourg,4,0
2017-08-05,2017-18,Metz,Guingamp,1,3
2017-08-05,2017-18,Montpellier,Caen,1,0
2017-08-05,2017-18,Paris SG,Amiens,2,0
2017-08-05,2017-18,St Etienne,Nice,1,0
2017-08-05,2017-18,Troyes,Rennes,1,1
2017-08-06,2017-18,Angers,Bordeaux,2,2
2017-08-06,2017-18,Lille,Nantes,3,0
2017-08-06,2017-18,Marseille,Dijon,3,0
2017-08-11,2017-18,Nice,Troyes,1,2
2017-08-11,2017-18,Rennes,Lyon,1,2
2017-08-12,2017-18,Amiens,Angers,0,2
2017-08-12,2017-18,Bordeaux,Metz,2,0
2017-08-12,2017-18,Caen,St Etienne,0,1
2017-08-12,2017-18,Nantes,Marseille,0,1
2017-08-12,2017-18,Toulouse,Montpellier,1,0
2017-08-13,2017-18,Dijon,Monaco,1,4
2017-08-13,2017-18,Guingamp,Paris SG,0,3
2017-08-13,2017-18,Strasbourg,Lille,3,0
2017-08-18,2017-18,Metz,Monaco,0,1
2017-08-19,2017-18,Lyon,Bordeaux,3,3
2017-08-19,2017-18,Montpellier,Strasbourg,1,1
2017-08-19,2017-18,Nice,Guingamp,2,0
2017-08-19,2017-18,Rennes,Dijon,2,2
2017-08-19,2017-18,St Etienne,Amiens,3,0
2017-08-19,2017-18,Troyes,Nantes,0,1
2017-08-20,2017-18,Lille,Caen,0,2
2017-08-20,2017-18,Marseille,Angers,1,1
2017-08-20,2017-18,Paris SG,Toulouse,6,2
2017-08-25,2017-18,Paris SG,St Etienne,3,0
2017-08-26,2017-18,Amiens,Nice,3,0
2017-08-26,2017-18,Bordeaux,Troyes,2,1
2017-08-26,2017-18,Caen,Metz,1,0
2017-08-26,2017-18,Dijon,Montpellier,2,1
2017-08-26,2017-18,Nantes,Lyon,0,0
2017-08-26,2017-18,Toulouse,Rennes,3,2
2017-08-27,2017-18,Angers,Lille,1,1
2017-08-27,2017-18,Guingamp,Strasbourg,2,0
2017-08-27,2017-18,Monaco,Marseille,6,1
2017-09-08,2017-18,Lille,Bordeaux,0,0
2017-09-08,2017-18,Metz,Paris SG,1,5
2017-09-09,2017-18,Caen,Dijon,2,1
2017-09-09,2017-18,Montpellier,Nantes,0,1
2017-09-09,2017-18,Nice,Monaco,4,0
2017-09-09,2017-18,Strasbourg,Amiens,0,1
2017-09-09,2017-18,Troyes,Toulouse,0,0
2017-09-10,2017-18,Lyon,Guingamp,2,1
2017-09-10,2017-18,Marseille,Rennes,1,3
2017-09-10,2017-18,St Etienne,Angers,1,1
2017-09-15,2017-18,Toulouse,Bordeaux,0,1
2017-09-16,2017-18,Dijon,St Etienne,0,1
2017-09-16,2017-18,Guingamp,Lille,1,0
2017-09-16,2017-18,Monaco,Strasbourg,3,0
2017-09-16,2017-18,Nantes,Caen,1,0
2017-09-16,2017-18,Troyes,Montpellier,0,1
2017-09-17,2017-18,Amiens,Marseille,0,2
2017-09-17,2017-18,Angers,Metz,0,1
2017-09-17,2017-18,Paris SG,Lyon,2,0
2017-09-17,2017-18,Rennes,Nice,0,1
2017-09-22,2017-18,Lille,Monaco,0,4
2017-09-22,2017-18,Nice,Angers,2,2
2017-09-23,2017-18,Bordeaux,Guingamp,3,1
2017-09-23,2017-18,Caen,Amiens,1,0
2017-09-23,2017-18,Lyon,Dijon,3,3
2017-09-23,2017-18,Metz,Troyes,0,1
2017-09-23,2017-18,Montpellier,Paris SG,0,0
2017-09-24,2017-18,Marseille,Toulouse,2,0
2017-09-24,2017-18,St Etienne,Rennes,2,2
2017-09-24,2017-18,Strasbourg,Nantes,1,2
2017-09-29,2017-18,Monaco,Montpellier,1,1
2017-09-30,2017-18,Dijon,Strasbourg,1,1
2017-09-30,2017-18,Guingamp,Toulouse,1,1
2017-09-30,2017-18,Nantes,Metz,1,0
2017-09-30,2017-18,Paris SG,Bordeaux,6,2
2017-09-30,2017-18,Rennes,Caen,0,1
2017-10-01,2017-18,Angers,Lyon,3,3
2017-10-01,2017-18,Nice,Marseille,2,4
2017-10-01,2017-18,Troyes,St Etienne,2,1
2017-10-13,2017-18,Lyon,Monaco,3,2
2017-10-14,2017-18,Caen,Angers,0,2
2017-10-14,2017-18,Dijon,Paris SG,1,2
2017-10-14,2017-18,Guingamp,Rennes,2,0
2017-10-14,2017-18,Lille,Troyes,2,2
2017-10-14,2017-18,St Etienne,Metz,3,1
2017-10-14,2017-18,Toulouse,Amiens,1,0
2017-10-15,2017-18,Bordeaux,Nantes,1,1
2017-10-15,2017-18,Montpellier,Nice,2,0
2017-10-15,2017-18,Strasbourg,Marseille,3,3
2017-10-20,2017-18,St Etienne,Montpellier,0,1
2017-10-21,2017-18,Amiens,Bordeaux,1,0
2017-10-21,2017-18,Angers,Toulouse,0,1
2017-10-21,2017-18,Metz,Dijon,1,2
2017-10-21,2017-18,Monaco,Caen,2,0
2017-10-21,2017-18,Nantes,Guingamp,2,1
2017-10-21,2017-18,Rennes,Lille,1,0
2017-10-22,2017-18,Marseille,Paris SG,2,2
2017-10-22,2017-18,Nice,Strasbourg,1,2
2017-10-22,2017-18,Troyes,Lyon,0,5
2017-10-27,2017-18,Paris SG,Nice,3,0
2017-10-28,2017-18,Bordeaux,Monaco,0,2
2017-10-28,2017-18,Caen,Troyes,1,0
2017-10-28,2017-18,Dijon,Nantes,1,0
2017-10-28,2017-18,Guingamp,Amiens,1,1
2017-10-28,2017-18,Montpellier,Rennes,0,1
2017-10-28,2017-18,Strasbourg,Angers,2,2
2017-10-29,2017-18,Lille,Marseille,0,1
2017-10-29,2017-18,Lyon,Metz,2,0
2017-10-29,2017-18,Toulouse,St Etienne,0,0
2017-11-03,2017-18,Rennes,Bordeaux,1,0
2017-11-04,2017-18,Angers,Paris SG,0,5
2017-11-04,2017-18,Monaco,Guingamp,6,0
2017-11-04,2017-18,Montpellier,Amiens,1,1
2017-11-04,2017-18,Nantes,Toulouse,2,1
2017-11-04,2017-18,Troyes,Strasbourg,3,0
2017-11-05,2017-18,Marseille,Caen,5,0
2017-11-05,2017-18,Metz,Lille,0,3
2017-11-05,2017-18,Nice,Dijon,1,0
2017-11-05,2017-18,St Etienne,Lyon,0,5
2017-11-17,2017-18,Amiens,Monaco,1,1
2017-11-17,2017-18,Lille,St Etienne,3,1
2017-11-18,2017-18,Dijon,Troyes,3,1
2017-11-18,2017-18,Guingamp,Angers,1,1
2017-11-18,2017-18,Paris SG,Nantes,4,1
2017-11-18,2017-18,Strasbourg,Rennes,2,1
2017-11-18,2017-18,Toulouse,Metz,0,0
2017-11-19,2017-18,Bordeaux,Marseille,1,1
2017-11-19,2017-18,Caen,Nice,1,1
2017-11-19,2017-18,Lyon,Montpellier,0,0
2017-11-20,2017-18,Amiens,Lille,3,0
2017-11-24,2017-18,St Etienne,Strasbourg,2,2
2017-11-25,2017-18,Caen,Bordeaux,1,0
2017-11-25,2017-18,Dijon,Toulouse,3,1
2017-11-25,2017-18,Metz,Amiens,0,2
2017-11-25,2017-18,Montpellier,Lille,3,0
2017-11-25,2017-18,Rennes,Nantes,2,1
2017-11-25,2017-18,Troyes,Angers,3,0
2017-11-26,2017-18,Marseille,Guingamp,1,0
2017-11-26,2017-18,Monaco,Paris SG,1,2
2017-11-26,2017-18,Nice,Lyon,0,5
2017-11-28,2017-18,Amiens,Dijon,2,1
2017-11-28,2017-18,Bordeaux,St Etienne,3,0
2017-11-28,2017-18,Strasbourg,Caen,0,0
2017-11-29,2017-18,Angers,Rennes,1,2
2017-11-29,2017-18,Guingamp,Montpellier,0,0
2017-11-29,2017-18,Lyon,Lille,1,2
2017-11-29,2017-18,Metz,Marseille,0,3
2017-11-29,2017-18,Nantes,Monaco,1,0
2017-11-29,2017-18,Paris SG,Troyes,2,0
2017-11-29,2017-18,Toulouse,Nice,1,2
2017-12-01,2017-18,Dijon,Bordeaux,3,2
2017-12-02,2017-18,Lille,Toulouse,1,0
2017-12-02,2017-18,Monaco,Angers,1,0
2017-12-02,2017-18,Nice,Metz,3,1
2017-12-02,2017-18,Rennes,Amiens,2,0
2017-12-02,2017-18,Strasbourg,Paris SG,2,1
2017-12-02,2017-18,Troyes,Guingamp,0,1
2017-12-03,2017-18,Caen,Lyon,1,2
2017-12-03,2017-18,Montpellier,Marseille,1,1
2017-12-03,2017-18,St Etienne,Nantes,1,1
2017-12-08,2017-18,Bordeaux,Strasbourg,0,3
2017-12-09,2017-18,Angers,Montpellier,1,1
2017-12-09,2017-18,Guingamp,Dijon,4,0
2017-12-09,2017-18,Metz,Rennes,1,1
2017-12-09,2017-18,Monaco,Troyes,3,2
2017-12-09,2017-18,Paris SG,Lille,3,1
2017-12-09,2017-18,Toulouse,Caen,2,0
2017-12-10,2017-18,Amiens,Lyon,1,2
2017-12-10,2017-18,Marseille,St Etienne,3,0
2017-12-10,2017-18,Nantes,Nice,1,2
2017-12-15,2017-18,St Etienne,Monaco,0,4
2017-12-16,2017-18,Caen,Guingamp,0,0
2017-12-16,2017-18,Dijon,Lille,3,0
2017-12-16,2017-18,Montpellier,Metz,1,3
2017-12-16,2017-18,Rennes,Paris SG,1,4
2017-12-16,2017-18,Strasbourg,Toulouse,2,1
2017-12-16,2017-18,Troyes,Amiens,1,0
2017-12-17,2017-18,Lyon,Marseille,2,0
2017-12-17,2017-18,Nantes,Angers,1,0
2017-12-17,2017-18,Nice,Bordeaux,1,0
2017-12-20,2017-18,Amiens,Nantes,0,1
2017-12-20,2017-18,Angers,Dijon,2,1
2017-12-20,2017-18,Bordeaux,Montpellier,0,2
2017-12-20,2017-18,Guingamp,St Etienne,2,1
2017-12-20,2017-18,Lille,Nice,1,1
2017-12-20,2017-18,Marseille,Troyes,3,1
2017-12-20,2017-18,Metz,Strasbourg,3,0
2017-12-20,2017-18,Monaco,Rennes,2,1
2017-12-20,2017-18,Paris SG,Caen,3,1
2017-12-20,2017-18,Toulouse,Lyon,1,2
2018-01-12,2017-18,Strasbourg,Guingamp,0,2
2018-01-13,2017-18,Caen,Lille,0,1
2018-01-13,2017-18,Dijon,Metz,1,1
2018-01-13,2017-18,Montpellier,Monaco,0,0
2018-01-13,2017-18,Nice,Amiens,1,0
2018-01-13,2017-18,Rennes,Marseille,0,3
2018-01-13,2017-18,Troyes,Bordeaux,0,1
2018-01-14,2017-18,Lyon,Angers,1,1
2018-01-14,2017-18,Nantes,Paris SG,0,1
2018-01-14,2017-18,St Etienne,Toulouse,2,0
2018-01-16,2017-18,Bordeaux,Caen,0,2
2018-01-16,2017-18,Marseille,Strasbourg,2,0
2018-01-16,2017-18,Monaco,Nice,2,2
2018-01-17,2017-18,Amiens,Montpellier,1,1
2018-01-17,2017-18,Angers,Troyes,3,1
2018-01-17,2017-18,Guingamp,Lyon,0,2
2018-01-17,2017-18,Lille,Rennes,1,2
2018-01-17,2017-18,Metz,St Etienne,3,0
2018-01-17,2017-18,Paris SG,Dijon,8,0
2018-01-17,2017-18,Toulouse,Nantes,1,1
2018-01-19,2017-18,Caen,Marseille,0,2
2018-01-20,2017-18,Amiens,Guingamp,3,1
2018-01-20,2017-18,Montpellier,Toulouse,2,1
2018-01-20,2017-18,Nantes,Bordeaux,0,1
2018-01-20,2017-18,Rennes,Angers,1,0
2018-01-20,2017-18,Strasbourg,Dijon,3,2
2018-01-20,2017-18,Troyes,Lille,1,0
2018-01-21,2017-18,Lyon,Paris SG,2,1
2018-01-21,2017-18,Monaco,Metz,3,1
2018-01-21,2017-18,Nice,St Etienne,1,0
2018-01-26,2017-18,Dijon,Rennes,2,1
2018-01-27,2017-18,Angers,Amiens,1,0
2018-01-27,2017-18,Guingamp,Nantes,0,3
2018-01-27,2017-18,Metz,Nice,2,1
2018-01-27,2017-18,Paris SG,Montpellier,4,0
2018-01-27,2017-18,St Etienne,Caen,2,1
2018-01-27,2017-18,Toulouse,Troyes,1,0
2018-01-28,2017-18,Bordeaux,Lyon,3,1
2018-01-28,2017-18,Lille,Strasbourg,2,1
2018-01-28,2017-18,Marseille,Monaco,2,2
2018-02-02,2017-18,Marseille,Metz,6,3
2018-02-03,2017-18,Amiens,St Etienne,0,2
2018-02-03,2017-18,Lille,Paris SG,0,3
2018-02-03,2017-18,Montpellier,Angers,2,1
2018-02-03,2017-18,Nice,Toulouse,0,1
2018-02-03,2017-18,Strasbourg,Bordeaux,0,2
2018-02-04,2017-18,Caen,Nantes,3,2
2018-02-04,2017-18,Monaco,Lyon,3,2
2018-02-04,2017-18,Rennes,Guingamp,0,1
2018-02-09,2017-18,St Etienne,Marseille,2,2
2018-02-10,2017-18,Angers,Monaco,0,4
2018-02-10,2017-18,Bordeaux,Amiens,3,2
2018-02-10,2017-18,Dijon,Nice,3,2
2018-02-10,2017-18,Guingamp,Caen,0,0
2018-02-10,2017-18,Metz,Montpellier,0,1
2018-02-10,2017-18,Toulouse,Paris SG,0,1
2018-02-11,2017-18,Lyon,Rennes,0,2
2018-02-11,2017-18,Nantes,Lille,2,2
2018-02-11,2017-18,Strasbourg,Troyes,2,1
2018-02-16,2017-18,Monaco,Dijon,4,0
2018-02-17,2017-18,Amiens,Toulouse,0,0
2018-02-17,2017-18,Angers,St Etienne,0,1
2018-02-17,2017-18,Caen,Rennes,2,2
2018-02-17,2017-18,Montpellier,Guingamp,1,1
2018-02-17,2017-18,Paris SG,Strasbourg,5,2
2018-02-17,2017-18,Troyes,Metz,1,0
2018-02-18,2017-18,Lille,Lyon,2,2
2018-02-18,2017-18,Marseille,Bordeaux,1,0
2018-02-18,2017-18,Nice,Nantes,1,1
2018-02-20,2017-18,Troyes,Dijon,0,0
2018-02-23,2017-18,Strasbourg,Montpellier,0,0
2018-02-24,2017-18,Dijon,Caen,2,0
2018-02-24,2017-18,Guingamp,Metz,2,2
2018-02-24,2017-18,Lille,Angers,1,2
2018-02-24,2017-18,Nantes,Amiens,0,1
2018-02-24,2017-18,Rennes,Troyes,2,0
2018-02-24,2017-18,Toulouse,Monaco,3,3
2018-02-25,2017-18,Bordeaux,Nice,0,0
2018-02-25,2017-18,Lyon,St Etienne,1,1
2018-02-25,2017-18,Paris SG,Marseille,3,0
2018-03-02,2017-18,Monaco,Bordeaux,2,1
2018-03-02,2017-18,Nice,Lille,2,1
2018-03-03,2017-18,Amiens,Rennes,0,2
2018-03-03,2017-18,Angers,Guingamp,3,0
2018-03-03,2017-18,Metz,Toulouse,1,1
2018-03-03,2017-18,St Etienne,Dijon,2,2
2018-03-03,2017-18,Troyes,Paris SG,0,2
2018-03-04,2017-18,Caen,Strasbourg,2,0
2018-03-04,2017-18,Marseille,Nantes,1,1
2018-03-04,2017-18,Montpellier,Lyon,1,1
2018-03-09,2017-18,Strasbourg,Monaco,1,3
2018-03-10,2017-18,Bordeaux,Angers,0,0
2018-03-10,2017-18,Dijon,Amiens,1,1
2018-03-10,2017-18,Lille,Montpellier,1,1
2018-03-10,2017-18,Nantes,Troyes,1,0
2018-03-10,2017-18,Paris SG,Metz,5,0
2018-03-10,2017-18,Rennes,St Etienne,1,1
2018-03-11,2017-18,Guingamp,Nice,2,5
2018-03-11,2017-18,Lyon,Caen,1,0
2018-03-11,2017-18,Toulouse,Marseille,1,2
2018-03-14,2017-18,Paris SG,Angers,2,1
2018-03-16,2017-18,Monaco,Lille,2,1
2018-03-17,2017-18,Amiens,Troyes,1,1
2018-03-17,2017-18,Angers,Caen,3,0
2018-03-17,2017-18,Bordeaux,Rennes,0,2
2018-03-17,2017-18,Montpellier,Dijon,2,2
2018-03-17,2017-18,Toulouse,Strasbourg,2,2
2018-03-18,2017-18,Marseille,Lyon,2,3
2018-03-18,2017-18,Metz,Nantes,1,1
2018-03-18,2017-18,Nice,Paris SG,1,2
2018-03-18,2017-18,St Etienne,Guingamp,2,0
2018-03-31,2017-18,Dijon,Marseille,1,3
2018-04-01,2017-18,Caen,Montpellier,1,3
2018-04-01,2017-18,Guingamp,Bordeaux,2,1
2018-04-01,2017-18,Lille,Amiens,0,1
2018-04-01,2017-18,Lyon,Toulouse,2,0
2018-04-01,2017-18,Nantes,St Etienne,0,3
2018-04-01,2017-18,Strasbourg,Metz,2,2
2018-04-01,2017-18,Troyes,Nice,0,2
2018-04-04,2017-18,Rennes,Monaco,1,1
2018-04-06,2017-18,St Etienne,Paris SG,1,1
2018-04-07,2017-18,Amiens,Caen,3,0
2018-04-07,2017-18,Angers,Strasbourg,1,1
2018-04-07,2017-18,Bordeaux,Lille,2,1
2018-04-07,2017-18,Guingamp,Troyes,4,0
2018-04-07,2017-18,Monaco,Nantes,2,1
2018-04-07,2017-18,Toulouse,Dijon,0,1
2018-04-08,2017-18,Marseille,Montpellier,0,0
2018-04-08,2017-18,Metz,Lyon,0,5
2018-04-08,2017-18,Nice,Rennes,1,1
2018-04-13,2017-18,Angers,Nice,1,1
2018-04-14,2017-18,Lille,Guingamp,2,2
2018-04-14,2017-18,Lyon,Amiens,3,0
2018-04-14,2017-18,Nantes,Dijon,1,1
2018-04-14,2017-18,Rennes,Metz,1,2
2018-04-14,2017-18,Strasbourg,St Etienne,0,1
2018-04-15,2017-18,Montpellier,Bordeaux,1,3
2018-04-15,2017-18,Paris SG,Monaco,7,1
2018-04-15,2017-18,Troyes,Marseille,2,3
2018-04-20,2017-18,Dijon,Lyon,2,5
2018-04-20,2017-18,Nantes,Rennes,1,1
2018-04-21,2017-18,Amiens,Strasbourg,3,1
2018-04-21,2017-18,Guingamp,Monaco,3,1
2018-04-21,2017-18,Marseille,Lille,5,1
2018-04-21,2017-18,Metz,Caen,1,1
2018-04-21,2017-18,Toulouse,Angers,2,0
2018-04-22,2017-18,Bordeaux,Paris SG,0,1
2018-04-22,2017-18,Nice,Montpellier,1,0
2018-04-22,2017-18,St Etienne,Troyes,2,1
2018-04-25,2017-18,Caen,Toulouse,0,0
2018-04-27,2017-18,Montpellier,St Etienne,0,1
2018-04-28,2017-18,Bordeaux,Dijon,3,1
2018-04-28,2017-18,Lille,Metz,3,1
2018-04-28,2017-18,Lyon,Nantes,2,0
2018-04-28,2017-18,Monaco,Amiens,0,0
2018-04-28,2017-18,Strasbourg,Nice,1,1
2018-04-28,2017-18,Troyes,Caen,3,1
2018-04-29,2017-18,Angers,Marseille,1,1
2018-04-29,2017-18,Paris SG,Guingamp,2,2
2018-04-29,2017-18,Rennes,Toulouse,2,1
2018-05-04,2017-18,Amiens,Paris SG,2,2
2018-05-06,2017-18,Caen,Monaco,1,2
2018-05-06,2017-18,Dijon,Guingamp,3,1
2018-05-06,2017-18,Lyon,Troyes,3,0
2018-05-06,2017-18,Marseille,Nice,2,1
2018-05-06,2017-18,Metz,Angers,1,2
2018-05-06,2017-18,Nantes,Montpellier,0,2
2018-05-06,2017-18,Rennes,Strasbourg,2,1
2018-05-06,2017-18,St Etienne,Bordeaux,1,3
2018-05-06,2017-18,Toulouse,Lille,2,3
2018-05-11,2017-18,Guingamp,Marseille,3,3
2018-05-12,2017-18,Amiens,Metz,2,0
2018-05-12,2017-18,Angers,Nantes,0,2
2018-05-12,2017-18,Bordeaux,Toulouse,4,2
2018-05-12,2017-18,Lille,Dijon,2,1
2018-05-12,2017-18,Monaco,St Etienne,1,0
2018-05-12,2017-18,Montpellier,Troyes,1,1
2018-05-12,2017-18,Nice,Caen,4,1
2018-05-12,2017-18,Paris SG,Rennes,0,2
2018-05-12,2017-18,Strasbourg,Lyon,3,2
2018-05-19,2017-18,Caen,Paris SG,0,0
2018-05-19,2017-18,Dijon,Angers,2,1
2018-05-19,2017-18,Lyon,Nice,3,2
2018-05-19,2017-18,Marseille,Amiens,2,1
2018-05-19,2017-18,Metz,Bordeaux,0,4
2018-05-19,2017-18,Nantes,Strasbourg,1,0
2018-05-19,2017-18,Rennes,Montpellier,1,1
2018-05-19,2017-18,St Etienne,Lille,5,0
2018-05-19,2017-18,Toulouse,Guingamp,2,1
2018-05-19,2017-18,Troyes,Monaco,0,3
2018-08-10,2018-19,Marseille,Toulouse,4,0
2018-08-11,2018-19,Angers,Nimes,3,4
2018-08-11,2018-19,Lille,Rennes,3,1
2018-08-11,2018-19,Montpellier,Dijon,1,2
2018-08-11,2018-19,Nantes,Monaco,1,3
2018-08-11,2018-19,Nice,Reims,0,1
2018-08-11,2018-19,St Etienne,Guingamp,2,1
2018-08-12,2018-19,Bordeaux,Strasbourg,0,2
2018-08-12,2018-19,Lyon,Amiens,2,0
2018-08-12,2018-19,Paris SG,Caen,3,0
2018-08-17,2018-19,Reims,Lyon,1,0
2018-08-18,2018-19,Amiens,Montpellier,1,2
2018-08-18,2018-19,Caen,Nice,1,1
2018-08-18,2018-19,Dijon,Nantes,2,0
2018-08-18,2018-19,Guingamp,Paris SG,1,3
2018-08-18,2018-19,Monaco,Lille,0,0
2018-08-18,2018-19,Rennes,Angers,1,0
2018-08-19,2018-19,Nimes,Marseille,3,1
2018-08-19,2018-19,Strasbourg,St Etienne,1,1
2018-08-19,2018-19,Toulouse,Bordeaux,2,1
2018-08-24,2018-19,Lyon,Strasbourg,2,0
2018-08-25,2018-19,Amiens,Reims,4,1
2018-08-25,2018-19,Montpellier,St Etienne,0,0
2018-08-25,2018-19,Nantes,Caen,1,1
2018-08-25,2018-19,Nice,Dijon,0,4
2018-08-25,2018-19,Paris SG,Angers,3,1
2018-08-25,2018-19,Toulouse,Nimes,1,0
2018-08-26,2018-19,Bordeaux,Monaco,2,1
2018-08-26,2018-19,Lille,Guingamp,3,0
2018-08-26,2018-19,Marseille,Rennes,2,2
2018-08-31,2018-19,Lyon,Nice,0,1
2018-09-01,2018-19,Angers,Lille,1,0
2018-09-01,2018-19,Dijon,Caen,0,2
2018-09-01,2018-19,Guingamp,Toulouse,1,2
2018-09-01,2018-19,Nimes,Paris SG,2,4
2018-09-01,2018-19,Reims,Montpellier,0,1
2018-09-01,2018-19,Strasbourg,Nantes,2,3
2018-09-02,2018-19,Monaco,Marseille,2,3
2018-09-02,2018-19,Rennes,Bordeaux,2,0
2018-09-02,2018-19,St Etienne,Amiens,0,0
2018-09-14,2018-19,Nice,Rennes,2,1
2018-09-14,2018-19,Paris SG,St Etienne,4,0
2018-09-15,2018-19,Amiens,Lille,2,3
2018-09-15,2018-19,Caen,Lyon,2,2
2018-09-15,2018-19,Dijon,Angers,1,3
2018-09-15,2018-19,Montpellier,Strasbourg,1,1
2018-09-15,2018-19,Toulouse,Monaco,1,1
2018-09-16,2018-19,Bordeaux,Nimes,3,3
2018-09-16,2018-19,Marseille,Guingamp,4,0
2018-09-16,2018-19,Nantes,Reims,0,0
2018-09-21,2018-19,Monaco,Nimes,1,1
2018-09-22,2018-19,Angers,Toulouse,0,0
2018-09-22,2018-19,Lille,Nantes,2,1
2018-09-22,2018-19,Montpellier,Nice,1,0
2018-09-22,2018-19,Reims,Dijon,0,0
2018-09-22,2018-19,St Etienne,Caen,2,1
2018-09-22,2018-19,Strasbourg,Amiens,3,1
2018-09-23,2018-19,Guingamp,Bordeaux,1,3
2018-09-23,2018-19,Lyon,Marseille,4,2
2018-09-23,2018-19,Rennes,Paris SG,1,3
2018-09-25,2018-19,Monaco,Angers,0,1
2018-09-25,2018-19,Nantes,Nice,1,2
2018-09-25,2018-19,Toulouse,St Etienne,2,3
2018-09-26,2018-19,Amiens,Rennes,2,1
2018-09-26,2018-19,Bordeaux,Lille,1,0
2018-09-26,2018-19,Caen,Montpellier,2,2
2018-09-26,2018-19,Dijon,Lyon,0,3
2018-09-26,2018-19,Marseille,Strasbourg,3,2
2018-09-26,2018-19,Nimes,Guingamp,0,0
2018-09-26,2018-19,Paris SG,Reims,4,1
2018-09-28,2018-19,St Etienne,Monaco,2,0
2018-09-29,2018-19,Angers,Guingamp,0,1
2018-09-29,2018-19,Caen,Amiens,1,0
2018-09-29,2018-19,Lyon,Nantes,1,1
2018-09-29,2018-19,Nice,Paris SG,0,3
2018-09-29,2018-19,Reims,Bordeaux,0,0
2018-09-29,2018-19,Strasbourg,Dijon,3,0
2018-09-30,2018-19,Lille,Marseille,3,0
2018-09-30,2018-19,Montpellier,Nimes,3,0
2018-09-30,2018-19,Rennes,Toulouse,1,1
2018-10-05,2018-19,Toulouse,Nice,1,1
2018-10-06,2018-19,Amiens,Dijon,1,0
2018-10-06,2018-19,Angers,Strasbourg,2,2
2018-10-06,2018-19,Guingamp,Montpellier,1,1
2018-10-06,2018-19,Lille,St Etienne,3,1
2018-10-06,2018-19,Nimes,Reims,0,0
2018-10-07,2018-19,Bordeaux,Nantes,3,0
2018-10-07,2018-19,Marseille,Caen,2,0
2018-10-07,2018-19,Monaco,Rennes,1,2
2018-10-07,2018-19,Paris SG,Lyon,5,0
2018-10-19,2018-19,Lyon,Nimes,2,0
2018-10-20,2018-19,Caen,Guingamp,0,0
2018-10-20,2018-19,Dijon,Lille,1,2
2018-10-20,2018-19,Nantes,Toulouse,4,0
2018-10-20,2018-19,Paris SG,Amiens,5,0
2018-10-20,2018-19,Reims,Angers,1,1
2018-10-20,2018-19,Strasbourg,Monaco,2,1
2018-10-21,2018-19,Montpellier,Bordeaux,2,0
2018-10-21,2018-19,Nice,Marseille,0,1
2018-10-21,2018-19,St Etienne,Rennes,1,1
2018-10-26,2018-19,Nimes,St Etienne,1,1
2018-10-27,2018-19,Amiens,Nantes,1,2
2018-10-27,2018-19,Angers,Lyon,1,2
2018-10-27,2018-19,Guingamp,Strasbourg,1,1
2018-10-27,2018-19,Lille,Caen,1,0
2018-10-27,2018-19,Monaco,Dijon,2,2
2018-10-27,2018-19,Toulouse,Montpellier,0,3
2018-10-28,2018-19,Bordeaux,Nice,0,1
2018-10-28,2018-19,Marseille,Paris SG,0,2
2018-10-28,2018-19,Rennes,Reims,0,2
2018-11-02,2018-19,Paris SG,Lille,2,1
2018-11-03,2018-19,Caen,Rennes,1,2
2018-11-03,2018-19,Dijon,Nimes,0,4
2018-11-03,2018-19,Lyon,Bordeaux,1,1
2018-11-03,2018-19,Nice,Amiens,1,0
2018-11-03,2018-19,Reims,Monaco,1,0
2018-11-03,2018-19,Strasbourg,Toulouse,1,1
2018-11-04,2018-19,Montpellier,Marseille,3,0
2018-11-04,2018-19,Nantes,Guingamp,5,0
2018-11-04,2018-19,St Etienne,Angers,4,3
2018-11-09,2018-19,Lille,Strasbourg,0,0
2018-11-10,2018-19,Angers,Montpellier,1,0
2018-11-10,2018-19,Guingamp,Lyon,2,4
2018-11-10,2018-19,Nimes,Nice,0,1
2018-11-10,2018-19,St Etienne,Reims,2,0
2018-11-10,2018-19,Toulouse,Amiens,0,1
2018-11-11,2018-19,Bordeaux,Caen,0,0
2018-11-11,2018-19,Marseille,Dijon,2,0
2018-11-11,2018-19,Monaco,Paris SG,0,4
2018-11-11,2018-19,Rennes,Nantes,1,1
2018-11-23,2018-19,Lyon,St Etienne,1,0
2018-11-24,2018-19,Caen,Monaco,0,1
2018-11-24,2018-19,Dijon,Bordeaux,0,0
2018-11-24,2018-19,Nantes,Angers,1,1
2018-11-24,2018-19,Paris SG,Toulouse,1,0
2018-11-24,2018-19,Reims,Guingamp,2,1
2018-11-24,2018-19,Strasbourg,Nimes,0,1
2018-11-25,2018-19,Amiens,Marseille,1,3
2018-11-25,2018-19,Montpellier,Rennes,2,2
2018-11-25,2018-19,Nice,Lille,2,0
2018-11-30,2018-19,St Etienne,Nantes,3,0
2018-12-01,2018-19,Angers,Caen,1,1
2018-12-01,2018-19,Guingamp,Nice,0,0
2018-12-01,2018-19,Lille,Lyon,2,2
2018-12-01,2018-19,Monaco,Montpellier,1,2
2018-12-01,2018-19,Nimes,Amiens,3,0
2018-12-02,2018-19,Bordeaux,Paris SG,2,2
2018-12-02,2018-19,Marseille,Reims,0,0
2018-12-02,2018-19,Rennes,Strasbourg,1,4
2018-12-02,2018-19,Toulouse,Dijon,2,2
2018-12-04,2018-19,Amiens,Monaco,0,2
2018-12-04,2018-19,Montpellier,Lille,0,1
2018-12-04,2018-19,Nice,Angers,0,0
2018-12-05,2018-19,Bordeaux,St Etienne,3,2
2018-12-05,2018-19,Caen,Nimes,1,2
2018-12-05,2018-19,Dijon,Guingamp,2,1
2018-12-05,2018-19,Lyon,Rennes,0,2
2018-12-05,2018-19,Nantes,Marseille,3,2
2018-12-05,2018-19,Reims,Toulouse,0,1
2018-12-05,2018-19,Strasbourg,Paris SG,1,1
2018-12-08,2018-19,Guingamp,Amiens,1,2
2018-12-08,2018-19,Rennes,Dijon,2,0
2018-12-09,2018-19,Lille,Reims,1,1
2018-12-09,2018-19,Strasbourg,Caen,2,2
2018-12-15,2018-19,Reims,Strasbourg,2,1
2018-12-16,2018-19,Lyon,Monaco,3,0
2018-12-16,2018-19,Nice,St Etienne,1,1
2018-12-16,2018-19,Nimes,Lille,2,3
2018-12-18,2018-19,Caen,Toulouse,2,1
2018-12-22,2018-19,Angers,Marseille,1,1
2018-12-22,2018-19,Lille,Toulouse,1,2
2018-12-22,2018-19,Monaco,Guingamp,0,2
2018-12-22,2018-19,Montpellier,Lyon,1,1
2018-12-22,2018-19,Paris SG,Nantes,1,0
2018-12-22,2018-19,Reims,Caen,2,2
2018-12-22,2018-19,Rennes,Nimes,4,0
2018-12-22,2018-19,St Etienne,Dijon,3,0
2018-12-22,2018-19,Strasbourg,Nice,2,0
2018-12-23,2018-19,Bordeaux,Amiens,1,1
2019-01-08,2018-19,Amiens,Angers,0,0
2019-01-08,2018-19,Nantes,Montpellier,2,0
2019-01-11,2018-19,Caen,Lille,1,3
2019-01-11,2018-19,Lyon,Reims,1,1
2019-01-12,2018-19,Amiens,Paris SG,0,3
2019-01-12,2018-19,Guingamp,St Etienne,0,1
2019-01-12,2018-19,Nice,Bordeaux,1,0
2019-01-13,2018-19,Dijon,Montpellier,1,1
2019-01-13,2018-19,Marseille,Monaco,1,1
2019-01-13,2018-19,Nantes,Rennes,0,1
2019-01-13,2018-19,Toulouse,Strasbourg,1,2
2019-01-15,2018-19,Angers,Bordeaux,1,2
2019-01-16,2018-19,Guingamp,Rennes,2,1
2019-01-16,2018-19,Monaco,Nice,1,1
2019-01-16,2018-19,Nimes,Nantes,1,0
2019-01-16,2018-19,St Etienne,Marseille,2,1
2019-01-16,2018-19,Toulouse,Lyon,2,2
2019-01-18,2018-19,Lille,Amiens,2,1
2019-01-19,2018-19,Monaco,Strasbourg,1,5
2019-01-19,2018-19,Nimes,Toulouse,0,1
2019-01-19,2018-19,Paris SG,Guingamp,9,0
2019-01-19,2018-19,Reims,Nice,1,1
2019-01-20,2018-19,Angers,Nantes,1,0
2019-01-20,2018-19,Bordeaux,Dijon,1,0
2019-01-20,2018-19,Caen,Marseille,0,1
2019-01-20,2018-19,Rennes,Montpellier,0,0
2019-01-20,2018-19,St Etienne,Lyon,1,2
2019-01-23,2018-19,Nimes,Angers,3,1
2019-01-25,2018-19,Marseille,Lille,1,2
2019-01-26,2018-19,Dijon,Monaco,2,0
2019-01-26,2018-19,Guingamp,Reims,0,1
2019-01-26,2018-19,Nice,Nimes,2,0
2019-01-26,2018-19,Strasbourg,Bordeaux,1,0
2019-01-27,2018-19,Amiens,Lyon,0,1
2019-01-27,2018-19,Montpellier,Caen,2,0
2019-01-27,2018-19,Paris SG,Rennes,4,1
2019-01-27,2018-19,Toulouse,Angers,0,0
2019-01-30,2018-19,Nantes,St Etienne,1,1
2019-02-01,2018-19,Lille,Nice,4,0
2019-02-02,2018-19,Angers,Dijon,1,0
2019-02-02,2018-19,Monaco,Toulouse,2,1
2019-02-02,2018-19,Reims,Marseille,2,1
2019-02-02,2018-19,Rennes,Amiens,1,0
2019-02-03,2018-19,Lyon,Paris SG,2,1
2019-02-03,2018-19,Nimes,Montpellier,1,1
2019-02-05,2018-19,Marseille,Bordeaux,1,0
2019-02-08,2018-19,Dijon,Marseille,1,2
2019-02-09,2018-19,Amiens,Caen,1,0
2019-02-09,2018-19,Paris SG,Bordeaux,1,0
2019-02-09,2018-19,Strasbourg,Angers,1,2
2019-02-10,2018-19,Guingamp,Lille,0,2
2019-02-10,2018-19,Montpellier,Monaco,2,2
2019-02-10,2018-19,Nantes,Nimes,2,4
2019-02-10,2018-19,Nice,Lyon,1,0
2019-02-10,2018-19,Rennes,St Etienne,3,0
2019-02-10,2018-19,Toulouse,Reims,1,1
2019-02-13,2018-19,Caen,Nantes,0,1
2019-02-13,2018-19,St Etienne,Strasbourg,2,1
2019-02-15,2018-19,Lyon,Guingamp,2,1
2019-02-15,2018-19,Nimes,Dijon,2,0
2019-02-16,2018-19,Angers,Nice,3,0
2019-02-16,2018-19,Marseille,Amiens,2,0
2019-02-16,2018-19,Monaco,Nantes,1,0
2019-02-17,2018-19,Bordeaux,Toulouse,2,1
2019-02-17,2018-19,Caen,Strasbourg,0,0
2019-02-17,2018-19,Lille,Montpellier,0,0
2019-02-17,2018-19,Reims,Rennes,2,0
2019-02-17,2018-19,St Etienne,Paris SG,0,1
2019-02-20,2018-19,Bordeaux,Guingamp,0,0
2019-02-20,2018-19,Paris SG,Montpellier,5,1
2019-02-22,2018-19,Dijon,St Etienne,0,1
2019-02-22,2018-19,Strasbourg,Lille,1,1
2019-02-23,2018-19,Amiens,Nice,1,0
2019-02-23,2018-19,Guingamp,Angers,1,0
2019-02-23,2018-19,Paris SG,Nimes,3,0
2019-02-24,2018-19,Monaco,Lyon,2,0
2019-02-24,2018-19,Montpellier,Reims,2,4
2019-02-24,2018-19,Nantes,Bordeaux,1,0
2019-02-24,2018-19,Rennes,Marseille,1,1
2019-02-24,2018-19,Toulouse,Caen,1,1
2019-03-02,2018-19,Angers,Monaco,2,2
2019-03-02,2018-19,Caen,Paris SG,1,2
2019-03-02,2018-19,Reims,Amiens,2,2
2019-03-03,2018-19,Guingamp,Nantes,0,0
2019-03-03,2018-19,Lille,Dijon,1,0
2019-03-03,2018-19,Lyon,Toulouse,5,1
2019-03-03,2018-19,Marseille,St Etienne,2,0
2019-03-03,2018-19,Nice,Strasbourg,1,0
2019-03-05,2018-19,Bordeaux,Montpellier,1,2
2019-03-09,2018-19,Amiens,Nimes,2,1
2019-03-09,2018-19,Dijon,Reims,1,1
2019-03-09,2018-19,Monaco,Bordeaux,1,1
2019-03-09,2018-19,Strasbourg,Lyon,2,2
2019-03-10,2018-19,Marseille,Nice,1,0
2019-03-10,2018-19,Montpellier,Angers,2,2
2019-03-10,2018-19,Rennes,Caen,3,1
2019-03-10,2018-19,St Etienne,Lille,0,1
2019-03-10,2018-19,Toulouse,Guingamp,1,0
2019-03-12,2018-19,Dijon,Paris SG,0,4
2019-03-15,2018-19,Lille,Monaco,0,1
2019-03-15,2018-19,Nice,Toulouse,1,1
2019-03-16,2018-19,Angers,Amiens,0,0
2019-03-16,2018-19,Caen,St Etienne,0,5
2019-03-16,2018-19,Guingamp,Dijon,1,0
2019-03-16,2018-19,Nimes,Strasbourg,2,2
2019-03-17,2018-19,Bordeaux,Rennes,1,1
2019-03-17,2018-19,Lyon,Montpellier,3,2
2019-03-17,2018-19,Paris SG,Marseille,3,1
2019-03-17,2018-19,Reims,Nantes,1,0
2019-03-29,2018-19,Rennes,Lyon,0,1
2019-03-30,2018-19,Marseille,Angers,2,2
2019-03-31,2018-19,Amiens,Bordeaux,0,0
2019-03-31,2018-19,Dijon,Nice,0,1
2019-03-31,2018-19,Monaco,Caen,0,1
2019-03-31,2018-19,Nantes,Lille,2,3
2019-03-31,2018-19,Toulouse,Paris SG,0,1
2019-04-01,2018-19,St Etienne,Nimes,2,1
2019-04-03,2018-19,Montpellier,Guingamp,2,0
2019-04-03,2018-19,Strasbourg,Reims,4,0
2019-04-05,2018-19,Bordeaux,Marseille,2,0
2019-04-06,2018-19,Amiens,St Etienne,2,2
2019-04-06,2018-19,Angers,Rennes,3,3
2019-04-06,2018-19,Guingamp,Monaco,1,1
2019-04-06,2018-19,Lyon,Dijon,1,3
2019-04-06,2018-19,Nimes,Caen,2,0
2019-04-07,2018-19,Nice,Montpellier,1,0
2019-04-07,2018-19,Paris SG,Strasbourg,2,2
2019-04-07,2018-19,Reims,Lille,1,1
2019-04-07,2018-19,Toulouse,Nantes,1,0
2019-04-09,2018-19,Nimes,Rennes,3,1
2019-04-12,2018-19,Dijon,Amiens,0,0
2019-04-12,2018-19,Nantes,Lyon,2,1
2019-04-13,2018-19,Caen,Angers,0,1
2019-04-13,2018-19,Marseille,Nimes,2,1
2019-04-13,2018-19,Monaco,Reims,0,0
2019-04-13,2018-19,Strasbourg,Guingamp,3,3
2019-04-14,2018-19,Lille,Paris SG,5,1
2019-04-14,2018-19,Montpellier,Toulouse,2,1
2019-04-14,2018-19,Rennes,Nice,0,0
2019-04-14,2018-19,St Etienne,Bordeaux,3,0
2019-04-17,2018-19,Nantes,Paris SG,3,2
2019-04-19,2018-19,Dijon,Rennes,3,2
2019-04-19,2018-19,Lyon,Angers,2,1
2019-04-20,2018-19,Guingamp,Marseille,1,3
2019-04-20,2018-19,Nice,Caen,0,1
2019-04-20,2018-19,Nimes,Bordeaux,2,1
2019-04-20,2018-19,Strasbourg,Montpellier,1,3
2019-04-21,2018-19,Nantes,Amiens,3,2
2019-04-21,2018-19,Paris SG,Monaco,3,1
2019-04-21,2018-19,Reims,St Etienne,0,2
2019-04-21,2018-19,Toulouse,Lille,0,0
2019-04-26,2018-19,Bordeaux,Lyon,2,3
2019-04-28,2018-19,Amiens,Strasbourg,0,0
2019-04-28,2018-19,Angers,Reims,1,1
2019-04-28,2018-19,Caen,Dijon,1,0
2019-04-28,2018-19,Lille,Nimes,5,0
2019-04-28,2018-19,Marseille,Nantes,1,2
2019-04-28,2018-19,Nice,Guingamp,3,0
2019-04-28,2018-19,St Etienne,Toulouse,2,0
2019-04-30,2018-19,Montpellier,Paris SG,3,2
2019-05-01,2018-19,Rennes,Monaco,2,2
2019-05-03,2018-19,Strasbourg,Marseille,1,1
2019-05-04,2018-19,Bordeaux,Angers,0,1
2019-05-04,2018-19,Guingamp,Caen,0,0
2019-05-04,2018-19,Paris SG,Nice,1,1
2019-05-04,2018-19,Reims,Nimes,0,3
2019-05-05,2018-19,Lyon,Lille,2,2
2019-05-05,2018-19,Monaco,St Etienne,2,3
2019-05-05,2018-19,Montpellier,Amiens,1,1
2019-05-05,2018-19,Nantes,Dijon,3,0
2019-05-05,2018-19,Toulouse,Rennes,2,2
2019-05-10,2018-19,St Etienne,Montpellier,0,1
2019-05-11,2018-19,Amiens,Toulouse,0,0
2019-05-11,2018-19,Angers,Paris SG,1,2
2019-05-11,2018-19,Caen,Reims,3,2
2019-05-11,2018-19,Dijon,Strasbourg,2,1
2019-05-11,2018-19,Nice,Nantes,1,1
2019-05-11,2018-19,Nimes,Monaco,1,0
2019-05-12,2018-19,Lille,Bordeaux,1,0
2019-05-12,2018-19,Marseille,Lyon,0,3
2019-05-12,2018-19,Rennes,Guingamp,1,1
2019-05-18,2018-19,Bordeaux,Reims,0,1
2019-05-18,2018-19,Guingamp,Nimes,2,2
2019-05-18,2018-19,Lille,Angers,5,0
2019-05-18,2018-19,Lyon,Caen,4,0
2019-05-18,2018-19,Monaco,Amiens,2,0
2019-05-18,2018-19,Montpellier,Nantes,1,1
2019-05-18,2018-19,Paris SG,Dijon,4,0
2019-05-18,2018-19,St Etienne,Nice,3,0
2019-05-18,2018-19,Strasbourg,Rennes,0,2
2019-05-18,2018-19,Toulouse,Marseille,2,5
2019-05-24,2018-19,Amiens,Guingamp,2,1
2019-05-24,2018-19,Angers,St Etienne,1,1
2019-05-24,2018-19,Caen,Bordeaux,0,1
2019-05-24,2018-19,Dijon,Toulouse,2,1
2019-05-24,2018-19,Marseille,Montpellier,1,0
2019-05-24,2018-19,Nantes,Strasbourg,0,1
2019-05-24,2018-19,Nice,Monaco,2,0
2019-05-24,2018-19,Nimes,Lyon,2,3
2019-05-24,2018-19,Reims,Paris SG,3,1
2019-05-24,2018-19,Rennes,Lille,3,1
2019-08-09,2019-20,Monaco,Lyon,0,3
2019-08-10,2019-20,Marseille,Reims,0,2
2019-08-10,2019-20,Angers,Bordeaux,3,1
2019-08-10,2019-20,Brest,Toulouse,1,1
2019-08-10,2019-20,Dijon,St Etienne,1,2
2019-08-10,2019-20,Montpellier,Rennes,0,1
2019-08-10,2019-20,Nice,Amiens,2,1
2019-08-11,2019-20,Lille,Nantes,2,1
2019-08-11,2019-20,Strasbourg,Metz,1,1
2019-08-11,2019-20,Paris SG,Nimes,3,0
2019-08-16,2019-20,Lyon,Angers,6,0
2019-08-17,2019-20,Nantes,Marseille,0,0
2019-08-17,2019-20,Amiens,Lille,1,0
2019-08-17,2019-20,Bordeaux,Montpellier,1,1
2019-08-17,2019-20,Metz,Monaco,3,0
2019-08-17,2019-20,Nimes,Nice,1,2
2019-08-17,2019-20,Toulouse,Dijon,1,0
2019-08-18,2019-20,St Etienne,Brest,1,1
2019-08-18,2019-20,Reims,Strasbourg,0,0
2019-08-18,2019-20,Rennes,Paris SG,2,1
2019-08-24,2019-20,Amiens,Nantes,1,2
2019-08-24,2019-20,Angers,Metz,3,0
2019-08-24,2019-20,Brest,Reims,1,0
2019-08-24,2019-20,Dijon,Bordeaux,0,2
2019-08-25,2019-20,Monaco,Nimes,2,2
2019-08-25,2019-20,Strasbourg,Rennes,0,2
2019-08-25,2019-20,Paris SG,Toulouse,4,0
2019-08-27,2019-20,Montpellier,Lyon,1,0
2019-08-28,2019-20,Lille,St Etienne,3,0
2019-08-28,2019-20,Nice,Marseille,1,2
2019-08-30,2019-20,Metz,Paris SG,0,2
2019-08-31,2019-20,Lyon,Bordeaux,1,1
2019-08-31,2019-20,Angers,Dijon,2,0
2019-08-31,2019-20,Nantes,Montpellier,1,0
2019-08-31,2019-20,Nimes,Brest,3,0
2019-08-31,2019-20,Toulouse,Amiens,2,0
2019-09-01,2019-20,Reims,Lille,2,0
2019-09-01,2019-20,Rennes,Nice,1,2
2019-09-01,2019-20,Strasbourg,Monaco,2,2
2019-09-01,2019-20,Marseille,St Etienne,1,0
2019-09-13,2019-20,Lille,Angers,2,1
2019-09-13,2019-20,Amiens,Lyon,2,2
2019-09-14,2019-20,Paris SG,Strasbourg,1,0
2019-09-14,2019-20,Bordeaux,Metz,2,0
2019-09-14,2019-20,Brest,Rennes,0,0
2019-09-14,2019-20,Dijon,Nimes,0,0
2019-09-14,2019-20,Montpellier,Nice,2,1
2019-09-15,2019-20,Nantes,Reims,1,0
2019-09-15,2019-20,St Etienne,Toulouse,2,2
2019-09-15,2019-20,Monaco,Marseille,3,4
2019-09-20,2019-20,Strasbourg,Nantes,2,1
2019-09-21,2019-20,Marseille,Montpellier,1,1
2019-09-21,2019-20,Bordeaux,Brest,2,2
2019-09-21,2019-20,Metz,Amiens,1,2
2019-09-21,2019-20,Nice,Dijon,2,1
2019-09-21,2019-20,Nimes,Toulouse,1,0
2019-09-21,2019-20,Reims,Monaco,0,0
2019-09-22,2019-20,Rennes,Lille,1,1
2019-09-22,2019-20,Angers,St Etienne,4,1
2019-09-22,2019-20,Lyon,Paris SG,0,1
2019-09-24,2019-20,Dijon,Marseille,0,0
2019-09-24,2019-20,Monaco,Nice,3,1
2019-09-25,2019-20,Amiens,Bordeaux,1,3
2019-09-25,2019-20,Brest,Lyon,2,2
2019-09-25,2019-20,Lille,Strasbourg,2,0
2019-09-25,2019-20,Montpellier,Nimes,1,0
2019-09-25,2019-20,Nantes,Rennes,1,0
2019-09-25,2019-20,St Etienne,Metz,0,1
2019-09-25,2019-20,Toulouse,Angers,0,2
2019-09-25,2019-20,Paris SG,Reims,0,2
2019-09-28,2019-20,Lyon,Nantes,0,1
2019-09-28,2019-20,Bordeaux,Paris SG,0,1
2019-09-28,2019-20,Angers,Amiens,1,1
2019-09-28,2019-20,Metz,Toulouse,2,2
2019-09-28,2019-20,Monaco,Brest,4,1
2019-09-28,2019-20,Nice,Lille,1,1
2019-09-28,2019-20,Reims,Dijon,1,2
2019-09-29,2019-20,Strasbourg,Montpellier,1,0
2019-09-29,2019-20,Nimes,St Etienne,0,1
2019-09-29,2019-20,Marseille,Rennes,1,1
2019-10-04,2019-20,Amiens,Marseille,3,1
2019-10-05,2019-20,Paris SG,Angers,4,0
2019-10-05,2019-20,Brest,Metz,2,0
2019-10-05,2019-20,Dijon,Strasbourg,1,0
2019-10-05,2019-20,Montpellier,Monaco,3,1
2019-10-05,2019-20,Nantes,Nice,1,0
2019-10-05,2019-20,Toulouse,Bordeaux,1,3
2019-10-06,2019-20,Lille,Nimes,2,2
2019-10-06,2019-20,Rennes,Reims,0,1
2019-10-06,2019-20,St Etienne,Lyon,1,0
2019-10-18,2019-20,Nice,Paris SG,1,4
2019-10-19,2019-20,Lyon,Dijon,0,0
2019-10-19,2019-20,Angers,Brest,0,1
2019-10-19,2019-20,Metz,Nantes,1,0
2019-10-19,2019-20,Nimes,Amiens,1,1
2019-10-19,2019-20,Reims,Montpellier,1,0
2019-10-19,2019-20,Toulouse,Lille,2,1
2019-10-20,2019-20,Bordeaux,St Etienne,0,1
2019-10-20,2019-20,Monaco,Rennes,3,2
2019-10-20,2019-20,Marseille,Strasbourg,2,0
2019-10-25,2019-20,Nantes,Monaco,0,1
2019-10-26,2019-20,Lille,Bordeaux,3,0
2019-10-26,2019-20,Brest,Dijon,2,0
2019-10-26,2019-20,Lyon,Metz,2,0
2019-10-26,2019-20,Montpellier,Angers,0,0
2019-10-26,2019-20,Reims,Nimes,0,0
2019-10-26,2019-20,Strasbourg,Nice,1,0
2019-10-27,2019-20,Rennes,Toulouse,3,2
2019-10-27,2019-20,St Etienne,Amiens,2,2
2019-10-27,2019-20,Paris SG,Marseille,4,0
2019-11-01,2019-20,Dijon,Paris SG,2,1
2019-11-02,2019-20,Marseille,Lille,2,1
2019-11-02,2019-20,Amiens,Brest,1,0
2019-11-02,2019-20,Angers,Strasbourg,1,0
2019-11-02,2019-20,Metz,Montpellier,2,2
2019-11-02,2019-20,Toulouse,Lyon,2,3
2019-11-03,2019-20,Bordeaux,Nantes,2,0
2019-11-03,2019-20,Nice,Reims,2,0
2019-11-03,2019-20,St Etienne,Monaco,1,0
2019-11-08,2019-20,Nice,Bordeaux,1,1
2019-11-09,2019-20,Brest,Paris SG,1,2
2019-11-09,2019-20,Lille,Metz,0,0
2019-11-09,2019-20,Monaco,Dijon,1,0
2019-11-09,2019-20,Reims,Angers,0,0
2019-11-09,2019-20,Strasbourg,Nimes,4,1
2019-11-10,2019-20,Rennes,Amiens,3,1
2019-11-10,2019-20,Montpellier,Toulouse,3,0
2019-11-10,2019-20,Nantes,St Etienne,2,3
2019-11-10,2019-20,Marseille,Lyon,2,1
2019-11-22,2019-20,Paris SG,Lille,2,0
2019-11-23,2019-20,Lyon,Nice,2,1
2019-11-23,2019-20,Amiens,Strasbourg,0,4
2019-11-23,2019-20,Angers,Nimes,1,0
2019-11-23,2019-20,Brest,Nantes,1,1
2019-11-23,2019-20,Dijon,Rennes,2,1
2019-11-23,2019-20,Metz,Reims,1,1
2019-11-24,2019-20,Bordeaux,Monaco,2,1
2019-11-24,2019-20,St Etienne,Montpellier,0,0
2019-11-24,2019-20,Toulouse,Marseille,0,2
2019-11-29,2019-20,Marseille,Brest,2,1
2019-11-30,2019-20,Strasbourg,Lyon,1,2
2019-11-30,2019-20,Lille,Dijon,1,0
2019-11-30,2019-20,Montpellier,Amiens,4,2
2019-11-30,2019-20,Nice,Angers,3,1
2019-11-30,2019-20,Nimes,Metz,1,1
2019-11-30,2019-20,Reims,Bordeaux,1,1
2019-12-01,2019-20,Nantes,Toulouse,2,1
2019-12-01,2019-20,Rennes,St Etienne,2,1
2019-12-03,2019-20,Angers,Marseille,0,2
2019-12-03,2019-20,Bordeaux,Nimes,6,0
2019-12-03,2019-20,Brest,Strasbourg,5,0
2019-12-03,2019-20,Lyon,Lille,0,1
2019-12-04,2019-20,Dijon,Montpellier,2,2
2019-12-04,2019-20,Metz,Rennes,0,1
2019-12-04,2019-20,St Etienne,Nice,4,1
2019-12-04,2019-20,Toulouse,Monaco,1,2
2019-12-04,2019-20,Paris SG,Nantes,2,0
2019-12-06,2019-20,Lille,Brest,1,0
2019-12-06,2019-20,Nimes,Lyon,0,4
2019-12-07,2019-20,Montpellier,Paris SG,1,3
2019-12-07,2019-20,Monaco,Amiens,3,0
2019-12-07,2019-20,Nice,Metz,4,1
2019-12-07,2019-20,Rennes,Angers,2,1
2019-12-07,2019-20,Strasbourg,Toulouse,4,2
2019-12-08,2019-20,Reims,St Etienne,3,1
2019-12-08,2019-20,Nantes,Dijon,1,0
2019-12-08,2019-20,Marseille,Bordeaux,3,1
2019-12-13,2019-20,Lille,Montpellier,2,1
2019-12-14,2019-20,Metz,Marseille,1,1
2019-12-14,2019-20,Amiens,Dijon,1,1
2019-12-14,2019-20,Angers,Monaco,0,0
2019-12-14,2019-20,Brest,Nice,0,0
2019-12-14,2019-20,Nimes,Nantes,0,1
2019-12-14,2019-20,Toulouse,Reims,0,1
2019-12-15,2019-20,Bordeaux,Strasbourg,0,1
2019-12-15,2019-20,Lyon,Rennes,0,1
2019-12-15,2019-20,St Etienne,Paris SG,0,4
2019-12-21,2019-20,Dijon,Metz,2,2
2019-12-21,2019-20,Marseille,Nimes,3,1
2019-12-21,2019-20,Monaco,Lille,5,1
2019-12-21,2019-20,Montpellier,Brest,4,0
2019-12-21,2019-20,Nantes,Angers,1,2
2019-12-21,2019-20,Nice,Toulouse,3,0
2019-12-21,2019-20,Paris SG,Amiens,4,1
2019-12-21,2019-20,Reims,Lyon,1,1
2019-12-21,2019-20,Rennes,Bordeaux,1,0
2019-12-21,2019-20,Strasbourg,St Etienne,2,1
2020-01-10,2019-20,Rennes,Marseille,0,1
2020-01-11,2019-20,Bordeaux,Lyon,1,2
2020-01-11,2019-20,Amiens,Montpellier,1,2
2020-01-11,2019-20,Angers,Nice,1,1
2020-01-11,2019-20,Metz,Strasbourg,1,0
2020-01-11,2019-20,Nimes,Reims,2,0
2020-01-11,2019-20,Toulouse,Brest,2,5
2020-01-12,2019-20,St Etienne,Nantes,0,2
2020-01-12,2019-20,Dijon,Lille,1,0
2020-01-12,2019-20,Paris SG,Monaco,3,3
2020-01-15,2019-20,Amiens,Reims,1,1
2020-01-15,2019-20,Nimes,Rennes,0,1
2020-01-15,2019-20,Monaco,Paris SG,1,4
2020-01-24,2019-20,Nice,Rennes,1,1
2020-01-25,2019-20,Marseille,Angers,0,0
2020-01-25,2019-20,Brest,Amiens,2,1
2020-01-25,2019-20,Monaco,Strasbourg,1,3
2020-01-25,2019-20,Montpellier,Dijon,2,1
2020-01-25,2019-20,Reims,Metz,0,1
2020-01-25,2019-20,St Etienne,Nimes,2,1
2020-01-26,2019-20,Lyon,Toulouse,3,0
2020-01-26,2019-20,Nantes,Bordeaux,0,1
2020-01-26,2019-20,Lille,Paris SG,0,2
2020-01-31,2019-20,Rennes,Nantes,3,2
2020-02-01,2019-20,Paris SG,Montpellier,5,0
2020-02-01,2019-20,Amiens,Toulouse,0,0
2020-02-01,2019-20,Angers,Reims,1,4
2020-02-01,2019-20,Dijon,Brest,3,0
2020-02-01,2019-20,Nimes,Monaco,3,1
2020-02-01,2019-20,Strasbourg,Lille,1,2
2020-02-02,2019-20,Nice,Lyon,2,1
2020-02-02,2019-20,Metz,St Etienne,3,1
2020-02-02,2019-20,Bordeaux,Marseille,0,0
2020-02-04,2019-20,Lille,Rennes,1,0
2020-02-04,2019-20,Monaco,Angers,1,0
2020-02-04,2019-20,Nantes,Paris SG,1,2
2020-02-05,2019-20,Brest,Bordeaux,1,1
2020-02-05,2019-20,Lyon,Amiens,0,0
2020-02-05,2019-20,Montpellier,Metz,1,1
2020-02-05,2019-20,Nimes,Dijon,2,0
2020-02-05,2019-20,Reims,Nice,1,1
2020-02-05,2019-20,Toulouse,Strasbourg,0,1
2020-02-05,2019-20,St Etienne,Marseille,0,2
2020-02-07,2019-20,Angers,Lille,0,2
2020-02-08,2019-20,Marseille,Toulouse,1,0
2020-02-08,2019-20,Amiens,Monaco,1,2
2020-02-08,2019-20,Dijon,Nantes,3,3
2020-02-08,2019-20,Metz,Bordeaux,1,2
2020-02-08,2019-20,Nice,Nimes,1,3
2020-02-08,2019-20,Rennes,Brest,0,0
2020-02-09,2019-20,Montpellier,St Etienne,1,0
2020-02-09,2019-20,Strasbourg,Reims,3,0
2020-02-09,2019-20,Paris SG,Lyon,4,2
2020-02-14,2019-20,Monaco,Montpellier,1,0
2020-02-15,2019-20,Amiens,Paris SG,4,4
2020-02-15,2019-20,Bordeaux,Dijon,2,2
2020-02-15,2019-20,Nantes,Metz,0,0
2020-02-15,2019-20,Nimes,Angers,1,0
2020-02-15,2019-20,Toulouse,Nice,0,2
2020-02-16,2019-20,Lyon,Strasbourg,1,1
2020-02-16,2019-20,Brest,St Etienne,3,2
2020-02-16,2019-20,Reims,Rennes,1,0
2020-02-16,2019-20,Lille,Marseille,1,2
2020-02-21,2019-20,Nice,Brest,2,2
2020-02-21,2019-20,Metz,Lyon,0,2
2020-02-22,2019-20,Marseille,Nantes,1,3
2020-02-22,2019-20,Angers,Montpellier,1,0
2020-02-22,2019-20,Dijon,Monaco,1,1
2020-02-22,2019-20,Lille,Toulouse,3,0
2020-02-22,2019-20,Strasbourg,Amiens,0,0
2020-02-23,2019-20,St Etienne,Reims,1,1
2020-02-23,2019-20,Rennes,Nimes,2,1
2020-02-23,2019-20,Paris SG,Bordeaux,4,3
2020-02-28,2019-20,Nimes,Marseille,2,3
2020-02-29,2019-20,Paris SG,Dijon,4,0
2020-02-29,2019-20,Amiens,Metz,0,1
2020-02-29,2019-20,Brest,Angers,0,1
2020-02-29,2019-20,Monaco,Reims,1,1
2020-02-29,2019-20,Montpellier,Strasbourg,3,0
2020-02-29,2019-20,Toulouse,Rennes,0,2
2020-03-01,2019-20,Nantes,Lille,0,1
2020-03-01,2019-20,Bordeaux,Nice,1,1
2020-03-01,2019-20,Lyon,St Etienne,2,0
2020-03-06,2019-20,Marseille,Amiens,2,2
2020-03-07,2019-20,Angers,Nantes,2,0
2020-03-07,2019-20,Dijon,Toulouse,2,1
2020-03-07,2019-20,Metz,Nimes,2,1
2020-03-07,2019-20,Nice,Monaco,2,1
2020-03-07,2019-20,Reims,Brest,1,0
2020-03-08,2019-20,St Etienne,Bordeaux,1,1
2020-03-08,2019-20,Rennes,Montpellier,5,0
2020-03-08,2019-20,Lille,Lyon,1,0
2020-08-21,2020-21,Bordeaux,Nantes,0,0
2020-08-22,2020-21,Dijon,Angers,0,1
2020-08-22,2020-21,Lille,Rennes,1,1
2020-08-23,2020-21,Monaco,Reims,2,2
2020-08-23,2020-21,Lorient,Strasbourg,3,1
2020-08-23,2020-21,Nimes,Brest,4,0
2020-08-23,2020-21,Nice,Lens,2,1
2020-08-28,2020-21,Lyon,Dijon,4,1
2020-08-29,2020-21,Rennes,Montpellier,2,1
2020-08-29,2020-21,Strasbourg,Nice,0,2
2020-08-30,2020-21,Reims,Lille,0,1
2020-08-30,2020-21,Angers,Bordeaux,0,2
2020-08-30,2020-21,Metz,Monaco,0,1
2020-08-30,2020-21,Nantes,Nimes,2,1
2020-08-30,2020-21,St Etienne,Lorient,2,0
2020-08-30,2020-21,Brest,Marseille,2,3
2020-09-10,2020-21,Lens,Paris SG,1,0
2020-09-11,2020-21,Bordeaux,Lyon,0,0
2020-09-12,2020-21,Montpellier,Nice,3,1
2020-09-12,2020-21,St Etienne,Strasbourg,2,0
2020-09-13,2020-21,Lille,Metz,1,0
2020-09-13,2020-21,Angers,Reims,1,0
2020-09-13,2020-21,Dijon,Brest,0,2
2020-09-13,2020-21,Lorient,Lens,2,3
2020-09-13,2020-21,Nimes,Rennes,2,4
2020-09-13,2020-21,Monaco,Nantes,2,1
2020-09-13,2020-21,Paris SG,Marseille,0,1
2020-09-15,2020-21,Montpellier,Lyon,2,1
2020-09-16,2020-21,Paris SG,Metz,1,0
2020-09-17,2020-21,Marseille,St Etienne,0,2
2020-09-18,2020-21,Lyon,Nimes,0,0
2020-09-19,2020-21,Lens,Bordeaux,2,1
2020-09-19,2020-21,Rennes,Monaco,2,1
2020-09-20,2020-21,Nice,Paris SG,0,3
2020-09-20,2020-21,Brest,Lorient,3,2
2020-09-20,2020-21,Metz,Reims,2,1
2020-09-20,2020-21,Montpellier,Angers,4,1
2020-09-20,2020-21,Strasbourg,Dijon,1,0
2020-09-20,2020-21,Nantes,St Etienne,2,2
2020-09-20,2020-21,Marseille,Lille,1,1
2020-09-25,2020-21,Lille,Nantes,2,0
2020-09-26,2020-21,St Etienne,Rennes,0,3
2020-09-26,2020-21,Marseille,Metz,1,1
2020-09-27,2020-21,Bordeaux,Nice,0,0
2020-09-27,2020-21,Angers,Brest,3,2
2020-09-27,2020-21,Dijon,Montpellier,2,2
2020-09-27,2020-21,Monaco,Strasbourg,3,2
2020-09-27,2020-21,Nimes,Lens,1,1
2020-09-27,2020-21,Lorient,Lyon,1,1
2020-09-27,2020-21,Reims,Paris SG,0,2
2020-10-02,2020-21,Paris SG,Angers,6,1
2020-10-03,2020-21,Lens,St Etienne,2,0
2020-10-03,2020-21,Nice,Nantes,2,1
2020-10-04,2020-21,Montpellier,Nimes,0,1
2020-10-04,2020-21,Bordeaux,Dijon,3,0
2020-10-04,2020-21,Brest,Monaco,1,0
2020-10-04,2020-21,Metz,Lorient,3,1
2020-10-04,2020-21,Strasbourg,Lille,0,3
2020-10-04,2020-21,Rennes,Reims,2,2
2020-10-04,2020-21,Lyon,Marseille,1,1
2020-10-16,2020-21,Dijon,Rennes,1,1
2020-10-16,2020-21,Nimes,Paris SG,0,4
2020-10-17,2020-21,Reims,Lorient,1,3
2020-10-17,2020-21,Marseille,Bordeaux,3,1
2020-10-18,2020-21,Strasbourg,Lyon,2,3
2020-10-18,2020-21,Angers,Metz,1,1
2020-10-18,2020-21,Monaco,Montpellier,1,1
2020-10-18,2020-21,Nantes,Brest,3,1
2020-10-18,2020-21,St Etienne,Nice,1,3
2020-10-18,2020-21,Lille,Lens,4,0
2020-10-23,2020-21,Rennes,Angers,1,2
2020-10-24,2020-21,Lorient,Marseille,0,1
2020-10-24,2020-21,Paris SG,Dijon,4,0
2020-10-25,2020-21,Bordeaux,Nimes,2,0
2020-10-25,2020-21,Brest,Strasbourg,0,3
2020-10-25,2020-21,Metz,St Etienne,2,0
2020-10-25,2020-21,Montpellier,Reims,0,4
2020-10-25,2020-21,Nice,Lille,1,1
2020-10-25,2020-21,Lyon,Monaco,4,1
2020-10-31,2020-21,Rennes,Brest,2,1
2020-10-31,2020-21,Nantes,Paris SG,0,3
2020-11-01,2020-21,St Etienne,Montpellier,0,1
2020-11-01,2020-21,Angers,Nice,0,3
2020-11-01,2020-21,Dijon,Lorient,0,0
2020-11-01,2020-21,Nimes,Metz,0,1
2020-11-01,2020-21,Reims,Strasbourg,2,1
2020-11-01,2020-21,Monaco,Bordeaux,4,0
2020-11-01,2020-21,Lille,Lyon,1,1
2020-11-06,2020-21,Strasbourg,Marseille,0,1
2020-11-07,2020-21,Bordeaux,Montpellier,0,2
2020-11-07,2020-21,Paris SG,Rennes,3,0
2020-11-08,2020-21,Brest,Lille,3,2
2020-11-08,2020-21,Lens,Reims,4,4
2020-11-08,2020-21,Lorient,Nantes,0,2
2020-11-08,2020-21,Metz,Dijon,1,1
2020-11-08,2020-21,Nimes,Angers,1,5
2020-11-08,2020-21,Nice,Monaco,1,2
2020-11-08,2020-21,Lyon,St Etienne,2,1
2020-11-20,2020-21,Rennes,Bordeaux,0,1
2020-11-20,2020-21,Monaco,Paris SG,3,2
2020-11-21,2020-21,Brest,St Etienne,4,1
2020-11-22,2020-21,Nantes,Metz,1,1
2020-11-22,2020-21,Dijon,Lens,0,1
2020-11-22,2020-21,Montpellier,Strasbourg,4,3
2020-11-22,2020-21,Reims,Nimes,0,1
2020-11-22,2020-21,Angers,Lyon,0,1
2020-11-22,2020-21,Lille,Lorient,4,0
2020-11-25,2020-21,Lens,Nantes,1,1
2020-11-27,2020-21,Strasbourg,Rennes,1,1
2020-11-28,2020-21,Marseille,Nantes,3,1
2020-11-28,2020-21,Paris SG,Bordeaux,2,2
2020-11-29,2020-21,Lyon,Reims,3,0
2020-11-29,2020-21,Lens,Angers,1,3
2020-11-29,2020-21,Lorient,Montpellier,0,1
2020-11-29,2020-21,Metz,Brest,0,2
2020-11-29,2020-21,Monaco,Nimes,3,0
2020-11-29,2020-21,Nice,Dijon,1,3
2020-11-29,2020-21,St Etienne,Lille,1,1
2020-12-04,2020-21,Nimes,Marseille,0,2
2020-12-05,2020-21,Rennes,Lens,0,2
2020-12-05,2020-21,Montpellier,Paris SG,1,3
2020-12-06,2020-21,Lille,Monaco,2,1
2020-12-06,2020-21,Angers,Lorient,2,0
2020-12-06,2020-21,Bordeaux,Brest,1,0
2020-12-06,2020-21,Dijon,St Etienne,0,0
2020-12-06,2020-21,Nantes,Strasbourg,0,4
2020-12-06,2020-21,Reims,Nice,0,0
2020-12-06,2020-21,Metz,Lyon,1,3
2020-12-11,2020-21,St Etienne,Angers,0,0
2020-12-12,2020-21,Marseille,Monaco,2,1
2020-12-12,2020-21,Lens,Montpellier,2,3
2020-12-13,2020-21,Nice,Rennes,0,1
2020-12-13,2020-21,Brest,Reims,2,1
2020-12-13,2020-21,Lorient,Nimes,3,0
2020-12-13,2020-21,Nantes,Dijon,1,1
2020-12-13,2020-21,Strasbourg,Metz,2,2
2020-12-13,2020-21,Lille,Bordeaux,2,1
2020-12-13,2020-21,Paris SG,Lyon,0,1
2020-12-16,2020-21,Angers,Strasbourg,0,2
2020-12-16,2020-21,Dijon,Lille,0,2
2020-12-16,2020-21,Montpellier,Metz,0,2
2020-12-16,2020-21,Nimes,Nice,0,2
2020-12-16,2020-21,Reims,Nantes,3,2
2020-12-16,2020-21,Bordeaux,St Etienne,1,2
2020-12-16,2020-21,Lyon,Brest,2,2
2020-12-16,2020-21,Monaco,Lens,0,3
2020-12-16,2020-21,Paris SG,Lorient,2,0
2020-12-16,2020-21,Rennes,Marseille,2,1
2020-12-19,2020-21,Metz,Lens,2,0
2020-12-19,2020-21,Marseille,Reims,1,1
2020-12-19,2020-21,Nice,Lyon,1,4
2020-12-20,2020-21,Brest,Montpellier,2,2
2020-12-20,2020-21,Dijon,Monaco,0,1
2020-12-20,2020-21,Nantes,Angers,1,1
2020-12-20,2020-21,St Etienne,Nimes,2,2
2020-12-20,2020-21,Strasbourg,Bordeaux,0,2
2020-12-20,2020-21,Lorient,Rennes,0,3
2020-12-20,2020-21,Lille,Paris SG,0,0
2020-12-23,2020-21,Bordeaux,Reims,1,3
2020-12-23,2020-21,Lens,Brest,2,1
2020-12-23,2020-21,Nice,Lorient,2,2
2020-12-23,2020-21,Nimes,Dijon,1,3
2020-12-23,2020-21,Rennes,Metz,1,0
2020-12-23,2020-21,Angers,Marseille,2,1
2020-12-23,2020-21,Lyon,Nantes,3,0
2020-12-23,2020-21,Monaco,St Etienne,2,2
2020-12-23,2020-21,Montpellier,Lille,2,3
2020-12-23,2020-21,Paris SG,Strasbourg,4,0
2021-01-06,2020-21,Brest,Nice,2,0
2021-01-06,2020-21,Lorient,Monaco,2,5
2021-01-06,2020-21,Metz,Bordeaux,0,0
2021-01-06,2020-21,Nantes,Rennes,0,0
2021-01-06,2020-21,Strasbourg,Nimes,5,0
2021-01-06,2020-21,Lille,Angers,1,2
2021-01-06,2020-21,Lyon,Lens,3,2
2021-01-06,2020-21,Marseille,Montpellier,3,1
2021-01-06,2020-21,Reims,Dijon,0,0
2021-01-06,2020-21,St Etienne,Paris SG,1,1
2021-01-09,2020-21,Bordeaux,Lorient,2,1
2021-01-09,2020-21,Dijon,Marseille,0,0
2021-01-09,2020-21,Lens,Strasbourg,0,1
2021-01-09,2020-21,Metz,Nice,1,1
2021-01-09,2020-21,Monaco,Angers,3,0
2021-01-09,2020-21,Montpellier,Nantes,1,1
2021-01-09,2020-21,Nimes,Lille,0,1
2021-01-09,2020-21,Paris SG,Brest,3,0
2021-01-09,2020-21,Reims,St Etienne,3,1
2021-01-09,2020-21,Rennes,Lyon,2,2
2021-01-15,2020-21,Montpellier,Monaco,2,3
2021-01-16,2020-21,Marseille,Nimes,1,2
2021-01-16,2020-21,Angers,Paris SG,0,1
2021-01-17,2020-21,Brest,Rennes,1,2
2021-01-17,2020-21,Nantes,Lens,1,1
2021-01-17,2020-21,Nice,Bordeaux,0,3
2021-01-17,2020-21,Strasbourg,St Etienne,1,0
2021-01-17,2020-21,Lille,Reims,2,1
2021-01-17,2020-21,Lyon,Metz,0,1
2021-01-20,2020-21,Marseille,Lens,0,1
2021-01-22,2020-21,Paris SG,Montpellier,4,0
2021-01-23,2020-21,Lens,Nice,0,1
2021-01-23,2020-21,Monaco,Marseille,3,1
2021-01-24,2020-21,Bordeaux,Angers,2,1
2021-01-24,2020-21,Dijon,Strasbourg,1,1
2021-01-24,2020-21,Metz,Nantes,2,0
2021-01-24,2020-21,Reims,Brest,1,0
2021-01-24,2020-21,Rennes,Lille,0,1
2021-01-24,2020-21,St Etienne,Lyon,0,5
2021-01-27,2020-21,Lorient,Dijon,3,2
2021-01-29,2020-21,Lyon,Bordeaux,2,1
2021-01-30,2020-21,Montpellier,Lens,1,2
2021-01-31,2020-21,Nice,St Etienne,0,1
2021-01-31,2020-21,Angers,Nimes,3,1
2021-01-31,2020-21,Brest,Metz,2,4
2021-01-31,2020-21,Lorient,Paris SG,3,2
2021-01-31,2020-21,Strasbourg,Reims,0,1
2021-01-31,2020-21,Lille,Dijon,1,0
2021-01-31,2020-21,Nantes,Monaco,1,2
2021-02-03,2020-21,Bordeaux,Lille,0,3
2021-02-03,2020-21,Metz,Montpellier,1,1
2021-02-03,2020-21,Reims,Angers,0,0
2021-02-03,2020-21,Rennes,Lorient,1,1
2021-02-03,2020-21,Strasbourg,Brest,2,2
2021-02-03,2020-21,Dijon,Lyon,0,1
2021-02-03,2020-21,Lens,Marseille,2,2
2021-02-03,2020-21,Monaco,Nice,2,1
2021-02-03,2020-21,Paris SG,Nimes,3,0
2021-02-03,2020-21,St Etienne,Nantes,1,1
2021-02-06,2020-21,Lorient,Reims,1,0
2021-02-06,2020-21,Lyon,Strasbourg,3,0
2021-02-06,2020-21,Lens,Rennes,0,0
2021-02-07,2020-21,Brest,Bordeaux,2,1
2021-02-07,2020-21,Montpellier,Dijon,4,2
2021-02-07,2020-21,Nice,Angers,3,0
2021-02-07,2020-21,Nimes,Monaco,3,4
2021-02-07,2020-21,St Etienne,Metz,1,0
2021-02-07,2020-21,Nantes,Lille,0,2
2021-02-07,2020-21,Marseille,Paris SG,0,2
2021-02-13,2020-21,Paris SG,Nice,2,1
2021-02-13,2020-21,Reims,Lens,1,1
2021-02-13,2020-21,Lyon,Montpellier,1,2
2021-02-14,2020-21,Monaco,Lorient,2,2
2021-02-14,2020-21,Angers,Nantes,1,3
2021-02-14,2020-21,Dijon,Nimes,0,2
2021-02-14,2020-21,Metz,Strasbourg,1,2
2021-02-14,2020-21,Rennes,St Etienne,0,2
2021-02-14,2020-21,Lille,Brest,0,0
2021-02-14,2020-21,Bordeaux,Marseille,0,0
2021-02-17,2020-21,Marseille,Nice,3,2
2021-02-19,2020-21,Brest,Lyon,2,3
2021-02-20,2020-21,St Etienne,Reims,1,1
2021-02-20,2020-21,Nantes,Marseille,1,1
2021-02-21,2020-21,Montpellier,Rennes,2,1
2021-02-21,2020-21,Lens,Dijon,2,1
2021-02-21,2020-21,Nice,Metz,1,2
2021-02-21,2020-21,Nimes,Bordeaux,2,0
2021-02-21,2020-21,Strasbourg,Angers,0,0
2021-02-21,2020-21,Lorient,Lille,1,4
2021-02-21,2020-21,Paris SG,Monaco,0,2
2021-02-24,2020-21,Nimes,Lorient,1,0
2021-02-26,2020-21,Rennes,Nice,1,2
2021-02-27,2020-21,Bordeaux,Metz,1,2
2021-02-27,2020-21,Dijon,Paris SG,0,4
2021-02-28,2020-21,Monaco,Brest,2,0
2021-02-28,2020-21,Angers,Lens,2,2
2021-02-28,2020-21,Lorient,St Etienne,2,1
2021-02-28,2020-21,Nimes,Nantes,1,1
2021-02-28,2020-21,Reims,Montpellier,0,0
2021-02-28,2020-21,Lille,Strasbourg,1,1
2021-02-28,2020-21,Marseille,Lyon,1,1
2021-03-03,2020-21,Brest,Dijon,3,1
2021-03-03,2020-21,Lyon,Rennes,1,0
2021-03-03,2020-21,Metz,Angers,0,1
2021-03-03,2020-21,Nice,Nimes,2,1
2021-03-03,2020-21,St Etienne,Lens,2,3
2021-03-03,2020-21,Bordeaux,Paris SG,0,1
2021-03-03,2020-21,Lille,Marseille,2,0
2021-03-03,2020-21,Montpellier,Lorient,1,1
2021-03-03,2020-21,Nantes,Reims,1,2
2021-03-03,2020-21,Strasbourg,Monaco,1,0
2021-03-10,2020-21,Marseille,Rennes,1,0
2021-03-12,2020-21,Reims,Lyon,1,1
2021-03-13,2020-21,Angers,St Etienne,0,1
2021-03-13,2020-21,Marseille,Brest,3,1
2021-03-14,2020-21,Nimes,Montpellier,1,1
2021-03-14,2020-21,Dijon,Bordeaux,1,3
2021-03-14,2020-21,Lens,Metz,2,2
2021-03-14,2020-21,Lorient,Nice,1,1
2021-03-14,2020-21,Rennes,Strasbourg,1,0
2021-03-14,2020-21,Monaco,Lille,0,0
2021-03-14,2020-21,Paris SG,Nantes,1,2
2021-03-19,2020-21,St Etienne,Monaco,0,4
2021-03-20,2020-21,Metz,Rennes,1,3
2021-03-20,2020-21,Nice,Marseille,3,0
2021-03-21,2020-21,Strasbourg,Lens,1,2
2021-03-21,2020-21,Brest,Angers,0,0
2021-03-21,2020-21,Dijon,Reims,0,1
2021-03-21,2020-21,Montpellier,Bordeaux,3,1
2021-03-21,2020-21,Nantes,Lorient,1,1
2021-03-21,2020-21,Lille,Nimes,1,2
2021-03-21,2020-21,Lyon,Paris SG,2,4
2021-04-03,2020-21,Monaco,Metz,4,0
2021-04-03,2020-21,Paris SG,Lille,0,1
2021-04-03,2020-21,Lens,Lyon,1,1
2021-04-04,2020-21,Angers,Montpellier,1,1
2021-04-04,2020-21,Bordeaux,Strasbourg,2,3
2021-04-04,2020-21,Lorient,Brest,1,0
2021-04-04,2020-21,Nantes,Nice,1,2
2021-04-04,2020-21,Reims,Rennes,2,2
2021-04-04,2020-21,Nimes,St Etienne,0,2
2021-04-04,2020-21,Marseille,Dijon,2,0
2021-04-09,2020-21,Metz,Lille,0,2
2021-04-10,2020-21,Strasbourg,Paris SG,1,4
2021-04-10,2020-21,Montpellier,Marseille,3,3
2021-04-11,2020-21,Rennes,Nantes,1,0
2021-04-11,2020-21,Brest,Nimes,1,1
2021-04-11,2020-21,Lens,Lorient,4,1
2021-04-11,2020-21,Nice,Reims,0,0
2021-04-11,2020-21,St Etienne,Bordeaux,4,1
2021-04-11,2020-21,Monaco,Dijon,3,0
2021-04-11,2020-21,Lyon,Angers,3,0
2021-04-16,2020-21,Lille,Montpellier,1,1
2021-04-17,2020-21,Angers,Rennes,0,3
2021-04-17,2020-21,Marseille,Lorient,3,2
2021-04-18,2020-21,Paris SG,St Etienne,3,2
2021-04-18,2020-21,Brest,Lens,1,1
2021-04-18,2020-21,Dijon,Nice,2,0
2021-04-18,2020-21,Nimes,Strasbourg,1,1
2021-04-18,2020-21,Reims,Metz,0,0
2021-04-18,2020-21,Bordeaux,Monaco,0,3
2021-04-18,2020-21,Nantes,Lyon,1,2
2021-04-23,2020-21,Reims,Marseille,1,3
2021-04-24,2020-21,St Etienne,Brest,1,2
2021-04-24,2020-21,Metz,Paris SG,1,3
2021-04-25,2020-21,Nice,Montpellier,3,1
2021-04-25,2020-21,Lens,Nimes,2,1
2021-04-25,2020-21,Lorient,Bordeaux,4,1
2021-04-25,2020-21,Rennes,Dijon,5,1
2021-04-25,2020-21,Strasbourg,Nantes,1,2
2021-04-25,2020-21,Angers,Monaco,0,1
2021-04-25,2020-21,Lyon,Lille,2,3
2021-04-30,2020-21,Marseille,Strasbourg,1,1
2021-05-01,2020-21,Paris SG,Lens,2,1
2021-05-01,2020-21,Lille,Nice,2,0
2021-05-02,2020-21,Bordeaux,Rennes,1,0
2021-05-02,2020-21,Brest,Nantes,1,4
2021-05-02,2020-21,Dijon,Metz,1,5
2021-05-02,2020-21,Lorient,Angers,2,0
2021-05-02,2020-21,Nimes,Reims,2,2
2021-05-02,2020-21,Montpellier,St Etienne,1,2
2021-05-02,2020-21,Monaco,Lyon,2,3
2021-05-07,2020-21,Lens,Lille,0,3
2021-05-08,2020-21,Nantes,Bordeaux,3,0
2021-05-08,2020-21,Lyon,Lorient,4,1
2021-05-09,2020-21,St Etienne,Marseille,1,0
2021-05-09,2020-21,Angers,Dijon,3,0
2021-05-09,2020-21,Metz,Nimes,0,3
2021-05-09,2020-21,Nice,Brest,3,2
2021-05-09,2020-21,Strasbourg,Montpellier,2,3
2021-05-09,2020-21,Reims,Monaco,0,1
2021-05-09,2020-21,Rennes,Paris SG,1,1
2021-05-16,2020-21,Bordeaux,Lens,3,0
2021-05-16,2020-21,Dijon,Nantes,0,4
2021-05-16,2020-21,Lille,St Etienne,0,0
2021-05-16,2020-21,Lorient,Metz,2,1
2021-05-16,2020-21,Marseille,Angers,3,2
2021-05-16,2020-21,Monaco,Rennes,2,1
2021-05-16,2020-21,Montpellier,Brest,0,0
2021-05-16,2020-21,Nice,Strasbourg,0,2
2021-05-16,2020-21,Nimes,Lyon,2,5
2021-05-16,2020-21,Paris SG,Reims,4,0
2021-05-23,2020-21,Angers,Lille,1,2
2021-05-23,2020-21,Brest,Paris SG,0,2
2021-05-23,2020-21,Lens,Monaco,0,0
2021-05-23,2020-21,Lyon,Nice,2,3
2021-05-23,2020-21,Metz,Marseille,1,1
2021-05-23,2020-21,Nantes,Montpellier,1,2
2021-05-23,2020-21,Reims,Bordeaux,1,2
2021-05-23,2020-21,Rennes,Nimes,2,0
2021-05-23,2020-21,St Etienne,Dijon,0,1
2021-05-23,2020-21,Strasbourg,Lorient,1,1
2021-08-06,2021-22,Monaco,Nantes,1,1
2021-08-07,2021-22,Lyon,Brest,1,1
2021-08-07,2021-22,Troyes,Paris SG,1,2
2021-08-08,2021-22,Rennes,Lens,1,1
2021-08-08,2021-22,Bordeaux,Clermont,0,2
2021-08-08,2021-22,Nice,Reims,0,0
2021-08-08,2021-22,St Etienne,Lorient,1,1
2021-08-08,2021-22,Strasbourg,Angers,0,2
2021-08-08,2021-22,Metz,Lille,3,3
2021-08-08,2021-22,Montpellier,Marseille,2,3
2021-08-13,2021-22,Lorient,Monaco,1,0
2021-08-14,2021-22,Lille,Nice,0,4
2021-08-14,2021-22,Paris SG,Strasbourg,4,2
2021-08-15,2021-22,Angers,Lyon,3,0
2021-08-15,2021-22,Brest,Rennes,1,1
2021-08-15,2021-22,Clermont,Troyes,2,0
2021-08-15,2021-22,Nantes,Metz,2,0
2021-08-15,2021-22,Reims,Montpellier,3,3
2021-08-15,2021-22,Lens,St Etienne,2,2
2021-08-15,2021-22,Marseille,Bordeaux,2,2
2021-08-20,2021-22,Brest,Paris SG,2,4
2021-08-21,2021-22,Monaco,Lens,0,2
2021-08-21,2021-22,St Etienne,Lille,1,1
2021-08-22,2021-22,Lyon,Clermont,3,3
2021-08-22,2021-22,Bordeaux,Angers,1,1
2021-08-22,2021-22,Metz,Reims,1,1
2021-08-22,2021-22,Montpellier,Lorient,3,1
2021-08-22,2021-22,Strasbourg,Troyes,1,1
2021-08-22,2021-22,Rennes,Nantes,1,0
2021-08-27,2021-22,Nantes,Lyon,0,1
2021-08-28,2021-22,Nice,Bordeaux,4,0
2021-08-28,2021-22,Marseille,St Etienne,3,1
2021-08-29,2021-22,Troyes,Monaco,1,2
2021-08-29,2021-22,Angers,Rennes,2,0
2021-08-29,2021-22,Clermont,Metz,2,2
2021-08-29,2021-22,Lens,Lorient,2,2
2021-08-29,2021-22,Strasbourg,Brest,3,1
2021-08-29,2021-22,Lille,Montpellier,2,1
2021-08-29,2021-22,Reims,Paris SG,0,2
2021-09-10,2021-22,Lorient,Lille,2,1
2021-09-11,2021-22,Paris SG,Clermont,4,0
2021-09-11,2021-22,Monaco,Marseille,0,2
2021-09-12,2021-22,Montpellier,St Etienne,2,0
2021-09-12,2021-22,Bordeaux,Lens,2,3
2021-09-12,2021-22,Brest,Angers,1,1
2021-09-12,2021-22,Metz,Troyes,0,2
2021-09-12,2021-22,Rennes,Reims,0,2
2021-09-12,2021-22,Nantes,Nice,0,2
2021-09-12,2021-22,Lyon,Strasbourg,3,1
2021-09-17,2021-22,Strasbourg,Metz,3,0
2021-09-18,2021-22,Lens,Lille,1,0
2021-09-18,2021-22,St Etienne,Bordeaux,1,2
2021-09-19,2021-22,Nice,Monaco,2,2
2021-09-19,2021-22,Angers,Nantes,1,4
2021-09-19,2021-22,Clermont,Brest,1,1
2021-09-19,2021-22,Reims,Lorient,0,0
2021-09-19,2021-22,Troyes,Montpellier,1,1
2021-09-19,2021-22,Marseille,Rennes,2,0
2021-09-19,2021-22,Paris SG,Lyon,2,1
2021-09-22,2021-22,Lille,Reims,2,1
2021-09-22,2021-22,Monaco,St Etienne,3,1
2021-09-22,2021-22,Montpellier,Bordeaux,3,3
2021-09-22,2021-22,Nantes,Brest,3,1
2021-09-22,2021-22,Rennes,Clermont,6,0
2021-09-22,2021-22,Angers,Marseille,0,0
2021-09-22,2021-22,Lens,Strasbourg,0,1
2021-09-22,2021-22,Lorient,Nice,1,0
2021-09-22,2021-22,Lyon,Troyes,3,1
2021-09-22,2021-22,Metz,Paris SG,1,2
2021-09-25,2021-22,St Etienne,Nice,0,3
2021-09-25,2021-22,Strasbourg,Lille,1,2
2021-09-25,2021-22,Lyon,Lorient,1,1
2021-09-25,2021-22,Paris SG,Montpellier,2,0
2021-09-26,2021-22,Bordeaux,Rennes,1,1
2021-09-26,2021-22,Brest,Metz,1,2
2021-09-26,2021-22,Reims,Nantes,3,1
2021-09-26,2021-22,Troyes,Angers,1,1
2021-09-26,2021-22,Clermont,Monaco,1,3
2021-09-26,2021-22,Marseille,Lens,2,3
2021-10-01,2021-22,Lens,Reims,2,0
2021-10-02,2021-22,Montpellier,Strasbourg,1,1
2021-10-02,2021-22,Nice,Brest,2,1
2021-10-03,2021-22,Rennes,Paris SG,2,0
2021-10-03,2021-22,Angers,Metz,3,2
2021-10-03,2021-22,Lorient,Clermont,1,1
2021-10-03,2021-22,Monaco,Bordeaux,3,0
2021-10-03,2021-22,Nantes,Troyes,2,0
2021-10-03,2021-22,Lille,Marseille,2,0
2021-10-03,2021-22,St Etienne,Lyon,1,1
2021-10-15,2021-22,Paris SG,Angers,2,1
2021-10-16,2021-22,Clermont,Lille,1,0
2021-10-16,2021-22,Lyon,Monaco,2,0
2021-10-17,2021-22,Troyes,Nice,1,0
2021-10-17,2021-22,Bordeaux,Nantes,1,1
2021-10-17,2021-22,Brest,Reims,1,1
2021-10-17,2021-22,Metz,Rennes,0,3
2021-10-17,2021-22,Strasbourg,St Etienne,5,1
2021-10-17,2021-22,Montpellier,Lens,1,0
2021-10-17,2021-22,Marseille,Lorient,4,1
2021-10-22,2021-22,St Etienne,Angers,2,2
2021-10-23,2021-22,Nantes,Clermont,2,1
2021-10-23,2021-22,Lille,Brest,1,1
2021-10-24,2021-22,Nice,Lyon,3,2
2021-10-24,2021-22,Lens,Metz,4,1
2021-10-24,2021-22,Lorient,Bordeaux,1,1
2021-10-24,2021-22,Reims,Troyes,1,2
2021-10-24,2021-22,Rennes,Strasbourg,1,0
2021-10-24,2021-22,Monaco,Montpellier,3,1
2021-10-24,2021-22,Marseille,Paris SG,0,0
2021-10-27,2021-22,Nice,Marseille,1,1
2021-10-29,2021-22,Paris SG,Lille,2,1
2021-10-30,2021-22,Metz,St Etienne,1,1
2021-10-30,2021-22,Lyon,Lens,2,1
2021-10-31,2021-22,Angers,Nice,1,2
2021-10-31,2021-22,Bordeaux,Reims,3,2
2021-10-31,2021-22,Montpellier,Nantes,2,0
2021-10-31,2021-22,Strasbourg,Lorient,4,0
2021-10-31,2021-22,Troyes,Rennes,2,2
2021-10-31,2021-22,Brest,Monaco,2,0
2021-10-31,2021-22,Clermont,Marseille,0,1
2021-11-05,2021-22,Lens,Troyes,4,0
2021-11-06,2021-22,Lille,Angers,1,1
2021-11-06,2021-22,Bordeaux,Paris SG,2,3
2021-11-07,2021-22,Marseille,Metz,0,0
2021-11-07,2021-22,Lorient,Brest,1,2
2021-11-07,2021-22,Nantes,Strasbourg,2,2
2021-11-07,2021-22,Reims,Monaco,0,0
2021-11-07,2021-22,St Etienne,Clermont,3,2
2021-11-07,2021-22,Nice,Montpellier,0,1
2021-11-07,2021-22,Rennes,Lyon,4,1
2021-11-19,2021-22,Monaco,Lille,2,2
2021-11-20,2021-22,Paris SG,Nantes,3,1
2021-11-20,2021-22,Rennes,Montpellier,2,0
2021-11-21,2021-22,Brest,Lens,4,0
2021-11-21,2021-22,Angers,Lorient,1,0
2021-11-21,2021-22,Metz,Bordeaux,3,3
2021-11-21,2021-22,Strasbourg,Reims,1,1
2021-11-21,2021-22,Troyes,St Etienne,0,1
2021-11-21,2021-22,Clermont,Nice,1,2
2021-11-26,2021-22,Lens,Angers,2,2
2021-11-27,2021-22,Lille,Nantes,1,1
2021-11-27,2021-22,Nice,Metz,0,1
2021-11-28,2021-22,St Etienne,Paris SG,1,3
2021-11-28,2021-22,Bordeaux,Brest,1,2
2021-11-28,2021-22,Lorient,Rennes,0,2
2021-11-28,2021-22,Monaco,Strasbourg,1,1
2021-11-28,2021-22,Reims,Clermont,1,0
2021-11-28,2021-22,Montpellier,Lyon,0,1
2021-11-28,2021-22,Marseille,Troyes,1,0
2021-12-01,2021-22,Angers,Monaco,1,3
2021-12-01,2021-22,Brest,St Etienne,1,0
2021-12-01,2021-22,Metz,Montpellier,1,3
2021-12-01,2021-22,Strasbourg,Bordeaux,5,2
2021-12-01,2021-22,Troyes,Lorient,2,0
2021-12-01,2021-22,Clermont,Lens,2,2
2021-12-01,2021-22,Lyon,Reims,1,2
2021-12-01,2021-22,Nantes,Marseille,0,1
2021-12-01,2021-22,Paris SG,Nice,0,0
2021-12-01,2021-22,Rennes,Lille,1,2
2021-12-04,2021-22,Marseille,Brest,1,2
2021-12-04,2021-22,Lille,Troyes,2,1
2021-12-04,2021-22,Lens,Paris SG,1,1
2021-12-05,2021-22,St Etienne,Rennes,0,5
2021-12-05,2021-22,Lorient,Nantes,0,1
2021-12-05,2021-22,Monaco,Metz,4,0
2021-12-05,2021-22,Montpellier,Clermont,1,0
2021-12-05,2021-22,Reims,Angers,1,2
2021-12-05,2021-22,Nice,Strasbourg,0,3
2021-12-05,2021-22,Bordeaux,Lyon,2,2
2021-12-10,2021-22,Nantes,Lens,3,2
2021-12-11,2021-22,Brest,Montpellier,0,4
2021-12-11,2021-22,Reims,St Etienne,2,0
2021-12-12,2021-22,Lille,Lyon,0,0
2021-12-12,2021-22,Angers,Clermont,0,1
2021-12-12,2021-22,Metz,Lorient,4,1
2021-12-12,2021-22,Rennes,Nice,1,2
2021-12-12,2021-22,Troyes,Bordeaux,1,2
2021-12-12,2021-22,Strasbourg,Marseille,0,2
2021-12-12,2021-22,Paris SG,Monaco,2,0
2021-12-22,2021-22,Bordeaux,Lille,2,3
2021-12-22,2021-22,Lorient,Paris SG,1,1
2021-12-22,2021-22,Lyon,Metz,1,1
2021-12-22,2021-22,Marseille,Reims,1,1
2021-12-22,2021-22,Monaco,Rennes,2,1
2021-12-22,2021-22,Montpellier,Angers,4,1
2021-12-22,2021-22,Nice,Lens,2,1
2021-12-22,2021-22,St Etienne,Nantes,0,1
2021-12-22,2021-22,Troyes,Brest,1,1
2022-01-07,2021-22,Bordeaux,Marseille,0,1
2022-01-08,2021-22,Lens,Rennes,1,0
2022-01-09,2021-22,Brest,Nice,0,3
2022-01-09,2021-22,Clermont,Reims,0,0
2022-01-09,2021-22,Metz,Strasbourg,0,2
2022-01-09,2021-22,Nantes,Monaco,0,0
2022-01-09,2021-22,Lyon,Paris SG,1,1
2022-01-14,2021-22,Nice,Nantes,2,1
2022-01-15,2021-22,St Etienne,Lens,1,2
2022-01-15,2021-22,Paris SG,Brest,2,0
2022-01-16,2021-22,Rennes,Bordeaux,6,0
2022-01-16,2021-22,Lorient,Angers,0,0
2022-01-16,2021-22,Monaco,Clermont,4,0
2022-01-16,2021-22,Reims,Metz,0,1
2022-01-16,2021-22,Strasbourg,Montpellier,3,1
2022-01-16,2021-22,Troyes,Lyon,0,1
2022-01-16,2021-22,Marseille,Lille,1,1
2022-01-19,2021-22,Clermont,Strasbourg,0,2
2022-01-19,2021-22,Lille,Lorient,3,1
2022-01-19,2021-22,Montpellier,Troyes,0,1
2022-01-21,2021-22,Lyon,St Etienne,1,0
2022-01-22,2021-22,Brest,Lille,2,0
2022-01-22,2021-22,Lens,Marseille,0,2
2022-01-23,2021-22,Metz,Nice,0,2
2022-01-23,2021-22,Angers,Troyes,2,1
2022-01-23,2021-22,Bordeaux,Strasbourg,4,3
2022-01-23,2021-22,Clermont,Rennes,2,1
2022-01-23,2021-22,Nantes,Lorient,4,2
2022-01-23,2021-22,Montpellier,Monaco,3,2
2022-01-23,2021-22,Paris SG,Reims,4,0
2022-01-26,2021-22,Angers,St Etienne,0,1
2022-02-01,2021-22,Lyon,Marseille,2,1
2022-02-04,2021-22,Marseille,Angers,5,2
2022-02-05,2021-22,St Etienne,Montpellier,3,1
2022-02-05,2021-22,Monaco,Lyon,2,0
2022-02-06,2021-22,Lorient,Lens,2,0
2022-02-06,2021-22,Nice,Clermont,0,1
2022-02-06,2021-22,Reims,Bordeaux,5,0
2022-02-06,2021-22,Strasbourg,Nantes,1,0
2022-02-06,2021-22,Troyes,Metz,0,0
2022-02-06,2021-22,Rennes,Brest,2,0
2022-02-06,2021-22,Lille,Paris SG,1,5
2022-02-11,2021-22,Paris SG,Rennes,1,0
2022-02-12,2021-22,Montpellier,Lille,0,1
2022-02-12,2021-22,Lyon,Nice,2,0
2022-02-13,2021-22,Monaco,Lorient,0,0
2022-02-13,2021-22,Angers,Strasbourg,0,1
2022-02-13,2021-22,Brest,Troyes,5,1
2022-02-13,2021-22,Clermont,St Etienne,1,2
2022-02-13,2021-22,Nantes,Reims,1,0
2022-02-13,2021-22,Lens,Bordeaux,3,2
2022-02-13,2021-22,Metz,Marseille,1,2
2022-02-18,2021-22,Lille,Metz,0,0
2022-02-19,2021-22,Lens,Lyon,1,1
2022-02-19,2021-22,Nantes,Paris SG,3,1
2022-02-20,2021-22,Nice,Angers,1,0
2022-02-20,2021-22,Lorient,Montpellier,0,1
2022-02-20,2021-22,Reims,Brest,1,1
2022-02-20,2021-22,Rennes,Troyes,4,1
2022-02-20,2021-22,St Etienne,Strasbourg,2,2
2022-02-20,2021-22,Bordeaux,Monaco,1,1
2022-02-20,2021-22,Marseille,Clermont,0,2
2022-02-25,2021-22,Montpellier,Rennes,2,4
2022-02-26,2021-22,Strasbourg,Nice,0,0
2022-02-26,2021-22,Paris SG,St Etienne,3,1
2022-02-27,2021-22,Monaco,Reims,1,2
2022-02-27,2021-22,Angers,Lens,1,2
2022-02-27,2021-22,Brest,Lorient,0,1
2022-02-27,2021-22,Clermont,Bordeaux,1,1
2022-02-27,2021-22,Metz,Nantes,0,0
2022-02-27,2021-22,Troyes,Marseille,1,1
2022-02-27,2021-22,Lyon,Lille,0,1
2022-03-04,2021-22,Lorient,Lyon,1,4
2022-03-05,2021-22,Lens,Brest,0,1
2022-03-05,2021-22,Nice,Paris SG,1,0
2022-03-06,2021-22,St Etienne,Metz,1,0
2022-03-06,2021-22,Bordeaux,Troyes,0,2
2022-03-06,2021-22,Nantes,Montpellier,2,0
2022-03-06,2021-22,Reims,Strasbourg,1,1
2022-03-06,2021-22,Rennes,Angers,2,0
2022-03-06,2021-22,Lille,Clermont,4,0
2022-03-06,2021-22,Marseille,Monaco,0,1
2022-03-11,2021-22,Lille,St Etienne,0,0
2022-03-12,2021-22,Montpellier,Nice,0,0
2022-03-12,2021-22,Troyes,Nantes,1,0
2022-03-13,2021-22,Paris SG,Bordeaux,3,0
2022-03-13,2021-22,Angers,Reims,0,1
2022-03-13,2021-22,Clermont,Lorient,0,2
2022-03-13,2021-22,Metz,Lens,0,0
2022-03-13,2021-22,Strasbourg,Monaco,1,0
2022-03-13,2021-22,Lyon,Rennes,2,4
2022-03-13,2021-22,Brest,Marseille,1,4
2022-03-18,2021-22,St Etienne,Troyes,1,1
2022-03-19,2021-22,Lens,Clermont,3,1
2022-03-19,2021-22,Nantes,Lille,0,1
2022-03-20,2021-22,Monaco,Paris SG,3,0
2022-03-20,2021-22,Angers,Brest,1,0
2022-03-20,2021-22,Bordeaux,Montpellier,0,2
2022-03-20,2021-22,Lorient,Strasbourg,0,0
2022-03-20,2021-22,Rennes,Metz,6,1
2022-03-20,2021-22,Reims,Lyon,0,0
2022-03-20,2021-22,Marseille,Nice,2,1
2022-04-02,2021-22,Nice,Rennes,1,1
2022-04-02,2021-22,Lille,Bordeaux,0,0
2022-04-03,2021-22,Strasbourg,Lens,1,0
2022-04-03,2021-22,Clermont,Nantes,2,3
2022-04-03,2021-22,Metz,Monaco,1,2
2022-04-03,2021-22,Montpellier,Brest,1,2
2022-04-03,2021-22,St Etienne,Marseille,2,4
2022-04-03,2021-22,Troyes,Reims,1,0
2022-04-03,2021-22,Lyon,Angers,3,2
2022-04-03,2021-22,Paris SG,Lorient,5,1
2022-04-08,2021-22,Lorient,St Etienne,6,2
2022-04-09,2021-22,Reims,Rennes,2,3
2022-04-09,2021-22,Clermont,Paris SG,1,6
2022-04-10,2021-22,Bordeaux,Metz,3,1
2022-04-10,2021-22,Angers,Lille,1,1
2022-04-10,2021-22,Brest,Nantes,1,1
2022-04-10,2021-22,Monaco,Troyes,2,1
2022-04-10,2021-22,Lens,Nice,3,0
2022-04-10,2021-22,Strasbourg,Lyon,1,1
2022-04-10,2021-22,Marseille,Montpellier,2,0
2022-04-15,2021-22,Rennes,Monaco,2,3
2022-04-16,2021-22,St Etienne,Brest,2,1
2022-04-16,2021-22,Lille,Lens,1,2
2022-04-17,2021-22,Nice,Lorient,2,1
2022-04-17,2021-22,Metz,Clermont,1,1
2022-04-17,2021-22,Montpellier,Reims,0,0
2022-04-17,2021-22,Nantes,Angers,1,1
2022-04-17,2021-22,Troyes,Strasbourg,1,1
2022-04-17,2021-22,Lyon,Bordeaux,6,1
2022-04-17,2021-22,Paris SG,Marseille,2,1
2022-04-20,2021-22,Bordeaux,St Etienne,2,2
2022-04-20,2021-22,Lorient,Metz,1,0
2022-04-20,2021-22,Monaco,Nice,1,0
2022-04-20,2021-22,Reims,Lille,2,1
2022-04-20,2021-22,Troyes,Clermont,0,1
2022-04-20,2021-22,Angers,Paris SG,0,3
2022-04-20,2021-22,Brest,Lyon,2,1
2022-04-20,2021-22,Lens,Montpellier,2,0
2022-04-20,2021-22,Marseille,Nantes,3,2
2022-04-20,2021-22,Strasbourg,Rennes,2,1
2022-04-23,2021-22,Lyon,Montpellier,5,2
2022-04-23,2021-22,St Etienne,Monaco,1,4
2022-04-23,2021-22,Paris SG,Lens,1,1
2022-04-24,2021-22,Rennes,Lorient,5,0
2022-04-24,2021-22,Clermont,Angers,2,2
2022-04-24,2021-22,Metz,Brest,0,1
2022-04-24,2021-22,Nantes,Bordeaux,5,3
2022-04-24,2021-22,Nice,Troyes,1,0
2022-04-24,2021-22,Lille,Strasbourg,1,0
2022-04-24,2021-22,Reims,Marseille,0,1
2022-04-29,2021-22,Strasbourg,Paris SG,3,3
2022-04-30,2021-22,Lens,Nantes,2,2
2022-04-30,2021-22,Rennes,St Etienne,2,0
2022-05-01,2021-22,Troyes,Lille,3,0
2022-05-01,2021-22,Brest,Clermont,2,0
2022-05-01,2021-22,Lorient,Reims,1,2
2022-05-01,2021-22,Monaco,Angers,2,0
2022-05-01,2021-22,Montpellier,Metz,2,2
2022-05-01,2021-22,Bordeaux,Nice,0,1
2022-05-01,2021-22,Marseille,Lyon,0,3
2022-05-06,2021-22,Lille,Monaco,1,2
2022-05-07,2021-22,Brest,Strasbourg,0,1
2022-05-08,2021-22,Metz,Lyon,3,2
2022-05-08,2021-22,Angers,Bordeaux,4,1
2022-05-08,2021-22,Clermont,Montpellier,2,1
2022-05-08,2021-22,Reims,Lens,1,2
2022-05-08,2021-22,Lorient,Marseille,0,3
2022-05-08,2021-22,Paris SG,Troyes,2,2
2022-05-11,2021-22,Nice,St Etienne,4,2
2022-05-11,2021-22,Nantes,Rennes,2,1
2022-05-14,2021-22,Bordeaux,Lorient,0,0
2022-05-14,2021-22,Lyon,Nantes,3,2
2022-05-14,2021-22,Metz,Angers,1,0
2022-05-14,2021-22,Monaco,Brest,4,2
2022-05-14,2021-22,Montpellier,Paris SG,0,4
2022-05-14,2021-22,Nice,Lille,1,3
2022-05-14,2021-22,Rennes,Marseille,2,0
2022-05-14,2021-22,St Etienne,Reims,1,2
2022-05-14,2021-22,Strasbourg,Clermont,1,0
2022-05-14,2021-22,Troyes,Lens,1,3
2022-05-21,2021-22,Angers,Montpellier,2,0
2022-05-21,2021-22,Brest,Bordeaux,2,4
2022-05-21,2021-22,Clermont,Lyon,1,2
2022-05-21,2021-22,Lens,Monaco,2,2
2022-05-21,2021-22,Lille,Rennes,2,2
2022-05-21,2021-22,Lorient,Troyes,1,1
2022-05-21,2021-22,Marseille,Strasbourg,4,0
2022-05-21,2021-22,Nantes,St Etienne,1,1
2022-05-21,2021-22,Paris SG,Metz,5,0
2022-05-21,2021-22,Reims,Nice,2,3
2022-08-05,2022-23,Lyon,Ajaccio,2,1
2022-08-06,2022-23,Strasbourg,Monaco,1,2
2022-08-06,2022-23,Clermont,Paris SG,0,5
2022-08-07,2022-23,Toulouse,Nice,1,1
2022-08-07,2022-23,Angers,Nantes,0,0
2022-08-07,2022-23,Lens,Brest,3,2
2022-08-07,2022-23,Lille,Auxerre,4,1
2022-08-07,2022-23,Montpellier,Troyes,3,2
2022-08-07,2022-23,Rennes,Lorient,0,1
2022-08-07,2022-23,Marseille,Reims,4,1
2022-08-12,2022-23,Nantes,Lille,1,1
2022-08-13,2022-23,Monaco,Rennes,1,1
2022-08-13,2022-23,Paris SG,Montpellier,5,2
2022-08-14,2022-23,Ajaccio,Lens,0,0
2022-08-14,2022-23,Auxerre,Angers,2,2
2022-08-14,2022-23,Reims,Clermont,2,4
2022-08-14,2022-23,Troyes,Toulouse,0,3
2022-08-14,2022-23,Nice,Strasbourg,1,1
2022-08-14,2022-23,Brest,Marseille,1,1
2022-08-19,2022-23,Lyon,Troyes,4,1
2022-08-20,2022-23,Monaco,Lens,1,4
2022-08-20,2022-23,Marseille,Nantes,2,1
2022-08-21,2022-23,Strasbourg,Reims,1,1
2022-08-21,2022-23,Angers,Brest,1,3
2022-08-21,2022-23,Clermont,Nice,1,0
2022-08-21,2022-23,Montpellier,Auxerre,1,2
2022-08-21,2022-23,Toulouse,Lorient,2,2
2022-08-21,2022-23,Rennes,Ajaccio,2,1
2022-08-21,2022-23,Lille,Paris SG,1,7
2022-08-26,2022-23,Ajaccio,Lille,1,3
2022-08-27,2022-23,Auxerre,Strasbourg,1,0
2022-08-27,2022-23,Lens,Rennes,2,1
2022-08-28,2022-23,Nantes,Toulouse,3,1
2022-08-28,2022-23,Brest,Montpellier,0,7
2022-08-28,2022-23,Lorient,Clermont,2,1
2022-08-28,2022-23,Nice,Marseille,0,3
2022-08-28,2022-23,Troyes,Angers,3,1
2022-08-28,2022-23,Reims,Lyon,1,1
2022-08-28,2022-23,Paris SG,Monaco,1,1
2022-08-31,2022-23,Angers,Reims,2,4
2022-08-31,2022-23,Lyon,Auxerre,2,1
2022-08-31,2022-23,Monaco,Troyes,2,4
2022-08-31,2022-23,Montpellier,Ajaccio,2,0
2022-08-31,2022-23,Strasbourg,Nantes,1,1
2022-08-31,2022-23,Lens,Lorient,5,2
2022-08-31,2022-23,Lille,Nice,1,2
2022-08-31,2022-23,Marseille,Clermont,1,0
2022-08-31,2022-23,Rennes,Brest,3,1
2022-08-31,2022-23,Toulouse,Paris SG,0,3
2022-09-03,2022-23,Auxerre,Marseille,0,2
2022-09-03,2022-23,Lyon,Angers,5,0
2022-09-03,2022-23,Nantes,Paris SG,0,3
2022-09-04,2022-23,Montpellier,Lille,1,3
2022-09-04,2022-23,Ajaccio,Lorient,0,1
2022-09-04,2022-23,Brest,Strasbourg,1,1
2022-09-04,2022-23,Clermont,Toulouse,2,0
2022-09-04,2022-23,Reims,Lens,1,1
2022-09-04,2022-23,Troyes,Rennes,1,1
2022-09-04,2022-23,Nice,Monaco,0,1
2022-09-07,2022-23,Lorient,Lyon,3,1
2022-09-09,2022-23,Lens,Troyes,1,0
2022-09-10,2022-23,Paris SG,Brest,1,0
2022-09-10,2022-23,Marseille,Lille,2,1
2022-09-11,2022-23,Strasbourg,Clermont,0,0
2022-09-11,2022-23,Ajaccio,Nice,0,1
2022-09-11,2022-23,Angers,Montpellier,2,1
2022-09-11,2022-23,Lorient,Nantes,3,2
2022-09-11,2022-23,Toulouse,Reims,1,0
2022-09-11,2022-23,Rennes,Auxerre,5,0
2022-09-11,2022-23,Monaco,Lyon,2,1
2022-09-16,2022-23,Auxerre,Lorient,1,3
2022-09-17,2022-23,Montpellier,Strasbourg,2,1
2022-09-17,2022-23,Lille,Toulouse,2,1
2022-09-18,2022-23,Reims,Monaco,0,3
2022-09-18,2022-23,Brest,Ajaccio,0,1
2022-09-18,2022-23,Clermont,Troyes,1,3
2022-09-18,2022-23,Marseille,Rennes,1,1
2022-09-18,2022-23,Nice,Angers,0,1
2022-09-18,2022-23,Nantes,Lens,0,0
2022-09-18,2022-23,Lyon,Paris SG,0,1
2022-09-30,2022-23,Angers,Marseille,0,3
2022-10-01,2022-23,Strasbourg,Rennes,1,3
2022-10-01,2022-23,Paris SG,Nice,2,1
2022-10-02,2022-23,Lorient,Lille,2,1
2022-10-02,2022-23,Ajaccio,Clermont,1,3
2022-10-02,2022-23,Auxerre,Brest,1,1
2022-10-02,2022-23,Toulouse,Montpellier,4,2
2022-10-02,2022-23,Troyes,Reims,2,2
2022-10-02,2022-23,Monaco,Nantes,4,1
2022-10-02,2022-23,Lens,Lyon,1,0
2022-10-07,2022-23,Lyon,Toulouse,1,1
2022-10-08,2022-23,Marseille,Ajaccio,1,2
2022-10-08,2022-23,Reims,Paris SG,0,0
2022-10-09,2022-23,Montpellier,Monaco,0,2
2022-10-09,2022-23,Angers,Strasbourg,2,3
2022-10-09,2022-23,Brest,Lorient,1,2
2022-10-09,2022-23,Clermont,Auxerre,2,1
2022-10-09,2022-23,Nice,Troyes,3,2
2022-10-09,2022-23,Rennes,Nantes,3,0
2022-10-09,2022-23,Lille,Lens,1,0
2022-10-14,2022-23,Strasbourg,Lille,0,3
2022-10-15,2022-23,Lorient,Reims,0,0
2022-10-15,2022-23,Lens,Montpellier,1,0
2022-10-16,2022-23,Toulouse,Angers,3,2
2022-10-16,2022-23,Auxerre,Nice,1,1
2022-10-16,2022-23,Nantes,Brest,4,1
2022-10-16,2022-23,Rennes,Lyon,3,2
2022-10-16,2022-23,Troyes,Ajaccio,1,1
2022-10-16,2022-23,Monaco,Clermont,1,1
2022-10-16,2022-23,Paris SG,Marseille,1,0
2022-10-21,2022-23,Ajaccio,Paris SG,0,3
2022-10-22,2022-23,Montpellier,Lyon,1,2
2022-10-22,2022-23,Marseille,Lens,0,1
2022-10-23,2022-23,Angers,Rennes,1,2
2022-10-23,2022-23,Clermont,Brest,1,3
2022-10-23,2022-23,Reims,Auxerre,2,1
2022-10-23,2022-23,Toulouse,Strasbourg,2,2
2022-10-23,2022-23,Troyes,Lorient,2,2
2022-10-23,2022-23,Nice,Nantes,1,1
2022-10-23,2022-23,Lille,Monaco,4,3
2022-10-28,2022-23,Lens,Toulouse,3,0
2022-10-29,2022-23,Paris SG,Troyes,4,3
2022-10-29,2022-23,Strasbourg,Marseille,2,2
2022-10-30,2022-23,Auxerre,Ajaccio,1,0
2022-10-30,2022-23,Brest,Reims,0,0
2022-10-30,2022-23,Monaco,Angers,2,0
2022-10-30,2022-23,Nantes,Clermont,1,1
2022-10-30,2022-23,Rennes,Montpellier,3,0
2022-10-30,2022-23,Lorient,Nice,1,2
2022-10-30,2022-23,Lyon,Lille,1,0
2022-11-04,2022-23,Troyes,Auxerre,1,1
2022-11-05,2022-23,Ajaccio,Strasbourg,4,2
2022-11-05,2022-23,Angers,Lens,1,2
2022-11-06,2022-23,Lorient,Paris SG,1,2
2022-11-06,2022-23,Clermont,Montpellier,1,1
2022-11-06,2022-23,Nice,Brest,1,0
2022-11-06,2022-23,Reims,Nantes,1,0
2022-11-06,2022-23,Toulouse,Monaco,0,2
2022-11-06,2022-23,Lille,Rennes,1,1
2022-11-06,2022-23,Marseille,Lyon,1,0
2022-11-11,2022-23,Lyon,Nice,1,1
2022-11-12,2022-23,Lens,Clermont,2,1
2022-11-12,2022-23,Rennes,Toulouse,2,1
2022-11-13,2022-23,Paris SG,Auxerre,5,0
2022-11-13,2022-23,Brest,Troyes,2,1
2022-11-13,2022-23,Lille,Angers,1,0
2022-11-13,2022-23,Montpellier,Reims,1,1
2022-11-13,2022-23,Nantes,Ajaccio,2,2
2022-11-13,2022-23,Strasbourg,Lorient,1,1
2022-11-13,2022-23,Monaco,Marseille,2,3
2022-12-28,2022-23,Ajaccio,Angers,1,0
2022-12-28,2022-23,Troyes,Nantes,0,0
2022-12-28,2022-23,Auxerre,Monaco,2,3
2022-12-28,2022-23,Clermont,Lille,0,2
2022-12-28,2022-23,Brest,Lyon,2,4
2022-12-28,2022-23,Paris SG,Strasbourg,2,1
2022-12-29,2022-23,Lorient,Montpellier,0,2
2022-12-29,2022-23,Reims,Rennes,3,1
2022-12-29,2022-23,Marseille,Toulouse,6,1
2022-12-29,2022-23,Nice,Lens,0,0
2023-01-01,2022-23,Angers,Lorient,1,2
2023-01-01,2022-23,Monaco,Brest,1,0
2023-01-01,2022-23,Nantes,Auxerre,1,0
2023-01-01,2022-23,Toulouse,Ajaccio,2,0
2023-01-01,2022-23,Lyon,Clermont,0,1
2023-01-01,2022-23,Lens,Paris SG,3,1
2023-01-02,2022-23,Strasbourg,Troyes,2,3
2023-01-02,2022-23,Lille,Reims,1,1
2023-01-02,2022-23,Montpellier,Marseille,1,2
2023-01-02,2022-23,Rennes,Nice,2,1
2023-01-11,2022-23,Ajaccio,Reims,0,1
2023-01-11,2022-23,Auxerre,Toulouse,0,5
2023-01-11,2022-23,Brest,Lille,0,0
2023-01-11,2022-23,Clermont,Rennes,2,1
2023-01-11,2022-23,Nantes,Lyon,0,0
2023-01-11,2022-23,Lorient,Monaco,2,2
2023-01-11,2022-23,Nice,Montpellier,6,1
2023-01-11,2022-23,Paris SG,Angers,2,0
2023-01-11,2022-23,Strasbourg,Lens,2,2
2023-01-11,2022-23,Troyes,Marseille,0,2
2023-01-14,2022-23,Lens,Auxerre,1,0
2023-01-14,2022-23,Marseille,Lorient,3,1
2023-01-14,2022-23,Lyon,Strasbourg,1,2
2023-01-15,2022-23,Lille,Troyes,5,1
2023-01-15,2022-23,Angers,Clermont,1,2
2023-01-15,2022-23,Montpellier,Nantes,0,3
2023-01-15,2022-23,Reims,Nice,0,0
2023-01-15,2022-23,Toulouse,Brest,1,1
2023-01-15,2022-23,Monaco,Ajaccio,7,1
2023-01-15,2022-23,Rennes,Paris SG,1,0
2023-01-27,2022-23,Lorient,Rennes,2,1
2023-01-28,2022-23,Troyes,Lens,1,1
2023-01-28,2022-23,Marseille,Monaco,1,1
2023-01-29,2022-23,Nice,Lille,1,0
2023-01-29,2022-23,Auxerre,Montpellier,0,2
2023-01-29,2022-23,Brest,Angers,4,0
2023-01-29,2022-23,Clermont,Nantes,0,0
2023-01-29,2022-23,Strasbourg,Toulouse,1,2
2023-01-29,2022-23,Ajaccio,Lyon,0,2
2023-01-29,2022-23,Paris SG,Reims,1,1
2023-02-01,2022-23,Angers,Ajaccio,1,2
2023-02-01,2022-23,Lille,Clermont,0,0
2023-02-01,2022-23,Nantes,Marseille,0,2
2023-02-01,2022-23,Reims,Lorient,4,2
2023-02-01,2022-23,Toulouse,Troyes,4,1
2023-02-01,2022-23,Lens,Nice,0,1
2023-02-01,2022-23,Lyon,Brest,0,0
2023-02-01,2022-23,Monaco,Auxerre,3,2
2023-02-01,2022-23,Montpellier,Paris SG,1,3
2023-02-01,2022-23,Rennes,Strasbourg,3,0
2023-02-04,2022-23,Paris SG,Toulouse,2,1
2023-02-04,2022-23,Troyes,Lyon,1,3
2023-02-04,2022-23,Rennes,Lille,1,3
2023-02-05,2022-23,Clermont,Monaco,0,2
2023-02-05,2022-23,Ajaccio,Nantes,0,2
2023-02-05,2022-23,Auxerre,Reims,0,0
2023-02-05,2022-23,Lorient,Angers,0,0
2023-02-05,2022-23,Strasbourg,Montpellier,2,0
2023-02-05,2022-23,Brest,Lens,1,1
2023-02-05,2022-23,Marseille,Nice,1,3
2023-02-10,2022-23,Nice,Ajaccio,3,0
2023-02-11,2022-23,Monaco,Paris SG,3,1
2023-02-11,2022-23,Clermont,Marseille,0,2
2023-02-12,2022-23,Toulouse,Rennes,3,1
2023-02-12,2022-23,Angers,Auxerre,1,1
2023-02-12,2022-23,Lille,Strasbourg,2,0
2023-02-12,2022-23,Montpellier,Brest,3,0
2023-02-12,2022-23,Reims,Troyes,4,0
2023-02-12,2022-23,Nantes,Lorient,1,0
2023-02-12,2022-23,Lyon,Lens,2,1
2023-02-17,2022-23,Auxerre,Lyon,2,1
2023-02-18,2022-23,Nice,Reims,0,0
2023-02-18,2022-23,Strasbourg,Angers,2,1
2023-02-19,2022-23,Paris SG,Lille,4,3
2023-02-19,2022-23,Brest,Monaco,1,2
2023-02-19,2022-23,Lorient,Ajaccio,3,0
2023-02-19,2022-23,Rennes,Clermont,2,0
2023-02-19,2022-23,Troyes,Montpellier,0,1
2023-02-19,2022-23,Lens,Nantes,3,1
2023-02-19,2022-23,Toulouse,Marseille,2,3
2023-02-24,2022-23,Lille,Brest,2,1
2023-02-25,2022-23,Angers,Lyon,1,3
2023-02-25,2022-23,Montpellier,Lens,1,1
2023-02-26,2022-23,Lorient,Auxerre,0,1
2023-02-26,2022-23,Ajaccio,Troyes,2,1
2023-02-26,2022-23,Clermont,Strasbourg,1,1
2023-02-26,2022-23,Nantes,Rennes,0,1
2023-02-26,2022-23,Reims,Toulouse,3,0
2023-02-26,2022-23,Monaco,Nice,0,3
2023-02-26,2022-23,Marseille,Paris SG,0,3
2023-03-03,2022-23,Nice,Auxerre,1,1
2023-03-04,2022-23,Lens,Lille,1,1
2023-03-04,2022-23,Paris SG,Nantes,4,2
2023-03-05,2022-23,Troyes,Monaco,2,2
2023-03-05,2022-23,Montpellier,Angers,5,0
2023-03-05,2022-23,Reims,Ajaccio,1,0
2023-03-05,2022-23,Strasbourg,Brest,0,1
2023-03-05,2022-23,Toulouse,Clermont,0,1
2023-03-05,2022-23,Lyon,Lorient,0,0
2023-03-05,2022-23,Rennes,Marseille,0,1
2023-03-10,2022-23,Lille,Lyon,3,3
2023-03-11,2022-23,Auxerre,Rennes,0,0
2023-03-11,2022-23,Brest,Paris SG,1,2
2023-03-12,2022-23,Clermont,Lens,0,4
2023-03-12,2022-23,Ajaccio,Montpellier,0,1
2023-03-12,2022-23,Angers,Toulouse,0,2
2023-03-12,2022-23,Lorient,Troyes,2,0
2023-03-12,2022-23,Nantes,Nice,2,2
2023-03-12,2022-23,Monaco,Reims,0,1
2023-03-12,2022-23,Marseille,Strasbourg,2,2
2023-03-17,2022-23,Lyon,Nantes,1,1
2023-03-18,2022-23,Toulouse,Lille,0,2
2023-03-18,2022-23,Lens,Angers,3,0
2023-03-19,2022-23,Ajaccio,Monaco,0,2
2023-03-19,2022-23,Montpellier,Clermont,2,1
2023-03-19,2022-23,Nice,Lorient,1,1
2023-03-19,2022-23,Strasbourg,Auxerre,2,0
2023-03-19,2022-23,Troyes,Brest,2,2
2023-03-19,2022-23,Paris SG,Rennes,0,2
2023-03-19,2022-23,Reims,Marseille,1,2
2023-03-31,2022-23,Marseille,Montpellier,1,1
2023-04-01,2022-23,Auxerre,Troyes,1,0
2023-04-01,2022-23,Rennes,Lens,0,1
2023-04-02,2022-23,Lille,Lorient,3,1
2023-04-02,2022-23,Angers,Nice,1,1
2023-04-02,2022-23,Brest,Toulouse,3,1
2023-04-02,2022-23,Clermont,Ajaccio,2,1
2023-04-02,2022-23,Nantes,Reims,0,3
2023-04-02,2022-23,Monaco,Strasbourg,4,3
2023-04-02,2022-23,Paris SG,Lyon,0,1
2023-04-07,2022-23,Lens,Strasbourg,2,1
2023-04-08,2022-23,Angers,Lille,1,0
2023-04-08,2022-23,Nice,Paris SG,0,2
2023-04-09,2022-23,Lyon,Rennes,3,1
2023-04-09,2022-23,Ajaccio,Auxerre,0,3
2023-04-09,2022-23,Montpellier,Toulouse,1,2
2023-04-09,2022-23,Reims,Brest,1,1
2023-04-09,2022-23,Troyes,Clermont,0,2
2023-04-09,2022-23,Nantes,Monaco,2,2
2023-04-09,2022-23,Lorient,Marseille,0,0
2023-04-14,2022-23,Toulouse,Lyon,1,2
2023-04-15,2022-23,Rennes,Reims,3,0
2023-04-15,2022-23,Paris SG,Lens,3,1
2023-04-16,2022-23,Lille,Montpellier,2,1
2023-04-16,2022-23,Auxerre,Nantes,2,1
2023-04-16,2022-23,Brest,Nice,1,0
2023-04-16,2022-23,Clermont,Angers,2,1
2023-04-16,2022-23,Strasbourg,Ajaccio,3,1
2023-04-16,2022-23,Monaco,Lorient,3,1
2023-04-16,2022-23,Marseille,Troyes,3,1
2023-04-21,2022-23,Angers,Paris SG,1,2
2023-04-22,2022-23,Auxerre,Lille,1,1
2023-04-22,2022-23,Lens,Monaco,3,0
2023-04-23,2022-23,Reims,Strasbourg,0,2
2023-04-23,2022-23,Ajaccio,Brest,0,0
2023-04-23,2022-23,Lorient,Toulouse,0,1
2023-04-23,2022-23,Nantes,Troyes,2,2
2023-04-23,2022-23,Nice,Clermont,1,2
2023-04-23,2022-23,Montpellier,Rennes,1,0
2023-04-23,2022-23,Lyon,Marseille,1,2
2023-04-28,2022-23,Strasbourg,Lyon,1,2
2023-04-29,2022-23,Lille,Ajaccio,3,0
2023-04-30,2022-23,Monaco,Montpellier,0,4
2023-04-30,2022-23,Clermont,Reims,1,0
2023-04-30,2022-23,Rennes,Angers,4,2
2023-04-30,2022-23,Troyes,Nice,0,1
2023-04-30,2022-23,Paris SG,Lorient,1,3
2023-04-30,2022-23,Marseille,Auxerre,2,1
2023-05-02,2022-23,Toulouse,Lens,0,1
2023-05-03,2022-23,Brest,Nantes,2,0
2023-05-06,2022-23,Nice,Rennes,2,1
2023-05-06,2022-23,Reims,Lille,1,0
2023-05-06,2022-23,Lens,Marseille,2,1
2023-05-07,2022-23,Angers,Monaco,1,2
2023-05-07,2022-23,Ajaccio,Toulouse,0,0
2023-05-07,2022-23,Auxerre,Clermont,1,1
2023-05-07,2022-23,Lorient,Brest,2,1
2023-05-07,2022-23,Nantes,Strasbourg,0,2
2023-05-07,2022-23,Lyon,Montpellier,5,4
2023-05-07,2022-23,Troyes,Paris SG,1,3
2023-05-12,2022-23,Lens,Reims,2,1
2023-05-13,2022-23,Strasbourg,Nice,2,0
2023-05-13,2022-23,Paris SG,Ajaccio,5,0
2023-05-14,2022-23,Clermont,Lyon,2,1
2023-05-14,2022-23,Brest,Auxerre,1,0
2023-05-14,2022-23,Montpellier,Lorient,1,1
2023-05-14,2022-23,Rennes,Troyes,4,0
2023-05-14,2022-23,Toulouse,Nantes,0,0
2023-05-14,2022-23,Monaco,Lille,0,0
2023-05-14,2022-23,Marseille,Angers,3,1
2023-05-19,2022-23,Lyon,Monaco,3,1
2023-05-20,2022-23,Nantes,Montpellier,0,3
2023-05-20,2022-23,Lille,Marseille,2,1
2023-05-21,2022-23,Ajaccio,Rennes,0,5
2023-05-21,2022-23,Brest,Clermont,2,1
2023-05-21,2022-23,Nice,Toulouse,0,0
2023-05-21,2022-23,Reims,Angers,2,2
2023-05-21,2022-23,Troyes,Strasbourg,1,1
2023-05-21,2022-23,Lorient,Lens,1,3
2023-05-21,2022-23,Auxerre,Paris SG,1,2
2023-05-27,2022-23,Angers,Troyes,2,1
2023-05-27,2022-23,Clermont,Lorient,2,0
2023-05-27,2022-23,Lens,Ajaccio,3,0
2023-05-27,2022-23,Lille,Nantes,2,1
2023-05-27,2022-23,Lyon,Reims,3,0
2023-05-27,2022-23,Marseille,Brest,1,2
2023-05-27,2022-23,Montpellier,Nice,2,3
2023-05-27,2022-23,Rennes,Monaco,2,0
2023-05-27,2022-23,Strasbourg,Paris SG,1,1
2023-05-27,2022-23,Toulouse,Auxerre,1,1
2023-06-03,2022-23,Ajaccio,Marseille,1,0
2023-06-03,2022-23,Auxerre,Lens,1,3
2023-06-03,2022-23,Brest,Rennes,1,2
2023-06-03,2022-23,Lorient,Strasbourg,2,1
2023-06-03,2022-23,Monaco,Toulouse,1,2
2023-06-03,2022-23,Nantes,Angers,1,0
2023-06-03,2022-23,Nice,Lyon,3,1
2023-06-03,2022-23,Paris SG,Clermont,2,3
2023-06-03,2022-23,Reims,Montpellier,1,3
2023-06-03,2022-23,Troyes,Lille,1,1
2023-08-11,2023-24,Nice,Lille,1,1
2023-08-12,2023-24,Marseille,Reims,2,1
2023-08-12,2023-24,Paris SG,Lorient,0,0
2023-08-13,2023-24,Brest,Lens,3,2
2023-08-13,2023-24,Clermont,Monaco,2,4
2023-08-13,2023-24,Montpellier,Le Havre,2,2
2023-08-13,2023-24,Nantes,Toulouse,1,2
2023-08-13,2023-24,Rennes,Metz,5,1
2023-08-13,2023-24,Strasbourg,Lyon,2,1
2023-08-18,2023-24,Metz,Marseille,2,2
2023-08-19,2023-24,Lyon,Montpellier,1,4
2023-08-19,2023-24,Toulouse,Paris SG,1,1
2023-08-20,2023-24,Lille,Nantes,2,0
2023-08-20,2023-24,Le Havre,Brest,1,2
2023-08-20,2023-24,Lorient,Nice,1,1
2023-08-20,2023-24,Reims,Clermont,2,0
2023-08-20,2023-24,Monaco,Strasbourg,3,0
2023-08-20,2023-24,Lens,Rennes,1,1
2023-08-25,2023-24,Nantes,Monaco,3,3
2023-08-26,2023-24,Marseille,Brest,2,0
2023-08-26,2023-24,Paris SG,Lens,3,1
2023-08-27,2023-24,Rennes,Le Havre,2,2
2023-08-27,2023-24,Clermont,Metz,0,1
2023-08-27,2023-24,Montpellier,Reims,1,3
2023-08-27,2023-24,Strasbourg,Toulouse,2,0
2023-08-27,2023-24,Lorient,Lille,4,1
2023-08-27,2023-24,Nice,Lyon,0,0
2023-09-01,2023-24,Nantes,Marseille,1,1
2023-09-02,2023-24,Brest,Rennes,0,0
2023-09-02,2023-24,Monaco,Lens,3,0
2023-09-03,2023-24,Toulouse,Clermont,2,2
2023-09-03,2023-24,Le Havre,Lorient,3,0
2023-09-03,2023-24,Lille,Montpellier,1,0
2023-09-03,2023-24,Metz,Reims,2,2
2023-09-03,2023-24,Nice,Strasbourg,2,0
2023-09-03,2023-24,Lyon,Paris SG,1,4
2023-09-15,2023-24,Paris SG,Nice,2,3
2023-09-16,2023-24,Rennes,Lille,2,2
2023-09-16,2023-24,Lens,Metz,0,1
2023-09-17,2023-24,Lorient,Monaco,2,2
2023-09-17,2023-24,Clermont,Nantes,0,1
2023-09-17,2023-24,Reims,Brest,1,2
2023-09-17,2023-24,Strasbourg,Montpellier,2,2
2023-09-17,2023-24,Marseille,Toulouse,0,0
2023-09-17,2023-24,Lyon,Le Havre,0,0
2023-09-22,2023-24,Monaco,Nice,0,1
2023-09-23,2023-24,Nantes,Lorient,5,3
2023-09-23,2023-24,Brest,Lyon,1,0
2023-09-24,2023-24,Metz,Strasbourg,0,1
2023-09-24,2023-24,Le Havre,Clermont,2,1
2023-09-24,2023-24,Lens,Toulouse,2,1
2023-09-24,2023-24,Montpellier,Rennes,0,0
2023-09-24,2023-24,Paris SG,Marseille,4,0
2023-09-26,2023-24,Lille,Reims,1,2
2023-09-29,2023-24,Strasbourg,Lens,0,1
2023-09-30,2023-24,Clermont,Paris SG,0,0
2023-09-30,2023-24,Monaco,Marseille,3,2
2023-10-01,2023-24,Reims,Lyon,2,0
2023-10-01,2023-24,Le Havre,Lille,0,2
2023-10-01,2023-24,Nice,Brest,0,0
2023-10-01,2023-24,Toulouse,Metz,3,0
2023-10-01,2023-24,Lorient,Montpellier,0,3
2023-10-01,2023-24,Rennes,Nantes,3,1
2023-10-06,2023-24,Strasbourg,Nantes,1,2
2023-10-07,2023-24,Metz,Nice,0,1
2023-10-07,2023-24,Reims,Monaco,1,3
2023-10-08,2023-24,Marseille,Le Havre,3,0
2023-10-08,2023-24,Brest,Toulouse,1,1
2023-10-08,2023-24,Lyon,Lorient,3,3
2023-10-08,2023-24,Lens,Lille,1,1
2023-10-08,2023-24,Rennes,Paris SG,1,3
2023-10-20,2023-24,Le Havre,Lens,0,0
2023-10-21,2023-24,Paris SG,Strasbourg,3,0
2023-10-21,2023-24,Nice,Marseille,1,0
2023-10-22,2023-24,Lorient,Rennes,2,1
2023-10-22,2023-24,Lille,Brest,1,0
2023-10-22,2023-24,Nantes,Montpellier,2,0
2023-10-22,2023-24,Toulouse,Reims,1,1
2023-10-22,2023-24,Monaco,Metz,2,1
2023-10-22,2023-24,Lyon,Clermont,1,2
2023-10-27,2023-24,Clermont,Nice,0,1
2023-10-28,2023-24,Reims,Lorient,1,0
2023-10-28,2023-24,Lens,Nantes,4,0
2023-10-29,2023-24,Brest,Paris SG,2,3
2023-10-29,2023-24,Lille,Monaco,2,0
2023-10-29,2023-24,Metz,Le Havre,0,0
2023-10-29,2023-24,Montpellier,Toulouse,3,0
2023-10-29,2023-24,Rennes,Strasbourg,1,1
2023-11-03,2023-24,Paris SG,Montpellier,3,0
2023-11-04,2023-24,Lorient,Lens,0,0
2023-11-04,2023-24,Marseille,Lille,0,0
2023-11-05,2023-24,Lyon,Metz,1,1
2023-11-05,2023-24,Nantes,Reims,0,1
2023-11-05,2023-24,Strasbourg,Clermont,0,0
2023-11-05,2023-24,Toulouse,Le Havre,1,2
2023-11-05,2023-24,Monaco,Brest,2,0
2023-11-05,2023-24,Nice,Rennes,2,0
2023-11-10,2023-24,Montpellier,Nice,0,0
2023-11-11,2023-24,Reims,Paris SG,0,3
2023-11-11,2023-24,Le Havre,Monaco,0,0
2023-11-12,2023-24,Clermont,Lorient,1,0
2023-11-12,2023-24,Lille,Toulouse,1,1
2023-11-12,2023-24,Metz,Nantes,3,1
2023-11-12,2023-24,Rennes,Lyon,0,1
2023-11-12,2023-24,Lens,Marseille,1,0
2023-11-24,2023-24,Paris SG,Monaco,5,2
2023-11-25,2023-24,Clermont,Lens,0,3
2023-11-25,2023-24,Strasbourg,Marseille,1,1
2023-11-26,2023-24,Nice,Toulouse,1,0
2023-11-26,2023-24,Lorient,Metz,2,3
2023-11-26,2023-24,Montpellier,Brest,1,3
2023-11-26,2023-24,Nantes,Le Havre,0,0
2023-11-26,2023-24,Rennes,Reims,3,1
2023-11-26,2023-24,Lyon,Lille,0,2
2023-11-29,2023-24,Montpellier,Clermont,1,1
2023-12-01,2023-24,Reims,Strasbourg,2,1
2023-12-02,2023-24,Lens,Lyon,3,2
2023-12-02,2023-24,Nantes,Nice,1,0
2023-12-03,2023-24,Le Havre,Paris SG,0,2
2023-12-03,2023-24,Brest,Clermont,3,0
2023-12-03,2023-24,Monaco,Montpellier,2,0
2023-12-03,2023-24,Toulouse,Lorient,1,1
2023-12-03,2023-24,Lille,Metz,2,0
2023-12-03,2023-24,Marseille,Rennes,2,0
2023-12-06,2023-24,Marseille,Lyon,3,0
2023-12-07,2023-24,Brest,Strasbourg,1,1
2023-12-08,2023-24,Montpellier,Lens,0,0
2023-12-09,2023-24,Rennes,Monaco,1,2
2023-12-09,2023-24,Paris SG,Nantes,2,1
2023-12-10,2023-24,Nice,Reims,2,1
2023-12-10,2023-24,Clermont,Lille,0,0
2023-12-10,2023-24,Metz,Brest,0,1
2023-12-10,2023-24,Strasbourg,Le Havre,2,1
2023-12-10,2023-24,Lyon,Toulouse,3,0
2023-12-10,2023-24,Lorient,Marseille,2,4
2023-12-15,2023-24,Monaco,Lyon,0,1
2023-12-16,2023-24,Le Havre,Nice,3,1
2023-12-16,2023-24,Lens,Reims,2,0
2023-12-17,2023-24,Nantes,Brest,0,2
2023-12-17,2023-24,Lorient,Strasbourg,1,2
2023-12-17,2023-24,Metz,Montpellier,0,1
2023-12-17,2023-24,Toulouse,Rennes,0,0
2023-12-17,2023-24,Marseille,Clermont,2,1
2023-12-17,2023-24,Lille,Paris SG,1,1
2023-12-20,2023-24,Brest,Lorient,4,0
2023-12-20,2023-24,Clermont,Rennes,1,3
2023-12-20,2023-24,Lyon,Nantes,1,0
2023-12-20,2023-24,Montpellier,Marseille,1,1
2023-12-20,2023-24,Nice,Lens,2,0
2023-12-20,2023-24,Paris SG,Metz,3,1
2023-12-20,2023-24,Reims,Le Havre,1,0
2023-12-20,2023-24,Strasbourg,Lille,2,1
2023-12-20,2023-24,Toulouse,Monaco,1,2
2024-01-12,2023-24,Marseille,Strasbourg,1,1
2024-01-13,2023-24,Monaco,Reims,1,3
2024-01-13,2023-24,Rennes,Nice,2,0
2024-01-14,2023-24,Lille,Lorient,3,0
2024-01-14,2023-24,Brest,Montpellier,2,0
2024-01-14,2023-24,Metz,Toulouse,0,1
2024-01-14,2023-24,Nantes,Clermont,1,2
2024-01-14,2023-24,Le Havre,Lyon,3,1
2024-01-14,2023-24,Lens,Paris SG,0,2
2024-01-26,2023-24,Lyon,Rennes,2,3
2024-01-27,2023-24,Nice,Metz,1,0
2024-01-27,2023-24,Marseille,Monaco,2,2
2024-01-28,2023-24,Montpellier,Lille,0,0
2024-01-28,2023-24,Clermont,Strasbourg,1,1
2024-01-28,2023-24,Lorient,Le Havre,3,3
2024-01-28,2023-24,Reims,Nantes,0,0
2024-01-28,2023-24,Toulouse,Lens,0,2
2024-01-28,2023-24,Paris SG,Brest,2,2
2024-02-02,2023-24,Strasbourg,Paris SG,1,2
2024-02-03,2023-24,Rennes,Montpellier,2,1
2024-02-03,2023-24,Nantes,Lens,0,1
2024-02-04,2023-24,Monaco,Le Havre,1,1
2024-02-04,2023-24,Lille,Clermont,4,0
2024-02-04,2023-24,Metz,Lorient,1,2
2024-02-04,2023-24,Reims,Toulouse,2,3
2024-02-04,2023-24,Brest,Nice,0,0
2024-02-04,2023-24,Lyon,Marseille,1,0
2024-02-09,2023-24,Marseille,Metz,1,1
2024-02-10,2023-24,Lens,Strasbourg,3,1
2024-02-10,2023-24,Paris SG,Lille,3,1
2024-02-11,2023-24,Le Havre,Rennes,0,1
2024-02-11,2023-24,Clermont,Brest,1,1
2024-02-11,2023-24,Lorient,Reims,2,0
2024-02-11,2023-24,Toulouse,Nantes,1,2
2024-02-11,2023-24,Montpellier,Lyon,1,2
2024-02-11,2023-24,Nice,Monaco,2,3
2024-02-16,2023-24,Lyon,Nice,1,0
2024-02-17,2023-24,Lille,Le Havre,3,0
2024-02-17,2023-24,Nantes,Paris SG,0,2
2024-02-18,2023-24,Strasbourg,Lorient,1,3
2024-02-18,2023-24,Monaco,Toulouse,1,2
2024-02-18,2023-24,Montpellier,Metz,3,0
2024-02-18,2023-24,Rennes,Clermont,3,1
2024-02-18,2023-24,Reims,Lens,1,1
2024-02-18,2023-24,Brest,Marseille,1,0
2024-02-23,2023-24,Metz,Lyon,1,2
2024-02-24,2023-24,Lorient,Nantes,0,1
2024-02-24,2023-24,Strasbourg,Brest,0,3
2024-02-25,2023-24,Lens,Monaco,2,3
2024-02-25,2023-24,Le Havre,Reims,1,2
2024-02-25,2023-24,Nice,Clermont,0,0
2024-02-25,2023-24,Toulouse,Lille,3,1
2024-02-25,2023-24,Paris SG,Rennes,1,1
2024-02-25,2023-24,Marseille,Montpellier,4,1
2024-03-01,2023-24,Monaco,Paris SG,0,0
2024-03-02,2023-24,Reims,Lille,0,1
2024-03-02,2023-24,Clermont,Marseille,1,5
2024-03-03,2023-24,Toulouse,Nice,2,1
2024-03-03,2023-24,Brest,Le Havre,1,0
2024-03-03,2023-24,Montpellier,Strasbourg,2,2
2024-03-03,2023-24,Nantes,Metz,0,2
2024-03-03,2023-24,Rennes,Lorient,1,2
2024-03-03,2023-24,Lyon,Lens,0,3
2024-03-08,2023-24,Nice,Montpellier,1,2
2024-03-09,2023-24,Lorient,Lyon,0,2
2024-03-09,2023-24,Lens,Brest,1,0
2024-03-10,2023-24,Paris SG,Reims,2,2
2024-03-10,2023-24,Le Havre,Toulouse,1,0
2024-03-10,2023-24,Metz,Clermont,1,0
2024-03-10,2023-24,Strasbourg,Monaco,0,1
2024-03-10,2023-24,Lille,Rennes,2,2
2024-03-10,2023-24,Marseille,Nantes,2,0
2024-03-15,2023-24,Toulouse,Lyon,2,3
2024-03-16,2023-24,Nantes,Strasbourg,1,3
2024-03-16,2023-24,Lens,Nice,1,3
2024-03-17,2023-24,Brest,Lille,1,1
2024-03-17,2023-24,Clermont,Le Havre,2,1
2024-03-17,2023-24,Monaco,Lorient,2,2
2024-03-17,2023-24,Reims,Metz,2,1
2024-03-17,2023-24,Rennes,Marseille,2,0
2024-03-17,2023-24,Montpellier,Paris SG,2,6
2024-03-29,2023-24,Lille,Lens,2,1
2024-03-30,2023-24,Metz,Monaco,2,5
2024-03-30,2023-24,Lyon,Reims,1,1
2024-03-31,2023-24,Lorient,Brest,0,1
2024-03-31,2023-24,Clermont,Toulouse,0,3
2024-03-31,2023-24,Le Havre,Montpellier,0,2
2024-03-31,2023-24,Nice,Nantes,1,2
2024-03-31,2023-24,Strasbourg,Rennes,2,0
2024-03-31,2023-24,Marseille,Paris SG,0,2
2024-04-05,2023-24,Lille,Marseille,3,1
2024-04-06,2023-24,Lens,Le Havre,1,1
2024-04-06,2023-24,Paris SG,Clermont,1,1
2024-04-07,2023-24,Brest,Metz,4,3
2024-04-07,2023-24,Montpellier,Lorient,2,0
2024-04-07,2023-24,Reims,Nice,0,0
2024-04-07,2023-24,Toulouse,Strasbourg,0,0
2024-04-07,2023-24,Monaco,Rennes,1,0
2024-04-07,2023-24,Nantes,Lyon,1,3
2024-04-12,2023-24,Metz,Lens,2,1
2024-04-13,2023-24,Strasbourg,Reims,3,1
2024-04-13,2023-24,Rennes,Toulouse,1,2
2024-04-14,2023-24,Le Havre,Nantes,0,1
2024-04-14,2023-24,Clermont,Montpellier,1,1
2024-04-14,2023-24,Lyon,Brest,4,3
2024-04-19,2023-24,Nice,Lorient,3,0
2024-04-20,2023-24,Nantes,Rennes,0,3
2024-04-20,2023-24,Lens,Clermont,1,0
2024-04-21,2023-24,Le Havre,Metz,0,1
2024-04-21,2023-24,Lille,Strasbourg,1,0
2024-04-21,2023-24,Reims,Montpellier,1,2
2024-04-21,2023-24,Brest,Monaco,0,2
2024-04-21,2023-24,Toulouse,Marseille,2,2
2024-04-21,2023-24,Paris SG,Lyon,4,1
2024-04-24,2023-24,Lorient,Paris SG,1,4
2024-04-24,2023-24,Marseille,Nice,2,2
2024-04-24,2023-24,Monaco,Lille,1,0
2024-04-26,2023-24,Montpellier,Nantes,1,1
2024-04-27,2023-24,Paris SG,Le Havre,3,3
2024-04-28,2023-24,Metz,Lille,1,2
2024-04-28,2023-24,Clermont,Reims,4,1
2024-04-28,2023-24,Lorient,Toulouse,1,2
2024-04-28,2023-24,Strasbourg,Nice,1,3
2024-04-28,2023-24,Rennes,Brest,4,5
2024-04-28,2023-24,Lyon,Monaco,3,2
2024-04-28,2023-24,Marseille,Lens,2,1
2024-05-03,2023-24,Toulouse,Montpellier,1,2
2024-05-03,2023-24,Lens,Lorient,2,0
2024-05-04,2023-24,Le Havre,Strasbourg,3,1
2024-05-04,2023-24,Monaco,Clermont,4,1
2024-05-04,2023-24,Metz,Rennes,2,3
2024-05-04,2023-24,Brest,Nantes,0,0
2024-05-06,2023-24,Lille,Lyon,3,4
2024-05-10,2023-24,Brest,Reims,1,1
2024-05-10,2023-24,Nice,Le Havre,1,0
2024-05-12,2023-24,Clermont,Lyon,0,1
2024-05-12,2023-24,Marseille,Lorient,3,1
2024-05-12,2023-24,Montpellier,Monaco,0,2
2024-05-12,2023-24,Nantes,Lille,1,2
2024-05-12,2023-24,Paris SG,Toulouse,1,3
2024-05-12,2023-24,Rennes,Lens,1,1
2024-05-12,2023-24,Strasbourg,Metz,2,1
2024-05-15,2023-24,Nice,Paris SG,1,2
2024-05-15,2023-24,Reims,Marseille,1,0
2024-05-19,2023-24,Le Havre,Marseille,1,2
2024-05-19,2023-24,Lens,Montpellier,2,2
2024-05-19,2023-24,Lille,Nice,2,2
2024-05-19,2023-24,Lorient,Clermont,5,0
2024-05-19,2023-24,Lyon,Strasbourg,2,1
2024-05-19,2023-24,Metz,Paris SG,0,2
2024-05-19,2023-24,Monaco,Nantes,4,0
2024-05-19,2023-24,Reims,Rennes,2,1
2024-05-19,2023-24,Toulouse,Brest,0,3
