date,season,home_team,away_team,home_score,away_score
1993-08-29,1993-94,Atalanta,Cagliari,5,2
1993-08-29,1993-94,Genoa,Roma,2,0
1993-08-29,1993-94,Inter,Reggiana,2,1
1993-08-29,1993-94,Juventus,Cremonese,1,0
1993-08-29,1993-94,Lazio,Foggia,0,0
1993-08-29,1993-94,Lecce,Milan,0,1
1993-08-29,1993-94,Napoli,Sampdoria,1,2
1993-08-29,1993-94,Piacenza,Torino,0,3
1993-08-29,1993-94,Udinese,Parma,0,1
1993-09-05,1993-94,Cagliari,Udinese,1,2
1993-09-05,1993-94,Cremonese,Napoli,2,0
1993-09-05,1993-94,Foggia,Inter,1,1
1993-09-05,1993-94,Milan,Genoa,1,0
1993-09-05,1993-94,Parma,Lecce,1,0
1993-09-05,1993-94,Reggiana,Lazio,0,0
1993-09-05,1993-94,Roma,Juventus,2,1
1993-09-05,1993-94,Sampdoria,Piacenza,2,1
1993-09-05,1993-94,Torino,Atalanta,2,1
1993-09-08,1993-94,Atalanta,Reggiana,2,1
1993-09-08,1993-94,Genoa,Cagliari,1,1
1993-09-08,1993-94,Inter,Cremonese,2,1
1993-09-08,1993-94,Juventus,Sampdoria,3,1
1993-09-08,1993-94,Lazio,Parma,2,1
1993-09-08,1993-94,Lecce,Foggia,0,2
1993-09-08,1993-94,Napoli,Torino,0,0
1993-09-08,1993-94,Piacenza,Milan,0,0
1993-09-08,1993-94,Udinese,Roma,0,0
1993-09-12,1993-94,Cagliari,Inter,1,0
1993-09-12,1993-94,Cremonese,Lazio,1,0
1993-09-12,1993-94,Foggia,Juventus,1,1
1993-09-12,1993-94,Milan,Atalanta,2,0
1993-09-12,1993-94,Parma,Genoa,2,1
1993-09-12,1993-94,Reggiana,Piacenza,1,1
1993-09-12,1993-94,Roma,Napoli,2,3
1993-09-12,1993-94,Sampdoria,Lecce,2,1
1993-09-12,1993-94,Torino,Udinese,1,0
1993-09-19,1993-94,Atalanta,Cremonese,0,0
1993-09-19,1993-94,Foggia,Cagliari,0,1
1993-09-19,1993-94,Genoa,Napoli,0,0
1993-09-19,1993-94,Juventus,Reggiana,4,0
1993-09-19,1993-94,Lazio,Inter,0,0
1993-09-19,1993-94,Milan,Roma,2,0
1993-09-19,1993-94,Parma,Torino,3,0
1993-09-19,1993-94,Piacenza,Lecce,2,1
1993-09-19,1993-94,Udinese,Sampdoria,0,2
1993-09-26,1993-94,Cagliari,Lazio,4,1
1993-09-26,1993-94,Cremonese,Milan,0,2
1993-09-26,1993-94,Inter,Piacenza,2,0
1993-09-26,1993-94,Lecce,Juventus,1,1
1993-09-26,1993-94,Napoli,Udinese,2,1
1993-09-26,1993-94,Reggiana,Foggia,0,0
1993-09-26,1993-94,Roma,Atalanta,2,1
1993-09-26,1993-94,Sampdoria,Parma,1,1
1993-09-26,1993-94,Torino,Genoa,2,0
1993-10-03,1993-94,Atalanta,Sampdoria,1,4
1993-10-03,1993-94,Genoa,Reggiana,0,0
1993-10-03,1993-94,Juventus,Torino,3,2
1993-10-03,1993-94,Milan,Lazio,0,0
1993-10-03,1993-94,Napoli,Inter,0,0
1993-10-03,1993-94,Parma,Foggia,3,0
1993-10-03,1993-94,Piacenza,Cagliari,1,1
1993-10-03,1993-94,Roma,Cremonese,1,2
1993-10-03,1993-94,Udinese,Lecce,2,1
1993-10-17,1993-94,Cagliari,Napoli,1,2
1993-10-17,1993-94,Cremonese,Parma,0,0
1993-10-17,1993-94,Foggia,Milan,1,1
1993-10-17,1993-94,Inter,Torino,0,0
1993-10-17,1993-94,Juventus,Atalanta,2,1
1993-10-17,1993-94,Lazio,Piacenza,1,0
1993-10-17,1993-94,Lecce,Genoa,0,0
1993-10-17,1993-94,Reggiana,Udinese,1,1
1993-10-17,1993-94,Sampdoria,Roma,0,1
1993-10-24,1993-94,Atalanta,Foggia,1,1
1993-10-24,1993-94,Cremonese,Cagliari,3,1
1993-10-24,1993-94,Genoa,Piacenza,0,1
1993-10-24,1993-94,Milan,Juventus,1,1
1993-10-24,1993-94,Napoli,Lecce,3,1
1993-10-24,1993-94,Parma,Reggiana,1,0
1993-10-24,1993-94,Roma,Lazio,1,1
1993-10-24,1993-94,Torino,Sampdoria,2,3
1993-10-24,1993-94,Udinese,Inter,0,1
1993-10-31,1993-94,Cagliari,Torino,2,1
1993-10-31,1993-94,Foggia,Cremonese,1,1
1993-10-31,1993-94,Inter,Parma,3,2
1993-10-31,1993-94,Juventus,Genoa,4,0
1993-10-31,1993-94,Lazio,Udinese,2,1
1993-10-31,1993-94,Lecce,Atalanta,5,1
1993-10-31,1993-94,Piacenza,Napoli,1,1
1993-10-31,1993-94,Reggiana,Roma,0,0
1993-10-31,1993-94,Sampdoria,Milan,3,2
1993-11-07,1993-94,Atalanta,Piacenza,0,0
1993-11-07,1993-94,Cremonese,Lecce,2,1
1993-11-07,1993-94,Inter,Milan,1,2
1993-11-07,1993-94,Napoli,Lazio,1,2
1993-11-07,1993-94,Parma,Juventus,2,0
1993-11-07,1993-94,Roma,Foggia,0,0
1993-11-07,1993-94,Sampdoria,Cagliari,1,2
1993-11-07,1993-94,Torino,Reggiana,2,0
1993-11-07,1993-94,Udinese,Genoa,0,4
1993-11-21,1993-94,Atalanta,Parma,0,2
1993-11-21,1993-94,Foggia,Sampdoria,1,2
1993-11-21,1993-94,Genoa,Inter,1,0
1993-11-21,1993-94,Juventus,Cagliari,1,1
1993-11-21,1993-94,Lazio,Torino,1,2
1993-11-21,1993-94,Lecce,Roma,0,2
1993-11-21,1993-94,Milan,Napoli,2,1
1993-11-21,1993-94,Piacenza,Udinese,0,0
1993-11-21,1993-94,Reggiana,Cremonese,2,0
1993-11-28,1993-94,Cagliari,Roma,1,1
1993-11-28,1993-94,Inter,Juventus,2,2
1993-11-28,1993-94,Lazio,Genoa,4,0
1993-11-28,1993-94,Napoli,Reggiana,5,0
1993-11-28,1993-94,Parma,Milan,0,0
1993-11-28,1993-94,Piacenza,Foggia,5,4
1993-11-28,1993-94,Sampdoria,Cremonese,3,1
1993-11-28,1993-94,Torino,Lecce,3,0
1993-11-28,1993-94,Udinese,Atalanta,0,0
1993-12-05,1993-94,Atalanta,Lazio,1,1
1993-12-05,1993-94,Cremonese,Piacenza,4,0
1993-12-05,1993-94,Foggia,Udinese,2,2
1993-12-05,1993-94,Genoa,Sampdoria,1,1
1993-12-05,1993-94,Juventus,Napoli,1,0
1993-12-05,1993-94,Lecce,Inter,1,3
1993-12-05,1993-94,Milan,Torino,1,0
1993-12-05,1993-94,Reggiana,Cagliari,3,1
1993-12-05,1993-94,Roma,Parma,2,0
1993-12-12,1993-94,Cagliari,Parma,0,4
1993-12-12,1993-94,Genoa,Foggia,1,4
1993-12-12,1993-94,Inter,Sampdoria,3,0
1993-12-12,1993-94,Lazio,Juventus,3,1
1993-12-12,1993-94,Napoli,Atalanta,4,0
1993-12-12,1993-94,Piacenza,Roma,1,0
1993-12-12,1993-94,Reggiana,Lecce,1,0
1993-12-12,1993-94,Torino,Cremonese,1,1
1993-12-12,1993-94,Udinese,Milan,0,0
1993-12-19,1993-94,Atalanta,Genoa,2,1
1993-12-19,1993-94,Cremonese,Udinese,1,1
1993-12-19,1993-94,Foggia,Torino,1,0
1993-12-19,1993-94,Juventus,Piacenza,2,0
1993-12-19,1993-94,Lecce,Lazio,1,2
1993-12-19,1993-94,Milan,Cagliari,2,1
1993-12-19,1993-94,Parma,Napoli,1,3
1993-12-19,1993-94,Roma,Inter,1,1
1993-12-19,1993-94,Sampdoria,Reggiana,1,0
1994-01-02,1993-94,Cagliari,Lecce,2,1
1994-01-02,1993-94,Genoa,Cremonese,1,0
1994-01-02,1993-94,Inter,Atalanta,1,2
1994-01-02,1993-94,Lazio,Sampdoria,1,1
1994-01-02,1993-94,Napoli,Foggia,1,1
1994-01-02,1993-94,Piacenza,Parma,1,1
1994-01-02,1993-94,Reggiana,Milan,0,1
1994-01-02,1993-94,Torino,Roma,1,1
1994-01-02,1993-94,Udinese,Juventus,0,3
1994-01-09,1993-94,Cagliari,Atalanta,1,1
1994-01-09,1993-94,Cremonese,Juventus,1,1
1994-01-09,1993-94,Foggia,Lazio,4,1
1994-01-09,1993-94,Milan,Lecce,0,0
1994-01-09,1993-94,Parma,Udinese,0,1
1994-01-09,1993-94,Reggiana,Inter,1,0
1994-01-09,1993-94,Roma,Genoa,1,1
1994-01-09,1993-94,Sampdoria,Napoli,4,1
1994-01-09,1993-94,Torino,Piacenza,1,0
1994-01-16,1993-94,Atalanta,Torino,2,2
1994-01-16,1993-94,Genoa,Milan,0,0
1994-01-16,1993-94,Inter,Foggia,3,1
1994-01-16,1993-94,Juventus,Roma,0,0
1994-01-16,1993-94,Lazio,Reggiana,2,0
1994-01-16,1993-94,Lecce,Parma,1,1
1994-01-16,1993-94,Napoli,Cremonese,2,1
1994-01-16,1993-94,Piacenza,Sampdoria,2,1
1994-01-16,1993-94,Udinese,Cagliari,1,1
1994-01-23,1993-94,Cagliari,Genoa,0,0
1994-01-23,1993-94,Cremonese,Inter,1,4
1994-01-23,1993-94,Foggia,Lecce,5,0
1994-01-23,1993-94,Milan,Piacenza,2,0
1994-01-23,1993-94,Parma,Lazio,2,0
1994-01-23,1993-94,Reggiana,Atalanta,3,0
1994-01-23,1993-94,Roma,Udinese,0,2
1994-01-23,1993-94,Sampdoria,Juventus,1,1
1994-01-23,1993-94,Torino,Napoli,1,1
1994-01-30,1993-94,Atalanta,Milan,0,1
1994-01-30,1993-94,Genoa,Parma,0,4
1994-01-30,1993-94,Inter,Cagliari,3,3
1994-01-30,1993-94,Juventus,Foggia,2,0
1994-01-30,1993-94,Lazio,Cremonese,4,2
1994-01-30,1993-94,Lecce,Sampdoria,0,3
1994-01-30,1993-94,Napoli,Roma,1,1
1994-01-30,1993-94,Piacenza,Reggiana,3,2
1994-01-30,1993-94,Udinese,Torino,1,1
1994-02-06,1993-94,Cagliari,Foggia,1,1
1994-02-06,1993-94,Cremonese,Atalanta,2,0
1994-02-06,1993-94,Inter,Lazio,1,2
1994-02-06,1993-94,Lecce,Piacenza,1,1
1994-02-06,1993-94,Napoli,Genoa,1,1
1994-02-06,1993-94,Reggiana,Juventus,0,0
1994-02-06,1993-94,Roma,Milan,0,2
1994-02-06,1993-94,Sampdoria,Udinese,6,2
1994-02-06,1993-94,Torino,Parma,1,2
1994-02-13,1993-94,Atalanta,Roma,1,1
1994-02-13,1993-94,Foggia,Reggiana,1,0
1994-02-13,1993-94,Genoa,Torino,1,1
1994-02-13,1993-94,Juventus,Lecce,5,1
1994-02-13,1993-94,Lazio,Cagliari,4,0
1994-02-13,1993-94,Milan,Cremonese,1,0
1994-02-13,1993-94,Parma,Sampdoria,2,1
1994-02-13,1993-94,Piacenza,Inter,2,1
1994-02-13,1993-94,Udinese,Napoli,3,1
1994-02-20,1993-94,Cagliari,Piacenza,2,0
1994-02-20,1993-94,Cremonese,Roma,1,1
1994-02-20,1993-94,Foggia,Parma,3,2
1994-02-20,1993-94,Inter,Napoli,0,0
1994-02-20,1993-94,Lazio,Milan,0,1
1994-02-20,1993-94,Lecce,Udinese,1,0
1994-02-20,1993-94,Reggiana,Genoa,1,1
1994-02-20,1993-94,Sampdoria,Atalanta,3,1
1994-02-20,1993-94,Torino,Juventus,1,1
1994-02-27,1993-94,Atalanta,Juventus,1,3
1994-02-27,1993-94,Genoa,Lecce,2,0
1994-02-27,1993-94,Milan,Foggia,2,1
1994-02-27,1993-94,Napoli,Cagliari,1,2
1994-02-27,1993-94,Parma,Cremonese,2,1
1994-02-27,1993-94,Piacenza,Lazio,1,2
1994-02-27,1993-94,Roma,Sampdoria,0,1
1994-02-27,1993-94,Torino,Inter,2,0
1994-02-27,1993-94,Udinese,Reggiana,2,1
1994-03-06,1993-94,Cagliari,Cremonese,0,0
1994-03-06,1993-94,Foggia,Atalanta,1,1
1994-03-06,1993-94,Inter,Udinese,1,0
1994-03-06,1993-94,Juventus,Milan,0,1
1994-03-06,1993-94,Lazio,Roma,1,0
1994-03-06,1993-94,Lecce,Napoli,0,1
1994-03-06,1993-94,Piacenza,Genoa,1,1
1994-03-06,1993-94,Reggiana,Parma,2,0
1994-03-06,1993-94,Sampdoria,Torino,1,0
1994-03-13,1993-94,Atalanta,Lecce,3,4
1994-03-13,1993-94,Cremonese,Foggia,2,0
1994-03-13,1993-94,Genoa,Juventus,1,1
1994-03-13,1993-94,Milan,Sampdoria,1,0
1994-03-13,1993-94,Napoli,Piacenza,0,0
1994-03-13,1993-94,Parma,Inter,4,1
1994-03-13,1993-94,Roma,Reggiana,0,0
1994-03-13,1993-94,Torino,Cagliari,2,1
1994-03-13,1993-94,Udinese,Lazio,2,2
1994-03-20,1993-94,Cagliari,Sampdoria,0,0
1994-03-20,1993-94,Foggia,Roma,1,1
1994-03-20,1993-94,Genoa,Udinese,3,0
1994-03-20,1993-94,Juventus,Parma,4,0
1994-03-20,1993-94,Lazio,Napoli,3,0
1994-03-20,1993-94,Lecce,Cremonese,2,4
1994-03-20,1993-94,Milan,Inter,2,1
1994-03-20,1993-94,Piacenza,Atalanta,4,0
1994-03-20,1993-94,Reggiana,Torino,1,0
1994-03-27,1993-94,Cagliari,Juventus,0,1
1994-03-27,1993-94,Cremonese,Reggiana,1,1
1994-03-27,1993-94,Inter,Genoa,1,3
1994-03-27,1993-94,Napoli,Milan,1,0
1994-03-27,1993-94,Parma,Atalanta,2,1
1994-03-27,1993-94,Roma,Lecce,3,0
1994-03-27,1993-94,Sampdoria,Foggia,6,0
1994-03-27,1993-94,Torino,Lazio,1,1
1994-03-27,1993-94,Udinese,Piacenza,2,2
1994-04-04,1993-94,Atalanta,Udinese,1,1
1994-04-04,1993-94,Cremonese,Sampdoria,0,0
1994-04-04,1993-94,Foggia,Piacenza,1,0
1994-04-04,1993-94,Genoa,Lazio,1,1
1994-04-04,1993-94,Juventus,Inter,1,0
1994-04-04,1993-94,Lecce,Torino,1,2
1994-04-04,1993-94,Milan,Parma,1,1
1994-04-04,1993-94,Reggiana,Napoli,1,0
1994-04-04,1993-94,Roma,Cagliari,2,0
1994-04-10,1993-94,Cagliari,Reggiana,3,0
1994-04-10,1993-94,Inter,Lecce,4,1
1994-04-10,1993-94,Lazio,Atalanta,3,1
1994-04-10,1993-94,Napoli,Juventus,0,0
1994-04-10,1993-94,Parma,Roma,0,2
1994-04-10,1993-94,Piacenza,Cremonese,1,1
1994-04-10,1993-94,Sampdoria,Genoa,1,1
1994-04-10,1993-94,Torino,Milan,0,0
1994-04-10,1993-94,Udinese,Foggia,3,0
1994-04-17,1993-94,Atalanta,Napoli,1,1
1994-04-17,1993-94,Cremonese,Torino,1,1
1994-04-17,1993-94,Foggia,Genoa,3,0
1994-04-17,1993-94,Juventus,Lazio,6,1
1994-04-17,1993-94,Lecce,Reggiana,2,4
1994-04-17,1993-94,Milan,Udinese,2,2
1994-04-17,1993-94,Parma,Cagliari,3,1
1994-04-17,1993-94,Roma,Piacenza,3,1
1994-04-17,1993-94,Sampdoria,Inter,3,1
1994-04-24,1993-94,Cagliari,Milan,0,0
1994-04-24,1993-94,Genoa,Atalanta,2,1
1994-04-24,1993-94,Inter,Roma,2,2
1994-04-24,1993-94,Lazio,Lecce,3,0
1994-04-24,1993-94,Napoli,Parma,2,0
1994-04-24,1993-94,Piacenza,Juventus,0,0
1994-04-24,1993-94,Reggiana,Sampdoria,1,1
1994-04-24,1993-94,Torino,Foggia,1,4
1994-04-24,1993-94,Udinese,Cremonese,3,3
1994-05-01,1993-94,Atalanta,Inter,2,1
1994-05-01,1993-94,Cremonese,Genoa,1,1
1994-05-01,1993-94,Foggia,Napoli,0,1
1994-05-01,1993-94,Juventus,Udinese,1,0
1994-05-01,1993-94,Lecce,Cagliari,0,1
1994-05-01,1993-94,Milan,Reggiana,0,1
1994-05-01,1993-94,Parma,Piacenza,0,0
1994-05-01,1993-94,Roma,Torino,2,0
1994-05-01,1993-94,Sampdoria,Lazio,3,4
1994-09-04,1994-95,Bari,Lazio,0,1
1994-09-04,1994-95,Brescia,Juventus,1,1
1994-09-04,1994-95,Fiorentina,Cagliari,2,1
1994-09-04,1994-95,Milan,Genoa,1,0
1994-09-04,1994-95,Napoli,Reggiana,1,0
1994-09-04,1994-95,Parma,Cremonese,2,0
1994-09-04,1994-95,Roma,Foggia,1,1
1994-09-04,1994-95,Sampdoria,Padova,5,0
1994-09-04,1994-95,Torino,Inter,0,2
1994-09-11,1994-95,Cagliari,Milan,1,1
1994-09-11,1994-95,Cremonese,Napoli,2,0
1994-09-11,1994-95,Foggia,Brescia,3,1
1994-09-11,1994-95,Genoa,Fiorentina,1,1
1994-09-11,1994-95,Inter,Roma,0,1
1994-09-11,1994-95,Juventus,Bari,2,0
1994-09-11,1994-95,Lazio,Torino,3,0
1994-09-11,1994-95,Padova,Parma,0,3
1994-09-11,1994-95,Reggiana,Sampdoria,0,2
1994-09-18,1994-95,Bari,Reggiana,1,0
1994-09-18,1994-95,Brescia,Inter,0,0
1994-09-18,1994-95,Fiorentina,Cremonese,3,1
1994-09-18,1994-95,Milan,Lazio,2,1
1994-09-18,1994-95,Napoli,Juventus,0,2
1994-09-18,1994-95,Parma,Cagliari,2,1
1994-09-18,1994-95,Roma,Genoa,3,0
1994-09-18,1994-95,Sampdoria,Foggia,1,1
1994-09-18,1994-95,Torino,Padova,2,0
1994-09-25,1994-95,Cagliari,Brescia,2,0
1994-09-25,1994-95,Cremonese,Milan,1,0
1994-09-25,1994-95,Foggia,Torino,0,2
1994-09-25,1994-95,Genoa,Napoli,3,3
1994-09-25,1994-95,Inter,Fiorentina,3,1
1994-09-25,1994-95,Juventus,Sampdoria,1,0
1994-09-25,1994-95,Lazio,Parma,2,2
1994-09-25,1994-95,Padova,Bari,0,2
1994-09-25,1994-95,Reggiana,Roma,1,4
1994-10-02,1994-95,Bari,Cagliari,0,0
1994-10-02,1994-95,Cremonese,Foggia,1,3
1994-10-02,1994-95,Fiorentina,Lazio,1,1
1994-10-02,1994-95,Genoa,Reggiana,3,1
1994-10-02,1994-95,Juventus,Inter,0,0
1994-10-02,1994-95,Milan,Brescia,1,0
1994-10-02,1994-95,Napoli,Padova,3,3
1994-10-02,1994-95,Parma,Torino,2,0
1994-10-02,1994-95,Roma,Sampdoria,1,0
1994-10-15,1994-95,Brescia,Genoa,1,2
1994-10-15,1994-95,Cagliari,Cremonese,1,0
1994-10-15,1994-95,Foggia,Juventus,2,0
1994-10-15,1994-95,Inter,Bari,1,2
1994-10-15,1994-95,Lazio,Napoli,5,1
1994-10-15,1994-95,Padova,Milan,2,0
1994-10-15,1994-95,Reggiana,Fiorentina,1,1
1994-10-15,1994-95,Sampdoria,Parma,3,1
1994-10-16,1994-95,Torino,Roma,2,2
1994-10-23,1994-95,Cremonese,Juventus,1,2
1994-10-23,1994-95,Fiorentina,Padova,4,1
1994-10-23,1994-95,Foggia,Inter,0,0
1994-10-23,1994-95,Genoa,Lazio,1,2
1994-10-23,1994-95,Milan,Sampdoria,0,0
1994-10-23,1994-95,Napoli,Bari,3,0
1994-10-23,1994-95,Parma,Reggiana,2,1
1994-10-23,1994-95,Roma,Cagliari,1,1
1994-10-23,1994-95,Torino,Brescia,2,0
1994-10-30,1994-95,Bari,Genoa,4,1
1994-10-30,1994-95,Brescia,Fiorentina,2,4
1994-10-30,1994-95,Cagliari,Torino,1,0
1994-10-30,1994-95,Inter,Reggiana,1,0
1994-10-30,1994-95,Juventus,Milan,1,0
1994-10-30,1994-95,Lazio,Cremonese,1,0
1994-10-30,1994-95,Padova,Foggia,0,0
1994-10-30,1994-95,Parma,Roma,1,0
1994-10-30,1994-95,Sampdoria,Napoli,0,0
1994-11-06,1994-95,Cremonese,Sampdoria,2,0
1994-11-06,1994-95,Fiorentina,Bari,2,0
1994-11-06,1994-95,Foggia,Cagliari,2,0
1994-11-06,1994-95,Genoa,Inter,2,1
1994-11-06,1994-95,Milan,Parma,1,1
1994-11-06,1994-95,Padova,Brescia,2,0
1994-11-06,1994-95,Reggiana,Lazio,0,0
1994-11-06,1994-95,Roma,Napoli,1,1
1994-11-20,1994-95,Bari,Cremonese,2,0
1994-11-20,1994-95,Brescia,Roma,0,0
1994-11-20,1994-95,Cagliari,Genoa,1,0
1994-11-20,1994-95,Juventus,Reggiana,3,1
1994-11-20,1994-95,Lazio,Padova,5,1
1994-11-20,1994-95,Milan,Inter,1,1
1994-11-20,1994-95,Napoli,Fiorentina,2,5
1994-11-20,1994-95,Parma,Foggia,2,0
1994-11-20,1994-95,Sampdoria,Torino,1,1
1994-11-27,1994-95,Brescia,Bari,1,2
1994-11-27,1994-95,Fiorentina,Sampdoria,2,2
1994-11-27,1994-95,Foggia,Napoli,1,1
1994-11-27,1994-95,Genoa,Cremonese,0,1
1994-11-27,1994-95,Inter,Parma,1,1
1994-11-27,1994-95,Lazio,Roma,0,3
1994-11-27,1994-95,Padova,Juventus,1,2
1994-11-27,1994-95,Reggiana,Cagliari,0,0
1994-12-04,1994-95,Bari,Foggia,2,1
1994-12-04,1994-95,Cagliari,Lazio,1,1
1994-12-04,1994-95,Cremonese,Inter,0,1
1994-12-04,1994-95,Juventus,Fiorentina,3,2
1994-12-04,1994-95,Napoli,Torino,1,1
1994-12-04,1994-95,Parma,Brescia,4,0
1994-12-04,1994-95,Roma,Padova,2,0
1994-12-04,1994-95,Sampdoria,Genoa,3,2
1994-12-11,1994-95,Brescia,Sampdoria,0,0
1994-12-11,1994-95,Fiorentina,Roma,1,0
1994-12-11,1994-95,Foggia,Milan,1,3
1994-12-11,1994-95,Genoa,Parma,0,0
1994-12-11,1994-95,Inter,Napoli,0,2
1994-12-11,1994-95,Lazio,Juventus,3,4
1994-12-11,1994-95,Padova,Cagliari,2,1
1994-12-11,1994-95,Reggiana,Cremonese,2,0
1994-12-11,1994-95,Torino,Bari,2,0
1994-12-18,1994-95,Bari,Parma,1,2
1994-12-18,1994-95,Cremonese,Torino,3,0
1994-12-18,1994-95,Fiorentina,Foggia,1,1
1994-12-18,1994-95,Inter,Lazio,0,2
1994-12-18,1994-95,Juventus,Genoa,1,1
1994-12-18,1994-95,Reggiana,Padova,3,0
1994-12-18,1994-95,Roma,Milan,0,0
1994-12-18,1994-95,Sampdoria,Cagliari,5,0
1994-12-19,1994-95,Napoli,Brescia,1,1
1994-12-21,1994-95,Torino,Milan,0,0
1995-01-08,1994-95,Brescia,Reggiana,1,0
1995-01-08,1994-95,Cagliari,Inter,1,1
1995-01-08,1994-95,Foggia,Genoa,2,1
1995-01-08,1994-95,Milan,Napoli,1,1
1995-01-08,1994-95,Padova,Cremonese,3,2
1995-01-08,1994-95,Parma,Juventus,1,3
1995-01-08,1994-95,Roma,Bari,2,0
1995-01-08,1994-95,Sampdoria,Lazio,3,1
1995-01-08,1994-95,Torino,Fiorentina,1,0
1995-01-11,1994-95,Milan,Reggiana,2,1
1995-01-15,1994-95,Bari,Milan,3,5
1995-01-15,1994-95,Cremonese,Brescia,0,0
1995-01-15,1994-95,Fiorentina,Parma,1,1
1995-01-15,1994-95,Genoa,Padova,2,1
1995-01-15,1994-95,Inter,Sampdoria,2,0
1995-01-15,1994-95,Juventus,Roma,3,0
1995-01-15,1994-95,Lazio,Foggia,7,1
1995-01-15,1994-95,Napoli,Cagliari,1,1
1995-01-15,1994-95,Reggiana,Torino,1,0
1995-01-22,1994-95,Brescia,Lazio,0,1
1995-01-22,1994-95,Cagliari,Juventus,3,0
1995-01-22,1994-95,Foggia,Reggiana,1,0
1995-01-22,1994-95,Milan,Fiorentina,2,0
1995-01-22,1994-95,Padova,Inter,1,0
1995-01-22,1994-95,Parma,Napoli,2,0
1995-01-22,1994-95,Roma,Cremonese,1,1
1995-01-22,1994-95,Sampdoria,Bari,1,1
1995-01-22,1994-95,Torino,Genoa,0,0
1995-01-25,1994-95,Torino,Juventus,3,2
1995-01-29,1994-95,Cagliari,Fiorentina,2,0
1995-01-29,1994-95,Cremonese,Parma,1,1
1995-01-29,1994-95,Foggia,Roma,0,1
1995-01-29,1994-95,Inter,Torino,2,1
1995-01-29,1994-95,Juventus,Brescia,2,1
1995-01-29,1994-95,Lazio,Bari,1,2
1995-01-29,1994-95,Padova,Sampdoria,1,4
1995-01-29,1994-95,Reggiana,Napoli,1,2
1995-02-12,1994-95,Bari,Juventus,0,2
1995-02-12,1994-95,Brescia,Foggia,1,0
1995-02-12,1994-95,Fiorentina,Genoa,3,1
1995-02-12,1994-95,Milan,Cagliari,1,1
1995-02-12,1994-95,Napoli,Cremonese,1,0
1995-02-12,1994-95,Parma,Padova,1,0
1995-02-12,1994-95,Roma,Inter,3,1
1995-02-12,1994-95,Sampdoria,Reggiana,2,1
1995-02-12,1994-95,Torino,Lazio,2,0
1995-02-15,1994-95,Genoa,Milan,1,1
1995-02-19,1994-95,Cagliari,Parma,2,0
1995-02-19,1994-95,Cremonese,Fiorentina,0,0
1995-02-19,1994-95,Foggia,Sampdoria,1,1
1995-02-19,1994-95,Genoa,Roma,1,0
1995-02-19,1994-95,Inter,Brescia,1,0
1995-02-19,1994-95,Juventus,Napoli,1,0
1995-02-19,1994-95,Lazio,Milan,4,0
1995-02-19,1994-95,Padova,Torino,4,2
1995-02-19,1994-95,Reggiana,Bari,0,1
1995-02-26,1994-95,Bari,Padova,0,1
1995-02-26,1994-95,Brescia,Cagliari,2,3
1995-02-26,1994-95,Fiorentina,Inter,2,2
1995-02-26,1994-95,Milan,Cremonese,3,1
1995-02-26,1994-95,Napoli,Genoa,1,0
1995-02-26,1994-95,Parma,Lazio,2,0
1995-02-26,1994-95,Roma,Reggiana,2,0
1995-02-26,1994-95,Sampdoria,Juventus,0,1
1995-02-26,1994-95,Torino,Foggia,2,0
1995-03-05,1994-95,Brescia,Milan,0,5
1995-03-05,1994-95,Cagliari,Bari,2,1
1995-03-05,1994-95,Foggia,Cremonese,0,1
1995-03-05,1994-95,Inter,Juventus,0,0
1995-03-05,1994-95,Lazio,Fiorentina,8,2
1995-03-05,1994-95,Padova,Napoli,2,0
1995-03-05,1994-95,Reggiana,Genoa,0,1
1995-03-05,1994-95,Sampdoria,Roma,3,0
1995-03-05,1994-95,Torino,Parma,0,2
1995-03-12,1994-95,Bari,Inter,0,1
1995-03-12,1994-95,Cremonese,Cagliari,2,0
1995-03-12,1994-95,Fiorentina,Reggiana,1,1
1995-03-12,1994-95,Genoa,Brescia,1,0
1995-03-12,1994-95,Juventus,Foggia,2,0
1995-03-12,1994-95,Milan,Padova,1,0
1995-03-12,1994-95,Napoli,Lazio,3,2
1995-03-12,1994-95,Parma,Sampdoria,3,2
1995-03-12,1994-95,Roma,Torino,1,1
1995-03-19,1994-95,Bari,Napoli,1,1
1995-03-19,1994-95,Brescia,Torino,1,4
1995-03-19,1994-95,Cagliari,Roma,0,1
1995-03-19,1994-95,Inter,Foggia,3,0
1995-03-19,1994-95,Juventus,Cremonese,1,0
1995-03-19,1994-95,Lazio,Genoa,4,0
1995-03-19,1994-95,Padova,Fiorentina,0,1
1995-03-19,1994-95,Reggiana,Parma,2,2
1995-03-19,1994-95,Sampdoria,Milan,0,3
1995-04-02,1994-95,Cremonese,Lazio,0,0
1995-04-02,1994-95,Fiorentina,Brescia,4,0
1995-04-02,1994-95,Foggia,Padova,4,1
1995-04-02,1994-95,Genoa,Bari,1,1
1995-04-02,1994-95,Milan,Juventus,0,2
1995-04-02,1994-95,Napoli,Sampdoria,2,0
1995-04-02,1994-95,Reggiana,Inter,0,1
1995-04-02,1994-95,Roma,Parma,1,0
1995-04-02,1994-95,Torino,Cagliari,3,2
1995-04-09,1994-95,Bari,Fiorentina,2,2
1995-04-09,1994-95,Brescia,Padova,1,3
1995-04-09,1994-95,Cagliari,Foggia,2,1
1995-04-09,1994-95,Inter,Genoa,2,0
1995-04-09,1994-95,Juventus,Torino,1,2
1995-04-09,1994-95,Lazio,Reggiana,2,0
1995-04-09,1994-95,Napoli,Roma,0,0
1995-04-09,1994-95,Parma,Milan,2,3
1995-04-09,1994-95,Sampdoria,Cremonese,2,1
1995-04-14,1994-95,Cremonese,Bari,0,0
1995-04-14,1994-95,Fiorentina,Napoli,4,0
1995-04-14,1994-95,Foggia,Parma,0,0
1995-04-14,1994-95,Genoa,Cagliari,1,1
1995-04-14,1994-95,Inter,Milan,3,1
1995-04-14,1994-95,Padova,Lazio,2,0
1995-04-14,1994-95,Reggiana,Juventus,1,2
1995-04-14,1994-95,Roma,Brescia,3,0
1995-04-14,1994-95,Torino,Sampdoria,0,0
1995-04-23,1994-95,Bari,Brescia,3,0
1995-04-23,1994-95,Cagliari,Reggiana,4,2
1995-04-23,1994-95,Cremonese,Genoa,4,1
1995-04-23,1994-95,Juventus,Padova,0,1
1995-04-23,1994-95,Milan,Torino,5,1
1995-04-23,1994-95,Napoli,Foggia,2,1
1995-04-23,1994-95,Parma,Inter,3,0
1995-04-23,1994-95,Roma,Lazio,0,2
1995-04-23,1994-95,Sampdoria,Fiorentina,2,2
1995-04-30,1994-95,Brescia,Parma,1,2
1995-04-30,1994-95,Fiorentina,Juventus,1,4
1995-04-30,1994-95,Foggia,Bari,2,2
1995-04-30,1994-95,Genoa,Sampdoria,2,1
1995-04-30,1994-95,Inter,Cremonese,0,0
1995-04-30,1994-95,Lazio,Cagliari,0,0
1995-04-30,1994-95,Padova,Roma,0,0
1995-04-30,1994-95,Reggiana,Milan,0,4
1995-04-30,1994-95,Torino,Napoli,1,1
1995-05-07,1994-95,Bari,Torino,3,1
1995-05-07,1994-95,Cagliari,Padova,2,0
1995-05-07,1994-95,Cremonese,Reggiana,2,1
1995-05-07,1994-95,Juventus,Lazio,0,3
1995-05-07,1994-95,Milan,Foggia,3,0
1995-05-07,1994-95,Napoli,Inter,1,3
1995-05-07,1994-95,Parma,Genoa,0,0
1995-05-07,1994-95,Roma,Fiorentina,2,0
1995-05-07,1994-95,Sampdoria,Brescia,2,1
1995-05-13,1994-95,Genoa,Juventus,0,4
1995-05-13,1994-95,Parma,Bari,1,0
1995-05-14,1994-95,Brescia,Napoli,1,2
1995-05-14,1994-95,Cagliari,Sampdoria,0,2
1995-05-14,1994-95,Foggia,Fiorentina,2,1
1995-05-14,1994-95,Lazio,Inter,4,1
1995-05-14,1994-95,Milan,Roma,1,0
1995-05-14,1994-95,Padova,Reggiana,3,0
1995-05-14,1994-95,Torino,Cremonese,1,1
1995-05-21,1994-95,Bari,Roma,2,2
1995-05-21,1994-95,Cremonese,Padova,3,0
1995-05-21,1994-95,Fiorentina,Torino,6,3
1995-05-21,1994-95,Genoa,Foggia,3,0
1995-05-21,1994-95,Inter,Cagliari,1,2
1995-05-21,1994-95,Juventus,Parma,4,0
1995-05-21,1994-95,Lazio,Sampdoria,1,0
1995-05-21,1994-95,Napoli,Milan,1,0
1995-05-21,1994-95,Reggiana,Brescia,2,0
1995-05-28,1994-95,Brescia,Cremonese,1,2
1995-05-28,1994-95,Cagliari,Napoli,0,1
1995-05-28,1994-95,Foggia,Lazio,0,1
1995-05-28,1994-95,Milan,Bari,0,1
1995-05-28,1994-95,Padova,Genoa,1,1
1995-05-28,1994-95,Parma,Fiorentina,3,0
1995-05-28,1994-95,Roma,Juventus,3,0
1995-05-28,1994-95,Sampdoria,Inter,2,2
1995-05-28,1994-95,Torino,Reggiana,4,0
1995-06-04,1994-95,Bari,Sampdoria,1,2
1995-06-04,1994-95,Cremonese,Roma,2,5
1995-06-04,1994-95,Fiorentina,Milan,1,2
1995-06-04,1994-95,Genoa,Torino,1,0
1995-06-04,1994-95,Inter,Padova,2,1
1995-06-04,1994-95,Juventus,Cagliari,3,1
1995-06-04,1994-95,Lazio,Brescia,1,0
1995-06-04,1994-95,Napoli,Parma,1,0
1995-06-04,1994-95,Reggiana,Foggia,1,1
1995-08-27,1995-96,Atalanta,Parma,1,1
1995-08-27,1995-96,Bari,Napoli,1,1
1995-08-27,1995-96,Fiorentina,Torino,2,0
1995-08-27,1995-96,Inter,Vicenza,1,0
1995-08-27,1995-96,Juventus,Cremonese,4,1
1995-08-27,1995-96,Lazio,Piacenza,4,1
1995-08-27,1995-96,Padova,Milan,1,2
1995-08-27,1995-96,Sampdoria,Roma,1,1
1995-08-27,1995-96,Udinese,Cagliari,1,0
1995-09-10,1995-96,Cagliari,Lazio,0,1
1995-09-10,1995-96,Cremonese,Sampdoria,0,0
1995-09-10,1995-96,Milan,Udinese,2,1
1995-09-10,1995-96,Napoli,Padova,2,0
1995-09-10,1995-96,Parma,Inter,2,1
1995-09-10,1995-96,Piacenza,Juventus,0,4
1995-09-10,1995-96,Roma,Atalanta,0,1
1995-09-10,1995-96,Torino,Bari,3,1
1995-09-10,1995-96,Vicenza,Fiorentina,1,0
1995-09-17,1995-96,Atalanta,Napoli,1,3
1995-09-17,1995-96,Bari,Lazio,3,3
1995-09-17,1995-96,Fiorentina,Cagliari,3,1
1995-09-17,1995-96,Inter,Piacenza,0,0
1995-09-17,1995-96,Juventus,Vicenza,1,0
1995-09-17,1995-96,Padova,Torino,1,1
1995-09-17,1995-96,Roma,Milan,1,2
1995-09-17,1995-96,Sampdoria,Parma,3,0
1995-09-17,1995-96,Udinese,Cremonese,3,2
1995-09-24,1995-96,Cagliari,Juventus,0,0
1995-09-24,1995-96,Cremonese,Roma,0,1
1995-09-24,1995-96,Lazio,Udinese,2,2
1995-09-24,1995-96,Milan,Atalanta,3,0
1995-09-24,1995-96,Napoli,Inter,2,1
1995-09-24,1995-96,Parma,Fiorentina,3,0
1995-09-24,1995-96,Piacenza,Bari,3,2
1995-09-24,1995-96,Torino,Sampdoria,1,1
1995-09-24,1995-96,Vicenza,Padova,2,1
1995-10-01,1995-96,Atalanta,Piacenza,2,0
1995-10-01,1995-96,Bari,Milan,1,0
1995-10-01,1995-96,Fiorentina,Cremonese,3,2
1995-10-01,1995-96,Inter,Torino,4,0
1995-10-01,1995-96,Juventus,Napoli,1,1
1995-10-01,1995-96,Padova,Parma,1,3
1995-10-01,1995-96,Roma,Lazio,0,0
1995-10-01,1995-96,Sampdoria,Cagliari,1,2
1995-10-01,1995-96,Udinese,Vicenza,1,1
1995-10-15,1995-96,Atalanta,Inter,1,1
1995-10-15,1995-96,Cagliari,Cremonese,1,0
1995-10-15,1995-96,Lazio,Padova,2,0
1995-10-15,1995-96,Milan,Juventus,2,1
1995-10-15,1995-96,Napoli,Fiorentina,0,2
1995-10-15,1995-96,Parma,Udinese,1,0
1995-10-15,1995-96,Piacenza,Sampdoria,3,2
1995-10-15,1995-96,Torino,Roma,2,2
1995-10-15,1995-96,Vicenza,Bari,2,0
1995-10-22,1995-96,Bari,Cagliari,3,0
1995-10-22,1995-96,Cremonese,Atalanta,1,1
1995-10-22,1995-96,Inter,Lazio,0,0
1995-10-22,1995-96,Juventus,Padova,3,1
1995-10-22,1995-96,Piacenza,Napoli,0,1
1995-10-22,1995-96,Roma,Parma,1,1
1995-10-22,1995-96,Sampdoria,Fiorentina,2,1
1995-10-22,1995-96,Udinese,Torino,1,0
1995-10-22,1995-96,Vicenza,Milan,1,1
1995-10-29,1995-96,Atalanta,Udinese,0,0
1995-10-29,1995-96,Cagliari,Roma,0,2
1995-10-29,1995-96,Fiorentina,Bari,3,2
1995-10-29,1995-96,Inter,Milan,1,1
1995-10-29,1995-96,Lazio,Juventus,4,0
1995-10-29,1995-96,Napoli,Cremonese,0,0
1995-10-29,1995-96,Padova,Sampdoria,1,1
1995-10-29,1995-96,Parma,Piacenza,3,2
1995-10-29,1995-96,Torino,Vicenza,1,0
1995-11-05,1995-96,Bari,Atalanta,1,3
1995-11-05,1995-96,Cremonese,Parma,0,2
1995-11-05,1995-96,Fiorentina,Lazio,2,0
1995-11-05,1995-96,Milan,Cagliari,3,2
1995-11-05,1995-96,Roma,Padova,2,0
1995-11-05,1995-96,Sampdoria,Inter,0,0
1995-11-05,1995-96,Torino,Napoli,0,0
1995-11-05,1995-96,Udinese,Juventus,1,0
1995-11-05,1995-96,Vicenza,Piacenza,1,1
1995-11-19,1995-96,Atalanta,Sampdoria,3,2
1995-11-19,1995-96,Cagliari,Torino,1,0
1995-11-19,1995-96,Inter,Udinese,2,1
1995-11-19,1995-96,Juventus,Fiorentina,1,0
1995-11-19,1995-96,Lazio,Cremonese,2,1
1995-11-19,1995-96,Napoli,Vicenza,1,1
1995-11-19,1995-96,Padova,Bari,3,0
1995-11-19,1995-96,Parma,Milan,0,0
1995-11-19,1995-96,Piacenza,Roma,1,0
1995-11-26,1995-96,Cagliari,Napoli,2,0
1995-11-26,1995-96,Cremonese,Padova,2,1
1995-11-26,1995-96,Fiorentina,Inter,1,1
1995-11-26,1995-96,Milan,Piacenza,3,0
1995-11-26,1995-96,Parma,Juventus,1,1
1995-11-26,1995-96,Roma,Bari,2,1
1995-11-26,1995-96,Sampdoria,Udinese,1,0
1995-11-26,1995-96,Torino,Atalanta,0,1
1995-11-26,1995-96,Vicenza,Lazio,1,0
1995-12-03,1995-96,Atalanta,Vicenza,3,1
1995-12-03,1995-96,Bari,Sampdoria,1,3
1995-12-03,1995-96,Inter,Cremonese,2,0
1995-12-03,1995-96,Juventus,Torino,5,0
1995-12-03,1995-96,Lazio,Milan,0,1
1995-12-03,1995-96,Napoli,Parma,1,1
1995-12-03,1995-96,Padova,Fiorentina,0,1
1995-12-03,1995-96,Piacenza,Cagliari,1,1
1995-12-03,1995-96,Udinese,Roma,1,1
1995-12-10,1995-96,Cagliari,Atalanta,2,0
1995-12-10,1995-96,Cremonese,Bari,7,1
1995-12-10,1995-96,Fiorentina,Udinese,3,0
1995-12-10,1995-96,Milan,Napoli,0,0
1995-12-10,1995-96,Padova,Inter,2,1
1995-12-10,1995-96,Parma,Lazio,2,1
1995-12-10,1995-96,Roma,Vicenza,1,1
1995-12-10,1995-96,Sampdoria,Juventus,2,0
1995-12-10,1995-96,Torino,Piacenza,4,2
1995-12-17,1995-96,Atalanta,Fiorentina,1,3
1995-12-17,1995-96,Bari,Parma,1,1
1995-12-17,1995-96,Juventus,Inter,1,0
1995-12-17,1995-96,Lazio,Sampdoria,6,3
1995-12-17,1995-96,Milan,Torino,1,1
1995-12-17,1995-96,Napoli,Roma,0,2
1995-12-17,1995-96,Piacenza,Cremonese,2,1
1995-12-17,1995-96,Udinese,Padova,3,1
1995-12-17,1995-96,Vicenza,Cagliari,0,1
1995-12-23,1995-96,Cremonese,Torino,1,1
1995-12-23,1995-96,Fiorentina,Milan,2,2
1995-12-23,1995-96,Inter,Cagliari,4,0
1995-12-23,1995-96,Juventus,Roma,0,2
1995-12-23,1995-96,Lazio,Atalanta,5,1
1995-12-23,1995-96,Padova,Piacenza,1,1
1995-12-23,1995-96,Parma,Vicenza,0,1
1995-12-23,1995-96,Sampdoria,Napoli,2,2
1995-12-23,1995-96,Udinese,Bari,1,2
1996-01-07,1995-96,Atalanta,Juventus,0,1
1996-01-07,1995-96,Bari,Inter,4,1
1996-01-07,1995-96,Cagliari,Padova,0,1
1996-01-07,1995-96,Milan,Sampdoria,3,0
1996-01-07,1995-96,Napoli,Lazio,1,0
1996-01-07,1995-96,Piacenza,Udinese,0,2
1996-01-07,1995-96,Roma,Fiorentina,2,2
1996-01-07,1995-96,Torino,Parma,2,2
1996-01-07,1995-96,Vicenza,Cremonese,1,0
1996-01-14,1995-96,Cremonese,Milan,0,0
1996-01-14,1995-96,Fiorentina,Piacenza,2,1
1996-01-14,1995-96,Inter,Roma,2,0
1996-01-14,1995-96,Juventus,Bari,1,1
1996-01-14,1995-96,Lazio,Torino,1,1
1996-01-14,1995-96,Padova,Atalanta,3,2
1996-01-14,1995-96,Parma,Cagliari,4,0
1996-01-14,1995-96,Sampdoria,Vicenza,2,2
1996-01-14,1995-96,Udinese,Napoli,3,2
1996-01-21,1995-96,Cagliari,Udinese,4,1
1996-01-21,1995-96,Cremonese,Juventus,3,3
1996-01-21,1995-96,Milan,Padova,1,0
1996-01-21,1995-96,Napoli,Bari,1,0
1996-01-21,1995-96,Parma,Atalanta,2,0
1996-01-21,1995-96,Piacenza,Lazio,2,1
1996-01-21,1995-96,Roma,Sampdoria,3,1
1996-01-21,1995-96,Torino,Fiorentina,0,3
1996-01-21,1995-96,Vicenza,Inter,1,1
1996-01-28,1995-96,Atalanta,Roma,2,1
1996-01-28,1995-96,Bari,Torino,2,2
1996-01-28,1995-96,Fiorentina,Vicenza,1,1
1996-01-28,1995-96,Inter,Parma,1,1
1996-01-28,1995-96,Juventus,Piacenza,2,0
1996-01-28,1995-96,Lazio,Cagliari,4,0
1996-01-28,1995-96,Padova,Napoli,4,2
1996-01-28,1995-96,Sampdoria,Cremonese,2,0
1996-01-28,1995-96,Udinese,Milan,0,2
1996-02-04,1995-96,Cagliari,Fiorentina,0,0
1996-02-04,1995-96,Cremonese,Udinese,2,2
1996-02-04,1995-96,Lazio,Bari,4,3
1996-02-04,1995-96,Milan,Roma,3,1
1996-02-04,1995-96,Napoli,Atalanta,2,0
1996-02-04,1995-96,Parma,Sampdoria,1,0
1996-02-04,1995-96,Piacenza,Inter,1,0
1996-02-04,1995-96,Torino,Padova,2,0
1996-02-04,1995-96,Vicenza,Juventus,2,1
1996-02-11,1995-96,Atalanta,Milan,0,1
1996-02-11,1995-96,Bari,Piacenza,0,0
1996-02-11,1995-96,Fiorentina,Parma,1,0
1996-02-11,1995-96,Inter,Napoli,4,0
1996-02-11,1995-96,Juventus,Cagliari,4,1
1996-02-11,1995-96,Padova,Vicenza,3,2
1996-02-11,1995-96,Roma,Cremonese,3,0
1996-02-11,1995-96,Sampdoria,Torino,1,0
1996-02-11,1995-96,Udinese,Lazio,1,1
1996-02-18,1995-96,Cagliari,Sampdoria,3,0
1996-02-18,1995-96,Cremonese,Fiorentina,0,0
1996-02-18,1995-96,Lazio,Roma,1,0
1996-02-18,1995-96,Milan,Bari,3,2
1996-02-18,1995-96,Napoli,Juventus,0,1
1996-02-18,1995-96,Parma,Padova,2,1
1996-02-18,1995-96,Piacenza,Atalanta,2,2
1996-02-18,1995-96,Torino,Inter,0,1
1996-02-18,1995-96,Vicenza,Udinese,0,1
1996-02-25,1995-96,Bari,Vicenza,0,2
1996-02-25,1995-96,Cremonese,Cagliari,3,1
1996-02-25,1995-96,Fiorentina,Napoli,3,0
1996-02-25,1995-96,Inter,Atalanta,1,0
1996-02-25,1995-96,Juventus,Milan,1,1
1996-02-25,1995-96,Padova,Lazio,1,3
1996-02-25,1995-96,Roma,Torino,1,0
1996-02-25,1995-96,Sampdoria,Piacenza,3,0
1996-02-25,1995-96,Udinese,Parma,0,0
1996-03-02,1995-96,Milan,Vicenza,4,0
1996-03-02,1995-96,Padova,Juventus,0,5
1996-03-02,1995-96,Parma,Roma,1,1
1996-03-03,1995-96,Atalanta,Cremonese,1,1
1996-03-03,1995-96,Cagliari,Bari,4,2
1996-03-03,1995-96,Fiorentina,Sampdoria,2,2
1996-03-03,1995-96,Lazio,Inter,0,1
1996-03-03,1995-96,Napoli,Piacenza,0,0
1996-03-03,1995-96,Torino,Udinese,2,0
1996-03-10,1995-96,Bari,Fiorentina,1,1
1996-03-10,1995-96,Cremonese,Napoli,1,1
1996-03-10,1995-96,Juventus,Lazio,4,2
1996-03-10,1995-96,Milan,Inter,0,1
1996-03-10,1995-96,Piacenza,Parma,2,1
1996-03-10,1995-96,Roma,Cagliari,1,1
1996-03-10,1995-96,Sampdoria,Padova,3,1
1996-03-10,1995-96,Udinese,Atalanta,3,0
1996-03-10,1995-96,Vicenza,Torino,2,1
1996-03-24,1995-96,Bari,Padova,2,1
1996-03-24,1995-96,Cremonese,Lazio,2,1
1996-03-24,1995-96,Fiorentina,Juventus,0,1
1996-03-24,1995-96,Milan,Parma,3,0
1996-03-24,1995-96,Roma,Piacenza,2,1
1996-03-24,1995-96,Sampdoria,Atalanta,2,3
1996-03-24,1995-96,Torino,Cagliari,1,1
1996-03-24,1995-96,Udinese,Inter,1,2
1996-03-24,1995-96,Vicenza,Napoli,3,0
1996-03-31,1995-96,Atalanta,Torino,1,0
1996-03-31,1995-96,Bari,Roma,1,2
1996-03-31,1995-96,Inter,Fiorentina,1,2
1996-03-31,1995-96,Juventus,Parma,1,0
1996-03-31,1995-96,Lazio,Vicenza,3,0
1996-03-31,1995-96,Napoli,Cagliari,0,0
1996-03-31,1995-96,Padova,Cremonese,1,2
1996-03-31,1995-96,Piacenza,Milan,0,2
1996-03-31,1995-96,Udinese,Sampdoria,2,4
1996-04-06,1995-96,Cagliari,Piacenza,0,0
1996-04-06,1995-96,Cremonese,Inter,2,4
1996-04-06,1995-96,Fiorentina,Padova,6,4
1996-04-06,1995-96,Milan,Lazio,0,0
1996-04-06,1995-96,Parma,Napoli,1,0
1996-04-06,1995-96,Roma,Udinese,2,1
1996-04-06,1995-96,Sampdoria,Bari,2,0
1996-04-06,1995-96,Torino,Juventus,1,2
1996-04-06,1995-96,Vicenza,Atalanta,1,0
1996-04-10,1995-96,Atalanta,Bari,1,2
1996-04-10,1995-96,Cagliari,Milan,1,2
1996-04-10,1995-96,Inter,Sampdoria,0,2
1996-04-10,1995-96,Juventus,Udinese,2,1
1996-04-10,1995-96,Lazio,Fiorentina,4,0
1996-04-10,1995-96,Napoli,Torino,1,0
1996-04-10,1995-96,Padova,Roma,1,2
1996-04-10,1995-96,Parma,Cremonese,2,0
1996-04-10,1995-96,Piacenza,Vicenza,0,1
1996-04-14,1995-96,Atalanta,Cagliari,3,0
1996-04-14,1995-96,Bari,Cremonese,2,1
1996-04-14,1995-96,Inter,Padova,8,2
1996-04-14,1995-96,Juventus,Sampdoria,0,3
1996-04-14,1995-96,Lazio,Parma,2,1
1996-04-14,1995-96,Napoli,Milan,0,1
1996-04-14,1995-96,Piacenza,Torino,1,0
1996-04-14,1995-96,Udinese,Fiorentina,1,0
1996-04-14,1995-96,Vicenza,Roma,2,1
1996-04-21,1995-96,Cagliari,Vicenza,2,0
1996-04-21,1995-96,Cremonese,Piacenza,0,0
1996-04-21,1995-96,Fiorentina,Atalanta,1,0
1996-04-21,1995-96,Inter,Juventus,1,2
1996-04-21,1995-96,Padova,Udinese,2,3
1996-04-21,1995-96,Parma,Bari,3,1
1996-04-21,1995-96,Roma,Napoli,4,1
1996-04-21,1995-96,Sampdoria,Lazio,3,3
1996-04-21,1995-96,Torino,Milan,1,1
1996-04-28,1995-96,Atalanta,Lazio,1,3
1996-04-28,1995-96,Bari,Udinese,4,2
1996-04-28,1995-96,Cagliari,Inter,0,0
1996-04-28,1995-96,Milan,Fiorentina,3,1
1996-04-28,1995-96,Napoli,Sampdoria,1,0
1996-04-28,1995-96,Piacenza,Padova,4,0
1996-04-28,1995-96,Roma,Juventus,2,2
1996-04-28,1995-96,Torino,Cremonese,1,0
1996-04-28,1995-96,Vicenza,Parma,0,1
1996-05-05,1995-96,Cremonese,Vicenza,1,1
1996-05-05,1995-96,Fiorentina,Roma,1,4
1996-05-05,1995-96,Inter,Bari,3,0
1996-05-05,1995-96,Juventus,Atalanta,1,0
1996-05-05,1995-96,Lazio,Napoli,1,0
1996-05-05,1995-96,Padova,Cagliari,2,1
1996-05-05,1995-96,Parma,Torino,1,0
1996-05-05,1995-96,Sampdoria,Milan,3,0
1996-05-05,1995-96,Udinese,Piacenza,0,0
1996-05-12,1995-96,Atalanta,Padova,3,0
1996-05-12,1995-96,Bari,Juventus,2,2
1996-05-12,1995-96,Cagliari,Parma,2,0
1996-05-12,1995-96,Milan,Cremonese,7,1
1996-05-12,1995-96,Napoli,Udinese,2,1
1996-05-12,1995-96,Piacenza,Fiorentina,0,1
1996-05-12,1995-96,Roma,Inter,1,0
1996-05-12,1995-96,Torino,Lazio,0,2
1996-05-12,1995-96,Vicenza,Sampdoria,2,2
1996-09-08,1996-97,Bologna,Lazio,1,0
1996-09-08,1996-97,Cagliari,Atalanta,2,0
1996-09-08,1996-97,Fiorentina,Vicenza,2,4
1996-09-08,1996-97,Milan,Verona,4,1
1996-09-08,1996-97,Parma,Napoli,3,0
1996-09-08,1996-97,Perugia,Sampdoria,1,0
1996-09-08,1996-97,Reggiana,Juventus,1,1
1996-09-08,1996-97,Roma,Piacenza,3,1
1996-09-08,1996-97,Udinese,Inter,0,1
1996-09-15,1996-97,Atalanta,Fiorentina,2,2
1996-09-15,1996-97,Inter,Perugia,1,0
1996-09-15,1996-97,Juventus,Cagliari,2,1
1996-09-15,1996-97,Lazio,Udinese,0,1
1996-09-15,1996-97,Napoli,Reggiana,1,0
1996-09-15,1996-97,Piacenza,Parma,0,0
1996-09-15,1996-97,Sampdoria,Milan,2,1
1996-09-15,1996-97,Verona,Bologna,0,2
1996-09-15,1996-97,Vicenza,Roma,0,2
1996-09-22,1996-97,Bologna,Milan,1,2
1996-09-22,1996-97,Cagliari,Udinese,1,2
1996-09-22,1996-97,Fiorentina,Verona,2,0
1996-09-22,1996-97,Inter,Lazio,1,1
1996-09-22,1996-97,Napoli,Piacenza,1,1
1996-09-22,1996-97,Parma,Reggiana,3,2
1996-09-22,1996-97,Perugia,Juventus,1,2
1996-09-22,1996-97,Roma,Sampdoria,1,4
1996-09-22,1996-97,Vicenza,Atalanta,4,1
1996-09-29,1996-97,Atalanta,Inter,1,1
1996-09-29,1996-97,Juventus,Fiorentina,1,0
1996-09-29,1996-97,Lazio,Parma,2,1
1996-09-29,1996-97,Milan,Perugia,3,0
1996-09-29,1996-97,Piacenza,Vicenza,1,0
1996-09-29,1996-97,Reggiana,Roma,1,1
1996-09-29,1996-97,Sampdoria,Napoli,0,1
1996-09-29,1996-97,Udinese,Bologna,2,2
1996-09-29,1996-97,Verona,Cagliari,2,2
1996-10-13,1996-97,Bologna,Sampdoria,2,1
1996-10-13,1996-97,Cagliari,Parma,0,1
1996-10-13,1996-97,Fiorentina,Lazio,0,0
1996-10-13,1996-97,Inter,Piacenza,2,0
1996-10-13,1996-97,Napoli,Udinese,1,1
1996-10-13,1996-97,Perugia,Atalanta,3,1
1996-10-13,1996-97,Reggiana,Verona,2,2
1996-10-13,1996-97,Roma,Milan,3,0
1996-10-13,1996-97,Vicenza,Juventus,2,1
1996-10-20,1996-97,Bologna,Fiorentina,0,2
1996-10-20,1996-97,Juventus,Inter,2,0
1996-10-20,1996-97,Lazio,Cagliari,2,1
1996-10-20,1996-97,Milan,Napoli,3,1
1996-10-20,1996-97,Parma,Perugia,1,2
1996-10-20,1996-97,Piacenza,Reggiana,3,0
1996-10-20,1996-97,Sampdoria,Atalanta,2,0
1996-10-20,1996-97,Udinese,Vicenza,1,1
1996-10-20,1996-97,Verona,Roma,2,1
1996-10-27,1996-97,Atalanta,Lazio,2,1
1996-10-27,1996-97,Fiorentina,Milan,1,0
1996-10-27,1996-97,Inter,Parma,3,1
1996-10-27,1996-97,Napoli,Bologna,3,2
1996-10-27,1996-97,Perugia,Udinese,2,1
1996-10-27,1996-97,Piacenza,Verona,2,0
1996-10-27,1996-97,Reggiana,Sampdoria,1,1
1996-10-27,1996-97,Roma,Juventus,1,1
1996-10-27,1996-97,Vicenza,Cagliari,2,0
1996-11-03,1996-97,Bologna,Roma,3,2
1996-11-03,1996-97,Cagliari,Perugia,2,1
1996-11-03,1996-97,Juventus,Napoli,1,1
1996-11-03,1996-97,Lazio,Vicenza,0,2
1996-11-03,1996-97,Milan,Atalanta,1,1
1996-11-03,1996-97,Parma,Fiorentina,0,0
1996-11-03,1996-97,Sampdoria,Piacenza,3,0
1996-11-03,1996-97,Udinese,Reggiana,2,1
1996-11-03,1996-97,Verona,Inter,0,1
1996-11-17,1996-97,Atalanta,Udinese,1,0
1996-11-17,1996-97,Inter,Fiorentina,2,2
1996-11-17,1996-97,Juventus,Milan,0,0
1996-11-17,1996-97,Napoli,Perugia,4,2
1996-11-17,1996-97,Piacenza,Lazio,1,3
1996-11-17,1996-97,Reggiana,Bologna,1,3
1996-11-17,1996-97,Roma,Cagliari,3,1
1996-11-17,1996-97,Sampdoria,Parma,1,1
1996-11-17,1996-97,Verona,Vicenza,2,2
1996-11-24,1996-97,Bologna,Atalanta,3,1
1996-11-24,1996-97,Cagliari,Napoli,1,1
1996-11-24,1996-97,Fiorentina,Piacenza,1,1
1996-11-24,1996-97,Lazio,Sampdoria,1,1
1996-11-24,1996-97,Milan,Inter,1,1
1996-11-24,1996-97,Parma,Roma,0,0
1996-11-24,1996-97,Perugia,Verona,3,1
1996-11-24,1996-97,Vicenza,Reggiana,2,0
1996-12-01,1996-97,Atalanta,Napoli,2,2
1996-12-01,1996-97,Inter,Cagliari,2,2
1996-12-01,1996-97,Juventus,Bologna,1,0
1996-12-01,1996-97,Perugia,Vicenza,1,1
1996-12-01,1996-97,Piacenza,Milan,3,2
1996-12-01,1996-97,Reggiana,Lazio,0,2
1996-12-01,1996-97,Roma,Fiorentina,3,3
1996-12-01,1996-97,Udinese,Parma,3,1
1996-12-01,1996-97,Verona,Sampdoria,1,1
1996-12-08,1996-97,Bologna,Piacenza,1,1
1996-12-08,1996-97,Cagliari,Reggiana,1,1
1996-12-08,1996-97,Fiorentina,Perugia,4,1
1996-12-08,1996-97,Lazio,Roma,0,0
1996-12-08,1996-97,Milan,Udinese,2,1
1996-12-08,1996-97,Napoli,Verona,1,0
1996-12-08,1996-97,Parma,Atalanta,0,0
1996-12-08,1996-97,Sampdoria,Juventus,0,1
1996-12-08,1996-97,Vicenza,Inter,1,1
1996-12-11,1996-97,Udinese,Juventus,1,4
1996-12-15,1996-97,Atalanta,Piacenza,4,0
1996-12-15,1996-97,Cagliari,Bologna,2,2
1996-12-15,1996-97,Inter,Sampdoria,3,4
1996-12-15,1996-97,Juventus,Verona,3,2
1996-12-15,1996-97,Perugia,Lazio,1,2
1996-12-15,1996-97,Reggiana,Milan,0,3
1996-12-15,1996-97,Roma,Napoli,1,0
1996-12-15,1996-97,Udinese,Fiorentina,2,0
1996-12-15,1996-97,Vicenza,Parma,1,1
1996-12-22,1996-97,Bologna,Perugia,0,0
1996-12-22,1996-97,Fiorentina,Cagliari,2,0
1996-12-22,1996-97,Milan,Parma,0,1
1996-12-22,1996-97,Napoli,Lazio,1,0
1996-12-22,1996-97,Piacenza,Juventus,1,1
1996-12-22,1996-97,Reggiana,Inter,1,1
1996-12-22,1996-97,Roma,Atalanta,0,2
1996-12-22,1996-97,Sampdoria,Vicenza,2,1
1996-12-22,1996-97,Verona,Udinese,3,2
1997-01-05,1996-97,Atalanta,Verona,1,0
1997-01-05,1996-97,Cagliari,Piacenza,1,0
1997-01-05,1996-97,Fiorentina,Napoli,3,0
1997-01-05,1996-97,Inter,Roma,3,1
1997-01-05,1996-97,Lazio,Milan,3,0
1997-01-05,1996-97,Parma,Juventus,1,0
1997-01-05,1996-97,Perugia,Reggiana,1,3
1997-01-05,1996-97,Udinese,Sampdoria,4,5
1997-01-05,1996-97,Vicenza,Bologna,2,0
1997-01-12,1996-97,Bologna,Parma,0,1
1997-01-12,1996-97,Juventus,Atalanta,0,0
1997-01-12,1996-97,Milan,Vicenza,1,0
1997-01-12,1996-97,Napoli,Inter,1,2
1997-01-12,1996-97,Piacenza,Udinese,0,0
1997-01-12,1996-97,Reggiana,Fiorentina,0,0
1997-01-12,1996-97,Roma,Perugia,4,1
1997-01-12,1996-97,Sampdoria,Cagliari,4,1
1997-01-12,1996-97,Verona,Lazio,1,1
1997-01-19,1996-97,Atalanta,Reggiana,1,0
1997-01-19,1996-97,Cagliari,Milan,1,1
1997-01-19,1996-97,Fiorentina,Sampdoria,1,1
1997-01-19,1996-97,Inter,Bologna,0,2
1997-01-19,1996-97,Lazio,Juventus,0,2
1997-01-19,1996-97,Parma,Verona,1,0
1997-01-19,1996-97,Perugia,Piacenza,1,1
1997-01-19,1996-97,Udinese,Roma,1,0
1997-01-19,1996-97,Vicenza,Napoli,2,2
1997-01-26,1996-97,Atalanta,Cagliari,4,1
1997-01-26,1996-97,Inter,Udinese,1,1
1997-01-26,1996-97,Juventus,Reggiana,3,1
1997-01-26,1996-97,Lazio,Bologna,1,2
1997-01-26,1996-97,Napoli,Parma,2,1
1997-01-26,1996-97,Piacenza,Roma,0,0
1997-01-26,1996-97,Sampdoria,Perugia,5,2
1997-01-26,1996-97,Verona,Milan,3,1
1997-01-26,1996-97,Vicenza,Fiorentina,3,2
1997-02-02,1996-97,Bologna,Verona,6,1
1997-02-02,1996-97,Cagliari,Juventus,0,0
1997-02-02,1996-97,Fiorentina,Atalanta,0,0
1997-02-02,1996-97,Milan,Sampdoria,2,3
1997-02-02,1996-97,Parma,Piacenza,1,0
1997-02-02,1996-97,Perugia,Inter,0,0
1997-02-02,1996-97,Reggiana,Napoli,1,1
1997-02-02,1996-97,Roma,Vicenza,2,0
1997-02-02,1996-97,Udinese,Lazio,2,3
1997-02-16,1996-97,Atalanta,Vicenza,3,1
1997-02-16,1996-97,Juventus,Perugia,2,1
1997-02-16,1996-97,Lazio,Inter,2,2
1997-02-16,1996-97,Milan,Bologna,2,0
1997-02-16,1996-97,Piacenza,Napoli,1,0
1997-02-16,1996-97,Reggiana,Parma,0,0
1997-02-16,1996-97,Sampdoria,Roma,1,2
1997-02-16,1996-97,Udinese,Cagliari,1,0
1997-02-16,1996-97,Verona,Fiorentina,2,1
1997-02-23,1996-97,Bologna,Udinese,0,0
1997-02-23,1996-97,Cagliari,Verona,3,2
1997-02-23,1996-97,Fiorentina,Juventus,1,1
1997-02-23,1996-97,Inter,Atalanta,2,0
1997-02-23,1996-97,Napoli,Sampdoria,1,1
1997-02-23,1996-97,Parma,Lazio,2,0
1997-02-23,1996-97,Perugia,Milan,1,0
1997-02-23,1996-97,Roma,Reggiana,2,2
1997-02-23,1996-97,Vicenza,Piacenza,1,1
1997-03-02,1996-97,Atalanta,Perugia,2,2
1997-03-02,1996-97,Juventus,Vicenza,2,0
1997-03-02,1996-97,Lazio,Fiorentina,1,0
1997-03-02,1996-97,Milan,Roma,1,1
1997-03-02,1996-97,Parma,Cagliari,3,2
1997-03-02,1996-97,Piacenza,Inter,0,3
1997-03-02,1996-97,Sampdoria,Bologna,1,2
1997-03-02,1996-97,Udinese,Napoli,2,2
1997-03-02,1996-97,Verona,Reggiana,2,4
1997-03-09,1996-97,Atalanta,Sampdoria,4,0
1997-03-09,1996-97,Cagliari,Lazio,0,0
1997-03-09,1996-97,Fiorentina,Bologna,3,2
1997-03-09,1996-97,Inter,Juventus,0,0
1997-03-09,1996-97,Napoli,Milan,0,0
1997-03-09,1996-97,Perugia,Parma,1,2
1997-03-09,1996-97,Reggiana,Piacenza,0,0
1997-03-09,1996-97,Roma,Verona,4,3
1997-03-09,1996-97,Vicenza,Udinese,2,0
1997-03-16,1996-97,Bologna,Napoli,2,1
1997-03-16,1996-97,Cagliari,Vicenza,2,1
1997-03-16,1996-97,Juventus,Roma,3,0
1997-03-16,1996-97,Lazio,Atalanta,3,2
1997-03-16,1996-97,Milan,Fiorentina,2,0
1997-03-16,1996-97,Parma,Inter,1,0
1997-03-16,1996-97,Sampdoria,Reggiana,3,0
1997-03-16,1996-97,Udinese,Perugia,2,1
1997-03-16,1996-97,Verona,Piacenza,0,0
1997-03-23,1996-97,Atalanta,Milan,0,2
1997-03-23,1996-97,Fiorentina,Parma,1,0
1997-03-23,1996-97,Inter,Verona,2,1
1997-03-23,1996-97,Napoli,Juventus,0,0
1997-03-23,1996-97,Perugia,Cagliari,3,2
1997-03-23,1996-97,Piacenza,Sampdoria,2,2
1997-03-23,1996-97,Reggiana,Udinese,0,0
1997-03-23,1996-97,Roma,Bologna,1,1
1997-03-23,1996-97,Vicenza,Lazio,0,2
1997-04-06,1996-97,Bologna,Reggiana,3,2
1997-04-06,1996-97,Cagliari,Roma,2,1
1997-04-06,1996-97,Fiorentina,Inter,0,0
1997-04-06,1996-97,Lazio,Piacenza,2,0
1997-04-06,1996-97,Milan,Juventus,1,6
1997-04-06,1996-97,Parma,Sampdoria,3,0
1997-04-06,1996-97,Perugia,Napoli,1,1
1997-04-06,1996-97,Udinese,Atalanta,2,0
1997-04-06,1996-97,Vicenza,Verona,0,0
1997-04-13,1996-97,Atalanta,Bologna,1,1
1997-04-13,1996-97,Inter,Milan,3,1
1997-04-13,1996-97,Juventus,Udinese,0,3
1997-04-13,1996-97,Napoli,Cagliari,1,1
1997-04-13,1996-97,Piacenza,Fiorentina,1,1
1997-04-13,1996-97,Reggiana,Vicenza,0,0
1997-04-13,1996-97,Roma,Parma,0,1
1997-04-13,1996-97,Sampdoria,Lazio,1,0
1997-04-13,1996-97,Verona,Perugia,2,0
1997-04-20,1996-97,Bologna,Juventus,0,1
1997-04-20,1996-97,Cagliari,Inter,1,2
1997-04-20,1996-97,Fiorentina,Roma,2,1
1997-04-20,1996-97,Lazio,Reggiana,6,1
1997-04-20,1996-97,Milan,Piacenza,0,0
1997-04-20,1996-97,Napoli,Atalanta,0,1
1997-04-20,1996-97,Parma,Udinese,0,2
1997-04-20,1996-97,Sampdoria,Verona,0,0
1997-04-20,1996-97,Vicenza,Perugia,4,1
1997-05-04,1996-97,Atalanta,Parma,1,2
1997-05-04,1996-97,Inter,Vicenza,0,1
1997-05-04,1996-97,Juventus,Sampdoria,0,0
1997-05-04,1996-97,Perugia,Fiorentina,1,1
1997-05-04,1996-97,Piacenza,Bologna,1,1
1997-05-04,1996-97,Reggiana,Cagliari,0,3
1997-05-04,1996-97,Roma,Lazio,1,1
1997-05-04,1996-97,Udinese,Milan,1,1
1997-05-04,1996-97,Verona,Napoli,2,0
1997-05-11,1996-97,Bologna,Cagliari,3,0
1997-05-11,1996-97,Fiorentina,Udinese,2,3
1997-05-11,1996-97,Lazio,Perugia,4,1
1997-05-11,1996-97,Milan,Reggiana,3,1
1997-05-11,1996-97,Napoli,Roma,1,0
1997-05-11,1996-97,Parma,Vicenza,3,0
1997-05-11,1996-97,Piacenza,Atalanta,3,1
1997-05-11,1996-97,Sampdoria,Inter,1,2
1997-05-11,1996-97,Verona,Juventus,0,2
1997-05-15,1996-97,Atalanta,Roma,0,4
1997-05-15,1996-97,Cagliari,Fiorentina,4,1
1997-05-15,1996-97,Inter,Reggiana,3,1
1997-05-15,1996-97,Juventus,Piacenza,4,1
1997-05-15,1996-97,Lazio,Napoli,3,2
1997-05-15,1996-97,Parma,Milan,1,1
1997-05-15,1996-97,Perugia,Bologna,5,1
1997-05-15,1996-97,Udinese,Verona,3,0
1997-05-15,1996-97,Vicenza,Sampdoria,1,1
1997-05-18,1996-97,Bologna,Vicenza,0,0
1997-05-18,1996-97,Juventus,Parma,1,1
1997-05-18,1996-97,Milan,Lazio,2,2
1997-05-18,1996-97,Napoli,Fiorentina,2,2
1997-05-18,1996-97,Piacenza,Cagliari,1,1
1997-05-18,1996-97,Reggiana,Perugia,1,4
1997-05-18,1996-97,Roma,Inter,1,1
1997-05-18,1996-97,Sampdoria,Udinese,4,0
1997-05-18,1996-97,Verona,Atalanta,1,1
1997-05-23,1996-97,Atalanta,Juventus,1,1
1997-05-25,1996-97,Cagliari,Sampdoria,3,4
1997-05-25,1996-97,Fiorentina,Reggiana,3,0
1997-05-25,1996-97,Inter,Napoli,3,2
1997-05-25,1996-97,Lazio,Verona,4,1
1997-05-25,1996-97,Parma,Bologna,1,0
1997-05-25,1996-97,Perugia,Roma,2,0
1997-05-25,1996-97,Udinese,Piacenza,4,0
1997-05-25,1996-97,Vicenza,Milan,2,0
1997-06-01,1996-97,Bologna,Inter,2,2
1997-06-01,1996-97,Juventus,Lazio,2,2
1997-06-01,1996-97,Milan,Cagliari,0,1
1997-06-01,1996-97,Napoli,Vicenza,1,0
1997-06-01,1996-97,Piacenza,Perugia,2,1
1997-06-01,1996-97,Reggiana,Atalanta,0,3
1997-06-01,1996-97,Roma,Udinese,0,3
1997-06-01,1996-97,Sampdoria,Fiorentina,1,1
1997-06-01,1996-97,Verona,Parma,1,2
1997-08-31,1997-98,Atalanta,Bologna,4,2
1997-08-31,1997-98,Bari,Parma,0,2
1997-08-31,1997-98,Empoli,Roma,1,3
1997-08-31,1997-98,Inter,Brescia,2,1
1997-08-31,1997-98,Juventus,Lecce,2,0
1997-08-31,1997-98,Lazio,Napoli,2,0
1997-08-31,1997-98,Piacenza,Milan,1,1
1997-08-31,1997-98,Sampdoria,Vicenza,2,1
1997-08-31,1997-98,Udinese,Fiorentina,2,3
1997-09-13,1997-98,Brescia,Sampdoria,3,3
1997-09-13,1997-98,Lecce,Udinese,1,2
1997-09-13,1997-98,Milan,Lazio,1,1
1997-09-14,1997-98,Bologna,Inter,2,4
1997-09-14,1997-98,Fiorentina,Bari,3,1
1997-09-14,1997-98,Napoli,Empoli,2,1
1997-09-14,1997-98,Parma,Atalanta,2,2
1997-09-14,1997-98,Roma,Juventus,0,0
1997-09-14,1997-98,Vicenza,Piacenza,3,2
1997-09-21,1997-98,Atalanta,Sampdoria,0,2
1997-09-21,1997-98,Bari,Bologna,0,0
1997-09-21,1997-98,Empoli,Lazio,1,0
1997-09-21,1997-98,Inter,Fiorentina,3,2
1997-09-21,1997-98,Juventus,Brescia,4,0
1997-09-21,1997-98,Piacenza,Parma,1,3
1997-09-21,1997-98,Roma,Lecce,3,1
1997-09-21,1997-98,Udinese,Milan,2,1
1997-09-21,1997-98,Vicenza,Napoli,1,1
1997-09-27,1997-98,Lazio,Bari,3,2
1997-09-27,1997-98,Lecce,Inter,1,5
1997-09-27,1997-98,Parma,Udinese,4,0
1997-09-27,1997-98,Sampdoria,Juventus,1,1
1997-09-28,1997-98,Bologna,Roma,0,0
1997-09-28,1997-98,Brescia,Piacenza,2,0
1997-09-28,1997-98,Fiorentina,Empoli,1,2
1997-09-28,1997-98,Milan,Vicenza,0,1
1997-09-28,1997-98,Napoli,Atalanta,0,1
1997-10-05,1997-98,Atalanta,Brescia,0,1
1997-10-05,1997-98,Empoli,Milan,0,1
1997-10-05,1997-98,Inter,Lazio,1,1
1997-10-05,1997-98,Juventus,Fiorentina,2,1
1997-10-05,1997-98,Lecce,Bari,0,1
1997-10-05,1997-98,Piacenza,Bologna,0,0
1997-10-05,1997-98,Roma,Napoli,6,2
1997-10-05,1997-98,Udinese,Sampdoria,3,2
1997-10-05,1997-98,Vicenza,Parma,0,0
1997-10-18,1997-98,Lazio,Atalanta,0,2
1997-10-18,1997-98,Napoli,Inter,0,2
1997-10-18,1997-98,Udinese,Empoli,2,2
1997-10-19,1997-98,Bari,Juventus,0,5
1997-10-19,1997-98,Brescia,Vicenza,4,0
1997-10-19,1997-98,Fiorentina,Roma,0,0
1997-10-19,1997-98,Milan,Lecce,1,2
1997-10-19,1997-98,Parma,Bologna,2,0
1997-10-19,1997-98,Sampdoria,Piacenza,3,1
1997-11-01,1997-98,Inter,Parma,1,0
1997-11-01,1997-98,Juventus,Udinese,4,1
1997-11-01,1997-98,Roma,Lazio,1,3
1997-11-02,1997-98,Atalanta,Vicenza,1,3
1997-11-02,1997-98,Bologna,Napoli,5,1
1997-11-02,1997-98,Empoli,Bari,2,3
1997-11-02,1997-98,Lecce,Brescia,2,0
1997-11-02,1997-98,Piacenza,Fiorentina,0,0
1997-11-02,1997-98,Sampdoria,Milan,0,3
1997-11-09,1997-98,Atalanta,Inter,1,2
1997-11-09,1997-98,Bari,Roma,1,3
1997-11-09,1997-98,Fiorentina,Lecce,5,0
1997-11-09,1997-98,Lazio,Sampdoria,3,0
1997-11-09,1997-98,Milan,Brescia,2,1
1997-11-09,1997-98,Napoli,Juventus,1,2
1997-11-09,1997-98,Parma,Empoli,2,0
1997-11-09,1997-98,Udinese,Piacenza,2,0
1997-11-09,1997-98,Vicenza,Bologna,3,2
1997-11-22,1997-98,Inter,Milan,2,2
1997-11-22,1997-98,Piacenza,Lazio,0,0
1997-11-23,1997-98,Bologna,Fiorentina,2,2
1997-11-23,1997-98,Brescia,Udinese,0,4
1997-11-23,1997-98,Empoli,Atalanta,1,0
1997-11-23,1997-98,Juventus,Parma,2,2
1997-11-23,1997-98,Lecce,Napoli,2,0
1997-11-23,1997-98,Roma,Vicenza,2,2
1997-11-23,1997-98,Sampdoria,Bari,1,0
1997-11-30,1997-98,Atalanta,Lecce,0,0
1997-11-30,1997-98,Bari,Brescia,2,1
1997-11-30,1997-98,Bologna,Sampdoria,2,2
1997-11-30,1997-98,Empoli,Piacenza,2,3
1997-11-30,1997-98,Lazio,Udinese,2,3
1997-11-30,1997-98,Milan,Juventus,1,1
1997-11-30,1997-98,Napoli,Fiorentina,1,1
1997-11-30,1997-98,Parma,Roma,0,2
1997-11-30,1997-98,Vicenza,Inter,1,3
1997-12-06,1997-98,Juventus,Lazio,2,1
1997-12-06,1997-98,Sampdoria,Inter,1,1
1997-12-07,1997-98,Brescia,Empoli,3,1
1997-12-07,1997-98,Fiorentina,Parma,1,1
1997-12-07,1997-98,Lecce,Vicenza,0,1
1997-12-07,1997-98,Milan,Bari,2,0
1997-12-07,1997-98,Piacenza,Napoli,1,0
1997-12-07,1997-98,Roma,Atalanta,3,0
1997-12-07,1997-98,Udinese,Bologna,4,3
1997-12-14,1997-98,Atalanta,Milan,1,2
1997-12-14,1997-98,Bari,Udinese,0,0
1997-12-14,1997-98,Bologna,Lecce,2,0
1997-12-14,1997-98,Empoli,Sampdoria,4,1
1997-12-14,1997-98,Inter,Roma,3,0
1997-12-14,1997-98,Lazio,Brescia,1,0
1997-12-14,1997-98,Napoli,Parma,0,4
1997-12-14,1997-98,Piacenza,Juventus,1,1
1997-12-14,1997-98,Vicenza,Fiorentina,1,5
1997-12-21,1997-98,Bari,Piacenza,0,0
1997-12-21,1997-98,Brescia,Roma,1,1
1997-12-21,1997-98,Fiorentina,Atalanta,5,0
1997-12-21,1997-98,Juventus,Empoli,5,2
1997-12-21,1997-98,Lazio,Vicenza,4,0
1997-12-21,1997-98,Milan,Bologna,0,0
1997-12-21,1997-98,Parma,Lecce,2,1
1997-12-21,1997-98,Sampdoria,Napoli,6,3
1997-12-21,1997-98,Udinese,Inter,1,0
1998-01-04,1997-98,Atalanta,Piacenza,2,2
1998-01-04,1997-98,Bologna,Brescia,2,1
1998-01-04,1997-98,Fiorentina,Sampdoria,1,1
1998-01-04,1997-98,Inter,Juventus,1,0
1998-01-04,1997-98,Lecce,Empoli,2,2
1998-01-04,1997-98,Napoli,Milan,1,2
1998-01-04,1997-98,Parma,Lazio,1,1
1998-01-04,1997-98,Roma,Udinese,1,2
1998-01-04,1997-98,Vicenza,Bari,1,2
1998-01-11,1997-98,Bari,Atalanta,0,0
1998-01-11,1997-98,Brescia,Fiorentina,1,3
1998-01-11,1997-98,Empoli,Bologna,0,0
1998-01-11,1997-98,Juventus,Vicenza,2,0
1998-01-11,1997-98,Lazio,Lecce,4,0
1998-01-11,1997-98,Milan,Roma,0,0
1998-01-11,1997-98,Piacenza,Inter,0,1
1998-01-11,1997-98,Sampdoria,Parma,5,2
1998-01-11,1997-98,Udinese,Napoli,1,1
1998-01-18,1997-98,Atalanta,Udinese,1,1
1998-01-18,1997-98,Bologna,Juventus,1,3
1998-01-18,1997-98,Fiorentina,Lazio,1,3
1998-01-18,1997-98,Inter,Bari,0,1
1998-01-18,1997-98,Lecce,Sampdoria,1,3
1998-01-18,1997-98,Napoli,Brescia,0,3
1998-01-18,1997-98,Parma,Milan,3,1
1998-01-18,1997-98,Roma,Piacenza,1,1
1998-01-18,1997-98,Vicenza,Empoli,1,0
1998-01-25,1997-98,Bari,Napoli,2,0
1998-01-25,1997-98,Brescia,Parma,2,1
1998-01-25,1997-98,Empoli,Inter,1,1
1998-01-25,1997-98,Juventus,Atalanta,3,1
1998-01-25,1997-98,Lazio,Bologna,1,0
1998-01-25,1997-98,Milan,Fiorentina,0,2
1998-01-25,1997-98,Piacenza,Lecce,1,0
1998-01-25,1997-98,Sampdoria,Roma,1,1
1998-01-25,1997-98,Udinese,Vicenza,3,0
1998-02-01,1997-98,Bologna,Atalanta,0,0
1998-02-01,1997-98,Brescia,Inter,0,1
1998-02-01,1997-98,Fiorentina,Udinese,1,0
1998-02-01,1997-98,Lecce,Juventus,0,2
1998-02-01,1997-98,Milan,Piacenza,1,0
1998-02-01,1997-98,Napoli,Lazio,0,0
1998-02-01,1997-98,Parma,Bari,1,0
1998-02-01,1997-98,Roma,Empoli,4,3
1998-02-01,1997-98,Vicenza,Sampdoria,1,1
1998-02-08,1997-98,Atalanta,Parma,0,0
1998-02-08,1997-98,Bari,Fiorentina,0,1
1998-02-08,1997-98,Empoli,Napoli,5,0
1998-02-08,1997-98,Inter,Bologna,0,1
1998-02-08,1997-98,Juventus,Roma,3,1
1998-02-08,1997-98,Lazio,Milan,2,1
1998-02-08,1997-98,Piacenza,Vicenza,1,1
1998-02-08,1997-98,Sampdoria,Brescia,2,1
1998-02-08,1997-98,Udinese,Lecce,6,0
1998-02-11,1997-98,Bologna,Bari,4,3
1998-02-11,1997-98,Brescia,Juventus,1,1
1998-02-11,1997-98,Fiorentina,Inter,1,1
1998-02-11,1997-98,Lazio,Empoli,3,1
1998-02-11,1997-98,Lecce,Roma,1,3
1998-02-11,1997-98,Milan,Udinese,0,0
1998-02-11,1997-98,Napoli,Vicenza,2,0
1998-02-11,1997-98,Parma,Piacenza,1,1
1998-02-11,1997-98,Sampdoria,Atalanta,2,0
1998-02-15,1997-98,Atalanta,Napoli,1,0
1998-02-15,1997-98,Bari,Lazio,0,2
1998-02-15,1997-98,Empoli,Fiorentina,1,1
1998-02-15,1997-98,Inter,Lecce,5,0
1998-02-15,1997-98,Juventus,Sampdoria,3,0
1998-02-15,1997-98,Piacenza,Brescia,0,0
1998-02-15,1997-98,Roma,Bologna,2,1
1998-02-15,1997-98,Udinese,Parma,1,1
1998-02-15,1997-98,Vicenza,Milan,1,4
1998-02-22,1997-98,Bari,Lecce,2,2
1998-02-22,1997-98,Bologna,Piacenza,3,0
1998-02-22,1997-98,Brescia,Atalanta,2,2
1998-02-22,1997-98,Fiorentina,Juventus,3,0
1998-02-22,1997-98,Lazio,Inter,3,0
1998-02-22,1997-98,Milan,Empoli,3,1
1998-02-22,1997-98,Napoli,Roma,0,2
1998-02-22,1997-98,Parma,Vicenza,2,1
1998-02-22,1997-98,Sampdoria,Udinese,0,3
1998-02-28,1997-98,Atalanta,Lazio,0,0
1998-02-28,1997-98,Inter,Napoli,2,0
1998-02-28,1997-98,Juventus,Bari,1,0
1998-03-01,1997-98,Bologna,Parma,1,2
1998-03-01,1997-98,Empoli,Udinese,1,0
1998-03-01,1997-98,Lecce,Milan,0,0
1998-03-01,1997-98,Piacenza,Sampdoria,1,0
1998-03-01,1997-98,Roma,Fiorentina,4,1
1998-03-01,1997-98,Vicenza,Brescia,2,1
1998-03-08,1997-98,Bari,Empoli,2,0
1998-03-08,1997-98,Brescia,Lecce,3,2
1998-03-08,1997-98,Fiorentina,Piacenza,1,1
1998-03-08,1997-98,Lazio,Roma,2,0
1998-03-08,1997-98,Milan,Sampdoria,1,0
1998-03-08,1997-98,Napoli,Bologna,0,0
1998-03-08,1997-98,Parma,Inter,1,0
1998-03-08,1997-98,Udinese,Juventus,1,1
1998-03-08,1997-98,Vicenza,Atalanta,1,0
1998-03-14,1997-98,Bologna,Vicenza,3,1
1998-03-14,1997-98,Inter,Atalanta,4,0
1998-03-14,1997-98,Juventus,Napoli,2,2
1998-03-14,1997-98,Sampdoria,Lazio,0,4
1998-03-15,1997-98,Brescia,Milan,2,2
1998-03-15,1997-98,Empoli,Parma,2,0
1998-03-15,1997-98,Lecce,Fiorentina,1,1
1998-03-15,1997-98,Piacenza,Udinese,0,2
1998-03-15,1997-98,Roma,Bari,2,1
1998-03-22,1997-98,Atalanta,Empoli,1,0
1998-03-22,1997-98,Bari,Sampdoria,0,1
1998-03-22,1997-98,Fiorentina,Bologna,1,1
1998-03-22,1997-98,Lazio,Piacenza,0,0
1998-03-22,1997-98,Milan,Inter,0,3
1998-03-22,1997-98,Napoli,Lecce,2,4
1998-03-22,1997-98,Parma,Juventus,2,2
1998-03-22,1997-98,Udinese,Brescia,3,1
1998-03-22,1997-98,Vicenza,Roma,1,1
1998-03-28,1997-98,Inter,Vicenza,2,1
1998-03-28,1997-98,Juventus,Milan,4,1
1998-03-28,1997-98,Udinese,Lazio,0,2
1998-03-29,1997-98,Brescia,Bari,1,1
1998-03-29,1997-98,Fiorentina,Napoli,4,0
1998-03-29,1997-98,Lecce,Atalanta,1,1
1998-03-29,1997-98,Piacenza,Empoli,0,0
1998-03-29,1997-98,Roma,Parma,2,2
1998-03-29,1997-98,Sampdoria,Bologna,2,3
1998-04-04,1997-98,Napoli,Piacenza,1,2
1998-04-04,1997-98,Vicenza,Lecce,1,3
1998-04-05,1997-98,Atalanta,Roma,0,1
1998-04-05,1997-98,Bari,Milan,1,0
1998-04-05,1997-98,Bologna,Udinese,2,0
1998-04-05,1997-98,Empoli,Brescia,3,1
1998-04-05,1997-98,Inter,Sampdoria,3,0
1998-04-05,1997-98,Lazio,Juventus,0,1
1998-04-05,1997-98,Parma,Fiorentina,1,2
1998-04-11,1997-98,Brescia,Lazio,1,1
1998-04-11,1997-98,Fiorentina,Vicenza,1,1
1998-04-11,1997-98,Juventus,Piacenza,2,0
1998-04-11,1997-98,Lecce,Bologna,1,1
1998-04-11,1997-98,Milan,Atalanta,3,0
1998-04-11,1997-98,Parma,Napoli,3,1
1998-04-11,1997-98,Roma,Inter,1,2
1998-04-11,1997-98,Sampdoria,Empoli,3,0
1998-04-11,1997-98,Udinese,Bari,2,0
1998-04-19,1997-98,Atalanta,Fiorentina,1,0
1998-04-19,1997-98,Bologna,Milan,3,0
1998-04-19,1997-98,Empoli,Juventus,0,1
1998-04-19,1997-98,Inter,Udinese,2,0
1998-04-19,1997-98,Lecce,Parma,0,2
1998-04-19,1997-98,Napoli,Sampdoria,0,2
1998-04-19,1997-98,Piacenza,Bari,0,1
1998-04-19,1997-98,Roma,Brescia,5,0
1998-04-19,1997-98,Vicenza,Lazio,2,1
1998-04-26,1997-98,Bari,Vicenza,0,0
1998-04-26,1997-98,Brescia,Bologna,1,3
1998-04-26,1997-98,Empoli,Lecce,5,1
1998-04-26,1997-98,Juventus,Inter,1,0
1998-04-26,1997-98,Lazio,Parma,1,2
1998-04-26,1997-98,Milan,Napoli,0,0
1998-04-26,1997-98,Piacenza,Atalanta,3,0
1998-04-26,1997-98,Sampdoria,Fiorentina,2,0
1998-04-26,1997-98,Udinese,Roma,4,2
1998-05-02,1997-98,Lecce,Lazio,1,0
1998-05-03,1997-98,Atalanta,Bari,2,0
1998-05-03,1997-98,Bologna,Empoli,2,2
1998-05-03,1997-98,Fiorentina,Brescia,5,1
1998-05-03,1997-98,Inter,Piacenza,0,0
1998-05-03,1997-98,Napoli,Udinese,1,3
1998-05-03,1997-98,Parma,Sampdoria,2,2
1998-05-03,1997-98,Roma,Milan,5,0
1998-05-03,1997-98,Vicenza,Juventus,0,0
1998-05-10,1997-98,Bari,Inter,2,1
1998-05-10,1997-98,Brescia,Napoli,2,1
1998-05-10,1997-98,Empoli,Vicenza,3,2
1998-05-10,1997-98,Juventus,Bologna,3,2
1998-05-10,1997-98,Lazio,Fiorentina,1,4
1998-05-10,1997-98,Milan,Parma,1,1
1998-05-10,1997-98,Piacenza,Roma,3,3
1998-05-10,1997-98,Sampdoria,Lecce,1,1
1998-05-10,1997-98,Udinese,Atalanta,1,0
1998-05-16,1997-98,Atalanta,Juventus,1,1
1998-05-16,1997-98,Bologna,Lazio,2,1
1998-05-16,1997-98,Fiorentina,Milan,2,0
1998-05-16,1997-98,Inter,Empoli,4,1
1998-05-16,1997-98,Lecce,Piacenza,1,3
1998-05-16,1997-98,Napoli,Bari,2,2
1998-05-16,1997-98,Parma,Brescia,1,3
1998-05-16,1997-98,Roma,Sampdoria,2,0
1998-05-16,1997-98,Vicenza,Udinese,1,3
1998-09-12,1998-99,Fiorentina,Empoli,2,0
1998-09-12,1998-99,Milan,Bologna,3,0
1998-09-12,1998-99,Parma,Vicenza,0,0
1998-09-12,1998-99,Roma,Salernitana,3,1
1998-09-12,1998-99,Udinese,Sampdoria,2,2
1998-09-13,1998-99,Bari,Venezia,1,0
1998-09-13,1998-99,Cagliari,Inter,2,2
1998-09-13,1998-99,Perugia,Juventus,3,4
1998-09-13,1998-99,Piacenza,Lazio,1,1
1998-09-20,1998-99,Bologna,Udinese,1,3
1998-09-20,1998-99,Empoli,Roma,0,0
1998-09-20,1998-99,Inter,Piacenza,1,0
1998-09-20,1998-99,Juventus,Cagliari,1,0
1998-09-20,1998-99,Lazio,Bari,0,0
1998-09-20,1998-99,Salernitana,Milan,1,2
1998-09-20,1998-99,Sampdoria,Perugia,1,1
1998-09-20,1998-99,Venezia,Parma,0,0
1998-09-20,1998-99,Vicenza,Fiorentina,1,2
1998-09-26,1998-99,Bari,Bologna,0,0
1998-09-26,1998-99,Milan,Fiorentina,1,3
1998-09-26,1998-99,Parma,Juventus,1,0
1998-09-26,1998-99,Roma,Venezia,2,0
1998-09-26,1998-99,Udinese,Salernitana,2,0
1998-09-27,1998-99,Cagliari,Sampdoria,5,0
1998-09-27,1998-99,Empoli,Inter,1,2
1998-09-27,1998-99,Perugia,Lazio,2,2
1998-09-27,1998-99,Piacenza,Vicenza,2,0
1998-10-04,1998-99,Bologna,Parma,0,0
1998-10-04,1998-99,Fiorentina,Udinese,1,0
1998-10-04,1998-99,Inter,Perugia,2,0
1998-10-04,1998-99,Juventus,Piacenza,1,0
1998-10-04,1998-99,Lazio,Cagliari,2,0
1998-10-04,1998-99,Salernitana,Empoli,1,1
1998-10-04,1998-99,Sampdoria,Roma,2,1
1998-10-04,1998-99,Venezia,Milan,0,2
1998-10-04,1998-99,Vicenza,Bari,1,0
1998-10-17,1998-99,Empoli,Bologna,0,0
1998-10-17,1998-99,Parma,Salernitana,2,0
1998-10-17,1998-99,Roma,Fiorentina,2,1
1998-10-18,1998-99,Bari,Udinese,1,1
1998-10-18,1998-99,Cagliari,Milan,1,0
1998-10-18,1998-99,Inter,Lazio,3,5
1998-10-18,1998-99,Perugia,Venezia,1,0
1998-10-18,1998-99,Piacenza,Sampdoria,4,1
1998-10-18,1998-99,Vicenza,Juventus,1,1
1998-10-25,1998-99,Bologna,Piacenza,3,1
1998-10-25,1998-99,Cagliari,Bari,3,3
1998-10-25,1998-99,Fiorentina,Salernitana,4,0
1998-10-25,1998-99,Juventus,Inter,1,0
1998-10-25,1998-99,Lazio,Vicenza,1,1
1998-10-25,1998-99,Milan,Roma,3,2
1998-10-25,1998-99,Perugia,Parma,2,1
1998-10-25,1998-99,Sampdoria,Empoli,3,0
1998-10-25,1998-99,Udinese,Venezia,1,1
1998-10-31,1998-99,Parma,Fiorentina,2,0
1998-10-31,1998-99,Roma,Udinese,4,0
1998-10-31,1998-99,Venezia,Bologna,0,2
1998-11-01,1998-99,Empoli,Perugia,2,0
1998-11-01,1998-99,Inter,Bari,2,3
1998-11-01,1998-99,Juventus,Sampdoria,2,0
1998-11-01,1998-99,Piacenza,Milan,1,1
1998-11-01,1998-99,Salernitana,Lazio,1,0
1998-11-01,1998-99,Vicenza,Cagliari,2,1
1998-11-08,1998-99,Bari,Parma,1,1
1998-11-08,1998-99,Bologna,Roma,1,1
1998-11-08,1998-99,Cagliari,Piacenza,3,2
1998-11-08,1998-99,Fiorentina,Venezia,4,1
1998-11-08,1998-99,Lazio,Empoli,4,1
1998-11-08,1998-99,Milan,Inter,2,2
1998-11-08,1998-99,Perugia,Vicenza,3,1
1998-11-08,1998-99,Sampdoria,Salernitana,1,0
1998-11-08,1998-99,Udinese,Juventus,2,2
1998-11-15,1998-99,Bari,Milan,0,0
1998-11-15,1998-99,Empoli,Cagliari,2,1
1998-11-15,1998-99,Inter,Sampdoria,3,0
1998-11-15,1998-99,Parma,Udinese,4,1
1998-11-15,1998-99,Piacenza,Fiorentina,4,2
1998-11-15,1998-99,Roma,Juventus,2,0
1998-11-15,1998-99,Salernitana,Perugia,2,0
1998-11-15,1998-99,Venezia,Lazio,2,0
1998-11-15,1998-99,Vicenza,Bologna,0,4
1998-11-21,1998-99,Bologna,Perugia,1,1
1998-11-21,1998-99,Cagliari,Parma,1,0
1998-11-21,1998-99,Roma,Bari,1,1
1998-11-22,1998-99,Fiorentina,Inter,3,1
1998-11-22,1998-99,Juventus,Empoli,0,0
1998-11-22,1998-99,Milan,Lazio,1,0
1998-11-22,1998-99,Salernitana,Venezia,1,0
1998-11-22,1998-99,Sampdoria,Vicenza,0,0
1998-11-22,1998-99,Udinese,Piacenza,1,0
1998-11-29,1998-99,Bari,Fiorentina,0,0
1998-11-29,1998-99,Bologna,Juventus,3,0
1998-11-29,1998-99,Empoli,Vicenza,1,0
1998-11-29,1998-99,Inter,Salernitana,2,1
1998-11-29,1998-99,Lazio,Roma,3,3
1998-11-29,1998-99,Parma,Milan,4,0
1998-11-29,1998-99,Perugia,Piacenza,2,0
1998-11-29,1998-99,Udinese,Cagliari,2,1
1998-11-29,1998-99,Venezia,Sampdoria,0,0
1998-12-05,1998-99,Fiorentina,Bologna,1,0
1998-12-05,1998-99,Roma,Perugia,5,1
1998-12-05,1998-99,Sampdoria,Parma,0,2
1998-12-06,1998-99,Cagliari,Venezia,0,1
1998-12-06,1998-99,Juventus,Lazio,0,1
1998-12-06,1998-99,Milan,Udinese,3,0
1998-12-06,1998-99,Piacenza,Empoli,0,0
1998-12-06,1998-99,Salernitana,Bari,2,2
1998-12-06,1998-99,Vicenza,Inter,1,1
1998-12-13,1998-99,Bari,Empoli,2,1
1998-12-13,1998-99,Bologna,Salernitana,1,1
1998-12-13,1998-99,Fiorentina,Juventus,1,0
1998-12-13,1998-99,Lazio,Sampdoria,5,2
1998-12-13,1998-99,Milan,Vicenza,1,0
1998-12-13,1998-99,Parma,Roma,1,1
1998-12-13,1998-99,Perugia,Cagliari,2,1
1998-12-13,1998-99,Udinese,Inter,0,1
1998-12-13,1998-99,Venezia,Piacenza,0,0
1998-12-20,1998-99,Cagliari,Bologna,0,1
1998-12-20,1998-99,Empoli,Parma,3,5
1998-12-20,1998-99,Inter,Roma,4,1
1998-12-20,1998-99,Juventus,Salernitana,3,0
1998-12-20,1998-99,Lazio,Udinese,3,1
1998-12-20,1998-99,Perugia,Fiorentina,2,2
1998-12-20,1998-99,Piacenza,Bari,3,2
1998-12-20,1998-99,Sampdoria,Milan,2,2
1998-12-20,1998-99,Vicenza,Venezia,0,0
1999-01-06,1998-99,Bari,Perugia,2,1
1999-01-06,1998-99,Bologna,Lazio,0,1
1999-01-06,1998-99,Fiorentina,Sampdoria,1,0
1999-01-06,1998-99,Milan,Juventus,1,1
1999-01-06,1998-99,Parma,Inter,1,0
1999-01-06,1998-99,Roma,Piacenza,2,2
1999-01-06,1998-99,Salernitana,Cagliari,1,3
1999-01-06,1998-99,Udinese,Vicenza,2,1
1999-01-10,1998-99,Cagliari,Roma,4,3
1999-01-10,1998-99,Empoli,Milan,1,1
1999-01-10,1998-99,Inter,Venezia,6,2
1999-01-10,1998-99,Juventus,Bari,1,1
1999-01-10,1998-99,Lazio,Fiorentina,2,0
1999-01-10,1998-99,Perugia,Udinese,1,3
1999-01-10,1998-99,Piacenza,Parma,3,6
1999-01-10,1998-99,Sampdoria,Bologna,1,1
1999-01-10,1998-99,Vicenza,Salernitana,1,0
1999-01-17,1998-99,Bari,Sampdoria,3,1
1999-01-17,1998-99,Bologna,Inter,2,0
1999-01-17,1998-99,Fiorentina,Cagliari,4,2
1999-01-17,1998-99,Milan,Perugia,2,1
1999-01-17,1998-99,Parma,Lazio,1,3
1999-01-17,1998-99,Roma,Vicenza,3,0
1999-01-17,1998-99,Salernitana,Piacenza,1,1
1999-01-17,1998-99,Udinese,Empoli,0,0
1999-01-17,1998-99,Venezia,Juventus,1,1
1999-01-20,1998-99,Venezia,Empoli,3,2
1999-01-24,1998-99,Bologna,Milan,2,3
1999-01-24,1998-99,Empoli,Fiorentina,0,3
1999-01-24,1998-99,Inter,Cagliari,5,1
1999-01-24,1998-99,Juventus,Perugia,2,1
1999-01-24,1998-99,Lazio,Piacenza,4,1
1999-01-24,1998-99,Salernitana,Roma,2,1
1999-01-24,1998-99,Sampdoria,Udinese,1,1
1999-01-24,1998-99,Venezia,Bari,2,1
1999-01-24,1998-99,Vicenza,Parma,0,0
1999-01-31,1998-99,Bari,Lazio,1,3
1999-01-31,1998-99,Cagliari,Juventus,1,0
1999-01-31,1998-99,Fiorentina,Vicenza,3,0
1999-01-31,1998-99,Milan,Salernitana,3,2
1999-01-31,1998-99,Parma,Venezia,2,2
1999-01-31,1998-99,Perugia,Sampdoria,2,0
1999-01-31,1998-99,Piacenza,Inter,0,0
1999-01-31,1998-99,Roma,Empoli,1,1
1999-01-31,1998-99,Udinese,Bologna,2,0
1999-02-07,1998-99,Bologna,Bari,3,1
1999-02-07,1998-99,Fiorentina,Milan,0,0
1999-02-07,1998-99,Inter,Empoli,5,1
1999-02-07,1998-99,Juventus,Parma,2,4
1999-02-07,1998-99,Lazio,Perugia,3,0
1999-02-07,1998-99,Salernitana,Udinese,1,2
1999-02-07,1998-99,Sampdoria,Cagliari,0,0
1999-02-07,1998-99,Venezia,Roma,3,1
1999-02-07,1998-99,Vicenza,Piacenza,1,0
1999-02-14,1998-99,Bari,Vicenza,0,0
1999-02-14,1998-99,Cagliari,Lazio,0,0
1999-02-14,1998-99,Empoli,Salernitana,2,3
1999-02-14,1998-99,Milan,Venezia,2,1
1999-02-14,1998-99,Parma,Bologna,1,1
1999-02-14,1998-99,Perugia,Inter,2,1
1999-02-14,1998-99,Piacenza,Juventus,0,2
1999-02-14,1998-99,Roma,Sampdoria,3,1
1999-02-14,1998-99,Udinese,Fiorentina,1,0
1999-02-21,1998-99,Bologna,Empoli,2,0
1999-02-21,1998-99,Fiorentina,Roma,0,0
1999-02-21,1998-99,Juventus,Vicenza,2,0
1999-02-21,1998-99,Lazio,Inter,1,0
1999-02-21,1998-99,Milan,Cagliari,1,0
1999-02-21,1998-99,Salernitana,Parma,1,2
1999-02-21,1998-99,Sampdoria,Piacenza,3,2
1999-02-21,1998-99,Udinese,Bari,4,0
1999-02-21,1998-99,Venezia,Perugia,2,1
1999-02-27,1998-99,Inter,Juventus,0,0
1999-02-27,1998-99,Parma,Perugia,3,1
1999-02-27,1998-99,Piacenza,Bologna,5,0
1999-02-27,1998-99,Roma,Milan,1,0
1999-02-28,1998-99,Bari,Cagliari,1,1
1999-02-28,1998-99,Empoli,Sampdoria,0,1
1999-02-28,1998-99,Salernitana,Fiorentina,1,1
1999-02-28,1998-99,Venezia,Udinese,1,0
1999-02-28,1998-99,Vicenza,Lazio,1,2
1999-03-07,1998-99,Bari,Inter,1,0
1999-03-07,1998-99,Bologna,Venezia,2,1
1999-03-07,1998-99,Cagliari,Vicenza,1,0
1999-03-07,1998-99,Fiorentina,Parma,2,1
1999-03-07,1998-99,Lazio,Salernitana,6,1
1999-03-07,1998-99,Milan,Piacenza,1,0
1999-03-07,1998-99,Perugia,Empoli,3,1
1999-03-07,1998-99,Sampdoria,Juventus,1,2
1999-03-07,1998-99,Udinese,Roma,2,1
1999-03-13,1998-99,Inter,Milan,2,2
1999-03-13,1998-99,Juventus,Udinese,2,1
1999-03-13,1998-99,Parma,Bari,2,1
1999-03-13,1998-99,Roma,Bologna,3,1
1999-03-14,1998-99,Empoli,Lazio,0,0
1999-03-14,1998-99,Piacenza,Cagliari,2,0
1999-03-14,1998-99,Salernitana,Sampdoria,2,0
1999-03-14,1998-99,Venezia,Fiorentina,4,1
1999-03-14,1998-99,Vicenza,Perugia,3,0
1999-03-21,1998-99,Bologna,Vicenza,4,2
1999-03-21,1998-99,Cagliari,Empoli,5,1
1999-03-21,1998-99,Fiorentina,Piacenza,2,1
1999-03-21,1998-99,Juventus,Roma,1,1
1999-03-21,1998-99,Lazio,Venezia,2,0
1999-03-21,1998-99,Milan,Bari,2,2
1999-03-21,1998-99,Perugia,Salernitana,1,0
1999-03-21,1998-99,Sampdoria,Inter,4,0
1999-03-21,1998-99,Udinese,Parma,2,1
1999-04-03,1998-99,Bari,Roma,1,4
1999-04-03,1998-99,Empoli,Juventus,1,0
1999-04-03,1998-99,Inter,Fiorentina,2,0
1999-04-03,1998-99,Lazio,Milan,0,0
1999-04-03,1998-99,Parma,Cagliari,1,1
1999-04-03,1998-99,Perugia,Bologna,0,0
1999-04-03,1998-99,Piacenza,Udinese,4,3
1999-04-03,1998-99,Venezia,Salernitana,0,0
1999-04-03,1998-99,Vicenza,Sampdoria,1,0
1999-04-11,1998-99,Cagliari,Udinese,1,2
1999-04-11,1998-99,Fiorentina,Bari,2,2
1999-04-11,1998-99,Juventus,Bologna,2,2
1999-04-11,1998-99,Milan,Parma,2,1
1999-04-11,1998-99,Piacenza,Perugia,2,0
1999-04-11,1998-99,Roma,Lazio,3,1
1999-04-11,1998-99,Salernitana,Inter,2,0
1999-04-11,1998-99,Sampdoria,Venezia,2,1
1999-04-11,1998-99,Vicenza,Empoli,2,0
1999-04-17,1998-99,Bologna,Fiorentina,3,0
1999-04-17,1998-99,Lazio,Juventus,1,3
1999-04-17,1998-99,Parma,Sampdoria,1,1
1999-04-18,1998-99,Bari,Salernitana,0,0
1999-04-18,1998-99,Empoli,Piacenza,1,2
1999-04-18,1998-99,Inter,Vicenza,1,1
1999-04-18,1998-99,Perugia,Roma,3,2
1999-04-18,1998-99,Udinese,Milan,1,5
1999-04-18,1998-99,Venezia,Cagliari,1,0
1999-04-25,1998-99,Cagliari,Perugia,2,2
1999-04-25,1998-99,Empoli,Bari,0,2
1999-04-25,1998-99,Inter,Udinese,1,3
1999-04-25,1998-99,Juventus,Fiorentina,2,1
1999-04-25,1998-99,Piacenza,Venezia,0,1
1999-04-25,1998-99,Roma,Parma,1,0
1999-04-25,1998-99,Salernitana,Bologna,4,0
1999-04-25,1998-99,Sampdoria,Lazio,0,1
1999-04-25,1998-99,Vicenza,Milan,0,2
1999-05-02,1998-99,Bari,Piacenza,3,1
1999-05-02,1998-99,Bologna,Cagliari,1,3
1999-05-02,1998-99,Fiorentina,Perugia,5,1
1999-05-02,1998-99,Milan,Sampdoria,3,2
1999-05-02,1998-99,Parma,Empoli,1,0
1999-05-02,1998-99,Salernitana,Juventus,1,0
1999-05-02,1998-99,Udinese,Lazio,0,3
1999-05-02,1998-99,Venezia,Vicenza,1,2
1999-05-03,1998-99,Roma,Inter,4,5
1999-05-08,1998-99,Inter,Parma,1,3
1999-05-09,1998-99,Cagliari,Salernitana,3,1
1999-05-09,1998-99,Empoli,Venezia,2,2
1999-05-09,1998-99,Juventus,Milan,0,2
1999-05-09,1998-99,Lazio,Bologna,2,0
1999-05-09,1998-99,Perugia,Bari,0,1
1999-05-09,1998-99,Piacenza,Roma,2,0
1999-05-09,1998-99,Sampdoria,Fiorentina,3,2
1999-05-09,1998-99,Vicenza,Udinese,2,3
1999-05-15,1998-99,Fiorentina,Lazio,1,1
1999-05-15,1998-99,Milan,Empoli,4,0
1999-05-16,1998-99,Bari,Juventus,0,1
1999-05-16,1998-99,Bologna,Sampdoria,2,2
1999-05-16,1998-99,Parma,Piacenza,0,1
1999-05-16,1998-99,Roma,Cagliari,3,1
1999-05-16,1998-99,Salernitana,Vicenza,2,1
1999-05-16,1998-99,Udinese,Perugia,1,2
1999-05-16,1998-99,Venezia,Inter,3,1
1999-05-23,1998-99,Cagliari,Fiorentina,1,1
1999-05-23,1998-99,Empoli,Udinese,1,3
1999-05-23,1998-99,Inter,Bologna,3,1
1999-05-23,1998-99,Juventus,Venezia,3,2
1999-05-23,1998-99,Lazio,Parma,2,1
1999-05-23,1998-99,Perugia,Milan,1,2
1999-05-23,1998-99,Piacenza,Salernitana,1,1
1999-05-23,1998-99,Sampdoria,Bari,1,0
1999-05-23,1998-99,Vicenza,Roma,1,4
1999-08-28,1999-00,Bologna,Torino,0,0
1999-08-29,1999-00,Fiorentina,Bari,1,0
1999-08-29,1999-00,Inter,Verona,3,0
1999-08-29,1999-00,Juventus,Reggina,1,1
1999-08-29,1999-00,Lecce,Milan,2,2
1999-08-29,1999-00,Perugia,Parma,1,1
1999-08-29,1999-00,Piacenza,Roma,1,1
1999-08-29,1999-00,Venezia,Udinese,1,1
1999-08-30,1999-00,Lazio,Cagliari,2,1
1999-09-11,1999-00,Bari,Lazio,0,0
1999-09-11,1999-00,Reggina,Fiorentina,2,2
1999-09-11,1999-00,Udinese,Piacenza,3,0
1999-09-12,1999-00,Cagliari,Juventus,0,1
1999-09-12,1999-00,Milan,Perugia,3,1
1999-09-12,1999-00,Parma,Bologna,1,1
1999-09-12,1999-00,Roma,Inter,0,0
1999-09-12,1999-00,Torino,Venezia,2,1
1999-09-12,1999-00,Verona,Lecce,2,0
1999-09-18,1999-00,Bari,Milan,1,1
1999-09-18,1999-00,Perugia,Cagliari,3,0
1999-09-19,1999-00,Bologna,Reggina,0,1
1999-09-19,1999-00,Fiorentina,Verona,4,1
1999-09-19,1999-00,Inter,Parma,5,1
1999-09-19,1999-00,Juventus,Udinese,4,1
1999-09-19,1999-00,Lazio,Torino,3,0
1999-09-19,1999-00,Piacenza,Lecce,1,1
1999-09-19,1999-00,Venezia,Roma,1,3
1999-09-25,1999-00,Lecce,Juventus,2,0
1999-09-25,1999-00,Milan,Bologna,4,0
1999-09-26,1999-00,Cagliari,Venezia,1,1
1999-09-26,1999-00,Parma,Lazio,1,2
1999-09-26,1999-00,Reggina,Piacenza,1,0
1999-09-26,1999-00,Roma,Perugia,3,1
1999-09-26,1999-00,Torino,Inter,0,1
1999-09-26,1999-00,Udinese,Fiorentina,1,1
1999-09-26,1999-00,Verona,Bari,0,1
1999-10-02,1999-00,Cagliari,Torino,1,1
1999-10-02,1999-00,Inter,Piacenza,2,1
1999-10-03,1999-00,Bari,Udinese,1,1
1999-10-03,1999-00,Bologna,Lecce,2,0
1999-10-03,1999-00,Fiorentina,Roma,1,3
1999-10-03,1999-00,Juventus,Venezia,1,0
1999-10-03,1999-00,Lazio,Milan,4,4
1999-10-03,1999-00,Parma,Verona,3,0
1999-10-03,1999-00,Perugia,Reggina,2,1
1999-10-16,1999-00,Fiorentina,Parma,0,2
1999-10-16,1999-00,Udinese,Lazio,0,3
1999-10-17,1999-00,Lecce,Reggina,2,1
1999-10-17,1999-00,Milan,Cagliari,2,2
1999-10-17,1999-00,Piacenza,Bologna,0,0
1999-10-17,1999-00,Roma,Juventus,0,1
1999-10-17,1999-00,Torino,Bari,3,1
1999-10-17,1999-00,Venezia,Inter,1,0
1999-10-17,1999-00,Verona,Perugia,2,0
1999-10-23,1999-00,Inter,Milan,1,2
1999-10-23,1999-00,Perugia,Venezia,2,1
1999-10-24,1999-00,Bari,Juventus,1,1
1999-10-24,1999-00,Bologna,Verona,0,0
1999-10-24,1999-00,Cagliari,Udinese,0,3
1999-10-24,1999-00,Lazio,Lecce,4,2
1999-10-24,1999-00,Piacenza,Fiorentina,2,0
1999-10-24,1999-00,Reggina,Parma,2,2
1999-10-24,1999-00,Torino,Roma,1,1
1999-10-30,1999-00,Fiorentina,Torino,1,1
1999-10-30,1999-00,Inter,Lazio,1,1
1999-10-30,1999-00,Venezia,Bologna,0,1
1999-10-31,1999-00,Juventus,Piacenza,1,0
1999-10-31,1999-00,Lecce,Perugia,0,1
1999-10-31,1999-00,Parma,Bari,2,1
1999-10-31,1999-00,Roma,Cagliari,2,2
1999-10-31,1999-00,Udinese,Reggina,3,2
1999-10-31,1999-00,Verona,Milan,0,0
1999-11-06,1999-00,Cagliari,Fiorentina,1,1
1999-11-06,1999-00,Perugia,Bari,1,2
1999-11-07,1999-00,Bologna,Inter,3,0
1999-11-07,1999-00,Lazio,Verona,4,0
1999-11-07,1999-00,Lecce,Udinese,1,0
1999-11-07,1999-00,Milan,Venezia,3,0
1999-11-07,1999-00,Piacenza,Parma,1,2
1999-11-07,1999-00,Reggina,Roma,0,4
1999-11-07,1999-00,Torino,Juventus,0,0
1999-11-20,1999-00,Fiorentina,Perugia,1,0
1999-11-20,1999-00,Udinese,Bologna,2,1
1999-11-21,1999-00,Bari,Reggina,1,1
1999-11-21,1999-00,Inter,Lecce,6,0
1999-11-21,1999-00,Juventus,Milan,3,1
1999-11-21,1999-00,Parma,Cagliari,3,1
1999-11-21,1999-00,Roma,Lazio,4,1
1999-11-21,1999-00,Venezia,Piacenza,0,0
1999-11-21,1999-00,Verona,Torino,0,1
1999-11-27,1999-00,Bologna,Fiorentina,0,0
1999-11-27,1999-00,Piacenza,Verona,1,0
1999-11-28,1999-00,Cagliari,Bari,2,3
1999-11-28,1999-00,Lazio,Juventus,0,0
1999-11-28,1999-00,Lecce,Venezia,2,1
1999-11-28,1999-00,Milan,Parma,2,1
1999-11-28,1999-00,Reggina,Inter,0,1
1999-11-28,1999-00,Torino,Perugia,0,1
1999-11-28,1999-00,Udinese,Roma,0,2
1999-12-04,1999-00,Juventus,Bologna,2,0
1999-12-04,1999-00,Perugia,Lazio,0,2
1999-12-05,1999-00,Bari,Piacenza,3,2
1999-12-05,1999-00,Fiorentina,Milan,2,1
1999-12-05,1999-00,Inter,Udinese,3,0
1999-12-05,1999-00,Parma,Torino,4,1
1999-12-05,1999-00,Roma,Lecce,3,2
1999-12-05,1999-00,Venezia,Reggina,2,0
1999-12-05,1999-00,Verona,Cagliari,2,0
1999-12-11,1999-00,Lecce,Bari,1,0
1999-12-11,1999-00,Milan,Torino,2,0
1999-12-12,1999-00,Bologna,Roma,1,0
1999-12-12,1999-00,Juventus,Inter,1,0
1999-12-12,1999-00,Lazio,Fiorentina,2,0
1999-12-12,1999-00,Piacenza,Perugia,0,0
1999-12-12,1999-00,Reggina,Cagliari,1,1
1999-12-12,1999-00,Udinese,Verona,3,3
1999-12-12,1999-00,Venezia,Parma,0,2
1999-12-18,1999-00,Bari,Inter,2,1
1999-12-18,1999-00,Verona,Venezia,1,0
1999-12-19,1999-00,Cagliari,Lecce,0,0
1999-12-19,1999-00,Fiorentina,Juventus,1,1
1999-12-19,1999-00,Lazio,Piacenza,2,0
1999-12-19,1999-00,Milan,Reggina,2,2
1999-12-19,1999-00,Parma,Roma,2,0
1999-12-19,1999-00,Perugia,Bologna,3,2
1999-12-19,1999-00,Torino,Udinese,0,1
2000-01-05,1999-00,Venezia,Lazio,2,0
2000-01-06,1999-00,Bologna,Cagliari,1,0
2000-01-06,1999-00,Inter,Perugia,5,0
2000-01-06,1999-00,Juventus,Verona,1,0
2000-01-06,1999-00,Lecce,Fiorentina,0,0
2000-01-06,1999-00,Piacenza,Milan,0,1
2000-01-06,1999-00,Reggina,Torino,2,1
2000-01-06,1999-00,Roma,Bari,3,1
2000-01-06,1999-00,Udinese,Parma,0,1
2000-01-09,1999-00,Bari,Venezia,3,0
2000-01-09,1999-00,Cagliari,Piacenza,3,0
2000-01-09,1999-00,Fiorentina,Inter,2,1
2000-01-09,1999-00,Lazio,Bologna,3,1
2000-01-09,1999-00,Milan,Roma,2,2
2000-01-09,1999-00,Parma,Juventus,1,1
2000-01-09,1999-00,Perugia,Udinese,0,5
2000-01-09,1999-00,Torino,Lecce,1,2
2000-01-09,1999-00,Verona,Reggina,1,1
2000-01-15,1999-00,Bologna,Bari,1,0
2000-01-15,1999-00,Venezia,Fiorentina,2,1
2000-01-16,1999-00,Inter,Cagliari,2,1
2000-01-16,1999-00,Juventus,Perugia,3,0
2000-01-16,1999-00,Lecce,Parma,0,0
2000-01-16,1999-00,Piacenza,Torino,0,2
2000-01-16,1999-00,Reggina,Lazio,0,0
2000-01-16,1999-00,Roma,Verona,3,1
2000-01-16,1999-00,Udinese,Milan,1,2
2000-01-22,1999-00,Cagliari,Lazio,0,0
2000-01-22,1999-00,Roma,Piacenza,2,1
2000-01-23,1999-00,Bari,Fiorentina,1,0
2000-01-23,1999-00,Milan,Lecce,2,2
2000-01-23,1999-00,Parma,Perugia,1,2
2000-01-23,1999-00,Reggina,Juventus,0,2
2000-01-23,1999-00,Torino,Bologna,2,1
2000-01-23,1999-00,Udinese,Venezia,5,2
2000-01-23,1999-00,Verona,Inter,1,2
2000-01-29,1999-00,Lecce,Verona,2,1
2000-01-29,1999-00,Piacenza,Udinese,0,1
2000-01-30,1999-00,Bologna,Parma,1,0
2000-01-30,1999-00,Fiorentina,Reggina,1,0
2000-01-30,1999-00,Inter,Roma,2,1
2000-01-30,1999-00,Juventus,Cagliari,1,1
2000-01-30,1999-00,Lazio,Bari,3,1
2000-01-30,1999-00,Perugia,Milan,0,3
2000-01-30,1999-00,Venezia,Torino,2,2
2000-02-05,1999-00,Cagliari,Perugia,2,1
2000-02-05,1999-00,Udinese,Juventus,1,1
2000-02-06,1999-00,Lecce,Piacenza,0,1
2000-02-06,1999-00,Milan,Bari,4,1
2000-02-06,1999-00,Parma,Inter,1,1
2000-02-06,1999-00,Reggina,Bologna,1,0
2000-02-06,1999-00,Roma,Venezia,5,0
2000-02-06,1999-00,Torino,Lazio,2,4
2000-02-06,1999-00,Verona,Fiorentina,2,2
2000-02-12,1999-00,Bari,Verona,1,1
2000-02-12,1999-00,Bologna,Milan,2,3
2000-02-13,1999-00,Fiorentina,Udinese,1,1
2000-02-13,1999-00,Inter,Torino,1,1
2000-02-13,1999-00,Juventus,Lecce,1,0
2000-02-13,1999-00,Lazio,Parma,0,0
2000-02-13,1999-00,Perugia,Roma,2,2
2000-02-13,1999-00,Piacenza,Reggina,0,0
2000-02-13,1999-00,Venezia,Cagliari,3,0
2000-02-19,1999-00,Reggina,Perugia,1,1
2000-02-19,1999-00,Roma,Fiorentina,4,0
2000-02-20,1999-00,Lecce,Bologna,1,1
2000-02-20,1999-00,Milan,Lazio,2,1
2000-02-20,1999-00,Piacenza,Inter,1,3
2000-02-20,1999-00,Torino,Cagliari,1,1
2000-02-20,1999-00,Udinese,Bari,5,1
2000-02-20,1999-00,Venezia,Juventus,0,4
2000-02-20,1999-00,Verona,Parma,4,3
2000-02-26,1999-00,Lazio,Udinese,2,1
2000-02-26,1999-00,Parma,Fiorentina,0,4
2000-02-27,1999-00,Bari,Torino,1,1
2000-02-27,1999-00,Bologna,Piacenza,0,0
2000-02-27,1999-00,Cagliari,Milan,0,0
2000-02-27,1999-00,Inter,Venezia,3,0
2000-02-27,1999-00,Juventus,Roma,2,1
2000-02-27,1999-00,Perugia,Verona,0,0
2000-02-27,1999-00,Reggina,Lecce,2,1
2000-03-04,1999-00,Fiorentina,Piacenza,2,1
2000-03-04,1999-00,Udinese,Cagliari,5,2
2000-03-05,1999-00,Juventus,Bari,2,0
2000-03-05,1999-00,Lecce,Lazio,0,1
2000-03-05,1999-00,Milan,Inter,1,2
2000-03-05,1999-00,Parma,Reggina,3,0
2000-03-05,1999-00,Roma,Torino,1,0
2000-03-05,1999-00,Venezia,Perugia,1,2
2000-03-05,1999-00,Verona,Bologna,0,0
2000-03-11,1999-00,Bologna,Venezia,1,1
2000-03-11,1999-00,Lazio,Inter,2,2
2000-03-12,1999-00,Bari,Parma,0,1
2000-03-12,1999-00,Cagliari,Roma,1,0
2000-03-12,1999-00,Milan,Verona,3,3
2000-03-12,1999-00,Perugia,Lecce,2,2
2000-03-12,1999-00,Piacenza,Juventus,0,2
2000-03-12,1999-00,Reggina,Udinese,0,0
2000-03-12,1999-00,Torino,Fiorentina,1,0
2000-03-18,1999-00,Fiorentina,Cagliari,2,0
2000-03-18,1999-00,Inter,Bologna,1,1
2000-03-19,1999-00,Bari,Perugia,0,2
2000-03-19,1999-00,Juventus,Torino,3,2
2000-03-19,1999-00,Parma,Piacenza,1,0
2000-03-19,1999-00,Roma,Reggina,0,2
2000-03-19,1999-00,Udinese,Lecce,2,1
2000-03-19,1999-00,Venezia,Milan,1,0
2000-03-19,1999-00,Verona,Lazio,1,0
2000-03-24,1999-00,Milan,Juventus,2,0
2000-03-25,1999-00,Bologna,Udinese,2,1
2000-03-25,1999-00,Cagliari,Parma,2,3
2000-03-25,1999-00,Lazio,Roma,2,1
2000-03-25,1999-00,Lecce,Inter,1,0
2000-03-25,1999-00,Perugia,Fiorentina,1,2
2000-03-25,1999-00,Piacenza,Venezia,2,2
2000-03-25,1999-00,Reggina,Bari,1,0
2000-03-25,1999-00,Torino,Verona,0,3
2000-04-01,1999-00,Fiorentina,Bologna,2,2
2000-04-01,1999-00,Juventus,Lazio,0,1
2000-04-02,1999-00,Bari,Cagliari,1,0
2000-04-02,1999-00,Inter,Reggina,1,1
2000-04-02,1999-00,Parma,Milan,1,0
2000-04-02,1999-00,Perugia,Torino,1,0
2000-04-02,1999-00,Roma,Udinese,1,1
2000-04-02,1999-00,Venezia,Lecce,0,0
2000-04-02,1999-00,Verona,Piacenza,1,0
2000-04-08,1999-00,Torino,Parma,2,2
2000-04-08,1999-00,Udinese,Inter,3,0
2000-04-09,1999-00,Bologna,Juventus,0,2
2000-04-09,1999-00,Cagliari,Verona,0,1
2000-04-09,1999-00,Lazio,Perugia,1,0
2000-04-09,1999-00,Lecce,Roma,0,0
2000-04-09,1999-00,Milan,Fiorentina,1,1
2000-04-09,1999-00,Piacenza,Bari,2,1
2000-04-09,1999-00,Reggina,Venezia,1,0
2000-04-15,1999-00,Fiorentina,Lazio,3,3
2000-04-15,1999-00,Verona,Udinese,2,2
2000-04-16,1999-00,Bari,Lecce,3,1
2000-04-16,1999-00,Cagliari,Reggina,0,1
2000-04-16,1999-00,Inter,Juventus,1,2
2000-04-16,1999-00,Parma,Venezia,3,1
2000-04-16,1999-00,Perugia,Piacenza,2,0
2000-04-16,1999-00,Roma,Bologna,2,0
2000-04-16,1999-00,Torino,Milan,2,2
2000-04-22,1999-00,Bologna,Perugia,2,1
2000-04-22,1999-00,Inter,Bari,3,0
2000-04-22,1999-00,Juventus,Fiorentina,1,0
2000-04-22,1999-00,Lecce,Cagliari,2,1
2000-04-22,1999-00,Piacenza,Lazio,0,2
2000-04-22,1999-00,Reggina,Milan,1,2
2000-04-22,1999-00,Roma,Parma,0,0
2000-04-22,1999-00,Udinese,Torino,0,0
2000-04-22,1999-00,Venezia,Verona,2,2
2000-04-30,1999-00,Bari,Roma,0,0
2000-04-30,1999-00,Cagliari,Bologna,2,2
2000-04-30,1999-00,Fiorentina,Lecce,3,0
2000-04-30,1999-00,Lazio,Venezia,3,2
2000-04-30,1999-00,Milan,Piacenza,1,0
2000-04-30,1999-00,Parma,Udinese,0,0
2000-04-30,1999-00,Perugia,Inter,1,2
2000-04-30,1999-00,Torino,Reggina,2,1
2000-04-30,1999-00,Verona,Juventus,2,0
2000-05-07,1999-00,Bologna,Lazio,2,3
2000-05-07,1999-00,Inter,Fiorentina,0,4
2000-05-07,1999-00,Juventus,Parma,1,0
2000-05-07,1999-00,Lecce,Torino,2,1
2000-05-07,1999-00,Piacenza,Cagliari,1,1
2000-05-07,1999-00,Reggina,Verona,1,1
2000-05-07,1999-00,Roma,Milan,1,1
2000-05-07,1999-00,Udinese,Perugia,2,1
2000-05-07,1999-00,Venezia,Bari,0,1
2000-05-14,1999-00,Bari,Bologna,1,1
2000-05-14,1999-00,Cagliari,Inter,0,2
2000-05-14,1999-00,Fiorentina,Venezia,3,0
2000-05-14,1999-00,Lazio,Reggina,3,0
2000-05-14,1999-00,Milan,Udinese,4,0
2000-05-14,1999-00,Parma,Lecce,4,1
2000-05-14,1999-00,Perugia,Juventus,1,0
2000-05-14,1999-00,Torino,Piacenza,2,1
2000-05-14,1999-00,Verona,Roma,2,2
2000-09-30,2000-01,Bari,Verona,1,1
2000-09-30,2000-01,Napoli,Juventus,1,2
2000-10-01,2000-01,Atalanta,Lazio,2,2
2000-10-01,2000-01,Milan,Vicenza,2,0
2000-10-01,2000-01,Parma,Fiorentina,2,2
2000-10-01,2000-01,Perugia,Lecce,1,1
2000-10-01,2000-01,Reggina,Inter,2,1
2000-10-01,2000-01,Roma,Bologna,2,0
2000-10-01,2000-01,Udinese,Brescia,4,2
2000-10-14,2000-01,Inter,Napoli,3,1
2000-10-14,2000-01,Lazio,Perugia,3,0
2000-10-15,2000-01,Bologna,Milan,2,1
2000-10-15,2000-01,Brescia,Parma,0,0
2000-10-15,2000-01,Fiorentina,Reggina,2,1
2000-10-15,2000-01,Juventus,Bari,2,0
2000-10-15,2000-01,Lecce,Roma,0,4
2000-10-15,2000-01,Verona,Udinese,1,1
2000-10-15,2000-01,Vicenza,Atalanta,1,2
2000-10-21,2000-01,Milan,Juventus,2,2
2000-10-21,2000-01,Udinese,Inter,3,0
2000-10-22,2000-01,Bari,Atalanta,0,2
2000-10-22,2000-01,Brescia,Fiorentina,1,1
2000-10-22,2000-01,Napoli,Bologna,1,5
2000-10-22,2000-01,Perugia,Parma,3,1
2000-10-22,2000-01,Reggina,Lecce,0,1
2000-10-22,2000-01,Roma,Vicenza,3,1
2000-10-22,2000-01,Verona,Lazio,2,0
2000-11-01,2000-01,Atalanta,Verona,3,0
2000-11-01,2000-01,Bologna,Reggina,2,0
2000-11-01,2000-01,Fiorentina,Bari,2,2
2000-11-01,2000-01,Inter,Roma,2,0
2000-11-01,2000-01,Juventus,Udinese,1,2
2000-11-01,2000-01,Lazio,Brescia,2,1
2000-11-01,2000-01,Lecce,Napoli,1,1
2000-11-01,2000-01,Parma,Milan,2,0
2000-11-01,2000-01,Vicenza,Perugia,1,0
2000-11-04,2000-01,Fiorentina,Perugia,3,4
2000-11-04,2000-01,Lazio,Bologna,2,0
2000-11-05,2000-01,Bari,Parma,0,1
2000-11-05,2000-01,Brescia,Roma,2,4
2000-11-05,2000-01,Milan,Atalanta,3,3
2000-11-05,2000-01,Napoli,Vicenza,1,2
2000-11-05,2000-01,Reggina,Juventus,0,2
2000-11-05,2000-01,Udinese,Lecce,2,0
2000-11-05,2000-01,Verona,Inter,2,2
2000-11-11,2000-01,Atalanta,Brescia,2,0
2000-11-11,2000-01,Juventus,Lazio,1,1
2000-11-12,2000-01,Bari,Milan,1,3
2000-11-12,2000-01,Bologna,Fiorentina,1,1
2000-11-12,2000-01,Inter,Lecce,0,1
2000-11-12,2000-01,Parma,Udinese,2,0
2000-11-12,2000-01,Perugia,Napoli,1,1
2000-11-12,2000-01,Roma,Reggina,2,1
2000-11-12,2000-01,Vicenza,Verona,2,2
2000-11-18,2000-01,Inter,Perugia,2,1
2000-11-18,2000-01,Lazio,Milan,1,1
2000-11-19,2000-01,Bologna,Parma,2,1
2000-11-19,2000-01,Brescia,Juventus,0,0
2000-11-19,2000-01,Fiorentina,Vicenza,3,2
2000-11-19,2000-01,Lecce,Bari,2,0
2000-11-19,2000-01,Napoli,Atalanta,0,0
2000-11-19,2000-01,Udinese,Reggina,3,0
2000-11-19,2000-01,Verona,Roma,1,4
2000-11-25,2000-01,Atalanta,Lecce,1,0
2000-11-25,2000-01,Milan,Napoli,1,0
2000-11-26,2000-01,Bari,Udinese,2,1
2000-11-26,2000-01,Juventus,Verona,2,1
2000-11-26,2000-01,Parma,Lazio,2,0
2000-11-26,2000-01,Perugia,Bologna,1,3
2000-11-26,2000-01,Reggina,Brescia,0,3
2000-11-26,2000-01,Roma,Fiorentina,1,0
2000-11-26,2000-01,Vicenza,Inter,0,0
2000-12-02,2000-01,Lazio,Reggina,2,0
2000-12-02,2000-01,Parma,Atalanta,2,0
2000-12-03,2000-01,Bologna,Vicenza,1,1
2000-12-03,2000-01,Inter,Juventus,2,2
2000-12-03,2000-01,Lecce,Fiorentina,1,1
2000-12-03,2000-01,Napoli,Bari,1,0
2000-12-03,2000-01,Perugia,Roma,0,0
2000-12-03,2000-01,Udinese,Milan,0,1
2000-12-03,2000-01,Verona,Brescia,2,1
2000-12-09,2000-01,Brescia,Napoli,1,1
2000-12-09,2000-01,Reggina,Verona,1,1
2000-12-10,2000-01,Atalanta,Perugia,0,0
2000-12-10,2000-01,Bari,Bologna,2,0
2000-12-10,2000-01,Fiorentina,Inter,2,0
2000-12-10,2000-01,Juventus,Parma,1,0
2000-12-10,2000-01,Milan,Lecce,4,1
2000-12-10,2000-01,Roma,Udinese,2,1
2000-12-10,2000-01,Vicenza,Lazio,1,4
2000-12-16,2000-01,Napoli,Reggina,6,2
2000-12-16,2000-01,Perugia,Bari,4,1
2000-12-17,2000-01,Bologna,Atalanta,0,1
2000-12-17,2000-01,Inter,Brescia,0,0
2000-12-17,2000-01,Lazio,Roma,0,1
2000-12-17,2000-01,Lecce,Juventus,1,4
2000-12-17,2000-01,Parma,Vicenza,0,2
2000-12-17,2000-01,Udinese,Fiorentina,1,3
2000-12-17,2000-01,Verona,Milan,1,1
2000-12-22,2000-01,Bari,Lazio,1,2
2000-12-22,2000-01,Roma,Juventus,0,0
2000-12-23,2000-01,Atalanta,Inter,0,1
2000-12-23,2000-01,Brescia,Lecce,2,2
2000-12-23,2000-01,Fiorentina,Verona,2,0
2000-12-23,2000-01,Milan,Perugia,1,2
2000-12-23,2000-01,Napoli,Parma,2,2
2000-12-23,2000-01,Reggina,Vicenza,1,0
2000-12-23,2000-01,Udinese,Bologna,3,1
2001-01-06,2000-01,Juventus,Fiorentina,3,3
2001-01-06,2000-01,Vicenza,Bari,1,0
2001-01-07,2000-01,Atalanta,Roma,0,2
2001-01-07,2000-01,Bologna,Brescia,1,0
2001-01-07,2000-01,Lazio,Napoli,1,2
2001-01-07,2000-01,Lecce,Verona,4,2
2001-01-07,2000-01,Milan,Inter,2,2
2001-01-07,2000-01,Parma,Reggina,0,2
2001-01-07,2000-01,Perugia,Udinese,3,1
2001-01-13,2000-01,Brescia,Perugia,1,0
2001-01-13,2000-01,Fiorentina,Milan,4,0
2001-01-14,2000-01,Inter,Parma,1,1
2001-01-14,2000-01,Juventus,Bologna,1,0
2001-01-14,2000-01,Lecce,Vicenza,3,1
2001-01-14,2000-01,Reggina,Atalanta,1,0
2001-01-14,2000-01,Roma,Bari,1,1
2001-01-14,2000-01,Udinese,Lazio,3,4
2001-01-14,2000-01,Verona,Napoli,2,1
2001-01-20,2000-01,Bologna,Verona,1,0
2001-01-20,2000-01,Lazio,Inter,2,0
2001-01-21,2000-01,Atalanta,Fiorentina,0,0
2001-01-21,2000-01,Bari,Reggina,2,1
2001-01-21,2000-01,Milan,Roma,3,2
2001-01-21,2000-01,Napoli,Udinese,0,1
2001-01-21,2000-01,Parma,Lecce,1,1
2001-01-21,2000-01,Perugia,Juventus,0,1
2001-01-21,2000-01,Vicenza,Brescia,1,1
2001-01-27,2000-01,Lecce,Bologna,0,0
2001-01-27,2000-01,Reggina,Perugia,0,2
2001-01-28,2000-01,Brescia,Milan,1,1
2001-01-28,2000-01,Fiorentina,Lazio,1,4
2001-01-28,2000-01,Inter,Bari,1,0
2001-01-28,2000-01,Juventus,Vicenza,4,0
2001-01-28,2000-01,Roma,Napoli,3,0
2001-01-28,2000-01,Udinese,Atalanta,2,4
2001-01-28,2000-01,Verona,Parma,0,2
2001-02-03,2000-01,Atalanta,Juventus,2,1
2001-02-03,2000-01,Perugia,Verona,1,0
2001-02-04,2000-01,Bari,Brescia,1,3
2001-02-04,2000-01,Bologna,Inter,0,3
2001-02-04,2000-01,Lazio,Lecce,3,2
2001-02-04,2000-01,Milan,Reggina,1,0
2001-02-04,2000-01,Napoli,Fiorentina,1,0
2001-02-04,2000-01,Parma,Roma,1,2
2001-02-04,2000-01,Vicenza,Udinese,1,2
2001-02-10,2000-01,Inter,Reggina,1,1
2001-02-10,2000-01,Lazio,Atalanta,0,0
2001-02-11,2000-01,Bologna,Roma,1,2
2001-02-11,2000-01,Brescia,Udinese,3,1
2001-02-11,2000-01,Fiorentina,Parma,0,1
2001-02-11,2000-01,Juventus,Napoli,3,0
2001-02-11,2000-01,Lecce,Perugia,2,2
2001-02-11,2000-01,Verona,Bari,3,2
2001-02-11,2000-01,Vicenza,Milan,2,0
2001-02-17,2000-01,Milan,Bologna,3,3
2001-02-17,2000-01,Udinese,Verona,2,1
2001-02-18,2000-01,Atalanta,Vicenza,1,1
2001-02-18,2000-01,Bari,Juventus,0,1
2001-02-18,2000-01,Napoli,Inter,1,0
2001-02-18,2000-01,Parma,Brescia,3,0
2001-02-18,2000-01,Perugia,Lazio,0,1
2001-02-18,2000-01,Reggina,Fiorentina,1,1
2001-02-18,2000-01,Roma,Lecce,1,0
2001-02-24,2000-01,Atalanta,Bari,0,0
2001-02-24,2000-01,Fiorentina,Brescia,2,2
2001-02-25,2000-01,Bologna,Napoli,2,1
2001-02-25,2000-01,Inter,Udinese,2,1
2001-02-25,2000-01,Juventus,Milan,3,0
2001-02-25,2000-01,Lazio,Verona,5,3
2001-02-25,2000-01,Lecce,Reggina,2,1
2001-02-25,2000-01,Parma,Perugia,5,0
2001-02-25,2000-01,Vicenza,Roma,0,2
2001-03-03,2000-01,Brescia,Lazio,0,1
2001-03-03,2000-01,Reggina,Bologna,2,1
2001-03-04,2000-01,Bari,Fiorentina,2,1
2001-03-04,2000-01,Milan,Parma,2,2
2001-03-04,2000-01,Napoli,Lecce,1,1
2001-03-04,2000-01,Perugia,Vicenza,1,0
2001-03-04,2000-01,Roma,Inter,3,2
2001-03-04,2000-01,Udinese,Juventus,0,2
2001-03-04,2000-01,Verona,Atalanta,2,1
2001-03-10,2000-01,Atalanta,Milan,1,1
2001-03-10,2000-01,Vicenza,Napoli,2,0
2001-03-11,2000-01,Bologna,Lazio,2,0
2001-03-11,2000-01,Inter,Verona,2,0
2001-03-11,2000-01,Juventus,Reggina,1,0
2001-03-11,2000-01,Lecce,Udinese,2,1
2001-03-11,2000-01,Parma,Bari,4,0
2001-03-11,2000-01,Perugia,Fiorentina,2,2
2001-03-11,2000-01,Roma,Brescia,3,1
2001-03-18,2000-01,Fiorentina,Bologna,1,1
2001-03-18,2000-01,Lazio,Juventus,4,1
2001-03-18,2000-01,Lecce,Inter,1,2
2001-03-18,2000-01,Milan,Bari,4,0
2001-03-18,2000-01,Napoli,Perugia,0,0
2001-03-18,2000-01,Reggina,Roma,0,0
2001-03-18,2000-01,Udinese,Parma,1,3
2001-03-18,2000-01,Verona,Vicenza,1,0
2001-03-19,2000-01,Brescia,Atalanta,0,3
2001-03-31,2000-01,Bari,Lecce,3,2
2001-03-31,2000-01,Vicenza,Fiorentina,1,1
2001-04-01,2000-01,Atalanta,Napoli,1,1
2001-04-01,2000-01,Juventus,Brescia,1,1
2001-04-01,2000-01,Milan,Lazio,1,0
2001-04-01,2000-01,Parma,Bologna,0,0
2001-04-01,2000-01,Perugia,Inter,2,3
2001-04-01,2000-01,Reggina,Udinese,1,1
2001-04-01,2000-01,Roma,Verona,3,1
2001-04-08,2000-01,Bologna,Perugia,3,2
2001-04-08,2000-01,Brescia,Reggina,4,0
2001-04-08,2000-01,Inter,Vicenza,1,1
2001-04-08,2000-01,Lecce,Atalanta,0,2
2001-04-08,2000-01,Napoli,Milan,0,0
2001-04-08,2000-01,Udinese,Bari,2,0
2001-04-08,2000-01,Verona,Juventus,0,1
2001-04-09,2000-01,Fiorentina,Roma,3,1
2001-04-14,2000-01,Atalanta,Parma,0,1
2001-04-14,2000-01,Bari,Napoli,0,1
2001-04-14,2000-01,Brescia,Verona,1,0
2001-04-14,2000-01,Fiorentina,Lecce,2,0
2001-04-14,2000-01,Juventus,Inter,3,1
2001-04-14,2000-01,Milan,Udinese,3,0
2001-04-14,2000-01,Reggina,Lazio,0,2
2001-04-14,2000-01,Roma,Perugia,2,2
2001-04-14,2000-01,Vicenza,Bologna,4,2
2001-04-18,2000-01,Lazio,Parma,1,0
2001-04-21,2000-01,Inter,Fiorentina,4,2
2001-04-21,2000-01,Napoli,Brescia,1,1
2001-04-22,2000-01,Bologna,Bari,4,2
2001-04-22,2000-01,Lazio,Vicenza,2,1
2001-04-22,2000-01,Lecce,Milan,3,3
2001-04-22,2000-01,Parma,Juventus,0,0
2001-04-22,2000-01,Perugia,Atalanta,2,2
2001-04-22,2000-01,Udinese,Roma,1,3
2001-04-22,2000-01,Verona,Reggina,0,3
2001-04-28,2000-01,Reggina,Napoli,3,1
2001-04-28,2000-01,Vicenza,Parma,0,1
2001-04-29,2000-01,Atalanta,Bologna,2,2
2001-04-29,2000-01,Bari,Perugia,3,4
2001-04-29,2000-01,Brescia,Inter,1,0
2001-04-29,2000-01,Fiorentina,Udinese,2,1
2001-04-29,2000-01,Juventus,Lecce,1,1
2001-04-29,2000-01,Milan,Verona,1,0
2001-04-29,2000-01,Roma,Lazio,2,2
2001-05-05,2000-01,Bologna,Udinese,1,1
2001-05-05,2000-01,Lecce,Brescia,0,3
2001-05-06,2000-01,Inter,Atalanta,3,0
2001-05-06,2000-01,Juventus,Roma,2,2
2001-05-06,2000-01,Lazio,Bari,2,0
2001-05-06,2000-01,Parma,Napoli,4,0
2001-05-06,2000-01,Perugia,Milan,2,1
2001-05-06,2000-01,Verona,Fiorentina,2,1
2001-05-06,2000-01,Vicenza,Reggina,2,1
2001-05-11,2000-01,Fiorentina,Juventus,1,3
2001-05-11,2000-01,Inter,Milan,0,6
2001-05-12,2000-01,Bari,Vicenza,2,2
2001-05-12,2000-01,Brescia,Bologna,0,0
2001-05-12,2000-01,Napoli,Lazio,2,4
2001-05-12,2000-01,Reggina,Parma,2,0
2001-05-12,2000-01,Roma,Atalanta,1,0
2001-05-12,2000-01,Udinese,Perugia,3,3
2001-05-12,2000-01,Verona,Lecce,0,0
2001-05-17,2000-01,Milan,Fiorentina,1,2
2001-05-17,2000-01,Parma,Inter,3,1
2001-05-20,2000-01,Atalanta,Reggina,1,1
2001-05-20,2000-01,Bari,Roma,1,4
2001-05-20,2000-01,Bologna,Juventus,1,4
2001-05-20,2000-01,Lazio,Udinese,3,1
2001-05-20,2000-01,Napoli,Verona,2,0
2001-05-20,2000-01,Perugia,Brescia,2,2
2001-05-20,2000-01,Vicenza,Lecce,0,0
2001-05-27,2000-01,Brescia,Vicenza,2,1
2001-05-27,2000-01,Fiorentina,Atalanta,1,1
2001-05-27,2000-01,Inter,Lazio,1,1
2001-05-27,2000-01,Juventus,Perugia,1,0
2001-05-27,2000-01,Lecce,Parma,1,2
2001-05-27,2000-01,Reggina,Bari,1,0
2001-05-27,2000-01,Roma,Milan,1,1
2001-05-27,2000-01,Udinese,Napoli,0,0
2001-05-27,2000-01,Verona,Bologna,5,4
2001-06-10,2000-01,Atalanta,Udinese,0,1
2001-06-10,2000-01,Bari,Inter,1,2
2001-06-10,2000-01,Bologna,Lecce,2,2
2001-06-10,2000-01,Lazio,Fiorentina,3,0
2001-06-10,2000-01,Milan,Brescia,1,1
2001-06-10,2000-01,Napoli,Roma,2,2
2001-06-10,2000-01,Parma,Verona,1,2
2001-06-10,2000-01,Perugia,Reggina,1,1
2001-06-10,2000-01,Vicenza,Juventus,0,3
2001-06-17,2000-01,Brescia,Bari,3,1
2001-06-17,2000-01,Fiorentina,Napoli,1,2
2001-06-17,2000-01,Inter,Bologna,2,1
2001-06-17,2000-01,Juventus,Atalanta,2,1
2001-06-17,2000-01,Lecce,Lazio,2,1
2001-06-17,2000-01,Reggina,Milan,2,1
2001-06-17,2000-01,Roma,Parma,3,1
2001-06-17,2000-01,Udinese,Vicenza,2,3
2001-06-17,2000-01,Verona,Perugia,2,1
2001-08-25,2001-02,Bologna,Atalanta,1,0
2001-08-26,2001-02,Brescia,Milan,2,2
2001-08-26,2001-02,Fiorentina,Chievo,0,2
2001-08-26,2001-02,Inter,Perugia,4,1
2001-08-26,2001-02,Juventus,Venezia,4,0
2001-08-26,2001-02,Lazio,Piacenza,1,1
2001-08-26,2001-02,Lecce,Parma,1,1
2001-08-26,2001-02,Udinese,Torino,2,2
2001-08-26,2001-02,Verona,Roma,1,1
2001-09-08,2001-02,Perugia,Lazio,0,0
2001-09-08,2001-02,Roma,Udinese,1,1
2001-09-09,2001-02,Atalanta,Juventus,0,2
2001-09-09,2001-02,Chievo,Bologna,2,0
2001-09-09,2001-02,Milan,Fiorentina,5,2
2001-09-09,2001-02,Parma,Inter,2,2
2001-09-09,2001-02,Piacenza,Lecce,1,2
2001-09-09,2001-02,Torino,Brescia,1,3
2001-09-09,2001-02,Venezia,Verona,0,1
2001-09-15,2001-02,Juventus,Chievo,3,2
2001-09-16,2001-02,Bologna,Parma,1,0
2001-09-16,2001-02,Brescia,Lecce,1,1
2001-09-16,2001-02,Fiorentina,Atalanta,3,1
2001-09-16,2001-02,Inter,Venezia,2,1
2001-09-16,2001-02,Lazio,Torino,0,0
2001-09-16,2001-02,Piacenza,Roma,2,0
2001-09-16,2001-02,Udinese,Milan,1,2
2001-09-16,2001-02,Verona,Perugia,1,1
2001-09-22,2001-02,Lecce,Juventus,0,0
2001-09-23,2001-02,Atalanta,Verona,1,0
2001-09-23,2001-02,Chievo,Piacenza,4,2
2001-09-23,2001-02,Milan,Lazio,2,0
2001-09-23,2001-02,Parma,Brescia,1,0
2001-09-23,2001-02,Perugia,Udinese,1,2
2001-09-23,2001-02,Roma,Fiorentina,2,1
2001-09-23,2001-02,Torino,Inter,0,1
2001-09-23,2001-02,Venezia,Bologna,0,1
2001-09-29,2001-02,Juventus,Roma,0,2
2001-09-30,2001-02,Brescia,Atalanta,3,3
2001-09-30,2001-02,Fiorentina,Venezia,3,1
2001-09-30,2001-02,Inter,Bologna,1,0
2001-09-30,2001-02,Lazio,Parma,0,0
2001-09-30,2001-02,Perugia,Milan,3,1
2001-09-30,2001-02,Piacenza,Torino,3,1
2001-09-30,2001-02,Udinese,Chievo,1,2
2001-09-30,2001-02,Verona,Lecce,2,1
2001-10-13,2001-02,Lazio,Atalanta,2,0
2001-10-13,2001-02,Perugia,Roma,0,0
2001-10-14,2001-02,Brescia,Chievo,2,2
2001-10-14,2001-02,Juventus,Torino,3,3
2001-10-14,2001-02,Lecce,Fiorentina,4,1
2001-10-14,2001-02,Milan,Venezia,1,1
2001-10-14,2001-02,Parma,Piacenza,2,2
2001-10-14,2001-02,Udinese,Inter,1,1
2001-10-14,2001-02,Verona,Bologna,0,1
2001-10-20,2001-02,Bologna,Juventus,0,0
2001-10-21,2001-02,Atalanta,Udinese,1,5
2001-10-21,2001-02,Chievo,Parma,1,0
2001-10-21,2001-02,Fiorentina,Verona,0,2
2001-10-21,2001-02,Inter,Milan,2,4
2001-10-21,2001-02,Piacenza,Brescia,0,1
2001-10-21,2001-02,Roma,Lecce,5,1
2001-10-21,2001-02,Torino,Perugia,1,0
2001-10-21,2001-02,Venezia,Lazio,0,0
2001-10-27,2001-02,Juventus,Inter,0,0
2001-10-27,2001-02,Roma,Lazio,2,0
2001-10-28,2001-02,Brescia,Venezia,3,2
2001-10-28,2001-02,Chievo,Torino,3,0
2001-10-28,2001-02,Lecce,Atalanta,0,2
2001-10-28,2001-02,Milan,Bologna,0,0
2001-10-28,2001-02,Parma,Verona,2,2
2001-10-28,2001-02,Perugia,Piacenza,1,0
2001-10-28,2001-02,Udinese,Fiorentina,1,2
2001-11-03,2001-02,Venezia,Chievo,0,0
2001-11-04,2001-02,Atalanta,Roma,1,1
2001-11-04,2001-02,Bologna,Fiorentina,3,2
2001-11-04,2001-02,Inter,Lecce,2,0
2001-11-04,2001-02,Lazio,Brescia,5,0
2001-11-04,2001-02,Parma,Perugia,2,1
2001-11-04,2001-02,Piacenza,Udinese,1,2
2001-11-04,2001-02,Torino,Milan,1,0
2001-11-04,2001-02,Verona,Juventus,2,2
2001-11-17,2001-02,Roma,Inter,0,0
2001-11-18,2001-02,Atalanta,Venezia,1,0
2001-11-18,2001-02,Fiorentina,Torino,0,0
2001-11-18,2001-02,Juventus,Parma,3,1
2001-11-18,2001-02,Lecce,Bologna,1,0
2001-11-18,2001-02,Milan,Piacenza,0,0
2001-11-18,2001-02,Perugia,Brescia,1,1
2001-11-18,2001-02,Udinese,Lazio,1,4
2001-11-18,2001-02,Verona,Chievo,3,2
2001-11-24,2001-02,Lazio,Juventus,1,0
2001-11-25,2001-02,Bologna,Roma,1,3
2001-11-25,2001-02,Brescia,Udinese,2,0
2001-11-25,2001-02,Chievo,Perugia,2,0
2001-11-25,2001-02,Inter,Fiorentina,2,0
2001-11-25,2001-02,Parma,Milan,0,1
2001-11-25,2001-02,Piacenza,Atalanta,1,2
2001-11-25,2001-02,Torino,Verona,5,1
2001-11-25,2001-02,Venezia,Lecce,1,1
2001-12-01,2001-02,Juventus,Perugia,2,0
2001-12-02,2001-02,Atalanta,Inter,2,4
2001-12-02,2001-02,Bologna,Torino,1,0
2001-12-02,2001-02,Fiorentina,Piacenza,1,3
2001-12-02,2001-02,Lecce,Lazio,1,2
2001-12-02,2001-02,Milan,Chievo,3,2
2001-12-02,2001-02,Roma,Venezia,1,0
2001-12-02,2001-02,Udinese,Parma,3,2
2001-12-02,2001-02,Verona,Brescia,2,0
2001-12-08,2001-02,Piacenza,Bologna,2,0
2001-12-09,2001-02,Brescia,Inter,1,3
2001-12-09,2001-02,Chievo,Lecce,2,1
2001-12-09,2001-02,Lazio,Fiorentina,3,0
2001-12-09,2001-02,Milan,Juventus,1,1
2001-12-09,2001-02,Parma,Roma,1,2
2001-12-09,2001-02,Perugia,Venezia,2,0
2001-12-09,2001-02,Torino,Atalanta,1,2
2001-12-09,2001-02,Udinese,Verona,2,1
2001-12-15,2001-02,Inter,Chievo,1,2
2001-12-16,2001-02,Atalanta,Parma,4,1
2001-12-16,2001-02,Bologna,Perugia,2,1
2001-12-16,2001-02,Fiorentina,Brescia,1,0
2001-12-16,2001-02,Juventus,Piacenza,2,0
2001-12-16,2001-02,Lecce,Torino,1,1
2001-12-16,2001-02,Roma,Milan,1,0
2001-12-16,2001-02,Venezia,Udinese,2,1
2001-12-16,2001-02,Verona,Lazio,3,1
2001-12-19,2001-02,Atalanta,Milan,1,1
2001-12-19,2001-02,Bologna,Udinese,0,1
2001-12-19,2001-02,Fiorentina,Juventus,1,1
2001-12-19,2001-02,Inter,Verona,3,0
2001-12-19,2001-02,Lecce,Perugia,2,3
2001-12-19,2001-02,Roma,Brescia,0,0
2001-12-19,2001-02,Torino,Parma,1,0
2001-12-19,2001-02,Venezia,Piacenza,2,3
2001-12-22,2001-02,Chievo,Roma,0,3
2001-12-22,2001-02,Lazio,Bologna,2,2
2001-12-23,2001-02,Brescia,Juventus,0,4
2001-12-23,2001-02,Milan,Verona,2,1
2001-12-23,2001-02,Parma,Fiorentina,2,0
2001-12-23,2001-02,Perugia,Atalanta,2,0
2001-12-23,2001-02,Piacenza,Inter,2,3
2001-12-23,2001-02,Torino,Venezia,1,2
2001-12-23,2001-02,Udinese,Lecce,0,1
2002-01-05,2001-02,Lecce,Milan,0,1
2002-01-06,2001-02,Atalanta,Chievo,1,2
2002-01-06,2001-02,Bologna,Brescia,2,1
2002-01-06,2001-02,Fiorentina,Perugia,1,3
2002-01-06,2001-02,Inter,Lazio,0,0
2002-01-06,2001-02,Juventus,Udinese,3,0
2002-01-06,2001-02,Roma,Torino,1,0
2002-01-06,2001-02,Venezia,Parma,3,4
2002-01-06,2001-02,Verona,Piacenza,1,0
2002-01-13,2001-02,Atalanta,Bologna,2,2
2002-01-13,2001-02,Chievo,Fiorentina,2,2
2002-01-13,2001-02,Milan,Brescia,0,0
2002-01-13,2001-02,Parma,Lecce,1,1
2002-01-13,2001-02,Perugia,Inter,0,2
2002-01-13,2001-02,Piacenza,Lazio,1,0
2002-01-13,2001-02,Roma,Verona,3,2
2002-01-13,2001-02,Torino,Udinese,3,1
2002-01-13,2001-02,Venezia,Juventus,1,2
2002-01-19,2001-02,Brescia,Torino,1,2
2002-01-20,2001-02,Bologna,Chievo,3,1
2002-01-20,2001-02,Fiorentina,Milan,1,1
2002-01-20,2001-02,Inter,Parma,2,0
2002-01-20,2001-02,Juventus,Atalanta,3,0
2002-01-20,2001-02,Lazio,Perugia,5,0
2002-01-20,2001-02,Lecce,Piacenza,0,0
2002-01-20,2001-02,Udinese,Roma,1,1
2002-01-20,2001-02,Verona,Venezia,1,0
2002-01-26,2001-02,Parma,Bologna,2,1
2002-01-27,2001-02,Atalanta,Fiorentina,2,0
2002-01-27,2001-02,Chievo,Juventus,1,3
2002-01-27,2001-02,Lecce,Brescia,1,3
2002-01-27,2001-02,Milan,Udinese,2,3
2002-01-27,2001-02,Perugia,Verona,3,1
2002-01-27,2001-02,Roma,Piacenza,2,0
2002-01-27,2001-02,Torino,Lazio,1,0
2002-01-27,2001-02,Venezia,Inter,1,1
2002-01-30,2001-02,Chievo,Lazio,3,1
2002-02-02,2001-02,Inter,Torino,0,0
2002-02-03,2001-02,Bologna,Venezia,1,1
2002-02-03,2001-02,Brescia,Parma,1,4
2002-02-03,2001-02,Fiorentina,Roma,2,2
2002-02-03,2001-02,Juventus,Lecce,3,0
2002-02-03,2001-02,Lazio,Milan,1,1
2002-02-03,2001-02,Piacenza,Chievo,2,2
2002-02-03,2001-02,Udinese,Perugia,0,0
2002-02-03,2001-02,Verona,Atalanta,3,1
2002-02-09,2001-02,Chievo,Udinese,1,2
2002-02-10,2001-02,Atalanta,Brescia,0,0
2002-02-10,2001-02,Bologna,Inter,2,1
2002-02-10,2001-02,Lecce,Verona,1,1
2002-02-10,2001-02,Milan,Perugia,1,1
2002-02-10,2001-02,Parma,Lazio,1,0
2002-02-10,2001-02,Roma,Juventus,0,0
2002-02-10,2001-02,Torino,Piacenza,1,1
2002-02-10,2001-02,Venezia,Fiorentina,2,0
2002-02-16,2001-02,Juventus,Fiorentina,2,1
2002-02-16,2001-02,Milan,Atalanta,0,0
2002-02-17,2001-02,Brescia,Roma,0,0
2002-02-17,2001-02,Lazio,Chievo,1,1
2002-02-17,2001-02,Parma,Torino,0,1
2002-02-17,2001-02,Perugia,Lecce,2,1
2002-02-17,2001-02,Piacenza,Venezia,5,0
2002-02-17,2001-02,Udinese,Bologna,0,1
2002-02-17,2001-02,Verona,Inter,0,3
2002-02-23,2001-02,Roma,Perugia,1,0
2002-02-24,2001-02,Atalanta,Lazio,0,1
2002-02-24,2001-02,Bologna,Verona,2,1
2002-02-24,2001-02,Chievo,Brescia,1,1
2002-02-24,2001-02,Fiorentina,Lecce,1,2
2002-02-24,2001-02,Inter,Udinese,3,2
2002-02-24,2001-02,Piacenza,Parma,2,3
2002-02-24,2001-02,Torino,Juventus,2,2
2002-02-24,2001-02,Venezia,Milan,1,4
2002-03-03,2001-02,Brescia,Piacenza,2,2
2002-03-03,2001-02,Juventus,Bologna,2,1
2002-03-03,2001-02,Lazio,Venezia,4,2
2002-03-03,2001-02,Lecce,Roma,1,1
2002-03-03,2001-02,Milan,Inter,0,1
2002-03-03,2001-02,Perugia,Torino,2,0
2002-03-03,2001-02,Udinese,Atalanta,1,2
2002-03-03,2001-02,Verona,Fiorentina,1,2
2002-03-09,2001-02,Inter,Juventus,2,2
2002-03-10,2001-02,Atalanta,Lecce,2,1
2002-03-10,2001-02,Bologna,Milan,2,0
2002-03-10,2001-02,Fiorentina,Udinese,0,0
2002-03-10,2001-02,Lazio,Roma,1,5
2002-03-10,2001-02,Piacenza,Perugia,2,0
2002-03-10,2001-02,Torino,Chievo,2,2
2002-03-10,2001-02,Venezia,Brescia,1,2
2002-03-10,2001-02,Verona,Parma,1,0
2002-03-13,2001-02,Parma,Chievo,0,0
2002-03-16,2001-02,Roma,Atalanta,3,1
2002-03-17,2001-02,Brescia,Lazio,1,1
2002-03-17,2001-02,Chievo,Venezia,1,1
2002-03-17,2001-02,Fiorentina,Bologna,1,1
2002-03-17,2001-02,Juventus,Verona,1,0
2002-03-17,2001-02,Lecce,Inter,1,2
2002-03-17,2001-02,Milan,Torino,2,1
2002-03-17,2001-02,Perugia,Parma,2,1
2002-03-17,2001-02,Udinese,Piacenza,1,1
2002-03-23,2001-02,Parma,Juventus,1,0
2002-03-24,2001-02,Bologna,Lecce,4,3
2002-03-24,2001-02,Brescia,Perugia,3,0
2002-03-24,2001-02,Chievo,Verona,2,1
2002-03-24,2001-02,Inter,Roma,3,1
2002-03-24,2001-02,Lazio,Udinese,2,0
2002-03-24,2001-02,Piacenza,Milan,0,1
2002-03-24,2001-02,Torino,Fiorentina,1,0
2002-03-24,2001-02,Venezia,Atalanta,0,1
2002-03-30,2001-02,Atalanta,Piacenza,1,1
2002-03-30,2001-02,Fiorentina,Inter,0,1
2002-03-30,2001-02,Juventus,Lazio,1,1
2002-03-30,2001-02,Lecce,Venezia,2,1
2002-03-30,2001-02,Milan,Parma,3,1
2002-03-30,2001-02,Perugia,Chievo,2,2
2002-03-30,2001-02,Roma,Bologna,3,1
2002-03-30,2001-02,Udinese,Brescia,3,2
2002-03-30,2001-02,Verona,Torino,0,1
2002-04-06,2001-02,Torino,Bologna,1,1
2002-04-07,2001-02,Brescia,Verona,0,0
2002-04-07,2001-02,Chievo,Milan,1,1
2002-04-07,2001-02,Inter,Atalanta,1,2
2002-04-07,2001-02,Lazio,Lecce,1,0
2002-04-07,2001-02,Parma,Udinese,2,0
2002-04-07,2001-02,Perugia,Juventus,0,4
2002-04-07,2001-02,Piacenza,Fiorentina,3,0
2002-04-07,2001-02,Venezia,Roma,2,2
2002-04-14,2001-02,Atalanta,Torino,1,1
2002-04-14,2001-02,Bologna,Piacenza,1,2
2002-04-14,2001-02,Fiorentina,Lazio,0,1
2002-04-14,2001-02,Inter,Brescia,2,1
2002-04-14,2001-02,Juventus,Milan,1,0
2002-04-14,2001-02,Lecce,Chievo,2,3
2002-04-14,2001-02,Roma,Parma,3,1
2002-04-14,2001-02,Venezia,Perugia,0,2
2002-04-14,2001-02,Verona,Udinese,1,0
2002-04-21,2001-02,Brescia,Fiorentina,3,0
2002-04-21,2001-02,Chievo,Inter,2,2
2002-04-21,2001-02,Lazio,Verona,5,4
2002-04-21,2001-02,Milan,Roma,0,0
2002-04-21,2001-02,Parma,Atalanta,1,1
2002-04-21,2001-02,Perugia,Bologna,1,0
2002-04-21,2001-02,Piacenza,Juventus,0,1
2002-04-21,2001-02,Torino,Lecce,1,1
2002-04-21,2001-02,Udinese,Venezia,1,0
2002-04-28,2001-02,Atalanta,Perugia,2,1
2002-04-28,2001-02,Bologna,Lazio,2,0
2002-04-28,2001-02,Fiorentina,Parma,1,2
2002-04-28,2001-02,Inter,Piacenza,3,1
2002-04-28,2001-02,Juventus,Brescia,5,0
2002-04-28,2001-02,Lecce,Udinese,1,2
2002-04-28,2001-02,Roma,Chievo,5,0
2002-04-28,2001-02,Venezia,Torino,1,1
2002-04-28,2001-02,Verona,Milan,1,2
2002-05-05,2001-02,Brescia,Bologna,3,0
2002-05-05,2001-02,Chievo,Atalanta,2,1
2002-05-05,2001-02,Lazio,Inter,4,2
2002-05-05,2001-02,Milan,Lecce,3,0
2002-05-05,2001-02,Parma,Venezia,2,1
2002-05-05,2001-02,Perugia,Fiorentina,2,0
2002-05-05,2001-02,Piacenza,Verona,3,0
2002-05-05,2001-02,Torino,Roma,0,1
2002-05-05,2001-02,Udinese,Juventus,0,2
2002-09-14,2002-03,Bologna,Roma,2,1
2002-09-14,2002-03,Como,Empoli,0,2
2002-09-14,2002-03,Inter,Torino,1,0
2002-09-14,2002-03,Modena,Milan,0,3
2002-09-15,2002-03,Brescia,Piacenza,1,2
2002-09-15,2002-03,Juventus,Atalanta,3,0
2002-09-15,2002-03,Lazio,Chievo,2,3
2002-09-15,2002-03,Perugia,Reggina,2,0
2002-09-15,2002-03,Udinese,Parma,1,1
2002-09-21,2002-03,Empoli,Juventus,0,2
2002-09-21,2002-03,Milan,Perugia,3,0
2002-09-22,2002-03,Atalanta,Bologna,2,2
2002-09-22,2002-03,Chievo,Brescia,1,2
2002-09-22,2002-03,Parma,Como,2,0
2002-09-22,2002-03,Piacenza,Udinese,2,0
2002-09-22,2002-03,Reggina,Inter,1,2
2002-09-22,2002-03,Roma,Modena,1,2
2002-09-22,2002-03,Torino,Lazio,0,1
2002-09-28,2002-03,Juventus,Parma,2,2
2002-09-28,2002-03,Lazio,Milan,1,1
2002-09-29,2002-03,Bologna,Piacenza,1,0
2002-09-29,2002-03,Brescia,Roma,2,3
2002-09-29,2002-03,Como,Reggina,1,1
2002-09-29,2002-03,Inter,Chievo,2,1
2002-09-29,2002-03,Modena,Torino,2,1
2002-09-29,2002-03,Perugia,Empoli,1,3
2002-09-29,2002-03,Udinese,Atalanta,1,0
2002-10-05,2002-03,Reggina,Brescia,2,2
2002-10-05,2002-03,Roma,Udinese,4,1
2002-10-06,2002-03,Atalanta,Lazio,0,1
2002-10-06,2002-03,Chievo,Modena,2,0
2002-10-06,2002-03,Empoli,Bologna,0,0
2002-10-06,2002-03,Juventus,Como,1,1
2002-10-06,2002-03,Milan,Torino,6,0
2002-10-06,2002-03,Parma,Perugia,2,2
2002-10-06,2002-03,Piacenza,Inter,1,4
2002-10-19,2002-03,Empoli,Roma,1,3
2002-10-19,2002-03,Inter,Juventus,1,1
2002-10-20,2002-03,Atalanta,Milan,1,4
2002-10-20,2002-03,Bologna,Brescia,3,0
2002-10-20,2002-03,Como,Piacenza,1,1
2002-10-20,2002-03,Lazio,Perugia,3,0
2002-10-20,2002-03,Modena,Parma,2,1
2002-10-20,2002-03,Torino,Chievo,1,0
2002-10-20,2002-03,Udinese,Reggina,1,0
2002-10-26,2002-03,Chievo,Milan,3,2
2002-10-26,2002-03,Juventus,Udinese,1,0
2002-10-27,2002-03,Brescia,Como,1,1
2002-10-27,2002-03,Inter,Bologna,2,0
2002-10-27,2002-03,Lazio,Roma,2,2
2002-10-27,2002-03,Parma,Atalanta,2,1
2002-10-27,2002-03,Perugia,Modena,2,0
2002-10-27,2002-03,Piacenza,Empoli,1,2
2002-10-27,2002-03,Reggina,Torino,2,1
2002-11-02,2002-03,Torino,Brescia,0,2
2002-11-02,2002-03,Udinese,Bologna,0,0
2002-11-03,2002-03,Atalanta,Piacenza,2,0
2002-11-03,2002-03,Como,Inter,0,2
2002-11-03,2002-03,Empoli,Lazio,1,2
2002-11-03,2002-03,Milan,Reggina,2,0
2002-11-03,2002-03,Modena,Juventus,0,1
2002-11-03,2002-03,Parma,Chievo,0,1
2002-11-03,2002-03,Roma,Perugia,2,2
2002-11-06,2002-03,Atalanta,Modena,1,3
2002-11-06,2002-03,Chievo,Perugia,3,0
2002-11-06,2002-03,Empoli,Inter,3,4
2002-11-06,2002-03,Milan,Udinese,1,0
2002-11-06,2002-03,Parma,Brescia,4,3
2002-11-06,2002-03,Piacenza,Juventus,0,1
2002-11-06,2002-03,Reggina,Lazio,0,3
2002-11-06,2002-03,Roma,Como,2,1
2002-11-06,2002-03,Torino,Bologna,2,1
2002-11-09,2002-03,Inter,Udinese,1,2
2002-11-09,2002-03,Piacenza,Roma,1,1
2002-11-10,2002-03,Bologna,Como,1,0
2002-11-10,2002-03,Brescia,Empoli,0,2
2002-11-10,2002-03,Chievo,Atalanta,4,1
2002-11-10,2002-03,Juventus,Milan,2,1
2002-11-10,2002-03,Lazio,Parma,0,0
2002-11-10,2002-03,Perugia,Torino,2,1
2002-11-10,2002-03,Reggina,Modena,0,1
2002-11-16,2002-03,Bologna,Perugia,2,1
2002-11-16,2002-03,Roma,Inter,2,2
2002-11-17,2002-03,Atalanta,Brescia,2,0
2002-11-17,2002-03,Como,Lazio,1,3
2002-11-17,2002-03,Empoli,Reggina,4,2
2002-11-17,2002-03,Milan,Parma,2,1
2002-11-17,2002-03,Modena,Piacenza,1,0
2002-11-17,2002-03,Torino,Juventus,0,4
2002-11-17,2002-03,Udinese,Chievo,2,1
2002-11-23,2002-03,Juventus,Bologna,1,1
2002-11-23,2002-03,Milan,Inter,1,0
2002-11-24,2002-03,Brescia,Udinese,1,1
2002-11-24,2002-03,Chievo,Empoli,1,0
2002-11-24,2002-03,Lazio,Modena,4,0
2002-11-24,2002-03,Parma,Roma,3,0
2002-11-24,2002-03,Perugia,Como,3,0
2002-11-24,2002-03,Piacenza,Torino,1,0
2002-11-24,2002-03,Reggina,Atalanta,1,1
2002-11-30,2002-03,Reggina,Chievo,1,1
2002-12-01,2002-03,Atalanta,Perugia,0,2
2002-12-01,2002-03,Bologna,Modena,3,0
2002-12-01,2002-03,Empoli,Milan,1,1
2002-12-01,2002-03,Inter,Brescia,4,0
2002-12-01,2002-03,Piacenza,Lazio,2,3
2002-12-01,2002-03,Roma,Juventus,2,2
2002-12-01,2002-03,Torino,Parma,0,4
2002-12-07,2002-03,Lazio,Inter,3,3
2002-12-07,2002-03,Milan,Roma,1,0
2002-12-08,2002-03,Brescia,Juventus,2,0
2002-12-08,2002-03,Chievo,Bologna,0,0
2002-12-08,2002-03,Modena,Como,1,1
2002-12-08,2002-03,Parma,Reggina,2,0
2002-12-08,2002-03,Perugia,Piacenza,0,0
2002-12-08,2002-03,Udinese,Empoli,2,1
2002-12-14,2002-03,Bologna,Parma,2,1
2002-12-14,2002-03,Piacenza,Chievo,0,3
2002-12-15,2002-03,Brescia,Perugia,3,1
2002-12-15,2002-03,Como,Milan,1,2
2002-12-15,2002-03,Empoli,Modena,1,0
2002-12-15,2002-03,Inter,Atalanta,1,0
2002-12-15,2002-03,Juventus,Lazio,1,2
2002-12-15,2002-03,Roma,Reggina,3,0
2002-12-15,2002-03,Udinese,Torino,1,1
2002-12-18,2002-03,Como,Udinese,0,2
2002-12-21,2002-03,Modena,Udinese,0,1
2002-12-21,2002-03,Torino,Roma,0,1
2002-12-22,2002-03,Atalanta,Empoli,2,2
2002-12-22,2002-03,Chievo,Como,2,0
2002-12-22,2002-03,Lazio,Bologna,1,1
2002-12-22,2002-03,Milan,Brescia,0,0
2002-12-22,2002-03,Parma,Inter,1,2
2002-12-22,2002-03,Perugia,Juventus,0,1
2002-12-22,2002-03,Reggina,Piacenza,3,1
2003-01-06,2002-03,Torino,Atalanta,1,1
2003-01-11,2002-03,Brescia,Lazio,0,0
2003-01-11,2002-03,Empoli,Torino,1,1
2003-01-12,2002-03,Bologna,Milan,0,2
2003-01-12,2002-03,Como,Atalanta,1,1
2003-01-12,2002-03,Inter,Modena,2,0
2003-01-12,2002-03,Juventus,Reggina,5,0
2003-01-12,2002-03,Piacenza,Parma,1,1
2003-01-12,2002-03,Roma,Chievo,0,1
2003-01-12,2002-03,Udinese,Perugia,0,0
2003-01-18,2002-03,Parma,Empoli,2,0
2003-01-18,2002-03,Reggina,Bologna,1,0
2003-01-19,2002-03,Atalanta,Roma,2,1
2003-01-19,2002-03,Chievo,Juventus,1,4
2003-01-19,2002-03,Lazio,Udinese,2,1
2003-01-19,2002-03,Milan,Piacenza,2,1
2003-01-19,2002-03,Modena,Brescia,0,0
2003-01-19,2002-03,Perugia,Inter,4,1
2003-01-19,2002-03,Torino,Como,0,0
2003-01-25,2002-03,Como,Roma,2,0
2003-01-25,2002-03,Modena,Atalanta,0,2
2003-01-26,2002-03,Bologna,Torino,2,2
2003-01-26,2002-03,Brescia,Parma,1,1
2003-01-26,2002-03,Inter,Empoli,3,0
2003-01-26,2002-03,Juventus,Piacenza,2,0
2003-01-26,2002-03,Lazio,Reggina,0,1
2003-01-26,2002-03,Perugia,Chievo,1,0
2003-01-26,2002-03,Udinese,Milan,1,0
2003-02-01,2002-03,Piacenza,Brescia,1,4
2003-02-01,2002-03,Roma,Bologna,3,1
2003-02-02,2002-03,Atalanta,Juventus,1,1
2003-02-02,2002-03,Chievo,Lazio,1,1
2003-02-02,2002-03,Empoli,Como,0,0
2003-02-02,2002-03,Milan,Modena,2,1
2003-02-02,2002-03,Parma,Udinese,3,2
2003-02-02,2002-03,Reggina,Perugia,3,1
2003-02-02,2002-03,Torino,Inter,0,2
2003-02-08,2002-03,Juventus,Empoli,1,0
2003-02-08,2002-03,Udinese,Piacenza,2,1
2003-02-09,2002-03,Bologna,Atalanta,2,3
2003-02-09,2002-03,Brescia,Chievo,0,0
2003-02-09,2002-03,Como,Parma,2,2
2003-02-09,2002-03,Inter,Reggina,3,0
2003-02-09,2002-03,Lazio,Torino,1,1
2003-02-09,2002-03,Modena,Roma,1,1
2003-02-09,2002-03,Perugia,Milan,1,0
2003-02-15,2002-03,Chievo,Inter,2,1
2003-02-15,2002-03,Roma,Brescia,0,0
2003-02-16,2002-03,Atalanta,Udinese,0,0
2003-02-16,2002-03,Empoli,Perugia,1,1
2003-02-16,2002-03,Milan,Lazio,2,2
2003-02-16,2002-03,Parma,Juventus,1,2
2003-02-16,2002-03,Piacenza,Bologna,3,1
2003-02-16,2002-03,Reggina,Como,4,1
2003-02-16,2002-03,Torino,Modena,1,1
2003-02-22,2002-03,Como,Juventus,1,3
2003-02-22,2002-03,Torino,Milan,0,3
2003-02-23,2002-03,Bologna,Empoli,2,0
2003-02-23,2002-03,Brescia,Reggina,2,1
2003-02-23,2002-03,Inter,Piacenza,3,1
2003-02-23,2002-03,Lazio,Atalanta,0,0
2003-02-23,2002-03,Modena,Chievo,1,0
2003-02-23,2002-03,Perugia,Parma,1,2
2003-02-23,2002-03,Udinese,Roma,2,1
2003-03-01,2002-03,Brescia,Bologna,0,0
2003-03-01,2002-03,Parma,Modena,1,1
2003-03-02,2002-03,Chievo,Torino,3,2
2003-03-02,2002-03,Juventus,Inter,3,0
2003-03-02,2002-03,Milan,Atalanta,3,3
2003-03-02,2002-03,Perugia,Lazio,2,2
2003-03-02,2002-03,Piacenza,Como,0,1
2003-03-02,2002-03,Reggina,Udinese,3,2
2003-03-02,2002-03,Roma,Empoli,3,1
2003-03-08,2002-03,Bologna,Inter,1,2
2003-03-08,2002-03,Roma,Lazio,1,1
2003-03-09,2002-03,Atalanta,Parma,0,0
2003-03-09,2002-03,Como,Brescia,1,1
2003-03-09,2002-03,Empoli,Piacenza,3,1
2003-03-09,2002-03,Milan,Chievo,0,0
2003-03-09,2002-03,Modena,Perugia,1,1
2003-03-09,2002-03,Torino,Reggina,1,0
2003-03-09,2002-03,Udinese,Juventus,0,1
2003-03-15,2002-03,Juventus,Modena,3,0
2003-03-15,2002-03,Reggina,Milan,0,0
2003-03-16,2002-03,Bologna,Udinese,1,0
2003-03-16,2002-03,Brescia,Torino,1,0
2003-03-16,2002-03,Chievo,Parma,0,4
2003-03-16,2002-03,Inter,Como,4,0
2003-03-16,2002-03,Lazio,Empoli,4,1
2003-03-16,2002-03,Perugia,Roma,1,0
2003-03-16,2002-03,Piacenza,Atalanta,2,0
2003-03-22,2002-03,Milan,Juventus,2,1
2003-03-22,2002-03,Modena,Reggina,2,1
2003-03-23,2002-03,Atalanta,Chievo,1,0
2003-03-23,2002-03,Como,Bologna,5,1
2003-03-23,2002-03,Empoli,Brescia,0,0
2003-03-23,2002-03,Parma,Lazio,2,1
2003-03-23,2002-03,Roma,Piacenza,3,0
2003-03-23,2002-03,Torino,Perugia,2,1
2003-03-23,2002-03,Udinese,Inter,2,1
2003-04-05,2002-03,Juventus,Torino,2,0
2003-04-05,2002-03,Parma,Milan,1,0
2003-04-06,2002-03,Brescia,Atalanta,3,0
2003-04-06,2002-03,Chievo,Udinese,3,0
2003-04-06,2002-03,Inter,Roma,3,3
2003-04-06,2002-03,Lazio,Como,3,0
2003-04-06,2002-03,Perugia,Bologna,1,1
2003-04-06,2002-03,Piacenza,Modena,3,3
2003-04-06,2002-03,Reggina,Empoli,1,0
2003-04-12,2002-03,Como,Perugia,1,1
2003-04-12,2002-03,Inter,Milan,0,1
2003-04-13,2002-03,Atalanta,Reggina,1,1
2003-04-13,2002-03,Bologna,Juventus,2,2
2003-04-13,2002-03,Empoli,Chievo,2,1
2003-04-13,2002-03,Modena,Lazio,0,0
2003-04-13,2002-03,Roma,Parma,2,1
2003-04-13,2002-03,Torino,Piacenza,1,3
2003-04-13,2002-03,Udinese,Brescia,0,0
2003-04-19,2002-03,Brescia,Inter,0,1
2003-04-19,2002-03,Chievo,Reggina,2,1
2003-04-19,2002-03,Juventus,Roma,2,1
2003-04-19,2002-03,Lazio,Piacenza,2,1
2003-04-19,2002-03,Milan,Empoli,0,1
2003-04-19,2002-03,Modena,Bologna,3,2
2003-04-19,2002-03,Parma,Torino,1,0
2003-04-19,2002-03,Perugia,Atalanta,1,0
2003-04-19,2002-03,Udinese,Como,3,2
2003-04-26,2002-03,Atalanta,Torino,2,2
2003-04-26,2002-03,Roma,Milan,2,1
2003-04-27,2002-03,Bologna,Chievo,1,1
2003-04-27,2002-03,Como,Modena,0,0
2003-04-27,2002-03,Empoli,Udinese,1,1
2003-04-27,2002-03,Inter,Lazio,1,1
2003-04-27,2002-03,Juventus,Brescia,2,1
2003-04-27,2002-03,Piacenza,Perugia,5,1
2003-04-27,2002-03,Reggina,Parma,0,0
2003-05-03,2002-03,Atalanta,Inter,1,1
2003-05-03,2002-03,Chievo,Piacenza,3,1
2003-05-03,2002-03,Lazio,Juventus,0,0
2003-05-03,2002-03,Milan,Como,2,0
2003-05-03,2002-03,Modena,Empoli,1,1
2003-05-03,2002-03,Parma,Bologna,1,2
2003-05-03,2002-03,Perugia,Brescia,0,0
2003-05-03,2002-03,Reggina,Roma,2,3
2003-05-03,2002-03,Torino,Udinese,0,1
2003-05-10,2002-03,Bologna,Lazio,0,2
2003-05-10,2002-03,Brescia,Milan,1,0
2003-05-10,2002-03,Como,Chievo,2,4
2003-05-10,2002-03,Empoli,Atalanta,0,0
2003-05-10,2002-03,Inter,Parma,1,1
2003-05-10,2002-03,Juventus,Perugia,2,2
2003-05-10,2002-03,Piacenza,Reggina,2,2
2003-05-10,2002-03,Roma,Torino,3,1
2003-05-10,2002-03,Udinese,Modena,2,1
2003-05-17,2002-03,Atalanta,Como,2,1
2003-05-17,2002-03,Chievo,Roma,0,0
2003-05-17,2002-03,Lazio,Brescia,3,1
2003-05-17,2002-03,Milan,Bologna,3,1
2003-05-17,2002-03,Modena,Inter,0,2
2003-05-17,2002-03,Parma,Piacenza,3,2
2003-05-17,2002-03,Perugia,Udinese,0,2
2003-05-17,2002-03,Reggina,Juventus,2,1
2003-05-17,2002-03,Torino,Empoli,1,1
2003-05-24,2002-03,Bologna,Reggina,0,2
2003-05-24,2002-03,Brescia,Modena,2,2
2003-05-24,2002-03,Como,Torino,1,0
2003-05-24,2002-03,Empoli,Parma,0,2
2003-05-24,2002-03,Inter,Perugia,2,2
2003-05-24,2002-03,Juventus,Chievo,4,3
2003-05-24,2002-03,Piacenza,Milan,4,2
2003-05-24,2002-03,Roma,Atalanta,1,2
2003-05-24,2002-03,Udinese,Lazio,2,1
2003-08-30,2003-04,Reggina,Sampdoria,2,2
2003-08-31,2003-04,Bologna,Parma,2,2
2003-08-31,2003-04,Brescia,Chievo,1,1
2003-08-31,2003-04,Inter,Modena,2,0
2003-08-31,2003-04,Juventus,Empoli,5,1
2003-08-31,2003-04,Lazio,Lecce,4,1
2003-08-31,2003-04,Perugia,Siena,2,2
2003-08-31,2003-04,Udinese,Roma,1,2
2003-09-01,2003-04,Ancona,Milan,0,2
2003-09-13,2003-04,Milan,Bologna,2,1
2003-09-13,2003-04,Sampdoria,Lazio,1,2
2003-09-14,2003-04,Chievo,Juventus,1,2
2003-09-14,2003-04,Empoli,Reggina,1,1
2003-09-14,2003-04,Lecce,Ancona,3,1
2003-09-14,2003-04,Modena,Udinese,0,1
2003-09-14,2003-04,Parma,Perugia,3,0
2003-09-14,2003-04,Roma,Brescia,5,0
2003-09-14,2003-04,Siena,Inter,0,1
2003-09-20,2003-04,Ancona,Modena,1,1
2003-09-20,2003-04,Siena,Empoli,4,0
2003-09-21,2003-04,Bologna,Udinese,2,0
2003-09-21,2003-04,Brescia,Reggina,4,4
2003-09-21,2003-04,Inter,Sampdoria,0,0
2003-09-21,2003-04,Juventus,Roma,2,2
2003-09-21,2003-04,Lazio,Parma,2,3
2003-09-21,2003-04,Lecce,Chievo,1,2
2003-09-21,2003-04,Perugia,Milan,1,1
2003-09-27,2003-04,Reggina,Juventus,0,2
2003-09-27,2003-04,Udinese,Inter,0,0
2003-09-28,2003-04,Chievo,Perugia,4,1
2003-09-28,2003-04,Empoli,Lazio,2,2
2003-09-28,2003-04,Milan,Lecce,3,0
2003-09-28,2003-04,Modena,Bologna,2,0
2003-09-28,2003-04,Parma,Siena,1,1
2003-09-28,2003-04,Roma,Ancona,3,0
2003-09-28,2003-04,Sampdoria,Brescia,2,1
2003-10-05,2003-04,Ancona,Udinese,0,3
2003-10-05,2003-04,Empoli,Modena,0,3
2003-10-05,2003-04,Inter,Milan,1,3
2003-10-05,2003-04,Juventus,Bologna,2,1
2003-10-05,2003-04,Lazio,Chievo,1,0
2003-10-05,2003-04,Lecce,Brescia,1,4
2003-10-05,2003-04,Parma,Sampdoria,1,0
2003-10-05,2003-04,Perugia,Reggina,0,0
2003-10-05,2003-04,Siena,Roma,0,0
2003-10-18,2003-04,Ancona,Juventus,2,3
2003-10-18,2003-04,Brescia,Inter,2,2
2003-10-19,2003-04,Bologna,Perugia,2,2
2003-10-19,2003-04,Chievo,Sampdoria,1,1
2003-10-19,2003-04,Milan,Lazio,1,0
2003-10-19,2003-04,Modena,Lecce,2,0
2003-10-19,2003-04,Reggina,Siena,2,1
2003-10-19,2003-04,Roma,Parma,2,0
2003-10-19,2003-04,Udinese,Empoli,2,0
2003-10-25,2003-04,Empoli,Chievo,0,1
2003-10-25,2003-04,Siena,Lecce,2,1
2003-10-26,2003-04,Inter,Roma,0,0
2003-10-26,2003-04,Juventus,Brescia,2,0
2003-10-26,2003-04,Lazio,Bologna,2,1
2003-10-26,2003-04,Parma,Modena,3,0
2003-10-26,2003-04,Perugia,Udinese,3,3
2003-10-26,2003-04,Reggina,Ancona,0,0
2003-10-26,2003-04,Sampdoria,Milan,0,3
2003-11-01,2003-04,Milan,Juventus,1,1
2003-11-01,2003-04,Udinese,Lazio,1,2
2003-11-02,2003-04,Ancona,Siena,0,0
2003-11-02,2003-04,Bologna,Sampdoria,0,1
2003-11-02,2003-04,Brescia,Parma,2,3
2003-11-02,2003-04,Chievo,Inter,0,2
2003-11-02,2003-04,Lecce,Empoli,2,1
2003-11-02,2003-04,Modena,Perugia,1,0
2003-11-02,2003-04,Roma,Reggina,2,0
2003-11-08,2003-04,Brescia,Bologna,0,0
2003-11-08,2003-04,Sampdoria,Empoli,2,0
2003-11-09,2003-04,Inter,Ancona,3,0
2003-11-09,2003-04,Juventus,Udinese,4,1
2003-11-09,2003-04,Parma,Milan,0,0
2003-11-09,2003-04,Perugia,Lecce,2,2
2003-11-09,2003-04,Reggina,Modena,1,1
2003-11-09,2003-04,Roma,Lazio,2,0
2003-11-09,2003-04,Siena,Chievo,1,2
2003-11-22,2003-04,Inter,Reggina,6,0
2003-11-22,2003-04,Modena,Juventus,0,2
2003-11-23,2003-04,Ancona,Brescia,1,1
2003-11-23,2003-04,Bologna,Roma,0,4
2003-11-23,2003-04,Chievo,Milan,0,2
2003-11-23,2003-04,Empoli,Parma,1,0
2003-11-23,2003-04,Lazio,Perugia,3,1
2003-11-23,2003-04,Lecce,Sampdoria,0,0
2003-11-23,2003-04,Udinese,Siena,1,1
2003-11-29,2003-04,Juventus,Inter,1,3
2003-11-29,2003-04,Siena,Lazio,3,0
2003-11-30,2003-04,Brescia,Udinese,1,2
2003-11-30,2003-04,Milan,Modena,2,0
2003-11-30,2003-04,Parma,Chievo,3,1
2003-11-30,2003-04,Perugia,Empoli,1,1
2003-11-30,2003-04,Reggina,Bologna,0,0
2003-11-30,2003-04,Roma,Lecce,3,1
2003-11-30,2003-04,Sampdoria,Ancona,2,0
2003-12-06,2003-04,Empoli,Milan,0,1
2003-12-06,2003-04,Lazio,Juventus,2,0
2003-12-07,2003-04,Bologna,Ancona,3,2
2003-12-07,2003-04,Chievo,Roma,0,3
2003-12-07,2003-04,Inter,Perugia,2,1
2003-12-07,2003-04,Lecce,Parma,1,2
2003-12-07,2003-04,Modena,Brescia,1,1
2003-12-07,2003-04,Sampdoria,Siena,2,1
2003-12-07,2003-04,Udinese,Reggina,1,0
2003-12-13,2003-04,Perugia,Sampdoria,3,3
2003-12-13,2003-04,Udinese,Lecce,1,0
2003-12-14,2003-04,Ancona,Lazio,0,1
2003-12-14,2003-04,Bologna,Inter,0,2
2003-12-14,2003-04,Brescia,Empoli,2,0
2003-12-14,2003-04,Juventus,Parma,4,0
2003-12-14,2003-04,Reggina,Chievo,0,0
2003-12-14,2003-04,Roma,Modena,1,0
2003-12-20,2003-04,Empoli,Roma,0,2
2003-12-20,2003-04,Parma,Reggina,1,2
2003-12-21,2003-04,Chievo,Ancona,1,0
2003-12-21,2003-04,Lazio,Inter,2,1
2003-12-21,2003-04,Lecce,Juventus,1,1
2003-12-21,2003-04,Milan,Udinese,1,2
2003-12-21,2003-04,Perugia,Brescia,2,2
2003-12-21,2003-04,Sampdoria,Modena,1,1
2003-12-21,2003-04,Siena,Bologna,0,0
2004-01-06,2003-04,Ancona,Parma,0,2
2004-01-06,2003-04,Bologna,Empoli,2,1
2004-01-06,2003-04,Brescia,Siena,4,2
2004-01-06,2003-04,Inter,Lecce,3,1
2004-01-06,2003-04,Juventus,Perugia,1,0
2004-01-06,2003-04,Modena,Chievo,0,3
2004-01-06,2003-04,Reggina,Lazio,2,1
2004-01-06,2003-04,Roma,Milan,1,2
2004-01-06,2003-04,Udinese,Sampdoria,0,1
2004-01-10,2003-04,Chievo,Udinese,0,0
2004-01-10,2003-04,Parma,Inter,1,0
2004-01-11,2003-04,Empoli,Ancona,2,0
2004-01-11,2003-04,Lazio,Brescia,0,1
2004-01-11,2003-04,Lecce,Bologna,1,2
2004-01-11,2003-04,Milan,Reggina,3,1
2004-01-11,2003-04,Perugia,Roma,0,1
2004-01-11,2003-04,Sampdoria,Juventus,1,2
2004-01-11,2003-04,Siena,Modena,4,0
2004-01-17,2003-04,Modena,Lazio,1,1
2004-01-17,2003-04,Udinese,Parma,1,1
2004-01-18,2003-04,Ancona,Perugia,0,0
2004-01-18,2003-04,Bologna,Chievo,3,1
2004-01-18,2003-04,Brescia,Milan,0,1
2004-01-18,2003-04,Inter,Empoli,0,1
2004-01-18,2003-04,Juventus,Siena,4,2
2004-01-18,2003-04,Reggina,Lecce,1,3
2004-01-18,2003-04,Roma,Sampdoria,3,1
2004-01-24,2003-04,Sampdoria,Reggina,2,0
2004-01-24,2003-04,Siena,Perugia,2,1
2004-01-25,2003-04,Chievo,Brescia,3,1
2004-01-25,2003-04,Empoli,Juventus,3,3
2004-01-25,2003-04,Lecce,Lazio,0,1
2004-01-25,2003-04,Milan,Ancona,5,0
2004-01-25,2003-04,Modena,Inter,1,1
2004-01-25,2003-04,Parma,Bologna,0,0
2004-01-25,2003-04,Roma,Udinese,1,1
2004-01-28,2003-04,Milan,Siena,2,1
2004-01-31,2003-04,Brescia,Roma,1,0
2004-01-31,2003-04,Reggina,Empoli,2,0
2004-02-01,2003-04,Ancona,Lecce,0,2
2004-02-01,2003-04,Bologna,Milan,0,2
2004-02-01,2003-04,Inter,Siena,4,0
2004-02-01,2003-04,Juventus,Chievo,1,0
2004-02-01,2003-04,Lazio,Sampdoria,1,1
2004-02-01,2003-04,Perugia,Parma,2,2
2004-02-01,2003-04,Udinese,Modena,1,0
2004-02-07,2003-04,Chievo,Lecce,2,3
2004-02-07,2003-04,Udinese,Bologna,1,3
2004-02-08,2003-04,Empoli,Siena,1,0
2004-02-08,2003-04,Milan,Perugia,2,1
2004-02-08,2003-04,Modena,Ancona,2,1
2004-02-08,2003-04,Parma,Lazio,0,3
2004-02-08,2003-04,Reggina,Brescia,0,0
2004-02-08,2003-04,Roma,Juventus,4,0
2004-02-08,2003-04,Sampdoria,Inter,2,2
2004-02-14,2003-04,Lazio,Empoli,3,0
2004-02-14,2003-04,Perugia,Chievo,0,2
2004-02-15,2003-04,Ancona,Roma,0,0
2004-02-15,2003-04,Bologna,Modena,1,1
2004-02-15,2003-04,Brescia,Sampdoria,1,1
2004-02-15,2003-04,Inter,Udinese,1,2
2004-02-15,2003-04,Juventus,Reggina,1,0
2004-02-15,2003-04,Lecce,Milan,1,1
2004-02-15,2003-04,Siena,Parma,1,2
2004-02-21,2003-04,Milan,Inter,3,2
2004-02-21,2003-04,Sampdoria,Parma,1,2
2004-02-22,2003-04,Bologna,Juventus,0,1
2004-02-22,2003-04,Brescia,Lecce,1,2
2004-02-22,2003-04,Chievo,Lazio,0,0
2004-02-22,2003-04,Modena,Empoli,1,1
2004-02-22,2003-04,Reggina,Perugia,1,2
2004-02-22,2003-04,Roma,Siena,6,0
2004-02-22,2003-04,Udinese,Ancona,3,0
2004-02-28,2003-04,Empoli,Udinese,2,0
2004-02-28,2003-04,Siena,Reggina,0,0
2004-02-29,2003-04,Inter,Brescia,1,3
2004-02-29,2003-04,Juventus,Ancona,3,0
2004-02-29,2003-04,Lazio,Milan,0,1
2004-02-29,2003-04,Lecce,Modena,1,0
2004-02-29,2003-04,Parma,Roma,1,4
2004-02-29,2003-04,Perugia,Bologna,4,2
2004-02-29,2003-04,Sampdoria,Chievo,1,0
2004-03-06,2003-04,Brescia,Juventus,2,3
2004-03-06,2003-04,Modena,Parma,2,2
2004-03-07,2003-04,Ancona,Reggina,1,1
2004-03-07,2003-04,Chievo,Empoli,0,0
2004-03-07,2003-04,Lecce,Siena,0,0
2004-03-07,2003-04,Milan,Sampdoria,3,1
2004-03-07,2003-04,Roma,Inter,4,1
2004-03-07,2003-04,Udinese,Perugia,1,1
2004-03-13,2003-04,Empoli,Lecce,0,0
2004-03-13,2003-04,Sampdoria,Bologna,3,2
2004-03-14,2003-04,Inter,Chievo,0,0
2004-03-14,2003-04,Juventus,Milan,1,3
2004-03-14,2003-04,Lazio,Udinese,2,2
2004-03-14,2003-04,Parma,Brescia,2,2
2004-03-14,2003-04,Perugia,Modena,1,1
2004-03-14,2003-04,Reggina,Roma,0,0
2004-03-14,2003-04,Siena,Ancona,3,2
2004-03-20,2003-04,Milan,Parma,3,1
2004-03-20,2003-04,Udinese,Juventus,0,0
2004-03-21,2003-04,Ancona,Inter,0,2
2004-03-21,2003-04,Bologna,Brescia,3,0
2004-03-21,2003-04,Chievo,Siena,1,1
2004-03-21,2003-04,Empoli,Sampdoria,1,1
2004-03-21,2003-04,Lecce,Perugia,1,2
2004-03-21,2003-04,Modena,Reggina,1,2
2004-03-25,2003-04,Bologna,Lazio,2,1
2004-03-28,2003-04,Brescia,Ancona,5,2
2004-03-28,2003-04,Juventus,Modena,3,1
2004-03-28,2003-04,Milan,Chievo,2,2
2004-03-28,2003-04,Parma,Empoli,4,0
2004-03-28,2003-04,Perugia,Lazio,1,2
2004-03-28,2003-04,Reggina,Inter,0,2
2004-03-28,2003-04,Roma,Bologna,1,2
2004-03-28,2003-04,Sampdoria,Lecce,2,2
2004-03-28,2003-04,Siena,Udinese,1,0
2004-04-04,2003-04,Ancona,Sampdoria,0,1
2004-04-04,2003-04,Bologna,Reggina,2,2
2004-04-04,2003-04,Chievo,Parma,0,2
2004-04-04,2003-04,Empoli,Perugia,1,0
2004-04-04,2003-04,Inter,Juventus,3,2
2004-04-04,2003-04,Lazio,Siena,5,2
2004-04-04,2003-04,Lecce,Roma,0,3
2004-04-04,2003-04,Modena,Milan,1,1
2004-04-04,2003-04,Udinese,Brescia,4,3
2004-04-10,2003-04,Ancona,Bologna,3,2
2004-04-10,2003-04,Brescia,Modena,0,0
2004-04-10,2003-04,Juventus,Lazio,1,0
2004-04-10,2003-04,Milan,Empoli,1,0
2004-04-10,2003-04,Parma,Lecce,3,1
2004-04-10,2003-04,Reggina,Udinese,0,1
2004-04-10,2003-04,Roma,Chievo,3,1
2004-04-10,2003-04,Siena,Sampdoria,0,0
2004-04-11,2003-04,Perugia,Inter,2,3
2004-04-17,2003-04,Lecce,Udinese,2,1
2004-04-17,2003-04,Siena,Milan,1,2
2004-04-18,2003-04,Chievo,Reggina,0,0
2004-04-18,2003-04,Empoli,Brescia,1,1
2004-04-18,2003-04,Inter,Bologna,4,2
2004-04-18,2003-04,Lazio,Ancona,4,2
2004-04-18,2003-04,Modena,Roma,0,1
2004-04-18,2003-04,Parma,Juventus,2,2
2004-04-18,2003-04,Sampdoria,Perugia,3,2
2004-04-21,2003-04,Lazio,Roma,1,1
2004-04-25,2003-04,Ancona,Chievo,0,2
2004-04-25,2003-04,Bologna,Siena,3,1
2004-04-25,2003-04,Brescia,Perugia,1,1
2004-04-25,2003-04,Inter,Lazio,0,0
2004-04-25,2003-04,Juventus,Lecce,3,4
2004-04-25,2003-04,Modena,Sampdoria,1,0
2004-04-25,2003-04,Reggina,Parma,1,1
2004-04-25,2003-04,Roma,Empoli,3,0
2004-04-25,2003-04,Udinese,Milan,0,0
2004-05-02,2003-04,Chievo,Modena,2,0
2004-05-02,2003-04,Empoli,Bologna,2,0
2004-05-02,2003-04,Lazio,Reggina,1,1
2004-05-02,2003-04,Lecce,Inter,2,1
2004-05-02,2003-04,Milan,Roma,1,0
2004-05-02,2003-04,Parma,Ancona,3,1
2004-05-02,2003-04,Perugia,Juventus,1,0
2004-05-02,2003-04,Sampdoria,Udinese,1,3
2004-05-02,2003-04,Siena,Brescia,0,1
2004-05-09,2003-04,Ancona,Empoli,2,1
2004-05-09,2003-04,Bologna,Lecce,1,1
2004-05-09,2003-04,Brescia,Lazio,2,1
2004-05-09,2003-04,Inter,Parma,1,0
2004-05-09,2003-04,Juventus,Sampdoria,2,0
2004-05-09,2003-04,Modena,Siena,1,3
2004-05-09,2003-04,Reggina,Milan,2,1
2004-05-09,2003-04,Roma,Perugia,1,3
2004-05-09,2003-04,Udinese,Chievo,1,1
2004-05-16,2003-04,Chievo,Bologna,2,1
2004-05-16,2003-04,Empoli,Inter,2,3
2004-05-16,2003-04,Lazio,Modena,2,1
2004-05-16,2003-04,Lecce,Reggina,2,1
2004-05-16,2003-04,Milan,Brescia,4,2
2004-05-16,2003-04,Parma,Udinese,4,3
2004-05-16,2003-04,Perugia,Ancona,1,0
2004-05-16,2003-04,Sampdoria,Roma,0,0
2004-05-16,2003-04,Siena,Juventus,1,3
2004-09-11,2004-05,Chievo,Inter,2,2
2004-09-11,2004-05,Milan,Livorno,2,2
2004-09-12,2004-05,Atalanta,Lecce,2,2
2004-09-12,2004-05,Brescia,Juventus,0,3
2004-09-12,2004-05,Cagliari,Bologna,1,0
2004-09-12,2004-05,Palermo,Siena,1,0
2004-09-12,2004-05,Parma,Messina,0,0
2004-09-12,2004-05,Reggina,Udinese,0,0
2004-09-12,2004-05,Roma,Fiorentina,1,0
2004-09-12,2004-05,Sampdoria,Lazio,0,1
2004-09-18,2004-05,Inter,Palermo,1,1
2004-09-18,2004-05,Lecce,Brescia,4,1
2004-09-19,2004-05,Bologna,Milan,0,2
2004-09-19,2004-05,Fiorentina,Cagliari,2,1
2004-09-19,2004-05,Juventus,Atalanta,2,0
2004-09-19,2004-05,Lazio,Reggina,1,1
2004-09-19,2004-05,Livorno,Chievo,1,2
2004-09-19,2004-05,Messina,Roma,4,3
2004-09-19,2004-05,Siena,Sampdoria,2,1
2004-09-19,2004-05,Udinese,Parma,4,0
2004-09-22,2004-05,Atalanta,Inter,2,3
2004-09-22,2004-05,Brescia,Lazio,0,2
2004-09-22,2004-05,Cagliari,Siena,2,0
2004-09-22,2004-05,Chievo,Udinese,0,0
2004-09-22,2004-05,Milan,Messina,1,2
2004-09-22,2004-05,Palermo,Fiorentina,0,0
2004-09-22,2004-05,Parma,Bologna,1,2
2004-09-22,2004-05,Reggina,Livorno,2,1
2004-09-22,2004-05,Roma,Lecce,2,2
2004-09-22,2004-05,Sampdoria,Juventus,0,3
2004-09-25,2004-05,Bologna,Roma,3,1
2004-09-25,2004-05,Juventus,Palermo,1,1
2004-09-26,2004-05,Fiorentina,Sampdoria,0,2
2004-09-26,2004-05,Inter,Parma,2,2
2004-09-26,2004-05,Lazio,Milan,1,2
2004-09-26,2004-05,Lecce,Cagliari,3,1
2004-09-26,2004-05,Livorno,Atalanta,1,1
2004-09-26,2004-05,Messina,Chievo,0,0
2004-09-26,2004-05,Siena,Reggina,0,0
2004-09-26,2004-05,Udinese,Brescia,1,2
2004-10-02,2004-05,Cagliari,Brescia,2,1
2004-10-02,2004-05,Chievo,Lecce,2,1
2004-10-03,2004-05,Atalanta,Lazio,1,1
2004-10-03,2004-05,Messina,Siena,4,1
2004-10-03,2004-05,Milan,Reggina,3,1
2004-10-03,2004-05,Palermo,Bologna,1,0
2004-10-03,2004-05,Parma,Fiorentina,0,0
2004-10-03,2004-05,Roma,Inter,3,3
2004-10-03,2004-05,Sampdoria,Livorno,2,0
2004-10-03,2004-05,Udinese,Juventus,0,1
2004-10-16,2004-05,Juventus,Messina,2,1
2004-10-16,2004-05,Livorno,Roma,0,2
2004-10-17,2004-05,Bologna,Atalanta,2,1
2004-10-17,2004-05,Brescia,Parma,3,1
2004-10-17,2004-05,Cagliari,Milan,0,1
2004-10-17,2004-05,Fiorentina,Siena,0,0
2004-10-17,2004-05,Inter,Udinese,3,1
2004-10-17,2004-05,Lazio,Chievo,0,1
2004-10-17,2004-05,Lecce,Palermo,2,0
2004-10-17,2004-05,Reggina,Sampdoria,0,1
2004-10-23,2004-05,Atalanta,Cagliari,2,2
2004-10-23,2004-05,Siena,Juventus,0,3
2004-10-24,2004-05,Chievo,Reggina,0,0
2004-10-24,2004-05,Livorno,Bologna,1,0
2004-10-24,2004-05,Messina,Lecce,1,4
2004-10-24,2004-05,Milan,Inter,0,0
2004-10-24,2004-05,Parma,Lazio,3,1
2004-10-24,2004-05,Roma,Palermo,1,1
2004-10-24,2004-05,Sampdoria,Brescia,0,1
2004-10-24,2004-05,Udinese,Fiorentina,2,2
2004-10-27,2004-05,Bologna,Udinese,0,1
2004-10-27,2004-05,Brescia,Siena,0,1
2004-10-27,2004-05,Cagliari,Parma,2,1
2004-10-27,2004-05,Chievo,Sampdoria,0,2
2004-10-27,2004-05,Lazio,Messina,2,0
2004-10-27,2004-05,Lecce,Inter,2,2
2004-10-27,2004-05,Milan,Atalanta,3,0
2004-10-27,2004-05,Palermo,Livorno,1,2
2004-10-27,2004-05,Reggina,Fiorentina,1,2
2004-10-28,2004-05,Juventus,Roma,2,0
2004-10-30,2004-05,Inter,Lazio,1,1
2004-10-30,2004-05,Sampdoria,Milan,0,1
2004-10-31,2004-05,Fiorentina,Lecce,4,0
2004-10-31,2004-05,Juventus,Chievo,3,0
2004-10-31,2004-05,Livorno,Brescia,2,1
2004-10-31,2004-05,Messina,Reggina,2,1
2004-10-31,2004-05,Parma,Atalanta,2,2
2004-10-31,2004-05,Roma,Cagliari,5,1
2004-10-31,2004-05,Siena,Bologna,1,1
2004-10-31,2004-05,Udinese,Palermo,1,0
2004-11-06,2004-05,Brescia,Chievo,1,0
2004-11-06,2004-05,Reggina,Juventus,2,1
2004-11-07,2004-05,Atalanta,Sampdoria,0,0
2004-11-07,2004-05,Bologna,Messina,2,2
2004-11-07,2004-05,Cagliari,Livorno,0,0
2004-11-07,2004-05,Fiorentina,Inter,1,1
2004-11-07,2004-05,Lazio,Siena,1,1
2004-11-07,2004-05,Lecce,Udinese,3,4
2004-11-07,2004-05,Milan,Roma,1,1
2004-11-07,2004-05,Palermo,Parma,1,1
2004-11-10,2004-05,Brescia,Milan,0,0
2004-11-10,2004-05,Chievo,Atalanta,1,0
2004-11-10,2004-05,Inter,Bologna,2,2
2004-11-10,2004-05,Juventus,Fiorentina,1,0
2004-11-10,2004-05,Livorno,Lazio,1,0
2004-11-10,2004-05,Parma,Reggina,1,0
2004-11-10,2004-05,Roma,Udinese,0,3
2004-11-10,2004-05,Sampdoria,Cagliari,0,0
2004-11-10,2004-05,Siena,Lecce,1,1
2004-11-11,2004-05,Messina,Palermo,0,0
2004-11-14,2004-05,Atalanta,Brescia,0,0
2004-11-14,2004-05,Cagliari,Inter,3,3
2004-11-14,2004-05,Fiorentina,Livorno,1,1
2004-11-14,2004-05,Lazio,Bologna,2,1
2004-11-14,2004-05,Lecce,Juventus,0,1
2004-11-14,2004-05,Milan,Siena,2,1
2004-11-14,2004-05,Palermo,Sampdoria,2,0
2004-11-14,2004-05,Parma,Chievo,2,2
2004-11-14,2004-05,Reggina,Roma,1,0
2004-11-14,2004-05,Udinese,Messina,1,1
2004-11-27,2004-05,Livorno,Udinese,1,2
2004-11-27,2004-05,Siena,Roma,0,4
2004-11-28,2004-05,Atalanta,Reggina,0,1
2004-11-28,2004-05,Bologna,Lecce,0,0
2004-11-28,2004-05,Brescia,Palermo,0,2
2004-11-28,2004-05,Chievo,Milan,0,1
2004-11-28,2004-05,Inter,Juventus,2,2
2004-11-28,2004-05,Lazio,Cagliari,2,3
2004-11-28,2004-05,Messina,Fiorentina,1,1
2004-11-28,2004-05,Sampdoria,Parma,1,0
2004-12-04,2004-05,Inter,Messina,5,0
2004-12-04,2004-05,Parma,Milan,1,2
2004-12-05,2004-05,Cagliari,Chievo,4,2
2004-12-05,2004-05,Fiorentina,Bologna,1,0
2004-12-05,2004-05,Juventus,Lazio,2,1
2004-12-05,2004-05,Lecce,Livorno,3,2
2004-12-05,2004-05,Palermo,Atalanta,1,0
2004-12-05,2004-05,Reggina,Brescia,1,3
2004-12-05,2004-05,Roma,Sampdoria,1,1
2004-12-05,2004-05,Udinese,Siena,1,0
2004-12-11,2004-05,Atalanta,Udinese,0,1
2004-12-11,2004-05,Lazio,Lecce,3,3
2004-12-12,2004-05,Bologna,Juventus,0,1
2004-12-12,2004-05,Brescia,Roma,0,1
2004-12-12,2004-05,Chievo,Palermo,2,1
2004-12-12,2004-05,Livorno,Parma,2,0
2004-12-12,2004-05,Milan,Fiorentina,6,0
2004-12-12,2004-05,Reggina,Cagliari,3,2
2004-12-12,2004-05,Sampdoria,Messina,1,0
2004-12-12,2004-05,Siena,Inter,2,2
2004-12-18,2004-05,Juventus,Milan,0,0
2004-12-19,2004-05,Bologna,Reggina,2,0
2004-12-19,2004-05,Fiorentina,Chievo,2,0
2004-12-19,2004-05,Inter,Brescia,1,0
2004-12-19,2004-05,Lecce,Sampdoria,1,4
2004-12-19,2004-05,Palermo,Cagliari,3,0
2004-12-19,2004-05,Roma,Parma,5,1
2004-12-19,2004-05,Siena,Livorno,1,1
2004-12-19,2004-05,Udinese,Lazio,3,0
2005-01-06,2004-05,Atalanta,Fiorentina,1,0
2005-01-06,2004-05,Brescia,Bologna,1,1
2005-01-06,2004-05,Cagliari,Messina,2,1
2005-01-06,2004-05,Chievo,Siena,1,3
2005-01-06,2004-05,Lazio,Roma,3,1
2005-01-06,2004-05,Livorno,Inter,0,2
2005-01-06,2004-05,Milan,Lecce,5,2
2005-01-06,2004-05,Parma,Juventus,1,1
2005-01-06,2004-05,Reggina,Palermo,1,0
2005-01-06,2004-05,Sampdoria,Udinese,2,0
2005-01-09,2004-05,Bologna,Chievo,3,1
2005-01-09,2004-05,Fiorentina,Lazio,2,3
2005-01-09,2004-05,Inter,Sampdoria,3,2
2005-01-09,2004-05,Juventus,Livorno,4,2
2005-01-09,2004-05,Lecce,Reggina,1,1
2005-01-09,2004-05,Messina,Brescia,2,0
2005-01-09,2004-05,Palermo,Milan,0,0
2005-01-09,2004-05,Roma,Atalanta,2,1
2005-01-09,2004-05,Siena,Parma,0,1
2005-01-09,2004-05,Udinese,Cagliari,2,0
2005-01-15,2004-05,Brescia,Fiorentina,1,1
2005-01-15,2004-05,Reggina,Inter,0,0
2005-01-16,2004-05,Atalanta,Siena,1,1
2005-01-16,2004-05,Cagliari,Juventus,1,1
2005-01-16,2004-05,Chievo,Roma,2,2
2005-01-16,2004-05,Lazio,Palermo,1,3
2005-01-16,2004-05,Livorno,Messina,3,1
2005-01-16,2004-05,Milan,Udinese,3,1
2005-01-16,2004-05,Parma,Lecce,2,1
2005-01-16,2004-05,Sampdoria,Bologna,0,0
2005-01-19,2004-05,Messina,Atalanta,1,0
2005-01-22,2004-05,Bologna,Cagliari,1,0
2005-01-22,2004-05,Inter,Chievo,1,1
2005-01-23,2004-05,Fiorentina,Roma,1,2
2005-01-23,2004-05,Juventus,Brescia,2,0
2005-01-23,2004-05,Lazio,Sampdoria,1,2
2005-01-23,2004-05,Lecce,Atalanta,1,0
2005-01-23,2004-05,Livorno,Milan,1,0
2005-01-23,2004-05,Messina,Parma,1,0
2005-01-23,2004-05,Siena,Palermo,0,0
2005-01-23,2004-05,Udinese,Reggina,0,2
2005-01-29,2004-05,Chievo,Livorno,1,0
2005-01-29,2004-05,Parma,Udinese,1,0
2005-01-30,2004-05,Atalanta,Juventus,1,2
2005-01-30,2004-05,Brescia,Lecce,0,1
2005-01-30,2004-05,Cagliari,Fiorentina,1,0
2005-01-30,2004-05,Milan,Bologna,0,1
2005-01-30,2004-05,Palermo,Inter,0,2
2005-01-30,2004-05,Reggina,Lazio,2,1
2005-01-30,2004-05,Roma,Messina,3,2
2005-01-30,2004-05,Sampdoria,Siena,1,1
2005-02-02,2004-05,Fiorentina,Palermo,1,2
2005-02-02,2004-05,Inter,Atalanta,1,0
2005-02-02,2004-05,Juventus,Sampdoria,0,1
2005-02-02,2004-05,Lazio,Brescia,0,0
2005-02-02,2004-05,Lecce,Roma,1,1
2005-02-02,2004-05,Livorno,Reggina,1,1
2005-02-02,2004-05,Messina,Milan,1,4
2005-02-02,2004-05,Siena,Cagliari,2,2
2005-02-02,2004-05,Udinese,Chievo,3,0
2005-02-03,2004-05,Bologna,Parma,3,1
2005-02-05,2004-05,Palermo,Juventus,1,0
2005-02-05,2004-05,Sampdoria,Fiorentina,3,0
2005-02-06,2004-05,Atalanta,Livorno,1,0
2005-02-06,2004-05,Brescia,Udinese,0,1
2005-02-06,2004-05,Cagliari,Lecce,3,1
2005-02-06,2004-05,Chievo,Messina,1,0
2005-02-06,2004-05,Milan,Lazio,2,1
2005-02-06,2004-05,Parma,Inter,2,2
2005-02-06,2004-05,Reggina,Siena,3,3
2005-02-06,2004-05,Roma,Bologna,1,1
2005-02-12,2004-05,Inter,Roma,2,0
2005-02-12,2004-05,Lazio,Atalanta,2,1
2005-02-13,2004-05,Bologna,Palermo,1,1
2005-02-13,2004-05,Brescia,Cagliari,2,0
2005-02-13,2004-05,Fiorentina,Parma,2,1
2005-02-13,2004-05,Juventus,Udinese,2,1
2005-02-13,2004-05,Lecce,Chievo,3,0
2005-02-13,2004-05,Livorno,Sampdoria,1,0
2005-02-13,2004-05,Reggina,Milan,0,1
2005-02-13,2004-05,Siena,Messina,2,2
2005-02-19,2004-05,Messina,Juventus,0,0
2005-02-19,2004-05,Milan,Cagliari,1,0
2005-02-19,2004-05,Udinese,Inter,1,1
2005-02-20,2004-05,Atalanta,Bologna,2,0
2005-02-20,2004-05,Chievo,Lazio,0,1
2005-02-20,2004-05,Palermo,Lecce,3,2
2005-02-20,2004-05,Parma,Brescia,2,1
2005-02-20,2004-05,Roma,Livorno,3,0
2005-02-20,2004-05,Sampdoria,Reggina,3,2
2005-02-20,2004-05,Siena,Fiorentina,1,0
2005-02-26,2004-05,Brescia,Sampdoria,0,1
2005-02-26,2004-05,Fiorentina,Udinese,2,2
2005-02-27,2004-05,Bologna,Livorno,0,0
2005-02-27,2004-05,Cagliari,Atalanta,3,3
2005-02-27,2004-05,Inter,Milan,0,1
2005-02-27,2004-05,Juventus,Siena,3,0
2005-02-27,2004-05,Lazio,Parma,2,0
2005-02-27,2004-05,Lecce,Messina,1,0
2005-02-27,2004-05,Palermo,Roma,2,0
2005-02-27,2004-05,Reggina,Chievo,1,0
2005-03-05,2004-05,Atalanta,Milan,1,2
2005-03-05,2004-05,Roma,Juventus,1,2
2005-03-06,2004-05,Fiorentina,Reggina,2,1
2005-03-06,2004-05,Inter,Lecce,2,1
2005-03-06,2004-05,Livorno,Palermo,2,2
2005-03-06,2004-05,Messina,Lazio,1,0
2005-03-06,2004-05,Parma,Cagliari,3,2
2005-03-06,2004-05,Sampdoria,Chievo,1,0
2005-03-06,2004-05,Siena,Brescia,2,3
2005-03-06,2004-05,Udinese,Bologna,0,1
2005-03-12,2004-05,Lazio,Inter,1,1
2005-03-12,2004-05,Lecce,Fiorentina,2,2
2005-03-13,2004-05,Atalanta,Parma,1,0
2005-03-13,2004-05,Bologna,Siena,1,1
2005-03-13,2004-05,Brescia,Livorno,2,3
2005-03-13,2004-05,Cagliari,Roma,3,0
2005-03-13,2004-05,Chievo,Juventus,0,1
2005-03-13,2004-05,Milan,Sampdoria,1,0
2005-03-13,2004-05,Palermo,Udinese,1,5
2005-03-13,2004-05,Reggina,Messina,0,2
2005-03-19,2004-05,Juventus,Reggina,1,0
2005-03-19,2004-05,Siena,Lazio,1,0
2005-03-20,2004-05,Chievo,Brescia,3,1
2005-03-20,2004-05,Inter,Fiorentina,3,2
2005-03-20,2004-05,Livorno,Cagliari,3,3
2005-03-20,2004-05,Messina,Bologna,0,0
2005-03-20,2004-05,Parma,Palermo,3,3
2005-03-20,2004-05,Roma,Milan,0,2
2005-03-20,2004-05,Sampdoria,Atalanta,1,2
2005-03-20,2004-05,Udinese,Lecce,2,1
2005-04-09,2004-05,Bologna,Inter,0,1
2005-04-09,2004-05,Fiorentina,Juventus,3,3
2005-04-09,2004-05,Milan,Brescia,1,1
2005-04-10,2004-05,Atalanta,Chievo,3,0
2005-04-10,2004-05,Cagliari,Sampdoria,0,0
2005-04-10,2004-05,Lazio,Livorno,3,1
2005-04-10,2004-05,Lecce,Siena,2,2
2005-04-10,2004-05,Palermo,Messina,2,1
2005-04-10,2004-05,Reggina,Parma,1,3
2005-04-10,2004-05,Udinese,Roma,3,3
2005-04-16,2004-05,Messina,Udinese,1,0
2005-04-16,2004-05,Roma,Reggina,1,2
2005-04-16,2004-05,Sampdoria,Palermo,1,0
2005-04-17,2004-05,Bologna,Lazio,1,2
2005-04-17,2004-05,Brescia,Atalanta,1,0
2005-04-17,2004-05,Chievo,Parma,2,0
2005-04-17,2004-05,Inter,Cagliari,2,0
2005-04-17,2004-05,Juventus,Lecce,5,2
2005-04-17,2004-05,Livorno,Fiorentina,2,0
2005-04-17,2004-05,Siena,Milan,2,1
2005-04-20,2004-05,Cagliari,Lazio,1,1
2005-04-20,2004-05,Fiorentina,Messina,1,1
2005-04-20,2004-05,Juventus,Inter,0,1
2005-04-20,2004-05,Lecce,Bologna,1,1
2005-04-20,2004-05,Milan,Chievo,1,0
2005-04-20,2004-05,Palermo,Brescia,3,3
2005-04-20,2004-05,Parma,Sampdoria,1,1
2005-04-20,2004-05,Reggina,Atalanta,0,0
2005-04-20,2004-05,Roma,Siena,0,2
2005-04-20,2004-05,Udinese,Livorno,1,1
2005-04-23,2004-05,Milan,Parma,3,0
2005-04-23,2004-05,Siena,Udinese,2,3
2005-04-24,2004-05,Atalanta,Palermo,1,0
2005-04-24,2004-05,Bologna,Fiorentina,0,0
2005-04-24,2004-05,Brescia,Reggina,2,0
2005-04-24,2004-05,Chievo,Cagliari,1,1
2005-04-24,2004-05,Lazio,Juventus,0,1
2005-04-24,2004-05,Livorno,Lecce,1,0
2005-04-24,2004-05,Messina,Inter,2,1
2005-04-24,2004-05,Sampdoria,Roma,2,1
2005-04-30,2004-05,Cagliari,Reggina,1,1
2005-04-30,2004-05,Fiorentina,Milan,1,2
2005-05-01,2004-05,Inter,Siena,2,0
2005-05-01,2004-05,Juventus,Bologna,2,1
2005-05-01,2004-05,Lecce,Lazio,5,3
2005-05-01,2004-05,Messina,Sampdoria,2,2
2005-05-01,2004-05,Palermo,Chievo,2,2
2005-05-01,2004-05,Parma,Livorno,6,4
2005-05-01,2004-05,Roma,Brescia,2,2
2005-05-01,2004-05,Udinese,Atalanta,2,1
2005-05-08,2004-05,Atalanta,Messina,2,1
2005-05-08,2004-05,Brescia,Inter,0,3
2005-05-08,2004-05,Cagliari,Palermo,0,0
2005-05-08,2004-05,Chievo,Fiorentina,1,2
2005-05-08,2004-05,Lazio,Udinese,0,1
2005-05-08,2004-05,Livorno,Siena,3,6
2005-05-08,2004-05,Milan,Juventus,0,1
2005-05-08,2004-05,Parma,Roma,2,1
2005-05-08,2004-05,Reggina,Bologna,1,1
2005-05-08,2004-05,Sampdoria,Lecce,3,0
2005-05-15,2004-05,Bologna,Brescia,1,2
2005-05-15,2004-05,Fiorentina,Atalanta,0,0
2005-05-15,2004-05,Inter,Livorno,1,0
2005-05-15,2004-05,Juventus,Parma,2,0
2005-05-15,2004-05,Lecce,Milan,2,2
2005-05-15,2004-05,Messina,Cagliari,2,1
2005-05-15,2004-05,Palermo,Reggina,1,1
2005-05-15,2004-05,Roma,Lazio,0,0
2005-05-15,2004-05,Siena,Chievo,0,1
2005-05-15,2004-05,Udinese,Sampdoria,1,1
2005-05-20,2004-05,Milan,Palermo,3,3
2005-05-22,2004-05,Atalanta,Roma,0,1
2005-05-22,2004-05,Brescia,Messina,2,1
2005-05-22,2004-05,Cagliari,Udinese,1,1
2005-05-22,2004-05,Chievo,Bologna,1,0
2005-05-22,2004-05,Lazio,Fiorentina,1,1
2005-05-22,2004-05,Livorno,Juventus,2,2
2005-05-22,2004-05,Parma,Siena,0,0
2005-05-22,2004-05,Reggina,Lecce,2,2
2005-05-22,2004-05,Sampdoria,Inter,0,1
2005-05-29,2004-05,Bologna,Sampdoria,0,0
2005-05-29,2004-05,Fiorentina,Brescia,3,0
2005-05-29,2004-05,Inter,Reggina,0,0
2005-05-29,2004-05,Juventus,Cagliari,4,2
2005-05-29,2004-05,Lecce,Parma,3,3
2005-05-29,2004-05,Messina,Livorno,1,1
2005-05-29,2004-05,Palermo,Lazio,3,3
2005-05-29,2004-05,Roma,Chievo,0,0
2005-05-29,2004-05,Siena,Atalanta,2,1
2005-05-29,2004-05,Udinese,Milan,1,1
2005-08-27,2005-06,Fiorentina,Sampdoria,2,1
2005-08-27,2005-06,Livorno,Lecce,2,1
2005-08-28,2005-06,Ascoli,Milan,1,1
2005-08-28,2005-06,Inter,Treviso,3,0
2005-08-28,2005-06,Juventus,Chievo,1,0
2005-08-28,2005-06,Lazio,Messina,1,0
2005-08-28,2005-06,Parma,Palermo,1,1
2005-08-28,2005-06,Reggina,Roma,0,3
2005-08-28,2005-06,Siena,Cagliari,2,1
2005-08-28,2005-06,Udinese,Empoli,1,0
2005-09-10,2005-06,Milan,Siena,3,1
2005-09-10,2005-06,Palermo,Inter,3,2
2005-09-11,2005-06,Cagliari,Lazio,1,1
2005-09-11,2005-06,Chievo,Parma,1,0
2005-09-11,2005-06,Empoli,Juventus,0,4
2005-09-11,2005-06,Lecce,Ascoli,0,0
2005-09-11,2005-06,Messina,Fiorentina,2,2
2005-09-11,2005-06,Roma,Udinese,0,1
2005-09-11,2005-06,Sampdoria,Reggina,3,2
2005-09-11,2005-06,Treviso,Livorno,0,1
2005-09-17,2005-06,Inter,Lecce,3,0
2005-09-17,2005-06,Parma,Empoli,1,0
2005-09-18,2005-06,Cagliari,Messina,1,1
2005-09-18,2005-06,Fiorentina,Udinese,4,2
2005-09-18,2005-06,Juventus,Ascoli,2,1
2005-09-18,2005-06,Lazio,Treviso,3,1
2005-09-18,2005-06,Livorno,Roma,0,0
2005-09-18,2005-06,Reggina,Chievo,1,3
2005-09-18,2005-06,Sampdoria,Milan,2,1
2005-09-18,2005-06,Siena,Palermo,1,2
2005-09-21,2005-06,Ascoli,Siena,1,1
2005-09-21,2005-06,Chievo,Inter,0,1
2005-09-21,2005-06,Empoli,Cagliari,3,1
2005-09-21,2005-06,Lecce,Fiorentina,1,3
2005-09-21,2005-06,Messina,Livorno,0,0
2005-09-21,2005-06,Milan,Lazio,2,0
2005-09-21,2005-06,Palermo,Reggina,1,0
2005-09-21,2005-06,Roma,Parma,4,1
2005-09-21,2005-06,Treviso,Sampdoria,0,2
2005-09-21,2005-06,Udinese,Juventus,0,1
2005-09-24,2005-06,Parma,Juventus,1,2
2005-09-24,2005-06,Reggina,Udinese,2,0
2005-09-25,2005-06,Cagliari,Roma,0,0
2005-09-25,2005-06,Empoli,Lecce,1,0
2005-09-25,2005-06,Inter,Fiorentina,1,0
2005-09-25,2005-06,Lazio,Palermo,4,2
2005-09-25,2005-06,Livorno,Ascoli,2,0
2005-09-25,2005-06,Sampdoria,Chievo,1,2
2005-09-25,2005-06,Siena,Messina,4,2
2005-09-25,2005-06,Treviso,Milan,0,2
2005-10-01,2005-06,Chievo,Treviso,0,0
2005-10-01,2005-06,Udinese,Lazio,3,0
2005-10-02,2005-06,Ascoli,Parma,3,1
2005-10-02,2005-06,Fiorentina,Livorno,3,2
2005-10-02,2005-06,Juventus,Inter,2,0
2005-10-02,2005-06,Lecce,Cagliari,3,0
2005-10-02,2005-06,Messina,Sampdoria,1,4
2005-10-02,2005-06,Milan,Reggina,2,1
2005-10-02,2005-06,Palermo,Empoli,2,2
2005-10-02,2005-06,Roma,Siena,2,3
2005-10-15,2005-06,Juventus,Messina,1,0
2005-10-15,2005-06,Siena,Udinese,2,3
2005-10-16,2005-06,Ascoli,Sampdoria,2,1
2005-10-16,2005-06,Cagliari,Milan,0,2
2005-10-16,2005-06,Empoli,Roma,1,0
2005-10-16,2005-06,Inter,Livorno,5,0
2005-10-16,2005-06,Lazio,Fiorentina,1,0
2005-10-16,2005-06,Palermo,Chievo,2,2
2005-10-16,2005-06,Parma,Treviso,1,1
2005-10-16,2005-06,Reggina,Lecce,2,0
2005-10-22,2005-06,Fiorentina,Parma,4,1
2005-10-22,2005-06,Messina,Ascoli,1,1
2005-10-23,2005-06,Chievo,Cagliari,2,1
2005-10-23,2005-06,Lecce,Juventus,0,3
2005-10-23,2005-06,Livorno,Reggina,1,0
2005-10-23,2005-06,Milan,Palermo,2,1
2005-10-23,2005-06,Roma,Lazio,1,1
2005-10-23,2005-06,Sampdoria,Siena,3,3
2005-10-23,2005-06,Treviso,Empoli,1,2
2005-10-23,2005-06,Udinese,Inter,0,1
2005-10-26,2005-06,Ascoli,Udinese,1,1
2005-10-26,2005-06,Cagliari,Livorno,1,1
2005-10-26,2005-06,Empoli,Milan,1,3
2005-10-26,2005-06,Inter,Roma,2,3
2005-10-26,2005-06,Juventus,Sampdoria,2,0
2005-10-26,2005-06,Lazio,Chievo,2,2
2005-10-26,2005-06,Palermo,Lecce,3,0
2005-10-26,2005-06,Parma,Messina,1,1
2005-10-26,2005-06,Reggina,Treviso,1,2
2005-10-26,2005-06,Siena,Fiorentina,0,2
2005-10-29,2005-06,Milan,Juventus,3,1
2005-10-29,2005-06,Sampdoria,Inter,2,2
2005-10-30,2005-06,Chievo,Empoli,2,2
2005-10-30,2005-06,Fiorentina,Cagliari,2,1
2005-10-30,2005-06,Lecce,Messina,0,2
2005-10-30,2005-06,Livorno,Parma,2,0
2005-10-30,2005-06,Reggina,Lazio,1,0
2005-10-30,2005-06,Roma,Ascoli,2,1
2005-10-30,2005-06,Treviso,Siena,0,1
2005-10-30,2005-06,Udinese,Palermo,0,0
2005-11-05,2005-06,Empoli,Reggina,3,0
2005-11-05,2005-06,Lazio,Inter,0,0
2005-11-06,2005-06,Ascoli,Fiorentina,0,2
2005-11-06,2005-06,Cagliari,Treviso,0,0
2005-11-06,2005-06,Juventus,Livorno,3,0
2005-11-06,2005-06,Messina,Roma,0,2
2005-11-06,2005-06,Milan,Udinese,5,1
2005-11-06,2005-06,Palermo,Sampdoria,0,2
2005-11-06,2005-06,Parma,Lecce,2,0
2005-11-06,2005-06,Siena,Chievo,0,1
2005-11-19,2005-06,Roma,Juventus,1,4
2005-11-19,2005-06,Udinese,Messina,1,0
2005-11-20,2005-06,Chievo,Ascoli,1,1
2005-11-20,2005-06,Fiorentina,Milan,3,1
2005-11-20,2005-06,Inter,Parma,2,0
2005-11-20,2005-06,Lecce,Siena,3,0
2005-11-20,2005-06,Livorno,Empoli,2,0
2005-11-20,2005-06,Reggina,Cagliari,3,1
2005-11-20,2005-06,Sampdoria,Lazio,2,0
2005-11-20,2005-06,Treviso,Palermo,2,2
2005-11-26,2005-06,Livorno,Chievo,0,0
2005-11-26,2005-06,Milan,Lecce,2,1
2005-11-27,2005-06,Ascoli,Palermo,1,1
2005-11-27,2005-06,Cagliari,Sampdoria,2,0
2005-11-27,2005-06,Empoli,Lazio,2,3
2005-11-27,2005-06,Juventus,Treviso,3,1
2005-11-27,2005-06,Messina,Inter,1,2
2005-11-27,2005-06,Parma,Udinese,1,2
2005-11-27,2005-06,Roma,Fiorentina,1,1
2005-11-27,2005-06,Siena,Reggina,0,0
2005-12-03,2005-06,Chievo,Milan,2,1
2005-12-03,2005-06,Inter,Ascoli,1,0
2005-12-04,2005-06,Fiorentina,Juventus,1,2
2005-12-04,2005-06,Lazio,Siena,3,2
2005-12-04,2005-06,Lecce,Roma,2,2
2005-12-04,2005-06,Palermo,Cagliari,2,2
2005-12-04,2005-06,Reggina,Parma,2,1
2005-12-04,2005-06,Sampdoria,Empoli,2,0
2005-12-04,2005-06,Treviso,Messina,0,0
2005-12-04,2005-06,Udinese,Livorno,0,2
2005-12-10,2005-06,Fiorentina,Treviso,1,0
2005-12-10,2005-06,Siena,Empoli,1,0
2005-12-11,2005-06,Ascoli,Reggina,1,1
2005-12-11,2005-06,Inter,Milan,3,2
2005-12-11,2005-06,Juventus,Cagliari,4,0
2005-12-11,2005-06,Livorno,Lazio,2,1
2005-12-11,2005-06,Messina,Chievo,2,0
2005-12-11,2005-06,Parma,Sampdoria,1,1
2005-12-11,2005-06,Roma,Palermo,1,2
2005-12-11,2005-06,Udinese,Lecce,1,2
2005-12-17,2005-06,Lazio,Juventus,1,1
2005-12-17,2005-06,Treviso,Lecce,2,1
2005-12-18,2005-06,Cagliari,Ascoli,2,1
2005-12-18,2005-06,Chievo,Udinese,2,0
2005-12-18,2005-06,Empoli,Fiorentina,1,1
2005-12-18,2005-06,Milan,Messina,4,0
2005-12-18,2005-06,Palermo,Livorno,0,2
2005-12-18,2005-06,Reggina,Inter,0,4
2005-12-18,2005-06,Sampdoria,Roma,1,1
2005-12-18,2005-06,Siena,Parma,2,2
2005-12-21,2005-06,Ascoli,Treviso,1,0
2005-12-21,2005-06,Fiorentina,Palermo,1,0
2005-12-21,2005-06,Inter,Empoli,4,1
2005-12-21,2005-06,Juventus,Siena,2,0
2005-12-21,2005-06,Lecce,Lazio,0,0
2005-12-21,2005-06,Livorno,Milan,0,3
2005-12-21,2005-06,Messina,Reggina,1,1
2005-12-21,2005-06,Parma,Cagliari,1,0
2005-12-21,2005-06,Roma,Chievo,4,0
2005-12-21,2005-06,Udinese,Sampdoria,2,0
2006-01-07,2005-06,Palermo,Juventus,1,2
2006-01-07,2005-06,Reggina,Fiorentina,1,1
2006-01-08,2005-06,Cagliari,Udinese,2,1
2006-01-08,2005-06,Chievo,Lecce,3,1
2006-01-08,2005-06,Empoli,Messina,1,3
2006-01-08,2005-06,Lazio,Ascoli,4,1
2006-01-08,2005-06,Milan,Parma,4,3
2006-01-08,2005-06,Sampdoria,Livorno,0,2
2006-01-08,2005-06,Siena,Inter,0,0
2006-01-08,2005-06,Treviso,Roma,0,1
2006-01-14,2005-06,Lecce,Sampdoria,0,3
2006-01-14,2005-06,Messina,Palermo,0,0
2006-01-15,2005-06,Ascoli,Empoli,3,1
2006-01-15,2005-06,Fiorentina,Chievo,2,1
2006-01-15,2005-06,Inter,Cagliari,3,2
2006-01-15,2005-06,Juventus,Reggina,1,0
2006-01-15,2005-06,Livorno,Siena,2,2
2006-01-15,2005-06,Parma,Lazio,1,1
2006-01-15,2005-06,Roma,Milan,1,0
2006-01-15,2005-06,Udinese,Treviso,2,2
2006-01-18,2005-06,Cagliari,Siena,1,0
2006-01-18,2005-06,Chievo,Juventus,1,1
2006-01-18,2005-06,Empoli,Udinese,1,1
2006-01-18,2005-06,Lecce,Livorno,0,0
2006-01-18,2005-06,Messina,Lazio,1,1
2006-01-18,2005-06,Milan,Ascoli,1,0
2006-01-18,2005-06,Palermo,Parma,4,2
2006-01-18,2005-06,Roma,Reggina,3,1
2006-01-18,2005-06,Sampdoria,Fiorentina,3,1
2006-01-18,2005-06,Treviso,Inter,0,1
2006-01-21,2005-06,Inter,Palermo,3,0
2006-01-21,2005-06,Lazio,Cagliari,1,1
2006-01-22,2005-06,Ascoli,Lecce,2,0
2006-01-22,2005-06,Fiorentina,Messina,2,0
2006-01-22,2005-06,Juventus,Empoli,2,1
2006-01-22,2005-06,Livorno,Treviso,1,1
2006-01-22,2005-06,Parma,Chievo,2,1
2006-01-22,2005-06,Reggina,Sampdoria,2,1
2006-01-22,2005-06,Siena,Milan,0,3
2006-01-22,2005-06,Udinese,Roma,1,4
2006-01-28,2005-06,Milan,Sampdoria,1,1
2006-01-28,2005-06,Palermo,Siena,1,3
2006-01-29,2005-06,Ascoli,Juventus,1,3
2006-01-29,2005-06,Chievo,Reggina,4,0
2006-01-29,2005-06,Empoli,Parma,1,2
2006-01-29,2005-06,Lecce,Inter,0,2
2006-01-29,2005-06,Messina,Cagliari,1,0
2006-01-29,2005-06,Roma,Livorno,3,0
2006-01-29,2005-06,Treviso,Lazio,0,1
2006-01-29,2005-06,Udinese,Fiorentina,0,0
2006-02-04,2005-06,Parma,Roma,0,3
2006-02-04,2005-06,Siena,Ascoli,1,1
2006-02-05,2005-06,Cagliari,Empoli,4,1
2006-02-05,2005-06,Fiorentina,Lecce,1,0
2006-02-05,2005-06,Inter,Chievo,1,0
2006-02-05,2005-06,Juventus,Udinese,1,0
2006-02-05,2005-06,Lazio,Milan,0,0
2006-02-05,2005-06,Livorno,Messina,2,2
2006-02-05,2005-06,Reggina,Palermo,2,2
2006-02-05,2005-06,Sampdoria,Treviso,1,1
2006-02-08,2005-06,Ascoli,Livorno,0,0
2006-02-08,2005-06,Chievo,Sampdoria,1,1
2006-02-08,2005-06,Fiorentina,Inter,2,1
2006-02-08,2005-06,Juventus,Parma,1,1
2006-02-08,2005-06,Lecce,Empoli,1,2
2006-02-08,2005-06,Messina,Siena,0,0
2006-02-08,2005-06,Milan,Treviso,5,0
2006-02-08,2005-06,Palermo,Lazio,3,1
2006-02-08,2005-06,Roma,Cagliari,4,3
2006-02-08,2005-06,Udinese,Reggina,1,2
2006-02-11,2005-06,Lazio,Udinese,1,1
2006-02-11,2005-06,Treviso,Chievo,1,2
2006-02-12,2005-06,Cagliari,Lecce,0,0
2006-02-12,2005-06,Empoli,Palermo,0,1
2006-02-12,2005-06,Inter,Juventus,1,2
2006-02-12,2005-06,Livorno,Fiorentina,2,0
2006-02-12,2005-06,Parma,Ascoli,0,0
2006-02-12,2005-06,Reggina,Milan,1,4
2006-02-12,2005-06,Sampdoria,Messina,4,2
2006-02-12,2005-06,Siena,Roma,0,2
2006-02-18,2005-06,Livorno,Inter,0,0
2006-02-18,2005-06,Messina,Juventus,2,2
2006-02-18,2005-06,Milan,Cagliari,1,0
2006-02-19,2005-06,Chievo,Palermo,0,0
2006-02-19,2005-06,Fiorentina,Lazio,1,2
2006-02-19,2005-06,Lecce,Reggina,0,0
2006-02-19,2005-06,Roma,Empoli,1,0
2006-02-19,2005-06,Sampdoria,Ascoli,1,2
2006-02-19,2005-06,Treviso,Parma,0,1
2006-02-19,2005-06,Udinese,Siena,1,2
2006-02-25,2005-06,Parma,Fiorentina,2,4
2006-02-25,2005-06,Reggina,Livorno,1,1
2006-02-26,2005-06,Ascoli,Messina,1,0
2006-02-26,2005-06,Cagliari,Chievo,2,2
2006-02-26,2005-06,Empoli,Treviso,1,1
2006-02-26,2005-06,Inter,Udinese,3,1
2006-02-26,2005-06,Juventus,Lecce,3,1
2006-02-26,2005-06,Lazio,Roma,0,2
2006-02-26,2005-06,Palermo,Milan,0,2
2006-02-26,2005-06,Siena,Sampdoria,1,0
2006-03-04,2005-06,Milan,Empoli,3,0
2006-03-04,2005-06,Sampdoria,Juventus,0,1
2006-03-05,2005-06,Chievo,Lazio,2,2
2006-03-05,2005-06,Fiorentina,Siena,2,1
2006-03-05,2005-06,Lecce,Palermo,2,0
2006-03-05,2005-06,Livorno,Cagliari,0,1
2006-03-05,2005-06,Messina,Parma,0,1
2006-03-05,2005-06,Roma,Inter,1,1
2006-03-05,2005-06,Treviso,Reggina,0,1
2006-03-05,2005-06,Udinese,Ascoli,1,1
2006-03-11,2005-06,Inter,Sampdoria,1,0
2006-03-11,2005-06,Siena,Treviso,1,0
2006-03-12,2005-06,Ascoli,Roma,3,2
2006-03-12,2005-06,Empoli,Chievo,2,1
2006-03-12,2005-06,Juventus,Milan,0,0
2006-03-12,2005-06,Lazio,Reggina,3,1
2006-03-12,2005-06,Messina,Lecce,2,1
2006-03-12,2005-06,Palermo,Udinese,2,0
2006-03-12,2005-06,Parma,Livorno,2,1
2006-03-18,2005-06,Livorno,Juventus,1,3
2006-03-18,2005-06,Treviso,Cagliari,1,2
2006-03-19,2005-06,Chievo,Siena,4,1
2006-03-19,2005-06,Fiorentina,Ascoli,3,1
2006-03-19,2005-06,Inter,Lazio,3,1
2006-03-19,2005-06,Lecce,Parma,1,2
2006-03-19,2005-06,Reggina,Empoli,0,2
2006-03-19,2005-06,Roma,Messina,2,1
2006-03-19,2005-06,Sampdoria,Palermo,0,2
2006-03-19,2005-06,Udinese,Milan,0,4
2006-03-22,2005-06,Cagliari,Fiorentina,0,0
2006-03-25,2005-06,Juventus,Roma,1,1
2006-03-25,2005-06,Milan,Fiorentina,3,1
2006-03-25,2005-06,Parma,Inter,1,0
2006-03-26,2005-06,Ascoli,Chievo,2,2
2006-03-26,2005-06,Cagliari,Reggina,0,2
2006-03-26,2005-06,Empoli,Livorno,2,1
2006-03-26,2005-06,Lazio,Sampdoria,2,0
2006-03-26,2005-06,Messina,Udinese,1,1
2006-03-26,2005-06,Palermo,Treviso,1,0
2006-03-26,2005-06,Siena,Lecce,1,2
2006-04-01,2005-06,Inter,Messina,3,0
2006-04-01,2005-06,Lecce,Milan,1,0
2006-04-01,2005-06,Treviso,Juventus,0,0
2006-04-02,2005-06,Chievo,Livorno,2,1
2006-04-02,2005-06,Fiorentina,Roma,1,1
2006-04-02,2005-06,Lazio,Empoli,3,3
2006-04-02,2005-06,Palermo,Ascoli,1,1
2006-04-02,2005-06,Reggina,Siena,1,1
2006-04-02,2005-06,Sampdoria,Cagliari,1,1
2006-04-02,2005-06,Udinese,Parma,2,0
2006-04-08,2005-06,Ascoli,Inter,1,2
2006-04-08,2005-06,Livorno,Udinese,0,2
2006-04-09,2005-06,Cagliari,Palermo,1,1
2006-04-09,2005-06,Empoli,Sampdoria,2,1
2006-04-09,2005-06,Juventus,Fiorentina,1,1
2006-04-09,2005-06,Messina,Treviso,3,1
2006-04-09,2005-06,Milan,Chievo,4,1
2006-04-09,2005-06,Parma,Reggina,4,0
2006-04-09,2005-06,Roma,Lecce,3,1
2006-04-09,2005-06,Siena,Lazio,2,3
2006-04-14,2005-06,Milan,Inter,1,0
2006-04-15,2005-06,Cagliari,Juventus,1,1
2006-04-15,2005-06,Chievo,Messina,2,0
2006-04-15,2005-06,Empoli,Siena,2,1
2006-04-15,2005-06,Lazio,Livorno,3,1
2006-04-15,2005-06,Lecce,Udinese,1,2
2006-04-15,2005-06,Palermo,Roma,3,3
2006-04-15,2005-06,Reggina,Ascoli,2,0
2006-04-15,2005-06,Sampdoria,Parma,1,2
2006-04-15,2005-06,Treviso,Fiorentina,1,3
2006-04-22,2005-06,Ascoli,Cagliari,2,2
2006-04-22,2005-06,Fiorentina,Empoli,2,1
2006-04-22,2005-06,Inter,Reggina,4,0
2006-04-22,2005-06,Juventus,Lazio,1,1
2006-04-22,2005-06,Lecce,Treviso,1,1
2006-04-22,2005-06,Livorno,Palermo,3,1
2006-04-22,2005-06,Messina,Milan,1,3
2006-04-22,2005-06,Parma,Siena,1,1
2006-04-22,2005-06,Roma,Sampdoria,0,0
2006-04-22,2005-06,Udinese,Chievo,1,1
2006-04-30,2005-06,Cagliari,Parma,3,1
2006-04-30,2005-06,Chievo,Roma,4,4
2006-04-30,2005-06,Empoli,Inter,1,0
2006-04-30,2005-06,Lazio,Lecce,1,0
2006-04-30,2005-06,Milan,Livorno,2,0
2006-04-30,2005-06,Palermo,Fiorentina,1,0
2006-04-30,2005-06,Reggina,Messina,3,0
2006-04-30,2005-06,Sampdoria,Udinese,1,1
2006-04-30,2005-06,Siena,Juventus,0,3
2006-04-30,2005-06,Treviso,Ascoli,2,2
2006-05-07,2005-06,Ascoli,Lazio,1,4
2006-05-07,2005-06,Fiorentina,Reggina,5,2
2006-05-07,2005-06,Inter,Siena,1,1
2006-05-07,2005-06,Juventus,Palermo,2,1
2006-05-07,2005-06,Lecce,Chievo,0,0
2006-05-07,2005-06,Livorno,Sampdoria,0,0
2006-05-07,2005-06,Messina,Empoli,1,2
2006-05-07,2005-06,Parma,Milan,2,3
2006-05-07,2005-06,Roma,Treviso,1,0
2006-05-07,2005-06,Udinese,Cagliari,2,0
2006-05-14,2005-06,Cagliari,Inter,2,2
2006-05-14,2005-06,Chievo,Fiorentina,0,2
2006-05-14,2005-06,Empoli,Ascoli,1,2
2006-05-14,2005-06,Lazio,Parma,1,0
2006-05-14,2005-06,Milan,Roma,2,1
2006-05-14,2005-06,Palermo,Messina,1,0
2006-05-14,2005-06,Reggina,Juventus,0,2
2006-05-14,2005-06,Sampdoria,Lecce,1,3
2006-05-14,2005-06,Siena,Livorno,0,0
2006-05-14,2005-06,Treviso,Udinese,2,1
2006-09-09,2006-07,Fiorentina,Inter,2,3
2006-09-09,2006-07,Roma,Livorno,2,0
2006-09-10,2006-07,Atalanta,Ascoli,3,1
2006-09-10,2006-07,Cagliari,Catania,0,1
2006-09-10,2006-07,Chievo,Siena,1,2
2006-09-10,2006-07,Messina,Udinese,1,0
2006-09-10,2006-07,Milan,Lazio,2,1
2006-09-10,2006-07,Palermo,Reggina,4,3
2006-09-10,2006-07,Sampdoria,Empoli,1,2
2006-09-10,2006-07,Torino,Parma,1,1
2006-09-16,2006-07,Inter,Sampdoria,1,1
2006-09-16,2006-07,Reggina,Cagliari,2,1
2006-09-17,2006-07,Ascoli,Messina,1,1
2006-09-17,2006-07,Catania,Atalanta,0,0
2006-09-17,2006-07,Empoli,Chievo,1,1
2006-09-17,2006-07,Lazio,Palermo,1,2
2006-09-17,2006-07,Livorno,Fiorentina,1,0
2006-09-17,2006-07,Parma,Milan,0,2
2006-09-17,2006-07,Siena,Roma,1,3
2006-09-17,2006-07,Udinese,Torino,2,0
2006-09-20,2006-07,Atalanta,Empoli,0,0
2006-09-20,2006-07,Cagliari,Livorno,2,2
2006-09-20,2006-07,Chievo,Lazio,0,1
2006-09-20,2006-07,Fiorentina,Parma,1,0
2006-09-20,2006-07,Messina,Reggina,2,0
2006-09-20,2006-07,Milan,Ascoli,1,0
2006-09-20,2006-07,Palermo,Catania,5,3
2006-09-20,2006-07,Roma,Inter,0,1
2006-09-20,2006-07,Sampdoria,Udinese,3,3
2006-09-20,2006-07,Torino,Siena,1,2
2006-09-23,2006-07,Catania,Messina,2,2
2006-09-23,2006-07,Livorno,Milan,0,0
2006-09-24,2006-07,Ascoli,Sampdoria,1,1
2006-09-24,2006-07,Empoli,Palermo,2,0
2006-09-24,2006-07,Inter,Chievo,4,3
2006-09-24,2006-07,Lazio,Atalanta,1,0
2006-09-24,2006-07,Parma,Roma,0,4
2006-09-24,2006-07,Reggina,Torino,1,1
2006-09-24,2006-07,Siena,Cagliari,0,0
2006-09-24,2006-07,Udinese,Fiorentina,1,0
2006-09-30,2006-07,Atalanta,Reggina,1,1
2006-09-30,2006-07,Torino,Lazio,0,4
2006-10-01,2006-07,Cagliari,Inter,1,1
2006-10-01,2006-07,Chievo,Palermo,0,1
2006-10-01,2006-07,Fiorentina,Catania,3,0
2006-10-01,2006-07,Messina,Livorno,0,1
2006-10-01,2006-07,Milan,Siena,0,0
2006-10-01,2006-07,Roma,Empoli,1,0
2006-10-01,2006-07,Sampdoria,Parma,3,2
2006-10-01,2006-07,Udinese,Ascoli,0,0
2006-10-14,2006-07,Sampdoria,Milan,1,1
2006-10-14,2006-07,Siena,Messina,3,1
2006-10-15,2006-07,Ascoli,Livorno,0,2
2006-10-15,2006-07,Empoli,Fiorentina,1,2
2006-10-15,2006-07,Inter,Catania,2,1
2006-10-15,2006-07,Lazio,Cagliari,0,0
2006-10-15,2006-07,Palermo,Atalanta,2,3
2006-10-15,2006-07,Parma,Udinese,0,3
2006-10-15,2006-07,Reggina,Roma,1,0
2006-10-15,2006-07,Torino,Chievo,1,0
2006-10-21,2006-07,Cagliari,Torino,0,0
2006-10-21,2006-07,Messina,Empoli,2,2
2006-10-22,2006-07,Atalanta,Sampdoria,3,2
2006-10-22,2006-07,Catania,Lazio,3,1
2006-10-22,2006-07,Fiorentina,Reggina,3,0
2006-10-22,2006-07,Livorno,Siena,0,0
2006-10-22,2006-07,Milan,Palermo,0,2
2006-10-22,2006-07,Parma,Ascoli,1,0
2006-10-22,2006-07,Roma,Chievo,1,1
2006-10-22,2006-07,Udinese,Inter,0,0
2006-10-25,2006-07,Atalanta,Cagliari,3,3
2006-10-25,2006-07,Chievo,Milan,0,1
2006-10-25,2006-07,Empoli,Udinese,1,1
2006-10-25,2006-07,Inter,Livorno,4,1
2006-10-25,2006-07,Palermo,Messina,2,1
2006-10-25,2006-07,Reggina,Parma,3,2
2006-10-25,2006-07,Roma,Ascoli,2,2
2006-10-25,2006-07,Sampdoria,Lazio,2,0
2006-10-25,2006-07,Siena,Catania,1,1
2006-10-25,2006-07,Torino,Fiorentina,0,1
2006-10-28,2006-07,Milan,Inter,3,4
2006-10-28,2006-07,Udinese,Roma,0,1
2006-10-29,2006-07,Ascoli,Siena,0,1
2006-10-29,2006-07,Cagliari,Sampdoria,1,0
2006-10-29,2006-07,Catania,Torino,1,1
2006-10-29,2006-07,Fiorentina,Palermo,2,3
2006-10-29,2006-07,Lazio,Reggina,0,0
2006-10-29,2006-07,Livorno,Empoli,0,0
2006-10-29,2006-07,Messina,Chievo,2,1
2006-10-29,2006-07,Parma,Atalanta,3,1
2006-11-04,2006-07,Reggina,Catania,0,1
2006-11-04,2006-07,Siena,Parma,2,2
2006-11-05,2006-07,Atalanta,Milan,2,0
2006-11-05,2006-07,Chievo,Cagliari,0,0
2006-11-05,2006-07,Empoli,Lazio,1,1
2006-11-05,2006-07,Inter,Ascoli,2,0
2006-11-05,2006-07,Livorno,Udinese,1,0
2006-11-05,2006-07,Palermo,Sampdoria,2,0
2006-11-05,2006-07,Roma,Fiorentina,3,1
2006-11-05,2006-07,Torino,Messina,1,1
2006-11-11,2006-07,Fiorentina,Atalanta,3,1
2006-11-11,2006-07,Milan,Roma,1,2
2006-11-12,2006-07,Ascoli,Empoli,0,1
2006-11-12,2006-07,Catania,Livorno,3,2
2006-11-12,2006-07,Lazio,Udinese,5,0
2006-11-12,2006-07,Messina,Cagliari,2,2
2006-11-12,2006-07,Palermo,Torino,3,0
2006-11-12,2006-07,Parma,Inter,1,2
2006-11-12,2006-07,Sampdoria,Chievo,3,0
2006-11-12,2006-07,Siena,Reggina,0,1
2006-11-18,2006-07,Cagliari,Palermo,1,0
2006-11-18,2006-07,Empoli,Milan,0,0
2006-11-19,2006-07,Ascoli,Fiorentina,1,1
2006-11-19,2006-07,Chievo,Atalanta,2,2
2006-11-19,2006-07,Inter,Reggina,1,0
2006-11-19,2006-07,Livorno,Parma,3,0
2006-11-19,2006-07,Messina,Lazio,1,4
2006-11-19,2006-07,Roma,Catania,7,0
2006-11-19,2006-07,Torino,Sampdoria,1,0
2006-11-19,2006-07,Udinese,Siena,3,0
2006-11-25,2006-07,Chievo,Udinese,2,0
2006-11-25,2006-07,Milan,Messina,1,0
2006-11-26,2006-07,Atalanta,Torino,1,2
2006-11-26,2006-07,Catania,Parma,2,0
2006-11-26,2006-07,Empoli,Cagliari,1,0
2006-11-26,2006-07,Lazio,Ascoli,3,1
2006-11-26,2006-07,Palermo,Inter,1,2
2006-11-26,2006-07,Reggina,Livorno,2,2
2006-11-26,2006-07,Sampdoria,Roma,2,4
2006-11-26,2006-07,Siena,Fiorentina,1,1
2006-12-02,2006-07,Inter,Siena,2,0
2006-12-02,2006-07,Roma,Atalanta,2,1
2006-12-03,2006-07,Ascoli,Catania,2,2
2006-12-03,2006-07,Cagliari,Milan,2,2
2006-12-03,2006-07,Fiorentina,Lazio,1,0
2006-12-03,2006-07,Livorno,Chievo,0,2
2006-12-03,2006-07,Messina,Sampdoria,0,2
2006-12-03,2006-07,Parma,Palermo,0,0
2006-12-03,2006-07,Torino,Empoli,1,0
2006-12-03,2006-07,Udinese,Reggina,1,1
2006-12-09,2006-07,Palermo,Livorno,3,0
2006-12-09,2006-07,Reggina,Ascoli,2,1
2006-12-10,2006-07,Atalanta,Messina,3,2
2006-12-10,2006-07,Cagliari,Parma,0,0
2006-12-10,2006-07,Catania,Udinese,1,0
2006-12-10,2006-07,Chievo,Fiorentina,0,1
2006-12-10,2006-07,Empoli,Inter,0,3
2006-12-10,2006-07,Lazio,Roma,3,0
2006-12-10,2006-07,Milan,Torino,0,0
2006-12-10,2006-07,Sampdoria,Siena,0,0
2006-12-16,2006-07,Fiorentina,Milan,2,2
2006-12-16,2006-07,Udinese,Cagliari,3,1
2006-12-17,2006-07,Ascoli,Torino,0,2
2006-12-17,2006-07,Inter,Messina,2,0
2006-12-17,2006-07,Livorno,Lazio,1,1
2006-12-17,2006-07,Parma,Chievo,2,2
2006-12-17,2006-07,Reggina,Sampdoria,0,1
2006-12-17,2006-07,Roma,Palermo,4,0
2006-12-17,2006-07,Siena,Atalanta,1,1
2006-12-20,2006-07,Atalanta,Udinese,1,2
2006-12-20,2006-07,Cagliari,Fiorentina,0,2
2006-12-20,2006-07,Chievo,Reggina,3,2
2006-12-20,2006-07,Empoli,Siena,1,0
2006-12-20,2006-07,Lazio,Inter,0,2
2006-12-20,2006-07,Messina,Parma,1,1
2006-12-20,2006-07,Milan,Catania,3,0
2006-12-20,2006-07,Palermo,Ascoli,4,0
2006-12-20,2006-07,Sampdoria,Livorno,4,1
2006-12-20,2006-07,Torino,Roma,1,2
2006-12-23,2006-07,Ascoli,Chievo,3,0
2006-12-23,2006-07,Catania,Sampdoria,4,2
2006-12-23,2006-07,Fiorentina,Messina,4,0
2006-12-23,2006-07,Inter,Atalanta,2,1
2006-12-23,2006-07,Livorno,Torino,1,1
2006-12-23,2006-07,Parma,Lazio,1,3
2006-12-23,2006-07,Reggina,Empoli,4,1
2006-12-23,2006-07,Roma,Cagliari,2,0
2006-12-23,2006-07,Siena,Palermo,1,1
2006-12-23,2006-07,Udinese,Milan,0,3
2007-01-13,2006-07,Empoli,Parma,2,0
2007-01-13,2006-07,Torino,Inter,1,3
2007-01-14,2006-07,Atalanta,Livorno,5,1
2007-01-14,2006-07,Cagliari,Ascoli,1,0
2007-01-14,2006-07,Chievo,Catania,2,1
2007-01-14,2006-07,Lazio,Siena,1,1
2007-01-14,2006-07,Messina,Roma,1,1
2007-01-14,2006-07,Milan,Reggina,3,1
2007-01-14,2006-07,Palermo,Udinese,2,0
2007-01-14,2006-07,Sampdoria,Fiorentina,0,0
2007-01-20,2006-07,Ascoli,Atalanta,1,3
2007-01-20,2006-07,Reggina,Palermo,0,0
2007-01-21,2006-07,Catania,Cagliari,0,1
2007-01-21,2006-07,Empoli,Sampdoria,2,0
2007-01-21,2006-07,Inter,Fiorentina,3,1
2007-01-21,2006-07,Lazio,Milan,0,0
2007-01-21,2006-07,Livorno,Roma,1,1
2007-01-21,2006-07,Parma,Torino,1,0
2007-01-21,2006-07,Siena,Chievo,2,1
2007-01-21,2006-07,Udinese,Messina,1,0
2007-01-24,2006-07,Catania,Empoli,2,1
2007-01-27,2006-07,Palermo,Lazio,0,3
2007-01-27,2006-07,Torino,Udinese,2,3
2007-01-28,2006-07,Atalanta,Catania,1,1
2007-01-28,2006-07,Cagliari,Reggina,0,2
2007-01-28,2006-07,Chievo,Empoli,0,0
2007-01-28,2006-07,Fiorentina,Livorno,2,1
2007-01-28,2006-07,Messina,Ascoli,1,2
2007-01-28,2006-07,Milan,Parma,1,0
2007-01-28,2006-07,Roma,Siena,1,0
2007-01-28,2006-07,Sampdoria,Inter,0,2
2007-02-02,2006-07,Catania,Palermo,1,2
2007-02-11,2006-07,Atalanta,Lazio,0,0
2007-02-11,2006-07,Cagliari,Siena,2,2
2007-02-11,2006-07,Chievo,Inter,0,2
2007-02-11,2006-07,Fiorentina,Udinese,2,0
2007-02-11,2006-07,Messina,Catania,1,1
2007-02-11,2006-07,Milan,Livorno,2,1
2007-02-11,2006-07,Palermo,Empoli,0,1
2007-02-11,2006-07,Roma,Parma,3,0
2007-02-11,2006-07,Sampdoria,Ascoli,2,0
2007-02-11,2006-07,Torino,Reggina,1,2
2007-02-17,2006-07,Empoli,Roma,1,0
2007-02-17,2006-07,Inter,Cagliari,1,0
2007-02-17,2006-07,Siena,Milan,3,4
2007-02-18,2006-07,Ascoli,Udinese,2,2
2007-02-18,2006-07,Catania,Fiorentina,0,1
2007-02-18,2006-07,Lazio,Torino,2,0
2007-02-18,2006-07,Livorno,Messina,2,1
2007-02-18,2006-07,Palermo,Chievo,1,1
2007-02-18,2006-07,Parma,Sampdoria,0,1
2007-02-18,2006-07,Reggina,Atalanta,1,1
2007-02-24,2006-07,Atalanta,Palermo,1,1
2007-02-24,2006-07,Chievo,Torino,3,0
2007-02-25,2006-07,Cagliari,Lazio,0,2
2007-02-25,2006-07,Catania,Inter,2,5
2007-02-25,2006-07,Fiorentina,Empoli,2,0
2007-02-25,2006-07,Livorno,Ascoli,0,0
2007-02-25,2006-07,Messina,Siena,1,0
2007-02-25,2006-07,Milan,Sampdoria,1,0
2007-02-25,2006-07,Roma,Reggina,3,0
2007-02-25,2006-07,Udinese,Parma,3,3
2007-02-28,2006-07,Ascoli,Parma,0,0
2007-02-28,2006-07,Chievo,Roma,2,2
2007-02-28,2006-07,Empoli,Messina,3,1
2007-02-28,2006-07,Inter,Udinese,1,1
2007-02-28,2006-07,Lazio,Catania,3,1
2007-02-28,2006-07,Palermo,Milan,0,0
2007-02-28,2006-07,Reggina,Fiorentina,1,1
2007-02-28,2006-07,Sampdoria,Atalanta,2,1
2007-02-28,2006-07,Siena,Livorno,0,0
2007-02-28,2006-07,Torino,Cagliari,1,0
2007-03-03,2006-07,Ascoli,Roma,1,1
2007-03-03,2006-07,Livorno,Inter,1,2
2007-03-03,2006-07,Milan,Chievo,3,1
2007-03-04,2006-07,Cagliari,Atalanta,2,0
2007-03-04,2006-07,Catania,Siena,1,1
2007-03-04,2006-07,Fiorentina,Torino,5,1
2007-03-04,2006-07,Lazio,Sampdoria,1,0
2007-03-04,2006-07,Messina,Palermo,2,0
2007-03-04,2006-07,Parma,Reggina,2,2
2007-03-04,2006-07,Udinese,Empoli,0,1
2007-03-10,2006-07,Sampdoria,Cagliari,1,1
2007-03-11,2006-07,Atalanta,Parma,1,1
2007-03-11,2006-07,Chievo,Messina,1,1
2007-03-11,2006-07,Empoli,Livorno,2,2
2007-03-11,2006-07,Inter,Milan,2,1
2007-03-11,2006-07,Palermo,Fiorentina,1,1
2007-03-11,2006-07,Reggina,Lazio,2,3
2007-03-11,2006-07,Roma,Udinese,3,1
2007-03-11,2006-07,Siena,Ascoli,0,1
2007-03-11,2006-07,Torino,Catania,1,0
2007-03-17,2006-07,Sampdoria,Palermo,1,1
2007-03-18,2006-07,Ascoli,Inter,1,2
2007-03-18,2006-07,Cagliari,Chievo,0,2
2007-03-18,2006-07,Catania,Reggina,1,4
2007-03-18,2006-07,Fiorentina,Roma,0,0
2007-03-18,2006-07,Lazio,Empoli,3,1
2007-03-18,2006-07,Messina,Torino,0,3
2007-03-18,2006-07,Milan,Atalanta,1,0
2007-03-18,2006-07,Parma,Siena,1,0
2007-03-18,2006-07,Udinese,Livorno,4,0
2007-03-31,2006-07,Reggina,Siena,0,1
2007-03-31,2006-07,Roma,Milan,1,1
2007-04-01,2006-07,Atalanta,Fiorentina,2,2
2007-04-01,2006-07,Cagliari,Messina,2,0
2007-04-01,2006-07,Chievo,Sampdoria,1,1
2007-04-01,2006-07,Empoli,Ascoli,4,1
2007-04-01,2006-07,Inter,Parma,2,0
2007-04-01,2006-07,Livorno,Catania,4,1
2007-04-01,2006-07,Torino,Palermo,0,0
2007-04-01,2006-07,Udinese,Lazio,2,4
2007-04-07,2006-07,Atalanta,Chievo,1,0
2007-04-07,2006-07,Catania,Roma,0,2
2007-04-07,2006-07,Fiorentina,Ascoli,4,0
2007-04-07,2006-07,Lazio,Messina,1,0
2007-04-07,2006-07,Milan,Empoli,3,1
2007-04-07,2006-07,Palermo,Cagliari,1,3
2007-04-07,2006-07,Parma,Livorno,1,0
2007-04-07,2006-07,Reggina,Inter,0,0
2007-04-07,2006-07,Sampdoria,Torino,1,0
2007-04-07,2006-07,Siena,Udinese,2,2
2007-04-14,2006-07,Cagliari,Empoli,0,0
2007-04-14,2006-07,Udinese,Chievo,2,1
2007-04-15,2006-07,Ascoli,Lazio,2,2
2007-04-15,2006-07,Fiorentina,Siena,1,0
2007-04-15,2006-07,Inter,Palermo,2,2
2007-04-15,2006-07,Livorno,Reggina,1,1
2007-04-15,2006-07,Messina,Milan,1,3
2007-04-15,2006-07,Parma,Catania,1,1
2007-04-15,2006-07,Roma,Sampdoria,4,0
2007-04-15,2006-07,Torino,Atalanta,1,2
2007-04-18,2006-07,Ascoli,Milan,2,5
2007-04-18,2006-07,Empoli,Atalanta,2,0
2007-04-18,2006-07,Inter,Roma,1,3
2007-04-18,2006-07,Lazio,Chievo,0,0
2007-04-18,2006-07,Livorno,Cagliari,2,1
2007-04-18,2006-07,Parma,Fiorentina,2,0
2007-04-18,2006-07,Reggina,Messina,3,1
2007-04-18,2006-07,Siena,Torino,1,0
2007-04-18,2006-07,Udinese,Sampdoria,1,0
2007-04-21,2006-07,Milan,Cagliari,3,1
2007-04-21,2006-07,Sampdoria,Messina,3,1
2007-04-22,2006-07,Atalanta,Roma,2,1
2007-04-22,2006-07,Chievo,Livorno,2,1
2007-04-22,2006-07,Empoli,Torino,0,0
2007-04-22,2006-07,Lazio,Fiorentina,0,1
2007-04-22,2006-07,Palermo,Parma,3,4
2007-04-22,2006-07,Reggina,Udinese,1,1
2007-04-22,2006-07,Siena,Inter,1,2
2007-04-28,2006-07,Fiorentina,Chievo,1,0
2007-04-28,2006-07,Torino,Milan,0,1
2007-04-29,2006-07,Ascoli,Reggina,2,3
2007-04-29,2006-07,Inter,Empoli,3,1
2007-04-29,2006-07,Livorno,Palermo,1,2
2007-04-29,2006-07,Messina,Atalanta,0,0
2007-04-29,2006-07,Parma,Cagliari,2,1
2007-04-29,2006-07,Roma,Lazio,0,0
2007-04-29,2006-07,Siena,Sampdoria,0,2
2007-04-29,2006-07,Udinese,Catania,0,1
2007-05-02,2006-07,Catania,Ascoli,3,3
2007-05-06,2006-07,Atalanta,Siena,3,1
2007-05-06,2006-07,Cagliari,Udinese,2,1
2007-05-06,2006-07,Chievo,Parma,1,0
2007-05-06,2006-07,Empoli,Catania,2,1
2007-05-06,2006-07,Lazio,Livorno,1,0
2007-05-06,2006-07,Messina,Inter,0,1
2007-05-06,2006-07,Milan,Fiorentina,0,0
2007-05-06,2006-07,Palermo,Roma,1,2
2007-05-06,2006-07,Sampdoria,Reggina,0,0
2007-05-06,2006-07,Torino,Ascoli,1,0
2007-05-13,2006-07,Ascoli,Palermo,3,2
2007-05-13,2006-07,Catania,Milan,1,1
2007-05-13,2006-07,Fiorentina,Cagliari,1,0
2007-05-13,2006-07,Inter,Lazio,4,3
2007-05-13,2006-07,Livorno,Sampdoria,1,0
2007-05-13,2006-07,Parma,Messina,4,1
2007-05-13,2006-07,Reggina,Chievo,1,1
2007-05-13,2006-07,Roma,Torino,0,1
2007-05-13,2006-07,Siena,Empoli,2,0
2007-05-13,2006-07,Udinese,Atalanta,2,3
2007-05-19,2006-07,Milan,Udinese,2,3
2007-05-20,2006-07,Atalanta,Inter,1,1
2007-05-20,2006-07,Cagliari,Roma,3,2
2007-05-20,2006-07,Chievo,Ascoli,1,0
2007-05-20,2006-07,Empoli,Reggina,3,3
2007-05-20,2006-07,Lazio,Parma,0,0
2007-05-20,2006-07,Messina,Fiorentina,2,2
2007-05-20,2006-07,Palermo,Siena,2,1
2007-05-20,2006-07,Sampdoria,Catania,1,0
2007-05-20,2006-07,Torino,Livorno,0,0
2007-05-27,2006-07,Ascoli,Cagliari,2,1
2007-05-27,2006-07,Catania,Chievo,2,0
2007-05-27,2006-07,Fiorentina,Sampdoria,5,1
2007-05-27,2006-07,Inter,Torino,3,0
2007-05-27,2006-07,Livorno,Atalanta,4,2
2007-05-27,2006-07,Parma,Empoli,3,1
2007-05-27,2006-07,Reggina,Milan,2,0
2007-05-27,2006-07,Roma,Messina,4,3
2007-05-27,2006-07,Siena,Lazio,2,1
2007-05-27,2006-07,Udinese,Palermo,1,2
2007-08-25,2007-08,Juventus,Livorno,5,1
2007-08-25,2007-08,Lazio,Torino,2,2
2007-08-26,2007-08,Fiorentina,Empoli,3,1
2007-08-26,2007-08,Genoa,Milan,0,3
2007-08-26,2007-08,Inter,Udinese,1,1
2007-08-26,2007-08,Napoli,Cagliari,0,2
2007-08-26,2007-08,Palermo,Roma,0,2
2007-08-26,2007-08,Parma,Catania,2,2
2007-08-26,2007-08,Reggina,Atalanta,1,1
2007-08-26,2007-08,Siena,Sampdoria,1,2
2007-09-01,2007-08,Empoli,Inter,0,2
2007-09-02,2007-08,Atalanta,Parma,2,0
2007-09-02,2007-08,Cagliari,Juventus,2,3
2007-09-02,2007-08,Catania,Genoa,0,0
2007-09-02,2007-08,Livorno,Palermo,2,4
2007-09-02,2007-08,Roma,Siena,3,0
2007-09-02,2007-08,Sampdoria,Lazio,0,0
2007-09-02,2007-08,Torino,Reggina,2,2
2007-09-02,2007-08,Udinese,Napoli,0,5
2007-09-03,2007-08,Milan,Fiorentina,1,1
2007-09-15,2007-08,Lazio,Empoli,0,0
2007-09-15,2007-08,Siena,Milan,1,1
2007-09-16,2007-08,Fiorentina,Atalanta,2,2
2007-09-16,2007-08,Genoa,Livorno,1,1
2007-09-16,2007-08,Inter,Catania,2,0
2007-09-16,2007-08,Juventus,Udinese,0,1
2007-09-16,2007-08,Napoli,Sampdoria,2,0
2007-09-16,2007-08,Palermo,Torino,1,1
2007-09-16,2007-08,Parma,Cagliari,1,1
2007-09-16,2007-08,Reggina,Roma,0,2
2007-09-22,2007-08,Milan,Parma,1,1
2007-09-22,2007-08,Udinese,Reggina,2,0
2007-09-23,2007-08,Atalanta,Lazio,2,1
2007-09-23,2007-08,Cagliari,Palermo,0,1
2007-09-23,2007-08,Catania,Fiorentina,0,1
2007-09-23,2007-08,Empoli,Napoli,0,0
2007-09-23,2007-08,Livorno,Inter,2,2
2007-09-23,2007-08,Roma,Juventus,2,2
2007-09-23,2007-08,Sampdoria,Genoa,0,0
2007-09-23,2007-08,Torino,Siena,1,1
2007-09-26,2007-08,Catania,Empoli,1,0
2007-09-26,2007-08,Fiorentina,Roma,2,2
2007-09-26,2007-08,Genoa,Udinese,3,2
2007-09-26,2007-08,Inter,Sampdoria,3,0
2007-09-26,2007-08,Juventus,Reggina,4,0
2007-09-26,2007-08,Lazio,Cagliari,3,1
2007-09-26,2007-08,Napoli,Livorno,1,0
2007-09-26,2007-08,Palermo,Milan,2,1
2007-09-26,2007-08,Parma,Torino,2,0
2007-09-26,2007-08,Siena,Atalanta,1,1
2007-09-29,2007-08,Livorno,Fiorentina,0,3
2007-09-29,2007-08,Roma,Inter,1,4
2007-09-30,2007-08,Cagliari,Siena,1,0
2007-09-30,2007-08,Empoli,Palermo,3,1
2007-09-30,2007-08,Milan,Catania,1,1
2007-09-30,2007-08,Napoli,Genoa,1,2
2007-09-30,2007-08,Reggina,Lazio,1,1
2007-09-30,2007-08,Sampdoria,Atalanta,3,0
2007-09-30,2007-08,Torino,Juventus,0,1
2007-09-30,2007-08,Udinese,Parma,2,1
2007-10-06,2007-08,Atalanta,Udinese,0,0
2007-10-06,2007-08,Inter,Napoli,2,1
2007-10-07,2007-08,Catania,Livorno,1,0
2007-10-07,2007-08,Fiorentina,Juventus,1,1
2007-10-07,2007-08,Genoa,Cagliari,2,0
2007-10-07,2007-08,Lazio,Milan,1,5
2007-10-07,2007-08,Palermo,Reggina,1,1
2007-10-07,2007-08,Parma,Roma,0,3
2007-10-07,2007-08,Siena,Empoli,3,0
2007-10-07,2007-08,Torino,Sampdoria,1,0
2007-10-20,2007-08,Reggina,Inter,0,1
2007-10-20,2007-08,Roma,Napoli,4,4
2007-10-21,2007-08,Atalanta,Torino,2,2
2007-10-21,2007-08,Cagliari,Catania,1,1
2007-10-21,2007-08,Fiorentina,Siena,3,0
2007-10-21,2007-08,Juventus,Genoa,1,0
2007-10-21,2007-08,Livorno,Lazio,0,1
2007-10-21,2007-08,Milan,Empoli,0,1
2007-10-21,2007-08,Sampdoria,Parma,3,0
2007-10-21,2007-08,Udinese,Palermo,1,1
2007-10-27,2007-08,Napoli,Juventus,3,1
2007-10-27,2007-08,Torino,Cagliari,2,0
2007-10-28,2007-08,Catania,Sampdoria,2,0
2007-10-28,2007-08,Empoli,Atalanta,0,1
2007-10-28,2007-08,Genoa,Fiorentina,0,0
2007-10-28,2007-08,Lazio,Udinese,0,1
2007-10-28,2007-08,Milan,Roma,0,1
2007-10-28,2007-08,Palermo,Inter,0,0
2007-10-28,2007-08,Parma,Livorno,3,2
2007-10-28,2007-08,Siena,Reggina,0,0
2007-10-31,2007-08,Atalanta,Cagliari,2,2
2007-10-31,2007-08,Fiorentina,Napoli,1,0
2007-10-31,2007-08,Inter,Genoa,4,1
2007-10-31,2007-08,Juventus,Empoli,3,0
2007-10-31,2007-08,Palermo,Parma,1,1
2007-10-31,2007-08,Reggina,Livorno,1,3
2007-10-31,2007-08,Roma,Lazio,3,2
2007-10-31,2007-08,Sampdoria,Milan,0,5
2007-10-31,2007-08,Siena,Catania,1,1
2007-10-31,2007-08,Udinese,Torino,2,1
2007-11-03,2007-08,Lazio,Fiorentina,0,1
2007-11-03,2007-08,Milan,Torino,0,0
2007-11-04,2007-08,Cagliari,Sampdoria,0,3
2007-11-04,2007-08,Catania,Atalanta,1,2
2007-11-04,2007-08,Empoli,Roma,2,2
2007-11-04,2007-08,Genoa,Palermo,3,3
2007-11-04,2007-08,Juventus,Inter,1,1
2007-11-04,2007-08,Livorno,Udinese,0,0
2007-11-04,2007-08,Napoli,Reggina,1,1
2007-11-04,2007-08,Parma,Siena,2,2
2007-11-10,2007-08,Palermo,Napoli,2,1
2007-11-10,2007-08,Sampdoria,Empoli,3,0
2007-11-11,2007-08,Fiorentina,Udinese,1,2
2007-11-11,2007-08,Parma,Juventus,2,2
2007-11-11,2007-08,Reggina,Genoa,2,0
2007-11-11,2007-08,Siena,Livorno,2,3
2007-11-11,2007-08,Torino,Catania,1,1
2007-11-24,2007-08,Genoa,Roma,0,1
2007-11-24,2007-08,Inter,Atalanta,2,1
2007-11-25,2007-08,Cagliari,Milan,1,2
2007-11-25,2007-08,Empoli,Torino,0,0
2007-11-25,2007-08,Juventus,Palermo,5,0
2007-11-25,2007-08,Lazio,Parma,1,0
2007-11-25,2007-08,Livorno,Sampdoria,3,1
2007-11-25,2007-08,Napoli,Catania,2,0
2007-11-25,2007-08,Reggina,Fiorentina,0,0
2007-11-25,2007-08,Udinese,Siena,2,0
2007-12-01,2007-08,Milan,Juventus,0,0
2007-12-01,2007-08,Sampdoria,Reggina,3,0
2007-12-02,2007-08,Atalanta,Napoli,5,1
2007-12-02,2007-08,Cagliari,Livorno,0,0
2007-12-02,2007-08,Catania,Palermo,3,1
2007-12-02,2007-08,Fiorentina,Inter,0,2
2007-12-02,2007-08,Parma,Empoli,1,0
2007-12-02,2007-08,Roma,Udinese,2,1
2007-12-02,2007-08,Siena,Lazio,1,1
2007-12-02,2007-08,Torino,Genoa,1,1
2007-12-05,2007-08,Inter,Lazio,3,0
2007-12-05,2007-08,Roma,Cagliari,2,0
2007-12-08,2007-08,Lazio,Catania,2,0
2007-12-08,2007-08,Palermo,Fiorentina,2,0
2007-12-09,2007-08,Empoli,Cagliari,4,1
2007-12-09,2007-08,Genoa,Siena,1,3
2007-12-09,2007-08,Inter,Torino,4,0
2007-12-09,2007-08,Juventus,Atalanta,1,0
2007-12-09,2007-08,Livorno,Roma,1,1
2007-12-09,2007-08,Napoli,Parma,1,0
2007-12-09,2007-08,Udinese,Sampdoria,3,2
2007-12-15,2007-08,Catania,Udinese,2,0
2007-12-15,2007-08,Lazio,Juventus,2,3
2007-12-16,2007-08,Atalanta,Palermo,1,3
2007-12-16,2007-08,Cagliari,Inter,0,2
2007-12-16,2007-08,Empoli,Genoa,1,1
2007-12-16,2007-08,Parma,Reggina,3,0
2007-12-16,2007-08,Sampdoria,Fiorentina,2,2
2007-12-16,2007-08,Siena,Napoli,1,1
2007-12-16,2007-08,Torino,Roma,0,0
2007-12-22,2007-08,Genoa,Parma,1,0
2007-12-22,2007-08,Roma,Sampdoria,2,0
2007-12-23,2007-08,Fiorentina,Cagliari,5,1
2007-12-23,2007-08,Inter,Milan,2,1
2007-12-23,2007-08,Juventus,Siena,2,0
2007-12-23,2007-08,Livorno,Atalanta,1,1
2007-12-23,2007-08,Napoli,Torino,1,1
2007-12-23,2007-08,Palermo,Lazio,2,2
2007-12-23,2007-08,Reggina,Catania,3,1
2007-12-23,2007-08,Udinese,Empoli,2,2
2008-01-12,2007-08,Catania,Juventus,1,1
2008-01-12,2007-08,Empoli,Reggina,1,1
2008-01-13,2007-08,Atalanta,Roma,1,2
2008-01-13,2007-08,Cagliari,Udinese,0,1
2008-01-13,2007-08,Lazio,Genoa,1,2
2008-01-13,2007-08,Milan,Napoli,5,2
2008-01-13,2007-08,Parma,Fiorentina,1,2
2008-01-13,2007-08,Sampdoria,Palermo,3,0
2008-01-13,2007-08,Siena,Inter,2,3
2008-01-13,2007-08,Torino,Livorno,1,2
2008-01-19,2007-08,Fiorentina,Torino,2,1
2008-01-19,2007-08,Genoa,Atalanta,2,1
2008-01-20,2007-08,Inter,Parma,3,2
2008-01-20,2007-08,Juventus,Sampdoria,0,0
2008-01-20,2007-08,Livorno,Empoli,1,0
2008-01-20,2007-08,Napoli,Lazio,2,2
2008-01-20,2007-08,Palermo,Siena,2,3
2008-01-20,2007-08,Reggina,Cagliari,2,0
2008-01-20,2007-08,Roma,Catania,2,0
2008-01-20,2007-08,Udinese,Milan,0,1
2008-01-23,2007-08,Atalanta,Milan,2,1
2008-01-26,2007-08,Roma,Palermo,1,0
2008-01-26,2007-08,Sampdoria,Siena,1,0
2008-01-27,2007-08,Atalanta,Reggina,2,2
2008-01-27,2007-08,Cagliari,Napoli,2,1
2008-01-27,2007-08,Catania,Parma,0,0
2008-01-27,2007-08,Empoli,Fiorentina,0,2
2008-01-27,2007-08,Livorno,Juventus,1,3
2008-01-27,2007-08,Milan,Genoa,2,0
2008-01-27,2007-08,Torino,Lazio,0,0
2008-01-27,2007-08,Udinese,Inter,0,0
2008-01-30,2007-08,Reggina,Milan,0,1
2008-02-02,2007-08,Napoli,Udinese,3,1
2008-02-02,2007-08,Palermo,Livorno,1,0
2008-02-03,2007-08,Fiorentina,Milan,0,1
2008-02-03,2007-08,Genoa,Catania,2,1
2008-02-03,2007-08,Inter,Empoli,1,0
2008-02-03,2007-08,Juventus,Cagliari,1,1
2008-02-03,2007-08,Lazio,Sampdoria,2,1
2008-02-03,2007-08,Parma,Atalanta,2,3
2008-02-03,2007-08,Reggina,Torino,1,3
2008-02-03,2007-08,Siena,Roma,3,0
2008-02-09,2007-08,Atalanta,Fiorentina,2,2
2008-02-09,2007-08,Roma,Reggina,2,0
2008-02-10,2007-08,Cagliari,Parma,1,1
2008-02-10,2007-08,Catania,Inter,0,2
2008-02-10,2007-08,Empoli,Lazio,1,0
2008-02-10,2007-08,Livorno,Genoa,1,1
2008-02-10,2007-08,Milan,Siena,1,0
2008-02-10,2007-08,Sampdoria,Napoli,2,0
2008-02-10,2007-08,Torino,Palermo,3,1
2008-02-10,2007-08,Udinese,Juventus,1,2
2008-02-13,2007-08,Milan,Livorno,1,1
2008-02-16,2007-08,Inter,Livorno,2,0
2008-02-16,2007-08,Juventus,Roma,1,0
2008-02-16,2007-08,Parma,Milan,0,0
2008-02-17,2007-08,Fiorentina,Catania,2,1
2008-02-17,2007-08,Genoa,Sampdoria,0,1
2008-02-17,2007-08,Lazio,Atalanta,3,0
2008-02-17,2007-08,Napoli,Empoli,1,3
2008-02-17,2007-08,Palermo,Cagliari,2,1
2008-02-17,2007-08,Reggina,Udinese,1,3
2008-02-17,2007-08,Siena,Torino,0,0
2008-02-23,2007-08,Reggina,Juventus,2,1
2008-02-23,2007-08,Torino,Parma,4,4
2008-02-24,2007-08,Atalanta,Siena,2,2
2008-02-24,2007-08,Cagliari,Lazio,1,0
2008-02-24,2007-08,Empoli,Catania,2,0
2008-02-24,2007-08,Livorno,Napoli,1,2
2008-02-24,2007-08,Milan,Palermo,2,1
2008-02-24,2007-08,Roma,Fiorentina,1,0
2008-02-24,2007-08,Sampdoria,Inter,1,1
2008-02-24,2007-08,Udinese,Genoa,3,5
2008-02-26,2007-08,Juventus,Torino,0,0
2008-02-27,2007-08,Atalanta,Sampdoria,4,1
2008-02-27,2007-08,Catania,Milan,1,1
2008-02-27,2007-08,Fiorentina,Livorno,1,0
2008-02-27,2007-08,Genoa,Napoli,2,0
2008-02-27,2007-08,Inter,Roma,1,1
2008-02-27,2007-08,Lazio,Reggina,1,0
2008-02-27,2007-08,Palermo,Empoli,2,0
2008-02-27,2007-08,Parma,Udinese,2,0
2008-02-27,2007-08,Siena,Cagliari,1,0
2008-03-01,2007-08,Milan,Lazio,1,1
2008-03-01,2007-08,Roma,Parma,4,0
2008-03-02,2007-08,Cagliari,Genoa,2,1
2008-03-02,2007-08,Empoli,Siena,0,2
2008-03-02,2007-08,Juventus,Fiorentina,2,3
2008-03-02,2007-08,Livorno,Catania,1,0
2008-03-02,2007-08,Napoli,Inter,1,0
2008-03-02,2007-08,Reggina,Palermo,0,0
2008-03-02,2007-08,Sampdoria,Torino,2,2
2008-03-02,2007-08,Udinese,Atalanta,2,0
2008-03-08,2007-08,Inter,Reggina,2,0
2008-03-08,2007-08,Palermo,Udinese,1,1
2008-03-09,2007-08,Catania,Cagliari,2,1
2008-03-09,2007-08,Empoli,Milan,1,3
2008-03-09,2007-08,Genoa,Juventus,0,2
2008-03-09,2007-08,Lazio,Livorno,2,0
2008-03-09,2007-08,Napoli,Roma,0,2
2008-03-09,2007-08,Parma,Sampdoria,1,2
2008-03-09,2007-08,Siena,Fiorentina,1,0
2008-03-09,2007-08,Torino,Atalanta,1,0
2008-03-15,2007-08,Roma,Milan,2,1
2008-03-15,2007-08,Udinese,Lazio,2,2
2008-03-16,2007-08,Atalanta,Empoli,4,1
2008-03-16,2007-08,Cagliari,Torino,3,0
2008-03-16,2007-08,Fiorentina,Genoa,3,1
2008-03-16,2007-08,Inter,Palermo,2,1
2008-03-16,2007-08,Juventus,Napoli,1,0
2008-03-16,2007-08,Livorno,Parma,1,1
2008-03-16,2007-08,Reggina,Siena,4,0
2008-03-16,2007-08,Sampdoria,Catania,3,1
2008-03-19,2007-08,Cagliari,Atalanta,1,0
2008-03-19,2007-08,Catania,Siena,0,0
2008-03-19,2007-08,Empoli,Juventus,0,0
2008-03-19,2007-08,Genoa,Inter,1,1
2008-03-19,2007-08,Lazio,Roma,3,2
2008-03-19,2007-08,Livorno,Reggina,1,1
2008-03-19,2007-08,Milan,Sampdoria,1,2
2008-03-19,2007-08,Napoli,Fiorentina,2,0
2008-03-19,2007-08,Parma,Palermo,2,1
2008-03-19,2007-08,Torino,Udinese,0,1
2008-03-22,2007-08,Atalanta,Catania,0,0
2008-03-22,2007-08,Fiorentina,Lazio,1,0
2008-03-22,2007-08,Inter,Juventus,1,2
2008-03-22,2007-08,Palermo,Genoa,2,3
2008-03-22,2007-08,Reggina,Napoli,1,1
2008-03-22,2007-08,Roma,Empoli,2,1
2008-03-22,2007-08,Sampdoria,Cagliari,1,1
2008-03-22,2007-08,Siena,Parma,2,0
2008-03-22,2007-08,Torino,Milan,0,1
2008-03-22,2007-08,Udinese,Livorno,2,0
2008-03-29,2007-08,Cagliari,Roma,1,1
2008-03-29,2007-08,Lazio,Inter,1,1
2008-03-30,2007-08,Catania,Torino,1,2
2008-03-30,2007-08,Empoli,Sampdoria,0,2
2008-03-30,2007-08,Genoa,Reggina,2,0
2008-03-30,2007-08,Livorno,Siena,0,0
2008-03-30,2007-08,Milan,Atalanta,1,2
2008-03-30,2007-08,Napoli,Palermo,1,0
2008-03-30,2007-08,Udinese,Fiorentina,3,1
2008-04-05,2007-08,Milan,Cagliari,3,1
2008-04-05,2007-08,Roma,Genoa,3,2
2008-04-06,2007-08,Atalanta,Inter,0,2
2008-04-06,2007-08,Catania,Napoli,3,0
2008-04-06,2007-08,Fiorentina,Reggina,2,0
2008-04-06,2007-08,Palermo,Juventus,3,2
2008-04-06,2007-08,Parma,Lazio,2,2
2008-04-06,2007-08,Sampdoria,Livorno,2,0
2008-04-06,2007-08,Siena,Udinese,1,1
2008-04-06,2007-08,Torino,Empoli,0,1
2008-04-12,2007-08,Juventus,Milan,3,2
2008-04-12,2007-08,Palermo,Catania,1,0
2008-04-13,2007-08,Empoli,Parma,1,1
2008-04-13,2007-08,Genoa,Torino,3,0
2008-04-13,2007-08,Inter,Fiorentina,2,0
2008-04-13,2007-08,Lazio,Siena,1,1
2008-04-13,2007-08,Livorno,Cagliari,1,2
2008-04-13,2007-08,Napoli,Atalanta,2,0
2008-04-13,2007-08,Reggina,Sampdoria,1,0
2008-04-13,2007-08,Udinese,Roma,1,3
2008-04-16,2007-08,Juventus,Parma,3,0
2008-04-19,2007-08,Fiorentina,Palermo,1,0
2008-04-19,2007-08,Roma,Livorno,1,1
2008-04-20,2007-08,Atalanta,Juventus,0,4
2008-04-20,2007-08,Cagliari,Empoli,2,0
2008-04-20,2007-08,Catania,Lazio,1,0
2008-04-20,2007-08,Milan,Reggina,5,1
2008-04-20,2007-08,Parma,Napoli,1,2
2008-04-20,2007-08,Sampdoria,Udinese,3,0
2008-04-20,2007-08,Siena,Genoa,0,1
2008-04-20,2007-08,Torino,Inter,0,1
2008-04-27,2007-08,Fiorentina,Sampdoria,2,2
2008-04-27,2007-08,Genoa,Empoli,0,1
2008-04-27,2007-08,Inter,Cagliari,2,1
2008-04-27,2007-08,Juventus,Lazio,5,2
2008-04-27,2007-08,Livorno,Milan,1,4
2008-04-27,2007-08,Napoli,Siena,0,0
2008-04-27,2007-08,Palermo,Atalanta,0,0
2008-04-27,2007-08,Reggina,Parma,2,1
2008-04-27,2007-08,Roma,Torino,4,1
2008-04-27,2007-08,Udinese,Catania,2,1
2008-05-04,2007-08,Atalanta,Livorno,3,2
2008-05-04,2007-08,Cagliari,Fiorentina,2,1
2008-05-04,2007-08,Catania,Reggina,1,2
2008-05-04,2007-08,Empoli,Udinese,0,1
2008-05-04,2007-08,Lazio,Palermo,1,2
2008-05-04,2007-08,Milan,Inter,2,1
2008-05-04,2007-08,Parma,Genoa,1,0
2008-05-04,2007-08,Sampdoria,Roma,0,3
2008-05-04,2007-08,Siena,Juventus,1,0
2008-05-04,2007-08,Torino,Napoli,2,1
2008-05-11,2007-08,Fiorentina,Parma,3,1
2008-05-11,2007-08,Genoa,Lazio,0,2
2008-05-11,2007-08,Inter,Siena,2,2
2008-05-11,2007-08,Juventus,Catania,1,1
2008-05-11,2007-08,Livorno,Torino,0,1
2008-05-11,2007-08,Napoli,Milan,3,1
2008-05-11,2007-08,Palermo,Sampdoria,0,2
2008-05-11,2007-08,Reggina,Empoli,2,0
2008-05-11,2007-08,Roma,Atalanta,2,1
2008-05-11,2007-08,Udinese,Cagliari,0,2
2008-05-17,2007-08,Sampdoria,Juventus,3,3
2008-05-18,2007-08,Atalanta,Genoa,2,0
2008-05-18,2007-08,Cagliari,Reggina,2,2
2008-05-18,2007-08,Catania,Roma,1,1
2008-05-18,2007-08,Empoli,Livorno,2,1
2008-05-18,2007-08,Lazio,Napoli,2,1
2008-05-18,2007-08,Milan,Udinese,4,1
2008-05-18,2007-08,Parma,Inter,0,2
2008-05-18,2007-08,Siena,Palermo,2,2
2008-05-18,2007-08,Torino,Fiorentina,0,1
2008-08-30,2008-09,Sampdoria,Inter,1,1
2008-08-30,2008-09,Udinese,Palermo,3,1
2008-08-31,2008-09,Atalanta,Siena,1,0
2008-08-31,2008-09,Cagliari,Lazio,1,4
2008-08-31,2008-09,Catania,Genoa,1,0
2008-08-31,2008-09,Chievo,Reggina,2,1
2008-08-31,2008-09,Fiorentina,Juventus,1,1
2008-08-31,2008-09,Milan,Bologna,1,2
2008-08-31,2008-09,Roma,Napoli,1,1
2008-08-31,2008-09,Torino,Lecce,3,0
2008-09-13,2008-09,Inter,Catania,2,1
2008-09-13,2008-09,Palermo,Roma,3,1
2008-09-14,2008-09,Bologna,Atalanta,0,1
2008-09-14,2008-09,Genoa,Milan,2,0
2008-09-14,2008-09,Juventus,Udinese,1,0
2008-09-14,2008-09,Lazio,Sampdoria,2,0
2008-09-14,2008-09,Lecce,Chievo,2,0
2008-09-14,2008-09,Napoli,Fiorentina,2,1
2008-09-14,2008-09,Reggina,Torino,1,1
2008-09-14,2008-09,Siena,Cagliari,2,0
2008-09-20,2008-09,Catania,Atalanta,1,0
2008-09-20,2008-09,Roma,Reggina,3,0
2008-09-21,2008-09,Cagliari,Juventus,0,1
2008-09-21,2008-09,Fiorentina,Bologna,1,0
2008-09-21,2008-09,Lecce,Siena,1,1
2008-09-21,2008-09,Milan,Lazio,4,1
2008-09-21,2008-09,Palermo,Genoa,2,1
2008-09-21,2008-09,Sampdoria,Chievo,1,1
2008-09-21,2008-09,Torino,Inter,1,3
2008-09-21,2008-09,Udinese,Napoli,0,0
2008-09-24,2008-09,Atalanta,Cagliari,1,0
2008-09-24,2008-09,Bologna,Udinese,0,3
2008-09-24,2008-09,Chievo,Torino,1,1
2008-09-24,2008-09,Genoa,Roma,3,1
2008-09-24,2008-09,Inter,Lecce,1,0
2008-09-24,2008-09,Juventus,Catania,1,1
2008-09-24,2008-09,Lazio,Fiorentina,3,0
2008-09-24,2008-09,Napoli,Palermo,2,1
2008-09-24,2008-09,Reggina,Milan,1,2
2008-09-24,2008-09,Siena,Sampdoria,0,0
2008-09-27,2008-09,Fiorentina,Genoa,1,0
2008-09-27,2008-09,Sampdoria,Juventus,0,0
2008-09-28,2008-09,Bologna,Napoli,0,1
2008-09-28,2008-09,Catania,Chievo,1,0
2008-09-28,2008-09,Lecce,Cagliari,2,0
2008-09-28,2008-09,Milan,Inter,1,0
2008-09-28,2008-09,Palermo,Reggina,1,0
2008-09-28,2008-09,Roma,Atalanta,2,0
2008-09-28,2008-09,Torino,Lazio,1,3
2008-09-28,2008-09,Udinese,Siena,2,1
2008-10-04,2008-09,Inter,Bologna,2,1
2008-10-04,2008-09,Lazio,Lecce,1,1
2008-10-05,2008-09,Atalanta,Sampdoria,4,2
2008-10-05,2008-09,Cagliari,Milan,0,0
2008-10-05,2008-09,Chievo,Fiorentina,0,2
2008-10-05,2008-09,Genoa,Napoli,3,2
2008-10-05,2008-09,Juventus,Palermo,1,2
2008-10-05,2008-09,Reggina,Catania,1,1
2008-10-05,2008-09,Siena,Roma,1,0
2008-10-05,2008-09,Udinese,Torino,2,0
2008-10-18,2008-09,Fiorentina,Reggina,3,0
2008-10-18,2008-09,Napoli,Juventus,2,1
2008-10-19,2008-09,Bologna,Lazio,3,1
2008-10-19,2008-09,Catania,Palermo,2,0
2008-10-19,2008-09,Chievo,Atalanta,1,1
2008-10-19,2008-09,Genoa,Siena,1,0
2008-10-19,2008-09,Lecce,Udinese,2,2
2008-10-19,2008-09,Milan,Sampdoria,3,0
2008-10-19,2008-09,Roma,Inter,0,4
2008-10-19,2008-09,Torino,Cagliari,0,1
2008-10-25,2008-09,Juventus,Torino,1,0
2008-10-25,2008-09,Siena,Catania,1,1
2008-10-26,2008-09,Atalanta,Milan,0,1
2008-10-26,2008-09,Cagliari,Chievo,2,0
2008-10-26,2008-09,Inter,Genoa,0,0
2008-10-26,2008-09,Lazio,Napoli,0,1
2008-10-26,2008-09,Palermo,Fiorentina,1,3
2008-10-26,2008-09,Reggina,Lecce,2,0
2008-10-26,2008-09,Sampdoria,Bologna,2,0
2008-10-26,2008-09,Udinese,Roma,3,1
2008-10-29,2008-09,Bologna,Juventus,1,2
2008-10-29,2008-09,Catania,Udinese,0,2
2008-10-29,2008-09,Chievo,Lazio,1,2
2008-10-29,2008-09,Fiorentina,Inter,0,0
2008-10-29,2008-09,Genoa,Cagliari,2,1
2008-10-29,2008-09,Lecce,Palermo,1,1
2008-10-29,2008-09,Milan,Siena,2,1
2008-10-29,2008-09,Napoli,Reggina,3,0
2008-10-29,2008-09,Torino,Atalanta,2,1
2008-11-01,2008-09,Juventus,Roma,2,0
2008-11-01,2008-09,Reggina,Inter,2,3
2008-11-02,2008-09,Atalanta,Lecce,0,0
2008-11-02,2008-09,Cagliari,Bologna,5,1
2008-11-02,2008-09,Lazio,Catania,1,0
2008-11-02,2008-09,Milan,Napoli,1,0
2008-11-02,2008-09,Palermo,Chievo,3,0
2008-11-02,2008-09,Sampdoria,Torino,1,0
2008-11-02,2008-09,Siena,Fiorentina,1,0
2008-11-02,2008-09,Udinese,Genoa,2,2
2008-11-08,2008-09,Bologna,Roma,1,1
2008-11-08,2008-09,Torino,Palermo,1,0
2008-11-09,2008-09,Catania,Cagliari,2,1
2008-11-09,2008-09,Chievo,Juventus,0,2
2008-11-09,2008-09,Fiorentina,Atalanta,2,1
2008-11-09,2008-09,Genoa,Reggina,4,0
2008-11-09,2008-09,Inter,Udinese,1,0
2008-11-09,2008-09,Lazio,Siena,3,0
2008-11-09,2008-09,Lecce,Milan,1,1
2008-11-09,2008-09,Napoli,Sampdoria,2,0
2008-11-13,2008-09,Juventus,Genoa,4,1
2008-11-15,2008-09,Palermo,Inter,0,2
2008-11-16,2008-09,Atalanta,Napoli,3,1
2008-11-16,2008-09,Cagliari,Fiorentina,1,0
2008-11-16,2008-09,Catania,Torino,3,2
2008-11-16,2008-09,Milan,Chievo,1,0
2008-11-16,2008-09,Roma,Lazio,1,0
2008-11-16,2008-09,Sampdoria,Lecce,3,2
2008-11-16,2008-09,Siena,Bologna,1,1
2008-11-16,2008-09,Udinese,Reggina,0,1
2008-11-22,2008-09,Fiorentina,Udinese,4,2
2008-11-22,2008-09,Inter,Juventus,1,0
2008-11-23,2008-09,Bologna,Palermo,1,1
2008-11-23,2008-09,Chievo,Siena,0,2
2008-11-23,2008-09,Lazio,Genoa,1,1
2008-11-23,2008-09,Lecce,Roma,0,3
2008-11-23,2008-09,Napoli,Cagliari,2,2
2008-11-23,2008-09,Reggina,Atalanta,3,1
2008-11-23,2008-09,Sampdoria,Catania,3,0
2008-11-23,2008-09,Torino,Milan,2,2
2008-11-29,2008-09,Catania,Lecce,1,1
2008-11-29,2008-09,Juventus,Reggina,4,0
2008-11-30,2008-09,Atalanta,Lazio,2,0
2008-11-30,2008-09,Cagliari,Sampdoria,1,0
2008-11-30,2008-09,Genoa,Bologna,1,1
2008-11-30,2008-09,Inter,Napoli,2,1
2008-11-30,2008-09,Palermo,Milan,3,1
2008-11-30,2008-09,Roma,Fiorentina,1,0
2008-11-30,2008-09,Siena,Torino,1,0
2008-11-30,2008-09,Udinese,Chievo,0,1
2008-12-06,2008-09,Chievo,Roma,0,1
2008-12-06,2008-09,Lazio,Inter,0,3
2008-12-07,2008-09,Atalanta,Udinese,3,0
2008-12-07,2008-09,Cagliari,Palermo,1,0
2008-12-07,2008-09,Lecce,Juventus,1,2
2008-12-07,2008-09,Milan,Catania,1,0
2008-12-07,2008-09,Napoli,Siena,2,0
2008-12-07,2008-09,Reggina,Bologna,2,2
2008-12-07,2008-09,Sampdoria,Genoa,0,1
2008-12-07,2008-09,Torino,Fiorentina,1,4
2008-12-13,2008-09,Bologna,Torino,5,2
2008-12-13,2008-09,Napoli,Lecce,3,0
2008-12-14,2008-09,Fiorentina,Catania,2,0
2008-12-14,2008-09,Genoa,Atalanta,1,1
2008-12-14,2008-09,Inter,Chievo,4,2
2008-12-14,2008-09,Juventus,Milan,4,2
2008-12-14,2008-09,Palermo,Siena,2,0
2008-12-14,2008-09,Reggina,Sampdoria,0,2
2008-12-14,2008-09,Roma,Cagliari,3,2
2008-12-14,2008-09,Udinese,Lazio,3,3
2008-12-20,2008-09,Lazio,Palermo,1,0
2008-12-20,2008-09,Siena,Inter,1,2
2008-12-21,2008-09,Atalanta,Juventus,1,3
2008-12-21,2008-09,Cagliari,Reggina,1,1
2008-12-21,2008-09,Catania,Roma,3,2
2008-12-21,2008-09,Chievo,Genoa,0,1
2008-12-21,2008-09,Lecce,Bologna,0,0
2008-12-21,2008-09,Milan,Udinese,5,1
2008-12-21,2008-09,Sampdoria,Fiorentina,0,1
2008-12-21,2008-09,Torino,Napoli,1,0
2009-01-10,2008-09,Genoa,Torino,3,0
2009-01-10,2008-09,Inter,Cagliari,1,1
2009-01-11,2008-09,Bologna,Chievo,1,1
2009-01-11,2008-09,Fiorentina,Lecce,1,2
2009-01-11,2008-09,Juventus,Siena,1,0
2009-01-11,2008-09,Napoli,Catania,1,0
2009-01-11,2008-09,Palermo,Atalanta,3,2
2009-01-11,2008-09,Reggina,Lazio,2,3
2009-01-11,2008-09,Roma,Milan,2,2
2009-01-11,2008-09,Udinese,Sampdoria,1,1
2009-01-14,2008-09,Roma,Sampdoria,2,0
2009-01-17,2008-09,Milan,Fiorentina,1,0
2009-01-17,2008-09,Siena,Reggina,1,0
2009-01-18,2008-09,Atalanta,Inter,3,1
2009-01-18,2008-09,Cagliari,Udinese,2,0
2009-01-18,2008-09,Catania,Bologna,1,2
2009-01-18,2008-09,Chievo,Napoli,2,1
2009-01-18,2008-09,Lazio,Juventus,1,1
2009-01-18,2008-09,Lecce,Genoa,0,2
2009-01-18,2008-09,Sampdoria,Palermo,0,2
2009-01-18,2008-09,Torino,Roma,0,1
2009-01-24,2008-09,Juventus,Fiorentina,1,0
2009-01-24,2008-09,Reggina,Chievo,0,1
2009-01-25,2008-09,Bologna,Milan,1,4
2009-01-25,2008-09,Genoa,Catania,1,1
2009-01-25,2008-09,Inter,Sampdoria,1,0
2009-01-25,2008-09,Lazio,Cagliari,1,4
2009-01-25,2008-09,Lecce,Torino,3,3
2009-01-25,2008-09,Napoli,Roma,0,3
2009-01-25,2008-09,Palermo,Udinese,3,2
2009-01-25,2008-09,Siena,Atalanta,1,0
2009-01-28,2008-09,Atalanta,Bologna,0,1
2009-01-28,2008-09,Cagliari,Siena,1,0
2009-01-28,2008-09,Catania,Inter,0,2
2009-01-28,2008-09,Chievo,Lecce,1,1
2009-01-28,2008-09,Fiorentina,Napoli,2,1
2009-01-28,2008-09,Milan,Genoa,1,1
2009-01-28,2008-09,Roma,Palermo,2,1
2009-01-28,2008-09,Sampdoria,Lazio,3,1
2009-01-28,2008-09,Torino,Reggina,0,0
2009-01-28,2008-09,Udinese,Juventus,2,1
2009-01-31,2008-09,Juventus,Cagliari,2,3
2009-01-31,2008-09,Napoli,Udinese,2,2
2009-02-01,2008-09,Atalanta,Catania,1,0
2009-02-01,2008-09,Chievo,Sampdoria,1,1
2009-02-01,2008-09,Genoa,Palermo,1,0
2009-02-01,2008-09,Inter,Torino,1,1
2009-02-01,2008-09,Lazio,Milan,0,3
2009-02-01,2008-09,Reggina,Roma,2,2
2009-02-01,2008-09,Siena,Lecce,1,2
2009-02-02,2008-09,Bologna,Fiorentina,1,3
2009-02-07,2008-09,Lecce,Inter,0,3
2009-02-07,2008-09,Milan,Reggina,1,1
2009-02-08,2008-09,Cagliari,Atalanta,0,1
2009-02-08,2008-09,Catania,Juventus,1,2
2009-02-08,2008-09,Fiorentina,Lazio,1,0
2009-02-08,2008-09,Palermo,Napoli,2,1
2009-02-08,2008-09,Roma,Genoa,3,0
2009-02-08,2008-09,Sampdoria,Siena,2,2
2009-02-08,2008-09,Torino,Chievo,1,1
2009-02-08,2008-09,Udinese,Bologna,1,0
2009-02-14,2008-09,Lazio,Torino,1,1
2009-02-14,2008-09,Napoli,Bologna,1,1
2009-02-15,2008-09,Atalanta,Roma,3,0
2009-02-15,2008-09,Cagliari,Lecce,2,0
2009-02-15,2008-09,Chievo,Catania,1,1
2009-02-15,2008-09,Genoa,Fiorentina,3,3
2009-02-15,2008-09,Inter,Milan,2,1
2009-02-15,2008-09,Juventus,Sampdoria,1,1
2009-02-15,2008-09,Reggina,Palermo,0,0
2009-02-15,2008-09,Siena,Udinese,1,1
2009-02-21,2008-09,Bologna,Inter,1,2
2009-02-21,2008-09,Palermo,Juventus,0,2
2009-02-21,2008-09,Roma,Siena,1,0
2009-02-22,2008-09,Catania,Reggina,2,0
2009-02-22,2008-09,Fiorentina,Chievo,2,1
2009-02-22,2008-09,Lecce,Lazio,0,2
2009-02-22,2008-09,Milan,Cagliari,1,0
2009-02-22,2008-09,Napoli,Genoa,0,1
2009-02-22,2008-09,Sampdoria,Atalanta,1,0
2009-02-22,2008-09,Torino,Udinese,1,0
2009-02-28,2008-09,Juventus,Napoli,1,0
2009-02-28,2008-09,Lazio,Bologna,2,0
2009-03-01,2008-09,Atalanta,Chievo,0,2
2009-03-01,2008-09,Cagliari,Torino,0,0
2009-03-01,2008-09,Inter,Roma,3,3
2009-03-01,2008-09,Palermo,Catania,0,4
2009-03-01,2008-09,Reggina,Fiorentina,1,1
2009-03-01,2008-09,Sampdoria,Milan,2,1
2009-03-01,2008-09,Siena,Genoa,0,0
2009-03-01,2008-09,Udinese,Lecce,2,0
2009-03-07,2008-09,Genoa,Inter,0,2
2009-03-07,2008-09,Roma,Udinese,1,1
2009-03-07,2008-09,Torino,Juventus,0,1
2009-03-08,2008-09,Bologna,Sampdoria,3,0
2009-03-08,2008-09,Catania,Siena,0,3
2009-03-08,2008-09,Chievo,Cagliari,1,1
2009-03-08,2008-09,Fiorentina,Palermo,0,2
2009-03-08,2008-09,Lecce,Reggina,0,0
2009-03-08,2008-09,Milan,Atalanta,3,0
2009-03-08,2008-09,Napoli,Lazio,0,2
2009-03-14,2008-09,Cagliari,Genoa,0,1
2009-03-14,2008-09,Juventus,Bologna,4,1
2009-03-15,2008-09,Atalanta,Torino,2,0
2009-03-15,2008-09,Inter,Fiorentina,2,0
2009-03-15,2008-09,Lazio,Chievo,0,3
2009-03-15,2008-09,Palermo,Lecce,5,2
2009-03-15,2008-09,Reggina,Napoli,1,1
2009-03-15,2008-09,Sampdoria,Roma,2,2
2009-03-15,2008-09,Siena,Milan,1,5
2009-03-15,2008-09,Udinese,Catania,1,1
2009-03-21,2008-09,Catania,Lazio,1,0
2009-03-21,2008-09,Roma,Juventus,1,4
2009-03-22,2008-09,Bologna,Cagliari,0,1
2009-03-22,2008-09,Chievo,Palermo,1,0
2009-03-22,2008-09,Fiorentina,Siena,1,0
2009-03-22,2008-09,Genoa,Udinese,2,0
2009-03-22,2008-09,Inter,Reggina,3,0
2009-03-22,2008-09,Lecce,Atalanta,2,2
2009-03-22,2008-09,Napoli,Milan,0,0
2009-03-22,2008-09,Torino,Sampdoria,1,3
2009-04-05,2008-09,Atalanta,Fiorentina,1,2
2009-04-05,2008-09,Cagliari,Catania,1,0
2009-04-05,2008-09,Juventus,Chievo,3,3
2009-04-05,2008-09,Milan,Lecce,2,0
2009-04-05,2008-09,Palermo,Torino,1,0
2009-04-05,2008-09,Reggina,Genoa,0,1
2009-04-05,2008-09,Roma,Bologna,2,1
2009-04-05,2008-09,Sampdoria,Napoli,2,2
2009-04-05,2008-09,Siena,Lazio,2,0
2009-04-05,2008-09,Udinese,Inter,0,1
2009-04-11,2008-09,Bologna,Siena,1,4
2009-04-11,2008-09,Chievo,Milan,0,1
2009-04-11,2008-09,Fiorentina,Cagliari,2,1
2009-04-11,2008-09,Genoa,Juventus,3,2
2009-04-11,2008-09,Inter,Palermo,2,2
2009-04-11,2008-09,Lazio,Roma,4,2
2009-04-11,2008-09,Lecce,Sampdoria,1,3
2009-04-11,2008-09,Napoli,Atalanta,0,0
2009-04-11,2008-09,Torino,Catania,2,1
2009-04-12,2008-09,Reggina,Udinese,0,2
2009-04-18,2008-09,Genoa,Lazio,0,1
2009-04-18,2008-09,Juventus,Inter,1,1
2009-04-19,2008-09,Atalanta,Reggina,0,1
2009-04-19,2008-09,Cagliari,Napoli,2,0
2009-04-19,2008-09,Catania,Sampdoria,2,0
2009-04-19,2008-09,Milan,Torino,5,1
2009-04-19,2008-09,Palermo,Bologna,4,1
2009-04-19,2008-09,Roma,Lecce,3,2
2009-04-19,2008-09,Siena,Chievo,0,2
2009-04-19,2008-09,Udinese,Fiorentina,3,1
2009-04-25,2008-09,Chievo,Udinese,1,2
2009-04-25,2008-09,Fiorentina,Roma,4,1
2009-04-26,2008-09,Bologna,Genoa,2,0
2009-04-26,2008-09,Lazio,Atalanta,0,1
2009-04-26,2008-09,Lecce,Catania,2,1
2009-04-26,2008-09,Milan,Palermo,3,0
2009-04-26,2008-09,Napoli,Inter,1,0
2009-04-26,2008-09,Reggina,Juventus,2,2
2009-04-26,2008-09,Sampdoria,Cagliari,3,3
2009-04-26,2008-09,Torino,Siena,1,0
2009-05-02,2008-09,Bologna,Reggina,1,2
2009-05-02,2008-09,Inter,Lazio,2,0
2009-05-03,2008-09,Catania,Milan,0,2
2009-05-03,2008-09,Fiorentina,Torino,1,0
2009-05-03,2008-09,Genoa,Sampdoria,3,1
2009-05-03,2008-09,Juventus,Lecce,2,2
2009-05-03,2008-09,Palermo,Cagliari,5,1
2009-05-03,2008-09,Roma,Chievo,0,0
2009-05-03,2008-09,Siena,Napoli,2,1
2009-05-03,2008-09,Udinese,Atalanta,3,0
2009-05-09,2008-09,Lazio,Udinese,1,3
2009-05-09,2008-09,Sampdoria,Reggina,5,0
2009-05-10,2008-09,Atalanta,Genoa,1,1
2009-05-10,2008-09,Cagliari,Roma,2,2
2009-05-10,2008-09,Catania,Fiorentina,0,2
2009-05-10,2008-09,Chievo,Inter,2,2
2009-05-10,2008-09,Lecce,Napoli,1,1
2009-05-10,2008-09,Milan,Juventus,1,1
2009-05-10,2008-09,Siena,Palermo,1,0
2009-05-10,2008-09,Torino,Bologna,1,1
2009-05-16,2008-09,Roma,Catania,4,3
2009-05-16,2008-09,Udinese,Milan,2,1
2009-05-17,2008-09,Bologna,Lecce,2,1
2009-05-17,2008-09,Fiorentina,Sampdoria,1,0
2009-05-17,2008-09,Genoa,Chievo,2,2
2009-05-17,2008-09,Inter,Siena,3,0
2009-05-17,2008-09,Juventus,Atalanta,2,2
2009-05-17,2008-09,Napoli,Torino,1,2
2009-05-17,2008-09,Palermo,Lazio,2,0
2009-05-17,2008-09,Reggina,Cagliari,2,1
2009-05-20,2008-09,Lazio,Reggina,1,0
2009-05-24,2008-09,Atalanta,Palermo,2,2
2009-05-24,2008-09,Cagliari,Inter,2,1
2009-05-24,2008-09,Catania,Napoli,3,1
2009-05-24,2008-09,Chievo,Bologna,0,0
2009-05-24,2008-09,Lecce,Fiorentina,1,1
2009-05-24,2008-09,Milan,Roma,2,3
2009-05-24,2008-09,Sampdoria,Udinese,2,2
2009-05-24,2008-09,Siena,Juventus,0,3
2009-05-24,2008-09,Torino,Genoa,2,3
2009-05-31,2008-09,Bologna,Catania,3,1
2009-05-31,2008-09,Fiorentina,Milan,0,2
2009-05-31,2008-09,Genoa,Lecce,4,1
2009-05-31,2008-09,Inter,Atalanta,4,3
2009-05-31,2008-09,Juventus,Lazio,2,0
2009-05-31,2008-09,Napoli,Chievo,3,0
2009-05-31,2008-09,Palermo,Sampdoria,2,2
2009-05-31,2008-09,Reggina,Siena,1,1
2009-05-31,2008-09,Roma,Torino,3,2
2009-05-31,2008-09,Udinese,Cagliari,6,2
2009-08-22,2009-10,Bologna,Fiorentina,1,1
2009-08-22,2009-10,Siena,Milan,1,2
2009-08-23,2009-10,Catania,Sampdoria,1,2
2009-08-23,2009-10,Genoa,Roma,3,2
2009-08-23,2009-10,Inter,Bari,1,1
2009-08-23,2009-10,Juventus,Chievo,1,0
2009-08-23,2009-10,Lazio,Atalanta,1,0
2009-08-23,2009-10,Livorno,Cagliari,0,0
2009-08-23,2009-10,Palermo,Napoli,2,1
2009-08-23,2009-10,Udinese,Parma,2,2
2009-08-29,2009-10,Bari,Bologna,0,0
2009-08-29,2009-10,Milan,Inter,0,4
2009-08-30,2009-10,Atalanta,Genoa,0,1
2009-08-30,2009-10,Cagliari,Siena,1,3
2009-08-30,2009-10,Chievo,Lazio,1,2
2009-08-30,2009-10,Fiorentina,Palermo,1,0
2009-08-30,2009-10,Napoli,Livorno,3,1
2009-08-30,2009-10,Parma,Catania,2,1
2009-08-30,2009-10,Roma,Juventus,1,3
2009-08-30,2009-10,Sampdoria,Udinese,3,1
2009-09-12,2009-10,Lazio,Juventus,0,2
2009-09-12,2009-10,Livorno,Milan,0,0
2009-09-13,2009-10,Atalanta,Sampdoria,0,1
2009-09-13,2009-10,Bologna,Chievo,0,2
2009-09-13,2009-10,Fiorentina,Cagliari,1,0
2009-09-13,2009-10,Genoa,Napoli,4,1
2009-09-13,2009-10,Inter,Parma,2,0
2009-09-13,2009-10,Palermo,Bari,1,1
2009-09-13,2009-10,Siena,Roma,1,2
2009-09-13,2009-10,Udinese,Catania,4,2
2009-09-19,2009-10,Juventus,Livorno,2,0
2009-09-19,2009-10,Napoli,Udinese,0,0
2009-09-20,2009-10,Bari,Atalanta,4,1
2009-09-20,2009-10,Cagliari,Inter,1,2
2009-09-20,2009-10,Catania,Lazio,1,1
2009-09-20,2009-10,Chievo,Genoa,3,1
2009-09-20,2009-10,Milan,Bologna,1,0
2009-09-20,2009-10,Parma,Palermo,1,0
2009-09-20,2009-10,Roma,Fiorentina,3,1
2009-09-20,2009-10,Sampdoria,Siena,4,1
2009-09-23,2009-10,Atalanta,Catania,0,0
2009-09-23,2009-10,Bari,Cagliari,0,1
2009-09-23,2009-10,Bologna,Livorno,2,0
2009-09-23,2009-10,Fiorentina,Sampdoria,2,0
2009-09-23,2009-10,Inter,Napoli,3,1
2009-09-23,2009-10,Lazio,Parma,1,2
2009-09-23,2009-10,Palermo,Roma,3,3
2009-09-23,2009-10,Siena,Chievo,0,0
2009-09-23,2009-10,Udinese,Milan,1,0
2009-09-24,2009-10,Genoa,Juventus,2,2
2009-09-26,2009-10,Livorno,Fiorentina,0,1
2009-09-26,2009-10,Sampdoria,Inter,1,0
2009-09-27,2009-10,Catania,Roma,1,1
2009-09-27,2009-10,Chievo,Atalanta,1,1
2009-09-27,2009-10,Juventus,Bologna,1,1
2009-09-27,2009-10,Lazio,Palermo,1,1
2009-09-27,2009-10,Milan,Bari,0,0
2009-09-27,2009-10,Napoli,Siena,2,1
2009-09-27,2009-10,Parma,Cagliari,0,2
2009-09-27,2009-10,Udinese,Genoa,2,0
2009-10-03,2009-10,Bari,Catania,0,0
2009-10-03,2009-10,Inter,Udinese,2,1
2009-10-04,2009-10,Atalanta,Milan,1,1
2009-10-04,2009-10,Bologna,Genoa,1,3
2009-10-04,2009-10,Cagliari,Chievo,1,2
2009-10-04,2009-10,Fiorentina,Lazio,0,0
2009-10-04,2009-10,Palermo,Juventus,2,0
2009-10-04,2009-10,Roma,Napoli,2,1
2009-10-04,2009-10,Sampdoria,Parma,1,1
2009-10-04,2009-10,Siena,Livorno,0,0
2009-10-17,2009-10,Genoa,Inter,0,5
2009-10-17,2009-10,Juventus,Fiorentina,1,1
2009-10-18,2009-10,Catania,Cagliari,2,1
2009-10-18,2009-10,Chievo,Bari,1,2
2009-10-18,2009-10,Lazio,Sampdoria,1,1
2009-10-18,2009-10,Livorno,Palermo,1,2
2009-10-18,2009-10,Milan,Roma,2,1
2009-10-18,2009-10,Napoli,Bologna,2,1
2009-10-18,2009-10,Parma,Siena,1,0
2009-10-18,2009-10,Udinese,Atalanta,1,3
2009-10-24,2009-10,Inter,Catania,2,1
2009-10-24,2009-10,Sampdoria,Bologna,4,1
2009-10-25,2009-10,Atalanta,Parma,3,1
2009-10-25,2009-10,Bari,Lazio,2,0
2009-10-25,2009-10,Cagliari,Genoa,3,2
2009-10-25,2009-10,Chievo,Milan,1,2
2009-10-25,2009-10,Fiorentina,Napoli,0,1
2009-10-25,2009-10,Palermo,Udinese,1,0
2009-10-25,2009-10,Roma,Livorno,0,1
2009-10-25,2009-10,Siena,Juventus,0,1
2009-10-28,2009-10,Bologna,Siena,2,1
2009-10-28,2009-10,Catania,Chievo,1,2
2009-10-28,2009-10,Genoa,Fiorentina,2,1
2009-10-28,2009-10,Juventus,Sampdoria,5,1
2009-10-28,2009-10,Lazio,Cagliari,0,1
2009-10-28,2009-10,Livorno,Atalanta,1,0
2009-10-28,2009-10,Napoli,Milan,2,2
2009-10-28,2009-10,Parma,Bari,2,0
2009-10-28,2009-10,Udinese,Roma,2,1
2009-10-29,2009-10,Inter,Palermo,5,3
2009-10-31,2009-10,Juventus,Napoli,2,3
2009-10-31,2009-10,Milan,Parma,2,0
2009-11-01,2009-10,Cagliari,Atalanta,3,0
2009-11-01,2009-10,Chievo,Udinese,1,1
2009-11-01,2009-10,Fiorentina,Catania,3,1
2009-11-01,2009-10,Livorno,Inter,0,2
2009-11-01,2009-10,Palermo,Genoa,0,0
2009-11-01,2009-10,Roma,Bologna,2,1
2009-11-01,2009-10,Sampdoria,Bari,0,0
2009-11-01,2009-10,Siena,Lazio,1,1
2009-11-07,2009-10,Atalanta,Juventus,2,5
2009-11-07,2009-10,Catania,Napoli,0,0
2009-11-08,2009-10,Bari,Livorno,1,0
2009-11-08,2009-10,Bologna,Palermo,3,1
2009-11-08,2009-10,Cagliari,Sampdoria,2,0
2009-11-08,2009-10,Genoa,Siena,4,2
2009-11-08,2009-10,Inter,Roma,1,1
2009-11-08,2009-10,Lazio,Milan,1,2
2009-11-08,2009-10,Parma,Chievo,2,0
2009-11-08,2009-10,Udinese,Fiorentina,0,1
2009-11-21,2009-10,Bologna,Inter,1,3
2009-11-21,2009-10,Fiorentina,Parma,2,3
2009-11-22,2009-10,Juventus,Udinese,1,0
2009-11-22,2009-10,Livorno,Genoa,2,1
2009-11-22,2009-10,Milan,Cagliari,4,3
2009-11-22,2009-10,Napoli,Lazio,0,0
2009-11-22,2009-10,Palermo,Catania,1,1
2009-11-22,2009-10,Roma,Bari,3,1
2009-11-22,2009-10,Sampdoria,Chievo,2,1
2009-11-22,2009-10,Siena,Atalanta,0,2
2009-11-28,2009-10,Genoa,Sampdoria,3,0
2009-11-28,2009-10,Udinese,Livorno,2,0
2009-11-29,2009-10,Atalanta,Roma,1,2
2009-11-29,2009-10,Bari,Siena,2,1
2009-11-29,2009-10,Cagliari,Juventus,2,0
2009-11-29,2009-10,Catania,Milan,0,2
2009-11-29,2009-10,Chievo,Palermo,1,0
2009-11-29,2009-10,Inter,Fiorentina,1,0
2009-11-29,2009-10,Lazio,Bologna,0,0
2009-11-29,2009-10,Parma,Napoli,1,1
2009-12-05,2009-10,Juventus,Inter,2,1
2009-12-05,2009-10,Milan,Sampdoria,3,0
2009-12-06,2009-10,Bologna,Udinese,2,1
2009-12-06,2009-10,Fiorentina,Atalanta,2,0
2009-12-06,2009-10,Genoa,Parma,2,2
2009-12-06,2009-10,Livorno,Chievo,0,2
2009-12-06,2009-10,Napoli,Bari,3,2
2009-12-06,2009-10,Palermo,Cagliari,2,1
2009-12-06,2009-10,Roma,Lazio,1,0
2009-12-06,2009-10,Siena,Catania,3,2
2009-12-12,2009-10,Bari,Juventus,3,1
2009-12-12,2009-10,Cagliari,Napoli,3,3
2009-12-13,2009-10,Atalanta,Inter,1,1
2009-12-13,2009-10,Catania,Livorno,0,1
2009-12-13,2009-10,Chievo,Fiorentina,2,1
2009-12-13,2009-10,Lazio,Genoa,1,0
2009-12-13,2009-10,Milan,Palermo,0,2
2009-12-13,2009-10,Parma,Bologna,2,1
2009-12-13,2009-10,Sampdoria,Roma,0,0
2009-12-13,2009-10,Siena,Udinese,2,1
2009-12-20,2009-10,Inter,Lazio,1,0
2009-12-20,2009-10,Juventus,Catania,1,2
2009-12-20,2009-10,Livorno,Sampdoria,3,1
2009-12-20,2009-10,Napoli,Chievo,2,0
2009-12-20,2009-10,Palermo,Siena,1,0
2009-12-20,2009-10,Roma,Parma,2,0
2010-01-06,2009-10,Atalanta,Napoli,0,2
2010-01-06,2009-10,Bari,Udinese,2,0
2010-01-06,2009-10,Cagliari,Roma,2,2
2010-01-06,2009-10,Catania,Bologna,1,0
2010-01-06,2009-10,Chievo,Inter,0,1
2010-01-06,2009-10,Lazio,Livorno,4,1
2010-01-06,2009-10,Milan,Genoa,5,2
2010-01-06,2009-10,Parma,Juventus,1,2
2010-01-06,2009-10,Sampdoria,Palermo,1,1
2010-01-06,2009-10,Siena,Fiorentina,1,5
2010-01-09,2009-10,Inter,Siena,4,3
2010-01-09,2009-10,Roma,Chievo,1,0
2010-01-10,2009-10,Bologna,Cagliari,0,1
2010-01-10,2009-10,Fiorentina,Bari,2,1
2010-01-10,2009-10,Genoa,Catania,2,0
2010-01-10,2009-10,Juventus,Milan,0,3
2010-01-10,2009-10,Livorno,Parma,2,1
2010-01-10,2009-10,Napoli,Sampdoria,1,0
2010-01-10,2009-10,Palermo,Atalanta,1,0
2010-01-10,2009-10,Udinese,Lazio,1,1
2010-01-16,2009-10,Bari,Inter,2,2
2010-01-16,2009-10,Cagliari,Livorno,3,0
2010-01-17,2009-10,Atalanta,Lazio,3,0
2010-01-17,2009-10,Chievo,Juventus,1,0
2010-01-17,2009-10,Fiorentina,Bologna,1,2
2010-01-17,2009-10,Milan,Siena,4,0
2010-01-17,2009-10,Napoli,Palermo,0,0
2010-01-17,2009-10,Parma,Udinese,0,0
2010-01-17,2009-10,Roma,Genoa,3,0
2010-01-17,2009-10,Sampdoria,Catania,1,1
2010-01-20,2009-10,Bologna,Atalanta,2,2
2010-01-20,2009-10,Genoa,Bari,1,1
2010-01-23,2009-10,Catania,Parma,3,0
2010-01-23,2009-10,Juventus,Roma,1,2
2010-01-24,2009-10,Bologna,Bari,2,1
2010-01-24,2009-10,Genoa,Atalanta,2,0
2010-01-24,2009-10,Inter,Milan,2,0
2010-01-24,2009-10,Lazio,Chievo,1,1
2010-01-24,2009-10,Livorno,Napoli,0,2
2010-01-24,2009-10,Palermo,Fiorentina,3,0
2010-01-24,2009-10,Siena,Cagliari,1,1
2010-01-24,2009-10,Udinese,Sampdoria,2,3
2010-01-30,2009-10,Bari,Palermo,4,2
2010-01-30,2009-10,Napoli,Genoa,0,0
2010-01-31,2009-10,Cagliari,Fiorentina,2,2
2010-01-31,2009-10,Catania,Udinese,1,1
2010-01-31,2009-10,Chievo,Bologna,1,1
2010-01-31,2009-10,Juventus,Lazio,1,1
2010-01-31,2009-10,Milan,Livorno,1,1
2010-01-31,2009-10,Roma,Siena,2,1
2010-01-31,2009-10,Sampdoria,Atalanta,2,0
2010-02-06,2009-10,Livorno,Juventus,1,1
2010-02-06,2009-10,Palermo,Parma,2,1
2010-02-07,2009-10,Atalanta,Bari,1,0
2010-02-07,2009-10,Bologna,Milan,0,0
2010-02-07,2009-10,Fiorentina,Roma,0,1
2010-02-07,2009-10,Genoa,Chievo,1,0
2010-02-07,2009-10,Inter,Cagliari,3,0
2010-02-07,2009-10,Lazio,Catania,0,1
2010-02-07,2009-10,Siena,Sampdoria,1,2
2010-02-07,2009-10,Udinese,Napoli,3,1
2010-02-10,2009-10,Parma,Inter,1,1
2010-02-12,2009-10,Milan,Udinese,3,2
2010-02-13,2009-10,Roma,Palermo,4,1
2010-02-13,2009-10,Sampdoria,Fiorentina,2,0
2010-02-14,2009-10,Cagliari,Bari,3,1
2010-02-14,2009-10,Catania,Atalanta,0,0
2010-02-14,2009-10,Chievo,Siena,0,1
2010-02-14,2009-10,Juventus,Genoa,3,2
2010-02-14,2009-10,Livorno,Bologna,0,1
2010-02-14,2009-10,Napoli,Inter,0,0
2010-02-14,2009-10,Parma,Lazio,0,2
2010-02-20,2009-10,Genoa,Udinese,3,0
2010-02-20,2009-10,Inter,Sampdoria,0,0
2010-02-21,2009-10,Atalanta,Chievo,0,1
2010-02-21,2009-10,Bari,Milan,0,2
2010-02-21,2009-10,Bologna,Juventus,1,2
2010-02-21,2009-10,Cagliari,Parma,2,0
2010-02-21,2009-10,Fiorentina,Livorno,2,1
2010-02-21,2009-10,Palermo,Lazio,3,1
2010-02-21,2009-10,Roma,Catania,1,0
2010-02-21,2009-10,Siena,Napoli,0,0
2010-02-24,2009-10,Fiorentina,Milan,1,2
2010-02-24,2009-10,Udinese,Cagliari,2,1
2010-02-27,2009-10,Catania,Bari,4,0
2010-02-27,2009-10,Lazio,Fiorentina,1,1
2010-02-28,2009-10,Chievo,Cagliari,2,1
2010-02-28,2009-10,Genoa,Bologna,3,4
2010-02-28,2009-10,Juventus,Palermo,0,2
2010-02-28,2009-10,Livorno,Siena,1,2
2010-02-28,2009-10,Milan,Atalanta,3,1
2010-02-28,2009-10,Napoli,Roma,2,2
2010-02-28,2009-10,Parma,Sampdoria,1,0
2010-02-28,2009-10,Udinese,Inter,2,3
2010-03-06,2009-10,Fiorentina,Juventus,1,2
2010-03-06,2009-10,Roma,Milan,0,0
2010-03-07,2009-10,Atalanta,Udinese,0,0
2010-03-07,2009-10,Bari,Chievo,1,0
2010-03-07,2009-10,Bologna,Napoli,2,1
2010-03-07,2009-10,Cagliari,Catania,2,2
2010-03-07,2009-10,Inter,Genoa,0,0
2010-03-07,2009-10,Palermo,Livorno,1,0
2010-03-07,2009-10,Sampdoria,Lazio,2,1
2010-03-07,2009-10,Siena,Parma,1,1
2010-03-12,2009-10,Catania,Inter,3,1
2010-03-13,2009-10,Napoli,Fiorentina,1,3
2010-03-14,2009-10,Bologna,Sampdoria,1,1
2010-03-14,2009-10,Genoa,Cagliari,5,3
2010-03-14,2009-10,Juventus,Siena,3,3
2010-03-14,2009-10,Lazio,Bari,0,2
2010-03-14,2009-10,Livorno,Roma,3,3
2010-03-14,2009-10,Milan,Chievo,1,0
2010-03-14,2009-10,Parma,Atalanta,1,0
2010-03-14,2009-10,Udinese,Palermo,3,2
2010-03-20,2009-10,Fiorentina,Genoa,3,0
2010-03-20,2009-10,Palermo,Inter,1,1
2010-03-20,2009-10,Roma,Udinese,4,2
2010-03-21,2009-10,Atalanta,Livorno,3,0
2010-03-21,2009-10,Bari,Parma,1,1
2010-03-21,2009-10,Cagliari,Lazio,0,2
2010-03-21,2009-10,Chievo,Catania,1,1
2010-03-21,2009-10,Milan,Napoli,1,1
2010-03-21,2009-10,Sampdoria,Juventus,1,0
2010-03-21,2009-10,Siena,Bologna,1,0
2010-03-24,2009-10,Atalanta,Cagliari,3,1
2010-03-24,2009-10,Bari,Sampdoria,2,1
2010-03-24,2009-10,Bologna,Roma,0,2
2010-03-24,2009-10,Catania,Fiorentina,1,0
2010-03-24,2009-10,Genoa,Palermo,2,2
2010-03-24,2009-10,Inter,Livorno,3,0
2010-03-24,2009-10,Lazio,Siena,2,0
2010-03-24,2009-10,Parma,Milan,1,0
2010-03-24,2009-10,Udinese,Chievo,0,0
2010-03-25,2009-10,Napoli,Juventus,3,1
2010-03-27,2009-10,Palermo,Bologna,3,1
2010-03-27,2009-10,Roma,Inter,2,1
2010-03-28,2009-10,Chievo,Parma,0,0
2010-03-28,2009-10,Fiorentina,Udinese,4,1
2010-03-28,2009-10,Juventus,Atalanta,2,1
2010-03-28,2009-10,Livorno,Bari,1,1
2010-03-28,2009-10,Milan,Lazio,1,1
2010-03-28,2009-10,Napoli,Catania,1,0
2010-03-28,2009-10,Sampdoria,Cagliari,1,1
2010-03-28,2009-10,Siena,Genoa,0,0
2010-04-03,2009-10,Atalanta,Siena,2,0
2010-04-03,2009-10,Bari,Roma,0,1
2010-04-03,2009-10,Cagliari,Milan,2,3
2010-04-03,2009-10,Catania,Palermo,2,0
2010-04-03,2009-10,Chievo,Sampdoria,1,2
2010-04-03,2009-10,Genoa,Livorno,1,1
2010-04-03,2009-10,Inter,Bologna,3,0
2010-04-03,2009-10,Lazio,Napoli,1,1
2010-04-03,2009-10,Parma,Fiorentina,1,1
2010-04-03,2009-10,Udinese,Juventus,3,0
2010-04-10,2009-10,Fiorentina,Inter,2,2
2010-04-10,2009-10,Napoli,Parma,2,3
2010-04-11,2009-10,Bologna,Lazio,2,3
2010-04-11,2009-10,Juventus,Cagliari,1,0
2010-04-11,2009-10,Livorno,Udinese,0,2
2010-04-11,2009-10,Milan,Catania,2,2
2010-04-11,2009-10,Palermo,Chievo,3,1
2010-04-11,2009-10,Roma,Atalanta,2,1
2010-04-11,2009-10,Sampdoria,Genoa,1,0
2010-04-11,2009-10,Siena,Bari,3,2
2010-04-16,2009-10,Inter,Juventus,2,0
2010-04-17,2009-10,Chievo,Livorno,2,0
2010-04-18,2009-10,Atalanta,Fiorentina,2,1
2010-04-18,2009-10,Bari,Napoli,1,2
2010-04-18,2009-10,Cagliari,Palermo,2,2
2010-04-18,2009-10,Catania,Siena,2,2
2010-04-18,2009-10,Lazio,Roma,1,2
2010-04-18,2009-10,Parma,Genoa,2,3
2010-04-18,2009-10,Sampdoria,Milan,2,1
2010-04-18,2009-10,Udinese,Bologna,1,1
2010-04-24,2009-10,Inter,Atalanta,3,1
2010-04-24,2009-10,Palermo,Milan,3,1
2010-04-25,2009-10,Bologna,Parma,2,1
2010-04-25,2009-10,Fiorentina,Chievo,0,2
2010-04-25,2009-10,Genoa,Lazio,1,2
2010-04-25,2009-10,Juventus,Bari,3,0
2010-04-25,2009-10,Livorno,Catania,3,1
2010-04-25,2009-10,Napoli,Cagliari,0,0
2010-04-25,2009-10,Roma,Sampdoria,1,2
2010-04-25,2009-10,Udinese,Siena,4,1
2010-05-01,2009-10,Milan,Fiorentina,1,0
2010-05-01,2009-10,Parma,Roma,1,2
2010-05-02,2009-10,Atalanta,Bologna,1,1
2010-05-02,2009-10,Bari,Genoa,3,0
2010-05-02,2009-10,Cagliari,Udinese,2,2
2010-05-02,2009-10,Catania,Juventus,1,1
2010-05-02,2009-10,Chievo,Napoli,1,2
2010-05-02,2009-10,Lazio,Inter,0,2
2010-05-02,2009-10,Sampdoria,Livorno,2,0
2010-05-02,2009-10,Siena,Palermo,1,2
2010-05-09,2009-10,Bologna,Catania,1,1
2010-05-09,2009-10,Fiorentina,Siena,1,1
2010-05-09,2009-10,Genoa,Milan,1,0
2010-05-09,2009-10,Inter,Chievo,4,3
2010-05-09,2009-10,Juventus,Parma,2,3
2010-05-09,2009-10,Livorno,Lazio,1,2
2010-05-09,2009-10,Napoli,Atalanta,2,0
2010-05-09,2009-10,Palermo,Sampdoria,1,1
2010-05-09,2009-10,Roma,Cagliari,2,1
2010-05-09,2009-10,Udinese,Bari,3,3
2010-05-15,2009-10,Lazio,Udinese,3,1
2010-05-15,2009-10,Milan,Juventus,3,0
2010-05-16,2009-10,Atalanta,Palermo,1,2
2010-05-16,2009-10,Bari,Fiorentina,2,0
2010-05-16,2009-10,Cagliari,Bologna,1,1
2010-05-16,2009-10,Catania,Genoa,1,0
2010-05-16,2009-10,Chievo,Roma,0,2
2010-05-16,2009-10,Parma,Livorno,4,1
2010-05-16,2009-10,Sampdoria,Napoli,1,0
2010-05-16,2009-10,Siena,Inter,0,1
2010-08-28,2010-11,Roma,Cesena,0,0
2010-08-28,2010-11,Udinese,Genoa,0,1
2010-08-29,2010-11,Bari,Juventus,1,0
2010-08-29,2010-11,Chievo,Catania,2,1
2010-08-29,2010-11,Fiorentina,Napoli,1,1
2010-08-29,2010-11,Milan,Lecce,4,0
2010-08-29,2010-11,Palermo,Cagliari,0,0
2010-08-29,2010-11,Parma,Brescia,2,0
2010-08-29,2010-11,Sampdoria,Lazio,2,0
2010-08-30,2010-11,Bologna,Inter,0,0
2010-09-11,2010-11,Cagliari,Roma,5,1
2010-09-11,2010-11,Cesena,Milan,2,0
2010-09-11,2010-11,Inter,Udinese,2,1
2010-09-12,2010-11,Brescia,Palermo,3,2
2010-09-12,2010-11,Catania,Parma,2,1
2010-09-12,2010-11,Genoa,Chievo,1,3
2010-09-12,2010-11,Juventus,Sampdoria,3,3
2010-09-12,2010-11,Lazio,Bologna,3,1
2010-09-12,2010-11,Lecce,Fiorentina,1,0
2010-09-12,2010-11,Napoli,Bari,2,2
2010-09-18,2010-11,Fiorentina,Lazio,1,2
2010-09-18,2010-11,Milan,Catania,1,1
2010-09-19,2010-11,Bari,Cagliari,0,0
2010-09-19,2010-11,Cesena,Lecce,1,0
2010-09-19,2010-11,Chievo,Brescia,0,1
2010-09-19,2010-11,Palermo,Inter,1,2
2010-09-19,2010-11,Parma,Genoa,1,1
2010-09-19,2010-11,Roma,Bologna,2,2
2010-09-19,2010-11,Sampdoria,Napoli,1,2
2010-09-19,2010-11,Udinese,Juventus,0,4
2010-09-22,2010-11,Bologna,Udinese,2,1
2010-09-22,2010-11,Brescia,Roma,2,1
2010-09-22,2010-11,Cagliari,Sampdoria,0,0
2010-09-22,2010-11,Catania,Cesena,2,0
2010-09-22,2010-11,Genoa,Fiorentina,1,1
2010-09-22,2010-11,Inter,Bari,4,0
2010-09-22,2010-11,Lazio,Milan,1,1
2010-09-22,2010-11,Lecce,Parma,1,1
2010-09-22,2010-11,Napoli,Chievo,1,3
2010-09-23,2010-11,Juventus,Palermo,1,3
2010-09-25,2010-11,Milan,Genoa,1,0
2010-09-25,2010-11,Roma,Inter,1,0
2010-09-26,2010-11,Bari,Brescia,2,1
2010-09-26,2010-11,Catania,Bologna,1,1
2010-09-26,2010-11,Cesena,Napoli,1,4
2010-09-26,2010-11,Chievo,Lazio,0,1
2010-09-26,2010-11,Fiorentina,Parma,2,0
2010-09-26,2010-11,Juventus,Cagliari,4,2
2010-09-26,2010-11,Palermo,Lecce,2,2
2010-09-26,2010-11,Sampdoria,Udinese,0,0
2010-10-02,2010-11,Parma,Milan,0,1
2010-10-02,2010-11,Udinese,Cesena,1,0
2010-10-03,2010-11,Bologna,Sampdoria,1,1
2010-10-03,2010-11,Chievo,Cagliari,0,0
2010-10-03,2010-11,Fiorentina,Palermo,1,2
2010-10-03,2010-11,Genoa,Bari,2,1
2010-10-03,2010-11,Inter,Juventus,0,0
2010-10-03,2010-11,Lazio,Brescia,1,0
2010-10-03,2010-11,Lecce,Catania,1,0
2010-10-03,2010-11,Napoli,Roma,2,0
2010-10-16,2010-11,Milan,Chievo,3,1
2010-10-16,2010-11,Roma,Genoa,2,1
2010-10-17,2010-11,Bari,Lazio,0,2
2010-10-17,2010-11,Brescia,Udinese,0,1
2010-10-17,2010-11,Cagliari,Inter,0,1
2010-10-17,2010-11,Catania,Napoli,1,1
2010-10-17,2010-11,Cesena,Parma,1,1
2010-10-17,2010-11,Juventus,Lecce,4,0
2010-10-17,2010-11,Palermo,Bologna,4,1
2010-10-17,2010-11,Sampdoria,Fiorentina,2,1
2010-10-23,2010-11,Fiorentina,Bari,2,1
2010-10-24,2010-11,Bologna,Juventus,0,0
2010-10-24,2010-11,Chievo,Cesena,2,1
2010-10-24,2010-11,Genoa,Catania,1,0
2010-10-24,2010-11,Inter,Sampdoria,1,1
2010-10-24,2010-11,Lazio,Cagliari,2,1
2010-10-24,2010-11,Lecce,Brescia,2,1
2010-10-24,2010-11,Parma,Roma,0,0
2010-10-24,2010-11,Udinese,Palermo,2,1
2010-10-25,2010-11,Napoli,Milan,1,2
2010-10-29,2010-11,Genoa,Inter,0,1
2010-10-30,2010-11,Milan,Juventus,1,2
2010-10-30,2010-11,Roma,Lecce,2,0
2010-10-31,2010-11,Bari,Udinese,0,2
2010-10-31,2010-11,Brescia,Napoli,0,1
2010-10-31,2010-11,Cagliari,Bologna,2,0
2010-10-31,2010-11,Catania,Fiorentina,0,0
2010-10-31,2010-11,Cesena,Sampdoria,0,1
2010-10-31,2010-11,Palermo,Lazio,0,1
2010-10-31,2010-11,Parma,Chievo,0,0
2010-11-06,2010-11,Bologna,Lecce,2,0
2010-11-06,2010-11,Inter,Brescia,1,1
2010-11-07,2010-11,Bari,Milan,2,3
2010-11-07,2010-11,Fiorentina,Chievo,1,0
2010-11-07,2010-11,Juventus,Cesena,3,1
2010-11-07,2010-11,Lazio,Roma,0,2
2010-11-07,2010-11,Napoli,Parma,2,0
2010-11-07,2010-11,Palermo,Genoa,1,0
2010-11-07,2010-11,Sampdoria,Catania,0,0
2010-11-07,2010-11,Udinese,Cagliari,1,1
2010-11-10,2010-11,Brescia,Juventus,1,1
2010-11-10,2010-11,Cagliari,Napoli,0,1
2010-11-10,2010-11,Catania,Udinese,1,0
2010-11-10,2010-11,Cesena,Lazio,1,0
2010-11-10,2010-11,Chievo,Bari,0,0
2010-11-10,2010-11,Genoa,Bologna,1,0
2010-11-10,2010-11,Lecce,Inter,1,1
2010-11-10,2010-11,Milan,Palermo,3,1
2010-11-10,2010-11,Roma,Fiorentina,3,2
2010-11-11,2010-11,Parma,Sampdoria,1,0
2010-11-13,2010-11,Fiorentina,Cesena,1,0
2010-11-13,2010-11,Juventus,Roma,1,1
2010-11-14,2010-11,Bari,Parma,0,1
2010-11-14,2010-11,Bologna,Brescia,1,0
2010-11-14,2010-11,Cagliari,Genoa,0,1
2010-11-14,2010-11,Inter,Milan,0,1
2010-11-14,2010-11,Lazio,Napoli,2,0
2010-11-14,2010-11,Palermo,Catania,3,1
2010-11-14,2010-11,Sampdoria,Chievo,0,0
2010-11-14,2010-11,Udinese,Lecce,4,0
2010-11-20,2010-11,Milan,Fiorentina,1,0
2010-11-20,2010-11,Roma,Udinese,2,0
2010-11-21,2010-11,Brescia,Cagliari,1,2
2010-11-21,2010-11,Catania,Bari,1,0
2010-11-21,2010-11,Cesena,Palermo,1,2
2010-11-21,2010-11,Chievo,Inter,2,1
2010-11-21,2010-11,Genoa,Juventus,0,2
2010-11-21,2010-11,Lecce,Sampdoria,2,3
2010-11-21,2010-11,Napoli,Bologna,4,1
2010-11-21,2010-11,Parma,Lazio,1,1
2010-11-27,2010-11,Juventus,Fiorentina,1,1
2010-11-27,2010-11,Sampdoria,Milan,1,1
2010-11-28,2010-11,Bari,Cesena,1,1
2010-11-28,2010-11,Brescia,Genoa,0,0
2010-11-28,2010-11,Cagliari,Lecce,3,2
2010-11-28,2010-11,Inter,Parma,5,2
2010-11-28,2010-11,Lazio,Catania,1,1
2010-11-28,2010-11,Palermo,Roma,3,1
2010-11-28,2010-11,Udinese,Napoli,3,1
2010-12-03,2010-11,Lazio,Inter,3,1
2010-12-04,2010-11,Chievo,Roma,2,2
2010-12-04,2010-11,Milan,Brescia,3,0
2010-12-05,2010-11,Catania,Juventus,1,3
2010-12-05,2010-11,Cesena,Bologna,0,2
2010-12-05,2010-11,Fiorentina,Cagliari,1,0
2010-12-05,2010-11,Lecce,Genoa,1,3
2010-12-05,2010-11,Parma,Udinese,2,1
2010-12-05,2010-11,Sampdoria,Bari,3,0
2010-12-06,2010-11,Napoli,Palermo,1,0
2010-12-08,2010-11,Bologna,Chievo,2,1
2010-12-11,2010-11,Genoa,Napoli,0,1
2010-12-11,2010-11,Palermo,Parma,3,1
2010-12-11,2010-11,Udinese,Fiorentina,2,1
2010-12-12,2010-11,Bologna,Milan,0,3
2010-12-12,2010-11,Brescia,Sampdoria,1,0
2010-12-12,2010-11,Cagliari,Catania,3,0
2010-12-12,2010-11,Juventus,Lazio,2,1
2010-12-12,2010-11,Lecce,Chievo,3,2
2010-12-12,2010-11,Roma,Bari,1,0
2010-12-18,2010-11,Cesena,Cagliari,1,0
2010-12-18,2010-11,Milan,Roma,0,1
2010-12-19,2010-11,Bari,Palermo,1,1
2010-12-19,2010-11,Catania,Brescia,1,0
2010-12-19,2010-11,Chievo,Juventus,1,1
2010-12-19,2010-11,Lazio,Udinese,3,2
2010-12-19,2010-11,Napoli,Lecce,1,0
2010-12-19,2010-11,Parma,Bologna,0,0
2011-01-06,2010-11,Bologna,Fiorentina,1,1
2011-01-06,2010-11,Brescia,Cesena,1,2
2011-01-06,2010-11,Cagliari,Milan,0,1
2011-01-06,2010-11,Genoa,Lazio,0,0
2011-01-06,2010-11,Inter,Napoli,3,1
2011-01-06,2010-11,Juventus,Parma,1,4
2011-01-06,2010-11,Lecce,Bari,0,1
2011-01-06,2010-11,Palermo,Sampdoria,3,0
2011-01-06,2010-11,Roma,Catania,4,2
2011-01-06,2010-11,Udinese,Chievo,2,0
2011-01-09,2010-11,Bari,Bologna,0,2
2011-01-09,2010-11,Catania,Inter,1,2
2011-01-09,2010-11,Cesena,Genoa,0,0
2011-01-09,2010-11,Chievo,Palermo,0,0
2011-01-09,2010-11,Fiorentina,Brescia,3,2
2011-01-09,2010-11,Lazio,Lecce,1,2
2011-01-09,2010-11,Milan,Udinese,4,4
2011-01-09,2010-11,Napoli,Juventus,3,0
2011-01-09,2010-11,Parma,Cagliari,1,2
2011-01-09,2010-11,Sampdoria,Roma,2,1
2011-01-15,2010-11,Inter,Bologna,4,1
2011-01-15,2010-11,Napoli,Fiorentina,0,0
2011-01-16,2010-11,Brescia,Parma,2,0
2011-01-16,2010-11,Cagliari,Palermo,3,1
2011-01-16,2010-11,Catania,Chievo,1,1
2011-01-16,2010-11,Cesena,Roma,0,1
2011-01-16,2010-11,Genoa,Udinese,2,4
2011-01-16,2010-11,Juventus,Bari,2,1
2011-01-16,2010-11,Lazio,Sampdoria,1,0
2011-01-16,2010-11,Lecce,Milan,1,1
2011-01-19,2010-11,Inter,Cesena,3,2
2011-01-22,2010-11,Chievo,Genoa,0,0
2011-01-22,2010-11,Palermo,Brescia,1,0
2011-01-22,2010-11,Parma,Catania,2,0
2011-01-22,2010-11,Roma,Cagliari,3,0
2011-01-23,2010-11,Bari,Napoli,0,2
2011-01-23,2010-11,Bologna,Lazio,3,1
2011-01-23,2010-11,Fiorentina,Lecce,1,1
2011-01-23,2010-11,Milan,Cesena,2,0
2011-01-23,2010-11,Sampdoria,Juventus,0,0
2011-01-23,2010-11,Udinese,Inter,3,1
2011-01-29,2010-11,Catania,Milan,0,2
2011-01-29,2010-11,Lazio,Fiorentina,2,0
2011-01-30,2010-11,Brescia,Chievo,0,3
2011-01-30,2010-11,Cagliari,Bari,2,1
2011-01-30,2010-11,Genoa,Parma,3,1
2011-01-30,2010-11,Inter,Palermo,3,2
2011-01-30,2010-11,Juventus,Udinese,1,2
2011-01-30,2010-11,Lecce,Cesena,1,1
2011-01-30,2010-11,Napoli,Sampdoria,4,0
2011-02-01,2010-11,Milan,Lazio,0,0
2011-02-02,2010-11,Cesena,Catania,1,1
2011-02-02,2010-11,Chievo,Napoli,2,0
2011-02-02,2010-11,Fiorentina,Genoa,1,0
2011-02-02,2010-11,Palermo,Juventus,2,1
2011-02-02,2010-11,Parma,Lecce,0,1
2011-02-02,2010-11,Roma,Brescia,1,1
2011-02-02,2010-11,Sampdoria,Cagliari,0,1
2011-02-02,2010-11,Udinese,Bologna,1,1
2011-02-03,2010-11,Bari,Inter,0,3
2011-02-05,2010-11,Cagliari,Juventus,1,3
2011-02-05,2010-11,Udinese,Sampdoria,2,0
2011-02-06,2010-11,Bologna,Catania,1,0
2011-02-06,2010-11,Brescia,Bari,2,0
2011-02-06,2010-11,Genoa,Milan,1,1
2011-02-06,2010-11,Inter,Roma,5,3
2011-02-06,2010-11,Lazio,Chievo,1,1
2011-02-06,2010-11,Lecce,Palermo,2,4
2011-02-06,2010-11,Napoli,Cesena,2,0
2011-02-06,2010-11,Parma,Fiorentina,1,1
2011-02-12,2010-11,Milan,Parma,4,0
2011-02-12,2010-11,Roma,Napoli,0,2
2011-02-13,2010-11,Bari,Genoa,0,0
2011-02-13,2010-11,Brescia,Lazio,0,2
2011-02-13,2010-11,Cagliari,Chievo,4,1
2011-02-13,2010-11,Catania,Lecce,3,2
2011-02-13,2010-11,Cesena,Udinese,0,3
2011-02-13,2010-11,Juventus,Inter,1,0
2011-02-13,2010-11,Palermo,Fiorentina,2,4
2011-02-13,2010-11,Sampdoria,Bologna,3,1
2011-02-16,2010-11,Fiorentina,Inter,1,2
2011-02-16,2010-11,Sampdoria,Genoa,0,1
2011-02-19,2010-11,Bologna,Palermo,1,0
2011-02-19,2010-11,Inter,Cagliari,1,0
2011-02-20,2010-11,Chievo,Milan,1,2
2011-02-20,2010-11,Fiorentina,Sampdoria,0,0
2011-02-20,2010-11,Genoa,Roma,4,3
2011-02-20,2010-11,Lazio,Bari,1,0
2011-02-20,2010-11,Lecce,Juventus,2,0
2011-02-20,2010-11,Napoli,Catania,1,0
2011-02-20,2010-11,Parma,Cesena,2,2
2011-02-20,2010-11,Udinese,Brescia,0,0
2011-02-23,2010-11,Bologna,Roma,0,1
2011-02-26,2010-11,Juventus,Bologna,0,2
2011-02-27,2010-11,Bari,Fiorentina,1,1
2011-02-27,2010-11,Brescia,Lecce,2,2
2011-02-27,2010-11,Cagliari,Lazio,1,0
2011-02-27,2010-11,Catania,Genoa,2,1
2011-02-27,2010-11,Cesena,Chievo,1,0
2011-02-27,2010-11,Palermo,Udinese,0,7
2011-02-27,2010-11,Roma,Parma,2,2
2011-02-27,2010-11,Sampdoria,Inter,0,2
2011-02-28,2010-11,Milan,Napoli,3,0
2011-03-04,2010-11,Lecce,Roma,1,2
2011-03-05,2010-11,Juventus,Milan,0,1
2011-03-06,2010-11,Bologna,Cagliari,2,2
2011-03-06,2010-11,Chievo,Parma,0,0
2011-03-06,2010-11,Fiorentina,Catania,3,0
2011-03-06,2010-11,Inter,Genoa,5,2
2011-03-06,2010-11,Lazio,Palermo,2,0
2011-03-06,2010-11,Napoli,Brescia,0,0
2011-03-06,2010-11,Sampdoria,Cesena,2,3
2011-03-06,2010-11,Udinese,Bari,1,0
2011-03-11,2010-11,Brescia,Inter,1,1
2011-03-12,2010-11,Cesena,Juventus,2,2
2011-03-13,2010-11,Cagliari,Udinese,0,4
2011-03-13,2010-11,Catania,Sampdoria,1,0
2011-03-13,2010-11,Chievo,Fiorentina,0,1
2011-03-13,2010-11,Genoa,Palermo,1,0
2011-03-13,2010-11,Lecce,Bologna,0,1
2011-03-13,2010-11,Milan,Bari,1,1
2011-03-13,2010-11,Parma,Napoli,1,3
2011-03-13,2010-11,Roma,Lazio,2,0
2011-03-19,2010-11,Lazio,Cesena,1,0
2011-03-19,2010-11,Palermo,Milan,1,0
2011-03-20,2010-11,Bari,Chievo,1,2
2011-03-20,2010-11,Bologna,Genoa,1,1
2011-03-20,2010-11,Fiorentina,Roma,2,2
2011-03-20,2010-11,Inter,Lecce,1,0
2011-03-20,2010-11,Juventus,Brescia,2,1
2011-03-20,2010-11,Napoli,Cagliari,2,1
2011-03-20,2010-11,Sampdoria,Parma,0,1
2011-03-20,2010-11,Udinese,Catania,2,0
2011-04-02,2010-11,Brescia,Bologna,3,1
2011-04-02,2010-11,Milan,Inter,3,0
2011-04-03,2010-11,Catania,Palermo,4,0
2011-04-03,2010-11,Cesena,Fiorentina,2,2
2011-04-03,2010-11,Chievo,Sampdoria,0,0
2011-04-03,2010-11,Genoa,Cagliari,0,1
2011-04-03,2010-11,Lecce,Udinese,2,0
2011-04-03,2010-11,Napoli,Lazio,4,3
2011-04-03,2010-11,Parma,Bari,1,2
2011-04-03,2010-11,Roma,Juventus,0,2
2011-04-09,2010-11,Inter,Chievo,2,0
2011-04-09,2010-11,Udinese,Roma,1,2
2011-04-10,2010-11,Bari,Catania,1,1
2011-04-10,2010-11,Bologna,Napoli,0,2
2011-04-10,2010-11,Cagliari,Brescia,1,1
2011-04-10,2010-11,Fiorentina,Milan,1,2
2011-04-10,2010-11,Juventus,Genoa,3,2
2011-04-10,2010-11,Lazio,Parma,2,0
2011-04-10,2010-11,Palermo,Cesena,2,2
2011-04-10,2010-11,Sampdoria,Lecce,1,2
2011-04-16,2010-11,Milan,Sampdoria,3,0
2011-04-16,2010-11,Parma,Inter,2,0
2011-04-16,2010-11,Roma,Palermo,2,3
2011-04-17,2010-11,Catania,Lazio,1,4
2011-04-17,2010-11,Cesena,Bari,1,0
2011-04-17,2010-11,Chievo,Bologna,2,0
2011-04-17,2010-11,Fiorentina,Juventus,0,0
2011-04-17,2010-11,Genoa,Brescia,3,0
2011-04-17,2010-11,Lecce,Cagliari,3,3
2011-04-17,2010-11,Napoli,Udinese,1,2
2011-04-23,2010-11,Bari,Sampdoria,0,1
2011-04-23,2010-11,Bologna,Cesena,0,2
2011-04-23,2010-11,Brescia,Milan,0,1
2011-04-23,2010-11,Cagliari,Fiorentina,1,2
2011-04-23,2010-11,Genoa,Lecce,4,2
2011-04-23,2010-11,Inter,Lazio,2,1
2011-04-23,2010-11,Juventus,Catania,2,2
2011-04-23,2010-11,Palermo,Napoli,2,1
2011-04-23,2010-11,Roma,Chievo,1,0
2011-04-23,2010-11,Udinese,Parma,0,2
2011-04-30,2010-11,Cesena,Inter,1,2
2011-04-30,2010-11,Napoli,Genoa,1,0
2011-05-01,2010-11,Bari,Roma,2,3
2011-05-01,2010-11,Catania,Cagliari,2,0
2011-05-01,2010-11,Chievo,Lecce,1,0
2011-05-01,2010-11,Fiorentina,Udinese,5,2
2011-05-01,2010-11,Milan,Bologna,1,0
2011-05-01,2010-11,Parma,Palermo,3,1
2011-05-01,2010-11,Sampdoria,Brescia,3,3
2011-05-02,2010-11,Lazio,Juventus,0,1
2011-05-07,2010-11,Palermo,Bari,2,1
2011-05-07,2010-11,Roma,Milan,0,0
2011-05-08,2010-11,Bologna,Parma,0,0
2011-05-08,2010-11,Brescia,Catania,1,2
2011-05-08,2010-11,Cagliari,Cesena,0,2
2011-05-08,2010-11,Genoa,Sampdoria,2,1
2011-05-08,2010-11,Inter,Fiorentina,3,1
2011-05-08,2010-11,Lecce,Napoli,2,1
2011-05-08,2010-11,Udinese,Lazio,2,1
2011-05-09,2010-11,Juventus,Chievo,2,2
2011-05-14,2010-11,Lazio,Genoa,4,2
2011-05-14,2010-11,Milan,Cagliari,4,1
2011-05-15,2010-11,Bari,Lecce,0,2
2011-05-15,2010-11,Catania,Roma,2,1
2011-05-15,2010-11,Cesena,Brescia,1,0
2011-05-15,2010-11,Chievo,Udinese,0,2
2011-05-15,2010-11,Fiorentina,Bologna,1,1
2011-05-15,2010-11,Napoli,Inter,1,1
2011-05-15,2010-11,Parma,Juventus,1,0
2011-05-15,2010-11,Sampdoria,Palermo,1,2
2011-05-22,2010-11,Bologna,Bari,0,4
2011-05-22,2010-11,Brescia,Fiorentina,2,2
2011-05-22,2010-11,Cagliari,Parma,1,1
2011-05-22,2010-11,Genoa,Cesena,3,2
2011-05-22,2010-11,Inter,Catania,3,1
2011-05-22,2010-11,Juventus,Napoli,2,2
2011-05-22,2010-11,Lecce,Lazio,2,4
2011-05-22,2010-11,Palermo,Chievo,1,3
2011-05-22,2010-11,Roma,Sampdoria,3,1
2011-05-22,2010-11,Udinese,Milan,0,0
2011-09-09,2011-12,Milan,Lazio,2,2
2011-09-10,2011-12,Cesena,Napoli,1,3
2011-09-11,2011-12,Catania,Siena,0,0
2011-09-11,2011-12,Chievo,Novara,2,2
2011-09-11,2011-12,Fiorentina,Bologna,2,0
2011-09-11,2011-12,Genoa,Atalanta,2,2
2011-09-11,2011-12,Juventus,Parma,4,1
2011-09-11,2011-12,Lecce,Udinese,0,2
2011-09-11,2011-12,Palermo,Inter,4,3
2011-09-11,2011-12,Roma,Cagliari,1,2
2011-09-17,2011-12,Cagliari,Novara,2,1
2011-09-17,2011-12,Inter,Roma,0,0
2011-09-18,2011-12,Atalanta,Palermo,1,0
2011-09-18,2011-12,Bologna,Lecce,0,2
2011-09-18,2011-12,Catania,Cesena,1,0
2011-09-18,2011-12,Lazio,Genoa,1,2
2011-09-18,2011-12,Napoli,Milan,3,1
2011-09-18,2011-12,Parma,Chievo,2,1
2011-09-18,2011-12,Siena,Juventus,0,1
2011-09-18,2011-12,Udinese,Fiorentina,2,0
2011-09-20,2011-12,Novara,Inter,3,1
2011-09-21,2011-12,Cesena,Lazio,1,2
2011-09-21,2011-12,Chievo,Napoli,1,0
2011-09-21,2011-12,Fiorentina,Parma,3,0
2011-09-21,2011-12,Genoa,Catania,3,0
2011-09-21,2011-12,Juventus,Bologna,1,1
2011-09-21,2011-12,Lecce,Atalanta,1,2
2011-09-21,2011-12,Milan,Udinese,1,1
2011-09-21,2011-12,Palermo,Cagliari,3,2
2011-09-22,2011-12,Roma,Siena,1,1
2011-09-24,2011-12,Bologna,Inter,1,3
2011-09-24,2011-12,Milan,Cesena,1,0
2011-09-24,2011-12,Napoli,Fiorentina,0,0
2011-09-25,2011-12,Atalanta,Novara,2,1
2011-09-25,2011-12,Cagliari,Udinese,0,0
2011-09-25,2011-12,Catania,Juventus,1,1
2011-09-25,2011-12,Chievo,Genoa,2,1
2011-09-25,2011-12,Lazio,Palermo,0,0
2011-09-25,2011-12,Parma,Roma,0,1
2011-09-25,2011-12,Siena,Lecce,3,0
2011-10-01,2011-12,Inter,Napoli,0,3
2011-10-01,2011-12,Roma,Atalanta,3,1
2011-10-02,2011-12,Cesena,Chievo,0,0
2011-10-02,2011-12,Fiorentina,Lazio,1,2
2011-10-02,2011-12,Juventus,Milan,2,0
2011-10-02,2011-12,Lecce,Cagliari,0,2
2011-10-02,2011-12,Novara,Catania,3,3
2011-10-02,2011-12,Palermo,Siena,2,0
2011-10-02,2011-12,Parma,Genoa,3,1
2011-10-02,2011-12,Udinese,Bologna,2,0
2011-10-15,2011-12,Catania,Inter,2,1
2011-10-15,2011-12,Milan,Palermo,3,0
2011-10-15,2011-12,Napoli,Parma,1,2
2011-10-16,2011-12,Atalanta,Udinese,0,0
2011-10-16,2011-12,Cagliari,Siena,0,0
2011-10-16,2011-12,Cesena,Fiorentina,0,0
2011-10-16,2011-12,Chievo,Juventus,0,0
2011-10-16,2011-12,Genoa,Lecce,0,0
2011-10-16,2011-12,Lazio,Roma,2,1
2011-10-16,2011-12,Novara,Bologna,0,2
2011-10-22,2011-12,Fiorentina,Catania,2,2
2011-10-22,2011-12,Juventus,Genoa,2,2
2011-10-23,2011-12,Bologna,Lazio,0,2
2011-10-23,2011-12,Cagliari,Napoli,0,0
2011-10-23,2011-12,Inter,Chievo,1,0
2011-10-23,2011-12,Lecce,Milan,3,4
2011-10-23,2011-12,Parma,Atalanta,1,2
2011-10-23,2011-12,Roma,Palermo,1,0
2011-10-23,2011-12,Siena,Cesena,2,0
2011-10-23,2011-12,Udinese,Novara,3,0
2011-10-25,2011-12,Juventus,Fiorentina,2,1
2011-10-26,2011-12,Atalanta,Inter,1,1
2011-10-26,2011-12,Cesena,Cagliari,1,1
2011-10-26,2011-12,Chievo,Bologna,0,1
2011-10-26,2011-12,Genoa,Roma,2,1
2011-10-26,2011-12,Lazio,Catania,1,1
2011-10-26,2011-12,Milan,Parma,4,1
2011-10-26,2011-12,Napoli,Udinese,2,0
2011-10-26,2011-12,Novara,Siena,1,1
2011-10-27,2011-12,Palermo,Lecce,2,0
2011-10-29,2011-12,Catania,Napoli,2,1
2011-10-29,2011-12,Inter,Juventus,1,2
2011-10-29,2011-12,Roma,Milan,2,3
2011-10-30,2011-12,Bologna,Atalanta,3,1
2011-10-30,2011-12,Cagliari,Lazio,0,3
2011-10-30,2011-12,Fiorentina,Genoa,1,0
2011-10-30,2011-12,Lecce,Novara,1,1
2011-10-30,2011-12,Parma,Cesena,2,0
2011-10-30,2011-12,Siena,Chievo,4,1
2011-10-30,2011-12,Udinese,Palermo,1,0
2011-11-05,2011-12,Novara,Roma,0,2
2011-11-05,2011-12,Palermo,Bologna,3,1
2011-11-06,2011-12,Atalanta,Cagliari,1,0
2011-11-06,2011-12,Cesena,Lecce,0,1
2011-11-06,2011-12,Chievo,Fiorentina,1,0
2011-11-06,2011-12,Lazio,Parma,1,0
2011-11-06,2011-12,Milan,Catania,4,0
2011-11-06,2011-12,Udinese,Siena,2,1
2011-11-19,2011-12,Fiorentina,Milan,0,0
2011-11-19,2011-12,Inter,Cagliari,2,1
2011-11-19,2011-12,Napoli,Lazio,0,0
2011-11-20,2011-12,Bologna,Cesena,0,1
2011-11-20,2011-12,Catania,Chievo,1,2
2011-11-20,2011-12,Genoa,Novara,1,0
2011-11-20,2011-12,Juventus,Palermo,3,0
2011-11-20,2011-12,Parma,Udinese,2,0
2011-11-20,2011-12,Roma,Lecce,2,1
2011-11-20,2011-12,Siena,Atalanta,2,2
2011-11-25,2011-12,Udinese,Roma,2,0
2011-11-26,2011-12,Atalanta,Napoli,1,1
2011-11-26,2011-12,Lazio,Juventus,0,1
2011-11-26,2011-12,Lecce,Catania,0,1
2011-11-26,2011-12,Novara,Parma,2,1
2011-11-27,2011-12,Cagliari,Bologna,1,1
2011-11-27,2011-12,Cesena,Genoa,2,0
2011-11-27,2011-12,Milan,Chievo,4,0
2011-11-27,2011-12,Palermo,Fiorentina,2,0
2011-11-27,2011-12,Siena,Inter,0,1
2011-11-29,2011-12,Napoli,Juventus,3,3
2011-12-02,2011-12,Genoa,Milan,0,2
2011-12-03,2011-12,Inter,Udinese,0,1
2011-12-03,2011-12,Napoli,Lecce,4,2
2011-12-04,2011-12,Bologna,Siena,1,0
2011-12-04,2011-12,Catania,Cagliari,0,1
2011-12-04,2011-12,Chievo,Atalanta,0,0
2011-12-04,2011-12,Fiorentina,Roma,3,0
2011-12-04,2011-12,Juventus,Cesena,2,0
2011-12-04,2011-12,Parma,Palermo,0,0
2011-12-05,2011-12,Lazio,Novara,3,0
2011-12-10,2011-12,Inter,Fiorentina,2,0
2011-12-10,2011-12,Lecce,Lazio,2,3
2011-12-10,2011-12,Palermo,Cesena,0,1
2011-12-10,2011-12,Siena,Genoa,0,2
2011-12-11,2011-12,Atalanta,Catania,1,1
2011-12-11,2011-12,Bologna,Milan,2,2
2011-12-11,2011-12,Cagliari,Parma,0,0
2011-12-11,2011-12,Novara,Napoli,1,1
2011-12-11,2011-12,Udinese,Chievo,2,1
2011-12-12,2011-12,Roma,Juventus,1,1
2011-12-13,2011-12,Genoa,Inter,0,1
2011-12-17,2011-12,Chievo,Cagliari,2,0
2011-12-17,2011-12,Fiorentina,Atalanta,2,2
2011-12-17,2011-12,Milan,Siena,2,0
2011-12-18,2011-12,Catania,Palermo,2,0
2011-12-18,2011-12,Cesena,Inter,0,1
2011-12-18,2011-12,Genoa,Bologna,2,1
2011-12-18,2011-12,Juventus,Novara,2,0
2011-12-18,2011-12,Lazio,Udinese,2,2
2011-12-18,2011-12,Napoli,Roma,1,3
2011-12-18,2011-12,Parma,Lecce,3,3
2011-12-20,2011-12,Cagliari,Milan,0,2
2011-12-20,2011-12,Siena,Fiorentina,0,0
2011-12-21,2011-12,Atalanta,Cesena,4,1
2011-12-21,2011-12,Bologna,Roma,0,2
2011-12-21,2011-12,Inter,Lecce,4,1
2011-12-21,2011-12,Lazio,Chievo,0,0
2011-12-21,2011-12,Napoli,Genoa,6,1
2011-12-21,2011-12,Novara,Palermo,2,2
2011-12-21,2011-12,Parma,Catania,3,3
2011-12-21,2011-12,Udinese,Juventus,0,0
2012-01-07,2011-12,Inter,Parma,5,0
2012-01-07,2011-12,Siena,Lazio,4,0
2012-01-08,2011-12,Atalanta,Milan,0,2
2012-01-08,2011-12,Bologna,Catania,2,0
2012-01-08,2011-12,Cagliari,Genoa,3,0
2012-01-08,2011-12,Lecce,Juventus,0,1
2012-01-08,2011-12,Novara,Fiorentina,0,3
2012-01-08,2011-12,Palermo,Napoli,1,3
2012-01-08,2011-12,Roma,Chievo,2,0
2012-01-08,2011-12,Udinese,Cesena,4,1
2012-01-15,2011-12,Cesena,Novara,3,1
2012-01-15,2011-12,Chievo,Palermo,1,0
2012-01-15,2011-12,Fiorentina,Lecce,0,1
2012-01-15,2011-12,Genoa,Udinese,3,2
2012-01-15,2011-12,Juventus,Cagliari,1,1
2012-01-15,2011-12,Lazio,Atalanta,2,0
2012-01-15,2011-12,Milan,Inter,0,1
2012-01-15,2011-12,Parma,Siena,3,1
2012-01-16,2011-12,Napoli,Bologna,1,1
2012-01-21,2011-12,Atalanta,Juventus,0,2
2012-01-21,2011-12,Roma,Cesena,5,1
2012-01-22,2011-12,Bologna,Parma,0,0
2012-01-22,2011-12,Cagliari,Fiorentina,0,0
2012-01-22,2011-12,Inter,Lazio,2,1
2012-01-22,2011-12,Lecce,Chievo,2,2
2012-01-22,2011-12,Novara,Milan,0,3
2012-01-22,2011-12,Palermo,Genoa,5,3
2012-01-22,2011-12,Siena,Napoli,1,1
2012-01-22,2011-12,Udinese,Catania,2,1
2012-01-28,2011-12,Catania,Parma,1,1
2012-01-28,2011-12,Juventus,Udinese,2,1
2012-01-29,2011-12,Cesena,Atalanta,0,1
2012-01-29,2011-12,Chievo,Lazio,0,3
2012-01-29,2011-12,Fiorentina,Siena,2,1
2012-01-29,2011-12,Genoa,Napoli,3,2
2012-01-29,2011-12,Lecce,Inter,1,0
2012-01-29,2011-12,Milan,Cagliari,3,0
2012-01-29,2011-12,Palermo,Novara,2,0
2012-01-29,2011-12,Roma,Bologna,1,1
2012-02-01,2011-12,Cagliari,Roma,4,2
2012-02-01,2011-12,Inter,Palermo,4,4
2012-02-01,2011-12,Lazio,Milan,2,0
2012-02-01,2011-12,Napoli,Cesena,0,0
2012-02-01,2011-12,Udinese,Lecce,2,1
2012-02-02,2011-12,Novara,Chievo,1,2
2012-02-04,2011-12,Roma,Inter,4,0
2012-02-05,2011-12,Chievo,Parma,1,2
2012-02-05,2011-12,Fiorentina,Udinese,3,2
2012-02-05,2011-12,Genoa,Lazio,3,2
2012-02-05,2011-12,Juventus,Siena,0,0
2012-02-05,2011-12,Lecce,Bologna,0,0
2012-02-05,2011-12,Milan,Napoli,0,0
2012-02-05,2011-12,Novara,Cagliari,0,0
2012-02-05,2011-12,Palermo,Atalanta,2,1
2012-02-08,2011-12,Catania,Roma,1,1
2012-02-09,2011-12,Lazio,Cesena,3,2
2012-02-11,2011-12,Cagliari,Palermo,2,1
2012-02-11,2011-12,Udinese,Milan,1,2
2012-02-12,2011-12,Atalanta,Lecce,0,0
2012-02-12,2011-12,Catania,Genoa,4,0
2012-02-12,2011-12,Inter,Novara,0,1
2012-02-13,2011-12,Napoli,Chievo,2,0
2012-02-13,2011-12,Siena,Roma,1,0
2012-02-15,2011-12,Atalanta,Genoa,1,0
2012-02-15,2011-12,Parma,Juventus,0,0
2012-02-17,2011-12,Fiorentina,Napoli,0,3
2012-02-17,2011-12,Inter,Bologna,0,3
2012-02-18,2011-12,Juventus,Catania,3,1
2012-02-19,2011-12,Cesena,Milan,1,3
2012-02-19,2011-12,Genoa,Chievo,0,1
2012-02-19,2011-12,Lecce,Siena,4,1
2012-02-19,2011-12,Novara,Atalanta,0,0
2012-02-19,2011-12,Palermo,Lazio,5,1
2012-02-19,2011-12,Roma,Parma,1,0
2012-02-19,2011-12,Udinese,Cagliari,0,0
2012-02-21,2011-12,Bologna,Fiorentina,2,0
2012-02-22,2011-12,Siena,Catania,0,1
2012-02-25,2011-12,Genoa,Parma,2,2
2012-02-25,2011-12,Milan,Juventus,1,1
2012-02-26,2011-12,Atalanta,Roma,4,1
2012-02-26,2011-12,Bologna,Udinese,1,3
2012-02-26,2011-12,Cagliari,Lecce,1,2
2012-02-26,2011-12,Catania,Novara,3,1
2012-02-26,2011-12,Chievo,Cesena,1,0
2012-02-26,2011-12,Lazio,Fiorentina,1,0
2012-02-26,2011-12,Napoli,Inter,1,0
2012-02-26,2011-12,Siena,Palermo,4,1
2012-03-03,2011-12,Juventus,Chievo,1,1
2012-03-03,2011-12,Palermo,Milan,0,4
2012-03-04,2011-12,Bologna,Novara,1,0
2012-03-04,2011-12,Fiorentina,Cesena,2,0
2012-03-04,2011-12,Inter,Catania,2,2
2012-03-04,2011-12,Lecce,Genoa,2,2
2012-03-04,2011-12,Parma,Napoli,1,2
2012-03-04,2011-12,Roma,Lazio,1,2
2012-03-04,2011-12,Siena,Cagliari,3,0
2012-03-04,2011-12,Udinese,Atalanta,0,0
2012-03-07,2011-12,Bologna,Juventus,1,1
2012-03-07,2011-12,Cesena,Catania,0,0
2012-03-07,2011-12,Parma,Fiorentina,2,2
2012-03-09,2011-12,Chievo,Inter,0,2
2012-03-09,2011-12,Napoli,Cagliari,6,3
2012-03-10,2011-12,Palermo,Roma,0,1
2012-03-11,2011-12,Atalanta,Parma,1,1
2012-03-11,2011-12,Catania,Fiorentina,1,0
2012-03-11,2011-12,Cesena,Siena,0,2
2012-03-11,2011-12,Genoa,Juventus,0,0
2012-03-11,2011-12,Lazio,Bologna,1,3
2012-03-11,2011-12,Milan,Lecce,2,0
2012-03-11,2011-12,Novara,Udinese,1,0
2012-03-17,2011-12,Fiorentina,Juventus,0,5
2012-03-17,2011-12,Parma,Milan,0,2
2012-03-18,2011-12,Bologna,Chievo,2,2
2012-03-18,2011-12,Cagliari,Cesena,3,0
2012-03-18,2011-12,Catania,Lazio,1,0
2012-03-18,2011-12,Inter,Atalanta,0,0
2012-03-18,2011-12,Lecce,Palermo,1,1
2012-03-18,2011-12,Siena,Novara,0,2
2012-03-18,2011-12,Udinese,Napoli,2,2
2012-03-19,2011-12,Roma,Genoa,1,0
2012-03-24,2011-12,Milan,Roma,2,1
2012-03-24,2011-12,Palermo,Udinese,1,1
2012-03-25,2011-12,Atalanta,Bologna,2,0
2012-03-25,2011-12,Cesena,Parma,2,2
2012-03-25,2011-12,Chievo,Siena,1,1
2012-03-25,2011-12,Genoa,Fiorentina,2,2
2012-03-25,2011-12,Juventus,Inter,2,0
2012-03-25,2011-12,Lazio,Cagliari,1,0
2012-03-25,2011-12,Napoli,Catania,2,2
2012-03-25,2011-12,Novara,Lecce,0,0
2012-03-31,2011-12,Catania,Milan,1,1
2012-03-31,2011-12,Parma,Lazio,3,1
2012-04-01,2011-12,Bologna,Palermo,1,3
2012-04-01,2011-12,Cagliari,Atalanta,2,0
2012-04-01,2011-12,Fiorentina,Chievo,1,2
2012-04-01,2011-12,Inter,Genoa,5,4
2012-04-01,2011-12,Juventus,Napoli,3,0
2012-04-01,2011-12,Lecce,Cesena,0,0
2012-04-01,2011-12,Roma,Novara,5,2
2012-04-01,2011-12,Siena,Udinese,1,0
2012-04-07,2011-12,Atalanta,Siena,1,2
2012-04-07,2011-12,Cagliari,Inter,2,2
2012-04-07,2011-12,Cesena,Bologna,0,0
2012-04-07,2011-12,Chievo,Catania,3,2
2012-04-07,2011-12,Lazio,Napoli,3,1
2012-04-07,2011-12,Lecce,Roma,4,2
2012-04-07,2011-12,Milan,Fiorentina,1,2
2012-04-07,2011-12,Novara,Genoa,1,1
2012-04-07,2011-12,Palermo,Juventus,0,2
2012-04-07,2011-12,Udinese,Parma,3,1
2012-04-10,2011-12,Chievo,Milan,0,1
2012-04-11,2011-12,Catania,Lecce,1,2
2012-04-11,2011-12,Fiorentina,Palermo,0,0
2012-04-11,2011-12,Genoa,Cesena,1,1
2012-04-11,2011-12,Inter,Siena,2,1
2012-04-11,2011-12,Juventus,Lazio,2,1
2012-04-11,2011-12,Napoli,Atalanta,1,3
2012-04-11,2011-12,Parma,Novara,2,0
2012-04-11,2011-12,Roma,Udinese,3,1
2012-04-12,2011-12,Bologna,Cagliari,1,0
2012-04-21,2011-12,Catania,Atalanta,2,0
2012-04-21,2011-12,Chievo,Udinese,0,0
2012-04-21,2011-12,Napoli,Novara,2,0
2012-04-21,2011-12,Parma,Cagliari,3,0
2012-04-22,2011-12,Cesena,Palermo,2,2
2012-04-22,2011-12,Fiorentina,Inter,0,0
2012-04-22,2011-12,Genoa,Siena,1,4
2012-04-22,2011-12,Juventus,Roma,4,0
2012-04-22,2011-12,Lazio,Lecce,1,1
2012-04-22,2011-12,Milan,Bologna,1,1
2012-04-24,2011-12,Atalanta,Chievo,1,0
2012-04-24,2011-12,Cagliari,Catania,3,0
2012-04-25,2011-12,Cesena,Juventus,0,1
2012-04-25,2011-12,Lecce,Napoli,0,2
2012-04-25,2011-12,Milan,Genoa,1,0
2012-04-25,2011-12,Novara,Lazio,2,1
2012-04-25,2011-12,Palermo,Parma,1,2
2012-04-25,2011-12,Roma,Fiorentina,1,2
2012-04-25,2011-12,Siena,Bologna,1,1
2012-04-25,2011-12,Udinese,Inter,1,3
2012-04-28,2011-12,Cagliari,Chievo,0,0
2012-04-28,2011-12,Palermo,Catania,1,1
2012-04-28,2011-12,Roma,Napoli,2,2
2012-04-29,2011-12,Atalanta,Fiorentina,2,0
2012-04-29,2011-12,Bologna,Genoa,3,2
2012-04-29,2011-12,Inter,Cesena,2,1
2012-04-29,2011-12,Lecce,Parma,1,2
2012-04-29,2011-12,Novara,Juventus,0,4
2012-04-29,2011-12,Siena,Milan,1,4
2012-04-29,2011-12,Udinese,Lazio,2,0
2012-05-01,2011-12,Chievo,Roma,0,0
2012-05-01,2011-12,Napoli,Palermo,2,0
2012-05-02,2011-12,Catania,Bologna,0,1
2012-05-02,2011-12,Cesena,Udinese,0,1
2012-05-02,2011-12,Fiorentina,Novara,2,2
2012-05-02,2011-12,Genoa,Cagliari,2,1
2012-05-02,2011-12,Juventus,Lecce,1,1
2012-05-02,2011-12,Lazio,Siena,1,1
2012-05-02,2011-12,Milan,Atalanta,2,0
2012-05-02,2011-12,Parma,Inter,3,1
2012-05-05,2011-12,Lecce,Fiorentina,0,1
2012-05-05,2011-12,Roma,Catania,2,2
2012-05-06,2011-12,Atalanta,Lazio,0,2
2012-05-06,2011-12,Bologna,Napoli,2,0
2012-05-06,2011-12,Cagliari,Juventus,0,2
2012-05-06,2011-12,Inter,Milan,4,2
2012-05-06,2011-12,Novara,Cesena,3,0
2012-05-06,2011-12,Palermo,Chievo,4,4
2012-05-06,2011-12,Siena,Parma,0,2
2012-05-06,2011-12,Udinese,Genoa,2,0
2012-05-13,2011-12,Catania,Udinese,0,2
2012-05-13,2011-12,Cesena,Roma,2,3
2012-05-13,2011-12,Chievo,Lecce,1,0
2012-05-13,2011-12,Fiorentina,Cagliari,0,0
2012-05-13,2011-12,Genoa,Palermo,2,0
2012-05-13,2011-12,Juventus,Atalanta,3,1
2012-05-13,2011-12,Lazio,Inter,3,1
2012-05-13,2011-12,Milan,Novara,2,1
2012-05-13,2011-12,Napoli,Siena,2,1
2012-05-13,2011-12,Parma,Bologna,1,0
2012-08-25,2012-13,Fiorentina,Udinese,2,1
2012-08-25,2012-13,Juventus,Parma,2,0
2012-08-26,2012-13,Atalanta,Lazio,0,1
2012-08-26,2012-13,Chievo,Bologna,2,0
2012-08-26,2012-13,Genoa,Cagliari,2,0
2012-08-26,2012-13,Milan,Sampdoria,0,1
2012-08-26,2012-13,Palermo,Napoli,0,3
2012-08-26,2012-13,Pescara,Inter,0,3
2012-08-26,2012-13,Roma,Catania,2,2
2012-08-26,2012-13,Siena,Torino,0,0
2012-09-01,2012-13,Bologna,Milan,1,3
2012-09-01,2012-13,Torino,Pescara,3,0
2012-09-02,2012-13,Cagliari,Atalanta,1,1
2012-09-02,2012-13,Catania,Genoa,3,2
2012-09-02,2012-13,Inter,Roma,1,3
2012-09-02,2012-13,Lazio,Palermo,3,0
2012-09-02,2012-13,Napoli,Fiorentina,2,1
2012-09-02,2012-13,Parma,Chievo,2,0
2012-09-02,2012-13,Sampdoria,Siena,2,1
2012-09-02,2012-13,Udinese,Juventus,1,4
2012-09-15,2012-13,Milan,Atalanta,0,1
2012-09-15,2012-13,Palermo,Cagliari,1,1
2012-09-16,2012-13,Chievo,Lazio,1,3
2012-09-16,2012-13,Fiorentina,Catania,2,0
2012-09-16,2012-13,Genoa,Juventus,1,3
2012-09-16,2012-13,Napoli,Parma,3,1
2012-09-16,2012-13,Pescara,Sampdoria,2,3
2012-09-16,2012-13,Roma,Bologna,2,3
2012-09-16,2012-13,Siena,Udinese,2,2
2012-09-16,2012-13,Torino,Inter,0,2
2012-09-22,2012-13,Juventus,Chievo,2,0
2012-09-22,2012-13,Parma,Fiorentina,1,1
2012-09-23,2012-13,Atalanta,Palermo,1,0
2012-09-23,2012-13,Bologna,Pescara,1,1
2012-09-23,2012-13,Cagliari,Roma,0,3
2012-09-23,2012-13,Catania,Napoli,0,0
2012-09-23,2012-13,Inter,Siena,0,2
2012-09-23,2012-13,Lazio,Genoa,0,1
2012-09-23,2012-13,Sampdoria,Torino,1,1
2012-09-23,2012-13,Udinese,Milan,2,1
2012-09-25,2012-13,Fiorentina,Juventus,0,0
2012-09-26,2012-13,Catania,Atalanta,2,1
2012-09-26,2012-13,Chievo,Inter,0,2
2012-09-26,2012-13,Genoa,Parma,1,1
2012-09-26,2012-13,Milan,Cagliari,2,0
2012-09-26,2012-13,Napoli,Lazio,3,0
2012-09-26,2012-13,Pescara,Palermo,1,0
2012-09-26,2012-13,Roma,Sampdoria,1,1
2012-09-26,2012-13,Torino,Udinese,0,0
2012-09-27,2012-13,Siena,Bologna,1,0
2012-09-29,2012-13,Juventus,Roma,4,1
2012-09-29,2012-13,Parma,Milan,1,1
2012-09-30,2012-13,Atalanta,Torino,1,5
2012-09-30,2012-13,Bologna,Catania,4,0
2012-09-30,2012-13,Cagliari,Pescara,1,2
2012-09-30,2012-13,Inter,Fiorentina,2,1
2012-09-30,2012-13,Lazio,Siena,2,1
2012-09-30,2012-13,Palermo,Chievo,4,1
2012-09-30,2012-13,Sampdoria,Napoli,0,1
2012-09-30,2012-13,Udinese,Genoa,0,0
2012-10-06,2012-13,Chievo,Sampdoria,2,1
2012-10-06,2012-13,Genoa,Palermo,1,1
2012-10-07,2012-13,Catania,Parma,2,0
2012-10-07,2012-13,Fiorentina,Bologna,1,0
2012-10-07,2012-13,Milan,Inter,0,1
2012-10-07,2012-13,Napoli,Udinese,2,1
2012-10-07,2012-13,Pescara,Lazio,0,3
2012-10-07,2012-13,Roma,Atalanta,2,0
2012-10-07,2012-13,Siena,Juventus,1,2
2012-10-07,2012-13,Torino,Cagliari,0,1
2012-10-20,2012-13,Juventus,Napoli,2,0
2012-10-20,2012-13,Lazio,Milan,3,2
2012-10-21,2012-13,Atalanta,Siena,2,1
2012-10-21,2012-13,Cagliari,Bologna,1,0
2012-10-21,2012-13,Chievo,Fiorentina,1,1
2012-10-21,2012-13,Genoa,Roma,2,4
2012-10-21,2012-13,Inter,Catania,2,0
2012-10-21,2012-13,Palermo,Torino,0,0
2012-10-21,2012-13,Parma,Sampdoria,2,1
2012-10-21,2012-13,Udinese,Pescara,1,0
2012-10-27,2012-13,Milan,Genoa,1,0
2012-10-27,2012-13,Siena,Palermo,0,0
2012-10-28,2012-13,Bologna,Inter,1,3
2012-10-28,2012-13,Catania,Juventus,0,1
2012-10-28,2012-13,Fiorentina,Lazio,2,0
2012-10-28,2012-13,Napoli,Chievo,1,0
2012-10-28,2012-13,Pescara,Atalanta,0,0
2012-10-28,2012-13,Roma,Udinese,2,3
2012-10-28,2012-13,Sampdoria,Cagliari,0,1
2012-10-28,2012-13,Torino,Parma,1,3
2012-10-30,2012-13,Palermo,Milan,2,2
2012-10-31,2012-13,Atalanta,Napoli,1,0
2012-10-31,2012-13,Cagliari,Siena,4,2
2012-10-31,2012-13,Chievo,Pescara,2,0
2012-10-31,2012-13,Inter,Sampdoria,3,2
2012-10-31,2012-13,Juventus,Bologna,2,1
2012-10-31,2012-13,Lazio,Torino,1,1
2012-10-31,2012-13,Parma,Roma,3,2
2012-10-31,2012-13,Udinese,Catania,2,2
2012-11-01,2012-13,Genoa,Fiorentina,0,1
2012-11-03,2012-13,Juventus,Inter,1,3
2012-11-03,2012-13,Milan,Chievo,5,1
2012-11-04,2012-13,Bologna,Udinese,1,1
2012-11-04,2012-13,Catania,Lazio,4,0
2012-11-04,2012-13,Fiorentina,Cagliari,4,1
2012-11-04,2012-13,Napoli,Torino,1,1
2012-11-04,2012-13,Pescara,Parma,2,0
2012-11-04,2012-13,Roma,Palermo,4,1
2012-11-04,2012-13,Sampdoria,Atalanta,1,2
2012-11-04,2012-13,Siena,Genoa,1,0
2012-11-10,2012-13,Cagliari,Catania,0,0
2012-11-10,2012-13,Pescara,Juventus,1,6
2012-11-11,2012-13,Atalanta,Inter,3,2
2012-11-11,2012-13,Chievo,Udinese,2,2
2012-11-11,2012-13,Genoa,Napoli,2,4
2012-11-11,2012-13,Lazio,Roma,3,2
2012-11-11,2012-13,Milan,Fiorentina,1,3
2012-11-11,2012-13,Palermo,Sampdoria,2,0
2012-11-11,2012-13,Parma,Siena,0,0
2012-11-11,2012-13,Torino,Bologna,1,0
2012-11-17,2012-13,Juventus,Lazio,0,0
2012-11-17,2012-13,Napoli,Milan,2,2
2012-11-18,2012-13,Bologna,Palermo,3,0
2012-11-18,2012-13,Catania,Chievo,2,1
2012-11-18,2012-13,Fiorentina,Atalanta,4,1
2012-11-18,2012-13,Inter,Cagliari,2,2
2012-11-18,2012-13,Sampdoria,Genoa,3,1
2012-11-18,2012-13,Siena,Pescara,1,0
2012-11-18,2012-13,Udinese,Parma,2,2
2012-11-19,2012-13,Roma,Torino,2,0
2012-11-24,2012-13,Palermo,Catania,3,1
2012-11-25,2012-13,Atalanta,Genoa,0,1
2012-11-25,2012-13,Chievo,Siena,0,0
2012-11-25,2012-13,Milan,Juventus,1,0
2012-11-25,2012-13,Pescara,Roma,0,1
2012-11-25,2012-13,Sampdoria,Bologna,1,0
2012-11-25,2012-13,Torino,Fiorentina,2,2
2012-11-26,2012-13,Cagliari,Napoli,0,1
2012-11-26,2012-13,Parma,Inter,1,0
2012-11-27,2012-13,Lazio,Udinese,3,0
2012-11-30,2012-13,Catania,Milan,1,3
2012-12-01,2012-13,Juventus,Torino,3,0
2012-12-02,2012-13,Bologna,Atalanta,2,1
2012-12-02,2012-13,Fiorentina,Sampdoria,2,2
2012-12-02,2012-13,Genoa,Chievo,2,4
2012-12-02,2012-13,Inter,Palermo,1,0
2012-12-02,2012-13,Lazio,Parma,2,1
2012-12-02,2012-13,Napoli,Pescara,5,1
2012-12-02,2012-13,Siena,Roma,1,3
2012-12-02,2012-13,Udinese,Cagliari,4,1
2012-12-08,2012-13,Atalanta,Parma,2,1
2012-12-08,2012-13,Roma,Fiorentina,4,2
2012-12-09,2012-13,Cagliari,Chievo,0,2
2012-12-09,2012-13,Inter,Napoli,2,1
2012-12-09,2012-13,Palermo,Juventus,0,1
2012-12-09,2012-13,Pescara,Genoa,2,0
2012-12-09,2012-13,Siena,Catania,1,3
2012-12-09,2012-13,Torino,Milan,2,4
2012-12-10,2012-13,Bologna,Lazio,0,0
2012-12-10,2012-13,Sampdoria,Udinese,0,2
2012-12-15,2012-13,Lazio,Inter,1,0
2012-12-15,2012-13,Udinese,Palermo,1,1
2012-12-16,2012-13,Catania,Sampdoria,3,1
2012-12-16,2012-13,Chievo,Roma,1,0
2012-12-16,2012-13,Fiorentina,Siena,4,1
2012-12-16,2012-13,Genoa,Torino,1,1
2012-12-16,2012-13,Juventus,Atalanta,3,0
2012-12-16,2012-13,Milan,Pescara,4,1
2012-12-16,2012-13,Napoli,Bologna,2,3
2012-12-16,2012-13,Parma,Cagliari,4,1
2012-12-21,2012-13,Cagliari,Juventus,1,3
2012-12-21,2012-13,Pescara,Catania,2,1
2012-12-22,2012-13,Atalanta,Udinese,1,1
2012-12-22,2012-13,Bologna,Parma,1,2
2012-12-22,2012-13,Inter,Genoa,1,1
2012-12-22,2012-13,Palermo,Fiorentina,0,3
2012-12-22,2012-13,Roma,Milan,4,2
2012-12-22,2012-13,Sampdoria,Lazio,0,1
2012-12-22,2012-13,Siena,Napoli,0,2
2012-12-22,2012-13,Torino,Chievo,2,0
2013-01-05,2012-13,Catania,Torino,0,0
2013-01-05,2012-13,Lazio,Cagliari,2,1
2013-01-06,2012-13,Chievo,Atalanta,1,0
2013-01-06,2012-13,Fiorentina,Pescara,0,2
2013-01-06,2012-13,Genoa,Bologna,2,0
2013-01-06,2012-13,Juventus,Sampdoria,1,2
2013-01-06,2012-13,Milan,Siena,2,1
2013-01-06,2012-13,Napoli,Roma,4,1
2013-01-06,2012-13,Parma,Palermo,2,1
2013-01-06,2012-13,Udinese,Inter,3,0
2013-01-12,2012-13,Bologna,Chievo,4,0
2013-01-12,2012-13,Inter,Pescara,2,0
2013-01-13,2012-13,Cagliari,Genoa,2,1
2013-01-13,2012-13,Catania,Roma,1,0
2013-01-13,2012-13,Lazio,Atalanta,2,0
2013-01-13,2012-13,Napoli,Palermo,3,0
2013-01-13,2012-13,Parma,Juventus,1,1
2013-01-13,2012-13,Sampdoria,Milan,0,0
2013-01-13,2012-13,Torino,Siena,3,2
2013-01-13,2012-13,Udinese,Fiorentina,3,1
2013-01-19,2012-13,Juventus,Udinese,4,0
2013-01-19,2012-13,Milan,Bologna,2,1
2013-01-19,2012-13,Palermo,Lazio,2,2
2013-01-20,2012-13,Atalanta,Cagliari,1,1
2013-01-20,2012-13,Chievo,Parma,1,1
2013-01-20,2012-13,Fiorentina,Napoli,1,1
2013-01-20,2012-13,Genoa,Catania,0,2
2013-01-20,2012-13,Pescara,Torino,0,2
2013-01-20,2012-13,Roma,Inter,1,1
2013-01-20,2012-13,Siena,Sampdoria,1,0
2013-01-26,2012-13,Juventus,Genoa,1,1
2013-01-26,2012-13,Lazio,Chievo,0,1
2013-01-27,2012-13,Atalanta,Milan,0,1
2013-01-27,2012-13,Bologna,Roma,3,3
2013-01-27,2012-13,Cagliari,Palermo,1,1
2013-01-27,2012-13,Catania,Fiorentina,2,1
2013-01-27,2012-13,Inter,Torino,2,2
2013-01-27,2012-13,Parma,Napoli,1,2
2013-01-27,2012-13,Sampdoria,Pescara,6,0
2013-01-27,2012-13,Udinese,Siena,1,0
2013-02-01,2012-13,Roma,Cagliari,2,4
2013-02-02,2012-13,Napoli,Catania,2,0
2013-02-02,2012-13,Torino,Sampdoria,0,0
2013-02-03,2012-13,Chievo,Juventus,1,2
2013-02-03,2012-13,Fiorentina,Parma,2,0
2013-02-03,2012-13,Genoa,Lazio,3,2
2013-02-03,2012-13,Milan,Udinese,2,1
2013-02-03,2012-13,Palermo,Atalanta,1,2
2013-02-03,2012-13,Pescara,Bologna,2,3
2013-02-03,2012-13,Siena,Inter,3,1
2013-02-09,2012-13,Juventus,Fiorentina,2,0
2013-02-09,2012-13,Lazio,Napoli,1,1
2013-02-10,2012-13,Atalanta,Catania,0,0
2013-02-10,2012-13,Bologna,Siena,1,1
2013-02-10,2012-13,Cagliari,Milan,1,1
2013-02-10,2012-13,Inter,Chievo,3,1
2013-02-10,2012-13,Palermo,Pescara,1,1
2013-02-10,2012-13,Parma,Genoa,0,0
2013-02-10,2012-13,Sampdoria,Roma,3,1
2013-02-10,2012-13,Udinese,Torino,1,0
2013-02-15,2012-13,Milan,Parma,2,1
2013-02-16,2012-13,Chievo,Palermo,1,1
2013-02-16,2012-13,Roma,Juventus,1,0
2013-02-17,2012-13,Catania,Bologna,1,0
2013-02-17,2012-13,Fiorentina,Inter,4,1
2013-02-17,2012-13,Genoa,Udinese,1,0
2013-02-17,2012-13,Napoli,Sampdoria,0,0
2013-02-17,2012-13,Pescara,Cagliari,0,2
2013-02-17,2012-13,Torino,Atalanta,2,1
2013-02-18,2012-13,Siena,Lazio,3,0
2013-02-23,2012-13,Palermo,Genoa,0,0
2013-02-24,2012-13,Atalanta,Roma,2,3
2013-02-24,2012-13,Cagliari,Torino,4,3
2013-02-24,2012-13,Inter,Milan,1,1
2013-02-24,2012-13,Juventus,Siena,3,0
2013-02-24,2012-13,Parma,Catania,1,2
2013-02-24,2012-13,Sampdoria,Chievo,2,0
2013-02-25,2012-13,Lazio,Pescara,2,0
2013-02-25,2012-13,Udinese,Napoli,0,0
2013-02-26,2012-13,Bologna,Fiorentina,2,1
2013-03-01,2012-13,Napoli,Juventus,1,1
2013-03-02,2012-13,Milan,Lazio,3,0
2013-03-03,2012-13,Bologna,Cagliari,3,0
2013-03-03,2012-13,Catania,Inter,2,3
2013-03-03,2012-13,Fiorentina,Chievo,2,1
2013-03-03,2012-13,Pescara,Udinese,0,1
2013-03-03,2012-13,Roma,Genoa,3,1
2013-03-03,2012-13,Sampdoria,Parma,1,0
2013-03-03,2012-13,Siena,Atalanta,0,2
2013-03-03,2012-13,Torino,Palermo,0,0
2013-03-08,2012-13,Genoa,Milan,0,2
2013-03-09,2012-13,Udinese,Roma,1,1
2013-03-10,2012-13,Atalanta,Pescara,2,1
2013-03-10,2012-13,Cagliari,Sampdoria,3,1
2013-03-10,2012-13,Chievo,Napoli,2,0
2013-03-10,2012-13,Inter,Bologna,0,1
2013-03-10,2012-13,Juventus,Catania,1,0
2013-03-10,2012-13,Lazio,Fiorentina,0,2
2013-03-10,2012-13,Palermo,Siena,1,2
2013-03-10,2012-13,Parma,Torino,4,1
2013-03-16,2012-13,Bologna,Juventus,0,2
2013-03-16,2012-13,Catania,Udinese,3,1
2013-03-17,2012-13,Fiorentina,Genoa,3,2
2013-03-17,2012-13,Milan,Palermo,2,0
2013-03-17,2012-13,Napoli,Atalanta,3,2
2013-03-17,2012-13,Pescara,Chievo,0,2
2013-03-17,2012-13,Roma,Parma,2,0
2013-03-17,2012-13,Siena,Cagliari,0,0
2013-03-17,2012-13,Torino,Lazio,1,0
2013-03-30,2012-13,Atalanta,Sampdoria,0,0
2013-03-30,2012-13,Cagliari,Fiorentina,2,1
2013-03-30,2012-13,Chievo,Milan,0,1
2013-03-30,2012-13,Genoa,Siena,2,2
2013-03-30,2012-13,Inter,Juventus,1,2
2013-03-30,2012-13,Lazio,Catania,2,1
2013-03-30,2012-13,Palermo,Roma,2,0
2013-03-30,2012-13,Parma,Pescara,3,0
2013-03-30,2012-13,Torino,Napoli,3,5
2013-03-30,2012-13,Udinese,Bologna,0,0
2013-04-03,2012-13,Sampdoria,Inter,0,2
2013-04-06,2012-13,Bologna,Torino,2,2
2013-04-06,2012-13,Juventus,Pescara,2,1
2013-04-07,2012-13,Catania,Cagliari,0,0
2013-04-07,2012-13,Fiorentina,Milan,2,2
2013-04-07,2012-13,Inter,Atalanta,3,4
2013-04-07,2012-13,Napoli,Genoa,2,0
2013-04-07,2012-13,Sampdoria,Palermo,1,3
2013-04-07,2012-13,Siena,Parma,0,0
2013-04-07,2012-13,Udinese,Chievo,3,1
2013-04-08,2012-13,Roma,Lazio,1,1
2013-04-13,2012-13,Atalanta,Fiorentina,0,2
2013-04-13,2012-13,Pescara,Siena,2,3
2013-04-14,2012-13,Cagliari,Inter,2,0
2013-04-14,2012-13,Chievo,Catania,0,0
2013-04-14,2012-13,Genoa,Sampdoria,1,1
2013-04-14,2012-13,Milan,Napoli,1,1
2013-04-14,2012-13,Palermo,Bologna,1,1
2013-04-14,2012-13,Parma,Udinese,0,3
2013-04-14,2012-13,Torino,Roma,1,2
2013-04-15,2012-13,Lazio,Juventus,0,2
2013-04-20,2012-13,Genoa,Atalanta,1,1
2013-04-20,2012-13,Udinese,Lazio,1,0
2013-04-21,2012-13,Bologna,Sampdoria,1,1
2013-04-21,2012-13,Catania,Palermo,1,1
2013-04-21,2012-13,Fiorentina,Torino,4,3
2013-04-21,2012-13,Inter,Parma,1,0
2013-04-21,2012-13,Juventus,Milan,1,0
2013-04-21,2012-13,Napoli,Cagliari,3,2
2013-04-21,2012-13,Roma,Pescara,1,1
2013-04-21,2012-13,Siena,Chievo,0,1
2013-04-27,2012-13,Atalanta,Bologna,1,1
2013-04-27,2012-13,Cagliari,Udinese,0,1
2013-04-27,2012-13,Pescara,Napoli,0,3
2013-04-28,2012-13,Chievo,Genoa,0,1
2013-04-28,2012-13,Milan,Catania,4,2
2013-04-28,2012-13,Palermo,Inter,1,0
2013-04-28,2012-13,Parma,Lazio,0,0
2013-04-28,2012-13,Roma,Siena,4,0
2013-04-28,2012-13,Sampdoria,Fiorentina,0,3
2013-04-28,2012-13,Torino,Juventus,0,2
2013-05-04,2012-13,Chievo,Cagliari,0,0
2013-05-04,2012-13,Fiorentina,Roma,0,1
2013-05-05,2012-13,Catania,Siena,3,0
2013-05-05,2012-13,Genoa,Pescara,4,1
2013-05-05,2012-13,Juventus,Palermo,1,0
2013-05-05,2012-13,Lazio,Bologna,6,0
2013-05-05,2012-13,Milan,Torino,1,0
2013-05-05,2012-13,Napoli,Inter,3,1
2013-05-05,2012-13,Parma,Atalanta,2,0
2013-05-05,2012-13,Udinese,Sampdoria,3,1
2013-05-07,2012-13,Roma,Chievo,0,1
2013-05-08,2012-13,Atalanta,Juventus,0,1
2013-05-08,2012-13,Bologna,Napoli,0,3
2013-05-08,2012-13,Cagliari,Parma,0,1
2013-05-08,2012-13,Inter,Lazio,1,3
2013-05-08,2012-13,Palermo,Udinese,2,3
2013-05-08,2012-13,Pescara,Milan,0,4
2013-05-08,2012-13,Sampdoria,Catania,1,1
2013-05-08,2012-13,Siena,Fiorentina,0,1
2013-05-08,2012-13,Torino,Genoa,0,0
2013-05-11,2012-13,Catania,Pescara,1,0
2013-05-11,2012-13,Juventus,Cagliari,1,1
2013-05-12,2012-13,Chievo,Torino,1,1
2013-05-12,2012-13,Fiorentina,Palermo,1,0
2013-05-12,2012-13,Genoa,Inter,0,0
2013-05-12,2012-13,Lazio,Sampdoria,2,0
2013-05-12,2012-13,Milan,Roma,0,0
2013-05-12,2012-13,Napoli,Siena,2,1
2013-05-12,2012-13,Parma,Bologna,0,2
2013-05-12,2012-13,Udinese,Atalanta,2,1
2013-05-18,2012-13,Sampdoria,Juventus,3,2
2013-05-19,2012-13,Atalanta,Chievo,2,2
2013-05-19,2012-13,Bologna,Genoa,0,0
2013-05-19,2012-13,Cagliari,Lazio,1,0
2013-05-19,2012-13,Inter,Udinese,2,5
2013-05-19,2012-13,Palermo,Parma,1,3
2013-05-19,2012-13,Pescara,Fiorentina,1,5
2013-05-19,2012-13,Roma,Napoli,2,1
2013-05-19,2012-13,Siena,Milan,1,2
2013-05-19,2012-13,Torino,Catania,2,2
2013-08-24,2013-14,Sampdoria,Juventus,0,1
2013-08-24,2013-14,Verona,Milan,2,1
2013-08-25,2013-14,Cagliari,Atalanta,2,1
2013-08-25,2013-14,Inter,Genoa,2,0
2013-08-25,2013-14,Lazio,Udinese,2,1
2013-08-25,2013-14,Livorno,Roma,0,2
2013-08-25,2013-14,Napoli,Bologna,3,0
2013-08-25,2013-14,Parma,Chievo,0,0
2013-08-25,2013-14,Torino,Sassuolo,2,0
2013-08-26,2013-14,Fiorentina,Catania,2,1
2013-08-31,2013-14,Chievo,Napoli,2,4
2013-08-31,2013-14,Juventus,Lazio,4,1
2013-09-01,2013-14,Atalanta,Torino,2,0
2013-09-01,2013-14,Bologna,Sampdoria,2,2
2013-09-01,2013-14,Catania,Inter,0,3
2013-09-01,2013-14,Genoa,Fiorentina,2,5
2013-09-01,2013-14,Milan,Cagliari,3,1
2013-09-01,2013-14,Roma,Verona,3,0
2013-09-01,2013-14,Sassuolo,Livorno,1,4
2013-09-01,2013-14,Udinese,Parma,3,1
2013-09-14,2013-14,Inter,Juventus,1,1
2013-09-14,2013-14,Napoli,Atalanta,2,0
2013-09-14,2013-14,Torino,Milan,2,2
2013-09-15,2013-14,Fiorentina,Cagliari,1,1
2013-09-15,2013-14,Lazio,Chievo,3,0
2013-09-15,2013-14,Livorno,Catania,2,0
2013-09-15,2013-14,Sampdoria,Genoa,0,3
2013-09-15,2013-14,Udinese,Bologna,1,1
2013-09-15,2013-14,Verona,Sassuolo,2,0
2013-09-16,2013-14,Parma,Roma,1,3
2013-09-21,2013-14,Cagliari,Sampdoria,2,2
2013-09-21,2013-14,Chievo,Udinese,2,1
2013-09-21,2013-14,Genoa,Livorno,0,0
2013-09-22,2013-14,Atalanta,Fiorentina,0,2
2013-09-22,2013-14,Bologna,Torino,1,2
2013-09-22,2013-14,Catania,Parma,0,0
2013-09-22,2013-14,Juventus,Verona,2,1
2013-09-22,2013-14,Milan,Napoli,1,2
2013-09-22,2013-14,Roma,Lazio,2,0
2013-09-22,2013-14,Sassuolo,Inter,0,7
2013-09-24,2013-14,Udinese,Genoa,1,0
2013-09-25,2013-14,Bologna,Milan,3,3
2013-09-25,2013-14,Chievo,Juventus,1,2
2013-09-25,2013-14,Lazio,Catania,3,1
2013-09-25,2013-14,Livorno,Cagliari,1,1
2013-09-25,2013-14,Napoli,Sassuolo,1,1
2013-09-25,2013-14,Parma,Atalanta,4,3
2013-09-25,2013-14,Sampdoria,Roma,0,2
2013-09-25,2013-14,Torino,Verona,2,2
2013-09-26,2013-14,Inter,Fiorentina,2,1
2013-09-28,2013-14,Genoa,Napoli,0,2
2013-09-28,2013-14,Milan,Sampdoria,1,0
2013-09-29,2013-14,Atalanta,Udinese,2,0
2013-09-29,2013-14,Cagliari,Inter,1,1
2013-09-29,2013-14,Catania,Chievo,2,0
2013-09-29,2013-14,Roma,Bologna,5,0
2013-09-29,2013-14,Sassuolo,Lazio,2,2
2013-09-29,2013-14,Torino,Juventus,0,1
2013-09-29,2013-14,Verona,Livorno,2,1
2013-09-30,2013-14,Fiorentina,Parma,2,2
2013-10-05,2013-14,Chievo,Atalanta,0,1
2013-10-05,2013-14,Inter,Roma,0,3
2013-10-06,2013-14,Bologna,Verona,1,4
2013-10-06,2013-14,Catania,Genoa,1,1
2013-10-06,2013-14,Juventus,Milan,3,2
2013-10-06,2013-14,Lazio,Fiorentina,0,0
2013-10-06,2013-14,Napoli,Livorno,4,0
2013-10-06,2013-14,Parma,Sassuolo,3,1
2013-10-06,2013-14,Sampdoria,Torino,2,2
2013-10-06,2013-14,Udinese,Cagliari,2,0
2013-10-18,2013-14,Roma,Napoli,2,0
2013-10-19,2013-14,Cagliari,Catania,2,1
2013-10-19,2013-14,Milan,Udinese,1,0
2013-10-20,2013-14,Atalanta,Lazio,2,1
2013-10-20,2013-14,Fiorentina,Juventus,4,2
2013-10-20,2013-14,Genoa,Chievo,2,1
2013-10-20,2013-14,Livorno,Sampdoria,1,2
2013-10-20,2013-14,Sassuolo,Bologna,2,1
2013-10-20,2013-14,Torino,Inter,3,3
2013-10-20,2013-14,Verona,Parma,3,2
2013-10-26,2013-14,Inter,Verona,4,2
2013-10-26,2013-14,Sampdoria,Atalanta,1,0
2013-10-27,2013-14,Bologna,Livorno,1,0
2013-10-27,2013-14,Catania,Sassuolo,0,0
2013-10-27,2013-14,Chievo,Fiorentina,1,2
2013-10-27,2013-14,Juventus,Genoa,2,0
2013-10-27,2013-14,Lazio,Cagliari,2,0
2013-10-27,2013-14,Napoli,Torino,2,0
2013-10-27,2013-14,Parma,Milan,3,2
2013-10-27,2013-14,Udinese,Roma,0,1
2013-10-29,2013-14,Atalanta,Inter,1,1
2013-10-30,2013-14,Cagliari,Bologna,0,3
2013-10-30,2013-14,Fiorentina,Napoli,1,2
2013-10-30,2013-14,Genoa,Parma,1,0
2013-10-30,2013-14,Juventus,Catania,4,0
2013-10-30,2013-14,Livorno,Torino,3,3
2013-10-30,2013-14,Milan,Lazio,1,1
2013-10-30,2013-14,Sassuolo,Udinese,1,2
2013-10-30,2013-14,Verona,Sampdoria,2,0
2013-10-31,2013-14,Roma,Chievo,1,0
2013-11-02,2013-14,Milan,Fiorentina,0,2
2013-11-02,2013-14,Napoli,Catania,2,1
2013-11-02,2013-14,Parma,Juventus,0,1
2013-11-03,2013-14,Lazio,Genoa,0,2
2013-11-03,2013-14,Livorno,Atalanta,1,0
2013-11-03,2013-14,Sampdoria,Sassuolo,3,4
2013-11-03,2013-14,Torino,Roma,1,1
2013-11-03,2013-14,Udinese,Inter,0,3
2013-11-03,2013-14,Verona,Cagliari,2,1
2013-11-04,2013-14,Bologna,Chievo,0,0
2013-11-09,2013-14,Catania,Udinese,1,0
2013-11-09,2013-14,Inter,Livorno,2,0
2013-11-10,2013-14,Atalanta,Bologna,2,1
2013-11-10,2013-14,Cagliari,Torino,2,1
2013-11-10,2013-14,Chievo,Milan,0,0
2013-11-10,2013-14,Fiorentina,Sampdoria,2,1
2013-11-10,2013-14,Genoa,Verona,2,0
2013-11-10,2013-14,Juventus,Napoli,3,0
2013-11-10,2013-14,Parma,Lazio,1,1
2013-11-10,2013-14,Roma,Sassuolo,1,1
2013-11-23,2013-14,Milan,Genoa,1,1
2013-11-23,2013-14,Napoli,Parma,0,1
2013-11-23,2013-14,Verona,Chievo,0,1
2013-11-24,2013-14,Bologna,Inter,1,1
2013-11-24,2013-14,Livorno,Juventus,0,2
2013-11-24,2013-14,Sampdoria,Lazio,1,1
2013-11-24,2013-14,Sassuolo,Atalanta,2,0
2013-11-24,2013-14,Torino,Catania,4,1
2013-11-24,2013-14,Udinese,Fiorentina,1,0
2013-11-25,2013-14,Roma,Cagliari,0,0
2013-11-30,2013-14,Genoa,Torino,1,1
2013-11-30,2013-14,Parma,Bologna,1,1
2013-12-01,2013-14,Atalanta,Roma,1,1
2013-12-01,2013-14,Cagliari,Sassuolo,2,2
2013-12-01,2013-14,Catania,Milan,1,3
2013-12-01,2013-14,Chievo,Livorno,3,0
2013-12-01,2013-14,Inter,Sampdoria,1,1
2013-12-01,2013-14,Juventus,Udinese,1,0
2013-12-02,2013-14,Fiorentina,Verona,4,3
2013-12-02,2013-14,Lazio,Napoli,2,4
2013-12-06,2013-14,Bologna,Juventus,0,2
2013-12-07,2013-14,Livorno,Milan,2,2
2013-12-07,2013-14,Napoli,Udinese,3,3
2013-12-08,2013-14,Cagliari,Genoa,2,1
2013-12-08,2013-14,Inter,Parma,3,3
2013-12-08,2013-14,Roma,Fiorentina,2,1
2013-12-08,2013-14,Sampdoria,Catania,2,0
2013-12-08,2013-14,Sassuolo,Chievo,0,1
2013-12-08,2013-14,Torino,Lazio,1,0
2013-12-08,2013-14,Verona,Atalanta,2,1
2013-12-14,2013-14,Catania,Verona,0,0
2013-12-15,2013-14,Chievo,Sampdoria,0,1
2013-12-15,2013-14,Fiorentina,Bologna,3,0
2013-12-15,2013-14,Genoa,Atalanta,1,1
2013-12-15,2013-14,Juventus,Sassuolo,4,0
2013-12-15,2013-14,Lazio,Livorno,2,0
2013-12-15,2013-14,Napoli,Inter,4,2
2013-12-15,2013-14,Parma,Cagliari,0,0
2013-12-15,2013-14,Udinese,Torino,0,2
2013-12-16,2013-14,Milan,Roma,2,2
2013-12-21,2013-14,Cagliari,Napoli,1,1
2013-12-21,2013-14,Livorno,Udinese,1,2
2013-12-22,2013-14,Atalanta,Juventus,1,4
2013-12-22,2013-14,Bologna,Genoa,1,0
2013-12-22,2013-14,Inter,Milan,1,0
2013-12-22,2013-14,Roma,Catania,4,0
2013-12-22,2013-14,Sampdoria,Parma,1,1
2013-12-22,2013-14,Sassuolo,Fiorentina,0,1
2013-12-22,2013-14,Torino,Chievo,4,1
2013-12-22,2013-14,Verona,Lazio,4,1
2014-01-05,2013-14,Chievo,Cagliari,0,0
2014-01-05,2013-14,Fiorentina,Livorno,1,0
2014-01-05,2013-14,Juventus,Roma,3,0
2014-01-06,2013-14,Catania,Bologna,2,0
2014-01-06,2013-14,Genoa,Sassuolo,2,0
2014-01-06,2013-14,Lazio,Inter,1,0
2014-01-06,2013-14,Milan,Atalanta,3,0
2014-01-06,2013-14,Napoli,Sampdoria,2,0
2014-01-06,2013-14,Parma,Torino,3,1
2014-01-06,2013-14,Udinese,Verona,1,3
2014-01-11,2013-14,Bologna,Lazio,0,0
2014-01-11,2013-14,Livorno,Parma,0,3
2014-01-12,2013-14,Atalanta,Catania,2,1
2014-01-12,2013-14,Cagliari,Juventus,1,4
2014-01-12,2013-14,Roma,Genoa,4,0
2014-01-12,2013-14,Sassuolo,Milan,4,3
2014-01-12,2013-14,Torino,Fiorentina,0,0
2014-01-12,2013-14,Verona,Napoli,0,3
2014-01-13,2013-14,Inter,Chievo,1,1
2014-01-13,2013-14,Sampdoria,Udinese,3,0
2014-01-18,2013-14,Juventus,Sampdoria,4,2
2014-01-18,2013-14,Roma,Livorno,3,0
2014-01-19,2013-14,Atalanta,Cagliari,1,0
2014-01-19,2013-14,Bologna,Napoli,2,2
2014-01-19,2013-14,Catania,Fiorentina,0,3
2014-01-19,2013-14,Chievo,Parma,1,2
2014-01-19,2013-14,Genoa,Inter,1,0
2014-01-19,2013-14,Milan,Verona,1,0
2014-01-19,2013-14,Sassuolo,Torino,0,2
2014-01-19,2013-14,Udinese,Lazio,2,3
2014-01-25,2013-14,Lazio,Juventus,1,1
2014-01-25,2013-14,Napoli,Chievo,1,1
2014-01-26,2013-14,Cagliari,Milan,1,2
2014-01-26,2013-14,Fiorentina,Genoa,3,3
2014-01-26,2013-14,Inter,Catania,0,0
2014-01-26,2013-14,Livorno,Sassuolo,3,1
2014-01-26,2013-14,Parma,Udinese,1,0
2014-01-26,2013-14,Sampdoria,Bologna,1,1
2014-01-26,2013-14,Torino,Atalanta,1,0
2014-01-26,2013-14,Verona,Roma,1,3
2014-02-01,2013-14,Bologna,Udinese,0,2
2014-02-01,2013-14,Cagliari,Fiorentina,1,0
2014-02-01,2013-14,Milan,Torino,1,1
2014-02-02,2013-14,Atalanta,Napoli,3,0
2014-02-02,2013-14,Catania,Livorno,3,3
2014-02-02,2013-14,Chievo,Lazio,0,2
2014-02-02,2013-14,Juventus,Inter,3,1
2014-02-02,2013-14,Sassuolo,Verona,1,2
2014-02-03,2013-14,Genoa,Sampdoria,0,1
2014-02-08,2013-14,Fiorentina,Atalanta,2,0
2014-02-08,2013-14,Napoli,Milan,3,1
2014-02-08,2013-14,Udinese,Chievo,3,0
2014-02-09,2013-14,Inter,Sassuolo,1,0
2014-02-09,2013-14,Lazio,Roma,0,0
2014-02-09,2013-14,Livorno,Genoa,0,1
2014-02-09,2013-14,Parma,Catania,0,0
2014-02-09,2013-14,Sampdoria,Cagliari,1,0
2014-02-09,2013-14,Torino,Bologna,1,2
2014-02-09,2013-14,Verona,Juventus,2,2
2014-02-14,2013-14,Milan,Bologna,1,0
2014-02-15,2013-14,Fiorentina,Inter,1,2
2014-02-16,2013-14,Atalanta,Parma,0,4
2014-02-16,2013-14,Cagliari,Livorno,1,2
2014-02-16,2013-14,Catania,Lazio,3,1
2014-02-16,2013-14,Genoa,Udinese,3,3
2014-02-16,2013-14,Juventus,Chievo,3,1
2014-02-16,2013-14,Roma,Sampdoria,3,0
2014-02-16,2013-14,Sassuolo,Napoli,0,2
2014-02-17,2013-14,Verona,Torino,1,3
2014-02-22,2013-14,Bologna,Roma,0,1
2014-02-23,2013-14,Chievo,Catania,2,0
2014-02-23,2013-14,Inter,Cagliari,1,1
2014-02-23,2013-14,Juventus,Torino,1,0
2014-02-23,2013-14,Lazio,Sassuolo,3,2
2014-02-23,2013-14,Livorno,Verona,2,3
2014-02-23,2013-14,Sampdoria,Milan,0,2
2014-02-23,2013-14,Udinese,Atalanta,1,1
2014-02-24,2013-14,Napoli,Genoa,1,1
2014-02-24,2013-14,Parma,Fiorentina,2,2
2014-03-01,2013-14,Roma,Inter,0,0
2014-03-02,2013-14,Atalanta,Chievo,2,1
2014-03-02,2013-14,Cagliari,Udinese,3,0
2014-03-02,2013-14,Fiorentina,Lazio,0,1
2014-03-02,2013-14,Genoa,Catania,2,0
2014-03-02,2013-14,Livorno,Napoli,1,1
2014-03-02,2013-14,Milan,Juventus,0,2
2014-03-02,2013-14,Sassuolo,Parma,0,1
2014-03-02,2013-14,Torino,Sampdoria,0,2
2014-03-02,2013-14,Verona,Bologna,0,0
2014-03-08,2013-14,Catania,Cagliari,1,1
2014-03-08,2013-14,Udinese,Milan,1,0
2014-03-09,2013-14,Bologna,Sassuolo,0,0
2014-03-09,2013-14,Chievo,Genoa,2,1
2014-03-09,2013-14,Inter,Torino,1,0
2014-03-09,2013-14,Juventus,Fiorentina,1,0
2014-03-09,2013-14,Lazio,Atalanta,0,1
2014-03-09,2013-14,Napoli,Roma,1,0
2014-03-09,2013-14,Parma,Verona,2,0
2014-03-09,2013-14,Sampdoria,Livorno,4,2
2014-03-15,2013-14,Verona,Inter,0,2
2014-03-16,2013-14,Atalanta,Sampdoria,3,0
2014-03-16,2013-14,Cagliari,Lazio,0,2
2014-03-16,2013-14,Fiorentina,Chievo,3,1
2014-03-16,2013-14,Genoa,Juventus,0,1
2014-03-16,2013-14,Livorno,Bologna,2,1
2014-03-16,2013-14,Milan,Parma,2,4
2014-03-16,2013-14,Sassuolo,Catania,3,1
2014-03-17,2013-14,Roma,Udinese,3,2
2014-03-17,2013-14,Torino,Napoli,0,1
2014-03-22,2013-14,Chievo,Roma,0,2
2014-03-22,2013-14,Torino,Livorno,3,1
2014-03-23,2013-14,Bologna,Cagliari,1,0
2014-03-23,2013-14,Catania,Juventus,0,1
2014-03-23,2013-14,Inter,Atalanta,1,2
2014-03-23,2013-14,Lazio,Milan,1,1
2014-03-23,2013-14,Napoli,Fiorentina,0,1
2014-03-23,2013-14,Parma,Genoa,1,1
2014-03-23,2013-14,Sampdoria,Verona,5,0
2014-03-23,2013-14,Udinese,Sassuolo,1,0
2014-03-25,2013-14,Roma,Torino,2,1
2014-03-26,2013-14,Atalanta,Livorno,2,0
2014-03-26,2013-14,Cagliari,Verona,1,0
2014-03-26,2013-14,Catania,Napoli,2,4
2014-03-26,2013-14,Chievo,Bologna,3,0
2014-03-26,2013-14,Fiorentina,Milan,0,2
2014-03-26,2013-14,Genoa,Lazio,2,0
2014-03-26,2013-14,Juventus,Parma,2,1
2014-03-26,2013-14,Sassuolo,Sampdoria,1,2
2014-03-27,2013-14,Inter,Udinese,0,0
2014-03-29,2013-14,Bologna,Atalanta,0,2
2014-03-29,2013-14,Milan,Chievo,3,0
2014-03-30,2013-14,Lazio,Parma,3,2
2014-03-30,2013-14,Napoli,Juventus,2,0
2014-03-30,2013-14,Sampdoria,Fiorentina,0,0
2014-03-30,2013-14,Sassuolo,Roma,0,2
2014-03-30,2013-14,Torino,Cagliari,2,1
2014-03-30,2013-14,Verona,Genoa,3,0
2014-03-31,2013-14,Livorno,Inter,2,2
2014-03-31,2013-14,Udinese,Catania,1,0
2014-04-02,2013-14,Roma,Parma,4,2
2014-04-05,2013-14,Chievo,Verona,0,1
2014-04-05,2013-14,Inter,Bologna,2,2
2014-04-06,2013-14,Atalanta,Sassuolo,0,2
2014-04-06,2013-14,Cagliari,Roma,1,3
2014-04-06,2013-14,Catania,Torino,1,2
2014-04-06,2013-14,Fiorentina,Udinese,2,1
2014-04-06,2013-14,Lazio,Sampdoria,2,0
2014-04-06,2013-14,Parma,Napoli,1,0
2014-04-07,2013-14,Genoa,Milan,1,2
2014-04-07,2013-14,Juventus,Livorno,2,0
2014-04-12,2013-14,Roma,Atalanta,3,1
2014-04-12,2013-14,Sassuolo,Cagliari,1,1
2014-04-13,2013-14,Bologna,Parma,1,1
2014-04-13,2013-14,Livorno,Chievo,2,4
2014-04-13,2013-14,Milan,Catania,1,0
2014-04-13,2013-14,Napoli,Lazio,4,2
2014-04-13,2013-14,Sampdoria,Inter,0,4
2014-04-13,2013-14,Torino,Genoa,2,1
2014-04-13,2013-14,Verona,Fiorentina,3,5
2014-04-14,2013-14,Udinese,Juventus,0,2
2014-04-19,2013-14,Atalanta,Verona,1,2
2014-04-19,2013-14,Catania,Sampdoria,2,1
2014-04-19,2013-14,Chievo,Sassuolo,0,1
2014-04-19,2013-14,Fiorentina,Roma,0,1
2014-04-19,2013-14,Genoa,Cagliari,1,2
2014-04-19,2013-14,Juventus,Bologna,1,0
2014-04-19,2013-14,Lazio,Torino,3,3
2014-04-19,2013-14,Milan,Livorno,3,0
2014-04-19,2013-14,Parma,Inter,0,2
2014-04-19,2013-14,Udinese,Napoli,1,1
2014-04-25,2013-14,Roma,Milan,2,0
2014-04-26,2013-14,Bologna,Fiorentina,0,3
2014-04-26,2013-14,Inter,Napoli,0,0
2014-04-27,2013-14,Atalanta,Genoa,1,1
2014-04-27,2013-14,Cagliari,Parma,1,0
2014-04-27,2013-14,Livorno,Lazio,0,2
2014-04-27,2013-14,Sampdoria,Chievo,2,1
2014-04-27,2013-14,Torino,Udinese,2,0
2014-04-27,2013-14,Verona,Catania,4,0
2014-04-28,2013-14,Sassuolo,Juventus,1,3
2014-05-04,2013-14,Catania,Roma,4,1
2014-05-04,2013-14,Chievo,Torino,0,1
2014-05-04,2013-14,Genoa,Bologna,0,0
2014-05-04,2013-14,Milan,Inter,1,0
2014-05-04,2013-14,Parma,Sampdoria,2,0
2014-05-04,2013-14,Udinese,Livorno,5,3
2014-05-05,2013-14,Juventus,Atalanta,1,0
2014-05-05,2013-14,Lazio,Verona,3,3
2014-05-06,2013-14,Fiorentina,Sassuolo,3,4
2014-05-06,2013-14,Napoli,Cagliari,3,0
2014-05-10,2013-14,Inter,Lazio,4,1
2014-05-10,2013-14,Verona,Udinese,2,2
2014-05-11,2013-14,Atalanta,Milan,2,1
2014-05-11,2013-14,Bologna,Catania,1,2
2014-05-11,2013-14,Cagliari,Chievo,0,1
2014-05-11,2013-14,Livorno,Fiorentina,0,1
2014-05-11,2013-14,Roma,Juventus,0,1
2014-05-11,2013-14,Sampdoria,Napoli,2,5
2014-05-11,2013-14,Sassuolo,Genoa,4,2
2014-05-11,2013-14,Torino,Parma,1,1
2014-05-17,2013-14,Udinese,Sampdoria,3,3
2014-05-18,2013-14,Catania,Atalanta,2,1
2014-05-18,2013-14,Chievo,Inter,2,1
2014-05-18,2013-14,Fiorentina,Torino,2,2
2014-05-18,2013-14,Genoa,Roma,1,0
2014-05-18,2013-14,Juventus,Cagliari,3,0
2014-05-18,2013-14,Lazio,Bologna,1,0
2014-05-18,2013-14,Milan,Sassuolo,2,1
2014-05-18,2013-14,Napoli,Verona,5,1
2014-05-18,2013-14,Parma,Livorno,2,0
2014-08-30,2014-15,Chievo,Juventus,0,1
2014-08-30,2014-15,Roma,Fiorentina,2,0
2014-08-31,2014-15,Atalanta,Verona,0,0
2014-08-31,2014-15,Cesena,Parma,1,0
2014-08-31,2014-15,Genoa,Napoli,1,2
2014-08-31,2014-15,Milan,Lazio,3,1
2014-08-31,2014-15,Palermo,Sampdoria,1,1
2014-08-31,2014-15,Sassuolo,Cagliari,1,1
2014-08-31,2014-15,Torino,Inter,0,0
2014-08-31,2014-15,Udinese,Empoli,2,0
2014-09-13,2014-15,Empoli,Roma,0,1
2014-09-13,2014-15,Juventus,Udinese,2,0
2014-09-14,2014-15,Cagliari,Atalanta,1,2
2014-09-14,2014-15,Fiorentina,Genoa,0,0
2014-09-14,2014-15,Inter,Sassuolo,7,0
2014-09-14,2014-15,Lazio,Cesena,3,0
2014-09-14,2014-15,Napoli,Chievo,0,1
2014-09-14,2014-15,Parma,Milan,4,5
2014-09-14,2014-15,Sampdoria,Torino,2,0
2014-09-15,2014-15,Verona,Palermo,2,1
2014-09-20,2014-15,Cesena,Empoli,2,2
2014-09-20,2014-15,Milan,Juventus,0,1
2014-09-21,2014-15,Atalanta,Fiorentina,0,1
2014-09-21,2014-15,Chievo,Parma,2,3
2014-09-21,2014-15,Genoa,Lazio,1,0
2014-09-21,2014-15,Palermo,Inter,1,1
2014-09-21,2014-15,Roma,Cagliari,2,0
2014-09-21,2014-15,Sassuolo,Sampdoria,0,0
2014-09-21,2014-15,Torino,Verona,0,1
2014-09-21,2014-15,Udinese,Napoli,1,0
2014-09-23,2014-15,Empoli,Milan,2,2
2014-09-24,2014-15,Cagliari,Torino,1,2
2014-09-24,2014-15,Fiorentina,Sassuolo,0,0
2014-09-24,2014-15,Inter,Atalanta,2,0
2014-09-24,2014-15,Juventus,Cesena,3,0
2014-09-24,2014-15,Napoli,Palermo,3,3
2014-09-24,2014-15,Parma,Roma,1,2
2014-09-24,2014-15,Sampdoria,Chievo,2,1
2014-09-24,2014-15,Verona,Genoa,2,2
2014-09-25,2014-15,Lazio,Udinese,0,1
2014-09-27,2014-15,Atalanta,Juventus,0,3
2014-09-27,2014-15,Roma,Verona,2,0
2014-09-28,2014-15,Cesena,Milan,1,1
2014-09-28,2014-15,Chievo,Empoli,1,1
2014-09-28,2014-15,Genoa,Sampdoria,0,1
2014-09-28,2014-15,Inter,Cagliari,1,4
2014-09-28,2014-15,Sassuolo,Napoli,0,1
2014-09-28,2014-15,Torino,Fiorentina,1,1
2014-09-29,2014-15,Palermo,Lazio,0,4
2014-09-29,2014-15,Udinese,Parma,4,2
2014-10-04,2014-15,Milan,Chievo,2,0
2014-10-04,2014-15,Verona,Cagliari,1,0
2014-10-05,2014-15,Empoli,Palermo,3,0
2014-10-05,2014-15,Fiorentina,Inter,3,0
2014-10-05,2014-15,Juventus,Roma,3,2
2014-10-05,2014-15,Lazio,Sassuolo,3,2
2014-10-05,2014-15,Napoli,Torino,2,1
2014-10-05,2014-15,Parma,Genoa,1,2
2014-10-05,2014-15,Sampdoria,Atalanta,1,0
2014-10-05,2014-15,Udinese,Cesena,1,1
2014-10-18,2014-15,Roma,Chievo,3,0
2014-10-18,2014-15,Sassuolo,Juventus,1,1
2014-10-19,2014-15,Atalanta,Parma,1,0
2014-10-19,2014-15,Cagliari,Sampdoria,2,2
2014-10-19,2014-15,Fiorentina,Lazio,0,2
2014-10-19,2014-15,Inter,Napoli,2,2
2014-10-19,2014-15,Palermo,Cesena,2,1
2014-10-19,2014-15,Torino,Udinese,1,0
2014-10-19,2014-15,Verona,Milan,1,3
2014-10-20,2014-15,Genoa,Empoli,1,1
2014-10-25,2014-15,Empoli,Cagliari,0,4
2014-10-25,2014-15,Parma,Sassuolo,1,3
2014-10-25,2014-15,Sampdoria,Roma,0,0
2014-10-26,2014-15,Cesena,Inter,0,1
2014-10-26,2014-15,Chievo,Genoa,1,2
2014-10-26,2014-15,Juventus,Palermo,2,0
2014-10-26,2014-15,Lazio,Torino,2,1
2014-10-26,2014-15,Milan,Fiorentina,1,1
2014-10-26,2014-15,Napoli,Verona,6,2
2014-10-26,2014-15,Udinese,Atalanta,2,0
2014-10-28,2014-15,Sassuolo,Empoli,3,1
2014-10-29,2014-15,Atalanta,Napoli,1,1
2014-10-29,2014-15,Cagliari,Milan,1,1
2014-10-29,2014-15,Fiorentina,Udinese,3,0
2014-10-29,2014-15,Genoa,Juventus,1,0
2014-10-29,2014-15,Inter,Sampdoria,1,0
2014-10-29,2014-15,Palermo,Chievo,1,0
2014-10-29,2014-15,Roma,Cesena,2,0
2014-10-29,2014-15,Torino,Parma,1,0
2014-10-30,2014-15,Verona,Lazio,1,1
2014-11-01,2014-15,Empoli,Juventus,0,2
2014-11-01,2014-15,Napoli,Roma,2,0
2014-11-01,2014-15,Parma,Inter,2,0
2014-11-02,2014-15,Chievo,Sassuolo,0,0
2014-11-02,2014-15,Milan,Palermo,0,2
2014-11-02,2014-15,Sampdoria,Fiorentina,3,1
2014-11-02,2014-15,Torino,Atalanta,0,0
2014-11-02,2014-15,Udinese,Genoa,2,4
2014-11-03,2014-15,Cesena,Verona,1,1
2014-11-03,2014-15,Lazio,Cagliari,4,2
2014-11-08,2014-15,Sampdoria,Milan,2,2
2014-11-08,2014-15,Sassuolo,Atalanta,0,0
2014-11-09,2014-15,Cagliari,Genoa,1,1
2014-11-09,2014-15,Chievo,Cesena,2,1
2014-11-09,2014-15,Empoli,Lazio,2,1
2014-11-09,2014-15,Fiorentina,Napoli,0,1
2014-11-09,2014-15,Inter,Verona,2,2
2014-11-09,2014-15,Juventus,Parma,7,0
2014-11-09,2014-15,Palermo,Udinese,1,1
2014-11-09,2014-15,Roma,Torino,3,0
2014-11-22,2014-15,Atalanta,Roma,1,2
2014-11-22,2014-15,Lazio,Juventus,0,3
2014-11-23,2014-15,Cesena,Sampdoria,1,1
2014-11-23,2014-15,Milan,Inter,1,1
2014-11-23,2014-15,Napoli,Cagliari,3,3
2014-11-23,2014-15,Parma,Empoli,0,2
2014-11-23,2014-15,Torino,Sassuolo,0,1
2014-11-23,2014-15,Udinese,Chievo,1,1
2014-11-23,2014-15,Verona,Fiorentina,1,2
2014-11-24,2014-15,Genoa,Palermo,1,1
2014-11-29,2014-15,Chievo,Lazio,0,0
2014-11-29,2014-15,Sassuolo,Verona,2,1
2014-11-30,2014-15,Cagliari,Fiorentina,0,4
2014-11-30,2014-15,Cesena,Genoa,0,3
2014-11-30,2014-15,Empoli,Atalanta,0,0
2014-11-30,2014-15,Juventus,Torino,2,1
2014-11-30,2014-15,Milan,Udinese,2,0
2014-11-30,2014-15,Palermo,Parma,2,1
2014-11-30,2014-15,Roma,Inter,4,2
2014-12-01,2014-15,Sampdoria,Napoli,1,1
2014-12-05,2014-15,Fiorentina,Juventus,0,0
2014-12-06,2014-15,Roma,Sassuolo,2,2
2014-12-06,2014-15,Torino,Palermo,2,2
2014-12-07,2014-15,Atalanta,Cesena,3,2
2014-12-07,2014-15,Genoa,Milan,1,0
2014-12-07,2014-15,Inter,Udinese,1,2
2014-12-07,2014-15,Napoli,Empoli,2,2
2014-12-07,2014-15,Parma,Lazio,1,2
2014-12-08,2014-15,Cagliari,Chievo,0,2
2014-12-08,2014-15,Verona,Sampdoria,1,3
2014-12-13,2014-15,Lazio,Atalanta,3,0
2014-12-13,2014-15,Palermo,Sassuolo,2,1
2014-12-14,2014-15,Cesena,Fiorentina,1,4
2014-12-14,2014-15,Genoa,Roma,0,1
2014-12-14,2014-15,Juventus,Sampdoria,1,1
2014-12-14,2014-15,Milan,Napoli,2,0
2014-12-14,2014-15,Parma,Cagliari,0,0
2014-12-14,2014-15,Udinese,Verona,1,2
2014-12-15,2014-15,Chievo,Inter,0,2
2014-12-15,2014-15,Empoli,Torino,0,0
2014-12-18,2014-15,Cagliari,Juventus,1,3
2014-12-18,2014-15,Napoli,Parma,2,0
2014-12-20,2014-15,Roma,Milan,0,0
2014-12-20,2014-15,Sassuolo,Cesena,1,1
2014-12-21,2014-15,Atalanta,Palermo,3,3
2014-12-21,2014-15,Fiorentina,Empoli,1,1
2014-12-21,2014-15,Inter,Lazio,2,2
2014-12-21,2014-15,Sampdoria,Udinese,2,2
2014-12-21,2014-15,Torino,Genoa,2,1
2014-12-21,2014-15,Verona,Chievo,0,1
2015-01-05,2014-15,Lazio,Sampdoria,3,0
2015-01-06,2014-15,Cesena,Napoli,1,4
2015-01-06,2014-15,Chievo,Torino,0,0
2015-01-06,2014-15,Empoli,Verona,0,0
2015-01-06,2014-15,Genoa,Atalanta,2,2
2015-01-06,2014-15,Juventus,Inter,1,1
2015-01-06,2014-15,Milan,Sassuolo,1,2
2015-01-06,2014-15,Palermo,Cagliari,5,0
2015-01-06,2014-15,Parma,Fiorentina,1,0
2015-01-06,2014-15,Udinese,Roma,0,1
2015-01-10,2014-15,Sassuolo,Udinese,1,1
2015-01-10,2014-15,Torino,Milan,1,1
2015-01-11,2014-15,Atalanta,Chievo,1,1
2015-01-11,2014-15,Cagliari,Cesena,2,1
2015-01-11,2014-15,Fiorentina,Palermo,4,3
2015-01-11,2014-15,Inter,Genoa,3,1
2015-01-11,2014-15,Napoli,Juventus,1,3
2015-01-11,2014-15,Roma,Lazio,2,2
2015-01-11,2014-15,Sampdoria,Empoli,1,0
2015-01-11,2014-15,Verona,Parma,3,1
2015-01-17,2014-15,Empoli,Inter,0,0
2015-01-17,2014-15,Palermo,Roma,1,1
2015-01-18,2014-15,Cesena,Torino,2,3
2015-01-18,2014-15,Chievo,Fiorentina,1,2
2015-01-18,2014-15,Genoa,Sassuolo,3,3
2015-01-18,2014-15,Juventus,Verona,4,0
2015-01-18,2014-15,Lazio,Napoli,0,1
2015-01-18,2014-15,Milan,Atalanta,0,1
2015-01-18,2014-15,Parma,Sampdoria,0,2
2015-01-18,2014-15,Udinese,Cagliari,2,2
2015-01-24,2014-15,Cagliari,Sassuolo,2,1
2015-01-24,2014-15,Lazio,Milan,3,1
2015-01-25,2014-15,Fiorentina,Roma,1,1
2015-01-25,2014-15,Inter,Torino,0,1
2015-01-25,2014-15,Juventus,Chievo,2,0
2015-01-25,2014-15,Parma,Cesena,1,2
2015-01-25,2014-15,Sampdoria,Palermo,1,1
2015-01-25,2014-15,Verona,Atalanta,1,0
2015-01-26,2014-15,Empoli,Udinese,1,2
2015-01-26,2014-15,Napoli,Genoa,2,1
2015-01-31,2014-15,Genoa,Fiorentina,1,1
2015-01-31,2014-15,Roma,Empoli,1,1
2015-02-01,2014-15,Atalanta,Cagliari,2,1
2015-02-01,2014-15,Cesena,Lazio,2,1
2015-02-01,2014-15,Chievo,Napoli,1,2
2015-02-01,2014-15,Milan,Parma,3,1
2015-02-01,2014-15,Palermo,Verona,2,1
2015-02-01,2014-15,Sassuolo,Inter,3,1
2015-02-01,2014-15,Torino,Sampdoria,5,1
2015-02-01,2014-15,Udinese,Juventus,0,0
2015-02-07,2014-15,Juventus,Milan,3,1
2015-02-07,2014-15,Verona,Torino,1,3
2015-02-08,2014-15,Cagliari,Roma,1,2
2015-02-08,2014-15,Empoli,Cesena,2,0
2015-02-08,2014-15,Fiorentina,Atalanta,3,2
2015-02-08,2014-15,Inter,Palermo,3,0
2015-02-08,2014-15,Napoli,Udinese,3,1
2015-02-08,2014-15,Sampdoria,Sassuolo,1,1
2015-02-09,2014-15,Lazio,Genoa,0,1
2015-02-11,2014-15,Parma,Chievo,0,1
2015-02-14,2014-15,Palermo,Napoli,3,1
2015-02-14,2014-15,Sassuolo,Fiorentina,1,3
2015-02-15,2014-15,Atalanta,Inter,1,4
2015-02-15,2014-15,Cesena,Juventus,2,2
2015-02-15,2014-15,Chievo,Sampdoria,2,1
2015-02-15,2014-15,Genoa,Verona,5,2
2015-02-15,2014-15,Milan,Empoli,1,1
2015-02-15,2014-15,Roma,Parma,0,0
2015-02-15,2014-15,Torino,Cagliari,1,1
2015-02-15,2014-15,Udinese,Lazio,0,1
2015-02-20,2014-15,Juventus,Atalanta,2,1
2015-02-22,2014-15,Empoli,Chievo,3,0
2015-02-22,2014-15,Fiorentina,Torino,1,1
2015-02-22,2014-15,Lazio,Palermo,2,1
2015-02-22,2014-15,Milan,Cesena,2,0
2015-02-22,2014-15,Verona,Roma,1,1
2015-02-23,2014-15,Cagliari,Inter,1,2
2015-02-23,2014-15,Napoli,Sassuolo,2,0
2015-02-24,2014-15,Sampdoria,Genoa,1,1
2015-02-28,2014-15,Chievo,Milan,0,0
2015-03-01,2014-15,Atalanta,Sampdoria,1,2
2015-03-01,2014-15,Cagliari,Verona,1,2
2015-03-01,2014-15,Cesena,Udinese,1,0
2015-03-01,2014-15,Inter,Fiorentina,0,1
2015-03-01,2014-15,Palermo,Empoli,0,0
2015-03-01,2014-15,Sassuolo,Lazio,0,3
2015-03-01,2014-15,Torino,Napoli,1,0
2015-03-02,2014-15,Roma,Juventus,1,1
2015-03-07,2014-15,Milan,Verona,2,2
2015-03-07,2014-15,Sampdoria,Cagliari,2,0
2015-03-08,2014-15,Cesena,Palermo,0,0
2015-03-08,2014-15,Chievo,Roma,0,0
2015-03-08,2014-15,Empoli,Genoa,1,1
2015-03-08,2014-15,Napoli,Inter,2,2
2015-03-08,2014-15,Parma,Atalanta,0,0
2015-03-08,2014-15,Udinese,Torino,3,2
2015-03-09,2014-15,Juventus,Sassuolo,1,0
2015-03-09,2014-15,Lazio,Fiorentina,4,0
2015-03-14,2014-15,Cagliari,Empoli,1,1
2015-03-14,2014-15,Palermo,Juventus,0,1
2015-03-15,2014-15,Atalanta,Udinese,0,0
2015-03-15,2014-15,Genoa,Chievo,0,2
2015-03-15,2014-15,Inter,Cesena,1,1
2015-03-15,2014-15,Sassuolo,Parma,4,1
2015-03-15,2014-15,Verona,Napoli,2,0
2015-03-16,2014-15,Fiorentina,Milan,2,1
2015-03-16,2014-15,Roma,Sampdoria,0,2
2015-03-16,2014-15,Torino,Lazio,0,2
2015-03-21,2014-15,Chievo,Palermo,1,0
2015-03-21,2014-15,Milan,Cagliari,3,1
2015-03-22,2014-15,Cesena,Roma,0,1
2015-03-22,2014-15,Empoli,Sassuolo,3,1
2015-03-22,2014-15,Juventus,Genoa,1,0
2015-03-22,2014-15,Lazio,Verona,2,0
2015-03-22,2014-15,Napoli,Atalanta,1,1
2015-03-22,2014-15,Parma,Torino,0,2
2015-03-22,2014-15,Sampdoria,Inter,1,0
2015-03-22,2014-15,Udinese,Fiorentina,2,2
2015-04-04,2014-15,Atalanta,Torino,1,2
2015-04-04,2014-15,Cagliari,Lazio,1,3
2015-04-04,2014-15,Fiorentina,Sampdoria,2,0
2015-04-04,2014-15,Genoa,Udinese,1,1
2015-04-04,2014-15,Inter,Parma,1,1
2015-04-04,2014-15,Juventus,Empoli,2,0
2015-04-04,2014-15,Palermo,Milan,1,2
2015-04-04,2014-15,Roma,Napoli,1,0
2015-04-04,2014-15,Sassuolo,Chievo,1,0
2015-04-04,2014-15,Verona,Cesena,3,3
2015-04-08,2014-15,Parma,Udinese,1,0
2015-04-11,2014-15,Genoa,Cagliari,2,0
2015-04-11,2014-15,Parma,Juventus,1,0
2015-04-11,2014-15,Verona,Inter,0,3
2015-04-12,2014-15,Atalanta,Sassuolo,2,1
2015-04-12,2014-15,Cesena,Chievo,0,1
2015-04-12,2014-15,Lazio,Empoli,4,0
2015-04-12,2014-15,Milan,Sampdoria,1,1
2015-04-12,2014-15,Napoli,Fiorentina,3,0
2015-04-12,2014-15,Torino,Roma,1,1
2015-04-12,2014-15,Udinese,Palermo,1,3
2015-04-15,2014-15,Genoa,Parma,2,0
2015-04-18,2014-15,Juventus,Lazio,2,0
2015-04-18,2014-15,Sampdoria,Cesena,0,0
2015-04-19,2014-15,Cagliari,Napoli,0,3
2015-04-19,2014-15,Chievo,Udinese,1,1
2015-04-19,2014-15,Empoli,Parma,2,2
2015-04-19,2014-15,Inter,Milan,0,0
2015-04-19,2014-15,Palermo,Genoa,2,1
2015-04-19,2014-15,Roma,Atalanta,1,1
2015-04-19,2014-15,Sassuolo,Torino,1,1
2015-04-20,2014-15,Fiorentina,Verona,0,1
2015-04-25,2014-15,Inter,Roma,2,1
2015-04-25,2014-15,Udinese,Milan,2,1
2015-04-26,2014-15,Atalanta,Empoli,2,2
2015-04-26,2014-15,Fiorentina,Cagliari,1,3
2015-04-26,2014-15,Genoa,Cesena,3,1
2015-04-26,2014-15,Lazio,Chievo,1,1
2015-04-26,2014-15,Napoli,Sampdoria,4,2
2015-04-26,2014-15,Parma,Palermo,1,0
2015-04-26,2014-15,Torino,Juventus,2,1
2015-04-26,2014-15,Verona,Sassuolo,3,2
2015-04-28,2014-15,Udinese,Inter,1,2
2015-04-29,2014-15,Cesena,Atalanta,2,2
2015-04-29,2014-15,Chievo,Cagliari,1,0
2015-04-29,2014-15,Juventus,Fiorentina,3,2
2015-04-29,2014-15,Lazio,Parma,4,0
2015-04-29,2014-15,Milan,Genoa,1,3
2015-04-29,2014-15,Palermo,Torino,2,2
2015-04-29,2014-15,Sampdoria,Verona,1,1
2015-04-29,2014-15,Sassuolo,Roma,0,3
2015-04-30,2014-15,Empoli,Napoli,4,2
2015-05-02,2014-15,Sampdoria,Juventus,0,1
2015-05-02,2014-15,Sassuolo,Palermo,0,0
2015-05-03,2014-15,Atalanta,Lazio,1,1
2015-05-03,2014-15,Fiorentina,Cesena,3,1
2015-05-03,2014-15,Inter,Chievo,0,0
2015-05-03,2014-15,Napoli,Milan,3,0
2015-05-03,2014-15,Roma,Genoa,2,0
2015-05-03,2014-15,Verona,Udinese,0,1
2015-05-04,2014-15,Cagliari,Parma,4,0
2015-05-06,2014-15,Torino,Empoli,0,1
2015-05-09,2014-15,Juventus,Cagliari,1,1
2015-05-09,2014-15,Milan,Roma,2,1
2015-05-10,2014-15,Cesena,Sassuolo,2,3
2015-05-10,2014-15,Chievo,Verona,2,2
2015-05-10,2014-15,Empoli,Fiorentina,2,3
2015-05-10,2014-15,Lazio,Inter,1,2
2015-05-10,2014-15,Palermo,Atalanta,2,3
2015-05-10,2014-15,Parma,Napoli,2,2
2015-05-10,2014-15,Udinese,Sampdoria,1,4
2015-05-11,2014-15,Genoa,Torino,5,1
2015-05-16,2014-15,Inter,Juventus,1,2
2015-05-16,2014-15,Sampdoria,Lazio,0,1
2015-05-17,2014-15,Atalanta,Genoa,1,4
2015-05-17,2014-15,Cagliari,Palermo,0,1
2015-05-17,2014-15,Roma,Udinese,2,1
2015-05-17,2014-15,Sassuolo,Milan,3,2
2015-05-17,2014-15,Torino,Chievo,2,0
2015-05-17,2014-15,Verona,Empoli,2,1
2015-05-18,2014-15,Fiorentina,Parma,3,0
2015-05-18,2014-15,Napoli,Cesena,3,2
2015-05-23,2014-15,Genoa,Inter,3,2
2015-05-23,2014-15,Juventus,Napoli,3,1
2015-05-24,2014-15,Cesena,Cagliari,0,1
2015-05-24,2014-15,Chievo,Atalanta,1,1
2015-05-24,2014-15,Empoli,Sampdoria,1,1
2015-05-24,2014-15,Milan,Torino,3,0
2015-05-24,2014-15,Palermo,Fiorentina,2,3
2015-05-24,2014-15,Parma,Verona,2,2
2015-05-24,2014-15,Udinese,Sassuolo,0,1
2015-05-25,2014-15,Lazio,Roma,1,2
2015-05-30,2014-15,Atalanta,Milan,1,3
2015-05-30,2014-15,Verona,Juventus,2,2
2015-05-31,2014-15,Cagliari,Udinese,4,3
2015-05-31,2014-15,Fiorentina,Chievo,3,0
2015-05-31,2014-15,Inter,Empoli,4,3
2015-05-31,2014-15,Napoli,Lazio,2,4
2015-05-31,2014-15,Roma,Palermo,1,2
2015-05-31,2014-15,Sampdoria,Parma,2,2
2015-05-31,2014-15,Sassuolo,Genoa,3,1
2015-05-31,2014-15,Torino,Cesena,5,0
2015-08-22,2015-16,Lazio,Bologna,2,1
2015-08-22,2015-16,Verona,Roma,1,1
2015-08-23,2015-16,Empoli,Chievo,1,3
2015-08-23,2015-16,Fiorentina,Milan,2,0
2015-08-23,2015-16,Frosinone,Torino,1,2
2015-08-23,2015-16,Inter,Atalanta,1,0
2015-08-23,2015-16,Juventus,Udinese,0,1
2015-08-23,2015-16,Palermo,Genoa,1,0
2015-08-23,2015-16,Sampdoria,Carpi,5,2
2015-08-23,2015-16,Sassuolo,Napoli,2,1
2015-08-29,2015-16,Bologna,Sassuolo,0,1
2015-08-29,2015-16,Milan,Empoli,2,1
2015-08-30,2015-16,Atalanta,Frosinone,2,0
2015-08-30,2015-16,Carpi,Inter,1,2
2015-08-30,2015-16,Chievo,Lazio,4,0
2015-08-30,2015-16,Genoa,Verona,2,0
2015-08-30,2015-16,Napoli,Sampdoria,2,2
2015-08-30,2015-16,Roma,Juventus,2,1
2015-08-30,2015-16,Torino,Fiorentina,3,1
2015-08-30,2015-16,Udinese,Palermo,0,1
2015-09-12,2015-16,Fiorentina,Genoa,1,0
2015-09-12,2015-16,Frosinone,Roma,0,2
2015-09-12,2015-16,Juventus,Chievo,1,1
2015-09-13,2015-16,Empoli,Napoli,2,2
2015-09-13,2015-16,Inter,Milan,1,0
2015-09-13,2015-16,Lazio,Udinese,2,0
2015-09-13,2015-16,Palermo,Carpi,2,2
2015-09-13,2015-16,Sassuolo,Atalanta,2,2
2015-09-13,2015-16,Verona,Torino,2,2
2015-09-14,2015-16,Sampdoria,Bologna,2,0
2015-09-19,2015-16,Milan,Palermo,3,2
2015-09-19,2015-16,Udinese,Empoli,1,2
2015-09-20,2015-16,Atalanta,Verona,1,1
2015-09-20,2015-16,Bologna,Frosinone,1,0
2015-09-20,2015-16,Carpi,Fiorentina,0,1
2015-09-20,2015-16,Chievo,Inter,0,1
2015-09-20,2015-16,Genoa,Juventus,0,2
2015-09-20,2015-16,Napoli,Lazio,5,0
2015-09-20,2015-16,Roma,Sassuolo,2,2
2015-09-20,2015-16,Torino,Sampdoria,2,0
2015-09-22,2015-16,Udinese,Milan,2,3
2015-09-23,2015-16,Carpi,Napoli,0,0
2015-09-23,2015-16,Chievo,Torino,1,0
2015-09-23,2015-16,Fiorentina,Bologna,2,0
2015-09-23,2015-16,Inter,Verona,1,0
2015-09-23,2015-16,Juventus,Frosinone,1,1
2015-09-23,2015-16,Lazio,Genoa,2,0
2015-09-23,2015-16,Palermo,Sassuolo,0,1
2015-09-23,2015-16,Sampdoria,Roma,2,1
2015-09-24,2015-16,Empoli,Atalanta,0,1
2015-09-26,2015-16,Napoli,Juventus,2,1
2015-09-26,2015-16,Roma,Carpi,5,1
2015-09-27,2015-16,Bologna,Udinese,1,2
2015-09-27,2015-16,Genoa,Milan,1,0
2015-09-27,2015-16,Inter,Fiorentina,1,4
2015-09-27,2015-16,Sassuolo,Chievo,1,1
2015-09-27,2015-16,Torino,Palermo,2,1
2015-09-27,2015-16,Verona,Lazio,1,2
2015-09-28,2015-16,Atalanta,Sampdoria,2,1
2015-09-28,2015-16,Frosinone,Empoli,2,0
2015-10-03,2015-16,Carpi,Torino,2,1
2015-10-03,2015-16,Chievo,Verona,1,1
2015-10-04,2015-16,Empoli,Sassuolo,1,0
2015-10-04,2015-16,Fiorentina,Atalanta,3,0
2015-10-04,2015-16,Juventus,Bologna,3,1
2015-10-04,2015-16,Lazio,Frosinone,2,0
2015-10-04,2015-16,Milan,Napoli,0,4
2015-10-04,2015-16,Palermo,Roma,2,4
2015-10-04,2015-16,Sampdoria,Inter,1,1
2015-10-04,2015-16,Udinese,Genoa,1,1
2015-10-17,2015-16,Roma,Empoli,3,1
2015-10-17,2015-16,Torino,Milan,1,1
2015-10-18,2015-16,Atalanta,Carpi,3,0
2015-10-18,2015-16,Bologna,Palermo,0,1
2015-10-18,2015-16,Frosinone,Sampdoria,2,0
2015-10-18,2015-16,Genoa,Chievo,3,2
2015-10-18,2015-16,Inter,Juventus,0,0
2015-10-18,2015-16,Napoli,Fiorentina,2,1
2015-10-18,2015-16,Sassuolo,Lazio,2,1
2015-10-18,2015-16,Verona,Udinese,1,1
2015-10-24,2015-16,Carpi,Bologna,1,2
2015-10-24,2015-16,Empoli,Genoa,2,0
2015-10-24,2015-16,Palermo,Inter,1,1
2015-10-25,2015-16,Chievo,Napoli,0,1
2015-10-25,2015-16,Fiorentina,Roma,1,2
2015-10-25,2015-16,Juventus,Atalanta,2,0
2015-10-25,2015-16,Lazio,Torino,3,0
2015-10-25,2015-16,Milan,Sassuolo,2,1
2015-10-25,2015-16,Sampdoria,Verona,4,1
2015-10-25,2015-16,Udinese,Frosinone,1,0
2015-10-27,2015-16,Bologna,Inter,0,1
2015-10-28,2015-16,Atalanta,Lazio,2,1
2015-10-28,2015-16,Frosinone,Carpi,2,1
2015-10-28,2015-16,Milan,Chievo,1,0
2015-10-28,2015-16,Napoli,Palermo,2,0
2015-10-28,2015-16,Roma,Udinese,3,1
2015-10-28,2015-16,Sassuolo,Juventus,1,0
2015-10-28,2015-16,Torino,Genoa,3,3
2015-10-28,2015-16,Verona,Fiorentina,0,2
2015-10-29,2015-16,Sampdoria,Empoli,1,1
2015-10-31,2015-16,Inter,Roma,1,0
2015-10-31,2015-16,Juventus,Torino,2,1
2015-11-01,2015-16,Bologna,Atalanta,3,0
2015-11-01,2015-16,Carpi,Verona,0,0
2015-11-01,2015-16,Fiorentina,Frosinone,4,1
2015-11-01,2015-16,Genoa,Napoli,0,0
2015-11-01,2015-16,Lazio,Milan,1,3
2015-11-01,2015-16,Udinese,Sassuolo,0,0
2015-11-02,2015-16,Chievo,Sampdoria,1,1
2015-11-02,2015-16,Palermo,Empoli,0,1
2015-11-07,2015-16,Milan,Atalanta,0,0
2015-11-07,2015-16,Verona,Bologna,0,2
2015-11-08,2015-16,Empoli,Juventus,1,3
2015-11-08,2015-16,Frosinone,Genoa,2,2
2015-11-08,2015-16,Napoli,Udinese,1,0
2015-11-08,2015-16,Palermo,Chievo,1,0
2015-11-08,2015-16,Roma,Lazio,2,0
2015-11-08,2015-16,Sampdoria,Fiorentina,0,2
2015-11-08,2015-16,Sassuolo,Carpi,1,0
2015-11-08,2015-16,Torino,Inter,0,1
2015-11-21,2015-16,Bologna,Roma,2,2
2015-11-21,2015-16,Juventus,Milan,1,0
2015-11-22,2015-16,Atalanta,Torino,0,1
2015-11-22,2015-16,Carpi,Chievo,1,2
2015-11-22,2015-16,Fiorentina,Empoli,2,2
2015-11-22,2015-16,Genoa,Sassuolo,2,1
2015-11-22,2015-16,Inter,Frosinone,4,0
2015-11-22,2015-16,Lazio,Palermo,1,1
2015-11-22,2015-16,Udinese,Sampdoria,1,0
2015-11-22,2015-16,Verona,Napoli,0,2
2015-11-28,2015-16,Milan,Sampdoria,4,1
2015-11-28,2015-16,Torino,Bologna,2,0
2015-11-29,2015-16,Chievo,Udinese,2,3
2015-11-29,2015-16,Empoli,Lazio,1,0
2015-11-29,2015-16,Frosinone,Verona,3,2
2015-11-29,2015-16,Genoa,Carpi,1,2
2015-11-29,2015-16,Palermo,Juventus,0,3
2015-11-29,2015-16,Roma,Atalanta,0,2
2015-11-30,2015-16,Napoli,Inter,2,1
2015-11-30,2015-16,Sassuolo,Fiorentina,1,1
2015-12-04,2015-16,Lazio,Juventus,0,2
2015-12-05,2015-16,Inter,Genoa,1,0
2015-12-05,2015-16,Torino,Roma,1,1
2015-12-06,2015-16,Atalanta,Palermo,3,0
2015-12-06,2015-16,Bologna,Napoli,3,2
2015-12-06,2015-16,Carpi,Milan,0,0
2015-12-06,2015-16,Fiorentina,Udinese,3,0
2015-12-06,2015-16,Frosinone,Chievo,0,2
2015-12-06,2015-16,Sampdoria,Sassuolo,1,3
2015-12-06,2015-16,Verona,Empoli,0,1
2015-12-12,2015-16,Genoa,Bologna,0,1
2015-12-12,2015-16,Palermo,Frosinone,4,1
2015-12-12,2015-16,Udinese,Inter,0,4
2015-12-13,2015-16,Chievo,Atalanta,1,0
2015-12-13,2015-16,Empoli,Carpi,3,0
2015-12-13,2015-16,Juventus,Fiorentina,3,1
2015-12-13,2015-16,Milan,Verona,1,1
2015-12-13,2015-16,Napoli,Roma,0,0
2015-12-14,2015-16,Lazio,Sampdoria,1,1
2015-12-19,2015-16,Bologna,Empoli,2,3
2015-12-20,2015-16,Atalanta,Napoli,1,3
2015-12-20,2015-16,Carpi,Juventus,2,3
2015-12-20,2015-16,Fiorentina,Chievo,2,0
2015-12-20,2015-16,Frosinone,Milan,2,4
2015-12-20,2015-16,Inter,Lazio,1,2
2015-12-20,2015-16,Roma,Genoa,2,0
2015-12-20,2015-16,Sampdoria,Palermo,2,0
2015-12-20,2015-16,Torino,Udinese,0,1
2015-12-20,2015-16,Verona,Sassuolo,1,1
2016-01-05,2015-16,Genoa,Sampdoria,2,3
2016-01-06,2015-16,Chievo,Roma,3,3
2016-01-06,2015-16,Empoli,Inter,0,1
2016-01-06,2015-16,Juventus,Verona,3,0
2016-01-06,2015-16,Lazio,Carpi,0,0
2016-01-06,2015-16,Milan,Bologna,0,1
2016-01-06,2015-16,Napoli,Torino,2,1
2016-01-06,2015-16,Palermo,Fiorentina,1,3
2016-01-06,2015-16,Sassuolo,Frosinone,2,2
2016-01-06,2015-16,Udinese,Atalanta,2,1
2016-01-09,2015-16,Carpi,Udinese,2,1
2016-01-09,2015-16,Fiorentina,Lazio,1,3
2016-01-09,2015-16,Roma,Milan,1,1
2016-01-10,2015-16,Atalanta,Genoa,0,2
2016-01-10,2015-16,Bologna,Chievo,0,1
2016-01-10,2015-16,Frosinone,Napoli,1,5
2016-01-10,2015-16,Inter,Sassuolo,0,1
2016-01-10,2015-16,Sampdoria,Juventus,1,2
2016-01-10,2015-16,Torino,Empoli,0,1
2016-01-10,2015-16,Verona,Palermo,0,1
2016-01-16,2015-16,Atalanta,Inter,1,1
2016-01-16,2015-16,Napoli,Sassuolo,3,1
2016-01-16,2015-16,Torino,Frosinone,4,2
2016-01-17,2015-16,Bologna,Lazio,2,2
2016-01-17,2015-16,Carpi,Sampdoria,2,1
2016-01-17,2015-16,Chievo,Empoli,1,1
2016-01-17,2015-16,Genoa,Palermo,4,0
2016-01-17,2015-16,Milan,Fiorentina,2,0
2016-01-17,2015-16,Roma,Verona,1,1
2016-01-17,2015-16,Udinese,Juventus,0,4
2016-01-20,2015-16,Sassuolo,Torino,1,1
2016-01-23,2015-16,Empoli,Milan,2,2
2016-01-23,2015-16,Frosinone,Atalanta,0,0
2016-01-24,2015-16,Fiorentina,Torino,2,0
2016-01-24,2015-16,Inter,Carpi,1,1
2016-01-24,2015-16,Juventus,Roma,1,0
2016-01-24,2015-16,Lazio,Chievo,4,1
2016-01-24,2015-16,Palermo,Udinese,4,1
2016-01-24,2015-16,Sampdoria,Napoli,2,4
2016-01-24,2015-16,Sassuolo,Bologna,0,2
2016-01-24,2015-16,Verona,Genoa,1,1
2016-01-30,2015-16,Atalanta,Sassuolo,1,1
2016-01-30,2015-16,Carpi,Palermo,1,1
2016-01-30,2015-16,Roma,Frosinone,3,1
2016-01-31,2015-16,Bologna,Sampdoria,3,2
2016-01-31,2015-16,Chievo,Juventus,0,4
2016-01-31,2015-16,Genoa,Fiorentina,0,0
2016-01-31,2015-16,Milan,Inter,3,0
2016-01-31,2015-16,Napoli,Empoli,5,1
2016-01-31,2015-16,Torino,Verona,0,0
2016-01-31,2015-16,Udinese,Lazio,0,0
2016-02-02,2015-16,Sassuolo,Roma,0,2
2016-02-03,2015-16,Empoli,Udinese,1,1
2016-02-03,2015-16,Fiorentina,Carpi,2,1
2016-02-03,2015-16,Frosinone,Bologna,1,0
2016-02-03,2015-16,Inter,Chievo,1,0
2016-02-03,2015-16,Juventus,Genoa,1,0
2016-02-03,2015-16,Lazio,Napoli,0,2
2016-02-03,2015-16,Palermo,Milan,0,2
2016-02-03,2015-16,Sampdoria,Torino,2,2
2016-02-03,2015-16,Verona,Atalanta,2,1
2016-02-06,2015-16,Bologna,Fiorentina,1,1
2016-02-06,2015-16,Genoa,Lazio,0,0
2016-02-07,2015-16,Atalanta,Empoli,0,0
2016-02-07,2015-16,Frosinone,Juventus,0,2
2016-02-07,2015-16,Milan,Udinese,1,1
2016-02-07,2015-16,Napoli,Carpi,1,0
2016-02-07,2015-16,Roma,Sampdoria,2,1
2016-02-07,2015-16,Sassuolo,Palermo,2,2
2016-02-07,2015-16,Torino,Chievo,1,2
2016-02-07,2015-16,Verona,Inter,3,3
2016-02-11,2015-16,Lazio,Verona,5,2
2016-02-12,2015-16,Carpi,Roma,1,3
2016-02-13,2015-16,Chievo,Sassuolo,1,1
2016-02-13,2015-16,Empoli,Frosinone,1,2
2016-02-13,2015-16,Juventus,Napoli,1,0
2016-02-14,2015-16,Fiorentina,Inter,2,1
2016-02-14,2015-16,Milan,Genoa,2,1
2016-02-14,2015-16,Palermo,Torino,1,3
2016-02-14,2015-16,Sampdoria,Atalanta,0,0
2016-02-14,2015-16,Udinese,Bologna,0,1
2016-02-19,2015-16,Bologna,Juventus,0,0
2016-02-20,2015-16,Inter,Sampdoria,3,1
2016-02-20,2015-16,Verona,Chievo,3,1
2016-02-21,2015-16,Atalanta,Fiorentina,2,3
2016-02-21,2015-16,Frosinone,Lazio,0,0
2016-02-21,2015-16,Genoa,Udinese,2,1
2016-02-21,2015-16,Roma,Palermo,5,0
2016-02-21,2015-16,Sassuolo,Empoli,3,2
2016-02-21,2015-16,Torino,Carpi,0,0
2016-02-22,2015-16,Napoli,Milan,1,1
2016-02-27,2015-16,Empoli,Roma,1,3
2016-02-27,2015-16,Milan,Torino,1,0
2016-02-28,2015-16,Carpi,Atalanta,1,1
2016-02-28,2015-16,Chievo,Genoa,1,0
2016-02-28,2015-16,Juventus,Inter,2,0
2016-02-28,2015-16,Palermo,Bologna,0,0
2016-02-28,2015-16,Sampdoria,Frosinone,2,0
2016-02-28,2015-16,Udinese,Verona,2,0
2016-02-29,2015-16,Fiorentina,Napoli,1,1
2016-02-29,2015-16,Lazio,Sassuolo,0,2
2016-03-04,2015-16,Roma,Fiorentina,4,1
2016-03-05,2015-16,Napoli,Chievo,3,1
2016-03-05,2015-16,Verona,Sampdoria,0,3
2016-03-06,2015-16,Atalanta,Juventus,0,2
2016-03-06,2015-16,Bologna,Carpi,0,0
2016-03-06,2015-16,Frosinone,Udinese,2,0
2016-03-06,2015-16,Genoa,Empoli,1,0
2016-03-06,2015-16,Inter,Palermo,3,1
2016-03-06,2015-16,Sassuolo,Milan,2,0
2016-03-06,2015-16,Torino,Lazio,1,1
2016-03-11,2015-16,Juventus,Sassuolo,1,0
2016-03-12,2015-16,Empoli,Sampdoria,1,1
2016-03-12,2015-16,Inter,Bologna,2,1
2016-03-13,2015-16,Carpi,Frosinone,2,1
2016-03-13,2015-16,Chievo,Milan,0,0
2016-03-13,2015-16,Fiorentina,Verona,1,1
2016-03-13,2015-16,Genoa,Torino,3,2
2016-03-13,2015-16,Lazio,Atalanta,2,0
2016-03-13,2015-16,Palermo,Napoli,0,1
2016-03-13,2015-16,Udinese,Roma,1,2
2016-03-19,2015-16,Empoli,Palermo,0,0
2016-03-19,2015-16,Roma,Inter,1,1
2016-03-20,2015-16,Atalanta,Bologna,2,0
2016-03-20,2015-16,Frosinone,Fiorentina,0,0
2016-03-20,2015-16,Milan,Lazio,1,1
2016-03-20,2015-16,Napoli,Genoa,3,1
2016-03-20,2015-16,Sampdoria,Chievo,0,1
2016-03-20,2015-16,Sassuolo,Udinese,1,1
2016-03-20,2015-16,Torino,Juventus,1,4
2016-03-20,2015-16,Verona,Carpi,1,2
2016-04-02,2015-16,Carpi,Sassuolo,1,3
2016-04-02,2015-16,Juventus,Empoli,1,0
2016-04-03,2015-16,Atalanta,Milan,2,1
2016-04-03,2015-16,Chievo,Palermo,3,1
2016-04-03,2015-16,Fiorentina,Sampdoria,1,1
2016-04-03,2015-16,Genoa,Frosinone,4,0
2016-04-03,2015-16,Inter,Torino,1,2
2016-04-03,2015-16,Lazio,Roma,1,4
2016-04-03,2015-16,Udinese,Napoli,3,1
2016-04-04,2015-16,Bologna,Verona,0,1
2016-04-09,2015-16,Chievo,Carpi,1,0
2016-04-09,2015-16,Frosinone,Inter,0,1
2016-04-09,2015-16,Milan,Juventus,1,2
2016-04-09,2015-16,Sassuolo,Genoa,0,1
2016-04-10,2015-16,Empoli,Fiorentina,2,0
2016-04-10,2015-16,Napoli,Verona,3,0
2016-04-10,2015-16,Palermo,Lazio,0,3
2016-04-10,2015-16,Sampdoria,Udinese,2,0
2016-04-10,2015-16,Torino,Atalanta,2,1
2016-04-11,2015-16,Roma,Bologna,1,1
2016-04-16,2015-16,Bologna,Torino,0,1
2016-04-16,2015-16,Carpi,Genoa,4,1
2016-04-16,2015-16,Inter,Napoli,2,0
2016-04-17,2015-16,Atalanta,Roma,3,3
2016-04-17,2015-16,Fiorentina,Sassuolo,3,1
2016-04-17,2015-16,Juventus,Palermo,4,0
2016-04-17,2015-16,Lazio,Empoli,2,0
2016-04-17,2015-16,Sampdoria,Milan,0,1
2016-04-17,2015-16,Udinese,Chievo,0,0
2016-04-17,2015-16,Verona,Frosinone,1,2
2016-04-19,2015-16,Napoli,Bologna,6,0
2016-04-20,2015-16,Chievo,Frosinone,5,1
2016-04-20,2015-16,Empoli,Verona,1,0
2016-04-20,2015-16,Genoa,Inter,1,0
2016-04-20,2015-16,Juventus,Lazio,3,0
2016-04-20,2015-16,Palermo,Atalanta,2,2
2016-04-20,2015-16,Roma,Torino,3,2
2016-04-20,2015-16,Sassuolo,Sampdoria,0,0
2016-04-20,2015-16,Udinese,Fiorentina,2,1
2016-04-21,2015-16,Milan,Carpi,0,0
2016-04-23,2015-16,Inter,Udinese,3,1
2016-04-24,2015-16,Atalanta,Chievo,1,0
2016-04-24,2015-16,Bologna,Genoa,2,0
2016-04-24,2015-16,Fiorentina,Juventus,1,2
2016-04-24,2015-16,Frosinone,Palermo,0,2
2016-04-24,2015-16,Sampdoria,Lazio,2,1
2016-04-24,2015-16,Torino,Sassuolo,1,3
2016-04-25,2015-16,Carpi,Empoli,1,0
2016-04-25,2015-16,Roma,Napoli,1,0
2016-04-25,2015-16,Verona,Milan,2,1
2016-04-30,2015-16,Chievo,Fiorentina,0,0
2016-04-30,2015-16,Udinese,Torino,1,5
2016-05-01,2015-16,Empoli,Bologna,0,0
2016-05-01,2015-16,Juventus,Carpi,2,0
2016-05-01,2015-16,Lazio,Inter,2,0
2016-05-01,2015-16,Milan,Frosinone,3,3
2016-05-01,2015-16,Palermo,Sampdoria,2,0
2016-05-01,2015-16,Sassuolo,Verona,1,0
2016-05-02,2015-16,Genoa,Roma,2,3
2016-05-02,2015-16,Napoli,Atalanta,2,1
2016-05-07,2015-16,Bologna,Milan,0,1
2016-05-07,2015-16,Inter,Empoli,2,1
2016-05-08,2015-16,Atalanta,Udinese,1,1
2016-05-08,2015-16,Carpi,Lazio,1,3
2016-05-08,2015-16,Fiorentina,Palermo,0,0
2016-05-08,2015-16,Frosinone,Sassuolo,0,1
2016-05-08,2015-16,Roma,Chievo,3,0
2016-05-08,2015-16,Sampdoria,Genoa,0,3
2016-05-08,2015-16,Torino,Napoli,1,2
2016-05-08,2015-16,Verona,Juventus,2,1
2016-05-14,2015-16,Juventus,Sampdoria,5,0
2016-05-14,2015-16,Milan,Roma,1,3
2016-05-14,2015-16,Napoli,Frosinone,4,0
2016-05-14,2015-16,Sassuolo,Inter,3,1
2016-05-15,2015-16,Chievo,Bologna,0,0
2016-05-15,2015-16,Empoli,Torino,2,1
2016-05-15,2015-16,Genoa,Atalanta,1,2
2016-05-15,2015-16,Lazio,Fiorentina,2,4
2016-05-15,2015-16,Palermo,Verona,3,2
2016-05-15,2015-16,Udinese,Carpi,1,2
2016-08-20,2016-17,Juventus,Fiorentina,2,1
2016-08-20,2016-17,Roma,Udinese,4,0
2016-08-21,2016-17,Atalanta,Lazio,3,4
2016-08-21,2016-17,Bologna,Crotone,1,0
2016-08-21,2016-17,Chievo,Inter,2,0
2016-08-21,2016-17,Empoli,Sampdoria,0,1
2016-08-21,2016-17,Genoa,Cagliari,3,1
2016-08-21,2016-17,Milan,Torino,3,2
2016-08-21,2016-17,Palermo,Sassuolo,0,1
2016-08-21,2016-17,Pescara,Napoli,2,2
2016-08-27,2016-17,Lazio,Juventus,0,1
2016-08-27,2016-17,Napoli,Milan,4,2
2016-08-28,2016-17,Cagliari,Roma,2,2
2016-08-28,2016-17,Crotone,Genoa,1,3
2016-08-28,2016-17,Fiorentina,Chievo,1,0
2016-08-28,2016-17,Inter,Palermo,1,1
2016-08-28,2016-17,Sampdoria,Atalanta,2,1
2016-08-28,2016-17,Sassuolo,Pescara,0,3
2016-08-28,2016-17,Torino,Bologna,5,1
2016-08-28,2016-17,Udinese,Empoli,2,0
2016-09-10,2016-17,Juventus,Sassuolo,3,1
2016-09-10,2016-17,Palermo,Napoli,0,3
2016-09-11,2016-17,Atalanta,Torino,2,1
2016-09-11,2016-17,Bologna,Cagliari,2,1
2016-09-11,2016-17,Chievo,Lazio,1,1
2016-09-11,2016-17,Milan,Udinese,0,1
2016-09-11,2016-17,Pescara,Inter,1,2
2016-09-11,2016-17,Roma,Sampdoria,3,2
2016-09-12,2016-17,Empoli,Crotone,2,1
2016-09-16,2016-17,Sampdoria,Milan,0,1
2016-09-17,2016-17,Lazio,Pescara,3,0
2016-09-17,2016-17,Napoli,Bologna,3,1
2016-09-18,2016-17,Cagliari,Atalanta,3,0
2016-09-18,2016-17,Crotone,Palermo,1,1
2016-09-18,2016-17,Fiorentina,Roma,1,0
2016-09-18,2016-17,Inter,Juventus,2,1
2016-09-18,2016-17,Sassuolo,Genoa,2,0
2016-09-18,2016-17,Torino,Empoli,0,0
2016-09-18,2016-17,Udinese,Chievo,1,2
2016-09-20,2016-17,Milan,Lazio,2,0
2016-09-21,2016-17,Atalanta,Palermo,0,1
2016-09-21,2016-17,Bologna,Sampdoria,2,0
2016-09-21,2016-17,Chievo,Sassuolo,2,1
2016-09-21,2016-17,Empoli,Inter,0,2
2016-09-21,2016-17,Genoa,Napoli,0,0
2016-09-21,2016-17,Juventus,Cagliari,4,0
2016-09-21,2016-17,Pescara,Torino,0,0
2016-09-21,2016-17,Roma,Crotone,4,0
2016-09-21,2016-17,Udinese,Fiorentina,2,2
2016-09-24,2016-17,Napoli,Chievo,2,0
2016-09-24,2016-17,Palermo,Juventus,0,1
2016-09-25,2016-17,Fiorentina,Milan,0,0
2016-09-25,2016-17,Genoa,Pescara,1,1
2016-09-25,2016-17,Inter,Bologna,1,1
2016-09-25,2016-17,Lazio,Empoli,2,0
2016-09-25,2016-17,Sassuolo,Udinese,1,0
2016-09-25,2016-17,Torino,Roma,3,1
2016-09-26,2016-17,Cagliari,Sampdoria,2,1
2016-09-26,2016-17,Crotone,Atalanta,1,3
2016-10-01,2016-17,Pescara,Chievo,0,2
2016-10-01,2016-17,Udinese,Lazio,0,3
2016-10-02,2016-17,Atalanta,Napoli,1,0
2016-10-02,2016-17,Bologna,Genoa,0,1
2016-10-02,2016-17,Cagliari,Crotone,2,1
2016-10-02,2016-17,Empoli,Juventus,0,3
2016-10-02,2016-17,Milan,Sassuolo,4,3
2016-10-02,2016-17,Roma,Inter,2,1
2016-10-02,2016-17,Sampdoria,Palermo,1,1
2016-10-02,2016-17,Torino,Fiorentina,2,1
2016-10-15,2016-17,Juventus,Udinese,2,1
2016-10-15,2016-17,Napoli,Roma,1,3
2016-10-15,2016-17,Pescara,Sampdoria,1,1
2016-10-16,2016-17,Chievo,Milan,1,3
2016-10-16,2016-17,Fiorentina,Atalanta,0,0
2016-10-16,2016-17,Genoa,Empoli,0,0
2016-10-16,2016-17,Inter,Cagliari,1,2
2016-10-16,2016-17,Lazio,Bologna,1,1
2016-10-16,2016-17,Sassuolo,Crotone,2,1
2016-10-17,2016-17,Palermo,Torino,1,4
2016-10-22,2016-17,Milan,Juventus,1,0
2016-10-22,2016-17,Sampdoria,Genoa,2,1
2016-10-23,2016-17,Atalanta,Inter,2,1
2016-10-23,2016-17,Bologna,Sassuolo,1,1
2016-10-23,2016-17,Cagliari,Fiorentina,3,5
2016-10-23,2016-17,Crotone,Napoli,1,2
2016-10-23,2016-17,Empoli,Chievo,0,0
2016-10-23,2016-17,Roma,Palermo,4,1
2016-10-23,2016-17,Torino,Lazio,2,2
2016-10-23,2016-17,Udinese,Pescara,3,1
2016-10-25,2016-17,Genoa,Milan,3,0
2016-10-26,2016-17,Chievo,Bologna,1,1
2016-10-26,2016-17,Fiorentina,Crotone,1,1
2016-10-26,2016-17,Inter,Torino,2,1
2016-10-26,2016-17,Juventus,Sampdoria,4,1
2016-10-26,2016-17,Lazio,Cagliari,4,1
2016-10-26,2016-17,Napoli,Empoli,2,0
2016-10-26,2016-17,Pescara,Atalanta,0,1
2016-10-26,2016-17,Sassuolo,Roma,1,3
2016-10-27,2016-17,Palermo,Udinese,1,3
2016-10-29,2016-17,Bologna,Fiorentina,0,1
2016-10-29,2016-17,Juventus,Napoli,2,1
2016-10-30,2016-17,Atalanta,Genoa,3,0
2016-10-30,2016-17,Crotone,Chievo,2,0
2016-10-30,2016-17,Empoli,Roma,0,0
2016-10-30,2016-17,Lazio,Sassuolo,2,1
2016-10-30,2016-17,Milan,Pescara,1,0
2016-10-30,2016-17,Sampdoria,Inter,1,0
2016-10-31,2016-17,Cagliari,Palermo,2,1
2016-10-31,2016-17,Udinese,Torino,2,2
2016-11-05,2016-17,Napoli,Lazio,1,1
2016-11-05,2016-17,Torino,Cagliari,5,1
2016-11-06,2016-17,Chievo,Juventus,1,2
2016-11-06,2016-17,Fiorentina,Sampdoria,1,1
2016-11-06,2016-17,Genoa,Udinese,1,1
2016-11-06,2016-17,Inter,Crotone,3,0
2016-11-06,2016-17,Palermo,Milan,1,2
2016-11-06,2016-17,Pescara,Empoli,0,4
2016-11-06,2016-17,Roma,Bologna,3,0
2016-11-06,2016-17,Sassuolo,Atalanta,0,3
2016-11-19,2016-17,Chievo,Cagliari,1,0
2016-11-19,2016-17,Juventus,Pescara,3,0
2016-11-19,2016-17,Udinese,Napoli,1,2
2016-11-20,2016-17,Atalanta,Roma,2,1
2016-11-20,2016-17,Bologna,Palermo,3,1
2016-11-20,2016-17,Crotone,Torino,0,2
2016-11-20,2016-17,Empoli,Fiorentina,0,4
2016-11-20,2016-17,Lazio,Genoa,3,1
2016-11-20,2016-17,Milan,Inter,2,2
2016-11-20,2016-17,Sampdoria,Sassuolo,3,2
2016-11-26,2016-17,Empoli,Milan,1,4
2016-11-26,2016-17,Torino,Chievo,2,1
2016-11-27,2016-17,Bologna,Atalanta,0,2
2016-11-27,2016-17,Cagliari,Udinese,2,1
2016-11-27,2016-17,Crotone,Sampdoria,1,1
2016-11-27,2016-17,Genoa,Juventus,3,1
2016-11-27,2016-17,Palermo,Lazio,0,1
2016-11-27,2016-17,Roma,Pescara,3,2
2016-11-28,2016-17,Inter,Fiorentina,4,2
2016-11-28,2016-17,Napoli,Sassuolo,1,1
2016-12-02,2016-17,Napoli,Inter,3,0
2016-12-03,2016-17,Juventus,Atalanta,3,1
2016-12-04,2016-17,Fiorentina,Palermo,2,1
2016-12-04,2016-17,Lazio,Roma,0,2
2016-12-04,2016-17,Milan,Crotone,2,1
2016-12-04,2016-17,Pescara,Cagliari,1,1
2016-12-04,2016-17,Sampdoria,Torino,2,0
2016-12-04,2016-17,Sassuolo,Empoli,3,0
2016-12-05,2016-17,Chievo,Genoa,0,0
2016-12-05,2016-17,Udinese,Bologna,1,0
2016-12-10,2016-17,Crotone,Pescara,2,1
2016-12-10,2016-17,Sampdoria,Lazio,1,2
2016-12-11,2016-17,Atalanta,Udinese,1,3
2016-12-11,2016-17,Bologna,Empoli,0,0
2016-12-11,2016-17,Cagliari,Napoli,0,5
2016-12-11,2016-17,Inter,Genoa,2,0
2016-12-11,2016-17,Palermo,Chievo,0,2
2016-12-11,2016-17,Torino,Juventus,1,3
2016-12-12,2016-17,Fiorentina,Sassuolo,2,1
2016-12-12,2016-17,Roma,Milan,1,0
2016-12-15,2016-17,Genoa,Fiorentina,1,0
2016-12-17,2016-17,Empoli,Cagliari,2,0
2016-12-17,2016-17,Juventus,Roma,1,0
2016-12-17,2016-17,Milan,Atalanta,0,0
2016-12-18,2016-17,Chievo,Sampdoria,2,1
2016-12-18,2016-17,Genoa,Palermo,3,4
2016-12-18,2016-17,Lazio,Fiorentina,3,1
2016-12-18,2016-17,Napoli,Torino,5,3
2016-12-18,2016-17,Pescara,Bologna,0,3
2016-12-18,2016-17,Sassuolo,Inter,0,1
2016-12-18,2016-17,Udinese,Crotone,2,0
2016-12-20,2016-17,Atalanta,Empoli,2,1
2016-12-21,2016-17,Inter,Lazio,3,0
2016-12-22,2016-17,Cagliari,Sassuolo,4,3
2016-12-22,2016-17,Fiorentina,Napoli,3,3
2016-12-22,2016-17,Palermo,Pescara,1,1
2016-12-22,2016-17,Roma,Chievo,3,1
2016-12-22,2016-17,Sampdoria,Udinese,0,0
2016-12-22,2016-17,Torino,Genoa,1,0
2017-01-07,2016-17,Empoli,Palermo,1,0
2017-01-07,2016-17,Napoli,Sampdoria,2,1
2017-01-08,2016-17,Chievo,Atalanta,1,4
2017-01-08,2016-17,Genoa,Roma,0,1
2017-01-08,2016-17,Juventus,Bologna,3,0
2017-01-08,2016-17,Lazio,Crotone,1,0
2017-01-08,2016-17,Milan,Cagliari,1,0
2017-01-08,2016-17,Sassuolo,Torino,0,0
2017-01-08,2016-17,Udinese,Inter,1,2
2017-01-14,2016-17,Crotone,Bologna,0,1
2017-01-14,2016-17,Inter,Chievo,3,1
2017-01-15,2016-17,Cagliari,Genoa,4,1
2017-01-15,2016-17,Fiorentina,Juventus,2,1
2017-01-15,2016-17,Lazio,Atalanta,2,1
2017-01-15,2016-17,Napoli,Pescara,3,1
2017-01-15,2016-17,Sampdoria,Empoli,0,0
2017-01-15,2016-17,Sassuolo,Palermo,4,1
2017-01-15,2016-17,Udinese,Roma,0,1
2017-01-16,2016-17,Torino,Milan,2,2
2017-01-21,2016-17,Chievo,Fiorentina,0,3
2017-01-21,2016-17,Milan,Napoli,1,2
2017-01-22,2016-17,Atalanta,Sampdoria,1,0
2017-01-22,2016-17,Bologna,Torino,2,0
2017-01-22,2016-17,Empoli,Udinese,1,0
2017-01-22,2016-17,Genoa,Crotone,2,2
2017-01-22,2016-17,Juventus,Lazio,2,0
2017-01-22,2016-17,Palermo,Inter,0,1
2017-01-22,2016-17,Pescara,Sassuolo,1,3
2017-01-22,2016-17,Roma,Cagliari,1,0
2017-01-28,2016-17,Inter,Pescara,3,0
2017-01-28,2016-17,Lazio,Chievo,0,1
2017-01-29,2016-17,Cagliari,Bologna,1,1
2017-01-29,2016-17,Crotone,Empoli,4,1
2017-01-29,2016-17,Fiorentina,Genoa,3,3
2017-01-29,2016-17,Napoli,Palermo,1,1
2017-01-29,2016-17,Sampdoria,Roma,3,2
2017-01-29,2016-17,Sassuolo,Juventus,0,2
2017-01-29,2016-17,Torino,Atalanta,1,1
2017-01-29,2016-17,Udinese,Milan,2,1
2017-02-01,2016-17,Pescara,Fiorentina,1,2
2017-02-04,2016-17,Bologna,Napoli,1,7
2017-02-05,2016-17,Atalanta,Cagliari,2,0
2017-02-05,2016-17,Chievo,Udinese,0,0
2017-02-05,2016-17,Empoli,Torino,1,1
2017-02-05,2016-17,Genoa,Sassuolo,0,1
2017-02-05,2016-17,Juventus,Inter,1,0
2017-02-05,2016-17,Milan,Sampdoria,0,1
2017-02-05,2016-17,Palermo,Crotone,1,0
2017-02-05,2016-17,Pescara,Lazio,2,6
2017-02-07,2016-17,Roma,Fiorentina,4,0
2017-02-08,2016-17,Bologna,Milan,0,1
2017-02-08,2016-17,Crotone,Juventus,0,2
2017-02-10,2016-17,Napoli,Genoa,2,0
2017-02-11,2016-17,Fiorentina,Udinese,3,0
2017-02-12,2016-17,Cagliari,Juventus,0,2
2017-02-12,2016-17,Crotone,Roma,0,2
2017-02-12,2016-17,Inter,Empoli,2,0
2017-02-12,2016-17,Palermo,Atalanta,1,3
2017-02-12,2016-17,Sampdoria,Bologna,3,1
2017-02-12,2016-17,Sassuolo,Chievo,1,3
2017-02-12,2016-17,Torino,Pescara,5,3
2017-02-13,2016-17,Lazio,Milan,1,1
2017-02-17,2016-17,Juventus,Palermo,4,1
2017-02-18,2016-17,Atalanta,Crotone,1,0
2017-02-18,2016-17,Empoli,Lazio,1,2
2017-02-19,2016-17,Bologna,Inter,0,1
2017-02-19,2016-17,Chievo,Napoli,1,3
2017-02-19,2016-17,Milan,Fiorentina,2,1
2017-02-19,2016-17,Pescara,Genoa,5,0
2017-02-19,2016-17,Roma,Torino,4,1
2017-02-19,2016-17,Sampdoria,Cagliari,1,1
2017-02-19,2016-17,Udinese,Sassuolo,1,2
2017-02-25,2016-17,Juventus,Empoli,2,0
2017-02-25,2016-17,Napoli,Atalanta,0,2
2017-02-26,2016-17,Chievo,Pescara,2,0
2017-02-26,2016-17,Crotone,Cagliari,1,2
2017-02-26,2016-17,Genoa,Bologna,1,1
2017-02-26,2016-17,Inter,Roma,1,3
2017-02-26,2016-17,Lazio,Udinese,1,0
2017-02-26,2016-17,Palermo,Sampdoria,1,1
2017-02-26,2016-17,Sassuolo,Milan,0,1
2017-02-27,2016-17,Fiorentina,Torino,2,2
2017-03-04,2016-17,Milan,Chievo,3,1
2017-03-04,2016-17,Roma,Napoli,1,2
2017-03-04,2016-17,Sampdoria,Pescara,3,1
2017-03-05,2016-17,Atalanta,Fiorentina,0,0
2017-03-05,2016-17,Bologna,Lazio,0,2
2017-03-05,2016-17,Cagliari,Inter,1,5
2017-03-05,2016-17,Crotone,Sassuolo,0,0
2017-03-05,2016-17,Empoli,Genoa,0,2
2017-03-05,2016-17,Torino,Palermo,3,1
2017-03-05,2016-17,Udinese,Juventus,1,1
2017-03-10,2016-17,Juventus,Milan,2,1
2017-03-11,2016-17,Genoa,Sampdoria,0,1
2017-03-12,2016-17,Chievo,Empoli,4,0
2017-03-12,2016-17,Fiorentina,Cagliari,1,0
2017-03-12,2016-17,Inter,Atalanta,7,1
2017-03-12,2016-17,Napoli,Crotone,3,0
2017-03-12,2016-17,Palermo,Roma,0,3
2017-03-12,2016-17,Pescara,Udinese,1,3
2017-03-12,2016-17,Sassuolo,Bologna,0,1
2017-03-13,2016-17,Lazio,Torino,3,1
2017-03-18,2016-17,Milan,Genoa,1,0
2017-03-18,2016-17,Torino,Inter,2,2
2017-03-19,2016-17,Atalanta,Pescara,3,0
2017-03-19,2016-17,Bologna,Chievo,4,1
2017-03-19,2016-17,Cagliari,Lazio,0,0
2017-03-19,2016-17,Crotone,Fiorentina,0,1
2017-03-19,2016-17,Empoli,Napoli,2,3
2017-03-19,2016-17,Roma,Sassuolo,3,1
2017-03-19,2016-17,Sampdoria,Juventus,0,1
2017-03-19,2016-17,Udinese,Palermo,4,1
2017-04-01,2016-17,Roma,Empoli,2,0
2017-04-01,2016-17,Sassuolo,Lazio,1,2
2017-04-02,2016-17,Chievo,Crotone,1,2
2017-04-02,2016-17,Fiorentina,Bologna,1,0
2017-04-02,2016-17,Genoa,Atalanta,0,5
2017-04-02,2016-17,Napoli,Juventus,1,1
2017-04-02,2016-17,Palermo,Cagliari,1,3
2017-04-02,2016-17,Pescara,Milan,1,1
2017-04-02,2016-17,Torino,Udinese,2,2
2017-04-03,2016-17,Inter,Sampdoria,1,2
2017-04-08,2016-17,Atalanta,Sassuolo,1,1
2017-04-08,2016-17,Empoli,Pescara,1,1
2017-04-08,2016-17,Juventus,Chievo,2,0
2017-04-09,2016-17,Bologna,Roma,0,3
2017-04-09,2016-17,Cagliari,Torino,2,3
2017-04-09,2016-17,Crotone,Inter,2,1
2017-04-09,2016-17,Lazio,Napoli,0,3
2017-04-09,2016-17,Milan,Palermo,4,0
2017-04-09,2016-17,Sampdoria,Fiorentina,2,2
2017-04-09,2016-17,Udinese,Genoa,3,0
2017-04-15,2016-17,Cagliari,Chievo,4,0
2017-04-15,2016-17,Fiorentina,Empoli,1,2
2017-04-15,2016-17,Genoa,Lazio,2,2
2017-04-15,2016-17,Inter,Milan,2,2
2017-04-15,2016-17,Napoli,Udinese,3,0
2017-04-15,2016-17,Palermo,Bologna,0,0
2017-04-15,2016-17,Pescara,Juventus,0,2
2017-04-15,2016-17,Roma,Atalanta,1,1
2017-04-15,2016-17,Sassuolo,Sampdoria,2,1
2017-04-15,2016-17,Torino,Crotone,1,1
2017-04-22,2016-17,Atalanta,Bologna,3,2
2017-04-22,2016-17,Fiorentina,Inter,5,4
2017-04-23,2016-17,Chievo,Torino,1,3
2017-04-23,2016-17,Juventus,Genoa,4,0
2017-04-23,2016-17,Lazio,Palermo,6,2
2017-04-23,2016-17,Milan,Empoli,1,2
2017-04-23,2016-17,Sampdoria,Crotone,1,2
2017-04-23,2016-17,Sassuolo,Napoli,2,2
2017-04-23,2016-17,Udinese,Cagliari,2,1
2017-04-24,2016-17,Pescara,Roma,1,4
2017-04-28,2016-17,Atalanta,Juventus,2,2
2017-04-29,2016-17,Torino,Sampdoria,1,1
2017-04-30,2016-17,Bologna,Udinese,4,0
2017-04-30,2016-17,Cagliari,Pescara,1,0
2017-04-30,2016-17,Crotone,Milan,1,1
2017-04-30,2016-17,Empoli,Sassuolo,1,3
2017-04-30,2016-17,Genoa,Chievo,1,2
2017-04-30,2016-17,Inter,Napoli,0,1
2017-04-30,2016-17,Palermo,Fiorentina,2,0
2017-04-30,2016-17,Roma,Lazio,1,3
2017-05-06,2016-17,Juventus,Torino,1,1
2017-05-06,2016-17,Napoli,Cagliari,3,1
2017-05-07,2016-17,Chievo,Palermo,1,1
2017-05-07,2016-17,Empoli,Bologna,3,1
2017-05-07,2016-17,Genoa,Inter,1,0
2017-05-07,2016-17,Lazio,Sampdoria,7,3
2017-05-07,2016-17,Milan,Roma,1,4
2017-05-07,2016-17,Pescara,Crotone,0,1
2017-05-07,2016-17,Sassuolo,Fiorentina,2,2
2017-05-07,2016-17,Udinese,Atalanta,1,1
2017-05-13,2016-17,Atalanta,Milan,1,1
2017-05-13,2016-17,Fiorentina,Lazio,3,2
2017-05-14,2016-17,Bologna,Pescara,3,1
2017-05-14,2016-17,Cagliari,Empoli,3,2
2017-05-14,2016-17,Crotone,Udinese,1,0
2017-05-14,2016-17,Inter,Sassuolo,1,2
2017-05-14,2016-17,Palermo,Genoa,1,0
2017-05-14,2016-17,Roma,Juventus,3,1
2017-05-14,2016-17,Sampdoria,Chievo,1,1
2017-05-14,2016-17,Torino,Napoli,0,5
2017-05-20,2016-17,Chievo,Roma,3,5
2017-05-20,2016-17,Napoli,Fiorentina,4,1
2017-05-21,2016-17,Empoli,Atalanta,0,1
2017-05-21,2016-17,Genoa,Torino,2,1
2017-05-21,2016-17,Juventus,Crotone,3,0
2017-05-21,2016-17,Lazio,Inter,1,3
2017-05-21,2016-17,Milan,Bologna,3,0
2017-05-21,2016-17,Sassuolo,Cagliari,6,2
2017-05-21,2016-17,Udinese,Sampdoria,1,1
2017-05-22,2016-17,Pescara,Palermo,2,0
2017-05-27,2016-17,Atalanta,Chievo,1,0
2017-05-27,2016-17,Bologna,Juventus,1,2
2017-05-28,2016-17,Cagliari,Milan,2,1
2017-05-28,2016-17,Crotone,Lazio,3,1
2017-05-28,2016-17,Fiorentina,Pescara,2,2
2017-05-28,2016-17,Inter,Udinese,5,2
2017-05-28,2016-17,Palermo,Empoli,2,1
2017-05-28,2016-17,Roma,Genoa,3,2
2017-05-28,2016-17,Sampdoria,Napoli,2,4
2017-05-28,2016-17,Torino,Sassuolo,5,3
2017-08-19,2017-18,Juventus,Cagliari,3,0
2017-08-19,2017-18,Verona,Napoli,1,3
2017-08-20,2017-18,Atalanta,Roma,0,1
2017-08-20,2017-18,Bologna,Torino,1,1
2017-08-20,2017-18,Crotone,Milan,0,3
2017-08-20,2017-18,Inter,Fiorentina,3,0
2017-08-20,2017-18,Lazio,Spal,0,0
2017-08-20,2017-18,Sampdoria,Benevento,2,1
2017-08-20,2017-18,Sassuolo,Genoa,0,0
2017-08-20,2017-18,Udinese,Chievo,1,2
2017-08-26,2017-18,Benevento,Bologna,0,1
2017-08-26,2017-18,Genoa,Juventus,2,4
2017-08-26,2017-18,Roma,Inter,1,3
2017-08-27,2017-18,Chievo,Lazio,1,2
2017-08-27,2017-18,Crotone,Verona,0,0
2017-08-27,2017-18,Fiorentina,Sampdoria,1,2
2017-08-27,2017-18,Milan,Cagliari,2,1
2017-08-27,2017-18,Napoli,Atalanta,3,1
2017-08-27,2017-18,Spal,Udinese,3,2
2017-08-27,2017-18,Torino,Sassuolo,3,0
2017-09-09,2017-18,Juventus,Chievo,3,0
2017-09-10,2017-18,Atalanta,Sassuolo,2,1
2017-09-10,2017-18,Benevento,Torino,0,1
2017-09-10,2017-18,Bologna,Napoli,0,3
2017-09-10,2017-18,Cagliari,Crotone,1,0
2017-09-10,2017-18,Inter,Spal,2,0
2017-09-10,2017-18,Lazio,Milan,4,1
2017-09-10,2017-18,Udinese,Genoa,1,0
2017-09-10,2017-18,Verona,Fiorentina,0,5
2017-09-16,2017-18,Crotone,Inter,0,2
2017-09-16,2017-18,Fiorentina,Bologna,2,1
2017-09-16,2017-18,Roma,Verona,3,0
2017-09-17,2017-18,Chievo,Atalanta,1,1
2017-09-17,2017-18,Genoa,Lazio,2,3
2017-09-17,2017-18,Milan,Udinese,2,1
2017-09-17,2017-18,Napoli,Benevento,6,0
2017-09-17,2017-18,Sassuolo,Juventus,1,3
2017-09-17,2017-18,Spal,Cagliari,0,2
2017-09-17,2017-18,Torino,Sampdoria,2,2
2017-09-19,2017-18,Bologna,Inter,1,1
2017-09-20,2017-18,Atalanta,Crotone,5,1
2017-09-20,2017-18,Benevento,Roma,0,4
2017-09-20,2017-18,Cagliari,Sassuolo,0,1
2017-09-20,2017-18,Genoa,Chievo,1,1
2017-09-20,2017-18,Juventus,Fiorentina,1,0
2017-09-20,2017-18,Lazio,Napoli,1,4
2017-09-20,2017-18,Milan,Spal,2,0
2017-09-20,2017-18,Udinese,Torino,2,3
2017-09-20,2017-18,Verona,Sampdoria,0,0
2017-09-23,2017-18,Juventus,Torino,4,0
2017-09-23,2017-18,Roma,Udinese,3,1
2017-09-23,2017-18,Spal,Napoli,2,3
2017-09-24,2017-18,Cagliari,Chievo,0,2
2017-09-24,2017-18,Crotone,Benevento,2,0
2017-09-24,2017-18,Fiorentina,Atalanta,1,1
2017-09-24,2017-18,Inter,Genoa,1,0
2017-09-24,2017-18,Sampdoria,Milan,2,0
2017-09-24,2017-18,Sassuolo,Bologna,0,1
2017-09-24,2017-18,Verona,Lazio,0,3
2017-09-30,2017-18,Genoa,Bologna,0,1
2017-09-30,2017-18,Udinese,Sampdoria,4,0
2017-10-01,2017-18,Atalanta,Juventus,2,2
2017-10-01,2017-18,Benevento,Inter,1,2
2017-10-01,2017-18,Chievo,Fiorentina,2,1
2017-10-01,2017-18,Lazio,Sassuolo,6,1
2017-10-01,2017-18,Milan,Roma,0,2
2017-10-01,2017-18,Napoli,Cagliari,3,0
2017-10-01,2017-18,Spal,Crotone,1,1
2017-10-01,2017-18,Torino,Verona,2,2
2017-10-14,2017-18,Juventus,Lazio,1,2
2017-10-14,2017-18,Roma,Napoli,0,1
2017-10-15,2017-18,Bologna,Spal,2,1
2017-10-15,2017-18,Cagliari,Genoa,2,3
2017-10-15,2017-18,Crotone,Torino,2,2
2017-10-15,2017-18,Fiorentina,Udinese,2,1
2017-10-15,2017-18,Inter,Milan,3,2
2017-10-15,2017-18,Sampdoria,Atalanta,3,1
2017-10-15,2017-18,Sassuolo,Chievo,0,0
2017-10-16,2017-18,Verona,Benevento,1,0
2017-10-21,2017-18,Napoli,Inter,0,0
2017-10-21,2017-18,Sampdoria,Crotone,5,0
2017-10-22,2017-18,Atalanta,Bologna,1,0
2017-10-22,2017-18,Benevento,Fiorentina,0,3
2017-10-22,2017-18,Chievo,Verona,3,2
2017-10-22,2017-18,Lazio,Cagliari,3,0
2017-10-22,2017-18,Milan,Genoa,0,0
2017-10-22,2017-18,Spal,Sassuolo,0,1
2017-10-22,2017-18,Torino,Roma,0,1
2017-10-22,2017-18,Udinese,Juventus,2,6
2017-10-24,2017-18,Inter,Sampdoria,3,2
2017-10-25,2017-18,Atalanta,Verona,3,0
2017-10-25,2017-18,Bologna,Lazio,1,2
2017-10-25,2017-18,Cagliari,Benevento,2,1
2017-10-25,2017-18,Chievo,Milan,1,4
2017-10-25,2017-18,Fiorentina,Torino,3,0
2017-10-25,2017-18,Genoa,Napoli,2,3
2017-10-25,2017-18,Juventus,Spal,4,1
2017-10-25,2017-18,Roma,Crotone,1,0
2017-10-25,2017-18,Sassuolo,Udinese,0,1
2017-10-28,2017-18,Milan,Juventus,0,2
2017-10-28,2017-18,Roma,Bologna,1,0
2017-10-29,2017-18,Benevento,Lazio,1,5
2017-10-29,2017-18,Crotone,Fiorentina,2,1
2017-10-29,2017-18,Napoli,Sassuolo,3,1
2017-10-29,2017-18,Sampdoria,Chievo,4,1
2017-10-29,2017-18,Spal,Genoa,1,0
2017-10-29,2017-18,Torino,Cagliari,2,1
2017-10-29,2017-18,Udinese,Atalanta,2,1
2017-10-30,2017-18,Verona,Inter,1,2
2017-11-04,2017-18,Bologna,Crotone,2,3
2017-11-04,2017-18,Genoa,Sampdoria,0,2
2017-11-05,2017-18,Atalanta,Spal,1,1
2017-11-05,2017-18,Cagliari,Verona,2,1
2017-11-05,2017-18,Chievo,Napoli,0,0
2017-11-05,2017-18,Fiorentina,Roma,2,4
2017-11-05,2017-18,Inter,Torino,1,1
2017-11-05,2017-18,Juventus,Benevento,2,1
2017-11-05,2017-18,Sassuolo,Milan,0,2
2017-11-18,2017-18,Napoli,Milan,2,1
2017-11-18,2017-18,Roma,Lazio,2,1
2017-11-19,2017-18,Benevento,Sassuolo,1,2
2017-11-19,2017-18,Crotone,Genoa,0,1
2017-11-19,2017-18,Inter,Atalanta,2,0
2017-11-19,2017-18,Sampdoria,Juventus,3,2
2017-11-19,2017-18,Spal,Fiorentina,1,1
2017-11-19,2017-18,Torino,Chievo,1,1
2017-11-19,2017-18,Udinese,Cagliari,0,1
2017-11-20,2017-18,Verona,Bologna,2,3
2017-11-25,2017-18,Bologna,Sampdoria,3,0
2017-11-25,2017-18,Cagliari,Inter,1,3
2017-11-25,2017-18,Chievo,Spal,2,1
2017-11-25,2017-18,Sassuolo,Verona,0,2
2017-11-26,2017-18,Genoa,Roma,1,1
2017-11-26,2017-18,Juventus,Crotone,3,0
2017-11-26,2017-18,Lazio,Fiorentina,1,1
2017-11-26,2017-18,Milan,Torino,0,0
2017-11-26,2017-18,Udinese,Napoli,0,1
2017-11-27,2017-18,Atalanta,Benevento,1,0
2017-12-01,2017-18,Napoli,Juventus,0,1
2017-12-01,2017-18,Roma,Spal,3,1
2017-12-02,2017-18,Torino,Atalanta,1,1
2017-12-03,2017-18,Benevento,Milan,2,2
2017-12-03,2017-18,Bologna,Cagliari,1,1
2017-12-03,2017-18,Fiorentina,Sassuolo,3,0
2017-12-03,2017-18,Inter,Chievo,5,0
2017-12-03,2017-18,Sampdoria,Lazio,1,2
2017-12-04,2017-18,Crotone,Udinese,0,3
2017-12-04,2017-18,Verona,Genoa,0,1
2017-12-09,2017-18,Cagliari,Sampdoria,2,2
2017-12-09,2017-18,Juventus,Inter,0,0
2017-12-10,2017-18,Chievo,Roma,0,0
2017-12-10,2017-18,Milan,Bologna,2,1
2017-12-10,2017-18,Napoli,Fiorentina,0,0
2017-12-10,2017-18,Sassuolo,Crotone,2,1
2017-12-10,2017-18,Spal,Verona,2,2
2017-12-10,2017-18,Udinese,Benevento,2,0
2017-12-11,2017-18,Lazio,Torino,1,3
2017-12-12,2017-18,Genoa,Atalanta,1,2
2017-12-16,2017-18,Inter,Udinese,1,3
2017-12-16,2017-18,Roma,Cagliari,1,0
2017-12-16,2017-18,Torino,Napoli,1,3
2017-12-17,2017-18,Atalanta,Lazio,3,3
2017-12-17,2017-18,Benevento,Spal,1,2
2017-12-17,2017-18,Bologna,Juventus,0,3
2017-12-17,2017-18,Crotone,Chievo,1,0
2017-12-17,2017-18,Fiorentina,Genoa,0,0
2017-12-17,2017-18,Sampdoria,Sassuolo,0,1
2017-12-17,2017-18,Verona,Milan,3,0
2017-12-22,2017-18,Cagliari,Fiorentina,0,1
2017-12-22,2017-18,Chievo,Bologna,2,3
2017-12-23,2017-18,Genoa,Benevento,1,0
2017-12-23,2017-18,Juventus,Roma,1,0
2017-12-23,2017-18,Lazio,Crotone,4,0
2017-12-23,2017-18,Milan,Atalanta,0,2
2017-12-23,2017-18,Napoli,Sampdoria,3,2
2017-12-23,2017-18,Sassuolo,Inter,1,0
2017-12-23,2017-18,Spal,Torino,2,2
2017-12-23,2017-18,Udinese,Verona,4,0
2017-12-29,2017-18,Crotone,Napoli,0,1
2017-12-30,2017-18,Atalanta,Cagliari,1,2
2017-12-30,2017-18,Benevento,Chievo,1,0
2017-12-30,2017-18,Bologna,Udinese,1,2
2017-12-30,2017-18,Fiorentina,Milan,1,1
2017-12-30,2017-18,Inter,Lazio,0,0
2017-12-30,2017-18,Roma,Sassuolo,1,1
2017-12-30,2017-18,Sampdoria,Spal,2,0
2017-12-30,2017-18,Torino,Genoa,0,0
2017-12-30,2017-18,Verona,Juventus,1,3
2018-01-05,2017-18,Chievo,Udinese,1,1
2018-01-05,2017-18,Fiorentina,Inter,1,1
2018-01-06,2017-18,Benevento,Sampdoria,3,2
2018-01-06,2017-18,Cagliari,Juventus,0,1
2018-01-06,2017-18,Genoa,Sassuolo,1,0
2018-01-06,2017-18,Milan,Crotone,1,0
2018-01-06,2017-18,Napoli,Verona,2,0
2018-01-06,2017-18,Roma,Atalanta,1,2
2018-01-06,2017-18,Spal,Lazio,2,5
2018-01-06,2017-18,Torino,Bologna,3,0
2018-01-21,2017-18,Atalanta,Napoli,0,1
2018-01-21,2017-18,Bologna,Benevento,3,0
2018-01-21,2017-18,Cagliari,Milan,1,2
2018-01-21,2017-18,Inter,Roma,1,1
2018-01-21,2017-18,Lazio,Chievo,5,1
2018-01-21,2017-18,Sampdoria,Fiorentina,3,1
2018-01-21,2017-18,Sassuolo,Torino,1,1
2018-01-21,2017-18,Udinese,Spal,1,1
2018-01-21,2017-18,Verona,Crotone,0,3
2018-01-22,2017-18,Juventus,Genoa,1,0
2018-01-24,2017-18,Lazio,Udinese,3,0
2018-01-24,2017-18,Sampdoria,Roma,1,1
2018-01-27,2017-18,Chievo,Juventus,0,2
2018-01-27,2017-18,Sassuolo,Atalanta,0,3
2018-01-28,2017-18,Crotone,Cagliari,1,1
2018-01-28,2017-18,Fiorentina,Verona,1,4
2018-01-28,2017-18,Genoa,Udinese,0,1
2018-01-28,2017-18,Milan,Lazio,2,1
2018-01-28,2017-18,Napoli,Bologna,3,1
2018-01-28,2017-18,Roma,Sampdoria,0,1
2018-01-28,2017-18,Spal,Inter,1,1
2018-01-28,2017-18,Torino,Benevento,3,0
2018-02-03,2017-18,Inter,Crotone,1,1
2018-02-03,2017-18,Sampdoria,Torino,1,1
2018-02-04,2017-18,Atalanta,Chievo,1,0
2018-02-04,2017-18,Benevento,Napoli,0,2
2018-02-04,2017-18,Bologna,Fiorentina,1,2
2018-02-04,2017-18,Cagliari,Spal,2,0
2018-02-04,2017-18,Juventus,Sassuolo,7,0
2018-02-04,2017-18,Udinese,Milan,1,1
2018-02-04,2017-18,Verona,Roma,0,1
2018-02-05,2017-18,Lazio,Genoa,1,2
2018-02-09,2017-18,Fiorentina,Juventus,0,2
2018-02-10,2017-18,Crotone,Atalanta,1,1
2018-02-10,2017-18,Napoli,Lazio,4,1
2018-02-10,2017-18,Spal,Milan,0,4
2018-02-11,2017-18,Chievo,Genoa,0,1
2018-02-11,2017-18,Inter,Bologna,2,1
2018-02-11,2017-18,Roma,Benevento,5,2
2018-02-11,2017-18,Sampdoria,Verona,2,0
2018-02-11,2017-18,Sassuolo,Cagliari,0,0
2018-02-11,2017-18,Torino,Udinese,2,0
2018-02-17,2017-18,Chievo,Cagliari,2,1
2018-02-17,2017-18,Genoa,Inter,2,0
2018-02-17,2017-18,Udinese,Roma,0,2
2018-02-18,2017-18,Atalanta,Fiorentina,1,1
2018-02-18,2017-18,Benevento,Crotone,3,2
2018-02-18,2017-18,Bologna,Sassuolo,2,1
2018-02-18,2017-18,Milan,Sampdoria,1,0
2018-02-18,2017-18,Napoli,Spal,1,0
2018-02-18,2017-18,Torino,Juventus,0,1
2018-02-19,2017-18,Lazio,Verona,2,0
2018-02-24,2017-18,Bologna,Genoa,2,0
2018-02-24,2017-18,Inter,Benevento,2,0
2018-02-25,2017-18,Crotone,Spal,2,3
2018-02-25,2017-18,Fiorentina,Chievo,1,0
2018-02-25,2017-18,Roma,Milan,0,2
2018-02-25,2017-18,Sampdoria,Udinese,2,1
2018-02-25,2017-18,Sassuolo,Lazio,0,3
2018-02-25,2017-18,Verona,Torino,2,1
2018-02-26,2017-18,Cagliari,Napoli,0,5
2018-03-03,2017-18,Lazio,Juventus,0,1
2018-03-03,2017-18,Napoli,Roma,2,4
2018-03-03,2017-18,Spal,Bologna,1,0
2018-03-09,2017-18,Roma,Torino,3,0
2018-03-10,2017-18,Verona,Chievo,1,0
2018-03-11,2017-18,Bologna,Atalanta,0,1
2018-03-11,2017-18,Cagliari,Lazio,2,2
2018-03-11,2017-18,Crotone,Sampdoria,4,1
2018-03-11,2017-18,Fiorentina,Benevento,1,0
2018-03-11,2017-18,Genoa,Milan,0,1
2018-03-11,2017-18,Inter,Napoli,0,0
2018-03-11,2017-18,Juventus,Udinese,2,0
2018-03-11,2017-18,Sassuolo,Spal,1,1
2018-03-14,2017-18,Juventus,Atalanta,2,0
2018-03-17,2017-18,Spal,Juventus,0,0
2018-03-17,2017-18,Udinese,Sassuolo,1,2
2018-03-18,2017-18,Benevento,Cagliari,1,2
2018-03-18,2017-18,Crotone,Roma,0,2
2018-03-18,2017-18,Lazio,Bologna,1,1
2018-03-18,2017-18,Milan,Chievo,3,2
2018-03-18,2017-18,Napoli,Genoa,1,0
2018-03-18,2017-18,Sampdoria,Inter,0,5
2018-03-18,2017-18,Torino,Fiorentina,1,2
2018-03-18,2017-18,Verona,Atalanta,0,5
2018-03-31,2017-18,Atalanta,Udinese,2,0
2018-03-31,2017-18,Bologna,Roma,1,1
2018-03-31,2017-18,Cagliari,Torino,0,4
2018-03-31,2017-18,Chievo,Sampdoria,2,1
2018-03-31,2017-18,Fiorentina,Crotone,2,0
2018-03-31,2017-18,Genoa,Spal,1,1
2018-03-31,2017-18,Inter,Verona,3,0
2018-03-31,2017-18,Juventus,Milan,3,1
2018-03-31,2017-18,Lazio,Benevento,6,2
2018-03-31,2017-18,Sassuolo,Napoli,1,1
2018-04-03,2017-18,Atalanta,Sampdoria,1,2
2018-04-03,2017-18,Genoa,Cagliari,2,1
2018-04-03,2017-18,Udinese,Fiorentina,0,2
2018-04-04,2017-18,Benevento,Verona,3,0
2018-04-04,2017-18,Chievo,Sassuolo,1,1
2018-04-04,2017-18,Milan,Inter,0,0
2018-04-04,2017-18,Torino,Crotone,4,1
2018-04-07,2017-18,Benevento,Juventus,2,4
2018-04-07,2017-18,Roma,Fiorentina,0,2
2018-04-07,2017-18,Sampdoria,Genoa,0,0
2018-04-07,2017-18,Spal,Atalanta,1,1
2018-04-08,2017-18,Crotone,Bologna,1,0
2018-04-08,2017-18,Milan,Sassuolo,1,1
2018-04-08,2017-18,Napoli,Chievo,2,1
2018-04-08,2017-18,Torino,Inter,1,0
2018-04-08,2017-18,Udinese,Lazio,1,2
2018-04-08,2017-18,Verona,Cagliari,1,0
2018-04-14,2017-18,Atalanta,Inter,0,0
2018-04-14,2017-18,Cagliari,Udinese,2,1
2018-04-14,2017-18,Chievo,Torino,0,0
2018-04-14,2017-18,Genoa,Crotone,1,0
2018-04-15,2017-18,Bologna,Verona,2,0
2018-04-15,2017-18,Fiorentina,Spal,0,0
2018-04-15,2017-18,Juventus,Sampdoria,3,0
2018-04-15,2017-18,Lazio,Roma,0,0
2018-04-15,2017-18,Milan,Napoli,0,0
2018-04-15,2017-18,Sassuolo,Benevento,2,2
2018-04-17,2017-18,Inter,Cagliari,4,0
2018-04-18,2017-18,Benevento,Atalanta,0,3
2018-04-18,2017-18,Crotone,Juventus,1,1
2018-04-18,2017-18,Fiorentina,Lazio,3,4
2018-04-18,2017-18,Napoli,Udinese,4,2
2018-04-18,2017-18,Roma,Genoa,2,1
2018-04-18,2017-18,Sampdoria,Bologna,1,0
2018-04-18,2017-18,Spal,Chievo,0,0
2018-04-18,2017-18,Torino,Milan,1,1
2018-04-18,2017-18,Verona,Sassuolo,0,1
2018-04-21,2017-18,Milan,Benevento,0,1
2018-04-21,2017-18,Sassuolo,Fiorentina,1,0
2018-04-21,2017-18,Spal,Roma,0,3
2018-04-22,2017-18,Atalanta,Torino,2,1
2018-04-22,2017-18,Cagliari,Bologna,0,0
2018-04-22,2017-18,Chievo,Inter,1,2
2018-04-22,2017-18,Juventus,Napoli,0,1
2018-04-22,2017-18,Lazio,Sampdoria,4,0
2018-04-22,2017-18,Udinese,Crotone,1,2
2018-04-23,2017-18,Genoa,Verona,3,1
2018-04-28,2017-18,Inter,Juventus,2,3
2018-04-28,2017-18,Roma,Chievo,4,1
2018-04-29,2017-18,Atalanta,Genoa,3,1
2018-04-29,2017-18,Benevento,Udinese,3,3
2018-04-29,2017-18,Bologna,Milan,1,2
2018-04-29,2017-18,Crotone,Sassuolo,4,1
2018-04-29,2017-18,Fiorentina,Napoli,3,0
2018-04-29,2017-18,Sampdoria,Cagliari,4,1
2018-04-29,2017-18,Torino,Lazio,0,1
2018-04-29,2017-18,Verona,Spal,1,3
2018-05-05,2017-18,Juventus,Bologna,3,1
2018-05-05,2017-18,Milan,Verona,4,1
2018-05-06,2017-18,Cagliari,Roma,0,1
2018-05-06,2017-18,Chievo,Crotone,2,1
2018-05-06,2017-18,Genoa,Fiorentina,2,3
2018-05-06,2017-18,Lazio,Atalanta,1,1
2018-05-06,2017-18,Napoli,Torino,2,2
2018-05-06,2017-18,Sassuolo,Sampdoria,1,0
2018-05-06,2017-18,Spal,Benevento,2,0
2018-05-06,2017-18,Udinese,Inter,0,4
2018-05-12,2017-18,Benevento,Genoa,1,0
2018-05-12,2017-18,Inter,Sassuolo,1,2
2018-05-13,2017-18,Atalanta,Milan,1,1
2018-05-13,2017-18,Bologna,Chievo,1,2
2018-05-13,2017-18,Crotone,Lazio,2,2
2018-05-13,2017-18,Fiorentina,Cagliari,0,1
2018-05-13,2017-18,Roma,Juventus,0,0
2018-05-13,2017-18,Sampdoria,Napoli,0,2
2018-05-13,2017-18,Torino,Spal,2,1
2018-05-13,2017-18,Verona,Udinese,0,1
2018-05-19,2017-18,Juventus,Verona,2,1
2018-05-20,2017-18,Cagliari,Atalanta,1,0
2018-05-20,2017-18,Chievo,Benevento,1,0
2018-05-20,2017-18,Genoa,Torino,1,2
2018-05-20,2017-18,Lazio,Inter,2,3
2018-05-20,2017-18,Milan,Fiorentina,5,1
2018-05-20,2017-18,Napoli,Crotone,2,1
2018-05-20,2017-18,Sassuolo,Roma,0,1
2018-05-20,2017-18,Spal,Sampdoria,3,1
2018-05-20,2017-18,Udinese,Bologna,1,0
2018-08-18,2018-19,Chievo,Juventus,2,3
2018-08-18,2018-19,Lazio,Napoli,1,2
2018-08-19,2018-19,Bologna,Spal,0,1
2018-08-19,2018-19,Empoli,Cagliari,2,0
2018-08-19,2018-19,Parma,Udinese,2,2
2018-08-19,2018-19,Sassuolo,Inter,1,0
2018-08-19,2018-19,Torino,Roma,0,1
2018-08-20,2018-19,Atalanta,Frosinone,4,0
2018-08-25,2018-19,Juventus,Lazio,2,0
2018-08-25,2018-19,Napoli,Milan,3,2
2018-08-26,2018-19,Cagliari,Sassuolo,2,2
2018-08-26,2018-19,Fiorentina,Chievo,6,1
2018-08-26,2018-19,Frosinone,Bologna,0,0
2018-08-26,2018-19,Genoa,Empoli,2,1
2018-08-26,2018-19,Inter,Torino,2,2
2018-08-26,2018-19,Spal,Parma,1,0
2018-08-26,2018-19,Udinese,Sampdoria,1,0
2018-08-27,2018-19,Roma,Atalanta,3,3
2018-08-31,2018-19,Milan,Roma,2,1
2018-09-01,2018-19,Bologna,Inter,0,3
2018-09-01,2018-19,Parma,Juventus,1,2
2018-09-02,2018-19,Atalanta,Cagliari,0,1
2018-09-02,2018-19,Chievo,Empoli,0,0
2018-09-02,2018-19,Fiorentina,Udinese,1,0
2018-09-02,2018-19,Lazio,Frosinone,1,0
2018-09-02,2018-19,Sampdoria,Napoli,3,0
2018-09-02,2018-19,Sassuolo,Genoa,5,3
2018-09-02,2018-19,Torino,Spal,1,0
2018-09-15,2018-19,Frosinone,Sampdoria,0,5
2018-09-15,2018-19,Inter,Parma,0,1
2018-09-15,2018-19,Napoli,Fiorentina,1,0
2018-09-16,2018-19,Cagliari,Milan,1,1
2018-09-16,2018-19,Empoli,Lazio,0,1
2018-09-16,2018-19,Genoa,Bologna,1,0
2018-09-16,2018-19,Juventus,Sassuolo,2,1
2018-09-16,2018-19,Roma,Chievo,2,2
2018-09-16,2018-19,Udinese,Torino,1,1
2018-09-17,2018-19,Spal,Atalanta,2,0
2018-09-19,2018-19,Sampdoria,Fiorentina,1,1
2018-09-21,2018-19,Sassuolo,Empoli,3,1
2018-09-22,2018-19,Fiorentina,Spal,3,0
2018-09-22,2018-19,Parma,Cagliari,2,0
2018-09-22,2018-19,Sampdoria,Inter,0,1
2018-09-23,2018-19,Bologna,Roma,2,0
2018-09-23,2018-19,Chievo,Udinese,0,2
2018-09-23,2018-19,Frosinone,Juventus,0,2
2018-09-23,2018-19,Lazio,Genoa,4,1
2018-09-23,2018-19,Milan,Atalanta,2,2
2018-09-23,2018-19,Torino,Napoli,1,3
2018-09-25,2018-19,Inter,Fiorentina,2,1
2018-09-26,2018-19,Atalanta,Torino,0,0
2018-09-26,2018-19,Cagliari,Sampdoria,0,0
2018-09-26,2018-19,Genoa,Chievo,2,0
2018-09-26,2018-19,Juventus,Bologna,2,0
2018-09-26,2018-19,Napoli,Parma,3,0
2018-09-26,2018-19,Roma,Frosinone,4,0
2018-09-26,2018-19,Udinese,Lazio,1,2
2018-09-27,2018-19,Empoli,Milan,1,1
2018-09-27,2018-19,Spal,Sassuolo,0,2
2018-09-29,2018-19,Inter,Cagliari,2,0
2018-09-29,2018-19,Juventus,Napoli,3,1
2018-09-29,2018-19,Roma,Lazio,3,1
2018-09-30,2018-19,Bologna,Udinese,2,1
2018-09-30,2018-19,Chievo,Torino,0,1
2018-09-30,2018-19,Fiorentina,Atalanta,2,0
2018-09-30,2018-19,Frosinone,Genoa,1,2
2018-09-30,2018-19,Parma,Empoli,1,0
2018-09-30,2018-19,Sassuolo,Milan,1,4
2018-10-01,2018-19,Sampdoria,Spal,2,1
2018-10-05,2018-19,Torino,Frosinone,3,2
2018-10-06,2018-19,Cagliari,Bologna,2,0
2018-10-06,2018-19,Empoli,Roma,0,2
2018-10-06,2018-19,Udinese,Juventus,0,2
2018-10-07,2018-19,Atalanta,Sampdoria,0,1
2018-10-07,2018-19,Genoa,Parma,1,3
2018-10-07,2018-19,Lazio,Fiorentina,1,0
2018-10-07,2018-19,Milan,Chievo,3,1
2018-10-07,2018-19,Napoli,Sassuolo,2,0
2018-10-07,2018-19,Spal,Inter,1,2
2018-10-20,2018-19,Juventus,Genoa,1,1
2018-10-20,2018-19,Roma,Spal,0,2
2018-10-20,2018-19,Udinese,Napoli,0,3
2018-10-21,2018-19,Bologna,Torino,2,2
2018-10-21,2018-19,Chievo,Atalanta,1,5
2018-10-21,2018-19,Fiorentina,Cagliari,1,1
2018-10-21,2018-19,Frosinone,Empoli,3,3
2018-10-21,2018-19,Inter,Milan,1,0
2018-10-21,2018-19,Parma,Lazio,0,2
2018-10-22,2018-19,Sampdoria,Sassuolo,0,0
2018-10-27,2018-19,Atalanta,Parma,3,0
2018-10-27,2018-19,Empoli,Juventus,1,2
2018-10-27,2018-19,Torino,Fiorentina,1,1
2018-10-28,2018-19,Cagliari,Chievo,2,1
2018-10-28,2018-19,Genoa,Udinese,2,2
2018-10-28,2018-19,Milan,Sampdoria,3,2
2018-10-28,2018-19,Napoli,Roma,1,1
2018-10-28,2018-19,Sassuolo,Bologna,2,2
2018-10-28,2018-19,Spal,Frosinone,0,3
2018-10-29,2018-19,Lazio,Inter,0,3
2018-10-31,2018-19,Milan,Genoa,2,1
2018-11-02,2018-19,Napoli,Empoli,5,1
2018-11-03,2018-19,Fiorentina,Roma,1,1
2018-11-03,2018-19,Inter,Genoa,5,0
2018-11-03,2018-19,Juventus,Cagliari,3,1
2018-11-04,2018-19,Bologna,Atalanta,1,2
2018-11-04,2018-19,Chievo,Sassuolo,0,2
2018-11-04,2018-19,Lazio,Spal,4,1
2018-11-04,2018-19,Parma,Frosinone,0,0
2018-11-04,2018-19,Sampdoria,Torino,1,4
2018-11-04,2018-19,Udinese,Milan,0,1
2018-11-09,2018-19,Frosinone,Fiorentina,1,1
2018-11-10,2018-19,Genoa,Napoli,1,2
2018-11-10,2018-19,Spal,Cagliari,2,2
2018-11-10,2018-19,Torino,Parma,1,2
2018-11-11,2018-19,Atalanta,Inter,4,1
2018-11-11,2018-19,Chievo,Bologna,2,2
2018-11-11,2018-19,Empoli,Udinese,2,1
2018-11-11,2018-19,Milan,Juventus,0,2
2018-11-11,2018-19,Roma,Sampdoria,4,1
2018-11-11,2018-19,Sassuolo,Lazio,1,1
2018-11-24,2018-19,Inter,Frosinone,3,0
2018-11-24,2018-19,Juventus,Spal,2,0
2018-11-24,2018-19,Udinese,Roma,1,0
2018-11-25,2018-19,Bologna,Fiorentina,0,0
2018-11-25,2018-19,Empoli,Atalanta,3,2
2018-11-25,2018-19,Genoa,Sampdoria,1,1
2018-11-25,2018-19,Lazio,Milan,1,1
2018-11-25,2018-19,Napoli,Chievo,0,0
2018-11-25,2018-19,Parma,Sassuolo,2,1
2018-11-26,2018-19,Cagliari,Torino,0,0
2018-12-01,2018-19,Fiorentina,Juventus,0,3
2018-12-01,2018-19,Sampdoria,Bologna,4,1
2018-12-01,2018-19,Spal,Empoli,2,2
2018-12-02,2018-19,Chievo,Lazio,1,1
2018-12-02,2018-19,Frosinone,Cagliari,1,1
2018-12-02,2018-19,Milan,Parma,2,1
2018-12-02,2018-19,Roma,Inter,2,2
2018-12-02,2018-19,Sassuolo,Udinese,0,0
2018-12-02,2018-19,Torino,Genoa,2,1
2018-12-03,2018-19,Atalanta,Napoli,1,2
2018-12-07,2018-19,Juventus,Inter,1,0
2018-12-08,2018-19,Cagliari,Roma,2,2
2018-12-08,2018-19,Lazio,Sampdoria,2,2
2018-12-08,2018-19,Napoli,Frosinone,4,0
2018-12-09,2018-19,Empoli,Bologna,2,1
2018-12-09,2018-19,Genoa,Spal,1,1
2018-12-09,2018-19,Milan,Torino,0,0
2018-12-09,2018-19,Parma,Chievo,1,1
2018-12-09,2018-19,Sassuolo,Fiorentina,3,3
2018-12-09,2018-19,Udinese,Atalanta,1,3
2018-12-15,2018-19,Inter,Udinese,1,0
2018-12-15,2018-19,Torino,Juventus,0,1
2018-12-16,2018-19,Cagliari,Napoli,0,1
2018-12-16,2018-19,Fiorentina,Empoli,3,1
2018-12-16,2018-19,Frosinone,Sassuolo,0,2
2018-12-16,2018-19,Roma,Genoa,3,2
2018-12-16,2018-19,Sampdoria,Parma,2,0
2018-12-16,2018-19,Spal,Chievo,0,0
2018-12-17,2018-19,Atalanta,Lazio,1,0
2018-12-18,2018-19,Bologna,Milan,0,0
2018-12-22,2018-19,Chievo,Inter,1,1
2018-12-22,2018-19,Empoli,Sampdoria,2,4
2018-12-22,2018-19,Genoa,Atalanta,3,1
2018-12-22,2018-19,Juventus,Roma,1,0
2018-12-22,2018-19,Lazio,Cagliari,3,1
2018-12-22,2018-19,Milan,Fiorentina,0,1
2018-12-22,2018-19,Napoli,Spal,1,0
2018-12-22,2018-19,Parma,Bologna,0,0
2018-12-22,2018-19,Sassuolo,Torino,1,1
2018-12-22,2018-19,Udinese,Frosinone,1,1
2018-12-26,2018-19,Atalanta,Juventus,2,2
2018-12-26,2018-19,Bologna,Lazio,0,2
2018-12-26,2018-19,Cagliari,Genoa,1,0
2018-12-26,2018-19,Fiorentina,Parma,0,1
2018-12-26,2018-19,Frosinone,Milan,0,0
2018-12-26,2018-19,Inter,Napoli,1,0
2018-12-26,2018-19,Roma,Sassuolo,3,1
2018-12-26,2018-19,Sampdoria,Chievo,2,0
2018-12-26,2018-19,Spal,Udinese,0,0
2018-12-26,2018-19,Torino,Empoli,3,0
2018-12-29,2018-19,Chievo,Frosinone,1,0
2018-12-29,2018-19,Empoli,Inter,0,1
2018-12-29,2018-19,Genoa,Fiorentina,0,0
2018-12-29,2018-19,Juventus,Sampdoria,2,1
2018-12-29,2018-19,Lazio,Torino,1,1
2018-12-29,2018-19,Milan,Spal,2,1
2018-12-29,2018-19,Napoli,Bologna,3,2
2018-12-29,2018-19,Parma,Roma,0,2
2018-12-29,2018-19,Sassuolo,Atalanta,2,6
2018-12-29,2018-19,Udinese,Cagliari,2,0
2019-01-19,2018-19,Inter,Sassuolo,0,0
2019-01-19,2018-19,Roma,Torino,3,2
2019-01-19,2018-19,Udinese,Parma,1,2
2019-01-20,2018-19,Cagliari,Empoli,2,2
2019-01-20,2018-19,Fiorentina,Sampdoria,3,3
2019-01-20,2018-19,Frosinone,Atalanta,0,5
2019-01-20,2018-19,Napoli,Lazio,2,1
2019-01-20,2018-19,Spal,Bologna,1,1
2019-01-21,2018-19,Genoa,Milan,0,2
2019-01-21,2018-19,Juventus,Chievo,3,0
2019-01-26,2018-19,Milan,Napoli,0,0
2019-01-26,2018-19,Sampdoria,Udinese,4,0
2019-01-26,2018-19,Sassuolo,Cagliari,3,0
2019-01-27,2018-19,Atalanta,Roma,3,3
2019-01-27,2018-19,Bologna,Frosinone,0,4
2019-01-27,2018-19,Chievo,Fiorentina,3,4
2019-01-27,2018-19,Lazio,Juventus,1,2
2019-01-27,2018-19,Parma,Spal,2,3
2019-01-27,2018-19,Torino,Inter,1,0
2019-01-28,2018-19,Empoli,Genoa,1,3
2019-02-02,2018-19,Empoli,Chievo,2,2
2019-02-02,2018-19,Juventus,Parma,3,3
2019-02-02,2018-19,Napoli,Sampdoria,3,0
2019-02-03,2018-19,Genoa,Sassuolo,1,1
2019-02-03,2018-19,Inter,Bologna,0,1
2019-02-03,2018-19,Roma,Milan,1,1
2019-02-03,2018-19,Spal,Torino,0,0
2019-02-03,2018-19,Udinese,Fiorentina,1,1
2019-02-04,2018-19,Cagliari,Atalanta,0,1
2019-02-04,2018-19,Frosinone,Lazio,0,1
2019-02-07,2018-19,Lazio,Empoli,1,0
2019-02-08,2018-19,Chievo,Roma,0,3
2019-02-09,2018-19,Fiorentina,Napoli,0,0
2019-02-09,2018-19,Parma,Inter,0,1
2019-02-10,2018-19,Atalanta,Spal,2,1
2019-02-10,2018-19,Bologna,Genoa,1,1
2019-02-10,2018-19,Milan,Cagliari,3,0
2019-02-10,2018-19,Sampdoria,Frosinone,0,1
2019-02-10,2018-19,Sassuolo,Juventus,0,3
2019-02-10,2018-19,Torino,Udinese,1,0
2019-02-15,2018-19,Juventus,Frosinone,3,0
2019-02-16,2018-19,Atalanta,Milan,1,3
2019-02-16,2018-19,Cagliari,Parma,2,1
2019-02-17,2018-19,Empoli,Sassuolo,3,0
2019-02-17,2018-19,Genoa,Lazio,2,1
2019-02-17,2018-19,Inter,Sampdoria,2,1
2019-02-17,2018-19,Napoli,Torino,0,0
2019-02-17,2018-19,Spal,Fiorentina,1,4
2019-02-17,2018-19,Udinese,Chievo,1,0
2019-02-18,2018-19,Roma,Bologna,2,1
2019-02-22,2018-19,Milan,Empoli,3,0
2019-02-23,2018-19,Frosinone,Roma,2,3
2019-02-23,2018-19,Torino,Atalanta,2,0
2019-02-24,2018-19,Bologna,Juventus,0,1
2019-02-24,2018-19,Chievo,Genoa,0,0
2019-02-24,2018-19,Fiorentina,Inter,3,3
2019-02-24,2018-19,Parma,Napoli,0,4
2019-02-24,2018-19,Sampdoria,Cagliari,1,0
2019-02-24,2018-19,Sassuolo,Spal,1,1
2019-03-01,2018-19,Cagliari,Inter,2,1
2019-03-02,2018-19,Empoli,Parma,3,3
2019-03-02,2018-19,Lazio,Roma,3,0
2019-03-02,2018-19,Milan,Sassuolo,1,0
2019-03-03,2018-19,Atalanta,Fiorentina,3,1
2019-03-03,2018-19,Genoa,Frosinone,0,0
2019-03-03,2018-19,Napoli,Juventus,1,2
2019-03-03,2018-19,Spal,Sampdoria,1,2
2019-03-03,2018-19,Torino,Chievo,3,0
2019-03-03,2018-19,Udinese,Bologna,2,1
2019-03-08,2018-19,Juventus,Udinese,4,1
2019-03-09,2018-19,Chievo,Milan,1,2
2019-03-09,2018-19,Parma,Genoa,1,0
2019-03-10,2018-19,Bologna,Cagliari,2,0
2019-03-10,2018-19,Fiorentina,Lazio,1,1
2019-03-10,2018-19,Frosinone,Torino,1,2
2019-03-10,2018-19,Inter,Spal,2,0
2019-03-10,2018-19,Sampdoria,Atalanta,1,2
2019-03-10,2018-19,Sassuolo,Napoli,1,1
2019-03-11,2018-19,Roma,Empoli,2,1
2019-03-15,2018-19,Cagliari,Fiorentina,2,1
2019-03-16,2018-19,Sassuolo,Sampdoria,3,5
2019-03-16,2018-19,Spal,Roma,2,1
2019-03-16,2018-19,Torino,Bologna,2,3
2019-03-17,2018-19,Atalanta,Chievo,1,1
2019-03-17,2018-19,Empoli,Frosinone,2,1
2019-03-17,2018-19,Genoa,Juventus,2,0
2019-03-17,2018-19,Lazio,Parma,4,1
2019-03-17,2018-19,Milan,Inter,2,3
2019-03-17,2018-19,Napoli,Udinese,4,2
2019-03-29,2018-19,Chievo,Cagliari,0,3
2019-03-30,2018-19,Juventus,Empoli,1,0
2019-03-30,2018-19,Sampdoria,Milan,1,0
2019-03-30,2018-19,Udinese,Genoa,2,0
2019-03-31,2018-19,Bologna,Sassuolo,2,1
2019-03-31,2018-19,Fiorentina,Torino,1,1
2019-03-31,2018-19,Frosinone,Spal,0,1
2019-03-31,2018-19,Inter,Lazio,0,1
2019-03-31,2018-19,Parma,Atalanta,1,3
2019-03-31,2018-19,Roma,Napoli,1,4
2019-04-02,2018-19,Cagliari,Juventus,0,2
2019-04-02,2018-19,Milan,Udinese,1,1
2019-04-03,2018-19,Empoli,Napoli,2,1
2019-04-03,2018-19,Frosinone,Parma,3,2
2019-04-03,2018-19,Genoa,Inter,0,4
2019-04-03,2018-19,Roma,Fiorentina,2,2
2019-04-03,2018-19,Spal,Lazio,1,0
2019-04-03,2018-19,Torino,Sampdoria,2,1
2019-04-04,2018-19,Atalanta,Bologna,4,1
2019-04-04,2018-19,Sassuolo,Chievo,4,0
2019-04-06,2018-19,Juventus,Milan,2,1
2019-04-06,2018-19,Parma,Torino,0,0
2019-04-06,2018-19,Sampdoria,Roma,0,1
2019-04-07,2018-19,Cagliari,Spal,2,1
2019-04-07,2018-19,Fiorentina,Frosinone,0,1
2019-04-07,2018-19,Inter,Atalanta,0,0
2019-04-07,2018-19,Lazio,Sassuolo,2,2
2019-04-07,2018-19,Napoli,Genoa,1,1
2019-04-07,2018-19,Udinese,Empoli,3,2
2019-04-08,2018-19,Bologna,Chievo,3,0
2019-04-13,2018-19,Milan,Lazio,1,0
2019-04-13,2018-19,Roma,Udinese,1,0
2019-04-13,2018-19,Spal,Juventus,2,1
2019-04-14,2018-19,Chievo,Napoli,1,3
2019-04-14,2018-19,Fiorentina,Bologna,0,0
2019-04-14,2018-19,Frosinone,Inter,1,3
2019-04-14,2018-19,Sampdoria,Genoa,2,0
2019-04-14,2018-19,Sassuolo,Parma,0,0
2019-04-14,2018-19,Torino,Cagliari,1,1
2019-04-15,2018-19,Atalanta,Empoli,0,0
2019-04-17,2018-19,Lazio,Udinese,2,0
2019-04-20,2018-19,Bologna,Sampdoria,3,0
2019-04-20,2018-19,Cagliari,Frosinone,1,0
2019-04-20,2018-19,Empoli,Spal,2,4
2019-04-20,2018-19,Genoa,Torino,0,1
2019-04-20,2018-19,Inter,Roma,1,1
2019-04-20,2018-19,Juventus,Fiorentina,2,1
2019-04-20,2018-19,Lazio,Chievo,1,2
2019-04-20,2018-19,Parma,Milan,1,1
2019-04-20,2018-19,Udinese,Sassuolo,1,1
2019-04-22,2018-19,Napoli,Atalanta,1,2
2019-04-27,2018-19,Bologna,Empoli,3,1
2019-04-27,2018-19,Inter,Juventus,1,1
2019-04-27,2018-19,Roma,Cagliari,3,0
2019-04-28,2018-19,Chievo,Parma,1,1
2019-04-28,2018-19,Frosinone,Napoli,0,2
2019-04-28,2018-19,Sampdoria,Lazio,1,2
2019-04-28,2018-19,Spal,Genoa,1,1
2019-04-28,2018-19,Torino,Milan,2,0
2019-04-29,2018-19,Atalanta,Udinese,2,0
2019-04-29,2018-19,Fiorentina,Sassuolo,0,1
2019-05-03,2018-19,Juventus,Torino,1,1
2019-05-04,2018-19,Chievo,Spal,0,4
2019-05-04,2018-19,Udinese,Inter,0,0
2019-05-05,2018-19,Empoli,Fiorentina,1,0
2019-05-05,2018-19,Genoa,Roma,1,1
2019-05-05,2018-19,Lazio,Atalanta,1,3
2019-05-05,2018-19,Napoli,Cagliari,2,1
2019-05-05,2018-19,Parma,Sampdoria,3,3
2019-05-05,2018-19,Sassuolo,Frosinone,2,2
2019-05-06,2018-19,Milan,Bologna,2,1
2019-05-11,2018-19,Atalanta,Genoa,2,1
2019-05-11,2018-19,Cagliari,Lazio,1,2
2019-05-11,2018-19,Fiorentina,Milan,0,1
2019-05-12,2018-19,Frosinone,Udinese,1,3
2019-05-12,2018-19,Roma,Juventus,2,0
2019-05-12,2018-19,Sampdoria,Empoli,1,2
2019-05-12,2018-19,Spal,Napoli,1,2
2019-05-12,2018-19,Torino,Sassuolo,3,2
2019-05-13,2018-19,Bologna,Parma,4,1
2019-05-13,2018-19,Inter,Chievo,2,0
2019-05-18,2018-19,Genoa,Cagliari,1,1
2019-05-18,2018-19,Sassuolo,Roma,0,0
2019-05-18,2018-19,Udinese,Spal,3,2
2019-05-19,2018-19,Chievo,Sampdoria,0,0
2019-05-19,2018-19,Empoli,Torino,4,1
2019-05-19,2018-19,Juventus,Atalanta,1,1
2019-05-19,2018-19,Milan,Frosinone,2,0
2019-05-19,2018-19,Napoli,Inter,4,1
2019-05-19,2018-19,Parma,Fiorentina,1,0
2019-05-20,2018-19,Lazio,Bologna,3,3
2019-05-25,2018-19,Bologna,Napoli,3,2
2019-05-25,2018-19,Frosinone,Chievo,0,0
2019-05-26,2018-19,Atalanta,Sassuolo,3,1
2019-05-26,2018-19,Cagliari,Udinese,1,2
2019-05-26,2018-19,Fiorentina,Genoa,0,0
2019-05-26,2018-19,Inter,Empoli,2,1
2019-05-26,2018-19,Roma,Parma,2,1
2019-05-26,2018-19,Sampdoria,Juventus,2,0
2019-05-26,2018-19,Spal,Milan,2,3
2019-05-26,2018-19,Torino,Lazio,3,1
2019-08-24,2019-20,Parma,Juventus,0,1
2019-08-24,2019-20,Fiorentina,Napoli,3,4
2019-08-25,2019-20,Udinese,Milan,1,0
2019-08-25,2019-20,Cagliari,Brescia,0,1
2019-08-25,2019-20,Roma,Genoa,3,3
2019-08-25,2019-20,Sampdoria,Lazio,0,3
2019-08-25,2019-20,Spal,Atalanta,2,3
2019-08-25,2019-20,Torino,Sassuolo,2,1
2019-08-25,2019-20,Verona,Bologna,1,1
2019-08-26,2019-20,Inter,Lecce,4,0
2019-08-30,2019-20,Bologna,Spal,1,0
2019-08-31,2019-20,Milan,Brescia,1,0
2019-08-31,2019-20,Juventus,Napoli,4,3
2019-09-01,2019-20,Lazio,Roma,1,1
2019-09-01,2019-20,Atalanta,Torino,2,3
2019-09-01,2019-20,Cagliari,Inter,1,2
2019-09-01,2019-20,Genoa,Fiorentina,2,1
2019-09-01,2019-20,Lecce,Verona,0,1
2019-09-01,2019-20,Sassuolo,Sampdoria,4,1
2019-09-01,2019-20,Udinese,Parma,1,3
2019-09-14,2019-20,Fiorentina,Juventus,0,0
2019-09-14,2019-20,Napoli,Sampdoria,2,0
2019-09-14,2019-20,Inter,Udinese,1,0
2019-09-15,2019-20,Genoa,Atalanta,1,2
2019-09-15,2019-20,Brescia,Bologna,3,4
2019-09-15,2019-20,Parma,Cagliari,1,3
2019-09-15,2019-20,Spal,Lazio,2,1
2019-09-15,2019-20,Roma,Sassuolo,4,2
2019-09-15,2019-20,Verona,Milan,0,1
2019-09-16,2019-20,Torino,Lecce,1,2
2019-09-20,2019-20,Cagliari,Genoa,3,1
2019-09-21,2019-20,Udinese,Brescia,0,1
2019-09-21,2019-20,Juventus,Verona,2,1
2019-09-21,2019-20,Milan,Inter,0,2
2019-09-22,2019-20,Sassuolo,Spal,3,0
2019-09-22,2019-20,Bologna,Roma,1,2
2019-09-22,2019-20,Lecce,Napoli,1,4
2019-09-22,2019-20,Sampdoria,Torino,1,0
2019-09-22,2019-20,Atalanta,Fiorentina,2,2
2019-09-22,2019-20,Lazio,Parma,2,0
2019-09-24,2019-20,Verona,Udinese,0,0
2019-09-24,2019-20,Brescia,Juventus,1,2
2019-09-25,2019-20,Roma,Atalanta,0,2
2019-09-25,2019-20,Fiorentina,Sampdoria,2,1
2019-09-25,2019-20,Genoa,Bologna,0,0
2019-09-25,2019-20,Inter,Lazio,1,0
2019-09-25,2019-20,Napoli,Cagliari,0,1
2019-09-25,2019-20,Parma,Sassuolo,1,0
2019-09-25,2019-20,Spal,Lecce,1,3
2019-09-26,2019-20,Torino,Milan,2,1
2019-09-28,2019-20,Juventus,Spal,2,0
2019-09-28,2019-20,Sampdoria,Inter,1,3
2019-09-28,2019-20,Sassuolo,Atalanta,1,4
2019-09-29,2019-20,Napoli,Brescia,2,1
2019-09-29,2019-20,Lazio,Genoa,4,0
2019-09-29,2019-20,Lecce,Roma,0,1
2019-09-29,2019-20,Udinese,Bologna,1,0
2019-09-29,2019-20,Cagliari,Verona,1,1
2019-09-29,2019-20,Milan,Fiorentina,1,3
2019-09-30,2019-20,Parma,Torino,3,2
2019-10-05,2019-20,Spal,Parma,1,0
2019-10-05,2019-20,Verona,Sampdoria,2,0
2019-10-05,2019-20,Genoa,Milan,1,2
2019-10-06,2019-20,Fiorentina,Udinese,1,0
2019-10-06,2019-20,Atalanta,Lecce,3,1
2019-10-06,2019-20,Bologna,Lazio,2,2
2019-10-06,2019-20,Roma,Cagliari,1,1
2019-10-06,2019-20,Torino,Napoli,0,0
2019-10-06,2019-20,Inter,Juventus,1,2
2019-10-19,2019-20,Lazio,Atalanta,3,3
2019-10-19,2019-20,Napoli,Verona,2,0
2019-10-19,2019-20,Juventus,Bologna,2,1
2019-10-20,2019-20,Sassuolo,Inter,3,4
2019-10-20,2019-20,Cagliari,Spal,2,0
2019-10-20,2019-20,Sampdoria,Roma,0,0
2019-10-20,2019-20,Udinese,Torino,1,0
2019-10-20,2019-20,Parma,Genoa,5,1
2019-10-20,2019-20,Milan,Lecce,2,2
2019-10-21,2019-20,Brescia,Fiorentina,0,0
2019-10-25,2019-20,Verona,Sassuolo,0,1
2019-10-26,2019-20,Lecce,Juventus,1,1
2019-10-26,2019-20,Inter,Parma,2,2
2019-10-26,2019-20,Genoa,Brescia,3,1
2019-10-27,2019-20,Bologna,Sampdoria,2,1
2019-10-27,2019-20,Atalanta,Udinese,7,1
2019-10-27,2019-20,Spal,Napoli,1,1
2019-10-27,2019-20,Torino,Cagliari,1,1
2019-10-27,2019-20,Roma,Milan,2,1
2019-10-27,2019-20,Fiorentina,Lazio,1,2
2019-10-29,2019-20,Parma,Verona,0,1
2019-10-29,2019-20,Brescia,Inter,1,2
2019-10-30,2019-20,Napoli,Atalanta,2,2
2019-10-30,2019-20,Cagliari,Bologna,3,2
2019-10-30,2019-20,Juventus,Genoa,2,1
2019-10-30,2019-20,Lazio,Torino,4,0
2019-10-30,2019-20,Sampdoria,Lecce,1,1
2019-10-30,2019-20,Sassuolo,Fiorentina,1,2
2019-10-30,2019-20,Udinese,Roma,0,4
2019-10-31,2019-20,Milan,Spal,1,0
2019-11-02,2019-20,Roma,Napoli,2,1
2019-11-02,2019-20,Bologna,Inter,1,2
2019-11-02,2019-20,Torino,Juventus,0,1
2019-11-03,2019-20,Atalanta,Cagliari,0,2
2019-11-03,2019-20,Genoa,Udinese,1,3
2019-11-03,2019-20,Lecce,Sassuolo,2,2
2019-11-03,2019-20,Verona,Brescia,2,1
2019-11-03,2019-20,Fiorentina,Parma,1,1
2019-11-03,2019-20,Milan,Lazio,1,2
2019-11-04,2019-20,Spal,Sampdoria,0,1
2019-11-08,2019-20,Sassuolo,Bologna,3,1
2019-11-09,2019-20,Brescia,Torino,0,4
2019-11-09,2019-20,Inter,Verona,2,1
2019-11-09,2019-20,Napoli,Genoa,0,0
2019-11-10,2019-20,Cagliari,Fiorentina,5,2
2019-11-10,2019-20,Lazio,Lecce,4,2
2019-11-10,2019-20,Sampdoria,Atalanta,0,0
2019-11-10,2019-20,Udinese,Spal,0,0
2019-11-10,2019-20,Parma,Roma,2,0
2019-11-10,2019-20,Juventus,Milan,1,0
2019-11-23,2019-20,Atalanta,Juventus,1,3
2019-11-23,2019-20,Milan,Napoli,1,1
2019-11-23,2019-20,Torino,Inter,0,3
2019-11-24,2019-20,Bologna,Parma,2,2
2019-11-24,2019-20,Roma,Brescia,3,0
2019-11-24,2019-20,Sassuolo,Lazio,1,2
2019-11-24,2019-20,Verona,Fiorentina,1,0
2019-11-24,2019-20,Sampdoria,Udinese,2,1
2019-11-25,2019-20,Lecce,Cagliari,2,2
2019-11-25,2019-20,Spal,Genoa,1,1
2019-11-30,2019-20,Brescia,Atalanta,0,3
2019-11-30,2019-20,Genoa,Torino,0,1
2019-11-30,2019-20,Fiorentina,Lecce,0,1
2019-12-01,2019-20,Juventus,Sassuolo,2,2
2019-12-01,2019-20,Inter,Spal,2,1
2019-12-01,2019-20,Lazio,Udinese,3,0
2019-12-01,2019-20,Parma,Milan,0,1
2019-12-01,2019-20,Napoli,Bologna,1,2
2019-12-01,2019-20,Verona,Roma,1,3
2019-12-02,2019-20,Cagliari,Sampdoria,4,3
2019-12-06,2019-20,Inter,Roma,0,0
2019-12-07,2019-20,Atalanta,Verona,3,2
2019-12-07,2019-20,Udinese,Napoli,1,1
2019-12-07,2019-20,Lazio,Juventus,3,1
2019-12-08,2019-20,Lecce,Genoa,2,2
2019-12-08,2019-20,Sassuolo,Cagliari,2,2
2019-12-08,2019-20,Spal,Brescia,0,1
2019-12-08,2019-20,Torino,Fiorentina,2,1
2019-12-08,2019-20,Sampdoria,Parma,0,1
2019-12-08,2019-20,Bologna,Milan,2,3
2019-12-14,2019-20,Brescia,Lecce,3,0
2019-12-14,2019-20,Napoli,Parma,1,2
2019-12-14,2019-20,Genoa,Sampdoria,0,1
2019-12-15,2019-20,Verona,Torino,3,3
2019-12-15,2019-20,Bologna,Atalanta,2,1
2019-12-15,2019-20,Juventus,Udinese,3,1
2019-12-15,2019-20,Milan,Sassuolo,0,0
2019-12-15,2019-20,Roma,Spal,3,1
2019-12-15,2019-20,Fiorentina,Inter,1,1
2019-12-16,2019-20,Cagliari,Lazio,1,2
2019-12-18,2019-20,Sampdoria,Juventus,1,2
2019-12-18,2019-20,Brescia,Sassuolo,0,2
2019-12-20,2019-20,Fiorentina,Roma,1,4
2019-12-21,2019-20,Udinese,Cagliari,2,1
2019-12-21,2019-20,Inter,Genoa,4,0
2019-12-21,2019-20,Torino,Spal,1,2
2019-12-22,2019-20,Atalanta,Milan,5,0
2019-12-22,2019-20,Lecce,Bologna,2,3
2019-12-22,2019-20,Parma,Brescia,1,1
2019-12-22,2019-20,Sassuolo,Napoli,1,2
2020-01-05,2019-20,Brescia,Lazio,1,2
2020-01-05,2019-20,Spal,Verona,0,2
2020-01-05,2019-20,Genoa,Sassuolo,2,1
2020-01-05,2019-20,Roma,Torino,0,2
2020-01-06,2019-20,Bologna,Fiorentina,1,1
2020-01-06,2019-20,Atalanta,Parma,5,0
2020-01-06,2019-20,Juventus,Cagliari,4,0
2020-01-06,2019-20,Milan,Sampdoria,0,0
2020-01-06,2019-20,Lecce,Udinese,0,1
2020-01-06,2019-20,Napoli,Inter,1,3
2020-01-11,2019-20,Cagliari,Milan,0,2
2020-01-11,2019-20,Lazio,Napoli,1,0
2020-01-11,2019-20,Inter,Atalanta,1,1
2020-01-12,2019-20,Udinese,Sassuolo,3,0
2020-01-12,2019-20,Fiorentina,Spal,1,0
2020-01-12,2019-20,Sampdoria,Brescia,5,1
2020-01-12,2019-20,Torino,Bologna,1,0
2020-01-12,2019-20,Verona,Genoa,2,1
2020-01-12,2019-20,Roma,Juventus,1,2
2020-01-13,2019-20,Parma,Lecce,2,0
2020-01-18,2019-20,Lazio,Sampdoria,5,1
2020-01-18,2019-20,Sassuolo,Torino,2,1
2020-01-18,2019-20,Napoli,Fiorentina,0,2
2020-01-19,2019-20,Milan,Udinese,3,2
2020-01-19,2019-20,Bologna,Verona,1,1
2020-01-19,2019-20,Brescia,Cagliari,2,2
2020-01-19,2019-20,Lecce,Inter,1,1
2020-01-19,2019-20,Genoa,Roma,1,3
2020-01-19,2019-20,Juventus,Parma,2,1
2020-01-20,2019-20,Atalanta,Spal,1,2
2020-01-24,2019-20,Brescia,Milan,0,1
2020-01-25,2019-20,Spal,Bologna,1,3
2020-01-25,2019-20,Fiorentina,Genoa,0,0
2020-01-25,2019-20,Torino,Atalanta,0,7
2020-01-26,2019-20,Inter,Cagliari,1,1
2020-01-26,2019-20,Parma,Udinese,2,0
2020-01-26,2019-20,Sampdoria,Sassuolo,0,0
2020-01-26,2019-20,Verona,Lecce,3,0
2020-01-26,2019-20,Roma,Lazio,1,1
2020-01-26,2019-20,Napoli,Juventus,2,1
2020-02-01,2019-20,Bologna,Brescia,2,1
2020-02-01,2019-20,Cagliari,Parma,2,2
2020-02-01,2019-20,Sassuolo,Roma,4,2
2020-02-02,2019-20,Juventus,Fiorentina,3,0
2020-02-02,2019-20,Atalanta,Genoa,2,2
2020-02-02,2019-20,Lazio,Spal,5,1
2020-02-02,2019-20,Milan,Verona,1,1
2020-02-02,2019-20,Lecce,Torino,4,0
2020-02-02,2019-20,Udinese,Inter,0,2
2020-02-03,2019-20,Sampdoria,Napoli,2,4
2020-02-05,2019-20,Lazio,Verona,0,0
2020-02-07,2019-20,Roma,Bologna,2,3
2020-02-08,2019-20,Fiorentina,Atalanta,1,2
2020-02-08,2019-20,Torino,Sampdoria,1,3
2020-02-08,2019-20,Verona,Juventus,2,1
2020-02-09,2019-20,Spal,Sassuolo,1,2
2020-02-09,2019-20,Brescia,Udinese,1,1
2020-02-09,2019-20,Genoa,Cagliari,1,0
2020-02-09,2019-20,Napoli,Lecce,2,3
2020-02-09,2019-20,Parma,Lazio,0,1
2020-02-09,2019-20,Inter,Milan,4,2
2020-02-15,2019-20,Lecce,Spal,2,1
2020-02-15,2019-20,Bologna,Genoa,0,3
2020-02-15,2019-20,Atalanta,Roma,2,1
2020-02-16,2019-20,Udinese,Verona,0,0
2020-02-16,2019-20,Juventus,Brescia,2,0
2020-02-16,2019-20,Sampdoria,Fiorentina,1,5
2020-02-16,2019-20,Sassuolo,Parma,0,1
2020-02-16,2019-20,Cagliari,Napoli,0,1
2020-02-16,2019-20,Lazio,Inter,2,1
2020-02-17,2019-20,Milan,Torino,1,0
2020-02-21,2019-20,Brescia,Napoli,1,2
2020-02-22,2019-20,Bologna,Udinese,1,1
2020-02-22,2019-20,Spal,Juventus,1,2
2020-02-22,2019-20,Fiorentina,Milan,1,1
2020-02-23,2019-20,Genoa,Lazio,2,3
2020-02-23,2019-20,Roma,Lecce,4,0
2020-02-29,2019-20,Lazio,Bologna,2,0
2020-02-29,2019-20,Napoli,Torino,2,1
2020-03-01,2019-20,Lecce,Atalanta,2,7
2020-03-01,2019-20,Cagliari,Roma,3,4
2020-03-08,2019-20,Parma,Spal,0,1
2020-03-08,2019-20,Milan,Genoa,1,2
2020-03-08,2019-20,Sampdoria,Verona,2,1
2020-03-08,2019-20,Udinese,Fiorentina,0,0
2020-03-08,2019-20,Juventus,Inter,2,0
2020-03-09,2019-20,Sassuolo,Brescia,3,0
2020-06-20,2019-20,Torino,Parma,1,1
2020-06-20,2019-20,Verona,Cagliari,2,1
2020-06-21,2019-20,Atalanta,Sassuolo,4,1
2020-06-21,2019-20,Inter,Sampdoria,2,1
2020-06-22,2019-20,Fiorentina,Brescia,1,1
2020-06-22,2019-20,Lecce,Milan,1,4
2020-06-22,2019-20,Bologna,Juventus,0,2
2020-06-23,2019-20,Spal,Cagliari,0,1
2020-06-23,2019-20,Verona,Napoli,0,2
2020-06-23,2019-20,Genoa,Parma,1,4
2020-06-23,2019-20,Torino,Udinese,1,0
2020-06-24,2019-20,Inter,Sassuolo,3,3
2020-06-24,2019-20,Atalanta,Lazio,3,2
2020-06-24,2019-20,Roma,Sampdoria,2,1
2020-06-26,2019-20,Juventus,Lecce,4,0
2020-06-27,2019-20,Brescia,Genoa,2,2
2020-06-27,2019-20,Cagliari,Torino,4,2
2020-06-27,2019-20,Lazio,Fiorentina,2,1
2020-06-28,2019-20,Milan,Roma,2,0
2020-06-28,2019-20,Napoli,Spal,3,1
2020-06-28,2019-20,Sampdoria,Bologna,1,2
2020-06-28,2019-20,Sassuolo,Verona,3,3
2020-06-28,2019-20,Udinese,Atalanta,2,3
2020-06-28,2019-20,Parma,Inter,1,2
2020-06-30,2019-20,Torino,Lazio,1,2
2020-06-30,2019-20,Genoa,Juventus,1,3
2020-07-01,2019-20,Bologna,Cagliari,1,1
2020-07-01,2019-20,Inter,Brescia,6,0
2020-07-01,2019-20,Fiorentina,Sassuolo,1,3
2020-07-01,2019-20,Lecce,Sampdoria,1,2
2020-07-01,2019-20,Spal,Milan,2,2
2020-07-01,2019-20,Verona,Parma,3,2
2020-07-02,2019-20,Atalanta,Napoli,2,0
2020-07-02,2019-20,Roma,Udinese,0,2
2020-07-04,2019-20,Juventus,Torino,4,1
2020-07-04,2019-20,Sassuolo,Lecce,4,2
2020-07-04,2019-20,Lazio,Milan,0,3
2020-07-05,2019-20,Inter,Bologna,1,2
2020-07-05,2019-20,Brescia,Verona,2,0
2020-07-05,2019-20,Cagliari,Atalanta,0,1
2020-07-05,2019-20,Parma,Fiorentina,1,2
2020-07-05,2019-20,Sampdoria,Spal,3,0
2020-07-05,2019-20,Udinese,Genoa,2,2
2020-07-05,2019-20,Napoli,Roma,2,1
2020-07-07,2019-20,Lecce,Lazio,2,1
2020-07-07,2019-20,Milan,Juventus,4,2
2020-07-08,2019-20,Fiorentina,Cagliari,0,0
2020-07-08,2019-20,Genoa,Napoli,1,2
2020-07-08,2019-20,Atalanta,Sampdoria,2,0
2020-07-08,2019-20,Bologna,Sassuolo,1,2
2020-07-08,2019-20,Roma,Parma,2,1
2020-07-08,2019-20,Torino,Brescia,3,1
2020-07-09,2019-20,Spal,Udinese,0,3
2020-07-09,2019-20,Verona,Inter,2,2
2020-07-11,2019-20,Lazio,Sassuolo,1,2
2020-07-11,2019-20,Brescia,Roma,0,3
2020-07-11,2019-20,Juventus,Atalanta,2,2
2020-07-12,2019-20,Genoa,Spal,2,0
2020-07-12,2019-20,Cagliari,Lecce,0,0
2020-07-12,2019-20,Fiorentina,Verona,1,1
2020-07-12,2019-20,Parma,Bologna,2,2
2020-07-12,2019-20,Udinese,Sampdoria,1,3
2020-07-12,2019-20,Napoli,Milan,2,2
2020-07-13,2019-20,Inter,Torino,3,1
2020-07-14,2019-20,Atalanta,Brescia,6,2
2020-07-15,2019-20,Bologna,Napoli,1,1
2020-07-15,2019-20,Milan,Parma,3,1
2020-07-15,2019-20,Sampdoria,Cagliari,3,0
2020-07-15,2019-20,Lecce,Fiorentina,1,3
2020-07-15,2019-20,Roma,Verona,2,1
2020-07-15,2019-20,Sassuolo,Juventus,3,3
2020-07-15,2019-20,Udinese,Lazio,0,0
2020-07-16,2019-20,Torino,Genoa,3,0
2020-07-16,2019-20,Spal,Inter,0,4
2020-07-18,2019-20,Verona,Atalanta,1,1
2020-07-18,2019-20,Cagliari,Sassuolo,1,1
2020-07-18,2019-20,Milan,Bologna,5,1
2020-07-19,2019-20,Parma,Sampdoria,2,3
2020-07-19,2019-20,Brescia,Spal,2,1
2020-07-19,2019-20,Fiorentina,Torino,2,0
2020-07-19,2019-20,Genoa,Lecce,2,1
2020-07-19,2019-20,Napoli,Udinese,2,1
2020-07-19,2019-20,Roma,Inter,2,2
2020-07-20,2019-20,Juventus,Lazio,2,1
2020-07-21,2019-20,Atalanta,Bologna,1,0
2020-07-21,2019-20,Sassuolo,Milan,1,2
2020-07-22,2019-20,Parma,Napoli,2,1
2020-07-22,2019-20,Inter,Fiorentina,0,0
2020-07-22,2019-20,Lecce,Brescia,3,1
2020-07-22,2019-20,Sampdoria,Genoa,1,2
2020-07-22,2019-20,Spal,Roma,1,6
2020-07-22,2019-20,Torino,Verona,1,1
2020-07-23,2019-20,Udinese,Juventus,2,1
2020-07-23,2019-20,Lazio,Cagliari,2,1
2020-07-24,2019-20,Milan,Atalanta,1,1
2020-07-25,2019-20,Brescia,Parma,1,2
2020-07-25,2019-20,Genoa,Inter,0,3
2020-07-25,2019-20,Napoli,Sassuolo,2,0
2020-07-26,2019-20,Bologna,Lecce,3,2
2020-07-26,2019-20,Cagliari,Udinese,0,1
2020-07-26,2019-20,Roma,Fiorentina,2,1
2020-07-26,2019-20,Spal,Torino,1,1
2020-07-26,2019-20,Verona,Lazio,1,5
2020-07-26,2019-20,Juventus,Sampdoria,2,0
2020-07-28,2019-20,Parma,Atalanta,1,2
2020-07-28,2019-20,Inter,Napoli,2,0
2020-07-29,2019-20,Lazio,Brescia,2,0
2020-07-29,2019-20,Sampdoria,Milan,1,4
2020-07-29,2019-20,Sassuolo,Genoa,5,0
2020-07-29,2019-20,Udinese,Lecce,1,2
2020-07-29,2019-20,Verona,Spal,3,0
2020-07-29,2019-20,Cagliari,Juventus,2,0
2020-07-29,2019-20,Fiorentina,Bologna,4,0
2020-07-29,2019-20,Torino,Roma,2,3
2020-08-01,2019-20,Brescia,Sampdoria,1,1
2020-08-01,2019-20,Atalanta,Inter,0,2
2020-08-01,2019-20,Juventus,Roma,1,3
2020-08-01,2019-20,Milan,Cagliari,3,0
2020-08-01,2019-20,Napoli,Lazio,3,1
2020-08-02,2019-20,Spal,Fiorentina,1,3
2020-08-02,2019-20,Bologna,Torino,1,1
2020-08-02,2019-20,Genoa,Verona,3,0
2020-08-02,2019-20,Lecce,Parma,3,4
2020-08-02,2019-20,Sassuolo,Udinese,0,1
2020-09-19,2020-21,Fiorentina,Torino,1,0
2020-09-19,2020-21,Verona,Roma,0,0
2020-09-20,2020-21,Parma,Napoli,0,2
2020-09-20,2020-21,Genoa,Crotone,4,1
2020-09-20,2020-21,Sassuolo,Cagliari,1,1
2020-09-20,2020-21,Juventus,Sampdoria,3,0
2020-09-21,2020-21,Milan,Bologna,2,0
2020-09-26,2020-21,Torino,Atalanta,2,4
2020-09-26,2020-21,Cagliari,Lazio,0,2
2020-09-26,2020-21,Sampdoria,Benevento,2,3
2020-09-26,2020-21,Inter,Fiorentina,4,3
2020-09-27,2020-21,Spezia,Sassuolo,1,4
2020-09-27,2020-21,Napoli,Genoa,6,0
2020-09-27,2020-21,Verona,Udinese,1,0
2020-09-27,2020-21,Crotone,Milan,0,2
2020-09-27,2020-21,Roma,Juventus,2,2
2020-09-28,2020-21,Bologna,Parma,4,1
2020-09-30,2020-21,Benevento,Inter,2,5
2020-09-30,2020-21,Udinese,Spezia,0,2
2020-09-30,2020-21,Lazio,Atalanta,1,4
2020-10-02,2020-21,Fiorentina,Sampdoria,1,2
2020-10-03,2020-21,Sassuolo,Crotone,4,1
2020-10-03,2020-21,Udinese,Roma,0,1
2020-10-04,2020-21,Atalanta,Cagliari,5,2
2020-10-04,2020-21,Benevento,Bologna,1,0
2020-10-04,2020-21,Lazio,Inter,1,1
2020-10-04,2020-21,Parma,Verona,1,0
2020-10-04,2020-21,Milan,Spezia,3,0
2020-10-17,2020-21,Napoli,Atalanta,4,1
2020-10-17,2020-21,Inter,Milan,1,2
2020-10-17,2020-21,Sampdoria,Lazio,3,0
2020-10-17,2020-21,Crotone,Juventus,1,1
2020-10-18,2020-21,Bologna,Sassuolo,3,4
2020-10-18,2020-21,Spezia,Fiorentina,2,2
2020-10-18,2020-21,Torino,Cagliari,2,3
2020-10-18,2020-21,Udinese,Parma,3,2
2020-10-18,2020-21,Roma,Benevento,5,2
2020-10-19,2020-21,Verona,Genoa,0,0
2020-10-23,2020-21,Sassuolo,Torino,3,3
2020-10-24,2020-21,Atalanta,Sampdoria,1,3
2020-10-24,2020-21,Genoa,Inter,0,2
2020-10-24,2020-21,Lazio,Bologna,2,1
2020-10-25,2020-21,Cagliari,Crotone,4,2
2020-10-25,2020-21,Benevento,Napoli,1,2
2020-10-25,2020-21,Parma,Spezia,2,2
2020-10-25,2020-21,Fiorentina,Udinese,3,2
2020-10-25,2020-21,Juventus,Verona,1,1
2020-10-26,2020-21,Milan,Roma,3,3
2020-10-31,2020-21,Crotone,Atalanta,1,2
2020-10-31,2020-21,Inter,Parma,2,2
2020-10-31,2020-21,Bologna,Cagliari,3,2
2020-11-01,2020-21,Udinese,Milan,1,2
2020-11-01,2020-21,Spezia,Juventus,1,4
2020-11-01,2020-21,Torino,Lazio,3,4
2020-11-01,2020-21,Napoli,Sassuolo,0,2
2020-11-01,2020-21,Roma,Fiorentina,2,0
2020-11-01,2020-21,Sampdoria,Genoa,1,1
2020-11-02,2020-21,Verona,Benevento,3,1
2020-11-04,2020-21,Genoa,Torino,1,2
2020-11-06,2020-21,Sassuolo,Udinese,0,0
2020-11-07,2020-21,Cagliari,Sampdoria,2,0
2020-11-07,2020-21,Benevento,Spezia,0,3
2020-11-07,2020-21,Parma,Fiorentina,0,0
2020-11-08,2020-21,Lazio,Juventus,1,1
2020-11-08,2020-21,Atalanta,Inter,1,1
2020-11-08,2020-21,Genoa,Roma,1,3
2020-11-08,2020-21,Torino,Crotone,0,0
2020-11-08,2020-21,Bologna,Napoli,0,1
2020-11-08,2020-21,Milan,Verona,2,2
2020-11-21,2020-21,Crotone,Lazio,0,2
2020-11-21,2020-21,Spezia,Atalanta,0,0
2020-11-21,2020-21,Juventus,Cagliari,2,0
2020-11-22,2020-21,Fiorentina,Benevento,0,1
2020-11-22,2020-21,Inter,Torino,4,2
2020-11-22,2020-21,Roma,Parma,3,0
2020-11-22,2020-21,Sampdoria,Bologna,1,2
2020-11-22,2020-21,Verona,Sassuolo,0,2
2020-11-22,2020-21,Udinese,Genoa,1,0
2020-11-22,2020-21,Napoli,Milan,1,3
2020-11-28,2020-21,Sassuolo,Inter,0,3
2020-11-28,2020-21,Benevento,Juventus,1,1
2020-11-28,2020-21,Atalanta,Verona,0,2
2020-11-29,2020-21,Lazio,Udinese,1,3
2020-11-29,2020-21,Bologna,Crotone,1,0
2020-11-29,2020-21,Milan,Fiorentina,2,0
2020-11-29,2020-21,Cagliari,Spezia,2,2
2020-11-29,2020-21,Napoli,Roma,4,0
2020-11-30,2020-21,Torino,Sampdoria,2,2
2020-11-30,2020-21,Genoa,Parma,1,2
2020-12-05,2020-21,Spezia,Lazio,1,2
2020-12-05,2020-21,Juventus,Torino,2,1
2020-12-05,2020-21,Inter,Bologna,3,1
2020-12-06,2020-21,Verona,Cagliari,1,1
2020-12-06,2020-21,Parma,Benevento,0,0
2020-12-06,2020-21,Roma,Sassuolo,0,0
2020-12-06,2020-21,Crotone,Napoli,0,4
2020-12-06,2020-21,Sampdoria,Milan,1,2
2020-12-07,2020-21,Fiorentina,Genoa,1,1
2020-12-11,2020-21,Sassuolo,Benevento,1,0
2020-12-12,2020-21,Crotone,Spezia,4,1
2020-12-12,2020-21,Torino,Udinese,2,3
2020-12-12,2020-21,Lazio,Verona,1,2
2020-12-13,2020-21,Cagliari,Inter,1,3
2020-12-13,2020-21,Atalanta,Fiorentina,3,0
2020-12-13,2020-21,Bologna,Roma,1,5
2020-12-13,2020-21,Napoli,Sampdoria,2,1
2020-12-13,2020-21,Genoa,Juventus,1,3
2020-12-13,2020-21,Milan,Parma,2,2
2020-12-15,2020-21,Udinese,Crotone,0,0
2020-12-15,2020-21,Benevento,Lazio,1,1
2020-12-16,2020-21,Juventus,Atalanta,1,1
2020-12-16,2020-21,Fiorentina,Sassuolo,1,1
2020-12-16,2020-21,Genoa,Milan,2,2
2020-12-16,2020-21,Inter,Napoli,1,0
2020-12-16,2020-21,Parma,Cagliari,0,0
2020-12-16,2020-21,Spezia,Bologna,2,2
2020-12-16,2020-21,Verona,Sampdoria,1,2
2020-12-17,2020-21,Roma,Torino,3,1
2020-12-19,2020-21,Fiorentina,Verona,1,1
2020-12-19,2020-21,Sampdoria,Crotone,3,1
2020-12-19,2020-21,Parma,Juventus,0,4
2020-12-20,2020-21,Torino,Bologna,1,1
2020-12-20,2020-21,Benevento,Genoa,2,0
2020-12-20,2020-21,Cagliari,Udinese,1,1
2020-12-20,2020-21,Inter,Spezia,2,1
2020-12-20,2020-21,Sassuolo,Milan,1,2
2020-12-20,2020-21,Atalanta,Roma,4,1
2020-12-20,2020-21,Lazio,Napoli,2,0
2020-12-22,2020-21,Crotone,Parma,2,1
2020-12-22,2020-21,Juventus,Fiorentina,0,3
2020-12-23,2020-21,Verona,Inter,1,2
2020-12-23,2020-21,Bologna,Atalanta,2,2
2020-12-23,2020-21,Milan,Lazio,3,2
2020-12-23,2020-21,Napoli,Torino,1,1
2020-12-23,2020-21,Roma,Cagliari,3,2
2020-12-23,2020-21,Sampdoria,Sassuolo,2,3
2020-12-23,2020-21,Spezia,Genoa,1,2
2020-12-23,2020-21,Udinese,Benevento,0,2
2021-01-03,2020-21,Inter,Crotone,6,2
2021-01-03,2020-21,Atalanta,Sassuolo,5,1
2021-01-03,2020-21,Cagliari,Napoli,1,4
2021-01-03,2020-21,Fiorentina,Bologna,0,0
2021-01-03,2020-21,Genoa,Lazio,1,1
2021-01-03,2020-21,Parma,Torino,0,3
2021-01-03,2020-21,Roma,Sampdoria,1,0
2021-01-03,2020-21,Spezia,Verona,0,1
2021-01-03,2020-21,Benevento,Milan,0,2
2021-01-03,2020-21,Juventus,Udinese,4,1
2021-01-06,2020-21,Cagliari,Benevento,1,2
2021-01-06,2020-21,Atalanta,Parma,3,0
2021-01-06,2020-21,Bologna,Udinese,2,2
2021-01-06,2020-21,Crotone,Roma,1,3
2021-01-06,2020-21,Lazio,Fiorentina,2,1
2021-01-06,2020-21,Sampdoria,Inter,2,1
2021-01-06,2020-21,Sassuolo,Genoa,2,1
2021-01-06,2020-21,Torino,Verona,1,1
2021-01-06,2020-21,Napoli,Spezia,1,2
2021-01-06,2020-21,Milan,Juventus,1,3
2021-01-09,2020-21,Benevento,Atalanta,1,4
2021-01-09,2020-21,Genoa,Bologna,2,0
2021-01-09,2020-21,Milan,Torino,2,0
2021-01-10,2020-21,Roma,Inter,2,2
2021-01-10,2020-21,Parma,Lazio,0,2
2021-01-10,2020-21,Udinese,Napoli,1,2
2021-01-10,2020-21,Verona,Crotone,2,1
2021-01-10,2020-21,Fiorentina,Cagliari,1,0
2021-01-10,2020-21,Juventus,Sassuolo,3,1
2021-01-11,2020-21,Spezia,Sampdoria,2,1
2021-01-15,2020-21,Lazio,Roma,3,0
2021-01-16,2020-21,Bologna,Verona,1,0
2021-01-16,2020-21,Torino,Spezia,0,0
2021-01-16,2020-21,Sampdoria,Udinese,2,1
2021-01-17,2020-21,Napoli,Fiorentina,6,0
2021-01-17,2020-21,Crotone,Benevento,4,1
2021-01-17,2020-21,Sassuolo,Parma,1,1
2021-01-17,2020-21,Atalanta,Genoa,0,0
2021-01-17,2020-21,Inter,Juventus,2,0
2021-01-18,2020-21,Cagliari,Milan,0,2
2021-01-20,2020-21,Udinese,Atalanta,1,1
2021-01-22,2020-21,Benevento,Torino,2,2
2021-01-23,2020-21,Roma,Spezia,4,3
2021-01-23,2020-21,Milan,Atalanta,0,3
2021-01-23,2020-21,Udinese,Inter,0,0
2021-01-23,2020-21,Fiorentina,Crotone,2,1
2021-01-24,2020-21,Juventus,Bologna,2,0
2021-01-24,2020-21,Genoa,Cagliari,1,0
2021-01-24,2020-21,Verona,Napoli,3,1
2021-01-24,2020-21,Lazio,Sassuolo,2,1
2021-01-24,2020-21,Parma,Sampdoria,0,2
2021-01-29,2020-21,Torino,Fiorentina,1,1
2021-01-30,2020-21,Bologna,Milan,1,2
2021-01-30,2020-21,Sampdoria,Juventus,0,2
2021-01-30,2020-21,Inter,Benevento,4,0
2021-01-31,2020-21,Spezia,Udinese,0,1
2021-01-31,2020-21,Atalanta,Lazio,1,3
2021-01-31,2020-21,Cagliari,Sassuolo,1,1
2021-01-31,2020-21,Crotone,Genoa,0,3
2021-01-31,2020-21,Napoli,Parma,2,0
2021-01-31,2020-21,Roma,Verona,3,1
2021-02-05,2020-21,Fiorentina,Inter,0,2
2021-02-06,2020-21,Atalanta,Torino,3,3
2021-02-06,2020-21,Sassuolo,Spezia,1,2
2021-02-06,2020-21,Juventus,Roma,2,0
2021-02-06,2020-21,Genoa,Napoli,2,1
2021-02-07,2020-21,Benevento,Sampdoria,1,1
2021-02-07,2020-21,Milan,Crotone,4,0
2021-02-07,2020-21,Udinese,Verona,2,0
2021-02-07,2020-21,Parma,Bologna,0,3
2021-02-07,2020-21,Lazio,Cagliari,1,0
2021-02-12,2020-21,Bologna,Benevento,1,1
2021-02-13,2020-21,Torino,Genoa,0,0
2021-02-13,2020-21,Napoli,Juventus,1,0
2021-02-13,2020-21,Spezia,Milan,2,0
2021-02-14,2020-21,Roma,Udinese,3,0
2021-02-14,2020-21,Cagliari,Atalanta,0,1
2021-02-14,2020-21,Sampdoria,Fiorentina,2,1
2021-02-14,2020-21,Crotone,Sassuolo,1,2
2021-02-14,2020-21,Inter,Lazio,3,1
2021-02-15,2020-21,Verona,Parma,2,1
2021-02-19,2020-21,Fiorentina,Spezia,3,0
2021-02-19,2020-21,Cagliari,Torino,0,1
2021-02-20,2020-21,Lazio,Sampdoria,1,0
2021-02-20,2020-21,Genoa,Verona,2,2
2021-02-20,2020-21,Sassuolo,Bologna,1,1
2021-02-21,2020-21,Parma,Udinese,2,2
2021-02-21,2020-21,Milan,Inter,0,3
2021-02-21,2020-21,Atalanta,Napoli,4,2
2021-02-21,2020-21,Benevento,Roma,0,0
2021-02-22,2020-21,Juventus,Crotone,3,0
2021-02-27,2020-21,Spezia,Parma,2,2
2021-02-27,2020-21,Bologna,Lazio,2,0
2021-02-27,2020-21,Verona,Juventus,1,1
2021-02-28,2020-21,Sampdoria,Atalanta,0,2
2021-02-28,2020-21,Crotone,Cagliari,0,2
2021-02-28,2020-21,Inter,Genoa,3,0
2021-02-28,2020-21,Udinese,Fiorentina,1,0
2021-02-28,2020-21,Napoli,Benevento,2,0
2021-02-28,2020-21,Roma,Milan,1,2
2021-03-02,2020-21,Juventus,Spezia,3,0
2021-03-03,2020-21,Sassuolo,Napoli,3,3
2021-03-03,2020-21,Atalanta,Crotone,5,1
2021-03-03,2020-21,Benevento,Verona,0,3
2021-03-03,2020-21,Cagliari,Bologna,1,0
2021-03-03,2020-21,Fiorentina,Roma,1,2
2021-03-03,2020-21,Genoa,Sampdoria,1,1
2021-03-03,2020-21,Milan,Udinese,1,1
2021-03-04,2020-21,Parma,Inter,1,2
2021-03-06,2020-21,Spezia,Benevento,1,1
2021-03-06,2020-21,Udinese,Sassuolo,2,0
2021-03-06,2020-21,Juventus,Lazio,3,1
2021-03-07,2020-21,Roma,Genoa,1,0
2021-03-07,2020-21,Crotone,Torino,4,2
2021-03-07,2020-21,Fiorentina,Parma,3,3
2021-03-07,2020-21,Verona,Milan,0,2
2021-03-07,2020-21,Sampdoria,Cagliari,2,2
2021-03-07,2020-21,Napoli,Bologna,3,1
2021-03-08,2020-21,Inter,Atalanta,1,0
2021-03-12,2020-21,Lazio,Crotone,3,2
2021-03-12,2020-21,Atalanta,Spezia,3,1
2021-03-13,2020-21,Sassuolo,Verona,3,2
2021-03-13,2020-21,Benevento,Fiorentina,1,4
2021-03-13,2020-21,Genoa,Udinese,1,1
2021-03-14,2020-21,Bologna,Sampdoria,3,1
2021-03-14,2020-21,Parma,Roma,2,0
2021-03-14,2020-21,Torino,Inter,1,2
2021-03-14,2020-21,Cagliari,Juventus,1,3
2021-03-14,2020-21,Milan,Napoli,0,1
2021-03-17,2020-21,Torino,Sassuolo,3,2
2021-03-19,2020-21,Parma,Genoa,1,2
2021-03-20,2020-21,Crotone,Bologna,2,3
2021-03-20,2020-21,Spezia,Cagliari,2,1
2021-03-21,2020-21,Verona,Atalanta,0,2
2021-03-21,2020-21,Juventus,Benevento,0,1
2021-03-21,2020-21,Sampdoria,Torino,1,0
2021-03-21,2020-21,Udinese,Lazio,0,1
2021-03-21,2020-21,Fiorentina,Milan,2,3
2021-03-21,2020-21,Roma,Napoli,0,2
2021-04-03,2020-21,Milan,Sampdoria,1,1
2021-04-03,2020-21,Atalanta,Udinese,3,2
2021-04-03,2020-21,Benevento,Parma,2,2
2021-04-03,2020-21,Cagliari,Verona,0,2
2021-04-03,2020-21,Genoa,Fiorentina,1,1
2021-04-03,2020-21,Lazio,Spezia,2,1
2021-04-03,2020-21,Napoli,Crotone,4,3
2021-04-03,2020-21,Sassuolo,Roma,2,2
2021-04-03,2020-21,Torino,Juventus,2,2
2021-04-03,2020-21,Bologna,Inter,0,1
2021-04-07,2020-21,Inter,Sassuolo,2,1
2021-04-07,2020-21,Juventus,Napoli,2,1
2021-04-10,2020-21,Spezia,Crotone,3,2
2021-04-10,2020-21,Parma,Milan,1,3
2021-04-10,2020-21,Udinese,Torino,0,1
2021-04-11,2020-21,Inter,Cagliari,1,0
2021-04-11,2020-21,Juventus,Genoa,3,1
2021-04-11,2020-21,Sampdoria,Napoli,0,2
2021-04-11,2020-21,Verona,Lazio,0,1
2021-04-11,2020-21,Roma,Bologna,1,0
2021-04-11,2020-21,Fiorentina,Atalanta,2,3
2021-04-12,2020-21,Benevento,Sassuolo,0,1
2021-04-17,2020-21,Crotone,Udinese,1,2
2021-04-17,2020-21,Sampdoria,Verona,3,1
2021-04-17,2020-21,Sassuolo,Fiorentina,3,1
2021-04-17,2020-21,Cagliari,Parma,4,3
2021-04-18,2020-21,Milan,Genoa,2,1
2021-04-18,2020-21,Atalanta,Juventus,1,0
2021-04-18,2020-21,Bologna,Spezia,4,1
2021-04-18,2020-21,Lazio,Benevento,5,3
2021-04-18,2020-21,Torino,Roma,3,1
2021-04-18,2020-21,Napoli,Inter,1,1
2021-04-20,2020-21,Verona,Fiorentina,1,2
2021-04-21,2020-21,Milan,Sassuolo,1,2
2021-04-21,2020-21,Bologna,Torino,1,1
2021-04-21,2020-21,Crotone,Sampdoria,0,1
2021-04-21,2020-21,Genoa,Benevento,2,2
2021-04-21,2020-21,Juventus,Parma,3,1
2021-04-21,2020-21,Spezia,Inter,1,1
2021-04-21,2020-21,Udinese,Cagliari,0,1
2021-04-22,2020-21,Roma,Atalanta,1,1
2021-04-22,2020-21,Napoli,Lazio,5,2
2021-04-24,2020-21,Genoa,Spezia,2,0
2021-04-24,2020-21,Parma,Crotone,3,4
2021-04-24,2020-21,Sassuolo,Sampdoria,1,0
2021-04-25,2020-21,Benevento,Udinese,2,4
2021-04-25,2020-21,Fiorentina,Juventus,1,1
2021-04-25,2020-21,Inter,Verona,1,0
2021-04-25,2020-21,Cagliari,Roma,3,2
2021-04-25,2020-21,Atalanta,Bologna,5,0
2021-04-26,2020-21,Torino,Napoli,0,2
2021-04-26,2020-21,Lazio,Milan,3,0
2021-05-01,2020-21,Verona,Spezia,1,1
2021-05-01,2020-21,Crotone,Inter,0,2
2021-05-01,2020-21,Milan,Benevento,2,0
2021-05-02,2020-21,Lazio,Genoa,4,3
2021-05-02,2020-21,Bologna,Fiorentina,3,3
2021-05-02,2020-21,Napoli,Cagliari,1,1
2021-05-02,2020-21,Sassuolo,Atalanta,1,1
2021-05-02,2020-21,Udinese,Juventus,1,2
2021-05-02,2020-21,Sampdoria,Roma,2,0
2021-05-03,2020-21,Torino,Parma,1,0
2021-05-08,2020-21,Spezia,Napoli,1,4
2021-05-08,2020-21,Udinese,Bologna,1,1
2021-05-08,2020-21,Inter,Sampdoria,5,1
2021-05-08,2020-21,Fiorentina,Lazio,2,0
2021-05-09,2020-21,Genoa,Sassuolo,1,2
2021-05-09,2020-21,Benevento,Cagliari,1,3
2021-05-09,2020-21,Parma,Atalanta,2,5
2021-05-09,2020-21,Verona,Torino,1,1
2021-05-09,2020-21,Roma,Crotone,5,0
2021-05-09,2020-21,Juventus,Milan,0,3
2021-05-11,2020-21,Napoli,Udinese,5,1
2021-05-12,2020-21,Cagliari,Fiorentina,0,0
2021-05-12,2020-21,Atalanta,Benevento,2,0
2021-05-12,2020-21,Bologna,Genoa,0,2
2021-05-12,2020-21,Inter,Roma,3,1
2021-05-12,2020-21,Lazio,Parma,1,0
2021-05-12,2020-21,Sampdoria,Spezia,2,2
2021-05-12,2020-21,Sassuolo,Juventus,1,3
2021-05-12,2020-21,Torino,Milan,0,7
2021-05-13,2020-21,Crotone,Verona,2,1
2021-05-15,2020-21,Genoa,Atalanta,3,4
2021-05-15,2020-21,Spezia,Torino,4,1
2021-05-15,2020-21,Juventus,Inter,3,2
2021-05-15,2020-21,Roma,Lazio,2,0
2021-05-16,2020-21,Fiorentina,Napoli,0,2
2021-05-16,2020-21,Benevento,Crotone,1,1
2021-05-16,2020-21,Udinese,Sampdoria,0,1
2021-05-16,2020-21,Parma,Sassuolo,1,3
2021-05-16,2020-21,Milan,Cagliari,0,0
2021-05-17,2020-21,Verona,Bologna,2,2
2021-05-18,2020-21,Lazio,Torino,0,0
2021-05-22,2020-21,Cagliari,Genoa,0,1
2021-05-22,2020-21,Crotone,Fiorentina,0,0
2021-05-22,2020-21,Sampdoria,Parma,3,0
2021-05-23,2020-21,Inter,Udinese,5,1
2021-05-23,2020-21,Atalanta,Milan,0,2
2021-05-23,2020-21,Bologna,Juventus,1,4
2021-05-23,2020-21,Napoli,Verona,1,1
2021-05-23,2020-21,Sassuolo,Lazio,2,0
2021-05-23,2020-21,Spezia,Roma,2,2
2021-05-23,2020-21,Torino,Benevento,1,1
2021-08-21,2021-22,Inter,Genoa,4,0
2021-08-21,2021-22,Verona,Sassuolo,2,3
2021-08-21,2021-22,Empoli,Lazio,1,3
2021-08-21,2021-22,Torino,Atalanta,1,2
2021-08-22,2021-22,Bologna,Salernitana,3,2
2021-08-22,2021-22,Udinese,Juventus,2,2
2021-08-22,2021-22,Napoli,Venezia,2,0
2021-08-22,2021-22,Roma,Fiorentina,3,1
2021-08-23,2021-22,Cagliari,Spezia,2,2
2021-08-23,2021-22,Sampdoria,Milan,0,1
2021-08-27,2021-22,Udinese,Venezia,3,0
2021-08-27,2021-22,Verona,Inter,1,3
2021-08-28,2021-22,Atalanta,Bologna,0,0
2021-08-28,2021-22,Lazio,Spezia,6,1
2021-08-28,2021-22,Fiorentina,Torino,2,1
2021-08-28,2021-22,Juventus,Empoli,0,1
2021-08-29,2021-22,Genoa,Napoli,1,2
2021-08-29,2021-22,Sassuolo,Sampdoria,0,0
2021-08-29,2021-22,Milan,Cagliari,4,1
2021-08-29,2021-22,Salernitana,Roma,0,4
2021-09-11,2021-22,Empoli,Venezia,1,2
2021-09-11,2021-22,Napoli,Juventus,2,1
2021-09-11,2021-22,Atalanta,Fiorentina,1,2
2021-09-12,2021-22,Sampdoria,Inter,2,2
2021-09-12,2021-22,Cagliari,Genoa,2,3
2021-09-12,2021-22,Spezia,Udinese,0,1
2021-09-12,2021-22,Torino,Salernitana,4,0
2021-09-12,2021-22,Milan,Lazio,2,0
2021-09-12,2021-22,Roma,Sassuolo,2,1
2021-09-13,2021-22,Bologna,Verona,1,0
2021-09-17,2021-22,Sassuolo,Torino,0,1
2021-09-18,2021-22,Genoa,Fiorentina,1,2
2021-09-18,2021-22,Inter,Bologna,6,1
2021-09-18,2021-22,Salernitana,Atalanta,0,1
2021-09-19,2021-22,Empoli,Sampdoria,0,3
2021-09-19,2021-22,Venezia,Spezia,1,2
2021-09-19,2021-22,Lazio,Cagliari,2,2
2021-09-19,2021-22,Verona,Roma,3,2
2021-09-19,2021-22,Juventus,Milan,1,1
2021-09-20,2021-22,Udinese,Napoli,0,4
2021-09-21,2021-22,Bologna,Genoa,2,2
2021-09-21,2021-22,Atalanta,Sassuolo,2,1
2021-09-21,2021-22,Fiorentina,Inter,1,3
2021-09-22,2021-22,Salernitana,Verona,2,2
2021-09-22,2021-22,Spezia,Juventus,2,3
2021-09-22,2021-22,Cagliari,Empoli,0,2
2021-09-22,2021-22,Milan,Venezia,2,0
2021-09-23,2021-22,Sampdoria,Napoli,0,4
2021-09-23,2021-22,Torino,Lazio,1,1
2021-09-23,2021-22,Roma,Udinese,1,0
2021-09-25,2021-22,Spezia,Milan,1,2
2021-09-25,2021-22,Inter,Atalanta,2,2
2021-09-25,2021-22,Genoa,Verona,3,3
2021-09-26,2021-22,Juventus,Sampdoria,3,2
2021-09-26,2021-22,Empoli,Bologna,4,2
2021-09-26,2021-22,Sassuolo,Salernitana,1,0
2021-09-26,2021-22,Udinese,Fiorentina,0,1
2021-09-26,2021-22,Lazio,Roma,3,2
2021-09-26,2021-22,Napoli,Cagliari,2,0
2021-09-27,2021-22,Venezia,Torino,1,1
2021-10-01,2021-22,Cagliari,Venezia,1,1
2021-10-02,2021-22,Salernitana,Genoa,1,0
2021-10-02,2021-22,Torino,Juventus,0,1
2021-10-02,2021-22,Sassuolo,Inter,1,2
2021-10-03,2021-22,Bologna,Lazio,3,0
2021-10-03,2021-22,Sampdoria,Udinese,3,3
2021-10-03,2021-22,Verona,Spezia,4,0
2021-10-03,2021-22,Fiorentina,Napoli,1,2
2021-10-03,2021-22,Roma,Empoli,2,0
2021-10-03,2021-22,Atalanta,Milan,2,3
2021-10-16,2021-22,Spezia,Salernitana,2,1
2021-10-16,2021-22,Lazio,Inter,3,1
2021-10-16,2021-22,Milan,Verona,3,2
2021-10-17,2021-22,Cagliari,Sampdoria,3,1
2021-10-17,2021-22,Empoli,Atalanta,1,4
2021-10-17,2021-22,Genoa,Sassuolo,2,2
2021-10-17,2021-22,Udinese,Bologna,1,1
2021-10-17,2021-22,Napoli,Torino,1,0
2021-10-17,2021-22,Juventus,Roma,1,0
2021-10-18,2021-22,Venezia,Fiorentina,1,0
2021-10-22,2021-22,Torino,Genoa,3,2
2021-10-22,2021-22,Sampdoria,Spezia,2,1
2021-10-23,2021-22,Salernitana,Empoli,2,4
2021-10-23,2021-22,Sassuolo,Venezia,3,1
2021-10-23,2021-22,Bologna,Milan,2,4
2021-10-24,2021-22,Atalanta,Udinese,1,1
2021-10-24,2021-22,Fiorentina,Cagliari,3,0
2021-10-24,2021-22,Verona,Lazio,4,1
2021-10-24,2021-22,Roma,Napoli,0,0
2021-10-24,2021-22,Inter,Juventus,1,1
2021-10-26,2021-22,Spezia,Genoa,1,1
2021-10-26,2021-22,Venezia,Salernitana,1,2
2021-10-26,2021-22,Milan,Torino,1,0
2021-10-27,2021-22,Juventus,Sassuolo,1,2
2021-10-27,2021-22,Sampdoria,Atalanta,1,3
2021-10-27,2021-22,Udinese,Verona,1,1
2021-10-27,2021-22,Cagliari,Roma,1,2
2021-10-27,2021-22,Empoli,Inter,0,2
2021-10-27,2021-22,Lazio,Fiorentina,1,0
2021-10-28,2021-22,Napoli,Bologna,3,0
2021-10-30,2021-22,Atalanta,Lazio,2,2
2021-10-30,2021-22,Verona,Juventus,2,1
2021-10-30,2021-22,Torino,Sampdoria,3,0
2021-10-31,2021-22,Inter,Udinese,2,0
2021-10-31,2021-22,Fiorentina,Spezia,3,0
2021-10-31,2021-22,Genoa,Venezia,0,0
2021-10-31,2021-22,Sassuolo,Empoli,1,2
2021-10-31,2021-22,Salernitana,Napoli,0,1
2021-10-31,2021-22,Roma,Milan,1,2
2021-11-01,2021-22,Bologna,Cagliari,2,0
2021-11-05,2021-22,Empoli,Genoa,2,2
2021-11-06,2021-22,Spezia,Torino,1,0
2021-11-06,2021-22,Juventus,Fiorentina,1,0
2021-11-06,2021-22,Cagliari,Atalanta,1,2
2021-11-07,2021-22,Venezia,Roma,3,2
2021-11-07,2021-22,Sampdoria,Bologna,1,2
2021-11-07,2021-22,Udinese,Sassuolo,3,2
2021-11-07,2021-22,Lazio,Salernitana,3,0
2021-11-07,2021-22,Napoli,Verona,1,1
2021-11-07,2021-22,Milan,Inter,1,1
2021-11-20,2021-22,Atalanta,Spezia,5,2
2021-11-20,2021-22,Lazio,Juventus,0,2
2021-11-20,2021-22,Fiorentina,Milan,4,3
2021-11-21,2021-22,Sassuolo,Cagliari,2,2
2021-11-21,2021-22,Bologna,Venezia,0,1
2021-11-21,2021-22,Salernitana,Sampdoria,0,2
2021-11-21,2021-22,Inter,Napoli,3,2
2021-11-21,2021-22,Genoa,Roma,0,2
2021-11-22,2021-22,Verona,Empoli,2,1
2021-11-22,2021-22,Torino,Udinese,2,1
2021-11-26,2021-22,Cagliari,Salernitana,1,1
2021-11-27,2021-22,Empoli,Fiorentina,2,1
2021-11-27,2021-22,Sampdoria,Verona,3,1
2021-11-27,2021-22,Juventus,Atalanta,0,1
2021-11-27,2021-22,Venezia,Inter,0,2
2021-11-28,2021-22,Udinese,Genoa,0,0
2021-11-28,2021-22,Milan,Sassuolo,1,3
2021-11-28,2021-22,Spezia,Bologna,0,1
2021-11-28,2021-22,Roma,Torino,1,0
2021-11-28,2021-22,Napoli,Lazio,4,0
2021-11-30,2021-22,Atalanta,Venezia,4,0
2021-11-30,2021-22,Fiorentina,Sampdoria,3,1
2021-11-30,2021-22,Salernitana,Juventus,0,2
2021-11-30,2021-22,Verona,Cagliari,0,0
2021-12-01,2021-22,Bologna,Roma,1,0
2021-12-01,2021-22,Inter,Spezia,2,0
2021-12-01,2021-22,Genoa,Milan,0,3
2021-12-01,2021-22,Sassuolo,Napoli,2,2
2021-12-02,2021-22,Torino,Empoli,2,2
2021-12-02,2021-22,Lazio,Udinese,4,4
2021-12-04,2021-22,Milan,Salernitana,2,0
2021-12-04,2021-22,Roma,Inter,0,3
2021-12-04,2021-22,Napoli,Atalanta,2,3
2021-12-05,2021-22,Bologna,Fiorentina,2,3
2021-12-05,2021-22,Spezia,Sassuolo,2,2
2021-12-05,2021-22,Venezia,Verona,3,4
2021-12-05,2021-22,Sampdoria,Lazio,1,3
2021-12-05,2021-22,Juventus,Genoa,2,0
2021-12-06,2021-22,Empoli,Udinese,3,1
2021-12-06,2021-22,Cagliari,Torino,1,1
2021-12-10,2021-22,Genoa,Sampdoria,1,3
2021-12-11,2021-22,Fiorentina,Salernitana,4,0
2021-12-11,2021-22,Venezia,Juventus,1,1
2021-12-11,2021-22,Udinese,Milan,1,1
2021-12-12,2021-22,Torino,Bologna,2,1
2021-12-12,2021-22,Verona,Atalanta,1,2
2021-12-12,2021-22,Napoli,Empoli,0,1
2021-12-12,2021-22,Sassuolo,Lazio,2,1
2021-12-12,2021-22,Inter,Cagliari,4,0
2021-12-13,2021-22,Roma,Spezia,2,0
2021-12-17,2021-22,Lazio,Genoa,3,1
2021-12-17,2021-22,Salernitana,Inter,0,5
2021-12-18,2021-22,Atalanta,Roma,1,4
2021-12-18,2021-22,Bologna,Juventus,0,2
2021-12-18,2021-22,Cagliari,Udinese,0,4
2021-12-19,2021-22,Fiorentina,Sassuolo,2,2
2021-12-19,2021-22,Spezia,Empoli,1,1
2021-12-19,2021-22,Sampdoria,Venezia,1,1
2021-12-19,2021-22,Torino,Verona,1,0
2021-12-19,2021-22,Milan,Napoli,0,1
2021-12-21,2021-22,Genoa,Atalanta,0,0
2021-12-21,2021-22,Juventus,Cagliari,2,0
2021-12-22,2021-22,Sassuolo,Bologna,0,3
2021-12-22,2021-22,Venezia,Lazio,1,3
2021-12-22,2021-22,Inter,Torino,1,0
2021-12-22,2021-22,Roma,Sampdoria,1,1
2021-12-22,2021-22,Verona,Fiorentina,1,1
2021-12-22,2021-22,Empoli,Milan,2,4
2021-12-22,2021-22,Napoli,Spezia,0,1
2022-01-06,2021-22,Sampdoria,Cagliari,1,2
2022-01-06,2021-22,Lazio,Empoli,3,3
2022-01-06,2021-22,Spezia,Verona,1,2
2022-01-06,2021-22,Sassuolo,Genoa,1,1
2022-01-06,2021-22,Milan,Roma,3,1
2022-01-06,2021-22,Juventus,Napoli,1,1
2022-01-09,2021-22,Empoli,Sassuolo,1,5
2022-01-09,2021-22,Venezia,Milan,0,3
2022-01-09,2021-22,Napoli,Sampdoria,1,0
2022-01-09,2021-22,Udinese,Atalanta,2,6
2022-01-09,2021-22,Genoa,Spezia,0,1
2022-01-09,2021-22,Roma,Juventus,3,4
2022-01-09,2021-22,Inter,Lazio,2,1
2022-01-09,2021-22,Verona,Salernitana,1,2
2022-01-10,2021-22,Torino,Fiorentina,4,0
2022-01-11,2021-22,Cagliari,Bologna,2,1
2022-01-15,2021-22,Sampdoria,Torino,1,2
2022-01-15,2021-22,Salernitana,Lazio,0,3
2022-01-15,2021-22,Juventus,Udinese,2,0
2022-01-16,2021-22,Sassuolo,Verona,2,4
2022-01-16,2021-22,Venezia,Empoli,1,1
2022-01-16,2021-22,Roma,Cagliari,1,0
2022-01-16,2021-22,Atalanta,Inter,0,0
2022-01-17,2021-22,Bologna,Napoli,0,2
2022-01-17,2021-22,Milan,Spezia,1,2
2022-01-17,2021-22,Fiorentina,Genoa,6,0
2022-01-21,2021-22,Verona,Bologna,2,1
2022-01-22,2021-22,Genoa,Udinese,0,0
2022-01-22,2021-22,Inter,Venezia,2,1
2022-01-22,2021-22,Lazio,Atalanta,0,0
2022-01-23,2021-22,Cagliari,Fiorentina,1,1
2022-01-23,2021-22,Napoli,Salernitana,4,1
2022-01-23,2021-22,Spezia,Sampdoria,1,0
2022-01-23,2021-22,Torino,Sassuolo,1,1
2022-01-23,2021-22,Empoli,Roma,2,4
2022-01-23,2021-22,Milan,Juventus,0,0
2022-02-05,2021-22,Roma,Genoa,0,0
2022-02-05,2021-22,Inter,Milan,1,2
2022-02-05,2021-22,Fiorentina,Lazio,0,3
2022-02-06,2021-22,Atalanta,Cagliari,1,2
2022-02-06,2021-22,Bologna,Empoli,0,0
2022-02-06,2021-22,Sampdoria,Sassuolo,4,0
2022-02-06,2021-22,Venezia,Napoli,0,2
2022-02-06,2021-22,Udinese,Torino,2,0
2022-02-06,2021-22,Juventus,Verona,2,0
2022-02-07,2021-22,Salernitana,Spezia,2,2
2022-02-12,2021-22,Lazio,Bologna,3,0
2022-02-12,2021-22,Napoli,Inter,1,1
2022-02-12,2021-22,Torino,Venezia,1,2
2022-02-13,2021-22,Milan,Sampdoria,1,0
2022-02-13,2021-22,Empoli,Cagliari,1,1
2022-02-13,2021-22,Genoa,Salernitana,1,1
2022-02-13,2021-22,Verona,Udinese,4,0
2022-02-13,2021-22,Sassuolo,Roma,2,2
2022-02-13,2021-22,Atalanta,Juventus,1,1
2022-02-14,2021-22,Spezia,Fiorentina,1,2
2022-02-18,2021-22,Juventus,Torino,1,1
2022-02-19,2021-22,Sampdoria,Empoli,2,0
2022-02-19,2021-22,Roma,Verona,2,2
2022-02-19,2021-22,Salernitana,Milan,2,2
2022-02-20,2021-22,Fiorentina,Atalanta,1,0
2022-02-20,2021-22,Venezia,Genoa,1,1
2022-02-20,2021-22,Inter,Sassuolo,0,2
2022-02-20,2021-22,Udinese,Lazio,1,1
2022-02-21,2021-22,Cagliari,Napoli,1,1
2022-02-21,2021-22,Bologna,Spezia,2,1
2022-02-25,2021-22,Milan,Udinese,1,1
2022-02-25,2021-22,Genoa,Inter,0,0
2022-02-26,2021-22,Salernitana,Bologna,1,1
2022-02-26,2021-22,Empoli,Juventus,2,3
2022-02-26,2021-22,Sassuolo,Fiorentina,2,1
2022-02-27,2021-22,Torino,Cagliari,1,2
2022-02-27,2021-22,Verona,Venezia,3,1
2022-02-27,2021-22,Spezia,Roma,0,1
2022-02-27,2021-22,Lazio,Napoli,1,2
2022-02-28,2021-22,Atalanta,Sampdoria,4,0
2022-03-04,2021-22,Inter,Salernitana,5,0
2022-03-05,2021-22,Udinese,Sampdoria,2,1
2022-03-05,2021-22,Roma,Atalanta,1,0
2022-03-05,2021-22,Cagliari,Lazio,0,3
2022-03-06,2021-22,Genoa,Empoli,0,0
2022-03-06,2021-22,Bologna,Torino,0,0
2022-03-06,2021-22,Fiorentina,Verona,1,1
2022-03-06,2021-22,Venezia,Sassuolo,1,4
2022-03-06,2021-22,Juventus,Spezia,1,0
2022-03-06,2021-22,Napoli,Milan,0,1
2022-03-12,2021-22,Salernitana,Sassuolo,2,2
2022-03-12,2021-22,Spezia,Cagliari,2,0
2022-03-12,2021-22,Sampdoria,Juventus,1,3
2022-03-12,2021-22,Milan,Empoli,1,0
2022-03-13,2021-22,Fiorentina,Bologna,1,0
2022-03-13,2021-22,Verona,Napoli,1,2
2022-03-13,2021-22,Atalanta,Genoa,0,0
2022-03-13,2021-22,Udinese,Roma,1,1
2022-03-13,2021-22,Torino,Inter,1,1
2022-03-14,2021-22,Lazio,Venezia,1,0
2022-03-18,2021-22,Sassuolo,Spezia,4,1
2022-03-18,2021-22,Genoa,Torino,1,0
2022-03-19,2021-22,Napoli,Udinese,2,1
2022-03-19,2021-22,Inter,Fiorentina,1,1
2022-03-19,2021-22,Cagliari,Milan,0,1
2022-03-20,2021-22,Venezia,Sampdoria,0,2
2022-03-20,2021-22,Empoli,Verona,1,1
2022-03-20,2021-22,Juventus,Salernitana,2,0
2022-03-20,2021-22,Roma,Lazio,3,0
2022-03-20,2021-22,Bologna,Atalanta,0,1
2022-04-02,2021-22,Spezia,Venezia,1,0
2022-04-02,2021-22,Lazio,Sassuolo,2,1
2022-04-02,2021-22,Salernitana,Torino,0,1
2022-04-03,2021-22,Fiorentina,Empoli,1,0
2022-04-03,2021-22,Atalanta,Napoli,1,3
2022-04-03,2021-22,Udinese,Cagliari,5,1
2022-04-03,2021-22,Sampdoria,Roma,0,1
2022-04-03,2021-22,Juventus,Inter,0,1
2022-04-04,2021-22,Verona,Genoa,1,0
2022-04-04,2021-22,Milan,Bologna,0,0
2022-04-09,2021-22,Empoli,Spezia,0,0
2022-04-09,2021-22,Inter,Verona,2,0
2022-04-09,2021-22,Cagliari,Juventus,1,2
2022-04-10,2021-22,Genoa,Lazio,1,4
2022-04-10,2021-22,Napoli,Fiorentina,2,3
2022-04-10,2021-22,Sassuolo,Atalanta,2,1
2022-04-10,2021-22,Venezia,Udinese,1,2
2022-04-10,2021-22,Roma,Salernitana,2,1
2022-04-10,2021-22,Torino,Milan,0,0
2022-04-11,2021-22,Bologna,Sampdoria,2,0
2022-04-15,2021-22,Spezia,Inter,1,3
2022-04-15,2021-22,Milan,Genoa,2,0
2022-04-16,2021-22,Cagliari,Sassuolo,1,0
2022-04-16,2021-22,Sampdoria,Salernitana,1,2
2022-04-16,2021-22,Udinese,Empoli,4,1
2022-04-16,2021-22,Fiorentina,Venezia,1,0
2022-04-16,2021-22,Juventus,Bologna,1,1
2022-04-16,2021-22,Lazio,Torino,1,1
2022-04-18,2021-22,Napoli,Roma,1,1
2022-04-18,2021-22,Atalanta,Verona,1,2
2022-04-20,2021-22,Udinese,Salernitana,0,1
2022-04-23,2021-22,Torino,Spezia,2,1
2022-04-23,2021-22,Venezia,Atalanta,1,3
2022-04-23,2021-22,Inter,Roma,3,1
2022-04-23,2021-22,Verona,Sampdoria,1,1
2022-04-24,2021-22,Salernitana,Fiorentina,2,1
2022-04-24,2021-22,Bologna,Udinese,2,2
2022-04-24,2021-22,Empoli,Napoli,3,2
2022-04-24,2021-22,Genoa,Cagliari,1,0
2022-04-24,2021-22,Lazio,Milan,1,2
2022-04-25,2021-22,Sassuolo,Juventus,1,2
2022-04-27,2021-22,Fiorentina,Udinese,0,4
2022-04-27,2021-22,Atalanta,Torino,4,4
2022-04-27,2021-22,Bologna,Inter,2,1
2022-04-30,2021-22,Cagliari,Verona,1,2
2022-04-30,2021-22,Napoli,Sassuolo,6,1
2022-04-30,2021-22,Sampdoria,Genoa,1,0
2022-04-30,2021-22,Spezia,Lazio,3,4
2022-05-01,2021-22,Juventus,Venezia,2,1
2022-05-01,2021-22,Empoli,Torino,1,3
2022-05-01,2021-22,Milan,Fiorentina,1,0
2022-05-01,2021-22,Udinese,Inter,1,2
2022-05-01,2021-22,Roma,Bologna,0,0
2022-05-02,2021-22,Atalanta,Salernitana,1,1
2022-05-05,2021-22,Salernitana,Venezia,2,1
2022-05-06,2021-22,Inter,Empoli,4,2
2022-05-06,2021-22,Genoa,Juventus,2,1
2022-05-07,2021-22,Torino,Napoli,0,1
2022-05-07,2021-22,Sassuolo,Udinese,1,1
2022-05-07,2021-22,Lazio,Sampdoria,2,0
2022-05-08,2021-22,Spezia,Atalanta,1,3
2022-05-08,2021-22,Venezia,Bologna,4,3
2022-05-08,2021-22,Salernitana,Cagliari,1,1
2022-05-08,2021-22,Verona,Milan,1,3
2022-05-09,2021-22,Fiorentina,Roma,2,0
2022-05-14,2021-22,Empoli,Salernitana,1,1
2022-05-14,2021-22,Udinese,Spezia,2,3
2022-05-14,2021-22,Verona,Torino,0,1
2022-05-14,2021-22,Roma,Venezia,1,1
2022-05-15,2021-22,Bologna,Sassuolo,1,3
2022-05-15,2021-22,Napoli,Genoa,3,0
2022-05-15,2021-22,Milan,Atalanta,2,0
2022-05-15,2021-22,Cagliari,Inter,1,3
2022-05-16,2021-22,Sampdoria,Fiorentina,4,1
2022-05-16,2021-22,Juventus,Lazio,2,2
2022-05-20,2021-22,Torino,Roma,0,3
2022-05-21,2021-22,Genoa,Bologna,0,1
2022-05-21,2021-22,Atalanta,Empoli,0,1
2022-05-21,2021-22,Fiorentina,Juventus,2,0
2022-05-21,2021-22,Lazio,Verona,3,3
2022-05-22,2021-22,Spezia,Napoli,0,3
2022-05-22,2021-22,Inter,Sampdoria,3,0
2022-05-22,2021-22,Sassuolo,Milan,0,3
2022-05-22,2021-22,Salernitana,Udinese,0,4
2022-05-22,2021-22,Venezia,Cagliari,0,0
2022-08-13,2022-23,Milan,Udinese,4,2
2022-08-13,2022-23,Sampdoria,Atalanta,0,2
2022-08-13,2022-23,Lecce,Inter,1,2
2022-08-13,2022-23,Monza,Torino,1,2
2022-08-14,2022-23,Fiorentina,Cremonese,3,2
2022-08-14,2022-23,Lazio,Bologna,2,1
2022-08-14,2022-23,Salernitana,Roma,0,1
2022-08-14,2022-23,Spezia,Empoli,1,0
2022-08-15,2022-23,Verona,Napoli,2,5
2022-08-15,2022-23,Juventus,Sassuolo,3,0
2022-08-20,2022-23,Torino,Lazio,0,0
2022-08-20,2022-23,Udinese,Salernitana,0,0
2022-08-20,2022-23,Inter,Spezia,3,0
2022-08-20,2022-23,Sassuolo,Lecce,1,0
2022-08-21,2022-23,Empoli,Fiorentina,0,0
2022-08-21,2022-23,Napoli,Monza,4,0
2022-08-21,2022-23,Atalanta,Milan,1,1
2022-08-21,2022-23,Bologna,Verona,1,1
2022-08-22,2022-23,Roma,Cremonese,1,0
2022-08-22,2022-23,Sampdoria,Juventus,0,0
2022-08-26,2022-23,Monza,Udinese,1,2
2022-08-26,2022-23,Lazio,Inter,3,1
2022-08-27,2022-23,Cremonese,Torino,1,2
2022-08-27,2022-23,Juventus,Roma,1,1
2022-08-27,2022-23,Milan,Bologna,2,0
2022-08-27,2022-23,Spezia,Sassuolo,2,2
2022-08-28,2022-23,Salernitana,Sampdoria,4,0
2022-08-28,2022-23,Verona,Atalanta,0,1
2022-08-28,2022-23,Fiorentina,Napoli,0,0
2022-08-28,2022-23,Lecce,Empoli,1,1
2022-08-30,2022-23,Sassuolo,Milan,0,0
2022-08-30,2022-23,Inter,Cremonese,3,1
2022-08-30,2022-23,Roma,Monza,3,0
2022-08-31,2022-23,Empoli,Verona,1,1
2022-08-31,2022-23,Sampdoria,Lazio,1,1
2022-08-31,2022-23,Udinese,Fiorentina,1,0
2022-08-31,2022-23,Juventus,Spezia,2,0
2022-08-31,2022-23,Napoli,Lecce,1,1
2022-09-01,2022-23,Atalanta,Torino,3,1
2022-09-01,2022-23,Bologna,Salernitana,1,1
2022-09-03,2022-23,Fiorentina,Juventus,1,1
2022-09-03,2022-23,Milan,Inter,3,2
2022-09-03,2022-23,Lazio,Napoli,1,2
2022-09-04,2022-23,Cremonese,Sassuolo,0,0
2022-09-04,2022-23,Spezia,Bologna,2,2
2022-09-04,2022-23,Verona,Sampdoria,2,1
2022-09-04,2022-23,Udinese,Roma,4,0
2022-09-05,2022-23,Monza,Atalanta,0,2
2022-09-05,2022-23,Salernitana,Empoli,2,2
2022-09-05,2022-23,Torino,Lecce,1,0
2022-09-10,2022-23,Napoli,Spezia,1,0
2022-09-10,2022-23,Inter,Torino,1,0
2022-09-10,2022-23,Sampdoria,Milan,1,2
2022-09-11,2022-23,Atalanta,Cremonese,1,1
2022-09-11,2022-23,Bologna,Fiorentina,2,1
2022-09-11,2022-23,Lecce,Monza,1,1
2022-09-11,2022-23,Sassuolo,Udinese,1,3
2022-09-11,2022-23,Lazio,Verona,2,0
2022-09-11,2022-23,Juventus,Salernitana,2,2
2022-09-12,2022-23,Empoli,Roma,1,2
2022-09-16,2022-23,Salernitana,Lecce,1,2
2022-09-17,2022-23,Bologna,Empoli,0,1
2022-09-17,2022-23,Spezia,Sampdoria,2,1
2022-09-17,2022-23,Torino,Sassuolo,0,1
2022-09-18,2022-23,Udinese,Inter,3,1
2022-09-18,2022-23,Cremonese,Lazio,0,4
2022-09-18,2022-23,Fiorentina,Verona,2,0
2022-09-18,2022-23,Monza,Juventus,1,0
2022-09-18,2022-23,Roma,Atalanta,0,1
2022-09-18,2022-23,Milan,Napoli,1,2
2022-10-01,2022-23,Napoli,Torino,3,1
2022-10-01,2022-23,Inter,Roma,1,2
2022-10-01,2022-23,Empoli,Milan,1,3
2022-10-02,2022-23,Lazio,Spezia,4,0
2022-10-02,2022-23,Lecce,Cremonese,1,1
2022-10-02,2022-23,Sampdoria,Monza,0,3
2022-10-02,2022-23,Sassuolo,Salernitana,5,0
2022-10-02,2022-23,Atalanta,Fiorentina,1,0
2022-10-02,2022-23,Juventus,Bologna,3,0
2022-10-03,2022-23,Verona,Udinese,1,2
2022-10-08,2022-23,Sassuolo,Inter,1,2
2022-10-08,2022-23,Milan,Juventus,2,0
2022-10-08,2022-23,Bologna,Sampdoria,1,1
2022-10-09,2022-23,Torino,Empoli,1,1
2022-10-09,2022-23,Monza,Spezia,2,0
2022-10-09,2022-23,Salernitana,Verona,2,1
2022-10-09,2022-23,Udinese,Atalanta,2,2
2022-10-09,2022-23,Cremonese,Napoli,1,4
2022-10-09,2022-23,Roma,Lecce,2,1
2022-10-10,2022-23,Fiorentina,Lazio,0,4
2022-10-15,2022-23,Empoli,Monza,1,0
2022-10-15,2022-23,Torino,Juventus,0,1
2022-10-15,2022-23,Atalanta,Sassuolo,2,1
2022-10-16,2022-23,Inter,Salernitana,2,0
2022-10-16,2022-23,Lazio,Udinese,0,0
2022-10-16,2022-23,Spezia,Cremonese,2,2
2022-10-16,2022-23,Napoli,Bologna,3,2
2022-10-16,2022-23,Verona,Milan,1,2
2022-10-17,2022-23,Sampdoria,Roma,0,1
2022-10-17,2022-23,Lecce,Fiorentina,1,1
2022-10-21,2022-23,Juventus,Empoli,4,0
2022-10-22,2022-23,Salernitana,Spezia,1,0
2022-10-22,2022-23,Milan,Monza,4,1
2022-10-22,2022-23,Fiorentina,Inter,3,4
2022-10-23,2022-23,Udinese,Torino,1,2
2022-10-23,2022-23,Bologna,Lecce,2,0
2022-10-23,2022-23,Atalanta,Lazio,0,2
2022-10-23,2022-23,Roma,Napoli,0,1
2022-10-24,2022-23,Cremonese,Sampdoria,0,1
2022-10-24,2022-23,Sassuolo,Verona,2,1
2022-10-29,2022-23,Napoli,Sassuolo,4,0
2022-10-29,2022-23,Lecce,Juventus,0,1
2022-10-29,2022-23,Inter,Sampdoria,3,0
2022-10-30,2022-23,Empoli,Atalanta,0,2
2022-10-30,2022-23,Cremonese,Udinese,0,0
2022-10-30,2022-23,Spezia,Fiorentina,1,2
2022-10-30,2022-23,Lazio,Salernitana,1,3
2022-10-30,2022-23,Torino,Milan,2,1
2022-10-31,2022-23,Verona,Roma,1,3
2022-10-31,2022-23,Monza,Bologna,1,2
2022-11-04,2022-23,Udinese,Lecce,1,1
2022-11-05,2022-23,Empoli,Sassuolo,1,0
2022-11-05,2022-23,Salernitana,Cremonese,2,2
2022-11-05,2022-23,Atalanta,Napoli,1,2
2022-11-05,2022-23,Milan,Spezia,2,1
2022-11-06,2022-23,Bologna,Torino,2,1
2022-11-06,2022-23,Monza,Verona,2,0
2022-11-06,2022-23,Sampdoria,Fiorentina,0,2
2022-11-06,2022-23,Roma,Lazio,0,1
2022-11-06,2022-23,Juventus,Inter,2,0
2022-11-08,2022-23,Napoli,Empoli,2,0
2022-11-08,2022-23,Spezia,Udinese,1,1
2022-11-08,2022-23,Cremonese,Milan,0,0
2022-11-09,2022-23,Lecce,Atalanta,2,1
2022-11-09,2022-23,Sassuolo,Roma,1,1
2022-11-09,2022-23,Fiorentina,Salernitana,2,1
2022-11-09,2022-23,Inter,Bologna,6,1
2022-11-09,2022-23,Torino,Sampdoria,2,0
2022-11-10,2022-23,Verona,Juventus,0,1
2022-11-10,2022-23,Lazio,Monza,1,0
2022-11-11,2022-23,Empoli,Cremonese,2,0
2022-11-12,2022-23,Napoli,Udinese,3,2
2022-11-12,2022-23,Sampdoria,Lecce,0,2
2022-11-12,2022-23,Bologna,Sassuolo,3,0
2022-11-13,2022-23,Atalanta,Inter,2,3
2022-11-13,2022-23,Monza,Salernitana,3,0
2022-11-13,2022-23,Roma,Torino,1,1
2022-11-13,2022-23,Verona,Spezia,1,2
2022-11-13,2022-23,Milan,Fiorentina,2,1
2022-11-13,2022-23,Juventus,Lazio,3,0
2023-01-04,2022-23,Salernitana,Milan,1,2
2023-01-04,2022-23,Sassuolo,Sampdoria,1,2
2023-01-04,2022-23,Spezia,Atalanta,2,2
2023-01-04,2022-23,Torino,Verona,1,1
2023-01-04,2022-23,Lecce,Lazio,2,1
2023-01-04,2022-23,Roma,Bologna,1,0
2023-01-04,2022-23,Cremonese,Juventus,0,1
2023-01-04,2022-23,Fiorentina,Monza,1,1
2023-01-04,2022-23,Inter,Napoli,1,0
2023-01-04,2022-23,Udinese,Empoli,1,1
2023-01-07,2022-23,Fiorentina,Sassuolo,2,1
2023-01-07,2022-23,Juventus,Udinese,1,0
2023-01-07,2022-23,Monza,Inter,2,2
2023-01-08,2022-23,Salernitana,Torino,1,1
2023-01-08,2022-23,Lazio,Empoli,2,2
2023-01-08,2022-23,Spezia,Lecce,0,0
2023-01-08,2022-23,Sampdoria,Napoli,0,2
2023-01-08,2022-23,Milan,Roma,2,2
2023-01-09,2022-23,Verona,Cremonese,2,0
2023-01-09,2022-23,Bologna,Atalanta,1,2
2023-01-13,2022-23,Napoli,Juventus,5,1
2023-01-14,2022-23,Cremonese,Monza,2,3
2023-01-14,2022-23,Lecce,Milan,2,2
2023-01-14,2022-23,Inter,Verona,1,0
2023-01-15,2022-23,Sassuolo,Lazio,0,2
2023-01-15,2022-23,Torino,Spezia,0,1
2023-01-15,2022-23,Udinese,Bologna,1,2
2023-01-15,2022-23,Atalanta,Salernitana,8,2
2023-01-15,2022-23,Roma,Fiorentina,2,0
2023-01-16,2022-23,Empoli,Sampdoria,1,0
2023-01-21,2022-23,Verona,Lecce,2,0
2023-01-21,2022-23,Salernitana,Napoli,0,2
2023-01-21,2022-23,Fiorentina,Torino,0,1
2023-01-22,2022-23,Sampdoria,Udinese,0,1
2023-01-22,2022-23,Monza,Sassuolo,1,1
2023-01-22,2022-23,Spezia,Roma,0,2
2023-01-22,2022-23,Juventus,Atalanta,3,3
2023-01-23,2022-23,Bologna,Cremonese,1,1
2023-01-23,2022-23,Inter,Empoli,0,1
2023-01-24,2022-23,Lazio,Milan,4,0
2023-01-27,2022-23,Bologna,Spezia,2,0
2023-01-27,2022-23,Lecce,Salernitana,1,2
2023-01-28,2022-23,Empoli,Torino,2,2
2023-01-28,2022-23,Cremonese,Inter,1,2
2023-01-28,2022-23,Atalanta,Sampdoria,2,0
2023-01-29,2022-23,Milan,Sassuolo,2,5
2023-01-29,2022-23,Juventus,Monza,0,2
2023-01-29,2022-23,Lazio,Fiorentina,1,1
2023-01-29,2022-23,Napoli,Roma,2,1
2023-01-30,2022-23,Udinese,Verona,1,1
2023-02-04,2022-23,Cremonese,Lecce,0,2
2023-02-04,2022-23,Roma,Empoli,2,0
2023-02-04,2022-23,Sassuolo,Atalanta,1,0
2023-02-05,2022-23,Spezia,Napoli,0,3
2023-02-05,2022-23,Torino,Udinese,1,0
2023-02-05,2022-23,Fiorentina,Bologna,1,2
2023-02-05,2022-23,Inter,Milan,1,0
2023-02-06,2022-23,Verona,Lazio,1,1
2023-02-06,2022-23,Monza,Sampdoria,2,2
2023-02-07,2022-23,Salernitana,Juventus,0,3
2023-02-10,2022-23,Milan,Torino,1,0
2023-02-11,2022-23,Empoli,Spezia,2,2
2023-02-11,2022-23,Lecce,Roma,1,1
2023-02-11,2022-23,Lazio,Atalanta,0,2
2023-02-12,2022-23,Udinese,Sassuolo,2,2
2023-02-12,2022-23,Bologna,Monza,0,1
2023-02-12,2022-23,Juventus,Fiorentina,1,0
2023-02-12,2022-23,Napoli,Cremonese,3,0
2023-02-13,2022-23,Verona,Salernitana,1,0
2023-02-13,2022-23,Sampdoria,Inter,0,0
2023-02-17,2022-23,Sassuolo,Napoli,0,2
2023-02-18,2022-23,Sampdoria,Bologna,1,2
2023-02-18,2022-23,Monza,Milan,0,1
2023-02-18,2022-23,Inter,Udinese,3,1
2023-02-19,2022-23,Atalanta,Lecce,1,2
2023-02-19,2022-23,Fiorentina,Empoli,1,1
2023-02-19,2022-23,Salernitana,Lazio,0,2
2023-02-19,2022-23,Spezia,Juventus,0,2
2023-02-19,2022-23,Roma,Verona,1,0
2023-02-20,2022-23,Torino,Cremonese,2,2
2023-02-25,2022-23,Empoli,Napoli,0,2
2023-02-25,2022-23,Lecce,Sassuolo,0,1
2023-02-26,2022-23,Bologna,Inter,1,0
2023-02-26,2022-23,Salernitana,Monza,3,0
2023-02-26,2022-23,Udinese,Spezia,2,2
2023-02-26,2022-23,Milan,Atalanta,2,0
2023-02-27,2022-23,Verona,Fiorentina,0,3
2023-02-27,2022-23,Lazio,Sampdoria,1,0
2023-02-28,2022-23,Cremonese,Roma,2,1
2023-02-28,2022-23,Juventus,Torino,4,2
2023-03-03,2022-23,Napoli,Lazio,0,1
2023-03-04,2022-23,Monza,Empoli,2,1
2023-03-04,2022-23,Atalanta,Udinese,0,0
2023-03-04,2022-23,Fiorentina,Milan,2,1
2023-03-05,2022-23,Spezia,Verona,0,0
2023-03-05,2022-23,Sampdoria,Salernitana,0,0
2023-03-05,2022-23,Inter,Lecce,2,0
2023-03-05,2022-23,Roma,Juventus,1,0
2023-03-06,2022-23,Sassuolo,Cremonese,3,2
2023-03-06,2022-23,Torino,Bologna,1,0
2023-03-10,2022-23,Spezia,Inter,2,1
2023-03-11,2022-23,Empoli,Udinese,0,1
2023-03-11,2022-23,Napoli,Atalanta,2,0
2023-03-11,2022-23,Bologna,Lazio,0,0
2023-03-12,2022-23,Lecce,Torino,0,2
2023-03-12,2022-23,Cremonese,Fiorentina,0,2
2023-03-12,2022-23,Verona,Monza,1,1
2023-03-12,2022-23,Roma,Sassuolo,3,4
2023-03-12,2022-23,Juventus,Sampdoria,4,2
2023-03-13,2022-23,Milan,Salernitana,1,1
2023-03-17,2022-23,Sassuolo,Spezia,1,0
2023-03-17,2022-23,Atalanta,Empoli,2,1
2023-03-18,2022-23,Monza,Cremonese,1,1
2023-03-18,2022-23,Salernitana,Bologna,2,2
2023-03-18,2022-23,Udinese,Milan,3,1
2023-03-19,2022-23,Sampdoria,Verona,3,1
2023-03-19,2022-23,Fiorentina,Lecce,1,0
2023-03-19,2022-23,Torino,Napoli,0,4
2023-03-19,2022-23,Lazio,Roma,1,0
2023-03-19,2022-23,Inter,Juventus,0,1
2023-04-01,2022-23,Cremonese,Atalanta,1,3
2023-04-01,2022-23,Inter,Fiorentina,0,1
2023-04-01,2022-23,Juventus,Verona,1,0
2023-04-02,2022-23,Bologna,Udinese,3,0
2023-04-02,2022-23,Monza,Lazio,0,2
2023-04-02,2022-23,Spezia,Salernitana,1,1
2023-04-02,2022-23,Roma,Sampdoria,3,0
2023-04-02,2022-23,Napoli,Milan,0,4
2023-04-03,2022-23,Empoli,Lecce,1,0
2023-04-03,2022-23,Sassuolo,Torino,1,1
2023-04-07,2022-23,Salernitana,Inter,1,1
2023-04-07,2022-23,Lecce,Napoli,1,2
2023-04-07,2022-23,Milan,Empoli,0,0
2023-04-08,2022-23,Udinese,Monza,2,2
2023-04-08,2022-23,Fiorentina,Spezia,1,1
2023-04-08,2022-23,Atalanta,Bologna,0,2
2023-04-08,2022-23,Sampdoria,Cremonese,2,3
2023-04-08,2022-23,Torino,Roma,0,1
2023-04-08,2022-23,Verona,Sassuolo,2,1
2023-04-08,2022-23,Lazio,Juventus,2,1
2023-04-14,2022-23,Cremonese,Empoli,1,0
2023-04-14,2022-23,Spezia,Lazio,0,3
2023-04-15,2022-23,Bologna,Milan,1,1
2023-04-15,2022-23,Napoli,Verona,0,0
2023-04-15,2022-23,Inter,Monza,0,1
2023-04-16,2022-23,Lecce,Sampdoria,1,1
2023-04-16,2022-23,Torino,Salernitana,1,1
2023-04-16,2022-23,Sassuolo,Juventus,1,0
2023-04-16,2022-23,Roma,Udinese,3,0
2023-04-17,2022-23,Fiorentina,Atalanta,1,1
2023-04-21,2022-23,Verona,Bologna,2,1
2023-04-22,2022-23,Salernitana,Sassuolo,3,0
2023-04-22,2022-23,Lazio,Torino,0,1
2023-04-22,2022-23,Sampdoria,Spezia,1,1
2023-04-23,2022-23,Empoli,Inter,0,3
2023-04-23,2022-23,Monza,Fiorentina,3,2
2023-04-23,2022-23,Udinese,Cremonese,3,0
2023-04-23,2022-23,Milan,Lecce,2,0
2023-04-23,2022-23,Juventus,Napoli,0,1
2023-04-24,2022-23,Atalanta,Roma,3,1
2023-04-28,2022-23,Lecce,Udinese,1,0
2023-04-28,2022-23,Spezia,Monza,0,2
2023-04-29,2022-23,Roma,Milan,1,1
2023-04-29,2022-23,Torino,Atalanta,1,2
2023-04-30,2022-23,Inter,Lazio,3,1
2023-04-30,2022-23,Cremonese,Verona,1,1
2023-04-30,2022-23,Napoli,Salernitana,1,1
2023-04-30,2022-23,Sassuolo,Empoli,2,1
2023-04-30,2022-23,Fiorentina,Sampdoria,5,0
2023-04-30,2022-23,Bologna,Juventus,1,1
2023-05-03,2022-23,Atalanta,Spezia,3,2
2023-05-03,2022-23,Juventus,Lecce,2,1
2023-05-03,2022-23,Salernitana,Fiorentina,3,3
2023-05-03,2022-23,Sampdoria,Torino,0,2
2023-05-03,2022-23,Lazio,Sassuolo,2,0
2023-05-03,2022-23,Milan,Cremonese,1,1
2023-05-03,2022-23,Monza,Roma,1,1
2023-05-03,2022-23,Verona,Inter,0,6
2023-05-04,2022-23,Empoli,Bologna,3,1
2023-05-04,2022-23,Udinese,Napoli,1,1
2023-05-06,2022-23,Milan,Lazio,2,0
2023-05-06,2022-23,Roma,Inter,0,2
2023-05-06,2022-23,Cremonese,Spezia,2,0
2023-05-07,2022-23,Atalanta,Juventus,0,2
2023-05-07,2022-23,Torino,Monza,1,1
2023-05-07,2022-23,Napoli,Fiorentina,1,0
2023-05-07,2022-23,Lecce,Verona,0,1
2023-05-08,2022-23,Empoli,Salernitana,2,1
2023-05-08,2022-23,Udinese,Sampdoria,2,0
2023-05-08,2022-23,Sassuolo,Bologna,1,1
2023-05-12,2022-23,Lazio,Lecce,2,2
2023-05-13,2022-23,Salernitana,Atalanta,1,0
2023-05-13,2022-23,Spezia,Milan,2,0
2023-05-13,2022-23,Inter,Sassuolo,4,2
2023-05-14,2022-23,Verona,Torino,0,1
2023-05-14,2022-23,Fiorentina,Udinese,2,0
2023-05-14,2022-23,Monza,Napoli,2,0
2023-05-14,2022-23,Bologna,Roma,0,0
2023-05-14,2022-23,Juventus,Cremonese,2,0
2023-05-15,2022-23,Sampdoria,Empoli,1,1
2023-05-19,2022-23,Sassuolo,Monza,1,2
2023-05-20,2022-23,Cremonese,Bologna,1,5
2023-05-20,2022-23,Atalanta,Verona,3,1
2023-05-20,2022-23,Milan,Sampdoria,5,1
2023-05-21,2022-23,Lecce,Spezia,0,0
2023-05-21,2022-23,Torino,Fiorentina,1,1
2023-05-21,2022-23,Napoli,Inter,3,1
2023-05-21,2022-23,Udinese,Lazio,0,1
2023-05-22,2022-23,Roma,Salernitana,2,2
2023-05-22,2022-23,Empoli,Juventus,4,1
2023-05-26,2022-23,Sampdoria,Sassuolo,2,2
2023-05-27,2022-23,Salernitana,Udinese,3,2
2023-05-27,2022-23,Spezia,Torino,0,4
2023-05-27,2022-23,Fiorentina,Roma,2,1
2023-05-27,2022-23,Inter,Atalanta,3,2
2023-05-28,2022-23,Verona,Empoli,1,1
2023-05-28,2022-23,Bologna,Napoli,2,2
2023-05-28,2022-23,Monza,Lecce,0,1
2023-05-28,2022-23,Lazio,Cremonese,3,2
2023-05-28,2022-23,Juventus,Milan,0,1
2023-06-02,2022-23,Sassuolo,Fiorentina,1,3
2023-06-03,2022-23,Torino,Inter,0,1
2023-06-03,2022-23,Cremonese,Salernitana,2,0
2023-06-03,2022-23,Empoli,Lazio,0,2
2023-06-04,2022-23,Napoli,Sampdoria,2,0
2023-06-04,2022-23,Atalanta,Monza,5,2
2023-06-04,2022-23,Lecce,Bologna,2,3
2023-06-04,2022-23,Milan,Verona,3,1
2023-06-04,2022-23,Roma,Spezia,2,1
2023-06-04,2022-23,Udinese,Juventus,0,1
2023-08-19,2023-24,Empoli,Verona,0,1
2023-08-19,2023-24,Frosinone,Napoli,1,3
2023-08-19,2023-24,Genoa,Fiorentina,1,4
2023-08-19,2023-24,Inter,Monza,2,0
2023-08-20,2023-24,Roma,Salernitana,2,2
2023-08-20,2023-24,Sassuolo,Atalanta,0,2
2023-08-20,2023-24,Lecce,Lazio,2,1
2023-08-20,2023-24,Udinese,Juventus,0,3
2023-08-21,2023-24,Torino,Cagliari,0,0
2023-08-21,2023-24,Bologna,Milan,0,2
2023-08-26,2023-24,Frosinone,Atalanta,2,1
2023-08-26,2023-24,Monza,Empoli,2,0
2023-08-26,2023-24,Milan,Torino,4,1
2023-08-26,2023-24,Verona,Roma,2,1
2023-08-27,2023-24,Fiorentina,Lecce,2,2
2023-08-27,2023-24,Juventus,Bologna,1,1
2023-08-27,2023-24,Lazio,Genoa,0,1
2023-08-27,2023-24,Napoli,Sassuolo,2,0
2023-08-28,2023-24,Salernitana,Udinese,1,1
2023-08-28,2023-24,Cagliari,Inter,0,2
2023-09-01,2023-24,Sassuolo,Verona,3,1
2023-09-01,2023-24,Roma,Milan,1,2
2023-09-02,2023-24,Bologna,Cagliari,2,1
2023-09-02,2023-24,Udinese,Frosinone,0,0
2023-09-02,2023-24,Atalanta,Monza,3,0
2023-09-02,2023-24,Napoli,Lazio,1,2
2023-09-03,2023-24,Inter,Fiorentina,4,0
2023-09-03,2023-24,Torino,Genoa,1,0
2023-09-03,2023-24,Empoli,Juventus,0,2
2023-09-03,2023-24,Lecce,Salernitana,2,0
2023-09-16,2023-24,Juventus,Lazio,3,1
2023-09-16,2023-24,Inter,Milan,5,1
2023-09-16,2023-24,Genoa,Napoli,2,2
2023-09-17,2023-24,Cagliari,Udinese,0,0
2023-09-17,2023-24,Frosinone,Sassuolo,4,2
2023-09-17,2023-24,Monza,Lecce,1,1
2023-09-17,2023-24,Fiorentina,Atalanta,3,2
2023-09-17,2023-24,Roma,Empoli,7,0
2023-09-18,2023-24,Salernitana,Torino,0,3
2023-09-18,2023-24,Verona,Bologna,0,0
2023-09-22,2023-24,Salernitana,Frosinone,1,1
2023-09-22,2023-24,Lecce,Genoa,1,0
2023-09-23,2023-24,Milan,Verona,1,0
2023-09-23,2023-24,Sassuolo,Juventus,4,2
2023-09-23,2023-24,Lazio,Monza,1,1
2023-09-24,2023-24,Empoli,Inter,0,1
2023-09-24,2023-24,Atalanta,Cagliari,2,0
2023-09-24,2023-24,Udinese,Fiorentina,0,2
2023-09-24,2023-24,Bologna,Napoli,0,0
2023-09-24,2023-24,Torino,Roma,1,1
2023-09-26,2023-24,Juventus,Lecce,1,0
2023-09-27,2023-24,Cagliari,Milan,1,3
2023-09-27,2023-24,Empoli,Salernitana,1,0
2023-09-27,2023-24,Verona,Atalanta,0,1
2023-09-27,2023-24,Inter,Sassuolo,1,2
2023-09-27,2023-24,Lazio,Torino,2,0
2023-09-27,2023-24,Napoli,Udinese,4,1
2023-09-28,2023-24,Frosinone,Fiorentina,1,1
2023-09-28,2023-24,Monza,Bologna,0,0
2023-09-28,2023-24,Genoa,Roma,4,1
2023-09-30,2023-24,Lecce,Napoli,0,4
2023-09-30,2023-24,Milan,Lazio,2,0
2023-09-30,2023-24,Salernitana,Inter,0,4
2023-10-01,2023-24,Bologna,Empoli,3,0
2023-10-01,2023-24,Udinese,Genoa,2,2
2023-10-01,2023-24,Atalanta,Juventus,0,0
2023-10-01,2023-24,Roma,Frosinone,2,0
2023-10-02,2023-24,Sassuolo,Monza,0,1
2023-10-02,2023-24,Torino,Verona,0,0
2023-10-02,2023-24,Fiorentina,Cagliari,3,0
2023-10-06,2023-24,Empoli,Udinese,0,0
2023-10-06,2023-24,Lecce,Sassuolo,1,1
2023-10-07,2023-24,Inter,Bologna,2,2
2023-10-07,2023-24,Juventus,Torino,2,0
2023-10-07,2023-24,Genoa,Milan,0,1
2023-10-08,2023-24,Monza,Salernitana,3,0
2023-10-08,2023-24,Frosinone,Verona,2,1
2023-10-08,2023-24,Lazio,Atalanta,3,2
2023-10-08,2023-24,Cagliari,Roma,1,4
2023-10-08,2023-24,Napoli,Fiorentina,1,3
2023-10-21,2023-24,Verona,Napoli,1,3
2023-10-21,2023-24,Torino,Inter,0,3
2023-10-21,2023-24,Sassuolo,Lazio,0,2
2023-10-22,2023-24,Roma,Monza,1,0
2023-10-22,2023-24,Bologna,Frosinone,2,1
2023-10-22,2023-24,Salernitana,Cagliari,2,2
2023-10-22,2023-24,Atalanta,Genoa,2,0
2023-10-22,2023-24,Milan,Juventus,0,1
2023-10-23,2023-24,Udinese,Lecce,1,1
2023-10-23,2023-24,Fiorentina,Empoli,0,2
2023-10-27,2023-24,Genoa,Salernitana,1,0
2023-10-28,2023-24,Sassuolo,Bologna,1,1
2023-10-28,2023-24,Lecce,Torino,0,1
2023-10-28,2023-24,Juventus,Verona,1,0
2023-10-29,2023-24,Cagliari,Frosinone,4,3
2023-10-29,2023-24,Monza,Udinese,1,1
2023-10-29,2023-24,Inter,Roma,1,0
2023-10-29,2023-24,Napoli,Milan,2,2
2023-10-30,2023-24,Empoli,Atalanta,0,3
2023-10-30,2023-24,Lazio,Fiorentina,1,0
2023-11-03,2023-24,Bologna,Lazio,1,0
2023-11-04,2023-24,Salernitana,Napoli,0,2
2023-11-04,2023-24,Atalanta,Inter,1,2
2023-11-04,2023-24,Milan,Udinese,0,1
2023-11-05,2023-24,Verona,Monza,1,3
2023-11-05,2023-24,Cagliari,Genoa,2,1
2023-11-05,2023-24,Roma,Lecce,2,1
2023-11-05,2023-24,Fiorentina,Juventus,0,1
2023-11-06,2023-24,Frosinone,Empoli,2,1
2023-11-06,2023-24,Torino,Sassuolo,2,1
2023-11-10,2023-24,Sassuolo,Salernitana,2,2
2023-11-10,2023-24,Genoa,Verona,1,0
2023-11-11,2023-24,Lecce,Milan,2,2
2023-11-11,2023-24,Juventus,Cagliari,2,1
2023-11-11,2023-24,Monza,Torino,1,1
2023-11-12,2023-24,Napoli,Empoli,0,1
2023-11-12,2023-24,Fiorentina,Bologna,2,1
2023-11-12,2023-24,Udinese,Atalanta,1,1
2023-11-12,2023-24,Lazio,Roma,0,0
2023-11-12,2023-24,Inter,Frosinone,2,0
2023-11-25,2023-24,Salernitana,Lazio,2,1
2023-11-25,2023-24,Atalanta,Napoli,1,2
2023-11-25,2023-24,Milan,Fiorentina,1,0
2023-11-26,2023-24,Cagliari,Monza,1,1
2023-11-26,2023-24,Empoli,Sassuolo,3,4
2023-11-26,2023-24,Frosinone,Genoa,2,1
2023-11-26,2023-24,Roma,Udinese,3,1
2023-11-26,2023-24,Juventus,Inter,1,1
2023-11-27,2023-24,Verona,Lecce,2,2
2023-11-27,2023-24,Bologna,Torino,2,0
2023-12-01,2023-24,Monza,Juventus,1,2
2023-12-02,2023-24,Genoa,Empoli,1,1
2023-12-02,2023-24,Lazio,Cagliari,1,0
2023-12-02,2023-24,Milan,Frosinone,3,1
2023-12-03,2023-24,Lecce,Bologna,1,1
2023-12-03,2023-24,Fiorentina,Salernitana,3,0
2023-12-03,2023-24,Udinese,Verona,3,3
2023-12-03,2023-24,Sassuolo,Roma,1,2
2023-12-03,2023-24,Napoli,Inter,0,3
2023-12-04,2023-24,Torino,Atalanta,3,0
2023-12-08,2023-24,Juventus,Napoli,1,0
2023-12-09,2023-24,Verona,Lazio,1,1
2023-12-09,2023-24,Atalanta,Milan,3,2
2023-12-09,2023-24,Inter,Udinese,4,0
2023-12-10,2023-24,Frosinone,Torino,0,0
2023-12-10,2023-24,Monza,Genoa,1,0
2023-12-10,2023-24,Salernitana,Bologna,1,2
2023-12-10,2023-24,Roma,Fiorentina,1,1
2023-12-11,2023-24,Empoli,Lecce,1,1
2023-12-11,2023-24,Cagliari,Sassuolo,2,1
2023-12-15,2023-24,Genoa,Juventus,1,1
2023-12-16,2023-24,Lecce,Frosinone,2,1
2023-12-16,2023-24,Napoli,Cagliari,2,1
2023-12-16,2023-24,Torino,Empoli,1,0
2023-12-17,2023-24,Milan,Monza,3,0
2023-12-17,2023-24,Fiorentina,Verona,1,0
2023-12-17,2023-24,Udinese,Sassuolo,2,2
2023-12-17,2023-24,Bologna,Roma,2,0
2023-12-17,2023-24,Lazio,Inter,0,2
2023-12-18,2023-24,Atalanta,Salernitana,4,1
2023-12-22,2023-24,Empoli,Lazio,0,2
2023-12-22,2023-24,Sassuolo,Genoa,1,2
2023-12-22,2023-24,Monza,Fiorentina,0,1
2023-12-22,2023-24,Salernitana,Milan,2,2
2023-12-23,2023-24,Frosinone,Juventus,1,2
2023-12-23,2023-24,Bologna,Atalanta,1,0
2023-12-23,2023-24,Torino,Udinese,1,1
2023-12-23,2023-24,Inter,Lecce,2,0
2023-12-23,2023-24,Verona,Cagliari,2,0
2023-12-23,2023-24,Roma,Napoli,2,0
2023-12-29,2023-24,Fiorentina,Torino,1,0
2023-12-29,2023-24,Napoli,Monza,0,0
2023-12-29,2023-24,Genoa,Inter,1,1
2023-12-29,2023-24,Lazio,Frosinone,3,1
2023-12-30,2023-24,Atalanta,Lecce,1,0
2023-12-30,2023-24,Cagliari,Empoli,0,0
2023-12-30,2023-24,Udinese,Bologna,3,0
2023-12-30,2023-24,Milan,Sassuolo,1,0
2023-12-30,2023-24,Verona,Salernitana,0,1
2023-12-30,2023-24,Juventus,Roma,1,0
2024-01-05,2023-24,Bologna,Genoa,1,1
2024-01-06,2023-24,Inter,Verona,2,1
2024-01-06,2023-24,Frosinone,Monza,2,3
2024-01-06,2023-24,Lecce,Cagliari,1,1
2024-01-06,2023-24,Sassuolo,Fiorentina,1,0
2024-01-07,2023-24,Empoli,Milan,0,3
2024-01-07,2023-24,Torino,Napoli,3,0
2024-01-07,2023-24,Udinese,Lazio,1,2
2024-01-07,2023-24,Salernitana,Juventus,1,2
2024-01-07,2023-24,Roma,Atalanta,1,1
2024-01-13,2023-24,Genoa,Torino,0,0
2024-01-13,2023-24,Napoli,Salernitana,2,1
2024-01-13,2023-24,Verona,Empoli,2,1
2024-01-13,2023-24,Monza,Inter,1,5
2024-01-14,2023-24,Lazio,Lecce,1,0
2024-01-14,2023-24,Cagliari,Bologna,2,1
2024-01-14,2023-24,Fiorentina,Udinese,2,2
2024-01-14,2023-24,Milan,Roma,3,1
2024-01-15,2023-24,Atalanta,Frosinone,5,0
2024-01-16,2023-24,Juventus,Sassuolo,3,0
2024-01-20,2023-24,Roma,Verona,2,1
2024-01-20,2023-24,Udinese,Milan,2,3
2024-01-21,2023-24,Frosinone,Cagliari,3,1
2024-01-21,2023-24,Empoli,Monza,3,0
2024-01-21,2023-24,Salernitana,Genoa,1,2
2024-01-21,2023-24,Lecce,Juventus,0,3
2024-01-26,2023-24,Cagliari,Torino,1,2
2024-01-27,2023-24,Atalanta,Udinese,2,0
2024-01-27,2023-24,Juventus,Empoli,1,1
2024-01-27,2023-24,Milan,Bologna,2,2
2024-01-28,2023-24,Genoa,Lecce,2,1
2024-01-28,2023-24,Monza,Sassuolo,1,0
2024-01-28,2023-24,Verona,Frosinone,1,1
2024-01-28,2023-24,Lazio,Napoli,0,0
2024-01-28,2023-24,Fiorentina,Inter,0,1
2024-01-29,2023-24,Salernitana,Roma,1,2
2024-02-02,2023-24,Lecce,Fiorentina,3,2
2024-02-03,2023-24,Empoli,Genoa,0,0
2024-02-03,2023-24,Udinese,Monza,0,0
2024-02-03,2023-24,Frosinone,Milan,2,3
2024-02-03,2023-24,Bologna,Sassuolo,4,2
2024-02-04,2023-24,Torino,Salernitana,0,0
2024-02-04,2023-24,Napoli,Verona,2,1
2024-02-04,2023-24,Atalanta,Lazio,3,1
2024-02-04,2023-24,Inter,Juventus,1,0
2024-02-05,2023-24,Roma,Cagliari,4,0
2024-02-09,2023-24,Salernitana,Empoli,1,3
2024-02-10,2023-24,Cagliari,Lazio,1,3
2024-02-10,2023-24,Roma,Inter,2,4
2024-02-10,2023-24,Sassuolo,Torino,1,1
2024-02-11,2023-24,Fiorentina,Frosinone,5,1
2024-02-11,2023-24,Bologna,Lecce,4,0
2024-02-11,2023-24,Monza,Verona,0,0
2024-02-11,2023-24,Genoa,Atalanta,1,4
2024-02-11,2023-24,Milan,Napoli,1,0
2024-02-12,2023-24,Juventus,Udinese,0,1
2024-02-14,2023-24,Bologna,Fiorentina,2,0
2024-02-16,2023-24,Torino,Lecce,2,0
2024-02-16,2023-24,Inter,Salernitana,4,0
2024-02-17,2023-24,Napoli,Genoa,1,1
2024-02-17,2023-24,Verona,Juventus,2,2
2024-02-17,2023-24,Atalanta,Sassuolo,3,0
2024-02-18,2023-24,Lazio,Bologna,1,2
2024-02-18,2023-24,Empoli,Fiorentina,1,1
2024-02-18,2023-24,Udinese,Cagliari,1,1
2024-02-18,2023-24,Frosinone,Roma,0,3
2024-02-18,2023-24,Monza,Milan,4,2
2024-02-22,2023-24,Torino,Lazio,0,2
2024-02-23,2023-24,Bologna,Verona,2,0
2024-02-24,2023-24,Sassuolo,Empoli,2,3
2024-02-24,2023-24,Salernitana,Monza,0,2
2024-02-24,2023-24,Genoa,Udinese,2,0
2024-02-25,2023-24,Juventus,Frosinone,3,2
2024-02-25,2023-24,Cagliari,Napoli,1,1
2024-02-25,2023-24,Lecce,Inter,0,4
2024-02-25,2023-24,Milan,Atalanta,1,1
2024-02-26,2023-24,Roma,Torino,3,2
2024-02-26,2023-24,Fiorentina,Lazio,2,1
2024-02-28,2023-24,Sassuolo,Napoli,1,6
2024-02-28,2023-24,Inter,Atalanta,4,0
2024-03-01,2023-24,Lazio,Milan,0,1
2024-03-02,2023-24,Udinese,Salernitana,1,1
2024-03-02,2023-24,Monza,Roma,1,4
2024-03-02,2023-24,Torino,Fiorentina,0,0
2024-03-03,2023-24,Verona,Sassuolo,1,0
2024-03-03,2023-24,Empoli,Cagliari,0,1
2024-03-03,2023-24,Frosinone,Lecce,1,1
2024-03-03,2023-24,Atalanta,Bologna,1,2
2024-03-03,2023-24,Napoli,Juventus,2,1
2024-03-04,2023-24,Inter,Genoa,2,1
2024-03-08,2023-24,Napoli,Torino,1,1
2024-03-09,2023-24,Cagliari,Salernitana,4,2
2024-03-09,2023-24,Sassuolo,Frosinone,1,0
2024-03-09,2023-24,Bologna,Inter,0,1
2024-03-09,2023-24,Genoa,Monza,2,3
2024-03-10,2023-24,Lecce,Verona,0,1
2024-03-10,2023-24,Milan,Empoli,1,0
2024-03-10,2023-24,Juventus,Atalanta,2,2
2024-03-10,2023-24,Fiorentina,Roma,2,2
2024-03-11,2023-24,Lazio,Udinese,1,2
2024-03-15,2023-24,Empoli,Bologna,0,1
2024-03-16,2023-24,Monza,Cagliari,1,0
2024-03-16,2023-24,Udinese,Torino,0,2
2024-03-16,2023-24,Salernitana,Lecce,0,1
2024-03-16,2023-24,Frosinone,Lazio,2,3
2024-03-17,2023-24,Juventus,Genoa,0,0
2024-03-17,2023-24,Verona,Milan,1,3
2024-03-17,2023-24,Roma,Sassuolo,1,0
2024-03-17,2023-24,Inter,Napoli,1,1
2024-03-30,2023-24,Napoli,Atalanta,0,3
2024-03-30,2023-24,Genoa,Frosinone,1,1
2024-03-30,2023-24,Torino,Monza,1,0
2024-03-30,2023-24,Lazio,Juventus,1,0
2024-03-30,2023-24,Fiorentina,Milan,1,2
2024-04-01,2023-24,Bologna,Salernitana,3,0
2024-04-01,2023-24,Cagliari,Verona,1,1
2024-04-01,2023-24,Sassuolo,Udinese,1,1
2024-04-01,2023-24,Lecce,Roma,0,0
2024-04-01,2023-24,Inter,Empoli,2,0
2024-04-05,2023-24,Salernitana,Sassuolo,2,2
2024-04-06,2023-24,Milan,Lecce,3,0
2024-04-06,2023-24,Roma,Lazio,1,0
2024-04-06,2023-24,Empoli,Torino,3,2
2024-04-07,2023-24,Frosinone,Bologna,0,0
2024-04-07,2023-24,Monza,Napoli,2,4
2024-04-07,2023-24,Cagliari,Atalanta,2,1
2024-04-07,2023-24,Verona,Genoa,1,2
2024-04-07,2023-24,Juventus,Fiorentina,1,0
2024-04-08,2023-24,Udinese,Inter,1,2
2024-04-12,2023-24,Lazio,Salernitana,4,1
2024-04-13,2023-24,Lecce,Empoli,1,0
2024-04-13,2023-24,Torino,Juventus,0,0
2024-04-13,2023-24,Bologna,Monza,0,0
2024-04-14,2023-24,Napoli,Frosinone,2,2
2024-04-14,2023-24,Sassuolo,Milan,3,3
2024-04-14,2023-24,Inter,Cagliari,2,2
2024-04-15,2023-24,Fiorentina,Genoa,1,1
2024-04-15,2023-24,Atalanta,Verona,2,2
2024-04-19,2023-24,Genoa,Lazio,0,1
2024-04-19,2023-24,Cagliari,Juventus,2,2
2024-04-20,2023-24,Empoli,Napoli,1,0
2024-04-20,2023-24,Verona,Udinese,1,0
2024-04-21,2023-24,Sassuolo,Lecce,0,3
2024-04-21,2023-24,Torino,Frosinone,0,0
2024-04-21,2023-24,Salernitana,Fiorentina,0,2
2024-04-21,2023-24,Monza,Atalanta,1,2
2024-04-22,2023-24,Roma,Bologna,1,3
2024-04-22,2023-24,Milan,Inter,1,2
2024-04-25,2023-24,Udinese,Roma,1,2
2024-04-26,2023-24,Frosinone,Salernitana,3,0
2024-04-27,2023-24,Lecce,Monza,1,1
2024-04-27,2023-24,Juventus,Milan,0,0
2024-04-27,2023-24,Lazio,Verona,1,0
2024-04-28,2023-24,Inter,Torino,2,0
2024-04-28,2023-24,Bologna,Udinese,1,1
2024-04-28,2023-24,Atalanta,Empoli,2,0
2024-04-28,2023-24,Napoli,Roma,2,2
2024-04-28,2023-24,Fiorentina,Sassuolo,5,1
2024-04-29,2023-24,Genoa,Cagliari,3,0
2024-05-03,2023-24,Torino,Bologna,0,0
2024-05-04,2023-24,Monza,Lazio,2,2
2024-05-04,2023-24,Sassuolo,Inter,1,0
2024-05-05,2023-24,Cagliari,Lecce,1,1
2024-05-05,2023-24,Empoli,Frosinone,0,0
2024-05-05,2023-24,Verona,Fiorentina,2,1
2024-05-05,2023-24,Milan,Genoa,3,3
2024-05-05,2023-24,Roma,Juventus,1,1
2024-05-06,2023-24,Salernitana,Atalanta,1,2
2024-05-06,2023-24,Udinese,Napoli,1,1
2024-05-10,2023-24,Frosinone,Inter,0,5
2024-05-11,2023-24,Napoli,Bologna,0,2
2024-05-11,2023-24,Milan,Cagliari,5,1
2024-05-12,2023-24,Lazio,Empoli,2,0
2024-05-12,2023-24,Genoa,Sassuolo,2,1
2024-05-12,2023-24,Verona,Torino,1,2
2024-05-12,2023-24,Juventus,Salernitana,1,1
2024-05-12,2023-24,Atalanta,Roma,2,1
2024-05-13,2023-24,Lecce,Udinese,0,2
2024-05-13,2023-24,Fiorentina,Monza,2,1
2024-05-17,2023-24,Fiorentina,Napoli,2,2
2024-05-18,2023-24,Lecce,Atalanta,0,2
2024-05-18,2023-24,Torino,Milan,3,1
2024-05-19,2023-24,Sassuolo,Cagliari,0,2
2024-05-19,2023-24,Monza,Frosinone,0,1
2024-05-19,2023-24,Udinese,Empoli,1,1
2024-05-19,2023-24,Inter,Lazio,1,1
2024-05-19,2023-24,Roma,Genoa,1,0
2024-05-20,2023-24,Salernitana,Verona,1,2
2024-05-20,2023-24,Bologna,Juventus,3,3
2024-05-23,2023-24,Cagliari,Fiorentina,2,3
2024-05-24,2023-24,Genoa,Bologna,2,0
2024-05-25,2023-24,Juventus,Monza,2,0
2024-05-25,2023-24,Milan,Salernitana,3,3
2024-05-26,2023-24,Atalanta,Torino,3,0
2024-05-26,2023-24,Napoli,Lecce,0,0
2024-05-26,2023-24,Empoli,Roma,2,1
2024-05-26,2023-24,Frosinone,Udinese,0,1
2024-05-26,2023-24,Lazio,Sassuolo,1,1
2024-05-26,2023-24,Verona,Inter,2,2
2024-06-02,2023-24,Atalanta,Fiorentina,2,3
