team,player_name,position,date_of_birth,age,caps,goals,club,squad_status,source_url,retrieved_date
Algeria,Luca Zidane,GK,1998-05-13,28,6,0,Granada,official_squad,https://en.wikipedia.org/wiki/2026_FIFA_World_Cup_squads,2026-05-31
Algeria,Oussama Benbot,GK,1994-10-11,31,2,0,USM Alger,official_squad,https://en.wikipedia.org/wiki/2026_FIFA_World_Cup_squads,2026-05-31
Algeria,Melvin Mastil,GK,2000-02-19,26,1,0,Stade Nyonnais,official_squad,https://en.wikipedia.org/wiki/2026_FIFA_World_Cup_squads,2026-05-31
Algeria,Aïssa Mandi,DF,1991-10-22,34,116,7,Lille,official_squad,https://en.wikipedia.org/wiki/2026_FIFA_World_Cup_squads,2026-05-31
Algeria,Ramy Bensebaini,DF,1995-04-16,31,81,7,Borussia Dortmund,official_squad,https://en.wikipedia.org/wiki/2026_FIFA_World_Cup_squads,2026-05-31
Algeria,Mohamed Amine Tougai,DF,2000-01-22,26,28,2,Espérance de Tunis,official_squad,https://en.wikipedia.org/wiki/2026_FIFA_World_Cup_squads,2026-05-31
Algeria,Rayan Aït-Nouri,DF,2001-06-06,25,27,0,Manchester City,official_squad,https://en.wikipedia.org/wiki/2026_FIFA_World_Cup_squads,2026-05-31
Algeria,Jaouen Hadjam,DF,2003-03-26,23,16,3,Young Boys,official_squad,https://en.wikipedia.org/wiki/2026_FIFA_World_Cup_squads,2026-05-31
Algeria,Rafik Belghali,DF,2002-06-07,24,11,1,Hellas Verona,official_squad,https://en.wikipedia.org/wiki/2026_FIFA_World_Cup_squads,2026-05-31
Algeria,Zineddine Belaïd,DF,1999-03-20,27,9,1,JS Kabylie,official_squad,https://en.wikipedia.org/wiki/2026_FIFA_World_Cup_squads,2026-05-31
Algeria,Achref Abada,DF,1999-06-15,26,6,1,USM Alger,official_squad,https://en.wikipedia.org/wiki/2026_FIFA_World_Cup_squads,2026-05-31
Algeria,Samir Chergui,DF,1999-02-06,27,4,0,Paris FC,official_squad,https://en.wikipedia.org/wiki/2026_FIFA_World_Cup_squads,2026-05-31
Algeria,Nabil Bentaleb,MF,1994-11-24,31,58,6,Lille,official_squad,https://en.wikipedia.org/wiki/2026_FIFA_World_Cup_squads,2026-05-31
Algeria,Ramiz Zerrouki,MF,1998-05-26,28,51,3,Twente,official_squad,https://en.wikipedia.org/wiki/2026_FIFA_World_Cup_squads,2026-05-31
Algeria,Hicham Boudaoui,MF,1999-09-23,26,32,0,Nice,official_squad,https://en.wikipedia.org/wiki/2026_FIFA_World_Cup_squads,2026-05-31
Algeria,Farès Chaïbi,MF,2002-11-28,23,28,3,Eintracht Frankfurt,official_squad,https://en.wikipedia.org/wiki/2026_FIFA_World_Cup_squads,2026-05-31
Algeria,Houssem Aouar,MF,1998-06-30,27,19,6,Al-Ittihad,official_squad,https://en.wikipedia.org/wiki/2026_FIFA_World_Cup_squads,2026-05-31
Algeria,Ibrahim Maza,MF,2005-11-24,20,15,2,Bayer Leverkusen,official_squad,https://en.wikipedia.org/wiki/2026_FIFA_World_Cup_squads,2026-05-31
Algeria,Yacine Titraoui,MF,2003-07-26,22,5,0,Charleroi,official_squad,https://en.wikipedia.org/wiki/2026_FIFA_World_Cup_squads,2026-05-31
Algeria,Riyad Mahrez,FW,1991-02-21,35,113,38,Al-Ahli,official_squad,https://en.wikipedia.org/wiki/2026_FIFA_World_Cup_squads,2026-05-31
Algeria,Mohamed Amoura,FW,2000-05-09,26,44,19,VfL Wolfsburg,official_squad,https://en.wikipedia.org/wiki/2026_FIFA_World_Cup_squads,2026-05-31
Algeria,Amine Gouiri,FW,2000-02-16,26,21,8,Marseille,official_squad,https://en.wikipedia.org/wiki/2026_FIFA_World_Cup_squads,2026-05-31
Algeria,Anis Hadj Moussa,FW,2002-02-11,24,13,0,Feyenoord,official_squad,https://en.wikipedia.org/wiki/2026_FIFA_World_Cup_squads,2026-05-31
Algeria,Adil Boulbina,FW,2003-05-02,23,10,6,Al-Duhail,official_squad,https://en.wikipedia.org/wiki/2026_FIFA_World_Cup_squads,2026-05-31
Algeria,Nadhir Benbouali,FW,2000-04-17,26,2,1,Győr,official_squad,https://en.wikipedia.org/wiki/2026_FIFA_World_Cup_squads,2026-05-31
Algeria,Farès Ghedjemis,FW,2002-09-06,23,1,1,Frosinone,official_squad,https://en.wikipedia.org/wiki/2026_FIFA_World_Cup_squads,2026-05-31
Argentina,Juan Musso,GK,1994-05-06,32,3,0,Atlético Madrid,official_squad,https://en.wikipedia.org/wiki/2026_FIFA_World_Cup_squads,2026-05-31
Argentina,Leonardo Balerdi,DF,1999-01-26,27,11,0,Marseille,official_squad,https://en.wikipedia.org/wiki/2026_FIFA_World_Cup_squads,2026-05-31
Argentina,Nicolás Tagliafico,DF,1992-08-31,33,75,1,Lyon,official_squad,https://en.wikipedia.org/wiki/2026_FIFA_World_Cup_squads,2026-05-31
Argentina,Gonzalo Montiel,DF,1997-01-01,29,38,2,River Plate,official_squad,https://en.wikipedia.org/wiki/2026_FIFA_World_Cup_squads,2026-05-31
Argentina,Leandro Paredes,MF,1994-06-29,31,77,5,Boca Juniors,official_squad,https://en.wikipedia.org/wiki/2026_FIFA_World_Cup_squads,2026-05-31
Argentina,Lisandro Martínez,DF,1998-01-18,28,26,1,Manchester United,official_squad,https://en.wikipedia.org/wiki/2026_FIFA_World_Cup_squads,2026-05-31
Argentina,Rodrigo De Paul,MF,1994-05-24,32,85,2,Inter Miami CF,official_squad,https://en.wikipedia.org/wiki/2026_FIFA_World_Cup_squads,2026-05-31
Argentina,Valentín Barco,MF,2004-07-23,21,2,1,Strasbourg,official_squad,https://en.wikipedia.org/wiki/2026_FIFA_World_Cup_squads,2026-05-31
Argentina,Julián Alvarez,FW,2000-01-31,26,51,14,Atlético Madrid,official_squad,https://en.wikipedia.org/wiki/2026_FIFA_World_Cup_squads,2026-05-31
Argentina,Lionel Messi,FW,1987-06-24,38,198,116,Inter Miami CF,official_squad,https://en.wikipedia.org/wiki/2026_FIFA_World_Cup_squads,2026-05-31
Argentina,Giovani Lo Celso,MF,1996-04-09,30,65,4,Real Betis,official_squad,https://en.wikipedia.org/wiki/2026_FIFA_World_Cup_squads,2026-05-31
Argentina,Gerónimo Rulli,GK,1992-05-20,34,7,0,Marseille,official_squad,https://en.wikipedia.org/wiki/2026_FIFA_World_Cup_squads,2026-05-31
Argentina,Cristian Romero,DF,1998-04-27,28,49,3,Tottenham Hotspur,official_squad,https://en.wikipedia.org/wiki/2026_FIFA_World_Cup_squads,2026-05-31
Argentina,Exequiel Palacios,MF,1998-10-05,27,38,0,Bayer Leverkusen,official_squad,https://en.wikipedia.org/wiki/2026_FIFA_World_Cup_squads,2026-05-31
Argentina,Nicolás González,FW,1998-04-06,28,50,6,Atlético Madrid,official_squad,https://en.wikipedia.org/wiki/2026_FIFA_World_Cup_squads,2026-05-31
Argentina,Thiago Almada,FW,2001-04-26,25,14,4,Atlético Madrid,official_squad,https://en.wikipedia.org/wiki/2026_FIFA_World_Cup_squads,2026-05-31
Argentina,Giuliano Simeone,FW,2002-12-18,23,11,1,Atlético Madrid,official_squad,https://en.wikipedia.org/wiki/2026_FIFA_World_Cup_squads,2026-05-31
Argentina,Nico Paz,FW,2004-09-08,21,8,1,Como,official_squad,https://en.wikipedia.org/wiki/2026_FIFA_World_Cup_squads,2026-05-31
Argentina,Nicolás Otamendi,DF,1988-02-12,38,130,8,Benfica,official_squad,https://en.wikipedia.org/wiki/2026_FIFA_World_Cup_squads,2026-05-31
Argentina,Alexis Mac Allister,MF,1998-12-24,27,44,6,Liverpool,official_squad,https://en.wikipedia.org/wiki/2026_FIFA_World_Cup_squads,2026-05-31
Argentina,José Manuel López,FW,2000-12-06,25,3,0,Palmeiras,official_squad,https://en.wikipedia.org/wiki/2026_FIFA_World_Cup_squads,2026-05-31
Argentina,Lautaro Martínez,FW,1997-08-22,28,75,36,Inter Milan,official_squad,https://en.wikipedia.org/wiki/2026_FIFA_World_Cup_squads,2026-05-31
Argentina,Emiliano Martínez,GK,1992-09-02,33,59,0,Aston Villa,official_squad,https://en.wikipedia.org/wiki/2026_FIFA_World_Cup_squads,2026-05-31
Argentina,Enzo Fernández,MF,2001-01-17,25,40,6,Chelsea,official_squad,https://en.wikipedia.org/wiki/2026_FIFA_World_Cup_squads,2026-05-31
Argentina,Facundo Medina,DF,1999-05-28,27,7,0,Marseille,official_squad,https://en.wikipedia.org/wiki/2026_FIFA_World_Cup_squads,2026-05-31
Argentina,Nahuel Molina,DF,1998-04-06,28,58,1,Atlético Madrid,official_squad,https://en.wikipedia.org/wiki/2026_FIFA_World_Cup_squads,2026-05-31
Austria,Alexander Schlager,GK,1996-02-01,30,25,0,Red Bull Salzburg,official_squad,https://en.wikipedia.org/wiki/2026_FIFA_World_Cup_squads,2026-05-31
Austria,David Affengruber,DF,2001-03-19,25,1,0,Elche,official_squad,https://en.wikipedia.org/wiki/2026_FIFA_World_Cup_squads,2026-05-31
Austria,Kevin Danso,DF,1998-09-19,27,31,0,Tottenham Hotspur,official_squad,https://en.wikipedia.org/wiki/2026_FIFA_World_Cup_squads,2026-05-31
Austria,Xaver Schlager,MF,1997-09-28,28,50,4,RB Leipzig,official_squad,https://en.wikipedia.org/wiki/2026_FIFA_World_Cup_squads,2026-05-31
Austria,Stefan Posch,DF,1997-05-14,29,51,5,Mainz 05,official_squad,https://en.wikipedia.org/wiki/2026_FIFA_World_Cup_squads,2026-05-31
Austria,Nicolas Seiwald,MF,2001-05-04,25,46,1,RB Leipzig,official_squad,https://en.wikipedia.org/wiki/2026_FIFA_World_Cup_squads,2026-05-31
Austria,Marko Arnautović,FW,1989-04-19,37,132,47,Red Star Belgrade,official_squad,https://en.wikipedia.org/wiki/2026_FIFA_World_Cup_squads,2026-05-31
Austria,David Alaba,DF,1992-06-24,33,112,15,Real Madrid,official_squad,https://en.wikipedia.org/wiki/2026_FIFA_World_Cup_squads,2026-05-31
Austria,Marcel Sabitzer,MF,1994-03-17,32,97,25,Borussia Dortmund,official_squad,https://en.wikipedia.org/wiki/2026_FIFA_World_Cup_squads,2026-05-31
Austria,Florian Grillitsch,MF,1995-08-07,30,58,1,Braga,official_squad,https://en.wikipedia.org/wiki/2026_FIFA_World_Cup_squads,2026-05-31
Austria,Michael Gregoritsch,FW,1994-04-18,32,74,24,FC Augsburg,official_squad,https://en.wikipedia.org/wiki/2026_FIFA_World_Cup_squads,2026-05-31
Austria,Florian Wiegele,GK,2001-03-21,25,1,0,Viktoria Plzeň,official_squad,https://en.wikipedia.org/wiki/2026_FIFA_World_Cup_squads,2026-05-31
Austria,Patrick Pentz,GK,1997-01-02,29,18,0,Brøndby,official_squad,https://en.wikipedia.org/wiki/2026_FIFA_World_Cup_squads,2026-05-31
Austria,Saša Kalajdžić,FW,1997-07-07,28,21,4,LASK,official_squad,https://en.wikipedia.org/wiki/2026_FIFA_World_Cup_squads,2026-05-31
Austria,Philipp Lienhart,DF,1996-07-11,29,40,3,SC Freiburg,official_squad,https://en.wikipedia.org/wiki/2026_FIFA_World_Cup_squads,2026-05-31
Austria,Phillipp Mwene,DF,1994-01-29,32,29,0,Mainz 05,official_squad,https://en.wikipedia.org/wiki/2026_FIFA_World_Cup_squads,2026-05-31
Austria,Carney Chukwuemeka,MF,2003-10-20,22,2,1,Borussia Dortmund,official_squad,https://en.wikipedia.org/wiki/2026_FIFA_World_Cup_squads,2026-05-31
Austria,Romano Schmid,MF,2000-01-27,26,33,3,Werder Bremen,official_squad,https://en.wikipedia.org/wiki/2026_FIFA_World_Cup_squads,2026-05-31
Austria,Christoph Baumgartner,MF,1999-08-01,26,58,19,RB Leipzig,official_squad,https://en.wikipedia.org/wiki/2026_FIFA_World_Cup_squads,2026-05-31
Austria,Konrad Laimer,MF,1997-05-27,29,56,7,Bayern Munich,official_squad,https://en.wikipedia.org/wiki/2026_FIFA_World_Cup_squads,2026-05-31
Austria,Patrick Wimmer,MF,2001-05-30,25,30,1,VfL Wolfsburg,official_squad,https://en.wikipedia.org/wiki/2026_FIFA_World_Cup_squads,2026-05-31
Austria,Alexander Prass,DF,2001-05-26,25,18,0,TSG Hoffenheim,official_squad,https://en.wikipedia.org/wiki/2026_FIFA_World_Cup_squads,2026-05-31
Austria,Marco Friedl,DF,1998-03-16,28,10,0,Werder Bremen,official_squad,https://en.wikipedia.org/wiki/2026_FIFA_World_Cup_squads,2026-05-31
Austria,Paul Wanner,MF,2005-12-23,20,2,0,PSV Eindhoven,official_squad,https://en.wikipedia.org/wiki/2026_FIFA_World_Cup_squads,2026-05-31
Austria,Michael Svoboda,DF,1998-10-15,27,4,0,Venezia,official_squad,https://en.wikipedia.org/wiki/2026_FIFA_World_Cup_squads,2026-05-31
Austria,Alessandro Schöpf,MF,1994-02-07,32,35,6,Wolfsberger AC,official_squad,https://en.wikipedia.org/wiki/2026_FIFA_World_Cup_squads,2026-05-31
Belgium,Thibaut Courtois,GK,1992-05-11,34,107,0,Real Madrid,official_squad,https://en.wikipedia.org/wiki/2026_FIFA_World_Cup_squads,2026-05-31
Belgium,Senne Lammens,GK,2002-07-07,23,2,0,Manchester United,official_squad,https://en.wikipedia.org/wiki/2026_FIFA_World_Cup_squads,2026-05-31
Belgium,Mike Penders,GK,2005-07-31,20,0,0,Strasbourg,official_squad,https://en.wikipedia.org/wiki/2026_FIFA_World_Cup_squads,2026-05-31
Belgium,Thomas Meunier,DF,1991-09-12,34,78,10,Lille,official_squad,https://en.wikipedia.org/wiki/2026_FIFA_World_Cup_squads,2026-05-31
Belgium,Timothy Castagne,DF,1995-12-05,30,62,2,Fulham,official_squad,https://en.wikipedia.org/wiki/2026_FIFA_World_Cup_squads,2026-05-31
Belgium,Arthur Theate,DF,2000-05-25,26,32,1,Eintracht Frankfurt,official_squad,https://en.wikipedia.org/wiki/2026_FIFA_World_Cup_squads,2026-05-31
Belgium,Zeno Debast,DF,2003-10-24,22,26,1,Sporting CP,official_squad,https://en.wikipedia.org/wiki/2026_FIFA_World_Cup_squads,2026-05-31
Belgium,Maxim De Cuyper,DF,2000-12-22,25,17,4,Brighton & Hove Albion,official_squad,https://en.wikipedia.org/wiki/2026_FIFA_World_Cup_squads,2026-05-31
Belgium,Brandon Mechele,DF,1993-01-28,33,7,1,Club Brugge,official_squad,https://en.wikipedia.org/wiki/2026_FIFA_World_Cup_squads,2026-05-31
Belgium,Koni De Winter,DF,2002-06-12,23,7,0,Milan,official_squad,https://en.wikipedia.org/wiki/2026_FIFA_World_Cup_squads,2026-05-31
Belgium,Joaquin Seys,DF,2005-03-28,21,4,0,Club Brugge,official_squad,https://en.wikipedia.org/wiki/2026_FIFA_World_Cup_squads,2026-05-31
Belgium,Nathan Ngoy,DF,2003-06-10,23,2,0,Lille,official_squad,https://en.wikipedia.org/wiki/2026_FIFA_World_Cup_squads,2026-05-31
Belgium,Axel Witsel,MF,1989-01-12,37,136,12,Girona,official_squad,https://en.wikipedia.org/wiki/2026_FIFA_World_Cup_squads,2026-05-31
Belgium,Kevin De Bruyne,MF,1991-06-28,34,117,36,Napoli,official_squad,https://en.wikipedia.org/wiki/2026_FIFA_World_Cup_squads,2026-05-31
Belgium,Youri Tielemans,MF,1997-05-07,29,83,12,Aston Villa,official_squad,https://en.wikipedia.org/wiki/2026_FIFA_World_Cup_squads,2026-05-31
Belgium,Hans Vanaken,MF,1992-08-24,33,32,7,Club Brugge,official_squad,https://en.wikipedia.org/wiki/2026_FIFA_World_Cup_squads,2026-05-31
Belgium,Amadou Onana,MF,2001-08-16,24,27,1,Aston Villa,official_squad,https://en.wikipedia.org/wiki/2026_FIFA_World_Cup_squads,2026-05-31
Belgium,Nicolas Raskin,MF,2001-02-23,25,11,1,Rangers,official_squad,https://en.wikipedia.org/wiki/2026_FIFA_World_Cup_squads,2026-05-31
Belgium,Romelu Lukaku,FW,1993-05-13,33,124,89,Napoli,official_squad,https://en.wikipedia.org/wiki/2026_FIFA_World_Cup_squads,2026-05-31
Belgium,Leandro Trossard,FW,1994-12-04,31,50,11,Arsenal,official_squad,https://en.wikipedia.org/wiki/2026_FIFA_World_Cup_squads,2026-05-31
Belgium,Jérémy Doku,FW,2002-05-27,24,41,7,Manchester City,official_squad,https://en.wikipedia.org/wiki/2026_FIFA_World_Cup_squads,2026-05-31
Belgium,Dodi Lukébakio,FW,1997-09-24,28,29,5,Benfica,official_squad,https://en.wikipedia.org/wiki/2026_FIFA_World_Cup_squads,2026-05-31
Belgium,Charles De Ketelaere,FW,2001-03-10,25,28,5,Atalanta,official_squad,https://en.wikipedia.org/wiki/2026_FIFA_World_Cup_squads,2026-05-31
Belgium,Alexis Saelemaekers,FW,1999-06-27,26,23,2,Milan,official_squad,https://en.wikipedia.org/wiki/2026_FIFA_World_Cup_squads,2026-05-31
Belgium,Diego Moreira,FW,2004-08-06,21,2,0,Strasbourg,official_squad,https://en.wikipedia.org/wiki/2026_FIFA_World_Cup_squads,2026-05-31
Belgium,Matias Fernandez-Pardo,FW,2005-02-03,21,0,0,Lille,official_squad,https://en.wikipedia.org/wiki/2026_FIFA_World_Cup_squads,2026-05-31
Bosnia and Herzegovina,Nikola Vasilj,GK,1995-12-02,30,25,0,FC St. Pauli,official_squad,https://en.wikipedia.org/wiki/2026_FIFA_World_Cup_squads,2026-05-31
Bosnia and Herzegovina,Martin Zlomislić,GK,1998-08-16,27,3,0,Rijeka,official_squad,https://en.wikipedia.org/wiki/2026_FIFA_World_Cup_squads,2026-05-31
Bosnia and Herzegovina,Osman Hadžikić,GK,1996-03-12,30,0,0,Slaven Belupo,official_squad,https://en.wikipedia.org/wiki/2026_FIFA_World_Cup_squads,2026-05-31
Bosnia and Herzegovina,Sead Kolašinac,DF,1993-06-20,32,64,0,Atalanta,official_squad,https://en.wikipedia.org/wiki/2026_FIFA_World_Cup_squads,2026-05-31
Bosnia and Herzegovina,Dennis Hadžikadunić,DF,1998-07-09,27,31,0,Sampdoria,official_squad,https://en.wikipedia.org/wiki/2026_FIFA_World_Cup_squads,2026-05-31
Bosnia and Herzegovina,Amar Dedić,DF,2002-08-18,23,27,1,Benfica,official_squad,https://en.wikipedia.org/wiki/2026_FIFA_World_Cup_squads,2026-05-31
Bosnia and Herzegovina,Nikola Katić,DF,1996-10-10,29,16,1,Schalke 04,official_squad,https://en.wikipedia.org/wiki/2026_FIFA_World_Cup_squads,2026-05-31
Bosnia and Herzegovina,Tarik Muharemović,DF,2003-02-28,23,13,1,Sassuolo,official_squad,https://en.wikipedia.org/wiki/2026_FIFA_World_Cup_squads,2026-05-31
Bosnia and Herzegovina,Nihad Mujakić,DF,1998-04-15,28,11,1,Gaziantep,official_squad,https://en.wikipedia.org/wiki/2026_FIFA_World_Cup_squads,2026-05-31
Bosnia and Herzegovina,Stjepan Radeljić,DF,1997-09-05,28,5,0,Rijeka,official_squad,https://en.wikipedia.org/wiki/2026_FIFA_World_Cup_squads,2026-05-31
Bosnia and Herzegovina,Nidal Čelik,DF,2006-07-17,19,1,0,Lens,official_squad,https://en.wikipedia.org/wiki/2026_FIFA_World_Cup_squads,2026-05-31
Bosnia and Herzegovina,Amir Hadžiahmetović,MF,1997-03-08,29,35,0,Hull City,official_squad,https://en.wikipedia.org/wiki/2026_FIFA_World_Cup_squads,2026-05-31
Bosnia and Herzegovina,Benjamin Tahirović,MF,2003-03-03,23,27,2,Brøndby,official_squad,https://en.wikipedia.org/wiki/2026_FIFA_World_Cup_squads,2026-05-31
Bosnia and Herzegovina,Armin Gigović,MF,2002-04-06,24,19,1,Young Boys,official_squad,https://en.wikipedia.org/wiki/2026_FIFA_World_Cup_squads,2026-05-31
Bosnia and Herzegovina,Dženis Burnić,MF,1998-05-22,28,19,0,Karlsruher SC,official_squad,https://en.wikipedia.org/wiki/2026_FIFA_World_Cup_squads,2026-05-31
Bosnia and Herzegovina,Ivan Bašić,MF,2002-04-30,24,16,0,Astana,official_squad,https://en.wikipedia.org/wiki/2026_FIFA_World_Cup_squads,2026-05-31
Bosnia and Herzegovina,Esmir Bajraktarević,MF,2005-03-10,21,15,1,PSV Eindhoven,official_squad,https://en.wikipedia.org/wiki/2026_FIFA_World_Cup_squads,2026-05-31
Bosnia and Herzegovina,Amar Memić,MF,2001-01-20,25,12,1,Viktoria Plzeň,official_squad,https://en.wikipedia.org/wiki/2026_FIFA_World_Cup_squads,2026-05-31
Bosnia and Herzegovina,Ivan Šunjić,MF,1996-10-09,29,11,0,Pafos,official_squad,https://en.wikipedia.org/wiki/2026_FIFA_World_Cup_squads,2026-05-31
Bosnia and Herzegovina,Kerim Alajbegović,MF,2007-09-21,18,9,1,Red Bull Salzburg,official_squad,https://en.wikipedia.org/wiki/2026_FIFA_World_Cup_squads,2026-05-31
Bosnia and Herzegovina,Ermin Mahmić,MF,2005-03-14,21,1,0,Slovan Liberec,official_squad,https://en.wikipedia.org/wiki/2026_FIFA_World_Cup_squads,2026-05-31
Bosnia and Herzegovina,Edin Džeko,FW,1986-03-17,40,148,73,Schalke 04,official_squad,https://en.wikipedia.org/wiki/2026_FIFA_World_Cup_squads,2026-05-31
Bosnia and Herzegovina,Ermedin Demirović,FW,1998-03-25,28,39,4,VfB Stuttgart,official_squad,https://en.wikipedia.org/wiki/2026_FIFA_World_Cup_squads,2026-05-31
Bosnia and Herzegovina,Samed Baždar,FW,2004-01-31,22,12,1,Jagiellonia Białystok,official_squad,https://en.wikipedia.org/wiki/2026_FIFA_World_Cup_squads,2026-05-31
Bosnia and Herzegovina,Haris Tabaković,FW,1994-06-20,31,10,4,Borussia Mönchengladbach,official_squad,https://en.wikipedia.org/wiki/2026_FIFA_World_Cup_squads,2026-05-31
Bosnia and Herzegovina,Jovo Lukić,FW,1998-11-28,27,2,0,Universitatea Cluj,official_squad,https://en.wikipedia.org/wiki/2026_FIFA_World_Cup_squads,2026-05-31
Brazil,Alisson,GK,1992-10-02,33,76,0,Liverpool,official_squad,https://en.wikipedia.org/wiki/2026_FIFA_World_Cup_squads,2026-05-31
Brazil,Wesley,DF,2003-09-06,22,6,0,Roma,official_squad,https://en.wikipedia.org/wiki/2026_FIFA_World_Cup_squads,2026-05-31
Brazil,Gabriel Magalhães,DF,1997-12-19,28,17,1,Arsenal,official_squad,https://en.wikipedia.org/wiki/2026_FIFA_World_Cup_squads,2026-05-31
Brazil,Marquinhos,DF,1994-05-14,32,104,7,Paris Saint-Germain,official_squad,https://en.wikipedia.org/wiki/2026_FIFA_World_Cup_squads,2026-05-31
Brazil,Casemiro,MF,1992-02-23,34,84,8,Manchester United,official_squad,https://en.wikipedia.org/wiki/2026_FIFA_World_Cup_squads,2026-05-31
Brazil,Alex Sandro,DF,1991-01-26,35,43,2,Flamengo,official_squad,https://en.wikipedia.org/wiki/2026_FIFA_World_Cup_squads,2026-05-31
Brazil,Vinícius Júnior,FW,2000-07-12,25,47,8,Real Madrid,official_squad,https://en.wikipedia.org/wiki/2026_FIFA_World_Cup_squads,2026-05-31
Brazil,Bruno Guimarães,MF,1997-11-16,28,41,2,Newcastle United,official_squad,https://en.wikipedia.org/wiki/2026_FIFA_World_Cup_squads,2026-05-31
Brazil,Matheus Cunha,FW,1999-05-27,27,21,1,Manchester United,official_squad,https://en.wikipedia.org/wiki/2026_FIFA_World_Cup_squads,2026-05-31
Brazil,Neymar,FW,1992-02-05,34,128,79,Santos,official_squad,https://en.wikipedia.org/wiki/2026_FIFA_World_Cup_squads,2026-05-31
Brazil,Raphinha,FW,1996-12-14,29,37,11,Barcelona,official_squad,https://en.wikipedia.org/wiki/2026_FIFA_World_Cup_squads,2026-05-31
Brazil,Weverton,GK,1987-12-13,38,10,0,Grêmio,official_squad,https://en.wikipedia.org/wiki/2026_FIFA_World_Cup_squads,2026-05-31
Brazil,Danilo Luiz,DF,1991-07-15,34,68,1,Flamengo,official_squad,https://en.wikipedia.org/wiki/2026_FIFA_World_Cup_squads,2026-05-31
Brazil,Bremer,DF,1997-03-18,29,6,1,Juventus,official_squad,https://en.wikipedia.org/wiki/2026_FIFA_World_Cup_squads,2026-05-31
Brazil,Léo Pereira,DF,1996-01-31,30,2,0,Flamengo,official_squad,https://en.wikipedia.org/wiki/2026_FIFA_World_Cup_squads,2026-05-31
Brazil,Douglas Santos,DF,1994-03-22,32,5,0,Zenit Saint Petersburg,official_squad,https://en.wikipedia.org/wiki/2026_FIFA_World_Cup_squads,2026-05-31
Brazil,Fabinho,MF,1993-10-23,32,31,0,Al-Ittihad,official_squad,https://en.wikipedia.org/wiki/2026_FIFA_World_Cup_squads,2026-05-31
Brazil,Danilo Santos,MF,2001-04-29,25,2,1,Botafogo,official_squad,https://en.wikipedia.org/wiki/2026_FIFA_World_Cup_squads,2026-05-31
Brazil,Endrick,FW,2006-07-21,19,15,3,Lyon,official_squad,https://en.wikipedia.org/wiki/2026_FIFA_World_Cup_squads,2026-05-31
Brazil,Lucas Paquetá,MF,1997-08-27,28,61,12,Flamengo,official_squad,https://en.wikipedia.org/wiki/2026_FIFA_World_Cup_squads,2026-05-31
Brazil,Luiz Henrique,FW,2001-01-02,25,13,2,Zenit Saint Petersburg,official_squad,https://en.wikipedia.org/wiki/2026_FIFA_World_Cup_squads,2026-05-31
Brazil,Gabriel Martinelli,FW,2001-06-18,24,22,4,Arsenal,official_squad,https://en.wikipedia.org/wiki/2026_FIFA_World_Cup_squads,2026-05-31
Brazil,Ederson,GK,1993-08-17,32,31,0,Fenerbahçe,official_squad,https://en.wikipedia.org/wiki/2026_FIFA_World_Cup_squads,2026-05-31
Brazil,Roger Ibañez,DF,1998-11-23,27,5,0,Al-Ahli,official_squad,https://en.wikipedia.org/wiki/2026_FIFA_World_Cup_squads,2026-05-31
Brazil,Igor Thiago,FW,2001-06-26,24,2,1,Brentford,official_squad,https://en.wikipedia.org/wiki/2026_FIFA_World_Cup_squads,2026-05-31
Brazil,Rayan,FW,2006-08-03,19,1,0,Bournemouth,official_squad,https://en.wikipedia.org/wiki/2026_FIFA_World_Cup_squads,2026-05-31
Canada,Dayne St. Clair,GK,1997-05-09,29,19,0,Inter Miami CF,official_squad,https://en.wikipedia.org/wiki/2026_FIFA_World_Cup_squads,2026-05-31
Canada,Alistair Johnston,DF,1998-10-08,27,56,1,Celtic,official_squad,https://en.wikipedia.org/wiki/2026_FIFA_World_Cup_squads,2026-05-31
Canada,Luc de Fougerolles,DF,2005-10-12,20,11,0,Dender,official_squad,https://en.wikipedia.org/wiki/2026_FIFA_World_Cup_squads,2026-05-31
Canada,Alfie Jones,DF,1997-10-07,28,1,0,Middlesbrough,official_squad,https://en.wikipedia.org/wiki/2026_FIFA_World_Cup_squads,2026-05-31
Canada,Joel Waterman,DF,1996-01-24,30,17,0,Chicago Fire FC,official_squad,https://en.wikipedia.org/wiki/2026_FIFA_World_Cup_squads,2026-05-31
Canada,Mathieu Choinière,MF,1999-02-07,27,22,0,Los Angeles FC,official_squad,https://en.wikipedia.org/wiki/2026_FIFA_World_Cup_squads,2026-05-31
Canada,Stephen Eustáquio,MF,1996-12-21,29,54,4,Los Angeles FC,official_squad,https://en.wikipedia.org/wiki/2026_FIFA_World_Cup_squads,2026-05-31
Canada,Ismaël Koné,MF,2002-06-16,23,38,4,Sassuolo,official_squad,https://en.wikipedia.org/wiki/2026_FIFA_World_Cup_squads,2026-05-31
Canada,Cyle Larin,FW,1995-04-17,31,88,30,Southampton,official_squad,https://en.wikipedia.org/wiki/2026_FIFA_World_Cup_squads,2026-05-31
Canada,Jonathan David,FW,2000-01-14,26,75,39,Juventus,official_squad,https://en.wikipedia.org/wiki/2026_FIFA_World_Cup_squads,2026-05-31
Canada,Liam Millar,MF,1999-09-27,26,39,1,Hull City,official_squad,https://en.wikipedia.org/wiki/2026_FIFA_World_Cup_squads,2026-05-31
Canada,Tani Oluwaseyi,FW,2000-05-15,26,22,2,Villarreal,official_squad,https://en.wikipedia.org/wiki/2026_FIFA_World_Cup_squads,2026-05-31
Canada,Derek Cornelius,DF,1997-11-25,28,42,1,Rangers,official_squad,https://en.wikipedia.org/wiki/2026_FIFA_World_Cup_squads,2026-05-31
Canada,Jacob Shaffelburg,MF,1999-11-26,26,31,6,Los Angeles FC,official_squad,https://en.wikipedia.org/wiki/2026_FIFA_World_Cup_squads,2026-05-31
Canada,Moïse Bombito,DF,2000-03-30,26,19,0,Nice,official_squad,https://en.wikipedia.org/wiki/2026_FIFA_World_Cup_squads,2026-05-31
Canada,Maxime Crépeau,GK,1994-04-11,32,30,0,Orlando City SC,official_squad,https://en.wikipedia.org/wiki/2026_FIFA_World_Cup_squads,2026-05-31
Canada,Tajon Buchanan,MF,1999-02-08,27,58,8,Villarreal,official_squad,https://en.wikipedia.org/wiki/2026_FIFA_World_Cup_squads,2026-05-31
Canada,Owen Goodman,GK,2003-11-27,22,0,0,Barnsley,official_squad,https://en.wikipedia.org/wiki/2026_FIFA_World_Cup_squads,2026-05-31
Canada,Alphonso Davies,DF,2000-11-02,25,58,15,Bayern Munich,official_squad,https://en.wikipedia.org/wiki/2026_FIFA_World_Cup_squads,2026-05-31
Canada,Ali Ahmed,MF,2000-10-10,25,24,1,Norwich City,official_squad,https://en.wikipedia.org/wiki/2026_FIFA_World_Cup_squads,2026-05-31
Canada,Jonathan Osorio,MF,1992-06-12,33,89,9,Toronto FC,official_squad,https://en.wikipedia.org/wiki/2026_FIFA_World_Cup_squads,2026-05-31
Canada,Richie Laryea,DF,1995-01-07,31,73,1,Toronto FC,official_squad,https://en.wikipedia.org/wiki/2026_FIFA_World_Cup_squads,2026-05-31
Canada,Niko Sigur,DF,2003-09-09,22,17,2,Hajduk Split,official_squad,https://en.wikipedia.org/wiki/2026_FIFA_World_Cup_squads,2026-05-31
Canada,Promise David,FW,2001-07-03,24,8,3,Union Saint-Gilloise,official_squad,https://en.wikipedia.org/wiki/2026_FIFA_World_Cup_squads,2026-05-31
Canada,Nathan Saliba,MF,2004-02-07,22,13,2,Anderlecht,official_squad,https://en.wikipedia.org/wiki/2026_FIFA_World_Cup_squads,2026-05-31
Canada,Marcelo Flores,MF,2003-10-01,22,2,0,UANL,official_squad,https://en.wikipedia.org/wiki/2026_FIFA_World_Cup_squads,2026-05-31
Cape Verde,Vozinha,GK,1986-06-03,40,85,0,Chaves,official_squad,https://en.wikipedia.org/wiki/2026_FIFA_World_Cup_squads,2026-05-31
Cape Verde,Márcio Rosa,GK,1997-02-23,29,10,0,Montana,official_squad,https://en.wikipedia.org/wiki/2026_FIFA_World_Cup_squads,2026-05-31
Cape Verde,CJ dos Santos,GK,2000-08-24,25,0,0,San Diego FC,official_squad,https://en.wikipedia.org/wiki/2026_FIFA_World_Cup_squads,2026-05-31
Cape Verde,Stopira,DF,1988-05-20,38,60,4,Torreense,official_squad,https://en.wikipedia.org/wiki/2026_FIFA_World_Cup_squads,2026-05-31
Cape Verde,Roberto Lopes,DF,1992-06-17,33,44,0,Shamrock Rovers,official_squad,https://en.wikipedia.org/wiki/2026_FIFA_World_Cup_squads,2026-05-31
Cape Verde,João Paulo,DF,1998-05-26,28,40,1,FCSB,official_squad,https://en.wikipedia.org/wiki/2026_FIFA_World_Cup_squads,2026-05-31
Cape Verde,Diney,DF,1995-01-17,31,29,2,Al Bataeh,official_squad,https://en.wikipedia.org/wiki/2026_FIFA_World_Cup_squads,2026-05-31
Cape Verde,Logan Costa,DF,2001-04-01,25,26,0,Villarreal,official_squad,https://en.wikipedia.org/wiki/2026_FIFA_World_Cup_squads,2026-05-31
Cape Verde,Steven Moreira,DF,1994-08-13,31,18,0,Columbus Crew,official_squad,https://en.wikipedia.org/wiki/2026_FIFA_World_Cup_squads,2026-05-31
Cape Verde,Wagner Pina,DF,2002-11-03,23,12,0,Trabzonspor,official_squad,https://en.wikipedia.org/wiki/2026_FIFA_World_Cup_squads,2026-05-31
Cape Verde,Sidny Lopes Cabral,DF,2003-09-18,22,8,3,Benfica,official_squad,https://en.wikipedia.org/wiki/2026_FIFA_World_Cup_squads,2026-05-31
Cape Verde,Kelvin Pires,DF,2000-06-05,26,4,1,SJK,official_squad,https://en.wikipedia.org/wiki/2026_FIFA_World_Cup_squads,2026-05-31
Cape Verde,Jamiro Monteiro,MF,1993-11-23,32,53,5,PEC Zwolle,official_squad,https://en.wikipedia.org/wiki/2026_FIFA_World_Cup_squads,2026-05-31
Cape Verde,Kevin Pina,MF,1997-01-27,29,30,2,Krasnodar,official_squad,https://en.wikipedia.org/wiki/2026_FIFA_World_Cup_squads,2026-05-31
Cape Verde,Deroy Duarte,MF,1999-07-04,26,30,0,Ludogorets Razgrad,official_squad,https://en.wikipedia.org/wiki/2026_FIFA_World_Cup_squads,2026-05-31
Cape Verde,Telmo Arcanjo,MF,2001-06-21,24,14,1,Vitória de Guimarães,official_squad,https://en.wikipedia.org/wiki/2026_FIFA_World_Cup_squads,2026-05-31
Cape Verde,Laros Duarte,MF,1997-02-28,29,12,0,Puskás Akadémia,official_squad,https://en.wikipedia.org/wiki/2026_FIFA_World_Cup_squads,2026-05-31
Cape Verde,Yannick Semedo,MF,1995-12-29,30,10,1,Farense,official_squad,https://en.wikipedia.org/wiki/2026_FIFA_World_Cup_squads,2026-05-31
Cape Verde,Ryan Mendes,FW,1990-01-08,36,94,22,Iğdır,official_squad,https://en.wikipedia.org/wiki/2026_FIFA_World_Cup_squads,2026-05-31
Cape Verde,Garry Rodrigues,FW,1990-11-27,35,59,9,Apollon Limassol,official_squad,https://en.wikipedia.org/wiki/2026_FIFA_World_Cup_squads,2026-05-31
Cape Verde,Willy Semedo,FW,1994-04-27,32,36,2,Omonia,official_squad,https://en.wikipedia.org/wiki/2026_FIFA_World_Cup_squads,2026-05-31
Cape Verde,Jovane Cabral,FW,1998-06-14,27,25,2,Estrela Amadora,official_squad,https://en.wikipedia.org/wiki/2026_FIFA_World_Cup_squads,2026-05-31
Cape Verde,Gilson Benchimol,FW,2001-12-29,24,21,5,Akron Tolyatti,official_squad,https://en.wikipedia.org/wiki/2026_FIFA_World_Cup_squads,2026-05-31
Cape Verde,Dailon Livramento,FW,2001-05-04,25,20,7,Casa Pia,official_squad,https://en.wikipedia.org/wiki/2026_FIFA_World_Cup_squads,2026-05-31
Cape Verde,Hélio Varela,FW,2002-05-03,24,19,0,Maccabi Tel Aviv,official_squad,https://en.wikipedia.org/wiki/2026_FIFA_World_Cup_squads,2026-05-31
Cape Verde,Nuno da Costa,FW,1991-02-10,35,7,1,İstanbul Başakşehir,official_squad,https://en.wikipedia.org/wiki/2026_FIFA_World_Cup_squads,2026-05-31
Colombia,David Ospina,GK,1988-08-31,37,129,0,Atlético Nacional,official_squad,https://en.wikipedia.org/wiki/2026_FIFA_World_Cup_squads,2026-05-31
Colombia,Camilo Vargas,GK,1989-03-09,37,40,0,Atlas,official_squad,https://en.wikipedia.org/wiki/2026_FIFA_World_Cup_squads,2026-05-31
Colombia,Álvaro Montero,GK,1995-03-29,31,11,0,Vélez Sarsfield,official_squad,https://en.wikipedia.org/wiki/2026_FIFA_World_Cup_squads,2026-05-31
Colombia,Davinson Sánchez,DF,1996-06-12,29,77,3,Galatasaray,official_squad,https://en.wikipedia.org/wiki/2026_FIFA_World_Cup_squads,2026-05-31
Colombia,Santiago Arias,DF,1992-01-13,34,66,0,Independiente,official_squad,https://en.wikipedia.org/wiki/2026_FIFA_World_Cup_squads,2026-05-31
Colombia,Yerry Mina,DF,1994-09-23,31,52,8,Cagliari,official_squad,https://en.wikipedia.org/wiki/2026_FIFA_World_Cup_squads,2026-05-31
Colombia,Daniel Muñoz,DF,1996-05-26,30,44,3,Crystal Palace,official_squad,https://en.wikipedia.org/wiki/2026_FIFA_World_Cup_squads,2026-05-31
Colombia,Johan Mojica,DF,1992-08-21,33,43,1,Mallorca,official_squad,https://en.wikipedia.org/wiki/2026_FIFA_World_Cup_squads,2026-05-31
Colombia,Jhon Lucumí,DF,1998-06-26,27,35,1,Bologna,official_squad,https://en.wikipedia.org/wiki/2026_FIFA_World_Cup_squads,2026-05-31
Colombia,Deiver Machado,DF,1993-09-02,32,14,0,Nantes,official_squad,https://en.wikipedia.org/wiki/2026_FIFA_World_Cup_squads,2026-05-31
Colombia,Willer Ditta,DF,1997-01-23,29,3,0,Cruz Azul,official_squad,https://en.wikipedia.org/wiki/2026_FIFA_World_Cup_squads,2026-05-31
Colombia,James Rodríguez,MF,1991-07-12,34,124,31,Minnesota United FC,official_squad,https://en.wikipedia.org/wiki/2026_FIFA_World_Cup_squads,2026-05-31
Colombia,Jefferson Lerma,MF,1994-10-25,31,64,5,Crystal Palace,official_squad,https://en.wikipedia.org/wiki/2026_FIFA_World_Cup_squads,2026-05-31
Colombia,Juan Fernando Quintero,MF,1993-01-18,33,47,6,River Plate,official_squad,https://en.wikipedia.org/wiki/2026_FIFA_World_Cup_squads,2026-05-31
Colombia,Jhon Arias,MF,1997-09-21,28,36,4,Palmeiras,official_squad,https://en.wikipedia.org/wiki/2026_FIFA_World_Cup_squads,2026-05-31
Colombia,Richard Ríos,MF,2000-06-02,26,30,2,Benfica,official_squad,https://en.wikipedia.org/wiki/2026_FIFA_World_Cup_squads,2026-05-31
Colombia,Kevin Castaño,MF,2000-09-29,25,24,0,River Plate,official_squad,https://en.wikipedia.org/wiki/2026_FIFA_World_Cup_squads,2026-05-31
Colombia,Jorge Carrascal,MF,1998-05-25,28,22,2,Flamengo,official_squad,https://en.wikipedia.org/wiki/2026_FIFA_World_Cup_squads,2026-05-31
Colombia,Jaminton Campaz,MF,2000-05-24,26,9,1,Rosario Central,official_squad,https://en.wikipedia.org/wiki/2026_FIFA_World_Cup_squads,2026-05-31
Colombia,Juan Portilla,MF,1998-09-12,27,8,0,Athletico Paranaense,official_squad,https://en.wikipedia.org/wiki/2026_FIFA_World_Cup_squads,2026-05-31
Colombia,Gustavo Puerta,MF,2003-07-26,22,4,1,Racing Santander,official_squad,https://en.wikipedia.org/wiki/2026_FIFA_World_Cup_squads,2026-05-31
Colombia,Luis Díaz,FW,1997-01-13,29,72,21,Bayern Munich,official_squad,https://en.wikipedia.org/wiki/2026_FIFA_World_Cup_squads,2026-05-31
Colombia,Jhon Córdoba,FW,1993-05-11,33,21,6,Krasnodar,official_squad,https://en.wikipedia.org/wiki/2026_FIFA_World_Cup_squads,2026-05-31
Colombia,Luis Suárez,FW,1997-12-02,28,10,4,Sporting CP,official_squad,https://en.wikipedia.org/wiki/2026_FIFA_World_Cup_squads,2026-05-31
Colombia,Cucho Hernández,FW,1999-04-20,27,7,2,Real Betis,official_squad,https://en.wikipedia.org/wiki/2026_FIFA_World_Cup_squads,2026-05-31
Colombia,Andrés Gómez,FW,2002-09-12,23,6,2,Vasco da Gama,official_squad,https://en.wikipedia.org/wiki/2026_FIFA_World_Cup_squads,2026-05-31
Croatia,Dominik Livaković,GK,1995-01-09,31,73,0,Dinamo Zagreb,official_squad,https://en.wikipedia.org/wiki/2026_FIFA_World_Cup_squads,2026-05-31
Croatia,Dominik Kotarski,GK,2000-02-10,26,3,0,Copenhagen,official_squad,https://en.wikipedia.org/wiki/2026_FIFA_World_Cup_squads,2026-05-31
Croatia,Ivor Pandur,GK,2000-03-25,26,0,0,Hull City,official_squad,https://en.wikipedia.org/wiki/2026_FIFA_World_Cup_squads,2026-05-31
Croatia,Joško Gvardiol,DF,2002-01-23,24,46,4,Manchester City,official_squad,https://en.wikipedia.org/wiki/2026_FIFA_World_Cup_squads,2026-05-31
Croatia,Duje Ćaleta-Car,DF,1996-09-17,29,38,1,Real Sociedad,official_squad,https://en.wikipedia.org/wiki/2026_FIFA_World_Cup_squads,2026-05-31
Croatia,Josip Šutalo,DF,2000-02-28,26,31,0,Ajax,official_squad,https://en.wikipedia.org/wiki/2026_FIFA_World_Cup_squads,2026-05-31
Croatia,Josip Stanišić,DF,2000-04-02,26,29,0,Bayern Munich,official_squad,https://en.wikipedia.org/wiki/2026_FIFA_World_Cup_squads,2026-05-31
Croatia,Marin Pongračić,DF,1997-09-11,28,18,0,Fiorentina,official_squad,https://en.wikipedia.org/wiki/2026_FIFA_World_Cup_squads,2026-05-31
Croatia,Martin Erlić,DF,1998-01-24,28,12,1,Midtjylland,official_squad,https://en.wikipedia.org/wiki/2026_FIFA_World_Cup_squads,2026-05-31
Croatia,Luka Vušković,DF,2007-02-24,19,4,1,Hamburger SV,official_squad,https://en.wikipedia.org/wiki/2026_FIFA_World_Cup_squads,2026-05-31
Croatia,Luka Modrić,MF,1985-09-09,40,196,28,Milan,official_squad,https://en.wikipedia.org/wiki/2026_FIFA_World_Cup_squads,2026-05-31
Croatia,Mateo Kovačić,MF,1994-05-06,32,111,5,Manchester City,official_squad,https://en.wikipedia.org/wiki/2026_FIFA_World_Cup_squads,2026-05-31
Croatia,Mario Pašalić,MF,1995-02-09,31,83,11,Atalanta,official_squad,https://en.wikipedia.org/wiki/2026_FIFA_World_Cup_squads,2026-05-31
Croatia,Nikola Vlašić,MF,1997-10-04,28,61,10,Torino,official_squad,https://en.wikipedia.org/wiki/2026_FIFA_World_Cup_squads,2026-05-31
Croatia,Luka Sučić,MF,2002-09-08,23,19,1,Real Sociedad,official_squad,https://en.wikipedia.org/wiki/2026_FIFA_World_Cup_squads,2026-05-31
Croatia,Martin Baturina,MF,2003-02-16,23,17,1,Como,official_squad,https://en.wikipedia.org/wiki/2026_FIFA_World_Cup_squads,2026-05-31
Croatia,Kristijan Jakić,MF,1997-05-14,29,16,2,FC Augsburg,official_squad,https://en.wikipedia.org/wiki/2026_FIFA_World_Cup_squads,2026-05-31
Croatia,Petar Sučić,MF,2003-10-25,22,15,1,Inter Milan,official_squad,https://en.wikipedia.org/wiki/2026_FIFA_World_Cup_squads,2026-05-31
Croatia,Nikola Moro,MF,1998-03-12,28,9,0,Bologna,official_squad,https://en.wikipedia.org/wiki/2026_FIFA_World_Cup_squads,2026-05-31
Croatia,Toni Fruk,MF,2001-04-09,25,7,1,Rijeka,official_squad,https://en.wikipedia.org/wiki/2026_FIFA_World_Cup_squads,2026-05-31
Croatia,Ivan Perišić,FW,1989-02-02,37,152,38,PSV Eindhoven,official_squad,https://en.wikipedia.org/wiki/2026_FIFA_World_Cup_squads,2026-05-31
Croatia,Andrej Kramarić,FW,1991-06-19,34,114,36,TSG Hoffenheim,official_squad,https://en.wikipedia.org/wiki/2026_FIFA_World_Cup_squads,2026-05-31
Croatia,Ante Budimir,FW,1991-07-22,34,36,6,Osasuna,official_squad,https://en.wikipedia.org/wiki/2026_FIFA_World_Cup_squads,2026-05-31
Croatia,Marco Pašalić,FW,2000-09-14,25,13,1,Orlando City,official_squad,https://en.wikipedia.org/wiki/2026_FIFA_World_Cup_squads,2026-05-31
Croatia,Petar Musa,FW,1998-03-04,28,10,1,FC Dallas,official_squad,https://en.wikipedia.org/wiki/2026_FIFA_World_Cup_squads,2026-05-31
Croatia,Igor Matanović,FW,2003-03-31,23,8,2,SC Freiburg,official_squad,https://en.wikipedia.org/wiki/2026_FIFA_World_Cup_squads,2026-05-31
Curaçao,Eloy Room,GK,1989-02-06,37,71,0,Miami FC,official_squad,https://en.wikipedia.org/wiki/2026_FIFA_World_Cup_squads,2026-05-31
Curaçao,Shurandy Sambo,DF,2001-08-19,24,7,0,Sparta Rotterdam,official_squad,https://en.wikipedia.org/wiki/2026_FIFA_World_Cup_squads,2026-05-31
Curaçao,Juriën Gaari,DF,1993-12-23,32,59,1,Abha,official_squad,https://en.wikipedia.org/wiki/2026_FIFA_World_Cup_squads,2026-05-31
Curaçao,Roshon van Eijma,DF,1998-06-09,28,27,1,RKC Waalwijk,official_squad,https://en.wikipedia.org/wiki/2026_FIFA_World_Cup_squads,2026-05-31
Curaçao,Sherel Floranus,DF,1998-08-23,27,27,0,PEC Zwolle,official_squad,https://en.wikipedia.org/wiki/2026_FIFA_World_Cup_squads,2026-05-31
Curaçao,Godfried Roemeratoe,MF,1999-08-19,26,27,1,RKC Waalwijk,official_squad,https://en.wikipedia.org/wiki/2026_FIFA_World_Cup_squads,2026-05-31
Curaçao,Juninho Bacuna,MF,1997-08-07,28,48,14,Volendam,official_squad,https://en.wikipedia.org/wiki/2026_FIFA_World_Cup_squads,2026-05-31
Curaçao,Livano Comenencia,MF,2004-02-03,22,19,1,Zürich,official_squad,https://en.wikipedia.org/wiki/2026_FIFA_World_Cup_squads,2026-05-31
Curaçao,Jürgen Locadia,FW,1993-11-07,32,13,1,Miami FC,official_squad,https://en.wikipedia.org/wiki/2026_FIFA_World_Cup_squads,2026-05-31
Curaçao,Leandro Bacuna,MF,1991-08-21,34,71,16,Iğdır,official_squad,https://en.wikipedia.org/wiki/2026_FIFA_World_Cup_squads,2026-05-31
Curaçao,Jeremy Antonisse,FW,2002-03-29,24,26,3,Kifisia,official_squad,https://en.wikipedia.org/wiki/2026_FIFA_World_Cup_squads,2026-05-31
Curaçao,Sontje Hansen,FW,2002-05-18,24,5,1,Middlesbrough,official_squad,https://en.wikipedia.org/wiki/2026_FIFA_World_Cup_squads,2026-05-31
Curaçao,Tyrese Noslin,MF,2002-09-11,23,6,1,Telstar,official_squad,https://en.wikipedia.org/wiki/2026_FIFA_World_Cup_squads,2026-05-31
Curaçao,Kenji Gorré,FW,1994-09-29,31,37,6,Maccabi Haifa,official_squad,https://en.wikipedia.org/wiki/2026_FIFA_World_Cup_squads,2026-05-31
Curaçao,Ar'jany Martha,MF,2003-09-04,22,8,2,Rotherham United,official_squad,https://en.wikipedia.org/wiki/2026_FIFA_World_Cup_squads,2026-05-31
Curaçao,Jearl Margaritha,FW,2000-04-10,26,21,5,Beveren,official_squad,https://en.wikipedia.org/wiki/2026_FIFA_World_Cup_squads,2026-05-31
Curaçao,Brandley Kuwas,FW,1992-09-19,33,34,2,Volendam,official_squad,https://en.wikipedia.org/wiki/2026_FIFA_World_Cup_squads,2026-05-31
Curaçao,Armando Obispo,DF,1999-03-05,27,5,0,PSV Eindhoven,official_squad,https://en.wikipedia.org/wiki/2026_FIFA_World_Cup_squads,2026-05-31
Curaçao,Gervane Kastaneer,FW,1996-06-09,30,28,9,Terengganu,official_squad,https://en.wikipedia.org/wiki/2026_FIFA_World_Cup_squads,2026-05-31
Curaçao,Joshua Brenet,DF,1994-03-20,32,17,1,Kayserispor,official_squad,https://en.wikipedia.org/wiki/2026_FIFA_World_Cup_squads,2026-05-31
Curaçao,Tahith Chong,FW,1999-12-04,26,5,3,Sheffield United,official_squad,https://en.wikipedia.org/wiki/2026_FIFA_World_Cup_squads,2026-05-31
Curaçao,Kevin Felida,MF,1999-11-11,26,19,1,Den Bosch,official_squad,https://en.wikipedia.org/wiki/2026_FIFA_World_Cup_squads,2026-05-31
Curaçao,Riechedly Bazoer,DF,1996-10-12,29,4,0,Konyaspor,official_squad,https://en.wikipedia.org/wiki/2026_FIFA_World_Cup_squads,2026-05-31
Curaçao,Deveron Fonville,DF,2003-05-16,23,1,0,NEC,official_squad,https://en.wikipedia.org/wiki/2026_FIFA_World_Cup_squads,2026-05-31
Curaçao,Tyrick Bodak,GK,2002-05-15,24,4,0,Telstar,official_squad,https://en.wikipedia.org/wiki/2026_FIFA_World_Cup_squads,2026-05-31
Curaçao,Trevor Doornbusch,GK,1999-07-06,26,7,0,VVV-Venlo,official_squad,https://en.wikipedia.org/wiki/2026_FIFA_World_Cup_squads,2026-05-31
Czech Republic,Matěj Kovář,GK,2000-05-17,26,19,0,PSV Eindhoven,provisional_squad,https://en.wikipedia.org/wiki/2026_FIFA_World_Cup_squads,2026-05-31
Czech Republic,Jindřich Staněk,GK,1996-04-27,30,14,0,Slavia Prague,provisional_squad,https://en.wikipedia.org/wiki/2026_FIFA_World_Cup_squads,2026-05-31
Czech Republic,Lukáš Horníček,GK,2002-07-13,23,0,0,Braga,provisional_squad,https://en.wikipedia.org/wiki/2026_FIFA_World_Cup_squads,2026-05-31
Czech Republic,Vladimír Coufal,DF,1992-08-22,33,61,2,TSG Hoffenheim,provisional_squad,https://en.wikipedia.org/wiki/2026_FIFA_World_Cup_squads,2026-05-31
Czech Republic,Tomáš Holeš,DF,1993-03-31,33,39,2,Slavia Prague,provisional_squad,https://en.wikipedia.org/wiki/2026_FIFA_World_Cup_squads,2026-05-31
Czech Republic,Ladislav Krejčí,DF,1999-04-20,27,25,5,Wolverhampton Wanderers,provisional_squad,https://en.wikipedia.org/wiki/2026_FIFA_World_Cup_squads,2026-05-31
Czech Republic,David Zima,DF,2000-11-08,25,24,1,Slavia Prague,provisional_squad,https://en.wikipedia.org/wiki/2026_FIFA_World_Cup_squads,2026-05-31
Czech Republic,Jaroslav Zelený,DF,1992-08-20,33,21,0,Sparta Prague,provisional_squad,https://en.wikipedia.org/wiki/2026_FIFA_World_Cup_squads,2026-05-31
Czech Republic,David Jurásek,DF,2000-08-07,25,16,1,Slavia Prague,provisional_squad,https://en.wikipedia.org/wiki/2026_FIFA_World_Cup_squads,2026-05-31
Czech Republic,David Douděra,DF,1998-05-31,28,15,2,Slavia Prague,provisional_squad,https://en.wikipedia.org/wiki/2026_FIFA_World_Cup_squads,2026-05-31
Czech Republic,Robin Hranáč,DF,2000-01-29,26,12,1,TSG Hoffenheim,provisional_squad,https://en.wikipedia.org/wiki/2026_FIFA_World_Cup_squads,2026-05-31
Czech Republic,Štěpán Chaloupek,DF,2003-03-08,23,3,0,Slavia Prague,provisional_squad,https://en.wikipedia.org/wiki/2026_FIFA_World_Cup_squads,2026-05-31
Czech Republic,Tomáš Souček,MF,1995-02-27,31,89,17,West Ham United,provisional_squad,https://en.wikipedia.org/wiki/2026_FIFA_World_Cup_squads,2026-05-31
Czech Republic,Vladimír Darida,MF,1990-08-08,35,78,8,Hradec Králové,provisional_squad,https://en.wikipedia.org/wiki/2026_FIFA_World_Cup_squads,2026-05-31
Czech Republic,Lukáš Provod,MF,1996-10-23,29,37,3,Slavia Prague,provisional_squad,https://en.wikipedia.org/wiki/2026_FIFA_World_Cup_squads,2026-05-31
Czech Republic,Michal Sadílek,MF,1999-05-31,27,33,1,Slavia Prague,provisional_squad,https://en.wikipedia.org/wiki/2026_FIFA_World_Cup_squads,2026-05-31
Czech Republic,Pavel Šulc,MF,2000-12-29,25,20,5,Lyon,provisional_squad,https://en.wikipedia.org/wiki/2026_FIFA_World_Cup_squads,2026-05-31
Czech Republic,Lukáš Červ,MF,2001-04-10,25,15,2,Viktoria Plzeň,provisional_squad,https://en.wikipedia.org/wiki/2026_FIFA_World_Cup_squads,2026-05-31
Czech Republic,Tomáš Ladra,MF,1997-05-24,29,1,0,Viktoria Plzeň,provisional_squad,https://en.wikipedia.org/wiki/2026_FIFA_World_Cup_squads,2026-05-31
Czech Republic,Pavel Bucha,MF,1998-03-11,28,0,0,FC Cincinnati,provisional_squad,https://en.wikipedia.org/wiki/2026_FIFA_World_Cup_squads,2026-05-31
Czech Republic,Hugo Sochůrek,MF,2008-06-07,18,0,0,Sparta Prague,provisional_squad,https://en.wikipedia.org/wiki/2026_FIFA_World_Cup_squads,2026-05-31
Czech Republic,Alexandr Sojka,MF,2003-04-02,23,0,0,Viktoria Plzeň,provisional_squad,https://en.wikipedia.org/wiki/2026_FIFA_World_Cup_squads,2026-05-31
Czech Republic,Denis Višinský,MF,2003-03-21,23,0,0,Viktoria Plzeň,provisional_squad,https://en.wikipedia.org/wiki/2026_FIFA_World_Cup_squads,2026-05-31
Czech Republic,Patrik Schick,FW,1996-01-24,30,52,25,Bayer Leverkusen,provisional_squad,https://en.wikipedia.org/wiki/2026_FIFA_World_Cup_squads,2026-05-31
Czech Republic,Adam Hložek,FW,2002-07-25,23,41,4,TSG Hoffenheim,provisional_squad,https://en.wikipedia.org/wiki/2026_FIFA_World_Cup_squads,2026-05-31
Czech Republic,Jan Kuchta,FW,1997-01-08,29,30,3,Sparta Prague,provisional_squad,https://en.wikipedia.org/wiki/2026_FIFA_World_Cup_squads,2026-05-31
Czech Republic,Tomáš Chorý,FW,1995-01-26,31,21,6,Slavia Prague,provisional_squad,https://en.wikipedia.org/wiki/2026_FIFA_World_Cup_squads,2026-05-31
Czech Republic,Mojmír Chytil,FW,1999-04-29,27,21,6,Slavia Prague,provisional_squad,https://en.wikipedia.org/wiki/2026_FIFA_World_Cup_squads,2026-05-31
Czech Republic,Christophe Kabongo,FW,2003-08-27,22,0,0,Mladá Boleslav,provisional_squad,https://en.wikipedia.org/wiki/2026_FIFA_World_Cup_squads,2026-05-31
DR Congo,Lionel Mpasi,GK,1994-08-01,31,27,0,Le Havre,official_squad,https://en.wikipedia.org/wiki/2026_FIFA_World_Cup_squads,2026-05-31
DR Congo,Timothy Fayulu,GK,1999-07-24,26,3,0,Noah,official_squad,https://en.wikipedia.org/wiki/2026_FIFA_World_Cup_squads,2026-05-31
DR Congo,Matthieu Epolo,GK,2005-01-15,21,1,0,Standard Liège,official_squad,https://en.wikipedia.org/wiki/2026_FIFA_World_Cup_squads,2026-05-31
DR Congo,Chancel Mbemba,DF,1994-08-08,31,107,7,Lille,official_squad,https://en.wikipedia.org/wiki/2026_FIFA_World_Cup_squads,2026-05-31
DR Congo,Arthur Masuaku,DF,1993-11-07,32,44,4,Lens,official_squad,https://en.wikipedia.org/wiki/2026_FIFA_World_Cup_squads,2026-05-31
DR Congo,Gédéon Kalulu,DF,1997-08-29,28,27,0,Aris Limassol,official_squad,https://en.wikipedia.org/wiki/2026_FIFA_World_Cup_squads,2026-05-31
DR Congo,Joris Kayembe,DF,1994-08-08,31,24,0,Genk,official_squad,https://en.wikipedia.org/wiki/2026_FIFA_World_Cup_squads,2026-05-31
DR Congo,Dylan Batubinsika,DF,1996-02-15,30,14,1,AEL,official_squad,https://en.wikipedia.org/wiki/2026_FIFA_World_Cup_squads,2026-05-31
DR Congo,Axel Tuanzebe,DF,1997-11-14,28,12,1,Burnley,official_squad,https://en.wikipedia.org/wiki/2026_FIFA_World_Cup_squads,2026-05-31
DR Congo,Aaron Wan-Bissaka,DF,1997-11-26,28,10,0,West Ham United,official_squad,https://en.wikipedia.org/wiki/2026_FIFA_World_Cup_squads,2026-05-31
DR Congo,Steve Kapuadi,DF,1998-04-30,28,3,0,Widzew Łódź,official_squad,https://en.wikipedia.org/wiki/2026_FIFA_World_Cup_squads,2026-05-31
DR Congo,Samuel Moutoussamy,MF,1996-08-12,29,56,0,Atromitos,official_squad,https://en.wikipedia.org/wiki/2026_FIFA_World_Cup_squads,2026-05-31
DR Congo,Edo Kayembe,MF,1998-06-03,28,41,2,Watford,official_squad,https://en.wikipedia.org/wiki/2026_FIFA_World_Cup_squads,2026-05-31
DR Congo,Charles Pickel,MF,1997-05-15,29,33,1,Espanyol,official_squad,https://en.wikipedia.org/wiki/2026_FIFA_World_Cup_squads,2026-05-31
DR Congo,Gaël Kakuta,MF,1991-06-21,34,30,5,AEL,official_squad,https://en.wikipedia.org/wiki/2026_FIFA_World_Cup_squads,2026-05-31
DR Congo,Noah Sadiki,MF,2004-12-17,21,18,0,Sunderland,official_squad,https://en.wikipedia.org/wiki/2026_FIFA_World_Cup_squads,2026-05-31
DR Congo,Aaron Tshibola,MF,1995-01-02,31,16,1,Kilmarnock,official_squad,https://en.wikipedia.org/wiki/2026_FIFA_World_Cup_squads,2026-05-31
DR Congo,Ngal'ayel Mukau,MF,2004-11-03,21,12,0,Lille,official_squad,https://en.wikipedia.org/wiki/2026_FIFA_World_Cup_squads,2026-05-31
DR Congo,Brian Cipenga,MF,1998-03-11,28,7,0,Castellón,official_squad,https://en.wikipedia.org/wiki/2026_FIFA_World_Cup_squads,2026-05-31
DR Congo,Cédric Bakambu,FW,1991-04-11,35,68,21,Real Betis,official_squad,https://en.wikipedia.org/wiki/2026_FIFA_World_Cup_squads,2026-05-31
DR Congo,Meschak Elia,FW,1997-08-06,28,68,12,Alanyaspor,official_squad,https://en.wikipedia.org/wiki/2026_FIFA_World_Cup_squads,2026-05-31
DR Congo,Théo Bongonda,FW,1995-11-20,30,37,7,Spartak Moscow,official_squad,https://en.wikipedia.org/wiki/2026_FIFA_World_Cup_squads,2026-05-31
DR Congo,Fiston Mayele,FW,1994-06-24,31,37,6,Pyramids,official_squad,https://en.wikipedia.org/wiki/2026_FIFA_World_Cup_squads,2026-05-31
DR Congo,Yoane Wissa,FW,1996-09-03,29,36,9,Newcastle United,official_squad,https://en.wikipedia.org/wiki/2026_FIFA_World_Cup_squads,2026-05-31
DR Congo,Nathanaël Mbuku,FW,2002-03-16,24,17,2,Montpellier,official_squad,https://en.wikipedia.org/wiki/2026_FIFA_World_Cup_squads,2026-05-31
DR Congo,Simon Banza,FW,1996-08-13,29,14,2,Al Jazira,official_squad,https://en.wikipedia.org/wiki/2026_FIFA_World_Cup_squads,2026-05-31
Egypt,Mohamed El Shenawy,GK,1988-12-18,37,76,0,Al Ahly,official_squad,https://en.wikipedia.org/wiki/2026_FIFA_World_Cup_squads,2026-05-31
Egypt,Mostafa Shobeir,GK,2000-03-17,26,8,0,Al Ahly,official_squad,https://en.wikipedia.org/wiki/2026_FIFA_World_Cup_squads,2026-05-31
Egypt,Mohamed Alaa,GK,1999-01-09,27,0,0,El Gouna,official_squad,https://en.wikipedia.org/wiki/2026_FIFA_World_Cup_squads,2026-05-31
Egypt,El Mahdy Soliman,GK,1987-06-08,39,0,0,Zamalek,official_squad,https://en.wikipedia.org/wiki/2026_FIFA_World_Cup_squads,2026-05-31
Egypt,Hamdy Fathy,DF,1994-09-29,31,62,3,Al-Wakrah,official_squad,https://en.wikipedia.org/wiki/2026_FIFA_World_Cup_squads,2026-05-31
Egypt,Ramy Rabia,DF,1993-05-20,33,44,5,Al Ain,official_squad,https://en.wikipedia.org/wiki/2026_FIFA_World_Cup_squads,2026-05-31
Egypt,Mohamed Hany,DF,1996-01-25,30,41,0,Al Ahly,official_squad,https://en.wikipedia.org/wiki/2026_FIFA_World_Cup_squads,2026-05-31
Egypt,Ahmed Fatouh,DF,1998-03-22,28,38,1,Zamalek,official_squad,https://en.wikipedia.org/wiki/2026_FIFA_World_Cup_squads,2026-05-31
Egypt,Mohamed Abdelmonem,DF,1999-02-01,27,35,3,Nice,official_squad,https://en.wikipedia.org/wiki/2026_FIFA_World_Cup_squads,2026-05-31
Egypt,Yasser Ibrahim,DF,1993-02-10,33,16,1,Al Ahly,official_squad,https://en.wikipedia.org/wiki/2026_FIFA_World_Cup_squads,2026-05-31
Egypt,Hossam Abdelmaguid,DF,2001-04-30,25,13,0,Zamalek,official_squad,https://en.wikipedia.org/wiki/2026_FIFA_World_Cup_squads,2026-05-31
Egypt,Karim Hafez,DF,1996-03-12,30,8,0,Pyramids,official_squad,https://en.wikipedia.org/wiki/2026_FIFA_World_Cup_squads,2026-05-31
Egypt,Tarek Alaa,DF,2002-01-05,24,2,0,ZED,official_squad,https://en.wikipedia.org/wiki/2026_FIFA_World_Cup_squads,2026-05-31
Egypt,Marwan Attia,MF,1998-08-12,27,33,1,Al Ahly,official_squad,https://en.wikipedia.org/wiki/2026_FIFA_World_Cup_squads,2026-05-31
Egypt,Emam Ashour,MF,1998-02-20,28,28,0,Al Ahly,official_squad,https://en.wikipedia.org/wiki/2026_FIFA_World_Cup_squads,2026-05-31
Egypt,Mohanad Lasheen,MF,1996-05-29,30,22,0,Pyramids,official_squad,https://en.wikipedia.org/wiki/2026_FIFA_World_Cup_squads,2026-05-31
Egypt,Mahmoud Saber,MF,2001-07-30,24,15,1,ZED,official_squad,https://en.wikipedia.org/wiki/2026_FIFA_World_Cup_squads,2026-05-31
Egypt,Nabil Emad,MF,1996-04-06,30,12,0,Al-Najma,official_squad,https://en.wikipedia.org/wiki/2026_FIFA_World_Cup_squads,2026-05-31
Egypt,Mostafa Ziko,MF,1997-04-27,29,1,1,Pyramids,official_squad,https://en.wikipedia.org/wiki/2026_FIFA_World_Cup_squads,2026-05-31
Egypt,Mohamed Salah,FW,1992-06-15,33,116,67,Liverpool,official_squad,https://en.wikipedia.org/wiki/2026_FIFA_World_Cup_squads,2026-05-31
Egypt,Trézéguet,FW,1994-10-01,31,95,23,Al Ahly,official_squad,https://en.wikipedia.org/wiki/2026_FIFA_World_Cup_squads,2026-05-31
Egypt,Zizo,FW,1996-01-10,30,62,5,Al Ahly,official_squad,https://en.wikipedia.org/wiki/2026_FIFA_World_Cup_squads,2026-05-31
Egypt,Omar Marmoush,FW,1999-02-07,27,48,11,Manchester City,official_squad,https://en.wikipedia.org/wiki/2026_FIFA_World_Cup_squads,2026-05-31
Egypt,Ibrahim Adel,FW,2001-04-23,25,23,3,Nordsjælland,official_squad,https://en.wikipedia.org/wiki/2026_FIFA_World_Cup_squads,2026-05-31
Egypt,Haissem Hassan,FW,2002-02-08,24,3,0,Oviedo,official_squad,https://en.wikipedia.org/wiki/2026_FIFA_World_Cup_squads,2026-05-31
Egypt,Hamza Abdelkarim,FW,2008-01-01,18,1,0,Barcelona B,official_squad,https://en.wikipedia.org/wiki/2026_FIFA_World_Cup_squads,2026-05-31
England,Jordan Pickford,GK,1994-03-07,32,82,0,Everton,official_squad,https://en.wikipedia.org/wiki/2026_FIFA_World_Cup_squads,2026-05-31
England,Dean Henderson,GK,1997-03-12,29,4,0,Crystal Palace,official_squad,https://en.wikipedia.org/wiki/2026_FIFA_World_Cup_squads,2026-05-31
England,James Trafford,GK,2002-10-10,23,1,0,Manchester City,official_squad,https://en.wikipedia.org/wiki/2026_FIFA_World_Cup_squads,2026-05-31
England,John Stones,DF,1994-05-28,32,87,3,Manchester City,official_squad,https://en.wikipedia.org/wiki/2026_FIFA_World_Cup_squads,2026-05-31
England,Marc Guéhi,DF,2000-07-13,25,27,1,Manchester City,official_squad,https://en.wikipedia.org/wiki/2026_FIFA_World_Cup_squads,2026-05-31
England,Reece James,DF,1999-12-08,26,22,1,Chelsea,official_squad,https://en.wikipedia.org/wiki/2026_FIFA_World_Cup_squads,2026-05-31
England,Ezri Konsa,DF,1997-10-23,28,18,1,Aston Villa,official_squad,https://en.wikipedia.org/wiki/2026_FIFA_World_Cup_squads,2026-05-31
England,Dan Burn,DF,1992-05-09,34,6,0,Newcastle United,official_squad,https://en.wikipedia.org/wiki/2026_FIFA_World_Cup_squads,2026-05-31
England,Tino Livramento,DF,2002-11-12,23,5,0,Newcastle United,official_squad,https://en.wikipedia.org/wiki/2026_FIFA_World_Cup_squads,2026-05-31
England,Djed Spence,DF,2000-08-09,25,4,0,Tottenham Hotspur,official_squad,https://en.wikipedia.org/wiki/2026_FIFA_World_Cup_squads,2026-05-31
England,Nico O'Reilly,DF,2005-03-21,21,3,0,Manchester City,official_squad,https://en.wikipedia.org/wiki/2026_FIFA_World_Cup_squads,2026-05-31
England,Jarell Quansah,DF,2003-01-29,23,1,0,Bayer Leverkusen,official_squad,https://en.wikipedia.org/wiki/2026_FIFA_World_Cup_squads,2026-05-31
England,Jordan Henderson,MF,1990-06-17,35,89,3,Brentford,official_squad,https://en.wikipedia.org/wiki/2026_FIFA_World_Cup_squads,2026-05-31
England,Declan Rice,MF,1999-01-14,27,72,6,Arsenal,official_squad,https://en.wikipedia.org/wiki/2026_FIFA_World_Cup_squads,2026-05-31
England,Jude Bellingham,MF,2003-06-29,22,46,6,Real Madrid,official_squad,https://en.wikipedia.org/wiki/2026_FIFA_World_Cup_squads,2026-05-31
England,Morgan Rogers,MF,2002-07-26,23,13,1,Aston Villa,official_squad,https://en.wikipedia.org/wiki/2026_FIFA_World_Cup_squads,2026-05-31
England,Kobbie Mainoo,MF,2005-04-19,21,12,0,Manchester United,official_squad,https://en.wikipedia.org/wiki/2026_FIFA_World_Cup_squads,2026-05-31
England,Elliot Anderson,MF,2002-11-06,23,7,0,Nottingham Forest,official_squad,https://en.wikipedia.org/wiki/2026_FIFA_World_Cup_squads,2026-05-31
England,Harry Kane,FW,1993-07-28,32,112,78,Bayern Munich,official_squad,https://en.wikipedia.org/wiki/2026_FIFA_World_Cup_squads,2026-05-31
England,Marcus Rashford,FW,1997-10-31,28,70,18,Barcelona,official_squad,https://en.wikipedia.org/wiki/2026_FIFA_World_Cup_squads,2026-05-31
England,Bukayo Saka,FW,2001-09-05,24,48,14,Arsenal,official_squad,https://en.wikipedia.org/wiki/2026_FIFA_World_Cup_squads,2026-05-31
England,Ollie Watkins,FW,1995-12-30,30,20,6,Aston Villa,official_squad,https://en.wikipedia.org/wiki/2026_FIFA_World_Cup_squads,2026-05-31
England,Anthony Gordon,FW,2001-02-24,25,17,2,Newcastle United,official_squad,https://en.wikipedia.org/wiki/2026_FIFA_World_Cup_squads,2026-05-31
England,Eberechi Eze,FW,1998-06-29,27,16,3,Arsenal,official_squad,https://en.wikipedia.org/wiki/2026_FIFA_World_Cup_squads,2026-05-31
England,Noni Madueke,FW,2002-03-10,24,10,1,Arsenal,official_squad,https://en.wikipedia.org/wiki/2026_FIFA_World_Cup_squads,2026-05-31
England,Ivan Toney,FW,1996-03-16,30,7,1,Al-Ahli,official_squad,https://en.wikipedia.org/wiki/2026_FIFA_World_Cup_squads,2026-05-31
France,Brice Samba,GK,1994-04-25,32,4,0,Rennes,official_squad,https://en.wikipedia.org/wiki/2026_FIFA_World_Cup_squads,2026-05-31
France,Malo Gusto,DF,2003-05-19,23,9,0,Chelsea,official_squad,https://en.wikipedia.org/wiki/2026_FIFA_World_Cup_squads,2026-05-31
France,Lucas Digne,DF,1993-07-20,32,56,0,Aston Villa,official_squad,https://en.wikipedia.org/wiki/2026_FIFA_World_Cup_squads,2026-05-31
France,Dayot Upamecano,DF,1998-10-27,27,36,2,Bayern Munich,official_squad,https://en.wikipedia.org/wiki/2026_FIFA_World_Cup_squads,2026-05-31
France,Jules Koundé,DF,1998-11-12,27,46,0,Barcelona,official_squad,https://en.wikipedia.org/wiki/2026_FIFA_World_Cup_squads,2026-05-31
France,Manu Koné,MF,2001-05-17,25,12,0,Roma,official_squad,https://en.wikipedia.org/wiki/2026_FIFA_World_Cup_squads,2026-05-31
France,Ousmane Dembélé,FW,1997-05-15,29,58,7,Paris Saint-Germain,official_squad,https://en.wikipedia.org/wiki/2026_FIFA_World_Cup_squads,2026-05-31
France,Aurélien Tchouaméni,MF,2000-01-27,26,44,3,Real Madrid,official_squad,https://en.wikipedia.org/wiki/2026_FIFA_World_Cup_squads,2026-05-31
France,Marcus Thuram,FW,1997-08-06,28,33,3,Inter Milan,official_squad,https://en.wikipedia.org/wiki/2026_FIFA_World_Cup_squads,2026-05-31
France,Kylian Mbappé,FW,1998-12-20,27,96,56,Real Madrid,official_squad,https://en.wikipedia.org/wiki/2026_FIFA_World_Cup_squads,2026-05-31
France,Michael Olise,FW,2001-12-12,24,15,4,Bayern Munich,official_squad,https://en.wikipedia.org/wiki/2026_FIFA_World_Cup_squads,2026-05-31
France,Bradley Barcola,FW,2002-09-02,23,18,3,Paris Saint-Germain,official_squad,https://en.wikipedia.org/wiki/2026_FIFA_World_Cup_squads,2026-05-31
France,N'Golo Kanté,MF,1991-03-29,35,67,2,Fenerbahçe,official_squad,https://en.wikipedia.org/wiki/2026_FIFA_World_Cup_squads,2026-05-31
France,Adrien Rabiot,MF,1995-04-03,31,57,7,Milan,official_squad,https://en.wikipedia.org/wiki/2026_FIFA_World_Cup_squads,2026-05-31
France,Ibrahima Konaté,DF,1999-05-25,27,27,0,Liverpool,official_squad,https://en.wikipedia.org/wiki/2026_FIFA_World_Cup_squads,2026-05-31
France,Mike Maignan,GK,1995-07-03,30,38,0,Milan,official_squad,https://en.wikipedia.org/wiki/2026_FIFA_World_Cup_squads,2026-05-31
France,William Saliba,DF,2001-03-24,25,31,0,Arsenal,official_squad,https://en.wikipedia.org/wiki/2026_FIFA_World_Cup_squads,2026-05-31
France,Warren Zaïre-Emery,MF,2006-03-08,20,10,1,Paris Saint-Germain,official_squad,https://en.wikipedia.org/wiki/2026_FIFA_World_Cup_squads,2026-05-31
France,Théo Hernandez,DF,1997-10-06,28,42,2,Al-Hilal,official_squad,https://en.wikipedia.org/wiki/2026_FIFA_World_Cup_squads,2026-05-31
France,Désiré Doué,FW,2005-06-03,21,6,2,Paris Saint-Germain,official_squad,https://en.wikipedia.org/wiki/2026_FIFA_World_Cup_squads,2026-05-31
France,Lucas Hernandez,DF,1996-02-14,30,41,0,Paris Saint-Germain,official_squad,https://en.wikipedia.org/wiki/2026_FIFA_World_Cup_squads,2026-05-31
France,Jean-Philippe Mateta,FW,1997-06-28,28,3,2,Crystal Palace,official_squad,https://en.wikipedia.org/wiki/2026_FIFA_World_Cup_squads,2026-05-31
France,Robin Risser,GK,2004-12-02,21,0,0,Lens,official_squad,https://en.wikipedia.org/wiki/2026_FIFA_World_Cup_squads,2026-05-31
France,Rayan Cherki,FW,2003-08-17,22,5,1,Manchester City,official_squad,https://en.wikipedia.org/wiki/2026_FIFA_World_Cup_squads,2026-05-31
France,Maghnes Akliouche,FW,2002-02-25,24,7,1,Monaco,official_squad,https://en.wikipedia.org/wiki/2026_FIFA_World_Cup_squads,2026-05-31
France,Maxence Lacroix,DF,2000-04-06,26,2,0,Crystal Palace,official_squad,https://en.wikipedia.org/wiki/2026_FIFA_World_Cup_squads,2026-05-31
Germany,Manuel Neuer,GK,1986-03-27,40,124,0,Bayern Munich,official_squad,https://en.wikipedia.org/wiki/2026_FIFA_World_Cup_squads,2026-05-31
Germany,Antonio Rüdiger,DF,1993-03-03,33,82,3,Real Madrid,official_squad,https://en.wikipedia.org/wiki/2026_FIFA_World_Cup_squads,2026-05-31
Germany,Waldemar Anton,DF,1996-07-20,29,12,0,Borussia Dortmund,official_squad,https://en.wikipedia.org/wiki/2026_FIFA_World_Cup_squads,2026-05-31
Germany,Jonathan Tah,DF,1996-02-11,30,45,1,Bayern Munich,official_squad,https://en.wikipedia.org/wiki/2026_FIFA_World_Cup_squads,2026-05-31
Germany,Aleksandar Pavlović,MF,2004-05-03,22,9,1,Bayern Munich,official_squad,https://en.wikipedia.org/wiki/2026_FIFA_World_Cup_squads,2026-05-31
Germany,Joshua Kimmich,MF,1995-02-08,31,108,10,Bayern Munich,official_squad,https://en.wikipedia.org/wiki/2026_FIFA_World_Cup_squads,2026-05-31
Germany,Kai Havertz,FW,1999-06-11,27,57,21,Arsenal,official_squad,https://en.wikipedia.org/wiki/2026_FIFA_World_Cup_squads,2026-05-31
Germany,Leon Goretzka,MF,1995-02-06,31,69,15,Bayern Munich,official_squad,https://en.wikipedia.org/wiki/2026_FIFA_World_Cup_squads,2026-05-31
Germany,Jamie Leweling,MF,2001-02-26,25,4,1,VfB Stuttgart,official_squad,https://en.wikipedia.org/wiki/2026_FIFA_World_Cup_squads,2026-05-31
Germany,Jamal Musiala,MF,2003-02-26,23,40,8,Bayern Munich,official_squad,https://en.wikipedia.org/wiki/2026_FIFA_World_Cup_squads,2026-05-31
Germany,Nick Woltemade,FW,2002-02-14,24,10,4,Newcastle United,official_squad,https://en.wikipedia.org/wiki/2026_FIFA_World_Cup_squads,2026-05-31
Germany,Oliver Baumann,GK,1990-06-02,36,11,0,TSG Hoffenheim,official_squad,https://en.wikipedia.org/wiki/2026_FIFA_World_Cup_squads,2026-05-31
Germany,Pascal Groß,MF,1991-06-15,34,18,1,Brighton & Hove Albion,official_squad,https://en.wikipedia.org/wiki/2026_FIFA_World_Cup_squads,2026-05-31
Germany,Maximilian Beier,FW,2002-10-17,23,7,0,Borussia Dortmund,official_squad,https://en.wikipedia.org/wiki/2026_FIFA_World_Cup_squads,2026-05-31
Germany,Nico Schlotterbeck,DF,1999-12-01,26,25,0,Borussia Dortmund,official_squad,https://en.wikipedia.org/wiki/2026_FIFA_World_Cup_squads,2026-05-31
Germany,Angelo Stiller,MF,2001-04-04,25,7,0,VfB Stuttgart,official_squad,https://en.wikipedia.org/wiki/2026_FIFA_World_Cup_squads,2026-05-31
Germany,Florian Wirtz,MF,2003-05-03,23,39,10,Liverpool,official_squad,https://en.wikipedia.org/wiki/2026_FIFA_World_Cup_squads,2026-05-31
Germany,Nathaniel Brown,DF,2003-06-16,22,3,0,Eintracht Frankfurt,official_squad,https://en.wikipedia.org/wiki/2026_FIFA_World_Cup_squads,2026-05-31
Germany,Leroy Sané,MF,1996-01-11,30,74,16,Galatasaray,official_squad,https://en.wikipedia.org/wiki/2026_FIFA_World_Cup_squads,2026-05-31
Germany,Nadiem Amiri,MF,1996-10-27,29,9,1,Mainz 05,official_squad,https://en.wikipedia.org/wiki/2026_FIFA_World_Cup_squads,2026-05-31
Germany,Alexander Nübel,GK,1996-09-30,29,3,0,VfB Stuttgart,official_squad,https://en.wikipedia.org/wiki/2026_FIFA_World_Cup_squads,2026-05-31
Germany,David Raum,DF,1998-04-22,28,36,1,RB Leipzig,official_squad,https://en.wikipedia.org/wiki/2026_FIFA_World_Cup_squads,2026-05-31
Germany,Felix Nmecha,MF,2000-10-10,25,6,1,Borussia Dortmund,official_squad,https://en.wikipedia.org/wiki/2026_FIFA_World_Cup_squads,2026-05-31
Germany,Malick Thiaw,DF,2001-08-08,24,5,0,Newcastle United,official_squad,https://en.wikipedia.org/wiki/2026_FIFA_World_Cup_squads,2026-05-31
Germany,Lennart Karl,MF,2008-02-22,18,2,0,Bayern Munich,official_squad,https://en.wikipedia.org/wiki/2026_FIFA_World_Cup_squads,2026-05-31
Germany,Deniz Undav,FW,1996-07-19,29,7,4,VfB Stuttgart,official_squad,https://en.wikipedia.org/wiki/2026_FIFA_World_Cup_squads,2026-05-31
Ghana,Lawrence Ati-Zigi,GK,1996-11-29,29,28,0,St. Gallen,provisional_squad,https://en.wikipedia.org/wiki/2026_FIFA_World_Cup_squads,2026-05-31
Ghana,Benjamin Asare,GK,1992-07-13,33,10,0,Hearts of Oak,provisional_squad,https://en.wikipedia.org/wiki/2026_FIFA_World_Cup_squads,2026-05-31
Ghana,Solomon Agbasi,GK,2000-10-13,25,1,0,Hearts of Oak,provisional_squad,https://en.wikipedia.org/wiki/2026_FIFA_World_Cup_squads,2026-05-31
Ghana,Joseph Anang,GK,2000-06-08,26,1,0,St Patrick's Athletic,provisional_squad,https://en.wikipedia.org/wiki/2026_FIFA_World_Cup_squads,2026-05-31
Ghana,Paul Reverson,GK,2005-06-20,20,0,0,Jong Ajax,provisional_squad,https://en.wikipedia.org/wiki/2026_FIFA_World_Cup_squads,2026-05-31
Ghana,Abdul Rahman Baba,DF,1994-07-02,31,52,1,PAOK,provisional_squad,https://en.wikipedia.org/wiki/2026_FIFA_World_Cup_squads,2026-05-31
Ghana,Gideon Mensah,DF,1998-07-18,27,39,0,Auxerre,provisional_squad,https://en.wikipedia.org/wiki/2026_FIFA_World_Cup_squads,2026-05-31
Ghana,Alexander Djiku,DF,1994-08-09,31,38,4,Spartak Moscow,provisional_squad,https://en.wikipedia.org/wiki/2026_FIFA_World_Cup_squads,2026-05-31
Ghana,Alidu Seidu,DF,2000-06-04,26,23,1,Rennes,provisional_squad,https://en.wikipedia.org/wiki/2026_FIFA_World_Cup_squads,2026-05-31
Ghana,Jerome Opoku,DF,1998-10-14,27,10,1,İstanbul Başakşehir,provisional_squad,https://en.wikipedia.org/wiki/2026_FIFA_World_Cup_squads,2026-05-31
Ghana,Jonas Adjetey,DF,2003-12-13,22,9,0,VfL Wolfsburg,provisional_squad,https://en.wikipedia.org/wiki/2026_FIFA_World_Cup_squads,2026-05-31
Ghana,Abdul Mumin,DF,1998-06-06,28,4,0,Rayo Vallecano,provisional_squad,https://en.wikipedia.org/wiki/2026_FIFA_World_Cup_squads,2026-05-31
Ghana,Kojo Peprah Oppong,DF,2004-06-04,22,4,0,Nice,provisional_squad,https://en.wikipedia.org/wiki/2026_FIFA_World_Cup_squads,2026-05-31
Ghana,Marvin Senaya,DF,2001-01-28,25,1,0,Auxerre,provisional_squad,https://en.wikipedia.org/wiki/2026_FIFA_World_Cup_squads,2026-05-31
Ghana,Thomas Partey,MF,1993-06-13,32,56,15,Villarreal,provisional_squad,https://en.wikipedia.org/wiki/2026_FIFA_World_Cup_squads,2026-05-31
Ghana,Abdul Fatawu,MF,2004-03-08,22,27,3,Leicester City,provisional_squad,https://en.wikipedia.org/wiki/2026_FIFA_World_Cup_squads,2026-05-31
Ghana,Kamaldeen Sulemana,MF,2002-02-15,24,27,1,Atalanta,provisional_squad,https://en.wikipedia.org/wiki/2026_FIFA_World_Cup_squads,2026-05-31
Ghana,Elisha Owusu,MF,1997-11-07,28,19,0,Auxerre,provisional_squad,https://en.wikipedia.org/wiki/2026_FIFA_World_Cup_squads,2026-05-31
Ghana,Caleb Yirenkyi,MF,2006-01-15,20,10,0,Nordsjælland,provisional_squad,https://en.wikipedia.org/wiki/2026_FIFA_World_Cup_squads,2026-05-31
Ghana,Kwasi Sibo,MF,1998-06-24,27,7,0,Oviedo,provisional_squad,https://en.wikipedia.org/wiki/2026_FIFA_World_Cup_squads,2026-05-31
Ghana,Augustine Boakye,MF,2000-11-03,25,0,0,Saint-Étienne,provisional_squad,https://en.wikipedia.org/wiki/2026_FIFA_World_Cup_squads,2026-05-31
Ghana,Jordan Ayew,FW,1991-09-11,34,117,33,Leicester City,provisional_squad,https://en.wikipedia.org/wiki/2026_FIFA_World_Cup_squads,2026-05-31
Ghana,Antoine Semenyo,FW,2000-01-07,26,34,3,Manchester City,provisional_squad,https://en.wikipedia.org/wiki/2026_FIFA_World_Cup_squads,2026-05-31
Ghana,Iñaki Williams,FW,1994-06-15,31,25,2,Athletic Bilbao,provisional_squad,https://en.wikipedia.org/wiki/2026_FIFA_World_Cup_squads,2026-05-31
Ghana,Ernest Nuamah,FW,2003-11-01,22,18,4,Lyon,provisional_squad,https://en.wikipedia.org/wiki/2026_FIFA_World_Cup_squads,2026-05-31
Ghana,Christopher Bonsu Baah,FW,2004-12-14,21,8,0,Al-Qadsiah,provisional_squad,https://en.wikipedia.org/wiki/2026_FIFA_World_Cup_squads,2026-05-31
Ghana,Brandon Thomas-Asante,FW,1998-12-28,27,7,1,Coventry City,provisional_squad,https://en.wikipedia.org/wiki/2026_FIFA_World_Cup_squads,2026-05-31
Ghana,Prince Kwabena Adu,FW,2003-09-23,22,4,0,Viktoria Plzeň,provisional_squad,https://en.wikipedia.org/wiki/2026_FIFA_World_Cup_squads,2026-05-31
Haiti,Johny Placide,GK,1988-01-29,38,79,0,Bastia,official_squad,https://en.wikipedia.org/wiki/2026_FIFA_World_Cup_squads,2026-05-31
Haiti,Alexandre Pierre,GK,2001-02-25,25,14,0,Sochaux,official_squad,https://en.wikipedia.org/wiki/2026_FIFA_World_Cup_squads,2026-05-31
Haiti,Josué Duverger,GK,2000-04-27,26,6,0,Cosmos Koblenz,official_squad,https://en.wikipedia.org/wiki/2026_FIFA_World_Cup_squads,2026-05-31
Haiti,Ricardo Adé,DF,1990-05-21,36,57,2,LDU Quito,official_squad,https://en.wikipedia.org/wiki/2026_FIFA_World_Cup_squads,2026-05-31
Haiti,Carlens Arcus,DF,1996-06-28,29,51,1,Angers,official_squad,https://en.wikipedia.org/wiki/2026_FIFA_World_Cup_squads,2026-05-31
Haiti,Martin Expérience,DF,1999-03-09,27,19,0,Nancy,official_squad,https://en.wikipedia.org/wiki/2026_FIFA_World_Cup_squads,2026-05-31
Haiti,Jean-Kévin Duverne,DF,1997-07-12,28,15,1,Gent,official_squad,https://en.wikipedia.org/wiki/2026_FIFA_World_Cup_squads,2026-05-31
Haiti,Duke Lacroix,DF,1993-10-14,32,14,2,Colorado Springs Switchbacks,official_squad,https://en.wikipedia.org/wiki/2026_FIFA_World_Cup_squads,2026-05-31
Haiti,Wilguens Paugain,DF,2001-08-24,24,6,0,Zulte Waregem,official_squad,https://en.wikipedia.org/wiki/2026_FIFA_World_Cup_squads,2026-05-31
Haiti,Hannes Delcroix,DF,1999-02-28,27,5,0,Lugano,official_squad,https://en.wikipedia.org/wiki/2026_FIFA_World_Cup_squads,2026-05-31
Haiti,Keeto Thermoncy,DF,2006-03-29,20,1,0,Young Boys,official_squad,https://en.wikipedia.org/wiki/2026_FIFA_World_Cup_squads,2026-05-31
Haiti,Leverton Pierre,MF,1998-03-09,28,33,0,Vizela,official_squad,https://en.wikipedia.org/wiki/2026_FIFA_World_Cup_squads,2026-05-31
Haiti,Danley Jean Jacques,MF,2000-05-20,26,28,6,Philadelphia Union,official_squad,https://en.wikipedia.org/wiki/2026_FIFA_World_Cup_squads,2026-05-31
Haiti,Carl Sainté,MF,2002-08-09,23,25,0,El Paso Locomotive FC,official_squad,https://en.wikipedia.org/wiki/2026_FIFA_World_Cup_squads,2026-05-31
Haiti,Jean-Ricner Bellegarde,MF,1998-06-27,27,8,0,Wolverhampton Wanderers,official_squad,https://en.wikipedia.org/wiki/2026_FIFA_World_Cup_squads,2026-05-31
Haiti,Woodensky Pierre,MF,2004-12-30,21,1,0,Violette,official_squad,https://en.wikipedia.org/wiki/2026_FIFA_World_Cup_squads,2026-05-31
Haiti,Dominique Simon,MF,2000-07-29,25,0,0,Tatran Prešov,official_squad,https://en.wikipedia.org/wiki/2026_FIFA_World_Cup_squads,2026-05-31
Haiti,Duckens Nazon,FW,1994-04-07,32,76,44,Esteghlal,official_squad,https://en.wikipedia.org/wiki/2026_FIFA_World_Cup_squads,2026-05-31
Haiti,Frantzdy Pierrot,FW,1995-03-29,31,49,33,Çaykur Rizespor,official_squad,https://en.wikipedia.org/wiki/2026_FIFA_World_Cup_squads,2026-05-31
Haiti,Derrick Etienne Jr.,FW,1996-11-25,29,46,8,Toronto FC,official_squad,https://en.wikipedia.org/wiki/2026_FIFA_World_Cup_squads,2026-05-31
Haiti,Louicius Deedson,FW,2001-02-11,25,30,10,FC Dallas,official_squad,https://en.wikipedia.org/wiki/2026_FIFA_World_Cup_squads,2026-05-31
Haiti,Ruben Providence,FW,2001-07-07,24,13,2,Almere City,official_squad,https://en.wikipedia.org/wiki/2026_FIFA_World_Cup_squads,2026-05-31
Haiti,Josué Casimir,FW,2001-09-24,24,5,0,Auxerre,official_squad,https://en.wikipedia.org/wiki/2026_FIFA_World_Cup_squads,2026-05-31
Haiti,Yassin Fortuné,FW,1999-01-30,27,3,0,Vizela,official_squad,https://en.wikipedia.org/wiki/2026_FIFA_World_Cup_squads,2026-05-31
Haiti,Wilson Isidor,FW,2000-08-27,25,2,1,Sunderland,official_squad,https://en.wikipedia.org/wiki/2026_FIFA_World_Cup_squads,2026-05-31
Haiti,Lenny Joseph,FW,2000-10-12,25,0,0,Ferencváros,official_squad,https://en.wikipedia.org/wiki/2026_FIFA_World_Cup_squads,2026-05-31
Iran,Alireza Beiranvand,GK,1992-09-21,33,85,0,Tractor,provisional_squad,https://en.wikipedia.org/wiki/2026_FIFA_World_Cup_squads,2026-05-31
Iran,Payam Niazmand,GK,1995-04-06,31,15,0,Persepolis,provisional_squad,https://en.wikipedia.org/wiki/2026_FIFA_World_Cup_squads,2026-05-31
Iran,Hossein Hosseini,GK,1992-06-30,33,13,0,Sepahan,provisional_squad,https://en.wikipedia.org/wiki/2026_FIFA_World_Cup_squads,2026-05-31
Iran,Mohammad Khalife,GK,2004-08-19,21,0,0,Aluminium Arak,provisional_squad,https://en.wikipedia.org/wiki/2026_FIFA_World_Cup_squads,2026-05-31
Iran,Ehsan Hajsafi,DF,1990-02-25,36,145,7,Sepahan,provisional_squad,https://en.wikipedia.org/wiki/2026_FIFA_World_Cup_squads,2026-05-31
Iran,Milad Mohammadi,DF,1993-09-29,32,75,1,Persepolis,provisional_squad,https://en.wikipedia.org/wiki/2026_FIFA_World_Cup_squads,2026-05-31
Iran,Ramin Rezaeian,DF,1990-03-21,36,73,7,Foolad,provisional_squad,https://en.wikipedia.org/wiki/2026_FIFA_World_Cup_squads,2026-05-31
Iran,Hossein Kanaanizadegan,DF,1994-03-23,32,64,6,Persepolis,provisional_squad,https://en.wikipedia.org/wiki/2026_FIFA_World_Cup_squads,2026-05-31
Iran,Shojae Khalilzadeh,DF,1989-05-14,37,57,2,Tractor,provisional_squad,https://en.wikipedia.org/wiki/2026_FIFA_World_Cup_squads,2026-05-31
Iran,Saleh Hardani,DF,1998-12-26,27,17,1,Esteghlal,provisional_squad,https://en.wikipedia.org/wiki/2026_FIFA_World_Cup_squads,2026-05-31
Iran,Ali Nemati,DF,1996-02-07,30,16,0,Foolad,provisional_squad,https://en.wikipedia.org/wiki/2026_FIFA_World_Cup_squads,2026-05-31
Iran,Aria Yousefi,DF,2002-04-22,24,13,1,Sepahan,provisional_squad,https://en.wikipedia.org/wiki/2026_FIFA_World_Cup_squads,2026-05-31
Iran,Danial Eiri,DF,2003-10-26,22,0,0,Malavan,provisional_squad,https://en.wikipedia.org/wiki/2026_FIFA_World_Cup_squads,2026-05-31
Iran,Alireza Jahanbakhsh,MF,1993-08-11,32,98,17,Dender,provisional_squad,https://en.wikipedia.org/wiki/2026_FIFA_World_Cup_squads,2026-05-31
Iran,Saeid Ezatolahi,MF,1996-10-01,29,82,1,Shabab Al-Ahli,provisional_squad,https://en.wikipedia.org/wiki/2026_FIFA_World_Cup_squads,2026-05-31
Iran,Saman Ghoddos,MF,1993-09-06,32,67,3,Kalba,provisional_squad,https://en.wikipedia.org/wiki/2026_FIFA_World_Cup_squads,2026-05-31
Iran,Mehdi Torabi,MF,1994-09-10,31,52,7,Tractor,provisional_squad,https://en.wikipedia.org/wiki/2026_FIFA_World_Cup_squads,2026-05-31
Iran,Rouzbeh Cheshmi,MF,1993-07-24,32,40,3,Esteghlal,provisional_squad,https://en.wikipedia.org/wiki/2026_FIFA_World_Cup_squads,2026-05-31
Iran,Omid Noorafkan,MF,1997-04-09,29,40,1,Sepahan,provisional_squad,https://en.wikipedia.org/wiki/2026_FIFA_World_Cup_squads,2026-05-31
Iran,Mohammad Mohebi,MF,1998-12-20,27,36,14,Rostov,provisional_squad,https://en.wikipedia.org/wiki/2026_FIFA_World_Cup_squads,2026-05-31
Iran,Mohammad Ghorbani,MF,2001-05-21,25,15,0,Al-Wahda,provisional_squad,https://en.wikipedia.org/wiki/2026_FIFA_World_Cup_squads,2026-05-31
Iran,Amirmohammad Razzaghinia,MF,2006-04-11,20,3,0,Esteghlal,provisional_squad,https://en.wikipedia.org/wiki/2026_FIFA_World_Cup_squads,2026-05-31
Iran,Hadi Habibinejad,MF,1995-10-17,30,0,0,Chadormalou,provisional_squad,https://en.wikipedia.org/wiki/2026_FIFA_World_Cup_squads,2026-05-31
Iran,Mehdi Taremi,FW,1992-07-18,33,104,60,Olympiacos,provisional_squad,https://en.wikipedia.org/wiki/2026_FIFA_World_Cup_squads,2026-05-31
Iran,Mehdi Ghayedi,FW,1998-12-05,27,29,10,Al-Nasr,provisional_squad,https://en.wikipedia.org/wiki/2026_FIFA_World_Cup_squads,2026-05-31
Iran,Amirhossein Hosseinzadeh,FW,2000-10-30,25,17,5,Tractor,provisional_squad,https://en.wikipedia.org/wiki/2026_FIFA_World_Cup_squads,2026-05-31
Iran,Ali Alipour,FW,1995-11-11,30,13,1,Persepolis,provisional_squad,https://en.wikipedia.org/wiki/2026_FIFA_World_Cup_squads,2026-05-31
Iran,Kasra Taheri,FW,2006-08-06,19,3,0,Paykan,provisional_squad,https://en.wikipedia.org/wiki/2026_FIFA_World_Cup_squads,2026-05-31
Iran,Amirhossein Mahmoudi,FW,2006-07-12,19,2,0,Persepolis,provisional_squad,https://en.wikipedia.org/wiki/2026_FIFA_World_Cup_squads,2026-05-31
Iran,Dennis Eckert,FW,1997-01-09,29,0,0,Standard Liège,provisional_squad,https://en.wikipedia.org/wiki/2026_FIFA_World_Cup_squads,2026-05-31
Iraq,Jalal Hassan,GK,1991-05-18,35,100,0,Al-Zawraa,provisional_squad,https://en.wikipedia.org/wiki/2026_FIFA_World_Cup_squads,2026-05-31
Iraq,Fahad Talib,GK,1994-10-21,31,21,0,Al-Talaba,provisional_squad,https://en.wikipedia.org/wiki/2026_FIFA_World_Cup_squads,2026-05-31
Iraq,Ahmed Basil,GK,1996-08-19,29,14,0,Al-Shorta,provisional_squad,https://en.wikipedia.org/wiki/2026_FIFA_World_Cup_squads,2026-05-31
Iraq,Kumel Al-Rekabe,GK,2004-08-19,21,1,0,Erbil,provisional_squad,https://en.wikipedia.org/wiki/2026_FIFA_World_Cup_squads,2026-05-31
Iraq,Rebin Sulaka,DF,1992-04-12,34,54,1,Port,provisional_squad,https://en.wikipedia.org/wiki/2026_FIFA_World_Cup_squads,2026-05-31
Iraq,Manaf Younis,DF,1996-11-16,29,32,1,Al-Shorta,provisional_squad,https://en.wikipedia.org/wiki/2026_FIFA_World_Cup_squads,2026-05-31
Iraq,Merchas Doski,DF,1999-12-07,26,30,0,Viktoria Plzeň,provisional_squad,https://en.wikipedia.org/wiki/2026_FIFA_World_Cup_squads,2026-05-31
Iraq,Hussein Ali,DF,2002-03-01,24,25,1,Pogoń Szczecin,provisional_squad,https://en.wikipedia.org/wiki/2026_FIFA_World_Cup_squads,2026-05-31
Iraq,Zaid Tahseen,DF,2001-01-29,25,26,1,Pakhtakor,provisional_squad,https://en.wikipedia.org/wiki/2026_FIFA_World_Cup_squads,2026-05-31
Iraq,Frans Putros,DF,1993-07-14,32,26,0,Persib,provisional_squad,https://en.wikipedia.org/wiki/2026_FIFA_World_Cup_squads,2026-05-31
Iraq,Maitham Jabbar,DF,2000-11-10,25,20,0,Al-Zawraa,provisional_squad,https://en.wikipedia.org/wiki/2026_FIFA_World_Cup_squads,2026-05-31
Iraq,Ahmed Yahya,DF,1995-07-01,30,19,0,Al-Shorta,provisional_squad,https://en.wikipedia.org/wiki/2026_FIFA_World_Cup_squads,2026-05-31
Iraq,Mustafa Saadoon,DF,2001-05-25,25,15,0,Al-Shorta,provisional_squad,https://en.wikipedia.org/wiki/2026_FIFA_World_Cup_squads,2026-05-31
Iraq,Akam Hashim,DF,1998-08-16,27,12,1,Al-Zawraa,provisional_squad,https://en.wikipedia.org/wiki/2026_FIFA_World_Cup_squads,2026-05-31
Iraq,Ahmed Maknzi,DF,2001-09-24,24,6,0,Al-Karma,provisional_squad,https://en.wikipedia.org/wiki/2026_FIFA_World_Cup_squads,2026-05-31
Iraq,Dario Naamo,DF,2005-06-14,20,1,0,Dundee United,provisional_squad,https://en.wikipedia.org/wiki/2026_FIFA_World_Cup_squads,2026-05-31
Iraq,Ibrahim Bayesh,MF,2000-05-01,26,74,8,Al-Dhafra,provisional_squad,https://en.wikipedia.org/wiki/2026_FIFA_World_Cup_squads,2026-05-31
Iraq,Amir Al-Ammari,MF,1997-07-27,28,49,3,Cracovia,provisional_squad,https://en.wikipedia.org/wiki/2026_FIFA_World_Cup_squads,2026-05-31
Iraq,Ali Jasim,MF,2004-01-20,22,35,2,Al-Najma,provisional_squad,https://en.wikipedia.org/wiki/2026_FIFA_World_Cup_squads,2026-05-31
Iraq,Youssef Amyn,MF,2003-08-21,22,25,2,AEK Larnaca,provisional_squad,https://en.wikipedia.org/wiki/2026_FIFA_World_Cup_squads,2026-05-31
Iraq,Zidane Iqbal,MF,2003-04-27,23,23,2,Utrecht,provisional_squad,https://en.wikipedia.org/wiki/2026_FIFA_World_Cup_squads,2026-05-31
Iraq,Hasan Abdulkareem,MF,1999-01-01,27,21,1,Al-Zawraa,provisional_squad,https://en.wikipedia.org/wiki/2026_FIFA_World_Cup_squads,2026-05-31
Iraq,Marko Farji,MF,2004-03-16,22,10,0,Venezia,provisional_squad,https://en.wikipedia.org/wiki/2026_FIFA_World_Cup_squads,2026-05-31
Iraq,Karrar Nabeel,MF,1998-01-16,28,8,0,Al-Zawraa,provisional_squad,https://en.wikipedia.org/wiki/2026_FIFA_World_Cup_squads,2026-05-31
Iraq,Kevin Yakob,MF,2000-10-10,25,7,0,AGF,provisional_squad,https://en.wikipedia.org/wiki/2026_FIFA_World_Cup_squads,2026-05-31
Iraq,Aimar Sher,MF,2002-12-20,23,6,0,Sarpsborg 08,provisional_squad,https://en.wikipedia.org/wiki/2026_FIFA_World_Cup_squads,2026-05-31
Iraq,Zaid Ismail,MF,2002-01-03,24,5,0,Al-Talaba,provisional_squad,https://en.wikipedia.org/wiki/2026_FIFA_World_Cup_squads,2026-05-31
Iraq,Peter Gwargis,MF,2000-09-04,25,4,0,Duhok,provisional_squad,https://en.wikipedia.org/wiki/2026_FIFA_World_Cup_squads,2026-05-31
Iraq,Jussef Nasrawe,MF,2007-03-22,19,1,0,SV Ried,provisional_squad,https://en.wikipedia.org/wiki/2026_FIFA_World_Cup_squads,2026-05-31
Iraq,Ahmed Qasem,MF,2003-07-12,22,1,0,Nashville SC,provisional_squad,https://en.wikipedia.org/wiki/2026_FIFA_World_Cup_squads,2026-05-31
Iraq,Aymen Hussein,FW,1996-03-22,30,93,33,Al-Karma,provisional_squad,https://en.wikipedia.org/wiki/2026_FIFA_World_Cup_squads,2026-05-31
Iraq,Mohanad Ali,FW,2000-06-20,25,71,27,Dibba,provisional_squad,https://en.wikipedia.org/wiki/2026_FIFA_World_Cup_squads,2026-05-31
Iraq,Ali Al-Hamadi,FW,2002-03-01,24,18,5,Luton Town,provisional_squad,https://en.wikipedia.org/wiki/2026_FIFA_World_Cup_squads,2026-05-31
Iraq,Ali Yousif,FW,1996-01-19,30,6,1,Al-Talaba,provisional_squad,https://en.wikipedia.org/wiki/2026_FIFA_World_Cup_squads,2026-05-31
Ivory Coast,Yahia Fofana,GK,2000-08-21,25,34,0,Çaykur Rizespor,official_squad,https://en.wikipedia.org/wiki/2026_FIFA_World_Cup_squads,2026-05-31
Ivory Coast,Alban Lafont,GK,1999-01-23,27,4,0,Panathinaikos,official_squad,https://en.wikipedia.org/wiki/2026_FIFA_World_Cup_squads,2026-05-31
Ivory Coast,Mohamed Koné,GK,2002-03-07,24,0,0,Charleroi,official_squad,https://en.wikipedia.org/wiki/2026_FIFA_World_Cup_squads,2026-05-31
Ivory Coast,Ghislain Konan,DF,1995-12-27,30,53,0,Gil Vicente,official_squad,https://en.wikipedia.org/wiki/2026_FIFA_World_Cup_squads,2026-05-31
Ivory Coast,Odilon Kossounou,DF,2001-01-04,25,35,0,Atalanta,official_squad,https://en.wikipedia.org/wiki/2026_FIFA_World_Cup_squads,2026-05-31
Ivory Coast,Wilfried Singo,DF,2000-12-25,25,33,1,Galatasaray,official_squad,https://en.wikipedia.org/wiki/2026_FIFA_World_Cup_squads,2026-05-31
Ivory Coast,Evan Ndicka,DF,1999-08-20,26,28,0,Roma,official_squad,https://en.wikipedia.org/wiki/2026_FIFA_World_Cup_squads,2026-05-31
Ivory Coast,Emmanuel Agbadou,DF,1997-06-07,29,19,2,Beşiktaş,official_squad,https://en.wikipedia.org/wiki/2026_FIFA_World_Cup_squads,2026-05-31
Ivory Coast,Guéla Doué,DF,2002-10-17,23,19,2,Strasbourg,official_squad,https://en.wikipedia.org/wiki/2026_FIFA_World_Cup_squads,2026-05-31
Ivory Coast,Ousmane Diomande,DF,2003-12-04,22,14,1,Sporting CP,official_squad,https://en.wikipedia.org/wiki/2026_FIFA_World_Cup_squads,2026-05-31
Ivory Coast,Christopher Opéri,DF,1997-04-29,29,11,0,İstanbul Başakşehir,official_squad,https://en.wikipedia.org/wiki/2026_FIFA_World_Cup_squads,2026-05-31
Ivory Coast,Franck Kessié,MF,1996-12-19,29,102,15,Al-Ahli,official_squad,https://en.wikipedia.org/wiki/2026_FIFA_World_Cup_squads,2026-05-31
Ivory Coast,Jean Michaël Seri,MF,1991-07-19,34,65,4,Maribor,official_squad,https://en.wikipedia.org/wiki/2026_FIFA_World_Cup_squads,2026-05-31
Ivory Coast,Ibrahim Sangaré,MF,1997-12-02,28,57,12,Nottingham Forest,official_squad,https://en.wikipedia.org/wiki/2026_FIFA_World_Cup_squads,2026-05-31
Ivory Coast,Seko Fofana,MF,1995-05-07,31,31,7,Porto,official_squad,https://en.wikipedia.org/wiki/2026_FIFA_World_Cup_squads,2026-05-31
Ivory Coast,Christ Inao Oulaï,MF,2006-04-06,20,8,0,Trabzonspor,official_squad,https://en.wikipedia.org/wiki/2026_FIFA_World_Cup_squads,2026-05-31
Ivory Coast,Parfait Guiagon,MF,2001-02-22,25,5,0,Charleroi,official_squad,https://en.wikipedia.org/wiki/2026_FIFA_World_Cup_squads,2026-05-31
Ivory Coast,Nicolas Pépé,FW,1995-05-29,31,54,12,Villarreal,official_squad,https://en.wikipedia.org/wiki/2026_FIFA_World_Cup_squads,2026-05-31
Ivory Coast,Oumar Diakité,FW,2003-12-20,22,28,6,Cercle Brugge,official_squad,https://en.wikipedia.org/wiki/2026_FIFA_World_Cup_squads,2026-05-31
Ivory Coast,Simon Adingra,FW,2002-01-01,24,28,5,Monaco,official_squad,https://en.wikipedia.org/wiki/2026_FIFA_World_Cup_squads,2026-05-31
Ivory Coast,Evann Guessand,FW,2001-07-01,24,21,4,Crystal Palace,official_squad,https://en.wikipedia.org/wiki/2026_FIFA_World_Cup_squads,2026-05-31
Ivory Coast,Amad Diallo,FW,2002-07-11,23,18,5,Manchester United,official_squad,https://en.wikipedia.org/wiki/2026_FIFA_World_Cup_squads,2026-05-31
Ivory Coast,Yan Diomande,FW,2006-11-14,19,9,3,RB Leipzig,official_squad,https://en.wikipedia.org/wiki/2026_FIFA_World_Cup_squads,2026-05-31
Ivory Coast,Bazoumana Touré,FW,2006-03-02,20,5,2,TSG Hoffenheim,official_squad,https://en.wikipedia.org/wiki/2026_FIFA_World_Cup_squads,2026-05-31
Ivory Coast,Elye Wahi,FW,2003-01-02,23,1,0,Nice,official_squad,https://en.wikipedia.org/wiki/2026_FIFA_World_Cup_squads,2026-05-31
Ivory Coast,Ange-Yoan Bonny,FW,2003-10-25,22,0,0,Inter Milan,official_squad,https://en.wikipedia.org/wiki/2026_FIFA_World_Cup_squads,2026-05-31
Japan,Zion Suzuki,GK,2002-08-21,23,24,0,Parma,official_squad,https://en.wikipedia.org/wiki/2026_FIFA_World_Cup_squads,2026-05-31
Japan,Yukinari Sugawara,DF,2000-06-28,25,21,2,Werder Bremen,official_squad,https://en.wikipedia.org/wiki/2026_FIFA_World_Cup_squads,2026-05-31
Japan,Shōgo Taniguchi,DF,1991-07-15,34,38,1,Sint-Truiden,official_squad,https://en.wikipedia.org/wiki/2026_FIFA_World_Cup_squads,2026-05-31
Japan,Kō Itakura,DF,1997-01-27,29,40,2,Ajax,official_squad,https://en.wikipedia.org/wiki/2026_FIFA_World_Cup_squads,2026-05-31
Japan,Yūto Nagatomo,DF,1986-09-12,39,145,4,FC Tokyo,official_squad,https://en.wikipedia.org/wiki/2026_FIFA_World_Cup_squads,2026-05-31
Japan,Wataru Endo,MF,1993-02-09,33,73,4,Liverpool,official_squad,https://en.wikipedia.org/wiki/2026_FIFA_World_Cup_squads,2026-05-31
Japan,Ao Tanaka,MF,1998-09-10,27,38,8,Leeds United,official_squad,https://en.wikipedia.org/wiki/2026_FIFA_World_Cup_squads,2026-05-31
Japan,Takefusa Kubo,MF,2001-06-04,25,49,7,Real Sociedad,official_squad,https://en.wikipedia.org/wiki/2026_FIFA_World_Cup_squads,2026-05-31
Japan,Keisuke Gotō,FW,2005-06-03,21,4,0,Sint-Truiden,official_squad,https://en.wikipedia.org/wiki/2026_FIFA_World_Cup_squads,2026-05-31
Japan,Ritsu Dōan,MF,1998-06-16,27,65,11,Eintracht Frankfurt,official_squad,https://en.wikipedia.org/wiki/2026_FIFA_World_Cup_squads,2026-05-31
Japan,Daizen Maeda,FW,1997-10-20,28,27,4,Celtic,official_squad,https://en.wikipedia.org/wiki/2026_FIFA_World_Cup_squads,2026-05-31
Japan,Keisuke Ōsako,GK,1999-07-28,26,11,0,Sanfrecce Hiroshima,official_squad,https://en.wikipedia.org/wiki/2026_FIFA_World_Cup_squads,2026-05-31
Japan,Keito Nakamura,MF,2000-07-28,25,25,10,Reims,official_squad,https://en.wikipedia.org/wiki/2026_FIFA_World_Cup_squads,2026-05-31
Japan,Junya Itō,MF,1993-03-09,33,69,15,Genk,official_squad,https://en.wikipedia.org/wiki/2026_FIFA_World_Cup_squads,2026-05-31
Japan,Daichi Kamada,MF,1996-08-05,29,49,12,Crystal Palace,official_squad,https://en.wikipedia.org/wiki/2026_FIFA_World_Cup_squads,2026-05-31
Japan,Tsuyoshi Watanabe,DF,1997-02-05,29,11,0,Feyenoord,official_squad,https://en.wikipedia.org/wiki/2026_FIFA_World_Cup_squads,2026-05-31
Japan,Yuito Suzuki,FW,2001-10-25,24,6,0,SC Freiburg,official_squad,https://en.wikipedia.org/wiki/2026_FIFA_World_Cup_squads,2026-05-31
Japan,Ayase Ueda,FW,1998-08-28,27,39,16,Feyenoord,official_squad,https://en.wikipedia.org/wiki/2026_FIFA_World_Cup_squads,2026-05-31
Japan,Kōki Ogawa,FW,1997-08-08,28,15,11,NEC,official_squad,https://en.wikipedia.org/wiki/2026_FIFA_World_Cup_squads,2026-05-31
Japan,Ayumu Seko,DF,2000-06-07,26,14,0,Le Havre,official_squad,https://en.wikipedia.org/wiki/2026_FIFA_World_Cup_squads,2026-05-31
Japan,Hiroki Itō,DF,1999-05-12,27,24,1,Bayern Munich,official_squad,https://en.wikipedia.org/wiki/2026_FIFA_World_Cup_squads,2026-05-31
Japan,Takehiro Tomiyasu,DF,1998-11-05,27,43,1,Ajax,official_squad,https://en.wikipedia.org/wiki/2026_FIFA_World_Cup_squads,2026-05-31
Japan,Tomoki Hayakawa,GK,1999-03-03,27,4,0,Kashima Antlers,official_squad,https://en.wikipedia.org/wiki/2026_FIFA_World_Cup_squads,2026-05-31
Japan,Kaishū Sano,MF,2000-12-30,25,13,0,Mainz 05,official_squad,https://en.wikipedia.org/wiki/2026_FIFA_World_Cup_squads,2026-05-31
Japan,Junnosuke Suzuki,DF,2003-07-12,22,6,0,Copenhagen,official_squad,https://en.wikipedia.org/wiki/2026_FIFA_World_Cup_squads,2026-05-31
Japan,Kento Shiogai,FW,2005-03-26,21,2,0,VfL Wolfsburg,official_squad,https://en.wikipedia.org/wiki/2026_FIFA_World_Cup_squads,2026-05-31
Jordan,Yazeed Abulaila,GK,1993-01-08,33,74,0,Al-Hussein,provisional_squad,https://en.wikipedia.org/wiki/2026_FIFA_World_Cup_squads,2026-05-31
Jordan,Abdallah Al-Fakhouri,GK,2000-01-22,26,11,0,Al-Wehdat,provisional_squad,https://en.wikipedia.org/wiki/2026_FIFA_World_Cup_squads,2026-05-31
Jordan,Nour Bani Attiah,GK,1993-01-25,33,4,0,Al-Faisaly,provisional_squad,https://en.wikipedia.org/wiki/2026_FIFA_World_Cup_squads,2026-05-31
Jordan,Ahmad Al-Juaidi,GK,2001-04-09,25,0,0,Shabab Al-Ordon,provisional_squad,https://en.wikipedia.org/wiki/2026_FIFA_World_Cup_squads,2026-05-31
Jordan,Ihsan Haddad,DF,1994-02-05,32,90,2,Al-Hussein,provisional_squad,https://en.wikipedia.org/wiki/2026_FIFA_World_Cup_squads,2026-05-31
Jordan,Yazan Al-Arab,DF,1996-01-31,30,78,3,FC Seoul,provisional_squad,https://en.wikipedia.org/wiki/2026_FIFA_World_Cup_squads,2026-05-31
Jordan,Abdallah Nasib,DF,1994-02-25,32,64,3,Al-Zawraa,provisional_squad,https://en.wikipedia.org/wiki/2026_FIFA_World_Cup_squads,2026-05-31
Jordan,Saed Al-Rosan,DF,1997-02-01,29,19,2,Al-Hussein,provisional_squad,https://en.wikipedia.org/wiki/2026_FIFA_World_Cup_squads,2026-05-31
Jordan,Husam Abu Dahab,DF,2000-05-13,26,16,0,Al-Faisaly,provisional_squad,https://en.wikipedia.org/wiki/2026_FIFA_World_Cup_squads,2026-05-31
Jordan,Mo Abualnadi,DF,2001-02-08,25,16,0,Selangor,provisional_squad,https://en.wikipedia.org/wiki/2026_FIFA_World_Cup_squads,2026-05-31
Jordan,Salim Obaid,DF,1992-01-17,34,9,0,Al-Hussein,provisional_squad,https://en.wikipedia.org/wiki/2026_FIFA_World_Cup_squads,2026-05-31
Jordan,Ahmad Assaf,DF,1999-07-21,26,6,0,Al-Hussein,provisional_squad,https://en.wikipedia.org/wiki/2026_FIFA_World_Cup_squads,2026-05-31
Jordan,Anas Badawi,DF,1997-09-13,28,0,0,Al-Faisaly,provisional_squad,https://en.wikipedia.org/wiki/2026_FIFA_World_Cup_squads,2026-05-31
Jordan,Rajaei Ayed,MF,1993-07-25,32,72,0,Al-Hussein,provisional_squad,https://en.wikipedia.org/wiki/2026_FIFA_World_Cup_squads,2026-05-31
Jordan,Noor Al-Rawabdeh,MF,1997-02-24,29,66,3,Selangor,provisional_squad,https://en.wikipedia.org/wiki/2026_FIFA_World_Cup_squads,2026-05-31
Jordan,Ibrahim Sadeh,MF,2000-04-27,26,55,3,Al-Karma,provisional_squad,https://en.wikipedia.org/wiki/2026_FIFA_World_Cup_squads,2026-05-31
Jordan,Mohammad Abu Hashish,MF,1995-05-09,31,54,1,Al-Karma,provisional_squad,https://en.wikipedia.org/wiki/2026_FIFA_World_Cup_squads,2026-05-31
Jordan,Nizar Al-Rashdan,MF,1999-03-23,27,45,4,Qatar SC,provisional_squad,https://en.wikipedia.org/wiki/2026_FIFA_World_Cup_squads,2026-05-31
Jordan,Mohannad Abu Taha,MF,2003-02-02,23,27,1,Al-Quwa Al-Jawiya,provisional_squad,https://en.wikipedia.org/wiki/2026_FIFA_World_Cup_squads,2026-05-31
Jordan,Amer Jamous,MF,2002-07-03,23,18,1,Al-Zawraa,provisional_squad,https://en.wikipedia.org/wiki/2026_FIFA_World_Cup_squads,2026-05-31
Jordan,Mohammad Al-Dawoud,MF,1992-12-04,33,11,1,Al-Wehdat,provisional_squad,https://en.wikipedia.org/wiki/2026_FIFA_World_Cup_squads,2026-05-31
Jordan,Yousef Qashi,MF,2005-04-15,21,0,0,Al-Hussein,provisional_squad,https://en.wikipedia.org/wiki/2026_FIFA_World_Cup_squads,2026-05-31
Jordan,Mohammad Taha,MF,2005-07-13,20,0,0,Al-Hussein,provisional_squad,https://en.wikipedia.org/wiki/2026_FIFA_World_Cup_squads,2026-05-31
Jordan,Musa Al-Taamari,FW,1997-06-10,29,90,24,Rennes,provisional_squad,https://en.wikipedia.org/wiki/2026_FIFA_World_Cup_squads,2026-05-31
Jordan,Mahmoud Al-Mardi,FW,1993-10-06,32,87,9,Al-Hussein,provisional_squad,https://en.wikipedia.org/wiki/2026_FIFA_World_Cup_squads,2026-05-31
Jordan,Ali Olwan,FW,2000-03-26,26,64,29,Al-Sailiya,provisional_squad,https://en.wikipedia.org/wiki/2026_FIFA_World_Cup_squads,2026-05-31
Jordan,Mohammad Abu Zrayq,FW,1997-12-30,28,39,5,Raja Casablanca,provisional_squad,https://en.wikipedia.org/wiki/2026_FIFA_World_Cup_squads,2026-05-31
Jordan,Ibrahim Sabra,FW,2006-02-01,20,9,1,Lokomotiva Zagreb,provisional_squad,https://en.wikipedia.org/wiki/2026_FIFA_World_Cup_squads,2026-05-31
Jordan,Odeh Al-Fakhouri,FW,2005-11-22,20,8,0,Pyramids,provisional_squad,https://en.wikipedia.org/wiki/2026_FIFA_World_Cup_squads,2026-05-31
Jordan,Ali Azaizeh,FW,2004-04-13,22,2,0,Al-Shabab,provisional_squad,https://en.wikipedia.org/wiki/2026_FIFA_World_Cup_squads,2026-05-31
Mexico,Guillermo Ochoa,GK,1985-07-13,40,152,0,AEL Limassol,provisional_squad,https://en.wikipedia.org/wiki/2026_FIFA_World_Cup_squads,2026-05-31
Mexico,Raúl Rangel,GK,2000-02-25,26,13,0,Guadalajara,provisional_squad,https://en.wikipedia.org/wiki/2026_FIFA_World_Cup_squads,2026-05-31
Mexico,Carlos Acevedo,GK,1996-04-19,30,7,0,Santos Laguna,provisional_squad,https://en.wikipedia.org/wiki/2026_FIFA_World_Cup_squads,2026-05-31
Mexico,José Antonio Rodríguez,GK,1992-07-04,33,2,0,Tijuana,provisional_squad,https://en.wikipedia.org/wiki/2026_FIFA_World_Cup_squads,2026-05-31
Mexico,Carlos Moreno,GK,1998-01-29,28,0,0,Pachuca,provisional_squad,https://en.wikipedia.org/wiki/2026_FIFA_World_Cup_squads,2026-05-31
Mexico,Alex Padilla,GK,2003-09-01,22,0,0,Athletic Bilbao,provisional_squad,https://en.wikipedia.org/wiki/2026_FIFA_World_Cup_squads,2026-05-31
Mexico,Jesús Gallardo,DF,1994-08-15,31,120,3,Toluca,provisional_squad,https://en.wikipedia.org/wiki/2026_FIFA_World_Cup_squads,2026-05-31
Mexico,César Montes,DF,1997-02-24,29,66,4,Lokomotiv Moscow,provisional_squad,https://en.wikipedia.org/wiki/2026_FIFA_World_Cup_squads,2026-05-31
Mexico,Jorge Sánchez,DF,1997-12-10,28,58,3,PAOK,provisional_squad,https://en.wikipedia.org/wiki/2026_FIFA_World_Cup_squads,2026-05-31
Mexico,Johan Vásquez,DF,1998-10-22,27,45,2,Genoa,provisional_squad,https://en.wikipedia.org/wiki/2026_FIFA_World_Cup_squads,2026-05-31
Mexico,Israel Reyes,DF,2000-05-23,26,33,2,América,provisional_squad,https://en.wikipedia.org/wiki/2026_FIFA_World_Cup_squads,2026-05-31
Mexico,Jesús Alberto Angulo,DF,1998-01-30,28,19,0,UANL,provisional_squad,https://en.wikipedia.org/wiki/2026_FIFA_World_Cup_squads,2026-05-31
Mexico,Julián Araujo,DF,2001-08-13,24,16,0,Celtic,provisional_squad,https://en.wikipedia.org/wiki/2026_FIFA_World_Cup_squads,2026-05-31
Mexico,Mateo Chávez,DF,2004-05-11,22,9,0,AZ,provisional_squad,https://en.wikipedia.org/wiki/2026_FIFA_World_Cup_squads,2026-05-31
Mexico,Víctor Guzmán,DF,2002-03-07,24,6,0,Monterrey,provisional_squad,https://en.wikipedia.org/wiki/2026_FIFA_World_Cup_squads,2026-05-31
Mexico,Richard Ledezma,DF,2000-09-06,25,3,1,Guadalajara,provisional_squad,https://en.wikipedia.org/wiki/2026_FIFA_World_Cup_squads,2026-05-31
Mexico,Alejandro Gómez,DF,2002-01-31,24,3,0,Tijuana,provisional_squad,https://en.wikipedia.org/wiki/2026_FIFA_World_Cup_squads,2026-05-31
Mexico,Everardo López,DF,2005-03-23,21,3,0,Toluca,provisional_squad,https://en.wikipedia.org/wiki/2026_FIFA_World_Cup_squads,2026-05-31
Mexico,Bryan González,DF,2003-04-10,23,2,0,Guadalajara,provisional_squad,https://en.wikipedia.org/wiki/2026_FIFA_World_Cup_squads,2026-05-31
Mexico,Ramón Juárez,DF,2001-05-03,25,2,0,América,provisional_squad,https://en.wikipedia.org/wiki/2026_FIFA_World_Cup_squads,2026-05-31
Mexico,Edson Álvarez,MF,1997-10-24,28,97,7,Fenerbahçe,provisional_squad,https://en.wikipedia.org/wiki/2026_FIFA_World_Cup_squads,2026-05-31
Mexico,Orbelín Pineda,MF,1996-03-24,30,91,12,AEK Athens,provisional_squad,https://en.wikipedia.org/wiki/2026_FIFA_World_Cup_squads,2026-05-31
Mexico,Carlos Rodríguez,MF,1997-01-03,29,67,0,Cruz Azul,provisional_squad,https://en.wikipedia.org/wiki/2026_FIFA_World_Cup_squads,2026-05-31
Mexico,Roberto Alvarado,MF,1998-09-07,27,66,5,Guadalajara,provisional_squad,https://en.wikipedia.org/wiki/2026_FIFA_World_Cup_squads,2026-05-31
Mexico,Luis Romo,MF,1995-06-05,31,62,4,Guadalajara,provisional_squad,https://en.wikipedia.org/wiki/2026_FIFA_World_Cup_squads,2026-05-31
Mexico,Luis Chávez,MF,1996-01-15,30,44,4,Dynamo Moscow,provisional_squad,https://en.wikipedia.org/wiki/2026_FIFA_World_Cup_squads,2026-05-31
Mexico,Érick Sánchez,MF,1999-09-27,26,38,3,América,provisional_squad,https://en.wikipedia.org/wiki/2026_FIFA_World_Cup_squads,2026-05-31
Mexico,Diego Lainez,MF,2000-06-09,26,33,3,UANL,provisional_squad,https://en.wikipedia.org/wiki/2026_FIFA_World_Cup_squads,2026-05-31
Mexico,Érik Lira,MF,2000-05-08,26,24,0,Cruz Azul,provisional_squad,https://en.wikipedia.org/wiki/2026_FIFA_World_Cup_squads,2026-05-31
Mexico,Marcel Ruiz,MF,2000-10-26,25,17,0,Toluca,provisional_squad,https://en.wikipedia.org/wiki/2026_FIFA_World_Cup_squads,2026-05-31
Mexico,Efraín Álvarez,MF,2002-06-19,23,7,1,Guadalajara,provisional_squad,https://en.wikipedia.org/wiki/2026_FIFA_World_Cup_squads,2026-05-31
Mexico,Gilberto Mora,MF,2008-10-14,17,7,0,Tijuana,provisional_squad,https://en.wikipedia.org/wiki/2026_FIFA_World_Cup_squads,2026-05-31
Mexico,Brian Gutiérrez,MF,2003-06-17,22,6,2,Guadalajara,provisional_squad,https://en.wikipedia.org/wiki/2026_FIFA_World_Cup_squads,2026-05-31
Mexico,Obed Vargas,MF,2005-08-05,20,6,0,Atlético Madrid,provisional_squad,https://en.wikipedia.org/wiki/2026_FIFA_World_Cup_squads,2026-05-31
Mexico,Alexis Gutiérrez,MF,2001-02-26,25,5,0,América,provisional_squad,https://en.wikipedia.org/wiki/2026_FIFA_World_Cup_squads,2026-05-31
Mexico,Jesús Ricardo Angulo,MF,1997-02-20,29,3,1,Toluca,provisional_squad,https://en.wikipedia.org/wiki/2026_FIFA_World_Cup_squads,2026-05-31
Mexico,Kevin Castañeda,MF,1999-10-28,26,3,0,Tijuana,provisional_squad,https://en.wikipedia.org/wiki/2026_FIFA_World_Cup_squads,2026-05-31
Mexico,Álvaro Fidalgo,MF,1997-04-09,29,3,0,Real Betis,provisional_squad,https://en.wikipedia.org/wiki/2026_FIFA_World_Cup_squads,2026-05-31
Mexico,Jordán Carrillo,MF,2001-11-30,24,2,0,UNAM,provisional_squad,https://en.wikipedia.org/wiki/2026_FIFA_World_Cup_squads,2026-05-31
Mexico,Jorge Ruvalcaba,MF,2001-07-23,24,1,0,New York Red Bulls,provisional_squad,https://en.wikipedia.org/wiki/2026_FIFA_World_Cup_squads,2026-05-31
Mexico,Alexéi Domínguez,MF,2005-01-03,21,0,0,Pachuca,provisional_squad,https://en.wikipedia.org/wiki/2026_FIFA_World_Cup_squads,2026-05-31
Mexico,Jeremy Márquez,MF,2000-06-21,25,0,0,Cruz Azul,provisional_squad,https://en.wikipedia.org/wiki/2026_FIFA_World_Cup_squads,2026-05-31
Mexico,Elías Montiel,MF,2005-10-07,20,0,0,Pachuca,provisional_squad,https://en.wikipedia.org/wiki/2026_FIFA_World_Cup_squads,2026-05-31
Mexico,Raúl Jiménez,FW,1991-05-05,35,123,44,Fulham,provisional_squad,https://en.wikipedia.org/wiki/2026_FIFA_World_Cup_squads,2026-05-31
Mexico,Alexis Vega,FW,1997-11-25,28,51,7,Toluca,provisional_squad,https://en.wikipedia.org/wiki/2026_FIFA_World_Cup_squads,2026-05-31
Mexico,Santiago Giménez,FW,2001-04-18,25,47,6,Milan,provisional_squad,https://en.wikipedia.org/wiki/2026_FIFA_World_Cup_squads,2026-05-31
Mexico,César Huerta,FW,2000-12-03,25,26,3,Anderlecht,provisional_squad,https://en.wikipedia.org/wiki/2026_FIFA_World_Cup_squads,2026-05-31
Mexico,Julián Quiñones,FW,1997-03-24,29,21,2,Al-Qadsiah,provisional_squad,https://en.wikipedia.org/wiki/2026_FIFA_World_Cup_squads,2026-05-31
Mexico,Guillermo Martínez,FW,1995-03-15,31,11,3,UNAM,provisional_squad,https://en.wikipedia.org/wiki/2026_FIFA_World_Cup_squads,2026-05-31
Mexico,Germán Berterame,FW,1998-11-13,27,9,2,Inter Miami CF,provisional_squad,https://en.wikipedia.org/wiki/2026_FIFA_World_Cup_squads,2026-05-31
Mexico,Armando González,FW,2003-04-20,23,7,1,Guadalajara,provisional_squad,https://en.wikipedia.org/wiki/2026_FIFA_World_Cup_squads,2026-05-31
Morocco,Yassine Bounou,GK,1991-04-05,35,89,0,Al-Hilal,official_squad,https://en.wikipedia.org/wiki/2026_FIFA_World_Cup_squads,2026-05-31
Morocco,Munir Mohamedi,GK,1989-05-10,37,51,0,RS Berkane,official_squad,https://en.wikipedia.org/wiki/2026_FIFA_World_Cup_squads,2026-05-31
Morocco,Ahmed Reda Tagnaouti,GK,1996-04-05,30,3,0,AS FAR,official_squad,https://en.wikipedia.org/wiki/2026_FIFA_World_Cup_squads,2026-05-31
Morocco,Achraf Hakimi,DF,1998-11-04,27,95,11,Paris Saint-Germain,official_squad,https://en.wikipedia.org/wiki/2026_FIFA_World_Cup_squads,2026-05-31
Morocco,Nayef Aguerd,DF,1996-03-30,30,64,2,Marseille,official_squad,https://en.wikipedia.org/wiki/2026_FIFA_World_Cup_squads,2026-05-31
Morocco,Noussair Mazraoui,DF,1997-11-14,28,43,2,Manchester United,official_squad,https://en.wikipedia.org/wiki/2026_FIFA_World_Cup_squads,2026-05-31
Morocco,Youssef Belammari,DF,1998-09-20,27,16,0,Al Ahly,official_squad,https://en.wikipedia.org/wiki/2026_FIFA_World_Cup_squads,2026-05-31
Morocco,Anass Salah-Eddine,DF,2002-01-18,24,8,0,PSV Eindhoven,official_squad,https://en.wikipedia.org/wiki/2026_FIFA_World_Cup_squads,2026-05-31
Morocco,Chadi Riad,DF,2003-06-17,22,4,1,Crystal Palace,official_squad,https://en.wikipedia.org/wiki/2026_FIFA_World_Cup_squads,2026-05-31
Morocco,Issa Diop,DF,1997-01-09,29,2,0,Fulham,official_squad,https://en.wikipedia.org/wiki/2026_FIFA_World_Cup_squads,2026-05-31
Morocco,Zakaria El Ouahdi,DF,2001-12-31,24,2,0,Genk,official_squad,https://en.wikipedia.org/wiki/2026_FIFA_World_Cup_squads,2026-05-31
Morocco,Redouane Halhal,DF,2003-03-05,23,1,0,Mechelen,official_squad,https://en.wikipedia.org/wiki/2026_FIFA_World_Cup_squads,2026-05-31
Morocco,Sofyan Amrabat,MF,1996-08-21,29,73,0,Real Betis,official_squad,https://en.wikipedia.org/wiki/2026_FIFA_World_Cup_squads,2026-05-31
Morocco,Azzedine Ounahi,MF,2000-04-19,26,47,9,Girona,official_squad,https://en.wikipedia.org/wiki/2026_FIFA_World_Cup_squads,2026-05-31
Morocco,Bilal El Khannouss,MF,2004-05-10,22,35,3,VfB Stuttgart,official_squad,https://en.wikipedia.org/wiki/2026_FIFA_World_Cup_squads,2026-05-31
Morocco,Ismael Saibari,MF,2001-01-28,25,28,7,PSV Eindhoven,official_squad,https://en.wikipedia.org/wiki/2026_FIFA_World_Cup_squads,2026-05-31
Morocco,Neil El Aynaoui,MF,2001-07-02,24,15,2,Roma,official_squad,https://en.wikipedia.org/wiki/2026_FIFA_World_Cup_squads,2026-05-31
Morocco,Samir El Mourabet,MF,2006-08-06,19,2,0,Strasbourg,official_squad,https://en.wikipedia.org/wiki/2026_FIFA_World_Cup_squads,2026-05-31
Morocco,Ayyoub Bouaddi,MF,2007-10-02,18,1,0,Lille,official_squad,https://en.wikipedia.org/wiki/2026_FIFA_World_Cup_squads,2026-05-31
Morocco,Ayoub El Kaabi,FW,1993-06-25,32,57,22,Olympiacos,official_squad,https://en.wikipedia.org/wiki/2026_FIFA_World_Cup_squads,2026-05-31
Morocco,Soufiane Rahimi,FW,1996-06-02,30,35,11,Al Ain,official_squad,https://en.wikipedia.org/wiki/2026_FIFA_World_Cup_squads,2026-05-31
Morocco,Abde Ezzalzouli,FW,2001-12-17,24,35,2,Real Betis,official_squad,https://en.wikipedia.org/wiki/2026_FIFA_World_Cup_squads,2026-05-31
Morocco,Brahim Díaz,FW,1999-08-03,26,24,13,Real Madrid,official_squad,https://en.wikipedia.org/wiki/2026_FIFA_World_Cup_squads,2026-05-31
Morocco,Chemsdine Talbi,FW,2005-05-09,21,5,0,Sunderland,official_squad,https://en.wikipedia.org/wiki/2026_FIFA_World_Cup_squads,2026-05-31
Morocco,Gessime Yassine,FW,2005-11-22,20,3,0,Strasbourg,official_squad,https://en.wikipedia.org/wiki/2026_FIFA_World_Cup_squads,2026-05-31
Morocco,Ayoube Amaimouni,FW,2004-11-30,21,0,0,Eintracht Frankfurt,official_squad,https://en.wikipedia.org/wiki/2026_FIFA_World_Cup_squads,2026-05-31
Netherlands,Bart Verbruggen,GK,2002-08-18,23,27,0,Brighton & Hove Albion,official_squad,https://en.wikipedia.org/wiki/2026_FIFA_World_Cup_squads,2026-05-31
Netherlands,Mark Flekken,GK,1993-06-13,32,11,0,Bayer Leverkusen,official_squad,https://en.wikipedia.org/wiki/2026_FIFA_World_Cup_squads,2026-05-31
Netherlands,Robin Roefs,GK,2003-01-17,23,0,0,Sunderland,official_squad,https://en.wikipedia.org/wiki/2026_FIFA_World_Cup_squads,2026-05-31
Netherlands,Virgil van Dijk,DF,1991-07-08,34,90,12,Liverpool,official_squad,https://en.wikipedia.org/wiki/2026_FIFA_World_Cup_squads,2026-05-31
Netherlands,Denzel Dumfries,DF,1996-04-18,30,71,11,Inter Milan,official_squad,https://en.wikipedia.org/wiki/2026_FIFA_World_Cup_squads,2026-05-31
Netherlands,Nathan Aké,DF,1995-02-18,31,58,5,Manchester City,official_squad,https://en.wikipedia.org/wiki/2026_FIFA_World_Cup_squads,2026-05-31
Netherlands,Jurriën Timber,DF,2001-06-17,24,23,0,Arsenal,official_squad,https://en.wikipedia.org/wiki/2026_FIFA_World_Cup_squads,2026-05-31
Netherlands,Micky van de Ven,DF,2001-04-19,25,19,1,Tottenham Hotspur,official_squad,https://en.wikipedia.org/wiki/2026_FIFA_World_Cup_squads,2026-05-31
Netherlands,Mats Wieffer,DF,1999-11-16,26,14,1,Brighton & Hove Albion,official_squad,https://en.wikipedia.org/wiki/2026_FIFA_World_Cup_squads,2026-05-31
Netherlands,Jan Paul van Hecke,DF,2000-06-08,26,10,0,Brighton & Hove Albion,official_squad,https://en.wikipedia.org/wiki/2026_FIFA_World_Cup_squads,2026-05-31
Netherlands,Jorrel Hato,DF,2006-03-07,20,7,0,Chelsea,official_squad,https://en.wikipedia.org/wiki/2026_FIFA_World_Cup_squads,2026-05-31
Netherlands,Frenkie de Jong,MF,1997-05-12,29,64,2,Barcelona,official_squad,https://en.wikipedia.org/wiki/2026_FIFA_World_Cup_squads,2026-05-31
Netherlands,Marten de Roon,MF,1991-03-29,35,42,1,Atalanta,official_squad,https://en.wikipedia.org/wiki/2026_FIFA_World_Cup_squads,2026-05-31
Netherlands,Tijjani Reijnders,MF,1998-07-29,27,30,7,Manchester City,official_squad,https://en.wikipedia.org/wiki/2026_FIFA_World_Cup_squads,2026-05-31
Netherlands,Teun Koopmeiners,MF,1998-02-28,28,27,3,Juventus,official_squad,https://en.wikipedia.org/wiki/2026_FIFA_World_Cup_squads,2026-05-31
Netherlands,Ryan Gravenberch,MF,2002-05-16,24,25,1,Liverpool,official_squad,https://en.wikipedia.org/wiki/2026_FIFA_World_Cup_squads,2026-05-31
Netherlands,Justin Kluivert,MF,1999-05-05,27,11,0,Bournemouth,official_squad,https://en.wikipedia.org/wiki/2026_FIFA_World_Cup_squads,2026-05-31
Netherlands,Quinten Timber,MF,2001-06-17,24,10,1,Marseille,official_squad,https://en.wikipedia.org/wiki/2026_FIFA_World_Cup_squads,2026-05-31
Netherlands,Guus Til,MF,1997-12-22,28,6,1,PSV Eindhoven,official_squad,https://en.wikipedia.org/wiki/2026_FIFA_World_Cup_squads,2026-05-31
Netherlands,Memphis Depay,FW,1994-02-13,32,108,55,Corinthians,official_squad,https://en.wikipedia.org/wiki/2026_FIFA_World_Cup_squads,2026-05-31
Netherlands,Wout Weghorst,FW,1992-08-07,33,51,14,Ajax,official_squad,https://en.wikipedia.org/wiki/2026_FIFA_World_Cup_squads,2026-05-31
Netherlands,Donyell Malen,FW,1999-01-19,27,51,13,Roma,official_squad,https://en.wikipedia.org/wiki/2026_FIFA_World_Cup_squads,2026-05-31
Netherlands,Cody Gakpo,FW,1999-05-07,27,48,19,Liverpool,official_squad,https://en.wikipedia.org/wiki/2026_FIFA_World_Cup_squads,2026-05-31
Netherlands,Noa Lang,FW,1999-06-17,26,15,3,Galatasaray,official_squad,https://en.wikipedia.org/wiki/2026_FIFA_World_Cup_squads,2026-05-31
Netherlands,Brian Brobbey,FW,2002-02-01,24,10,1,Sunderland,official_squad,https://en.wikipedia.org/wiki/2026_FIFA_World_Cup_squads,2026-05-31
Netherlands,Crysencio Summerville,FW,2001-10-30,24,0,0,West Ham United,official_squad,https://en.wikipedia.org/wiki/2026_FIFA_World_Cup_squads,2026-05-31
New Zealand,Max Crocombe,GK,1993-08-12,32,22,0,Millwall,official_squad,https://en.wikipedia.org/wiki/2026_FIFA_World_Cup_squads,2026-05-31
New Zealand,Tim Payne,DF,1994-01-10,32,49,3,Wellington Phoenix,official_squad,https://en.wikipedia.org/wiki/2026_FIFA_World_Cup_squads,2026-05-31
New Zealand,Francis de Vries,DF,1994-11-28,31,18,1,Auckland FC,official_squad,https://en.wikipedia.org/wiki/2026_FIFA_World_Cup_squads,2026-05-31
New Zealand,Tyler Bindon,DF,2005-01-27,21,23,3,Sheffield United,official_squad,https://en.wikipedia.org/wiki/2026_FIFA_World_Cup_squads,2026-05-31
New Zealand,Michael Boxall,DF,1988-08-18,37,61,1,Minnesota United FC,official_squad,https://en.wikipedia.org/wiki/2026_FIFA_World_Cup_squads,2026-05-31
New Zealand,Joe Bell,MF,1999-04-27,27,31,1,Viking,official_squad,https://en.wikipedia.org/wiki/2026_FIFA_World_Cup_squads,2026-05-31
New Zealand,Matthew Garbett,MF,2002-04-13,24,35,5,Peterborough United,official_squad,https://en.wikipedia.org/wiki/2026_FIFA_World_Cup_squads,2026-05-31
New Zealand,Marko Stamenić,MF,2002-02-19,24,37,3,Swansea City,official_squad,https://en.wikipedia.org/wiki/2026_FIFA_World_Cup_squads,2026-05-31
New Zealand,Chris Wood,FW,1991-12-07,34,88,45,Nottingham Forest,official_squad,https://en.wikipedia.org/wiki/2026_FIFA_World_Cup_squads,2026-05-31
New Zealand,Sarpreet Singh,MF,1999-02-20,27,26,3,Wellington Phoenix,official_squad,https://en.wikipedia.org/wiki/2026_FIFA_World_Cup_squads,2026-05-31
New Zealand,Elijah Just,MF,2000-05-01,26,42,9,Motherwell,official_squad,https://en.wikipedia.org/wiki/2026_FIFA_World_Cup_squads,2026-05-31
New Zealand,Alex Paulsen,GK,2002-07-04,23,6,0,Lechia Gdańsk,official_squad,https://en.wikipedia.org/wiki/2026_FIFA_World_Cup_squads,2026-05-31
New Zealand,Liberato Cacace,DF,2000-09-27,25,35,1,Wrexham,official_squad,https://en.wikipedia.org/wiki/2026_FIFA_World_Cup_squads,2026-05-31
New Zealand,Alex Rufer,MF,1996-06-12,29,24,0,Wellington Phoenix,official_squad,https://en.wikipedia.org/wiki/2026_FIFA_World_Cup_squads,2026-05-31
New Zealand,Nando Pijnaker,DF,1999-02-25,27,23,0,Auckland FC,official_squad,https://en.wikipedia.org/wiki/2026_FIFA_World_Cup_squads,2026-05-31
New Zealand,Finn Surman,DF,2003-09-23,22,17,2,Portland Timbers,official_squad,https://en.wikipedia.org/wiki/2026_FIFA_World_Cup_squads,2026-05-31
New Zealand,Kosta Barbarouses,FW,1990-02-19,36,74,10,Western Sydney Wanderers,official_squad,https://en.wikipedia.org/wiki/2026_FIFA_World_Cup_squads,2026-05-31
New Zealand,Ben Waine,FW,2001-06-11,25,30,9,Port Vale,official_squad,https://en.wikipedia.org/wiki/2026_FIFA_World_Cup_squads,2026-05-31
New Zealand,Ben Old,MF,2002-08-13,23,22,2,Saint-Étienne,official_squad,https://en.wikipedia.org/wiki/2026_FIFA_World_Cup_squads,2026-05-31
New Zealand,Callum McCowatt,MF,1999-04-30,27,30,4,Silkeborg,official_squad,https://en.wikipedia.org/wiki/2026_FIFA_World_Cup_squads,2026-05-31
New Zealand,Jesse Randall,FW,2002-08-19,23,9,2,Auckland FC,official_squad,https://en.wikipedia.org/wiki/2026_FIFA_World_Cup_squads,2026-05-31
New Zealand,Michael Woud,GK,1999-01-16,27,6,0,Auckland FC,official_squad,https://en.wikipedia.org/wiki/2026_FIFA_World_Cup_squads,2026-05-31
New Zealand,Ryan Thomas,MF,1994-12-20,31,25,3,PEC Zwolle,official_squad,https://en.wikipedia.org/wiki/2026_FIFA_World_Cup_squads,2026-05-31
New Zealand,Callan Elliot,DF,1999-07-07,26,9,0,Auckland FC,official_squad,https://en.wikipedia.org/wiki/2026_FIFA_World_Cup_squads,2026-05-31
New Zealand,Lachlan Bayliss,MF,2002-07-24,23,2,0,Newcastle Jets,official_squad,https://en.wikipedia.org/wiki/2026_FIFA_World_Cup_squads,2026-05-31
New Zealand,Tommy Smith,DF,1990-03-31,36,56,2,Braintree Town,official_squad,https://en.wikipedia.org/wiki/2026_FIFA_World_Cup_squads,2026-05-31
Norway,Ørjan Nyland,GK,1990-09-10,35,69,0,Sevilla,official_squad,https://en.wikipedia.org/wiki/2026_FIFA_World_Cup_squads,2026-05-31
Norway,Morten Thorsby,MF,1996-05-05,30,30,0,Cremonese,official_squad,https://en.wikipedia.org/wiki/2026_FIFA_World_Cup_squads,2026-05-31
Norway,Kristoffer Ajer,DF,1998-04-17,28,50,2,Brentford,official_squad,https://en.wikipedia.org/wiki/2026_FIFA_World_Cup_squads,2026-05-31
Norway,Leo Østigård,DF,1999-11-28,26,36,1,Genoa,official_squad,https://en.wikipedia.org/wiki/2026_FIFA_World_Cup_squads,2026-05-31
Norway,David Møller Wolfe,DF,2002-04-23,24,20,1,Wolverhampton Wanderers,official_squad,https://en.wikipedia.org/wiki/2026_FIFA_World_Cup_squads,2026-05-31
Norway,Patrick Berg,MF,1997-11-24,28,41,0,Bodø/Glimt,official_squad,https://en.wikipedia.org/wiki/2026_FIFA_World_Cup_squads,2026-05-31
Norway,Alexander Sørloth,FW,1995-12-05,30,70,26,Atlético Madrid,official_squad,https://en.wikipedia.org/wiki/2026_FIFA_World_Cup_squads,2026-05-31
Norway,Sander Berge,MF,1998-02-14,28,64,1,Fulham,official_squad,https://en.wikipedia.org/wiki/2026_FIFA_World_Cup_squads,2026-05-31
Norway,Erling Haaland,FW,2000-07-21,25,49,55,Manchester City,official_squad,https://en.wikipedia.org/wiki/2026_FIFA_World_Cup_squads,2026-05-31
Norway,Martin Ødegaard,MF,1998-12-17,27,67,4,Arsenal,official_squad,https://en.wikipedia.org/wiki/2026_FIFA_World_Cup_squads,2026-05-31
Norway,Jørgen Strand Larsen,FW,2000-02-06,26,26,4,Crystal Palace,official_squad,https://en.wikipedia.org/wiki/2026_FIFA_World_Cup_squads,2026-05-31
Norway,Sander Tangvik,GK,2002-11-29,23,0,0,Hamburger SV,official_squad,https://en.wikipedia.org/wiki/2026_FIFA_World_Cup_squads,2026-05-31
Norway,Egil Selvik,GK,1997-07-30,28,6,0,Watford,official_squad,https://en.wikipedia.org/wiki/2026_FIFA_World_Cup_squads,2026-05-31
Norway,Fredrik Aursnes,MF,1995-12-10,30,20,1,Benfica,official_squad,https://en.wikipedia.org/wiki/2026_FIFA_World_Cup_squads,2026-05-31
Norway,Fredrik André Bjørkan,DF,1998-08-21,27,19,1,Bodø/Glimt,official_squad,https://en.wikipedia.org/wiki/2026_FIFA_World_Cup_squads,2026-05-31
Norway,Marcus Holmgren Pedersen,DF,2000-07-16,25,31,0,Torino,official_squad,https://en.wikipedia.org/wiki/2026_FIFA_World_Cup_squads,2026-05-31
Norway,Torbjørn Heggem,DF,1999-01-12,27,13,0,Bologna,official_squad,https://en.wikipedia.org/wiki/2026_FIFA_World_Cup_squads,2026-05-31
Norway,Kristian Thorstvedt,MF,1999-03-13,27,35,4,Sassuolo,official_squad,https://en.wikipedia.org/wiki/2026_FIFA_World_Cup_squads,2026-05-31
Norway,Thelo Aasgaard,MF,2002-05-02,24,6,5,Rangers,official_squad,https://en.wikipedia.org/wiki/2026_FIFA_World_Cup_squads,2026-05-31
Norway,Antonio Nusa,MF,2005-04-17,21,22,7,RB Leipzig,official_squad,https://en.wikipedia.org/wiki/2026_FIFA_World_Cup_squads,2026-05-31
Norway,Andreas Schjelderup,MF,2004-06-01,22,10,1,Benfica,official_squad,https://en.wikipedia.org/wiki/2026_FIFA_World_Cup_squads,2026-05-31
Norway,Oscar Bobb,MF,2003-07-12,22,18,2,Fulham,official_squad,https://en.wikipedia.org/wiki/2026_FIFA_World_Cup_squads,2026-05-31
Norway,Jens Petter Hauge,MF,1999-10-12,26,14,1,Bodø/Glimt,official_squad,https://en.wikipedia.org/wiki/2026_FIFA_World_Cup_squads,2026-05-31
Norway,Sondre Langås,DF,2001-02-02,25,2,0,Derby County,official_squad,https://en.wikipedia.org/wiki/2026_FIFA_World_Cup_squads,2026-05-31
Norway,Henrik Falchener,DF,2003-05-08,23,1,0,Viking,official_squad,https://en.wikipedia.org/wiki/2026_FIFA_World_Cup_squads,2026-05-31
Norway,Julian Ryerson,DF,1997-11-17,28,41,1,Borussia Dortmund,official_squad,https://en.wikipedia.org/wiki/2026_FIFA_World_Cup_squads,2026-05-31
Panama,Luis Mejía,GK,1991-03-16,35,56,0,Nacional,official_squad,https://en.wikipedia.org/wiki/2026_FIFA_World_Cup_squads,2026-05-31
Panama,Orlando Mosquera,GK,1994-12-25,31,46,0,Al-Fayha,official_squad,https://en.wikipedia.org/wiki/2026_FIFA_World_Cup_squads,2026-05-31
Panama,César Samudio,GK,1994-03-26,32,4,0,Marathón,official_squad,https://en.wikipedia.org/wiki/2026_FIFA_World_Cup_squads,2026-05-31
Panama,Eric Davis,DF,1991-03-31,35,104,9,Plaza Amador,official_squad,https://en.wikipedia.org/wiki/2026_FIFA_World_Cup_squads,2026-05-31
Panama,Fidel Escobar,DF,1995-01-09,31,96,4,Saprissa,official_squad,https://en.wikipedia.org/wiki/2026_FIFA_World_Cup_squads,2026-05-31
Panama,Michael Amir Murillo,DF,1996-02-11,30,91,9,Beşiktaş,official_squad,https://en.wikipedia.org/wiki/2026_FIFA_World_Cup_squads,2026-05-31
Panama,Roderick Miller,DF,1992-04-03,34,48,2,Turan Tovuz,official_squad,https://en.wikipedia.org/wiki/2026_FIFA_World_Cup_squads,2026-05-31
Panama,Andrés Andrade,DF,1998-10-16,27,47,1,LASK,official_squad,https://en.wikipedia.org/wiki/2026_FIFA_World_Cup_squads,2026-05-31
Panama,César Blackman,DF,1998-04-02,28,37,3,Slovan Bratislava,official_squad,https://en.wikipedia.org/wiki/2026_FIFA_World_Cup_squads,2026-05-31
Panama,José Córdoba,DF,2001-06-03,25,30,1,Norwich City,official_squad,https://en.wikipedia.org/wiki/2026_FIFA_World_Cup_squads,2026-05-31
Panama,Jiovany Ramos,DF,1997-01-26,29,20,1,Puerto Cabello,official_squad,https://en.wikipedia.org/wiki/2026_FIFA_World_Cup_squads,2026-05-31
Panama,Jorge Gutiérrez,DF,1998-09-01,27,17,0,Deportivo La Guaira,official_squad,https://en.wikipedia.org/wiki/2026_FIFA_World_Cup_squads,2026-05-31
Panama,Edgardo Fariña,DF,2001-09-21,24,15,0,Pari Nizhny Novgorod,official_squad,https://en.wikipedia.org/wiki/2026_FIFA_World_Cup_squads,2026-05-31
Panama,Aníbal Godoy,MF,1990-02-10,36,159,4,San Diego FC,official_squad,https://en.wikipedia.org/wiki/2026_FIFA_World_Cup_squads,2026-05-31
Panama,Alberto Quintero,MF,1987-12-18,38,140,7,Plaza Amador,official_squad,https://en.wikipedia.org/wiki/2026_FIFA_World_Cup_squads,2026-05-31
Panama,Yoel Bárcenas,MF,1993-10-23,32,101,10,Mazatlán,official_squad,https://en.wikipedia.org/wiki/2026_FIFA_World_Cup_squads,2026-05-31
Panama,Adalberto Carrasquilla,MF,1998-11-28,27,73,3,UNAM,official_squad,https://en.wikipedia.org/wiki/2026_FIFA_World_Cup_squads,2026-05-31
Panama,José Luis Rodríguez,MF,1998-06-19,27,67,8,Juárez,official_squad,https://en.wikipedia.org/wiki/2026_FIFA_World_Cup_squads,2026-05-31
Panama,Cristian Martínez,MF,1997-02-06,29,63,2,Ironi Kiryat Shmona,official_squad,https://en.wikipedia.org/wiki/2026_FIFA_World_Cup_squads,2026-05-31
Panama,César Yanis,MF,1996-01-28,30,55,5,Cobresal,official_squad,https://en.wikipedia.org/wiki/2026_FIFA_World_Cup_squads,2026-05-31
Panama,Carlos Harvey,MF,2000-02-03,26,25,2,Minnesota United FC,official_squad,https://en.wikipedia.org/wiki/2026_FIFA_World_Cup_squads,2026-05-31
Panama,Azarias Londoño,MF,2001-06-21,24,10,0,Universidad Católica,official_squad,https://en.wikipedia.org/wiki/2026_FIFA_World_Cup_squads,2026-05-31
Panama,José Fajardo,FW,1993-08-18,32,65,17,Universidad Católica,official_squad,https://en.wikipedia.org/wiki/2026_FIFA_World_Cup_squads,2026-05-31
Panama,Ismael Díaz,FW,1997-05-12,29,54,17,León,official_squad,https://en.wikipedia.org/wiki/2026_FIFA_World_Cup_squads,2026-05-31
Panama,Cecilio Waterman,FW,1991-04-13,35,52,14,Universidad de Concepción,official_squad,https://en.wikipedia.org/wiki/2026_FIFA_World_Cup_squads,2026-05-31
Panama,Tomás Rodríguez,FW,1999-03-09,27,11,3,Saprissa,official_squad,https://en.wikipedia.org/wiki/2026_FIFA_World_Cup_squads,2026-05-31
Paraguay,Gatito Fernández,GK,1988-03-29,38,30,0,Cerro Porteño,provisional_squad,https://en.wikipedia.org/wiki/2026_FIFA_World_Cup_squads,2026-05-31
Paraguay,Carlos Coronel,GK,1996-12-29,29,9,0,São Paulo,provisional_squad,https://en.wikipedia.org/wiki/2026_FIFA_World_Cup_squads,2026-05-31
Paraguay,Orlando Gill,GK,2000-06-11,26,5,0,San Lorenzo,provisional_squad,https://en.wikipedia.org/wiki/2026_FIFA_World_Cup_squads,2026-05-31
Paraguay,Santiago Rojas,GK,1996-04-05,30,2,0,Nacional,provisional_squad,https://en.wikipedia.org/wiki/2026_FIFA_World_Cup_squads,2026-05-31
Paraguay,Juan Espínola,GK,1994-11-02,31,1,0,Barracas Central,provisional_squad,https://en.wikipedia.org/wiki/2026_FIFA_World_Cup_squads,2026-05-31
Paraguay,Gastón Olveira,GK,1993-04-21,33,1,0,Olimpia,provisional_squad,https://en.wikipedia.org/wiki/2026_FIFA_World_Cup_squads,2026-05-31
Paraguay,Gustavo Gómez,DF,1993-05-06,33,88,4,Palmeiras,provisional_squad,https://en.wikipedia.org/wiki/2026_FIFA_World_Cup_squads,2026-05-31
Paraguay,Júnior Alonso,DF,1993-02-09,33,70,3,Atlético Mineiro,provisional_squad,https://en.wikipedia.org/wiki/2026_FIFA_World_Cup_squads,2026-05-31
Paraguay,Fabián Balbuena,DF,1991-08-23,34,47,2,Grêmio,provisional_squad,https://en.wikipedia.org/wiki/2026_FIFA_World_Cup_squads,2026-05-31
Paraguay,Omar Alderete,DF,1996-12-26,29,35,3,Sunderland,provisional_squad,https://en.wikipedia.org/wiki/2026_FIFA_World_Cup_squads,2026-05-31
Paraguay,Juan José Cáceres,DF,2000-06-01,26,16,0,Dynamo Moscow,provisional_squad,https://en.wikipedia.org/wiki/2026_FIFA_World_Cup_squads,2026-05-31
Paraguay,Blas Riveros,DF,1998-02-03,28,15,0,Cerro Porteño,provisional_squad,https://en.wikipedia.org/wiki/2026_FIFA_World_Cup_squads,2026-05-31
Paraguay,Gustavo Velázquez,DF,1991-04-17,35,12,1,Cerro Porteño,provisional_squad,https://en.wikipedia.org/wiki/2026_FIFA_World_Cup_squads,2026-05-31
Paraguay,Alan Benítez,DF,1994-01-25,32,8,0,Libertad,provisional_squad,https://en.wikipedia.org/wiki/2026_FIFA_World_Cup_squads,2026-05-31
Paraguay,Agustín Sández,DF,2001-01-16,25,5,0,Rosario Central,provisional_squad,https://en.wikipedia.org/wiki/2026_FIFA_World_Cup_squads,2026-05-31
Paraguay,Mateo Gamarra,DF,2000-10-20,25,3,0,Cruzeiro,provisional_squad,https://en.wikipedia.org/wiki/2026_FIFA_World_Cup_squads,2026-05-31
Paraguay,Saúl Salcedo,DF,1997-08-28,28,2,0,Newell's Old Boys,provisional_squad,https://en.wikipedia.org/wiki/2026_FIFA_World_Cup_squads,2026-05-31
Paraguay,José Canale,DF,1996-07-20,29,1,0,Lanús,provisional_squad,https://en.wikipedia.org/wiki/2026_FIFA_World_Cup_squads,2026-05-31
Paraguay,Diego León,DF,2007-04-03,19,1,0,Manchester United,provisional_squad,https://en.wikipedia.org/wiki/2026_FIFA_World_Cup_squads,2026-05-31
Paraguay,Alexandro Maidana,DF,2005-07-26,20,1,0,Talleres,provisional_squad,https://en.wikipedia.org/wiki/2026_FIFA_World_Cup_squads,2026-05-31
Paraguay,Alcides Benítez,DF,2002-06-08,24,0,0,Belgrano,provisional_squad,https://en.wikipedia.org/wiki/2026_FIFA_World_Cup_squads,2026-05-31
Paraguay,Ronaldo Dejesús,DF,2001-04-21,25,0,0,Lanús,provisional_squad,https://en.wikipedia.org/wiki/2026_FIFA_World_Cup_squads,2026-05-31
Paraguay,Alan Núñez,DF,2004-10-01,21,0,0,Nacional,provisional_squad,https://en.wikipedia.org/wiki/2026_FIFA_World_Cup_squads,2026-05-31
Paraguay,Miguel Almirón,MF,1994-02-10,32,75,9,Atlanta United FC,provisional_squad,https://en.wikipedia.org/wiki/2026_FIFA_World_Cup_squads,2026-05-31
Paraguay,Mathías Villasanti,MF,1997-01-24,29,51,0,Grêmio,provisional_squad,https://en.wikipedia.org/wiki/2026_FIFA_World_Cup_squads,2026-05-31
Paraguay,Kaku,MF,1995-01-11,31,32,5,Al Ain,provisional_squad,https://en.wikipedia.org/wiki/2026_FIFA_World_Cup_squads,2026-05-31
Paraguay,Andrés Cubas,MF,1996-05-22,30,32,0,Vancouver Whitecaps FC,provisional_squad,https://en.wikipedia.org/wiki/2026_FIFA_World_Cup_squads,2026-05-31
Paraguay,Ramón Sosa,MF,1999-08-31,26,28,1,Palmeiras,provisional_squad,https://en.wikipedia.org/wiki/2026_FIFA_World_Cup_squads,2026-05-31
Paraguay,Diego Gómez,MF,2003-03-27,23,23,3,Brighton & Hove Albion,provisional_squad,https://en.wikipedia.org/wiki/2026_FIFA_World_Cup_squads,2026-05-31
Paraguay,Damián Bobadilla,MF,2001-07-11,24,19,1,São Paulo,provisional_squad,https://en.wikipedia.org/wiki/2026_FIFA_World_Cup_squads,2026-05-31
Paraguay,Braian Ojeda,MF,2000-07-27,25,16,0,Orlando City SC,provisional_squad,https://en.wikipedia.org/wiki/2026_FIFA_World_Cup_squads,2026-05-31
Paraguay,Matías Galarza,MF,2002-02-11,24,14,2,Atlanta United FC,provisional_squad,https://en.wikipedia.org/wiki/2026_FIFA_World_Cup_squads,2026-05-31
Paraguay,Robert Piris Da Motta,MF,1994-07-26,31,9,0,Cerro Porteño,provisional_squad,https://en.wikipedia.org/wiki/2026_FIFA_World_Cup_squads,2026-05-31
Paraguay,Álvaro Campuzano,MF,1995-06-12,30,4,0,Libertad,provisional_squad,https://en.wikipedia.org/wiki/2026_FIFA_World_Cup_squads,2026-05-31
Paraguay,Diego González,MF,2003-01-07,23,4,0,Atlas,provisional_squad,https://en.wikipedia.org/wiki/2026_FIFA_World_Cup_squads,2026-05-31
Paraguay,Hugo Cuenca,MF,2005-01-08,21,3,0,Burgos,provisional_squad,https://en.wikipedia.org/wiki/2026_FIFA_World_Cup_squads,2026-05-31
Paraguay,Maurício,MF,2001-06-22,24,2,0,Palmeiras,provisional_squad,https://en.wikipedia.org/wiki/2026_FIFA_World_Cup_squads,2026-05-31
Paraguay,Lucas Romero,MF,2002-08-29,23,2,0,Universidad de Chile,provisional_squad,https://en.wikipedia.org/wiki/2026_FIFA_World_Cup_squads,2026-05-31
Paraguay,Enso González,MF,2005-01-20,21,0,0,Wolverhampton Wanderers,provisional_squad,https://en.wikipedia.org/wiki/2026_FIFA_World_Cup_squads,2026-05-31
Paraguay,Rubén Lezcano,MF,2004-02-09,22,0,0,Olimpia,provisional_squad,https://en.wikipedia.org/wiki/2026_FIFA_World_Cup_squads,2026-05-31
Paraguay,Óscar Romero,FW,1992-07-04,33,55,4,Huracán,provisional_squad,https://en.wikipedia.org/wiki/2026_FIFA_World_Cup_squads,2026-05-31
Paraguay,Ángel Romero,FW,1992-07-04,33,51,8,Boca Juniors,provisional_squad,https://en.wikipedia.org/wiki/2026_FIFA_World_Cup_squads,2026-05-31
Paraguay,Antonio Sanabria,FW,1996-03-04,30,47,7,Cremonese,provisional_squad,https://en.wikipedia.org/wiki/2026_FIFA_World_Cup_squads,2026-05-31
Paraguay,Julio Enciso,FW,2004-01-23,22,31,4,Strasbourg,provisional_squad,https://en.wikipedia.org/wiki/2026_FIFA_World_Cup_squads,2026-05-31
Paraguay,Gabriel Ávalos,FW,1991-07-09,34,22,2,Independiente,provisional_squad,https://en.wikipedia.org/wiki/2026_FIFA_World_Cup_squads,2026-05-31
Paraguay,Carlos González,FW,1993-02-04,33,15,0,Independiente del Valle,provisional_squad,https://en.wikipedia.org/wiki/2026_FIFA_World_Cup_squads,2026-05-31
Paraguay,Álex Arce,FW,1995-06-16,30,14,1,Independiente Rivadavia,provisional_squad,https://en.wikipedia.org/wiki/2026_FIFA_World_Cup_squads,2026-05-31
Paraguay,Adam Bareiro,FW,1996-07-26,29,8,0,Boca Juniors,provisional_squad,https://en.wikipedia.org/wiki/2026_FIFA_World_Cup_squads,2026-05-31
Paraguay,Lorenzo Melgarejo,FW,1990-08-10,35,5,0,Libertad,provisional_squad,https://en.wikipedia.org/wiki/2026_FIFA_World_Cup_squads,2026-05-31
Paraguay,Isidro Pitta,FW,1999-08-14,26,5,0,Red Bull Bragantino,provisional_squad,https://en.wikipedia.org/wiki/2026_FIFA_World_Cup_squads,2026-05-31
Paraguay,Ronaldo Martínez,FW,1996-04-25,30,4,0,Talleres,provisional_squad,https://en.wikipedia.org/wiki/2026_FIFA_World_Cup_squads,2026-05-31
Paraguay,Gustavo Caballero,FW,2001-09-21,24,2,1,Portsmouth,provisional_squad,https://en.wikipedia.org/wiki/2026_FIFA_World_Cup_squads,2026-05-31
Paraguay,Robert Morales,FW,1999-03-17,27,2,1,UNAM,provisional_squad,https://en.wikipedia.org/wiki/2026_FIFA_World_Cup_squads,2026-05-31
Paraguay,Adrián Alcaraz,FW,1999-09-28,26,0,0,Olimpia,provisional_squad,https://en.wikipedia.org/wiki/2026_FIFA_World_Cup_squads,2026-05-31
Paraguay,Rodney Redes,FW,2000-02-22,26,0,0,LDU Quito,provisional_squad,https://en.wikipedia.org/wiki/2026_FIFA_World_Cup_squads,2026-05-31
Portugal,Diogo Costa,GK,1999-09-19,26,42,0,Porto,official_squad,https://en.wikipedia.org/wiki/2026_FIFA_World_Cup_squads,2026-05-31
Portugal,José Sá,GK,1993-01-17,33,4,0,Wolverhampton Wanderers,official_squad,https://en.wikipedia.org/wiki/2026_FIFA_World_Cup_squads,2026-05-31
Portugal,Rui Silva,GK,1994-02-07,32,2,0,Sporting CP,official_squad,https://en.wikipedia.org/wiki/2026_FIFA_World_Cup_squads,2026-05-31
Portugal,Rúben Dias,DF,1997-05-14,29,74,3,Manchester City,official_squad,https://en.wikipedia.org/wiki/2026_FIFA_World_Cup_squads,2026-05-31
Portugal,João Cancelo,DF,1994-05-27,32,66,12,Barcelona,official_squad,https://en.wikipedia.org/wiki/2026_FIFA_World_Cup_squads,2026-05-31
Portugal,Nélson Semedo,DF,1993-11-16,32,48,0,Fenerbahçe,official_squad,https://en.wikipedia.org/wiki/2026_FIFA_World_Cup_squads,2026-05-31
Portugal,Nuno Mendes,DF,2002-06-19,23,43,1,Paris Saint-Germain,official_squad,https://en.wikipedia.org/wiki/2026_FIFA_World_Cup_squads,2026-05-31
Portugal,Diogo Dalot,DF,1999-03-18,27,33,3,Manchester United,official_squad,https://en.wikipedia.org/wiki/2026_FIFA_World_Cup_squads,2026-05-31
Portugal,Gonçalo Inácio,DF,2001-08-25,24,20,2,Sporting CP,official_squad,https://en.wikipedia.org/wiki/2026_FIFA_World_Cup_squads,2026-05-31
Portugal,Matheus Nunes,DF,1998-08-27,27,19,2,Manchester City,official_squad,https://en.wikipedia.org/wiki/2026_FIFA_World_Cup_squads,2026-05-31
Portugal,Renato Veiga,DF,2003-07-29,22,11,1,Villarreal,official_squad,https://en.wikipedia.org/wiki/2026_FIFA_World_Cup_squads,2026-05-31
Portugal,Tomás Araújo,DF,2002-05-16,24,3,0,Benfica,official_squad,https://en.wikipedia.org/wiki/2026_FIFA_World_Cup_squads,2026-05-31
Portugal,Bernardo Silva,MF,1994-08-10,31,107,14,Manchester City,official_squad,https://en.wikipedia.org/wiki/2026_FIFA_World_Cup_squads,2026-05-31
Portugal,Bruno Fernandes,MF,1994-09-08,31,87,28,Manchester United,official_squad,https://en.wikipedia.org/wiki/2026_FIFA_World_Cup_squads,2026-05-31
Portugal,Rúben Neves,MF,1997-03-13,29,65,1,Al-Hilal,official_squad,https://en.wikipedia.org/wiki/2026_FIFA_World_Cup_squads,2026-05-31
Portugal,Vitinha,MF,2000-02-13,26,37,0,Paris Saint-Germain,official_squad,https://en.wikipedia.org/wiki/2026_FIFA_World_Cup_squads,2026-05-31
Portugal,João Neves,MF,2004-09-27,21,21,3,Paris Saint-Germain,official_squad,https://en.wikipedia.org/wiki/2026_FIFA_World_Cup_squads,2026-05-31
Portugal,Samú Costa,MF,2000-11-27,25,4,0,Mallorca,official_squad,https://en.wikipedia.org/wiki/2026_FIFA_World_Cup_squads,2026-05-31
Portugal,Cristiano Ronaldo,FW,1985-02-05,41,226,143,Al-Nassr,official_squad,https://en.wikipedia.org/wiki/2026_FIFA_World_Cup_squads,2026-05-31
Portugal,João Félix,FW,1999-11-10,26,52,12,Al-Nassr,official_squad,https://en.wikipedia.org/wiki/2026_FIFA_World_Cup_squads,2026-05-31
Portugal,Rafael Leão,FW,1999-06-10,27,43,5,Milan,official_squad,https://en.wikipedia.org/wiki/2026_FIFA_World_Cup_squads,2026-05-31
Portugal,Gonçalo Guedes,FW,1996-11-29,29,33,7,Real Sociedad,official_squad,https://en.wikipedia.org/wiki/2026_FIFA_World_Cup_squads,2026-05-31
Portugal,Gonçalo Ramos,FW,2001-06-20,24,24,10,Paris Saint-Germain,official_squad,https://en.wikipedia.org/wiki/2026_FIFA_World_Cup_squads,2026-05-31
Portugal,Pedro Neto,FW,2000-03-09,26,23,2,Chelsea,official_squad,https://en.wikipedia.org/wiki/2026_FIFA_World_Cup_squads,2026-05-31
Portugal,Francisco Trincão,FW,1999-12-29,26,17,3,Sporting CP,official_squad,https://en.wikipedia.org/wiki/2026_FIFA_World_Cup_squads,2026-05-31
Portugal,Francisco Conceição,FW,2002-12-14,23,15,3,Juventus,official_squad,https://en.wikipedia.org/wiki/2026_FIFA_World_Cup_squads,2026-05-31
Qatar,Meshaal Barsham,GK,1998-02-14,28,52,0,Al-Sadd,provisional_squad,https://en.wikipedia.org/wiki/2026_FIFA_World_Cup_squads,2026-05-31
Qatar,Salah Zakaria,GK,1999-04-24,27,8,0,Al-Duhail,provisional_squad,https://en.wikipedia.org/wiki/2026_FIFA_World_Cup_squads,2026-05-31
Qatar,Mahmud Abunada,GK,2000-02-05,26,4,0,Al-Rayyan,provisional_squad,https://en.wikipedia.org/wiki/2026_FIFA_World_Cup_squads,2026-05-31
Qatar,Shehab Ellethy,GK,2000-04-18,26,1,0,Al-Shahaniya,provisional_squad,https://en.wikipedia.org/wiki/2026_FIFA_World_Cup_squads,2026-05-31
Qatar,Boualem Khoukhi,DF,1990-07-09,35,115,20,Al-Sadd,provisional_squad,https://en.wikipedia.org/wiki/2026_FIFA_World_Cup_squads,2026-05-31
Qatar,Pedro Miguel,DF,1990-08-06,35,98,3,Al-Sadd,provisional_squad,https://en.wikipedia.org/wiki/2026_FIFA_World_Cup_squads,2026-05-31
Qatar,Homam Ahmed,DF,1999-08-25,26,67,3,Cultural Leonesa,provisional_squad,https://en.wikipedia.org/wiki/2026_FIFA_World_Cup_squads,2026-05-31
Qatar,Lucas Mendes,DF,1990-07-03,35,25,1,Al-Wakrah,provisional_squad,https://en.wikipedia.org/wiki/2026_FIFA_World_Cup_squads,2026-05-31
Qatar,Sultan Al-Brake,DF,1996-04-07,30,16,0,Al-Duhail,provisional_squad,https://en.wikipedia.org/wiki/2026_FIFA_World_Cup_squads,2026-05-31
Qatar,Al-Hashmi Al-Hussain,DF,2003-08-15,22,7,0,Al-Arabi,provisional_squad,https://en.wikipedia.org/wiki/2026_FIFA_World_Cup_squads,2026-05-31
Qatar,Ayoub Al-Oui,DF,2005-03-11,21,5,0,Al-Gharafa,provisional_squad,https://en.wikipedia.org/wiki/2026_FIFA_World_Cup_squads,2026-05-31
Qatar,Issa Laye,DF,1997-12-22,28,3,0,Al-Arabi,provisional_squad,https://en.wikipedia.org/wiki/2026_FIFA_World_Cup_squads,2026-05-31
Qatar,Rayyan Al-Ali,DF,2006-03-26,20,1,0,Al-Gharafa,provisional_squad,https://en.wikipedia.org/wiki/2026_FIFA_World_Cup_squads,2026-05-31
Qatar,Abdulaziz Hatem,MF,1990-10-28,35,117,11,Al-Rayyan,provisional_squad,https://en.wikipedia.org/wiki/2026_FIFA_World_Cup_squads,2026-05-31
Qatar,Karim Boudiaf,MF,1990-09-16,35,117,5,Al-Duhail,provisional_squad,https://en.wikipedia.org/wiki/2026_FIFA_World_Cup_squads,2026-05-31
Qatar,Assim Madibo,MF,1996-10-22,29,50,0,Al-Wakrah,provisional_squad,https://en.wikipedia.org/wiki/2026_FIFA_World_Cup_squads,2026-05-31
Qatar,Ahmed Fathy,MF,1993-01-25,33,47,0,Al-Arabi,provisional_squad,https://en.wikipedia.org/wiki/2026_FIFA_World_Cup_squads,2026-05-31
Qatar,Jassem Gaber,MF,2002-02-20,24,31,1,Al-Rayyan,provisional_squad,https://en.wikipedia.org/wiki/2026_FIFA_World_Cup_squads,2026-05-31
Qatar,Mohamed Al-Mannai,MF,2003-10-30,22,9,0,Al-Shamal,provisional_squad,https://en.wikipedia.org/wiki/2026_FIFA_World_Cup_squads,2026-05-31
Qatar,Tahsin Jamshid,MF,2006-06-16,19,2,0,Al-Duhail,provisional_squad,https://en.wikipedia.org/wiki/2026_FIFA_World_Cup_squads,2026-05-31
Qatar,Hassan Al-Haydos,FW,1990-12-11,35,185,41,Al-Sadd,provisional_squad,https://en.wikipedia.org/wiki/2026_FIFA_World_Cup_squads,2026-05-31
Qatar,Akram Afif,FW,1996-11-18,29,124,39,Al-Sadd,provisional_squad,https://en.wikipedia.org/wiki/2026_FIFA_World_Cup_squads,2026-05-31
Qatar,Almoez Ali,FW,1996-08-19,29,115,55,Al-Duhail,provisional_squad,https://en.wikipedia.org/wiki/2026_FIFA_World_Cup_squads,2026-05-31
Qatar,Mohammed Muntari,FW,1993-12-20,32,67,16,Al-Gharafa,provisional_squad,https://en.wikipedia.org/wiki/2026_FIFA_World_Cup_squads,2026-05-31
Qatar,Ahmed Alaaeldin,FW,1993-01-31,33,67,9,Al-Rayyan,provisional_squad,https://en.wikipedia.org/wiki/2026_FIFA_World_Cup_squads,2026-05-31
Qatar,Yusuf Abdurisag,FW,1999-08-06,26,38,3,Al-Wakrah,provisional_squad,https://en.wikipedia.org/wiki/2026_FIFA_World_Cup_squads,2026-05-31
Qatar,Edmilson Junior,FW,1994-08-19,31,15,0,Al-Duhail,provisional_squad,https://en.wikipedia.org/wiki/2026_FIFA_World_Cup_squads,2026-05-31
Qatar,Ahmed Al-Ganehi,FW,2000-09-22,25,13,1,Al-Gharafa,provisional_squad,https://en.wikipedia.org/wiki/2026_FIFA_World_Cup_squads,2026-05-31
Saudi Arabia,Mohammed Al-Owais,GK,1991-10-10,34,63,0,Al-Ula,provisional_squad,https://en.wikipedia.org/wiki/2026_FIFA_World_Cup_squads,2026-05-31
Saudi Arabia,Nawaf Al-Aqidi,GK,2000-05-10,26,22,0,Al-Nassr,provisional_squad,https://en.wikipedia.org/wiki/2026_FIFA_World_Cup_squads,2026-05-31
Saudi Arabia,Ahmed Al-Kassar,GK,1991-05-08,35,8,0,Al-Qadsiah,provisional_squad,https://en.wikipedia.org/wiki/2026_FIFA_World_Cup_squads,2026-05-31
Saudi Arabia,Abdulquddus Atiah,GK,1997-03-01,29,1,0,Al-Taawoun,provisional_squad,https://en.wikipedia.org/wiki/2026_FIFA_World_Cup_squads,2026-05-31
Saudi Arabia,Saud Abdulhamid,DF,1999-07-18,26,53,1,Lens,provisional_squad,https://en.wikipedia.org/wiki/2026_FIFA_World_Cup_squads,2026-05-31
Saudi Arabia,Hassan Al-Tambakti,DF,1999-02-09,27,51,0,Al-Hilal,provisional_squad,https://en.wikipedia.org/wiki/2026_FIFA_World_Cup_squads,2026-05-31
Saudi Arabia,Abdulelah Al-Amri,DF,1997-01-15,29,41,1,Al-Nassr,provisional_squad,https://en.wikipedia.org/wiki/2026_FIFA_World_Cup_squads,2026-05-31
Saudi Arabia,Nawaf Boushal,DF,1999-09-16,26,24,0,Al-Nassr,provisional_squad,https://en.wikipedia.org/wiki/2026_FIFA_World_Cup_squads,2026-05-31
Saudi Arabia,Ali Lajami,DF,1996-04-24,30,20,1,Al-Hilal,provisional_squad,https://en.wikipedia.org/wiki/2026_FIFA_World_Cup_squads,2026-05-31
Saudi Arabia,Ali Majrashi,DF,1999-10-02,26,20,0,Al-Ahli,provisional_squad,https://en.wikipedia.org/wiki/2026_FIFA_World_Cup_squads,2026-05-31
Saudi Arabia,Hassan Kadesh,DF,1992-09-27,33,19,2,Al-Ittihad,provisional_squad,https://en.wikipedia.org/wiki/2026_FIFA_World_Cup_squads,2026-05-31
Saudi Arabia,Moteb Al-Harbi,DF,2000-02-20,26,11,0,Al-Hilal,provisional_squad,https://en.wikipedia.org/wiki/2026_FIFA_World_Cup_squads,2026-05-31
Saudi Arabia,Jehad Thakri,DF,2001-07-21,24,6,0,Al-Qadsiah,provisional_squad,https://en.wikipedia.org/wiki/2026_FIFA_World_Cup_squads,2026-05-31
Saudi Arabia,Mohammed Abu Al-Shamat,DF,2002-08-11,23,5,0,Al-Qadsiah,provisional_squad,https://en.wikipedia.org/wiki/2026_FIFA_World_Cup_squads,2026-05-31
Saudi Arabia,Zakaria Hawsawi,DF,2001-01-12,25,1,0,Al-Ahli,provisional_squad,https://en.wikipedia.org/wiki/2026_FIFA_World_Cup_squads,2026-05-31
Saudi Arabia,Salem Al-Dawsari,MF,1991-08-19,34,107,26,Al-Hilal,provisional_squad,https://en.wikipedia.org/wiki/2026_FIFA_World_Cup_squads,2026-05-31
Saudi Arabia,Mohamed Kanno,MF,1994-09-22,31,75,8,Al-Hilal,provisional_squad,https://en.wikipedia.org/wiki/2026_FIFA_World_Cup_squads,2026-05-31
Saudi Arabia,Nasser Al-Dawsari,MF,1998-12-19,27,43,0,Al-Hilal,provisional_squad,https://en.wikipedia.org/wiki/2026_FIFA_World_Cup_squads,2026-05-31
Saudi Arabia,Abdullah Al-Khaibari,MF,1996-08-16,29,38,0,Al-Nassr,provisional_squad,https://en.wikipedia.org/wiki/2026_FIFA_World_Cup_squads,2026-05-31
Saudi Arabia,Musab Al-Juwayr,MF,2003-06-20,22,33,6,Al-Qadsiah,provisional_squad,https://en.wikipedia.org/wiki/2026_FIFA_World_Cup_squads,2026-05-31
Saudi Arabia,Ayman Yahya,MF,2001-05-14,25,25,0,Al-Nassr,provisional_squad,https://en.wikipedia.org/wiki/2026_FIFA_World_Cup_squads,2026-05-31
Saudi Arabia,Saleh Abu Al-Shamat,MF,2002-08-11,23,11,2,Al-Ahli,provisional_squad,https://en.wikipedia.org/wiki/2026_FIFA_World_Cup_squads,2026-05-31
Saudi Arabia,Ziyad Al-Johani,MF,2001-11-11,24,11,0,Al-Ahli,provisional_squad,https://en.wikipedia.org/wiki/2026_FIFA_World_Cup_squads,2026-05-31
Saudi Arabia,Sultan Mandash,MF,1994-10-17,31,5,1,Al-Hilal,provisional_squad,https://en.wikipedia.org/wiki/2026_FIFA_World_Cup_squads,2026-05-31
Saudi Arabia,Alaa Al-Hejji,MF,1995-12-03,30,1,0,Neom,provisional_squad,https://en.wikipedia.org/wiki/2026_FIFA_World_Cup_squads,2026-05-31
Saudi Arabia,Firas Al-Buraikan,FW,2000-05-14,26,69,15,Al-Ahli,provisional_squad,https://en.wikipedia.org/wiki/2026_FIFA_World_Cup_squads,2026-05-31
Saudi Arabia,Saleh Al-Shehri,FW,1993-11-01,32,55,18,Al-Ittihad,provisional_squad,https://en.wikipedia.org/wiki/2026_FIFA_World_Cup_squads,2026-05-31
Saudi Arabia,Abdullah Al-Hamdan,FW,1999-09-13,26,48,11,Al-Nassr,provisional_squad,https://en.wikipedia.org/wiki/2026_FIFA_World_Cup_squads,2026-05-31
Saudi Arabia,Khalid Al-Ghannam,FW,2000-11-08,25,5,0,Al-Ettifaq,provisional_squad,https://en.wikipedia.org/wiki/2026_FIFA_World_Cup_squads,2026-05-31
Saudi Arabia,Abdullah Al-Salem,FW,1992-12-19,33,3,0,Al-Qadsiah,provisional_squad,https://en.wikipedia.org/wiki/2026_FIFA_World_Cup_squads,2026-05-31
Scotland,Craig Gordon,GK,1982-12-31,43,84,0,Heart of Midlothian,official_squad,https://en.wikipedia.org/wiki/2026_FIFA_World_Cup_squads,2026-05-31
Scotland,Angus Gunn,GK,1996-01-22,30,21,0,Nottingham Forest,official_squad,https://en.wikipedia.org/wiki/2026_FIFA_World_Cup_squads,2026-05-31
Scotland,Liam Kelly,GK,1996-01-23,30,3,0,Rangers,official_squad,https://en.wikipedia.org/wiki/2026_FIFA_World_Cup_squads,2026-05-31
Scotland,Andy Robertson,DF,1994-03-11,32,93,4,Liverpool,official_squad,https://en.wikipedia.org/wiki/2026_FIFA_World_Cup_squads,2026-05-31
Scotland,Grant Hanley,DF,1991-11-20,34,67,2,Hibernian,official_squad,https://en.wikipedia.org/wiki/2026_FIFA_World_Cup_squads,2026-05-31
Scotland,Kieran Tierney,DF,1997-06-05,29,55,2,Celtic,official_squad,https://en.wikipedia.org/wiki/2026_FIFA_World_Cup_squads,2026-05-31
Scotland,Scott McKenna,DF,1996-11-12,29,50,1,Dinamo Zagreb,official_squad,https://en.wikipedia.org/wiki/2026_FIFA_World_Cup_squads,2026-05-31
Scotland,Jack Hendry,DF,1995-05-07,31,37,3,Al-Ettifaq,official_squad,https://en.wikipedia.org/wiki/2026_FIFA_World_Cup_squads,2026-05-31
Scotland,Nathan Patterson,DF,2001-10-16,24,26,1,Everton,official_squad,https://en.wikipedia.org/wiki/2026_FIFA_World_Cup_squads,2026-05-31
Scotland,Anthony Ralston,DF,1998-11-16,27,26,1,Celtic,official_squad,https://en.wikipedia.org/wiki/2026_FIFA_World_Cup_squads,2026-05-31
Scotland,John Souttar,DF,1996-09-25,29,23,2,Rangers,official_squad,https://en.wikipedia.org/wiki/2026_FIFA_World_Cup_squads,2026-05-31
Scotland,Aaron Hickey,DF,2002-06-10,24,20,0,Brentford,official_squad,https://en.wikipedia.org/wiki/2026_FIFA_World_Cup_squads,2026-05-31
Scotland,Dominic Hyam,DF,1995-12-20,30,3,0,Wrexham,official_squad,https://en.wikipedia.org/wiki/2026_FIFA_World_Cup_squads,2026-05-31
Scotland,John McGinn,MF,1994-10-18,31,85,20,Aston Villa,official_squad,https://en.wikipedia.org/wiki/2026_FIFA_World_Cup_squads,2026-05-31
Scotland,Scott McTominay,MF,1996-12-08,29,69,14,Napoli,official_squad,https://en.wikipedia.org/wiki/2026_FIFA_World_Cup_squads,2026-05-31
Scotland,Ryan Christie,MF,1995-02-22,31,67,10,Bournemouth,official_squad,https://en.wikipedia.org/wiki/2026_FIFA_World_Cup_squads,2026-05-31
Scotland,Kenny McLean,MF,1992-01-08,34,57,3,Norwich City,official_squad,https://en.wikipedia.org/wiki/2026_FIFA_World_Cup_squads,2026-05-31
Scotland,Lewis Ferguson,MF,1999-08-24,26,23,1,Bologna,official_squad,https://en.wikipedia.org/wiki/2026_FIFA_World_Cup_squads,2026-05-31
Scotland,Ben Gannon-Doak,MF,2005-11-11,20,13,1,Bournemouth,official_squad,https://en.wikipedia.org/wiki/2026_FIFA_World_Cup_squads,2026-05-31
Scotland,Findlay Curtis,MF,2006-06-09,20,2,1,Kilmarnock,official_squad,https://en.wikipedia.org/wiki/2026_FIFA_World_Cup_squads,2026-05-31
Scotland,Tyler Fletcher,MF,2007-03-19,19,1,0,Manchester United,official_squad,https://en.wikipedia.org/wiki/2026_FIFA_World_Cup_squads,2026-05-31
Scotland,Lyndon Dykes,FW,1995-10-07,30,51,10,Charlton Athletic,official_squad,https://en.wikipedia.org/wiki/2026_FIFA_World_Cup_squads,2026-05-31
Scotland,Ché Adams,FW,1996-07-13,29,46,11,Torino,official_squad,https://en.wikipedia.org/wiki/2026_FIFA_World_Cup_squads,2026-05-31
Scotland,Lawrence Shankland,FW,1995-08-10,30,19,6,Heart of Midlothian,official_squad,https://en.wikipedia.org/wiki/2026_FIFA_World_Cup_squads,2026-05-31
Scotland,George Hirst,FW,1999-02-15,27,9,1,Ipswich Town,official_squad,https://en.wikipedia.org/wiki/2026_FIFA_World_Cup_squads,2026-05-31
Scotland,Ross Stewart,FW,1996-07-11,29,2,0,Southampton,official_squad,https://en.wikipedia.org/wiki/2026_FIFA_World_Cup_squads,2026-05-31
Senegal,Édouard Mendy,GK,1992-03-01,34,56,0,Al-Ahli,provisional_squad,https://en.wikipedia.org/wiki/2026_FIFA_World_Cup_squads,2026-05-31
Senegal,Mory Diaw,GK,1993-06-22,32,4,0,Le Havre,provisional_squad,https://en.wikipedia.org/wiki/2026_FIFA_World_Cup_squads,2026-05-31
Senegal,Yehvann Diouf,GK,1999-11-16,26,2,0,Nice,provisional_squad,https://en.wikipedia.org/wiki/2026_FIFA_World_Cup_squads,2026-05-31
Senegal,Kalidou Koulibaly,DF,1991-06-20,34,103,2,Al-Hilal,provisional_squad,https://en.wikipedia.org/wiki/2026_FIFA_World_Cup_squads,2026-05-31
Senegal,Krépin Diatta,DF,1999-02-25,27,59,2,Monaco,provisional_squad,https://en.wikipedia.org/wiki/2026_FIFA_World_Cup_squads,2026-05-31
Senegal,Moussa Niakhaté,DF,1996-03-08,30,29,0,Lyon,provisional_squad,https://en.wikipedia.org/wiki/2026_FIFA_World_Cup_squads,2026-05-31
Senegal,Ismail Jakobs,DF,1999-08-17,26,28,0,Galatasaray,provisional_squad,https://en.wikipedia.org/wiki/2026_FIFA_World_Cup_squads,2026-05-31
Senegal,Abdoulaye Seck,DF,1992-06-04,34,21,4,Maccabi Haifa,provisional_squad,https://en.wikipedia.org/wiki/2026_FIFA_World_Cup_squads,2026-05-31
Senegal,El Hadji Malick Diouf,DF,2004-12-28,21,18,1,West Ham United,provisional_squad,https://en.wikipedia.org/wiki/2026_FIFA_World_Cup_squads,2026-05-31
Senegal,Antoine Mendy,DF,2004-05-27,22,6,0,Nice,provisional_squad,https://en.wikipedia.org/wiki/2026_FIFA_World_Cup_squads,2026-05-31
Senegal,Mamadou Sarr,DF,2005-08-29,20,6,0,Chelsea,provisional_squad,https://en.wikipedia.org/wiki/2026_FIFA_World_Cup_squads,2026-05-31
Senegal,Ilay Camara,DF,2003-01-18,23,3,0,Anderlecht,provisional_squad,https://en.wikipedia.org/wiki/2026_FIFA_World_Cup_squads,2026-05-31
Senegal,Moustapha Mbow,DF,2000-03-08,26,0,0,Paris FC,provisional_squad,https://en.wikipedia.org/wiki/2026_FIFA_World_Cup_squads,2026-05-31
Senegal,Idrissa Gueye,MF,1989-09-26,36,131,7,Everton,provisional_squad,https://en.wikipedia.org/wiki/2026_FIFA_World_Cup_squads,2026-05-31
Senegal,Pape Gueye,MF,1999-01-24,27,40,5,Villarreal,provisional_squad,https://en.wikipedia.org/wiki/2026_FIFA_World_Cup_squads,2026-05-31
Senegal,Pape Matar Sarr,MF,2002-09-14,23,38,4,Tottenham Hotspur,provisional_squad,https://en.wikipedia.org/wiki/2026_FIFA_World_Cup_squads,2026-05-31
Senegal,Pathé Ciss,MF,1994-03-16,32,29,0,Rayo Vallecano,provisional_squad,https://en.wikipedia.org/wiki/2026_FIFA_World_Cup_squads,2026-05-31
Senegal,Lamine Camara,MF,2004-01-01,22,25,7,Monaco,provisional_squad,https://en.wikipedia.org/wiki/2026_FIFA_World_Cup_squads,2026-05-31
Senegal,Habib Diarra,MF,2004-01-03,22,19,4,Sunderland,provisional_squad,https://en.wikipedia.org/wiki/2026_FIFA_World_Cup_squads,2026-05-31
Senegal,Bara Sapoko Ndiaye,MF,2007-12-31,18,0,0,Bayern Munich,provisional_squad,https://en.wikipedia.org/wiki/2026_FIFA_World_Cup_squads,2026-05-31
Senegal,Sadio Mané,FW,1992-04-10,34,126,53,Al-Nassr,provisional_squad,https://en.wikipedia.org/wiki/2026_FIFA_World_Cup_squads,2026-05-31
Senegal,Ismaïla Sarr,FW,1998-02-25,28,83,19,Crystal Palace,provisional_squad,https://en.wikipedia.org/wiki/2026_FIFA_World_Cup_squads,2026-05-31
Senegal,Iliman Ndiaye,FW,2000-03-06,26,38,4,Everton,provisional_squad,https://en.wikipedia.org/wiki/2026_FIFA_World_Cup_squads,2026-05-31
Senegal,Nicolas Jackson,FW,2001-06-20,24,31,8,Bayern Munich,provisional_squad,https://en.wikipedia.org/wiki/2026_FIFA_World_Cup_squads,2026-05-31
Senegal,Bamba Dieng,FW,2000-03-23,26,21,2,Lorient,provisional_squad,https://en.wikipedia.org/wiki/2026_FIFA_World_Cup_squads,2026-05-31
Senegal,Cherif Ndiaye,FW,1996-01-23,30,17,4,Samsunspor,provisional_squad,https://en.wikipedia.org/wiki/2026_FIFA_World_Cup_squads,2026-05-31
Senegal,Ibrahim Mbaye,FW,2008-01-24,18,10,3,Paris Saint-Germain,provisional_squad,https://en.wikipedia.org/wiki/2026_FIFA_World_Cup_squads,2026-05-31
Senegal,Assane Diao,FW,2005-12-07,20,4,0,Como,provisional_squad,https://en.wikipedia.org/wiki/2026_FIFA_World_Cup_squads,2026-05-31
South Africa,Ronwen Williams,GK,1992-01-21,34,62,0,Mamelodi Sundowns,official_squad,https://en.wikipedia.org/wiki/2026_FIFA_World_Cup_squads,2026-05-31
South Africa,Ricardo Goss,GK,1994-04-02,32,4,0,Siwelele,official_squad,https://en.wikipedia.org/wiki/2026_FIFA_World_Cup_squads,2026-05-31
South Africa,Sipho Chaine,GK,1996-12-14,29,3,0,Orlando Pirates,official_squad,https://en.wikipedia.org/wiki/2026_FIFA_World_Cup_squads,2026-05-31
South Africa,Aubrey Modiba,DF,1995-07-22,30,44,3,Mamelodi Sundowns,official_squad,https://en.wikipedia.org/wiki/2026_FIFA_World_Cup_squads,2026-05-31
South Africa,Khuliso Mudau,DF,1995-04-26,31,32,1,Mamelodi Sundowns,official_squad,https://en.wikipedia.org/wiki/2026_FIFA_World_Cup_squads,2026-05-31
South Africa,Nkosinathi Sibisi,DF,1995-09-22,30,19,0,Orlando Pirates,official_squad,https://en.wikipedia.org/wiki/2026_FIFA_World_Cup_squads,2026-05-31
South Africa,Mbekezeli Mbokazi,DF,2005-09-19,20,10,1,Chicago Fire FC,official_squad,https://en.wikipedia.org/wiki/2026_FIFA_World_Cup_squads,2026-05-31
South Africa,Ime Okon,DF,2004-02-20,22,7,1,Hannover 96,official_squad,https://en.wikipedia.org/wiki/2026_FIFA_World_Cup_squads,2026-05-31
South Africa,Samukele Kabini,DF,2004-03-15,22,5,0,Molde,official_squad,https://en.wikipedia.org/wiki/2026_FIFA_World_Cup_squads,2026-05-31
South Africa,Khulumani Ndamane,DF,2004-02-05,22,5,0,Mamelodi Sundowns,official_squad,https://en.wikipedia.org/wiki/2026_FIFA_World_Cup_squads,2026-05-31
South Africa,Thabang Matuludi,DF,1999-01-14,27,2,0,Polokwane City,official_squad,https://en.wikipedia.org/wiki/2026_FIFA_World_Cup_squads,2026-05-31
South Africa,Kamogelo Sebelebele,DF,2002-07-21,23,2,0,Orlando Pirates,official_squad,https://en.wikipedia.org/wiki/2026_FIFA_World_Cup_squads,2026-05-31
South Africa,Bradley Cross,DF,2001-01-30,25,0,0,Kaizer Chiefs,official_squad,https://en.wikipedia.org/wiki/2026_FIFA_World_Cup_squads,2026-05-31
South Africa,Olwethu Makhanya,DF,2004-04-30,22,0,0,Philadelphia Union,official_squad,https://en.wikipedia.org/wiki/2026_FIFA_World_Cup_squads,2026-05-31
South Africa,Teboho Mokoena,MF,1997-01-24,29,51,9,Mamelodi Sundowns,official_squad,https://en.wikipedia.org/wiki/2026_FIFA_World_Cup_squads,2026-05-31
South Africa,Sphephelo Sithole,MF,1999-03-03,27,27,1,Tondela,official_squad,https://en.wikipedia.org/wiki/2026_FIFA_World_Cup_squads,2026-05-31
South Africa,Thalente Mbatha,MF,2000-03-06,26,14,3,Orlando Pirates,official_squad,https://en.wikipedia.org/wiki/2026_FIFA_World_Cup_squads,2026-05-31
South Africa,Jayden Adams,MF,2001-05-05,25,4,0,Mamelodi Sundowns,official_squad,https://en.wikipedia.org/wiki/2026_FIFA_World_Cup_squads,2026-05-31
South Africa,Themba Zwane,FW,1989-08-03,36,53,12,Mamelodi Sundowns,official_squad,https://en.wikipedia.org/wiki/2026_FIFA_World_Cup_squads,2026-05-31
South Africa,Lyle Foster,FW,2000-05-09,26,26,10,Burnley,official_squad,https://en.wikipedia.org/wiki/2026_FIFA_World_Cup_squads,2026-05-31
South Africa,Evidence Makgopa,FW,2000-06-05,26,26,6,Orlando Pirates,official_squad,https://en.wikipedia.org/wiki/2026_FIFA_World_Cup_squads,2026-05-31
South Africa,Oswin Appollis,FW,2001-08-25,24,25,8,Orlando Pirates,official_squad,https://en.wikipedia.org/wiki/2026_FIFA_World_Cup_squads,2026-05-31
South Africa,Iqraam Rayners,FW,1995-12-19,30,13,4,Mamelodi Sundowns,official_squad,https://en.wikipedia.org/wiki/2026_FIFA_World_Cup_squads,2026-05-31
South Africa,Relebohile Mofokeng,FW,2004-10-23,21,12,0,Orlando Pirates,official_squad,https://en.wikipedia.org/wiki/2026_FIFA_World_Cup_squads,2026-05-31
South Africa,Thapelo Maseko,FW,2003-11-11,22,9,1,AEL Limassol,official_squad,https://en.wikipedia.org/wiki/2026_FIFA_World_Cup_squads,2026-05-31
South Africa,Tshepang Moremi,FW,2000-10-02,25,9,1,Orlando Pirates,official_squad,https://en.wikipedia.org/wiki/2026_FIFA_World_Cup_squads,2026-05-31
South Korea,Kim Seung-gyu,GK,1990-09-30,35,86,0,FC Tokyo,official_squad,https://en.wikipedia.org/wiki/2026_FIFA_World_Cup_squads,2026-05-31
South Korea,Jo Hyeon-woo,GK,1991-09-25,34,48,0,Ulsan HD,official_squad,https://en.wikipedia.org/wiki/2026_FIFA_World_Cup_squads,2026-05-31
South Korea,Song Bum-keun,GK,1997-10-15,28,2,0,Jeonbuk Hyundai Motors,official_squad,https://en.wikipedia.org/wiki/2026_FIFA_World_Cup_squads,2026-05-31
South Korea,Kim Min-jae,DF,1996-11-15,29,78,4,Bayern Munich,official_squad,https://en.wikipedia.org/wiki/2026_FIFA_World_Cup_squads,2026-05-31
South Korea,Kim Moon-hwan,DF,1995-08-01,30,35,0,Daejeon Hana Citizen,official_squad,https://en.wikipedia.org/wiki/2026_FIFA_World_Cup_squads,2026-05-31
South Korea,Seol Young-woo,DF,1998-12-05,27,33,0,Red Star Belgrade,official_squad,https://en.wikipedia.org/wiki/2026_FIFA_World_Cup_squads,2026-05-31
South Korea,Cho Yu-min,DF,1996-11-17,29,19,0,Sharjah,official_squad,https://en.wikipedia.org/wiki/2026_FIFA_World_Cup_squads,2026-05-31
South Korea,Lee Tae-seok,DF,2002-07-28,23,14,1,Austria Wien,official_squad,https://en.wikipedia.org/wiki/2026_FIFA_World_Cup_squads,2026-05-31
South Korea,Park Jin-seob,DF,1995-10-23,30,13,1,Zhejiang FC,official_squad,https://en.wikipedia.org/wiki/2026_FIFA_World_Cup_squads,2026-05-31
South Korea,Kim Tae-hyeon,DF,2000-09-17,25,7,0,Kashima Antlers,official_squad,https://en.wikipedia.org/wiki/2026_FIFA_World_Cup_squads,2026-05-31
South Korea,Lee Han-beom,DF,2002-06-17,23,7,0,Midtjylland,official_squad,https://en.wikipedia.org/wiki/2026_FIFA_World_Cup_squads,2026-05-31
South Korea,Jens Castrop,DF,2003-07-29,22,6,0,Borussia Mönchengladbach,official_squad,https://en.wikipedia.org/wiki/2026_FIFA_World_Cup_squads,2026-05-31
South Korea,Lee Ki-hyuk,DF,2000-07-07,25,2,0,Gangwon FC,official_squad,https://en.wikipedia.org/wiki/2026_FIFA_World_Cup_squads,2026-05-31
South Korea,Lee Jae-sung,MF,1992-08-10,33,104,15,Mainz 05,official_squad,https://en.wikipedia.org/wiki/2026_FIFA_World_Cup_squads,2026-05-31
South Korea,Hwang Hee-chan,MF,1996-01-26,30,78,17,Wolverhampton Wanderers,official_squad,https://en.wikipedia.org/wiki/2026_FIFA_World_Cup_squads,2026-05-31
South Korea,Hwang In-beom,MF,1996-09-20,29,72,6,Feyenoord,official_squad,https://en.wikipedia.org/wiki/2026_FIFA_World_Cup_squads,2026-05-31
South Korea,Lee Kang-in,MF,2001-02-19,25,46,11,Paris Saint-Germain,official_squad,https://en.wikipedia.org/wiki/2026_FIFA_World_Cup_squads,2026-05-31
South Korea,Paik Seung-ho,MF,1997-03-17,29,26,3,Birmingham City,official_squad,https://en.wikipedia.org/wiki/2026_FIFA_World_Cup_squads,2026-05-31
South Korea,Kim Jin-gyu,MF,1997-02-24,29,21,3,Jeonbuk Hyundai Motors,official_squad,https://en.wikipedia.org/wiki/2026_FIFA_World_Cup_squads,2026-05-31
South Korea,Lee Dong-gyeong,MF,1997-09-20,28,17,3,Ulsan HD,official_squad,https://en.wikipedia.org/wiki/2026_FIFA_World_Cup_squads,2026-05-31
South Korea,Bae Jun-ho,MF,2003-08-21,22,13,2,Stoke City,official_squad,https://en.wikipedia.org/wiki/2026_FIFA_World_Cup_squads,2026-05-31
South Korea,Eom Ji-sung,MF,2002-05-09,24,9,2,Swansea City,official_squad,https://en.wikipedia.org/wiki/2026_FIFA_World_Cup_squads,2026-05-31
South Korea,Yang Hyun-jun,MF,2002-05-25,24,8,0,Celtic,official_squad,https://en.wikipedia.org/wiki/2026_FIFA_World_Cup_squads,2026-05-31
South Korea,Son Heung-min,FW,1992-07-08,33,143,56,Los Angeles FC,official_squad,https://en.wikipedia.org/wiki/2026_FIFA_World_Cup_squads,2026-05-31
South Korea,Cho Gue-sung,FW,1998-01-25,28,43,12,Midtjylland,official_squad,https://en.wikipedia.org/wiki/2026_FIFA_World_Cup_squads,2026-05-31
South Korea,Oh Hyeon-gyu,FW,2001-04-12,25,26,6,Beşiktaş,official_squad,https://en.wikipedia.org/wiki/2026_FIFA_World_Cup_squads,2026-05-31
Spain,Unai Simón,GK,1997-06-11,29,57,0,Athletic Bilbao,official_squad,https://en.wikipedia.org/wiki/2026_FIFA_World_Cup_squads,2026-05-31
Spain,David Raya,GK,1995-09-15,30,12,0,Arsenal,official_squad,https://en.wikipedia.org/wiki/2026_FIFA_World_Cup_squads,2026-05-31
Spain,Joan Garcia,GK,2001-05-04,25,1,0,Barcelona,official_squad,https://en.wikipedia.org/wiki/2026_FIFA_World_Cup_squads,2026-05-31
Spain,Aymeric Laporte,DF,1994-05-27,32,44,2,Athletic Bilbao,official_squad,https://en.wikipedia.org/wiki/2026_FIFA_World_Cup_squads,2026-05-31
Spain,Marc Cucurella,DF,1998-07-22,27,23,1,Chelsea,official_squad,https://en.wikipedia.org/wiki/2026_FIFA_World_Cup_squads,2026-05-31
Spain,Marcos Llorente,DF,1995-01-30,31,23,0,Atlético Madrid,official_squad,https://en.wikipedia.org/wiki/2026_FIFA_World_Cup_squads,2026-05-31
Spain,Eric García,DF,2001-01-09,25,19,0,Barcelona,official_squad,https://en.wikipedia.org/wiki/2026_FIFA_World_Cup_squads,2026-05-31
Spain,Pedro Porro,DF,1999-09-13,26,16,0,Tottenham Hotspur,official_squad,https://en.wikipedia.org/wiki/2026_FIFA_World_Cup_squads,2026-05-31
Spain,Álex Grimaldo,DF,1995-09-20,30,12,0,Bayer Leverkusen,official_squad,https://en.wikipedia.org/wiki/2026_FIFA_World_Cup_squads,2026-05-31
Spain,Pau Cubarsí,DF,2007-01-22,19,11,0,Barcelona,official_squad,https://en.wikipedia.org/wiki/2026_FIFA_World_Cup_squads,2026-05-31
Spain,Marc Pubill,DF,2003-06-20,22,0,0,Atlético Madrid,official_squad,https://en.wikipedia.org/wiki/2026_FIFA_World_Cup_squads,2026-05-31
Spain,Rodri,MF,1996-06-22,29,61,4,Manchester City,official_squad,https://en.wikipedia.org/wiki/2026_FIFA_World_Cup_squads,2026-05-31
Spain,Mikel Merino,MF,1996-06-22,29,41,10,Arsenal,official_squad,https://en.wikipedia.org/wiki/2026_FIFA_World_Cup_squads,2026-05-31
Spain,Fabián Ruiz,MF,1996-04-03,30,41,6,Paris Saint-Germain,official_squad,https://en.wikipedia.org/wiki/2026_FIFA_World_Cup_squads,2026-05-31
Spain,Pedri,MF,2002-11-25,23,40,5,Barcelona,official_squad,https://en.wikipedia.org/wiki/2026_FIFA_World_Cup_squads,2026-05-31
Spain,Gavi,MF,2004-08-05,21,28,5,Barcelona,official_squad,https://en.wikipedia.org/wiki/2026_FIFA_World_Cup_squads,2026-05-31
Spain,Martín Zubimendi,MF,1999-02-02,27,25,3,Arsenal,official_squad,https://en.wikipedia.org/wiki/2026_FIFA_World_Cup_squads,2026-05-31
Spain,Álex Baena,MF,2001-07-20,24,15,2,Atlético Madrid,official_squad,https://en.wikipedia.org/wiki/2026_FIFA_World_Cup_squads,2026-05-31
Spain,Ferran Torres,FW,2000-02-29,26,55,23,Barcelona,official_squad,https://en.wikipedia.org/wiki/2026_FIFA_World_Cup_squads,2026-05-31
Spain,Mikel Oyarzabal,FW,1997-04-21,29,52,24,Real Sociedad,official_squad,https://en.wikipedia.org/wiki/2026_FIFA_World_Cup_squads,2026-05-31
Spain,Dani Olmo,FW,1998-05-07,28,48,12,Barcelona,official_squad,https://en.wikipedia.org/wiki/2026_FIFA_World_Cup_squads,2026-05-31
Spain,Nico Williams,FW,2002-07-12,23,30,6,Athletic Bilbao,official_squad,https://en.wikipedia.org/wiki/2026_FIFA_World_Cup_squads,2026-05-31
Spain,Lamine Yamal,FW,2007-07-13,18,25,6,Barcelona,official_squad,https://en.wikipedia.org/wiki/2026_FIFA_World_Cup_squads,2026-05-31
Spain,Yéremy Pino,FW,2002-10-20,23,21,4,Crystal Palace,official_squad,https://en.wikipedia.org/wiki/2026_FIFA_World_Cup_squads,2026-05-31
Spain,Borja Iglesias,FW,1993-01-17,33,6,0,Celta Vigo,official_squad,https://en.wikipedia.org/wiki/2026_FIFA_World_Cup_squads,2026-05-31
Spain,Víctor Muñoz,FW,2003-07-13,22,2,1,Osasuna,official_squad,https://en.wikipedia.org/wiki/2026_FIFA_World_Cup_squads,2026-05-31
Sweden,Jacob Widell Zetterström,GK,1998-07-11,27,2,0,Derby County,official_squad,https://en.wikipedia.org/wiki/2026_FIFA_World_Cup_squads,2026-05-31
Sweden,Gustaf Lagerbielke,DF,2000-04-10,26,9,2,Braga,official_squad,https://en.wikipedia.org/wiki/2026_FIFA_World_Cup_squads,2026-05-31
Sweden,Victor Lindelöf,DF,1994-07-17,31,75,3,Aston Villa,official_squad,https://en.wikipedia.org/wiki/2026_FIFA_World_Cup_squads,2026-05-31
Sweden,Isak Hien,DF,1999-01-13,27,27,0,Atalanta,official_squad,https://en.wikipedia.org/wiki/2026_FIFA_World_Cup_squads,2026-05-31
Sweden,Gabriel Gudmundsson,DF,1999-04-29,27,23,0,Leeds United,official_squad,https://en.wikipedia.org/wiki/2026_FIFA_World_Cup_squads,2026-05-31
Sweden,Herman Johansson,DF,1997-10-16,28,2,0,FC Dallas,official_squad,https://en.wikipedia.org/wiki/2026_FIFA_World_Cup_squads,2026-05-31
Sweden,Lucas Bergvall,MF,2006-02-02,20,8,0,Tottenham Hotspur,official_squad,https://en.wikipedia.org/wiki/2026_FIFA_World_Cup_squads,2026-05-31
Sweden,Daniel Svensson,DF,2002-02-12,24,11,0,Borussia Dortmund,official_squad,https://en.wikipedia.org/wiki/2026_FIFA_World_Cup_squads,2026-05-31
Sweden,Alexander Isak,FW,1999-09-21,26,56,16,Liverpool,official_squad,https://en.wikipedia.org/wiki/2026_FIFA_World_Cup_squads,2026-05-31
Sweden,Benjamin Nygren,FW,2001-07-08,24,9,3,Celtic,official_squad,https://en.wikipedia.org/wiki/2026_FIFA_World_Cup_squads,2026-05-31
Sweden,Anthony Elanga,FW,2002-04-27,24,28,6,Newcastle United,official_squad,https://en.wikipedia.org/wiki/2026_FIFA_World_Cup_squads,2026-05-31
Sweden,Viktor Johansson,GK,1998-09-14,27,12,0,Stoke City,official_squad,https://en.wikipedia.org/wiki/2026_FIFA_World_Cup_squads,2026-05-31
Sweden,Ken Sema,FW,1993-09-30,32,32,5,Pafos,official_squad,https://en.wikipedia.org/wiki/2026_FIFA_World_Cup_squads,2026-05-31
Sweden,Hjalmar Ekdal,DF,1998-10-21,27,11,0,Burnley,official_squad,https://en.wikipedia.org/wiki/2026_FIFA_World_Cup_squads,2026-05-31
Sweden,Carl Starfelt,DF,1995-06-01,31,17,0,Celta Vigo,official_squad,https://en.wikipedia.org/wiki/2026_FIFA_World_Cup_squads,2026-05-31
Sweden,Jesper Karlström,MF,1995-06-21,30,23,0,Udinese,official_squad,https://en.wikipedia.org/wiki/2026_FIFA_World_Cup_squads,2026-05-31
Sweden,Viktor Gyökeres,FW,1998-06-04,28,32,19,Arsenal,official_squad,https://en.wikipedia.org/wiki/2026_FIFA_World_Cup_squads,2026-05-31
Sweden,Yasin Ayari,MF,2003-10-06,22,19,3,Brighton & Hove Albion,official_squad,https://en.wikipedia.org/wiki/2026_FIFA_World_Cup_squads,2026-05-31
Sweden,Mattias Svanberg,MF,1999-01-05,27,39,2,VfL Wolfsburg,official_squad,https://en.wikipedia.org/wiki/2026_FIFA_World_Cup_squads,2026-05-31
Sweden,Eric Smith,DF,1997-01-08,29,0,0,FC St. Pauli,official_squad,https://en.wikipedia.org/wiki/2026_FIFA_World_Cup_squads,2026-05-31
Sweden,Alexander Bernhardsson,FW,1998-09-08,27,9,0,Holstein Kiel,official_squad,https://en.wikipedia.org/wiki/2026_FIFA_World_Cup_squads,2026-05-31
Sweden,Besfort Zeneli,MF,2002-11-21,23,6,0,Union Saint-Gilloise,official_squad,https://en.wikipedia.org/wiki/2026_FIFA_World_Cup_squads,2026-05-31
Sweden,Kristoffer Nordfeldt,GK,1989-06-23,36,20,0,AIK,official_squad,https://en.wikipedia.org/wiki/2026_FIFA_World_Cup_squads,2026-05-31
Sweden,Elliot Stroud,DF,2002-06-22,23,0,0,Mjällby AIF,official_squad,https://en.wikipedia.org/wiki/2026_FIFA_World_Cup_squads,2026-05-31
Sweden,Gustaf Nilsson,FW,1997-05-23,29,8,3,Club Brugge,official_squad,https://en.wikipedia.org/wiki/2026_FIFA_World_Cup_squads,2026-05-31
Sweden,Taha Ali,FW,1998-07-01,27,1,0,Malmö FF,official_squad,https://en.wikipedia.org/wiki/2026_FIFA_World_Cup_squads,2026-05-31
Switzerland,Gregor Kobel,GK,1997-12-06,28,20,0,Borussia Dortmund,official_squad,https://en.wikipedia.org/wiki/2026_FIFA_World_Cup_squads,2026-05-31
Switzerland,Miro Muheim,DF,1998-03-24,28,8,0,Hamburger SV,official_squad,https://en.wikipedia.org/wiki/2026_FIFA_World_Cup_squads,2026-05-31
Switzerland,Silvan Widmer,DF,1993-03-05,33,58,5,Mainz 05,official_squad,https://en.wikipedia.org/wiki/2026_FIFA_World_Cup_squads,2026-05-31
Switzerland,Nico Elvedi,DF,1996-09-30,29,65,3,Borussia Mönchengladbach,official_squad,https://en.wikipedia.org/wiki/2026_FIFA_World_Cup_squads,2026-05-31
Switzerland,Manuel Akanji,DF,1995-07-19,30,79,4,Inter Milan,official_squad,https://en.wikipedia.org/wiki/2026_FIFA_World_Cup_squads,2026-05-31
Switzerland,Denis Zakaria,MF,1996-11-20,29,63,3,Monaco,official_squad,https://en.wikipedia.org/wiki/2026_FIFA_World_Cup_squads,2026-05-31
Switzerland,Breel Embolo,FW,1997-02-14,29,85,23,Rennes,official_squad,https://en.wikipedia.org/wiki/2026_FIFA_World_Cup_squads,2026-05-31
Switzerland,Remo Freuler,MF,1992-04-15,34,86,11,Bologna,official_squad,https://en.wikipedia.org/wiki/2026_FIFA_World_Cup_squads,2026-05-31
Switzerland,Johan Manzambi,MF,2005-10-14,20,10,3,SC Freiburg,official_squad,https://en.wikipedia.org/wiki/2026_FIFA_World_Cup_squads,2026-05-31
Switzerland,Granit Xhaka,MF,1992-09-27,33,144,16,Sunderland,official_squad,https://en.wikipedia.org/wiki/2026_FIFA_World_Cup_squads,2026-05-31
Switzerland,Dan Ndoye,FW,2000-10-25,25,29,6,Nottingham Forest,official_squad,https://en.wikipedia.org/wiki/2026_FIFA_World_Cup_squads,2026-05-31
Switzerland,Yvon Mvogo,GK,1994-06-06,32,12,0,Lorient,official_squad,https://en.wikipedia.org/wiki/2026_FIFA_World_Cup_squads,2026-05-31
Switzerland,Ricardo Rodriguez,DF,1992-08-25,33,136,9,Real Betis,official_squad,https://en.wikipedia.org/wiki/2026_FIFA_World_Cup_squads,2026-05-31
Switzerland,Ardon Jashari,MF,2002-07-30,23,6,0,Milan,official_squad,https://en.wikipedia.org/wiki/2026_FIFA_World_Cup_squads,2026-05-31
Switzerland,Djibril Sow,MF,1997-02-06,29,50,0,Sevilla,official_squad,https://en.wikipedia.org/wiki/2026_FIFA_World_Cup_squads,2026-05-31
Switzerland,Christian Fassnacht,MF,1993-11-11,32,21,4,Young Boys,official_squad,https://en.wikipedia.org/wiki/2026_FIFA_World_Cup_squads,2026-05-31
Switzerland,Rubén Vargas,FW,1998-08-05,27,60,11,Sevilla,official_squad,https://en.wikipedia.org/wiki/2026_FIFA_World_Cup_squads,2026-05-31
Switzerland,Eray Cömert,DF,1998-02-04,28,20,0,Valencia,official_squad,https://en.wikipedia.org/wiki/2026_FIFA_World_Cup_squads,2026-05-31
Switzerland,Noah Okafor,FW,2000-05-24,26,24,2,Leeds United,official_squad,https://en.wikipedia.org/wiki/2026_FIFA_World_Cup_squads,2026-05-31
Switzerland,Michel Aebischer,MF,1997-01-06,29,38,2,Pisa,official_squad,https://en.wikipedia.org/wiki/2026_FIFA_World_Cup_squads,2026-05-31
Switzerland,Marvin Keller,GK,2002-07-03,23,0,0,Young Boys,official_squad,https://en.wikipedia.org/wiki/2026_FIFA_World_Cup_squads,2026-05-31
Switzerland,Fabian Rieder,MF,2002-02-16,24,27,1,FC Augsburg,official_squad,https://en.wikipedia.org/wiki/2026_FIFA_World_Cup_squads,2026-05-31
Switzerland,Zeki Amdouni,FW,2000-12-04,25,27,11,Burnley,official_squad,https://en.wikipedia.org/wiki/2026_FIFA_World_Cup_squads,2026-05-31
Switzerland,Aurèle Amenda,DF,2003-07-31,22,6,0,Eintracht Frankfurt,official_squad,https://en.wikipedia.org/wiki/2026_FIFA_World_Cup_squads,2026-05-31
Switzerland,Luca Jaquez,DF,2003-06-02,23,2,0,VfB Stuttgart,official_squad,https://en.wikipedia.org/wiki/2026_FIFA_World_Cup_squads,2026-05-31
Switzerland,Cedric Itten,FW,1996-12-27,29,13,5,Fortuna Düsseldorf,official_squad,https://en.wikipedia.org/wiki/2026_FIFA_World_Cup_squads,2026-05-31
Tunisia,Aymen Dahmen,GK,1997-01-28,29,37,0,CS Sfaxien,official_squad,https://en.wikipedia.org/wiki/2026_FIFA_World_Cup_squads,2026-05-31
Tunisia,Sabri Ben Hessen,GK,1996-06-13,29,2,0,Étoile du Sahel,official_squad,https://en.wikipedia.org/wiki/2026_FIFA_World_Cup_squads,2026-05-31
Tunisia,Mouhib Chamakh,GK,2001-08-25,24,1,0,Club Africain,official_squad,https://en.wikipedia.org/wiki/2026_FIFA_World_Cup_squads,2026-05-31
Tunisia,Montassar Talbi,DF,1998-05-26,28,62,4,Lorient,official_squad,https://en.wikipedia.org/wiki/2026_FIFA_World_Cup_squads,2026-05-31
Tunisia,Dylan Bronn,DF,1995-06-19,30,52,2,Servette,official_squad,https://en.wikipedia.org/wiki/2026_FIFA_World_Cup_squads,2026-05-31
Tunisia,Ali Abdi,DF,1993-12-20,32,45,7,Nice,official_squad,https://en.wikipedia.org/wiki/2026_FIFA_World_Cup_squads,2026-05-31
Tunisia,Yan Valery,DF,1999-02-22,27,21,0,Young Boys,official_squad,https://en.wikipedia.org/wiki/2026_FIFA_World_Cup_squads,2026-05-31
Tunisia,Mohamed Amine Ben Hamida,DF,1995-12-15,30,12,0,Espérance de Tunis,official_squad,https://en.wikipedia.org/wiki/2026_FIFA_World_Cup_squads,2026-05-31
Tunisia,Moutaz Neffati,DF,2004-09-04,21,5,0,IFK Norrköping,official_squad,https://en.wikipedia.org/wiki/2026_FIFA_World_Cup_squads,2026-05-31
Tunisia,Omar Rekik,DF,2001-12-20,24,4,0,Maribor,official_squad,https://en.wikipedia.org/wiki/2026_FIFA_World_Cup_squads,2026-05-31
Tunisia,Adem Arous,DF,2004-07-17,21,1,0,Kasımpaşa,official_squad,https://en.wikipedia.org/wiki/2026_FIFA_World_Cup_squads,2026-05-31
Tunisia,Raed Chikhaoui,DF,2004-06-09,22,0,0,US Monastir,official_squad,https://en.wikipedia.org/wiki/2026_FIFA_World_Cup_squads,2026-05-31
Tunisia,Ellyes Skhiri,MF,1995-05-10,31,81,4,Eintracht Frankfurt,official_squad,https://en.wikipedia.org/wiki/2026_FIFA_World_Cup_squads,2026-05-31
Tunisia,Hannibal Mejbri,MF,2003-01-21,23,44,1,Burnley,official_squad,https://en.wikipedia.org/wiki/2026_FIFA_World_Cup_squads,2026-05-31
Tunisia,Anis Ben Slimane,MF,2001-03-16,25,39,4,Norwich City,official_squad,https://en.wikipedia.org/wiki/2026_FIFA_World_Cup_squads,2026-05-31
Tunisia,Mortadha Ben Ouanes,MF,1994-07-02,31,17,0,Kasımpaşa,official_squad,https://en.wikipedia.org/wiki/2026_FIFA_World_Cup_squads,2026-05-31
Tunisia,Ismaël Gharbi,MF,2004-04-10,22,15,2,FC Augsburg,official_squad,https://en.wikipedia.org/wiki/2026_FIFA_World_Cup_squads,2026-05-31
Tunisia,Hadj Mahmoud,MF,2000-04-24,26,7,0,Lugano,official_squad,https://en.wikipedia.org/wiki/2026_FIFA_World_Cup_squads,2026-05-31
Tunisia,Rani Khedira,MF,1994-01-27,32,2,0,Union Berlin,official_squad,https://en.wikipedia.org/wiki/2026_FIFA_World_Cup_squads,2026-05-31
Tunisia,Elias Achouri,FW,1999-02-10,27,29,4,Copenhagen,official_squad,https://en.wikipedia.org/wiki/2026_FIFA_World_Cup_squads,2026-05-31
Tunisia,Firas Chaouat,FW,1996-05-08,30,28,6,Club Africain,official_squad,https://en.wikipedia.org/wiki/2026_FIFA_World_Cup_squads,2026-05-31
Tunisia,Hazem Mastouri,FW,1997-06-18,28,18,4,Dynamo Makhachkala,official_squad,https://en.wikipedia.org/wiki/2026_FIFA_World_Cup_squads,2026-05-31
Tunisia,Elias Saad,FW,1999-12-27,26,14,4,Hannover 96,official_squad,https://en.wikipedia.org/wiki/2026_FIFA_World_Cup_squads,2026-05-31
Tunisia,Sebastian Tounekti,FW,2002-07-13,23,10,1,Celtic,official_squad,https://en.wikipedia.org/wiki/2026_FIFA_World_Cup_squads,2026-05-31
Tunisia,Khalil Ayari,FW,2005-02-02,21,2,0,Paris Saint-Germain,official_squad,https://en.wikipedia.org/wiki/2026_FIFA_World_Cup_squads,2026-05-31
Tunisia,Rayan Elloumi,FW,2007-09-17,18,2,0,Vancouver Whitecaps FC,official_squad,https://en.wikipedia.org/wiki/2026_FIFA_World_Cup_squads,2026-05-31
Turkey,Uğurcan Çakır,GK,1996-04-05,30,38,0,Galatasaray,provisional_squad,https://en.wikipedia.org/wiki/2026_FIFA_World_Cup_squads,2026-05-31
Turkey,Mert Günok,GK,1989-03-01,37,37,0,Fenerbahçe,provisional_squad,https://en.wikipedia.org/wiki/2026_FIFA_World_Cup_squads,2026-05-31
Turkey,Altay Bayındır,GK,1998-04-14,28,11,0,Manchester United,provisional_squad,https://en.wikipedia.org/wiki/2026_FIFA_World_Cup_squads,2026-05-31
Turkey,Ersin Destanoğlu,GK,2001-01-01,25,0,0,Beşiktaş,provisional_squad,https://en.wikipedia.org/wiki/2026_FIFA_World_Cup_squads,2026-05-31
Turkey,Muhammed Şengezer,GK,1997-01-05,29,0,0,İstanbul Başakşehir,provisional_squad,https://en.wikipedia.org/wiki/2026_FIFA_World_Cup_squads,2026-05-31
Turkey,Merih Demiral,DF,1998-03-05,28,61,6,Al-Ahli,provisional_squad,https://en.wikipedia.org/wiki/2026_FIFA_World_Cup_squads,2026-05-31
Turkey,Zeki Çelik,DF,1997-02-17,29,59,3,Roma,provisional_squad,https://en.wikipedia.org/wiki/2026_FIFA_World_Cup_squads,2026-05-31
Turkey,Çağlar Söyüncü,DF,1996-05-23,30,59,2,Fenerbahçe,provisional_squad,https://en.wikipedia.org/wiki/2026_FIFA_World_Cup_squads,2026-05-31
Turkey,Mert Müldür,DF,1999-04-03,27,43,3,Fenerbahçe,provisional_squad,https://en.wikipedia.org/wiki/2026_FIFA_World_Cup_squads,2026-05-31
Turkey,Ferdi Kadıoğlu,DF,1999-10-07,26,30,2,Brighton & Hove Albion,provisional_squad,https://en.wikipedia.org/wiki/2026_FIFA_World_Cup_squads,2026-05-31
Turkey,Ozan Kabak,DF,2000-03-25,26,28,2,TSG Hoffenheim,provisional_squad,https://en.wikipedia.org/wiki/2026_FIFA_World_Cup_squads,2026-05-31
Turkey,Abdülkerim Bardakcı,DF,1994-09-07,31,26,2,Galatasaray,provisional_squad,https://en.wikipedia.org/wiki/2026_FIFA_World_Cup_squads,2026-05-31
Turkey,Eren Elmalı,DF,2000-07-07,25,21,0,Galatasaray,provisional_squad,https://en.wikipedia.org/wiki/2026_FIFA_World_Cup_squads,2026-05-31
Turkey,Samet Akaydin,DF,1994-05-13,32,18,1,Çaykur Rizespor,provisional_squad,https://en.wikipedia.org/wiki/2026_FIFA_World_Cup_squads,2026-05-31
Turkey,Yusuf Akçiçek,DF,2006-01-25,20,3,0,Al-Hilal,provisional_squad,https://en.wikipedia.org/wiki/2026_FIFA_World_Cup_squads,2026-05-31
Turkey,Mustafa Eskihellaç,DF,1997-05-05,29,3,0,Trabzonspor,provisional_squad,https://en.wikipedia.org/wiki/2026_FIFA_World_Cup_squads,2026-05-31
Turkey,Ahmetcan Kaplan,DF,2003-01-16,23,0,0,NEC,provisional_squad,https://en.wikipedia.org/wiki/2026_FIFA_World_Cup_squads,2026-05-31
Turkey,Hakan Çalhanoğlu,MF,1994-02-08,32,104,22,Inter Milan,provisional_squad,https://en.wikipedia.org/wiki/2026_FIFA_World_Cup_squads,2026-05-31
Turkey,Kaan Ayhan,MF,1994-11-10,31,72,5,Galatasaray,provisional_squad,https://en.wikipedia.org/wiki/2026_FIFA_World_Cup_squads,2026-05-31
Turkey,Orkun Kökçü,MF,2000-12-29,25,48,3,Beşiktaş,provisional_squad,https://en.wikipedia.org/wiki/2026_FIFA_World_Cup_squads,2026-05-31
Turkey,İsmail Yüksek,MF,1999-01-26,27,31,1,Fenerbahçe,provisional_squad,https://en.wikipedia.org/wiki/2026_FIFA_World_Cup_squads,2026-05-31
Turkey,Salih Özcan,MF,1998-01-11,28,28,1,Borussia Dortmund,provisional_squad,https://en.wikipedia.org/wiki/2026_FIFA_World_Cup_squads,2026-05-31
Turkey,Atakan Karazor,MF,1996-10-13,29,2,0,VfB Stuttgart,provisional_squad,https://en.wikipedia.org/wiki/2026_FIFA_World_Cup_squads,2026-05-31
Turkey,Demir Ege Tıknaz,MF,2004-08-17,21,1,0,Braga,provisional_squad,https://en.wikipedia.org/wiki/2026_FIFA_World_Cup_squads,2026-05-31
Turkey,Kerem Aktürkoğlu,FW,1998-10-21,27,51,15,Fenerbahçe,provisional_squad,https://en.wikipedia.org/wiki/2026_FIFA_World_Cup_squads,2026-05-31
Turkey,İrfan Can Kahveci,FW,1995-07-15,30,45,6,Kasımpaşa,provisional_squad,https://en.wikipedia.org/wiki/2026_FIFA_World_Cup_squads,2026-05-31
Turkey,Barış Alper Yılmaz,FW,2000-05-23,26,33,2,Galatasaray,provisional_squad,https://en.wikipedia.org/wiki/2026_FIFA_World_Cup_squads,2026-05-31
Turkey,Arda Güler,FW,2005-02-25,21,28,6,Real Madrid,provisional_squad,https://en.wikipedia.org/wiki/2026_FIFA_World_Cup_squads,2026-05-31
Turkey,Kenan Yıldız,FW,2005-05-04,21,28,5,Juventus,provisional_squad,https://en.wikipedia.org/wiki/2026_FIFA_World_Cup_squads,2026-05-31
Turkey,Yunus Akgün,FW,2000-07-07,25,17,3,Galatasaray,provisional_squad,https://en.wikipedia.org/wiki/2026_FIFA_World_Cup_squads,2026-05-31
Turkey,Oğuz Aydın,FW,2000-10-27,25,9,0,Fenerbahçe,provisional_squad,https://en.wikipedia.org/wiki/2026_FIFA_World_Cup_squads,2026-05-31
Turkey,Deniz Gül,FW,2004-07-02,21,6,1,Porto,provisional_squad,https://en.wikipedia.org/wiki/2026_FIFA_World_Cup_squads,2026-05-31
Turkey,Yusuf Sarı,FW,1998-11-20,27,6,1,İstanbul Başakşehir,provisional_squad,https://en.wikipedia.org/wiki/2026_FIFA_World_Cup_squads,2026-05-31
Turkey,Can Uzun,FW,2005-11-11,20,4,0,Eintracht Frankfurt,provisional_squad,https://en.wikipedia.org/wiki/2026_FIFA_World_Cup_squads,2026-05-31
Turkey,Aral Şimşir,FW,2002-06-19,23,0,0,Midtjylland,provisional_squad,https://en.wikipedia.org/wiki/2026_FIFA_World_Cup_squads,2026-05-31
United States,Matt Turner,GK,1994-06-24,31,53,0,New England Revolution,official_squad,https://en.wikipedia.org/wiki/2026_FIFA_World_Cup_squads,2026-05-31
United States,Sergiño Dest,DF,2000-11-03,25,37,2,PSV Eindhoven,official_squad,https://en.wikipedia.org/wiki/2026_FIFA_World_Cup_squads,2026-05-31
United States,Chris Richards,DF,2000-03-28,26,36,3,Crystal Palace,official_squad,https://en.wikipedia.org/wiki/2026_FIFA_World_Cup_squads,2026-05-31
United States,Tyler Adams,MF,1999-02-14,27,52,2,Bournemouth,official_squad,https://en.wikipedia.org/wiki/2026_FIFA_World_Cup_squads,2026-05-31
United States,Antonee Robinson,DF,1997-08-08,28,52,4,Fulham,official_squad,https://en.wikipedia.org/wiki/2026_FIFA_World_Cup_squads,2026-05-31
United States,Auston Trusty,DF,1998-08-12,27,6,0,Celtic,official_squad,https://en.wikipedia.org/wiki/2026_FIFA_World_Cup_squads,2026-05-31
United States,Giovanni Reyna,MF,2002-11-13,23,36,9,Borussia Mönchengladbach,official_squad,https://en.wikipedia.org/wiki/2026_FIFA_World_Cup_squads,2026-05-31
United States,Weston McKennie,MF,1998-08-28,27,64,12,Juventus,official_squad,https://en.wikipedia.org/wiki/2026_FIFA_World_Cup_squads,2026-05-31
United States,Ricardo Pepi,FW,2003-01-09,23,35,13,PSV Eindhoven,official_squad,https://en.wikipedia.org/wiki/2026_FIFA_World_Cup_squads,2026-05-31
United States,Christian Pulisic,FW,1998-09-18,27,84,32,Milan,official_squad,https://en.wikipedia.org/wiki/2026_FIFA_World_Cup_squads,2026-05-31
United States,Brenden Aaronson,FW,2000-10-22,25,57,9,Leeds United,official_squad,https://en.wikipedia.org/wiki/2026_FIFA_World_Cup_squads,2026-05-31
United States,Miles Robinson,DF,1997-03-14,29,38,3,FC Cincinnati,official_squad,https://en.wikipedia.org/wiki/2026_FIFA_World_Cup_squads,2026-05-31
United States,Tim Ream,DF,1987-10-05,38,80,1,Charlotte FC,official_squad,https://en.wikipedia.org/wiki/2026_FIFA_World_Cup_squads,2026-05-31
United States,Sebastian Berhalter,MF,2001-05-10,25,11,1,Vancouver Whitecaps FC,official_squad,https://en.wikipedia.org/wiki/2026_FIFA_World_Cup_squads,2026-05-31
United States,Cristian Roldan,MF,1995-06-03,31,45,0,Seattle Sounders FC,official_squad,https://en.wikipedia.org/wiki/2026_FIFA_World_Cup_squads,2026-05-31
United States,Alex Freeman,DF,2004-08-09,21,15,2,Villarreal,official_squad,https://en.wikipedia.org/wiki/2026_FIFA_World_Cup_squads,2026-05-31
United States,Malik Tillman,MF,2002-05-28,24,28,3,Bayer Leverkusen,official_squad,https://en.wikipedia.org/wiki/2026_FIFA_World_Cup_squads,2026-05-31
United States,Maximilian Arfsten,DF,2001-04-19,25,18,1,Columbus Crew,official_squad,https://en.wikipedia.org/wiki/2026_FIFA_World_Cup_squads,2026-05-31
United States,Haji Wright,FW,1998-03-27,28,20,7,Coventry City,official_squad,https://en.wikipedia.org/wiki/2026_FIFA_World_Cup_squads,2026-05-31
United States,Folarin Balogun,FW,2001-07-03,24,25,8,Monaco,official_squad,https://en.wikipedia.org/wiki/2026_FIFA_World_Cup_squads,2026-05-31
United States,Timothy Weah,FW,2000-02-22,26,49,7,Marseille,official_squad,https://en.wikipedia.org/wiki/2026_FIFA_World_Cup_squads,2026-05-31
United States,Mark McKenzie,DF,1999-02-25,27,27,0,Toulouse,official_squad,https://en.wikipedia.org/wiki/2026_FIFA_World_Cup_squads,2026-05-31
United States,Joe Scally,DF,2002-12-31,23,24,0,Borussia Mönchengladbach,official_squad,https://en.wikipedia.org/wiki/2026_FIFA_World_Cup_squads,2026-05-31
United States,Matt Freese,GK,1998-09-02,27,14,0,New York City FC,official_squad,https://en.wikipedia.org/wiki/2026_FIFA_World_Cup_squads,2026-05-31
United States,Chris Brady,GK,2004-03-03,22,0,0,Chicago Fire FC,official_squad,https://en.wikipedia.org/wiki/2026_FIFA_World_Cup_squads,2026-05-31
United States,Alejandro Zendejas,FW,1998-02-07,28,13,2,América,official_squad,https://en.wikipedia.org/wiki/2026_FIFA_World_Cup_squads,2026-05-31
Uruguay,Fernando Muslera,GK,1986-06-16,39,134,0,Estudiantes,official_squad,https://en.wikipedia.org/wiki/2026_FIFA_World_Cup_squads,2026-05-31
Uruguay,Sergio Rochet,GK,1993-03-23,33,35,0,Internacional,official_squad,https://en.wikipedia.org/wiki/2026_FIFA_World_Cup_squads,2026-05-31
Uruguay,Santiago Mele,GK,1997-09-06,28,8,0,Monterrey,official_squad,https://en.wikipedia.org/wiki/2026_FIFA_World_Cup_squads,2026-05-31
Uruguay,José María Giménez,DF,1995-01-20,31,99,8,Atlético Madrid,official_squad,https://en.wikipedia.org/wiki/2026_FIFA_World_Cup_squads,2026-05-31
Uruguay,Matías Viña,DF,1997-11-09,28,43,1,River Plate,official_squad,https://en.wikipedia.org/wiki/2026_FIFA_World_Cup_squads,2026-05-31
Uruguay,Mathías Olivera,DF,1997-10-31,28,35,2,Napoli,official_squad,https://en.wikipedia.org/wiki/2026_FIFA_World_Cup_squads,2026-05-31
Uruguay,Guillermo Varela,DF,1993-03-24,33,28,0,Flamengo,official_squad,https://en.wikipedia.org/wiki/2026_FIFA_World_Cup_squads,2026-05-31
Uruguay,Ronald Araújo,DF,1999-03-07,27,27,1,Barcelona,official_squad,https://en.wikipedia.org/wiki/2026_FIFA_World_Cup_squads,2026-05-31
Uruguay,Sebastián Cáceres,DF,1999-08-18,26,24,0,América,official_squad,https://en.wikipedia.org/wiki/2026_FIFA_World_Cup_squads,2026-05-31
Uruguay,Joaquín Piquerez,DF,1998-08-24,27,19,0,Palmeiras,official_squad,https://en.wikipedia.org/wiki/2026_FIFA_World_Cup_squads,2026-05-31
Uruguay,Santiago Bueno,DF,1998-11-09,27,8,0,Wolverhampton Wanderers,official_squad,https://en.wikipedia.org/wiki/2026_FIFA_World_Cup_squads,2026-05-31
Uruguay,Rodrigo Bentancur,MF,1997-06-25,28,74,3,Tottenham Hotspur,official_squad,https://en.wikipedia.org/wiki/2026_FIFA_World_Cup_squads,2026-05-31
Uruguay,Federico Valverde,MF,1998-07-22,27,73,9,Real Madrid,official_squad,https://en.wikipedia.org/wiki/2026_FIFA_World_Cup_squads,2026-05-31
Uruguay,Giorgian de Arrascaeta,MF,1994-06-01,32,60,13,Flamengo,official_squad,https://en.wikipedia.org/wiki/2026_FIFA_World_Cup_squads,2026-05-31
Uruguay,Facundo Pellistri,MF,2001-12-20,24,39,2,Panathinaikos,official_squad,https://en.wikipedia.org/wiki/2026_FIFA_World_Cup_squads,2026-05-31
Uruguay,Manuel Ugarte,MF,2001-04-11,25,36,1,Manchester United,official_squad,https://en.wikipedia.org/wiki/2026_FIFA_World_Cup_squads,2026-05-31
Uruguay,Nicolás de la Cruz,MF,1997-06-01,29,34,5,Flamengo,official_squad,https://en.wikipedia.org/wiki/2026_FIFA_World_Cup_squads,2026-05-31
Uruguay,Brian Rodríguez,MF,2000-05-20,26,32,4,América,official_squad,https://en.wikipedia.org/wiki/2026_FIFA_World_Cup_squads,2026-05-31
Uruguay,Maximiliano Araújo,MF,2000-02-15,26,28,3,Sporting CP,official_squad,https://en.wikipedia.org/wiki/2026_FIFA_World_Cup_squads,2026-05-31
Uruguay,Agustín Canobbio,MF,1998-10-01,27,15,1,Fluminense,official_squad,https://en.wikipedia.org/wiki/2026_FIFA_World_Cup_squads,2026-05-31
Uruguay,Emiliano Martínez,MF,1999-08-17,26,10,0,Palmeiras,official_squad,https://en.wikipedia.org/wiki/2026_FIFA_World_Cup_squads,2026-05-31
Uruguay,Rodrigo Zalazar,MF,1999-08-12,26,8,2,Braga,official_squad,https://en.wikipedia.org/wiki/2026_FIFA_World_Cup_squads,2026-05-31
Uruguay,Juan Manuel Sanabria,MF,2000-03-29,26,5,1,Real Salt Lake,official_squad,https://en.wikipedia.org/wiki/2026_FIFA_World_Cup_squads,2026-05-31
Uruguay,Darwin Núñez,FW,1999-06-24,26,38,13,Al-Hilal,official_squad,https://en.wikipedia.org/wiki/2026_FIFA_World_Cup_squads,2026-05-31
Uruguay,Federico Viñas,FW,1998-06-30,27,11,2,Oviedo,official_squad,https://en.wikipedia.org/wiki/2026_FIFA_World_Cup_squads,2026-05-31
Uruguay,Rodrigo Aguirre,FW,1994-10-01,31,10,3,UANL,official_squad,https://en.wikipedia.org/wiki/2026_FIFA_World_Cup_squads,2026-05-31
Uzbekistan,Utkir Yusupov,GK,1991-01-04,35,39,0,Navbahor,provisional_squad,https://en.wikipedia.org/wiki/2026_FIFA_World_Cup_squads,2026-05-31
Uzbekistan,Abduvohid Nematov,GK,2001-03-20,25,7,0,Nasaf,provisional_squad,https://en.wikipedia.org/wiki/2026_FIFA_World_Cup_squads,2026-05-31
Uzbekistan,Botirali Ergashev,GK,1995-06-23,30,2,0,Neftchi,provisional_squad,https://en.wikipedia.org/wiki/2026_FIFA_World_Cup_squads,2026-05-31
Uzbekistan,Rustam Ashurmatov,DF,1996-07-07,29,47,1,Esteghlal,provisional_squad,https://en.wikipedia.org/wiki/2026_FIFA_World_Cup_squads,2026-05-31
Uzbekistan,Farrukh Sayfiev,DF,1991-01-17,35,44,1,Neftchi,provisional_squad,https://en.wikipedia.org/wiki/2026_FIFA_World_Cup_squads,2026-05-31
Uzbekistan,Khojiakbar Alijonov,DF,1997-04-19,29,40,2,Pakhtakor,provisional_squad,https://en.wikipedia.org/wiki/2026_FIFA_World_Cup_squads,2026-05-31
Uzbekistan,Sherzod Nasrullaev,DF,1998-07-23,27,29,2,Nasaf,provisional_squad,https://en.wikipedia.org/wiki/2026_FIFA_World_Cup_squads,2026-05-31
Uzbekistan,Umar Eshmurodov,DF,1992-11-30,33,29,0,Nasaf,provisional_squad,https://en.wikipedia.org/wiki/2026_FIFA_World_Cup_squads,2026-05-31
Uzbekistan,Abdukodir Khusanov,DF,2004-02-29,22,25,0,Manchester City,provisional_squad,https://en.wikipedia.org/wiki/2026_FIFA_World_Cup_squads,2026-05-31
Uzbekistan,Abdulla Abdullaev,DF,1997-09-01,28,16,0,Dibba,provisional_squad,https://en.wikipedia.org/wiki/2026_FIFA_World_Cup_squads,2026-05-31
Uzbekistan,Bekhruz Karimov,DF,2007-08-07,18,2,0,Surkhon,provisional_squad,https://en.wikipedia.org/wiki/2026_FIFA_World_Cup_squads,2026-05-31
Uzbekistan,Jakhongir Urozov,DF,2004-01-18,22,2,0,Dinamo Samarqand,provisional_squad,https://en.wikipedia.org/wiki/2026_FIFA_World_Cup_squads,2026-05-31
Uzbekistan,Avazbek Ulmasaliev,DF,2000-03-27,26,0,0,AGMK,provisional_squad,https://en.wikipedia.org/wiki/2026_FIFA_World_Cup_squads,2026-05-31
Uzbekistan,Otabek Shukurov,MF,1996-06-22,29,82,9,Baniyas,provisional_squad,https://en.wikipedia.org/wiki/2026_FIFA_World_Cup_squads,2026-05-31
Uzbekistan,Odiljon Hamrobekov,MF,1996-02-13,30,71,1,Tractor,provisional_squad,https://en.wikipedia.org/wiki/2026_FIFA_World_Cup_squads,2026-05-31
Uzbekistan,Jamshid Iskanderov,MF,1993-10-16,32,37,4,Neftchi,provisional_squad,https://en.wikipedia.org/wiki/2026_FIFA_World_Cup_squads,2026-05-31
Uzbekistan,Akmal Mozgovoy,MF,1999-04-02,27,23,1,Pakhtakor,provisional_squad,https://en.wikipedia.org/wiki/2026_FIFA_World_Cup_squads,2026-05-31
Uzbekistan,Azizjon Ganiev,MF,1998-02-22,28,18,0,Al Bataeh,provisional_squad,https://en.wikipedia.org/wiki/2026_FIFA_World_Cup_squads,2026-05-31
Uzbekistan,Jasurbek Jaloliddinov,MF,2002-05-15,24,1,0,Sogdiana,provisional_squad,https://en.wikipedia.org/wiki/2026_FIFA_World_Cup_squads,2026-05-31
Uzbekistan,Umarali Rakhmonaliev,MF,2003-08-18,22,1,0,Sabah,provisional_squad,https://en.wikipedia.org/wiki/2026_FIFA_World_Cup_squads,2026-05-31
Uzbekistan,Sherzod Esanov,MF,2003-02-01,23,0,0,Buxoro,provisional_squad,https://en.wikipedia.org/wiki/2026_FIFA_World_Cup_squads,2026-05-31
Uzbekistan,Eldor Shomurodov,FW,1995-06-29,30,90,44,İstanbul Başakşehir,provisional_squad,https://en.wikipedia.org/wiki/2026_FIFA_World_Cup_squads,2026-05-31
Uzbekistan,Igor Sergeev,FW,1993-04-30,33,81,24,Persepolis,provisional_squad,https://en.wikipedia.org/wiki/2026_FIFA_World_Cup_squads,2026-05-31
Uzbekistan,Jaloliddin Masharipov,FW,1993-09-01,32,74,12,Esteghlal,provisional_squad,https://en.wikipedia.org/wiki/2026_FIFA_World_Cup_squads,2026-05-31
Uzbekistan,Oston Urunov,FW,2000-12-19,25,40,10,Persepolis,provisional_squad,https://en.wikipedia.org/wiki/2026_FIFA_World_Cup_squads,2026-05-31
Uzbekistan,Dostonbek Khamdamov,FW,1996-07-24,29,33,5,Pakhtakor,provisional_squad,https://en.wikipedia.org/wiki/2026_FIFA_World_Cup_squads,2026-05-31
Uzbekistan,Abbosbek Fayzullaev,FW,2003-10-03,22,30,8,İstanbul Başakşehir,provisional_squad,https://en.wikipedia.org/wiki/2026_FIFA_World_Cup_squads,2026-05-31
Uzbekistan,Azizbek Amonov,FW,1997-10-30,28,11,2,Buxoro,provisional_squad,https://en.wikipedia.org/wiki/2026_FIFA_World_Cup_squads,2026-05-31
Uzbekistan,Ruslanbek Jiyanov,FW,2001-06-05,25,5,0,Navbahor,provisional_squad,https://en.wikipedia.org/wiki/2026_FIFA_World_Cup_squads,2026-05-31
Uzbekistan,Sherzod Temirov,FW,1998-10-27,27,2,0,Erbil,provisional_squad,https://en.wikipedia.org/wiki/2026_FIFA_World_Cup_squads,2026-05-31
